dataset,split,id,representative,primary,group_sha256
arc,fit,Mercury_7181965,Mercury_7181965,True,9dd7069ab7175141483ef405a52cd848f8d8a370b7d18134f5b7ef7a16d5bd1e
arc,fit,Mercury_7009923,Mercury_7009923,True,42289aa7cb3e7e16adb1a70aa179af30e6c674d866fd86ec26fa1dc1bfcded1f
arc,fit,Mercury_7230195,Mercury_7230195,True,d186cfa3bae934fa19372b2bb305768d3b199c2ac6e302e5fcae3e547ae6e9a1
arc,fit,NYSEDREGENTS_2016_4_13,NYSEDREGENTS_2016_4_13,True,2c16fed089064ea482008fe0afcffbd2b0bf0eae85799143b865779b044e7e8c
arc,fit,Mercury_7133368,Mercury_7133368,True,dd7cdc183d598fe604724ed905650f8e2cd77808fe56b424e8a2134458bdec62
arc,fit,Mercury_7228288,Mercury_7228288,True,2b648e2c66170bf67aee5efbc1b16f142c5fd37f2dd8dc3943b684082137c5c0
arc,fit,Mercury_184293,Mercury_184293,True,2350574690f7daf86a1d4bdf29659c95fa2fca6d6291d3501748ca574e729657
arc,fit,Mercury_SC_407691,Mercury_SC_407691,True,7a0d5e1fce2848aadd3a8d31cc316c6d1c951324352182f91fe0993186b07bc9
arc,fit,Mercury_7221743,Mercury_7221743,True,37bdcf768b4475907e99b13b841123971c00fd26c72d96c29c8740d581871c3c
arc,fit,Mercury_7043995,Mercury_7043995,True,d2ad961cc5d158a01529b3a3752122519544d2d56fa5cac1806c4408ca63d4e2
arc,fit,MCAS_2004_8_36,MCAS_2004_8_36,True,f676c06f52297c1880f449acc69b31c4083124108c7354409ecab15f455b8c47
arc,fit,TIMSS_1995_8_I17,TIMSS_1995_8_I17,True,40b72ceafeaa5ca5f530adf12edd3cc47e5d70d9e6642afa72e70544bc64e812
arc,fit,TIMSS_2003_8_pg27,TIMSS_2003_8_pg27,True,3abbce442feb7df41e7b0bb8324e177ac8619e9d88daeafcc51689cb00c314e7
arc,fit,Mercury_7230300,Mercury_7230300,True,7b9011d50955616ca4a80eab075cb17c2e0de12e0ff17d858597c82e5c98ac46
arc,fit,Mercury_402062,Mercury_402062,True,72e99cb479664ccf16440004155c632fe5fa7e148f9b07322106e0262197bd26
arc,fit,Mercury_7234430,Mercury_7234430,True,5d0e5d8bec5d64aa02431d001143de94293e2043061359279f49859e5db01e6d
arc,fit,Mercury_7011358,Mercury_7011358,True,163056f43ea63dc548fd17239707a079b3e9d108ef353694ecffb6fe000c4572
arc,fit,Mercury_7120698,Mercury_7120698,True,52f1a010b6e765baee9ba5e4cba3cc22c50dc5754a983eff1365553ce60fbae3
arc,fit,Mercury_7216598,Mercury_7216598,True,510c72c268a96551b37d99740bc8047c1dd3b05cc1da968f0b0da9ddd7ab5c1d
arc,fit,MCAS_1999_8_6,MCAS_1999_8_6,True,27138396c67c24ff9331f3af17312a43336c0e1121335480a8f51a3130c30d20
arc,fit,MEA_2016_5_1,MEA_2016_5_1,True,ef2f1b35ff2257ba4d47db76e308978a541a84bb92b1776340283b5710d34b0f
arc,fit,Mercury_405142,Mercury_405142,True,d32aa310e7d95aa9f4589c5739eb51045ed3ad88b0299be70f4c71bb2eb9eeaf
arc,fit,MEA_2014_8_15,MEA_2014_8_15,True,3c87842f128960e3d57ebea03dc1513478d1961deba7e609e78f856219a53451
arc,fit,Mercury_7247975,Mercury_7247975,True,657c2c995d432c7a53017b1371760c9288eae710a23458f04ef476776ce04fd8
arc,fit,Mercury_7174195,Mercury_7174195,True,61bf85214b90f77f57fc0b6bfaf753dd79fb138c1560bb7217a88a855abe46d7
arc,fit,Mercury_SC_401133,Mercury_SC_401133,True,6d666da493a2ea1db4596d38b5467dcd08e0043def1c213b35dc7cfdb7e02898
arc,fit,MSA_2013_8_5,MSA_2013_8_5,True,3160693ee3f451dd93fd67fba4396792231f170cc72eddd11e9f396fdfa1750b
arc,fit,Mercury_7283588,Mercury_7283588,True,94778c051abb83d1a07b462691e5918ad6a825787d5ba1517c08750c4ce59210
arc,fit,Mercury_7188073,Mercury_7188073,True,126ca980260f978725c8b50251e057ca8bd6e50b1a8bb9eaede54cf92a777cc2
arc,fit,ACTAAP_2008_7_10,ACTAAP_2008_7_10,True,77767a5ab4b91588a44686d871990c1ff44dfd5e32243a1f82261515eeffb064
arc,fit,VASoL_2007_5_28,VASoL_2007_5_28,True,ffac4f7b38c000f3deeb3edcfb4d60b01916c3c7911d86136c41504446206b69
arc,fit,ACTAAP_2009_7_4,ACTAAP_2009_7_4,True,6451048df42cafd0b427134b7eff2feca3d0d7e490c15b6fceb410ff8477ed0f
arc,fit,Mercury_SC_412487,Mercury_SC_412487,True,2ae7b52e0100bc101974e65910bc2dc3fe696c2e520ad16b393d5f4e592074f8
arc,fit,Mercury_SC_407137,Mercury_SC_407137,True,27f9bad7a251c1f75e4126b03eb34b9b09b321a356b28a58713b9064b337cb2b
arc,fit,Mercury_405061,Mercury_405061,True,75d357e817d4ceea427aa08a66381a3c39d4f1970f816e6fdc003881318136a8
arc,fit,Mercury_SC_412698,Mercury_SC_412698,True,ce349cc7620c527b686b217d2fe360187716188573eefcd1f833c1b6366c5ac2
arc,fit,NCEOGA2013_8_50,NCEOGA2013_8_50,True,31ce273a06b8dc9fd8a0d432640e1022f3c669158df5cabfc5f47050a5e022d7
arc,fit,Mercury_186218,Mercury_186218,True,e5d95e27bdce9aa0f33dd88e6e49fe53833bf8b172631d01298de83647de28b4
arc,fit,Mercury_7248010,Mercury_7248010,True,8a014701774ae6ead23d4006a25776b4354be47fe1d28f7207390163b74ee6d5
arc,fit,Mercury_7044048,Mercury_7044048,True,57af4d5f1793ab275c5affff1f77be7df7cc9e095fecc3f40d8f94d9f6a5598d
arc,fit,Mercury_7268293,Mercury_7268293,True,89da2d6c41235033370b1b57d369e1ce4a66ed446bd1e1b9703a958aa9c4ba81
arc,fit,Mercury_7164430,Mercury_7164430,True,970c5c37a1765a402d8cf584c8cd6de46baa55cf9d57909bfa0baafadf447c19
arc,fit,Mercury_7100398,Mercury_7100398,True,d73ff56f955f5cefc789678997268687634abf3cd78ead6044256f025183c3dc
arc,fit,Mercury_405773,Mercury_405773,True,073f07f6864d1cf2781372c480c84b124a533a5ee3e6830db1f821c12eb71edf
arc,fit,Mercury_7188720,Mercury_7188720,True,d7d358d74c561d6476a00cece124efec8be5e776d0024792319fa01b6b77a22c
arc,fit,Mercury_7168665,Mercury_7168665,True,9bd5d26174b277850729a27575737e8ae21de9669650b9742949e38fe840f7e5
arc,fit,Mercury_400025,Mercury_400025,True,4aab82b5575c12dd62d13dbca47e03e0d3643cbed6bdf21573069b9ac48eada1
arc,fit,ACTAAP_2013_7_6,ACTAAP_2013_7_6,True,4e1717c25879947ab9076cc0bc7af8d56c029fb3cc3a804cc89f87bbe2e8fa02
arc,fit,Mercury_7033810,Mercury_7033810,True,9a41a8125c380e472ebb376e4d657bc98c0507ec48bfe46e8a1cd2a517c0bed6
arc,fit,Mercury_401376,Mercury_401376,True,937713d157343bed66d7cc1d72c9b337dffe28cfc330a1c839e35a34f5566566
arc,fit,Mercury_412647,Mercury_412647,True,77b07538e2f449092720ee7ba7a5cc1fdaf82c4f52033c35c93fbf9be6fb2992
arc,fit,Mercury_402398,Mercury_402398,True,8c53c632faa716f0fe05900be1ae91b7d82642190a5d1d9fba91fab622b064ad
arc,fit,Mercury_SC_406987,Mercury_SC_406987,True,4ea87695819530b92ac8b46734a3ef1a285680513ac714e5ad9ca792112dc811
arc,fit,Mercury_7233573,Mercury_7233573,True,64b2774394313e16ea2cb1d1dbf11aecf30c12aaa93600fa06cdc24c377a7b92
arc,fit,NAEP_2005_4_S12+12,NAEP_2005_4_S12+12,True,2223b69afe0e4eb8708209da980d57cfedbb0bfb1d9874ee76fa013a16cf7f14
arc,fit,Mercury_416647,Mercury_416647,True,fe1a007bc98921c1a2fed70f49d0925707985f1df2ad2785dc9ca935fc4a2f70
arc,fit,Mercury_7090685,Mercury_7090685,True,d9523629f8124d18852a5a45306d9856f1759fbe7989b1b884dccea325af6629
arc,fit,Mercury_7056613,Mercury_7056613,True,3605204c4ed7484880434e1c03b453d6ee9b1b1d8f161297b4d91533f6b7b502
arc,fit,Mercury_7211103,Mercury_7211103,True,5788544fb4d6d84dd71922e3b3d7bc2d14d0ae284d53d2dd82f7fd997ef5666a
arc,fit,NCEOGA_2013_5_38,NCEOGA_2013_5_38,True,257d9f5cdeba4cea6f998410c2512849a92c143f83d9155f645aefaa45cb5fbb
arc,fit,Mercury_7142730,Mercury_7142730,True,12ae0cb11307b1ebdfcab76d3a14a17aa3fd9401612133a5d0cbd1d0d17e59db
arc,fit,NYSEDREGENTS_2011_4_24,NYSEDREGENTS_2011_4_24,True,f82fa45a7a273b8fcf2d5056eeee11722c90362969daf30a3155b6e9f8ec52dd
arc,fit,MCAS_1998_4_9,MCAS_1998_4_9,True,97a14c5bb4f77867f89837075423e50aad88f59e3a9d86354493119e9e6aeb2d
arc,fit,Mercury_7267680,Mercury_7267680,True,5e592a375b57daf6dcba81375e0ac4983e833b71b4a63e22d41c73e97c8c918d
arc,fit,Mercury_7161210,Mercury_7161210,True,02928a9ac87679925000a7650346ffbe0ad8c3530e91b036ede0ed4d8ba290d8
arc,fit,Mercury_SC_402240,Mercury_SC_402240,True,9f48ed8572a9830e883172eb261043aa580d84de3463a0a90a2c241e77451a0d
arc,fit,Mercury_7038010,Mercury_7038010,True,7883655e9f4e31a47bad447c012d702e2d4f3c4c963272830b1ec70182a3dc76
arc,fit,MCAS_1998_8_25,MCAS_1998_8_25,True,d405b105e92fb460449e5d61ad06a358e9b62c6d90e7ae354a1d2f1b1b51de36
arc,fit,MEA_2014_5_14,MEA_2014_5_14,True,af1d3c480b7d30a4c114a3bd74a165959d676df64c61dd39bd903625685a7a6d
arc,fit,Mercury_400940,Mercury_400940,True,fa8603287030a29a0514afb55423eba8854302b0fcc632ab5ddd476a2036b258
arc,fit,Mercury_7006808,Mercury_7006808,True,b33f3a8c23b2ddee5ad4e4ebb0f77e7c1b322f34e938b3c6db63db8e791a7acf
arc,fit,Mercury_7084210,Mercury_7084210,True,bbc623dd368bcb6b33404aa648f6b40e5d607426aaf5296952a41c1fa0998ba8
arc,fit,Mercury_7027055,Mercury_7027055,True,b0dd9278b3817bbe99b299a93f2c47c0e77c6123a074686ff38f6b3b1c79426b
arc,fit,Mercury_7075005,Mercury_7075005,True,14861cf8a0c7b14b60ffcf4a1cb84566a685380a631876c8220c2c0009d3ae77
arc,fit,NYSEDREGENTS_2004_8_3,NYSEDREGENTS_2004_8_3,True,1860e6a1c5c36d80284bd2941e693dc072fb3eb28f7663d0dac92921186619f3
arc,fit,Mercury_175858,Mercury_175858,True,70e7afc3697dfc98d4f0d11c11377a336ec1fcd3d9f95b0b13e42f1a32f89218
arc,fit,Mercury_7006178,Mercury_7006178,True,f99b4835c03dec113d34d7f1d87c43fdfa13eae44d9424fd4b24f96ecf34e1c1
arc,fit,Mercury_7145495,Mercury_7145495,True,89e0c9d1871cb4796c97ca1bfba803631770bb797a8aead453ad2b8bbf0fb8d0
arc,fit,Mercury_SC_400064,Mercury_SC_400064,True,0f78a72ad06df0a2b5275012d6bfc6dcaee2ee8870a2ec27b6124849832674ce
arc,fit,Mercury_7111248,Mercury_7111248,True,d2997de3f4ae409d4ea46b59b8338a9bab1ab3a731eb3ed6778c557c12d47c7b
arc,fit,LEAP_2011_4_10298,LEAP_2011_4_10298,True,af4bc7ef0cee7910d6edc3c3b3aa22042a703f3b14d1a75a3d5153fca88e6452
arc,fit,Mercury_7217018,Mercury_7217018,True,285495e5eb996d6fc3e1baa4c1c5ae5914560c1829eb3225466f51f8e9d077a6
arc,fit,ACTAAP_2013_5_7,ACTAAP_2013_5_7,True,d9070669acee5943b0215ecbbd5c9f9b34e9a3651d1021dab5bafa2fa76a425b
arc,fit,Mercury_SC_414080,Mercury_SC_414080,True,276024b6a91e78546aed5a7ac8a7ddf945321771a9d2bc08a0bbfb8e9ceb5b82
arc,fit,Mercury_SC_405862,Mercury_SC_405862,True,a7cded8cec8226912b6e452967a02cb33809e18be7e3334b234674baece67210
arc,fit,Mercury_7228550,Mercury_7228550,True,b78128c64f410cb1349eb80c758fcd0fb6e36b9765152c59ab5ce0e33763b59c
arc,fit,NCEOGA_2013_8_47,NCEOGA_2013_8_47,True,c51ee19d565347aa04beafc6a96020f6d3ea8789b9bc01855c3c290a5c9a7f99
arc,fit,Mercury_SC_401369,Mercury_SC_401369,True,93c0ae661e4c502634f18f599a8355af84be4ab4d1a002e2c1165bf240a9fdaa
arc,fit,Mercury_7008838,Mercury_7008838,True,120dae542e54ae571018e74c85af54a2be09d2d62cb1086ad2de033fc995bf4c
arc,fit,Mercury_7217105,Mercury_7217105,True,c61e3551670ae432bdbce85ba30ef98933d82671a436762bdc6bb90e6bc3f0ad
arc,fit,MCAS_2006_9_21,MCAS_2006_9_21,True,b4509bbb540509d3e8b08594e9cc4d77af49dadb8e1a86431fabf7306362bcc1
arc,fit,Mercury_7120785,Mercury_7120785,True,d9c5df9b7aca55d367872ae9a205d5727e4ca15d09e7d78ad6be21463b8ce36e
arc,fit,ACTAAP_2012_7_13,ACTAAP_2012_7_13,True,3afaf10a5fd9580f6bd7403b6869c51dc12982e638224fc8b9e91aa94d3d14f4
arc,fit,Mercury_SC_409578,Mercury_SC_409578,True,53f56e4b790aa40154f97188fbdb10590d7f797c28d84469c997fc9892b0ad56
arc,fit,NYSEDREGENTS_2009_4_20,NYSEDREGENTS_2009_4_20,True,7542b966497c3320b2683badaf9b72262725772b0ea9c88fd6c97291b594d4dd
arc,fit,Mercury_7081095,Mercury_7081095,True,8ecc773ae680d4e9d583cd9b7dee76a6b4cc387fe111e4b4a38a25b9de31e7c5
arc,fit,VASoL_2007_5_37,VASoL_2007_5_37,True,56efb7dcebbb15a62592a81773f55900a88ae39275a5cba91c430e5c250c1dc2
arc,fit,MSA_2013_5_44,MSA_2013_5_44,True,104a1e6dc2277364aca613fce14e0be92c7560dd3d61f626974eba6c7e4dbdda
arc,fit,Mercury_7245070,Mercury_7245070,True,4a3e918f832894e6e0b76e32bb3177870615f7ccd9ed513118d8a9171dfd0010
arc,fit,MCAS_2002_8_15,MCAS_2002_8_15,True,6dfcd3fedd2b62c55a25e68a2c7340cc6a927876e68a2465bd69b00958ea41ea
arc,fit,VASoL_2008_3_8,VASoL_2008_3_8,True,a3d0f3768c25ecd3777c098dc69d93ab5faf09377dafe6074b2e9fa1adf7ccc7
arc,fit,NYSEDREGENTS_2009_8_7,NYSEDREGENTS_2009_8_7,True,844281ae5cf588f73766eca1308bd341c2a5d35a977dbbbb5e0e054a86829616
arc,fit,Mercury_SC_407431,Mercury_SC_407431,True,3baedda39289c60a477887b650d0a487d85bb6cb29bbbc133027f3858b9c2628
arc,fit,Mercury_7083545,Mercury_7083545,True,6fa2ba9ceee30fa885877fe3df9d07f13bd74b58946844e26b3d5ad62a3413cc
arc,fit,Mercury_SC_LBS10615,Mercury_SC_LBS10615,True,08c6432595db8e10ce49881d88927cdcf3cb5154bf513850bcc2389f4150cb59
arc,fit,Mercury_182018,Mercury_182018,True,28d44e7b379634eea27a8a0eecc4b23562a082db33a44d081e93290bae200869
arc,fit,Mercury_7269168,Mercury_7269168,True,0d4822a8ec7c1c2ae0242137a7383a065662c015f3cd9d2e78604d3cf49ad6fa
arc,fit,Mercury_400761,Mercury_400761,True,e794ebde8fb6cff386524566b811b49aedac4d6d51cb06c6129f5832af674bbc
arc,fit,Mercury_SC_401220,Mercury_SC_401220,True,081e130abd8e7a771546a40a0bced43c5847343648e6674ed6b8301e5ef360d4
arc,fit,Mercury_185255,Mercury_185255,True,e2b0ca28b35043c578800c2e692913a8fd0580850e7bb4c0fed00bfcfe725ab5
arc,fit,Mercury_7115360,Mercury_7115360,True,35041b5c0e956127d913b9703e83dc7c2806fe26ad5748ac84d2ce35dd8fe0a7
arc,fit,Mercury_192745,Mercury_192745,True,ee2b4e5b9186dfa8082cbf3054f7073ec8681aed7ddc9f94533fa583502937fc
arc,fit,Mercury_7168630,Mercury_7168630,True,e8974c8d74923553b0fced5e4a73779eb788e4277bae19929039eb770256c23e
arc,fit,MCAS_2006_9_22-v1,MCAS_2006_9_22-v1,True,815bf691daa7a68b2fdf1fdbee53b2c5cab08b49300d4215a33311003b551027
arc,fit,Mercury_7038868,Mercury_7038868,True,bf2354e134b9a79aa22fd6a1b97dc3d0ac3a95cf8e49307dcb195de1f8b6e7d9
arc,fit,ACTAAP_2012_7_10,ACTAAP_2012_7_10,True,5968d9547b1dea81bfd0e34ac1a355608e6b3f9bc990c4a7ddf6f0fc7e58551b
arc,fit,MDSA_2007_8_53,MDSA_2007_8_53,True,71ba642a3aa17929a6ad426f0622423abaa545f5af3bdcf261a237460ab5e094
arc,fit,Mercury_SC_400519,Mercury_SC_400519,True,a37cd0072902916beefcb4ae403cc2c8606ff39d93318d6e50a79b0b557fec48
arc,fit,MCAS_2006_9_8,MCAS_2006_9_8,True,847685155d7d5fb67da6182b4c0e76d8403d92ef78dbeee18f7631529d583991
arc,fit,Mercury_SC_415706,Mercury_SC_415706,True,c511e8f20f827e407c220d686f231f3de44ea0fba6db32b4b84deb30be3d6fd4
arc,fit,Mercury_7282555,Mercury_7282555,True,ec377211aa30d00ce17fa8ee7b6859494d0ee37869201778cee2cb19826b5368
arc,fit,Mercury_7162925,Mercury_7162925,True,b7d3e6f5bd518107b8d0adf09be1c4c89754b628dfd800be0a5a45a6c39250d8
arc,fit,Mercury_SC_415542,Mercury_SC_415542,True,58fe13ea852643474ef90b3571ba75ded3962c2fc106896dcfda881771bffa3d
arc,fit,LEAP_2009_4_10293,LEAP_2009_4_10293,True,8a857a6e22f8d425a5a4f84c92baf3f163cdfd4f91ad94399149cb1a1fd5bd03
arc,fit,AKDE&ED_2008_8_9,AKDE&ED_2008_8_9,True,4fb21b6dec8209f5eb18f106425669332fbbc81ac722d74dbc717709c99f817a
arc,fit,Mercury_7212468,Mercury_7212468,True,355bc8cb0edcf90351115b3f6155ef2de6f9609d0a4878979a2fda846383b1e3
arc,fit,Mercury_7206535,Mercury_7206535,True,50366a9c1e92bda6b80b561a480d6034f8419d62f6f58f7a16722628b3954ff7
arc,fit,MSA_2013_8_4,MSA_2013_8_4,True,e3df5fc6b17a02c16dc8867ee49c85a6e55c3a34c916d6da84130c519d6c9b38
arc,fit,Mercury_7159530,Mercury_7159530,True,76598a838bb52d5240e3bbb6a9aeb9831ef742fa55779f635136dce18200ebcd
arc,fit,Mercury_7223283,Mercury_7223283,True,38f07cf6ba11c2af8ce7ccb97ce0f88060db6c5a0cb78abc91d90fad9b2b3c1a
arc,fit,Mercury_7252735,Mercury_7252735,True,4d14d887fcbc85fc837c6e4e3d9e9eea787965e2cc28ef4409d903c82672ba49
arc,fit,Mercury_SC_413078,Mercury_SC_413078,True,c585b466acd594623f361331b8d14642e932367fa87de68f08e342271b5be987
arc,fit,TIMSS_1995_8_P7,TIMSS_1995_8_P7,True,68de66c93371bc60862bb63355bae412b5d7e01fa9c17feb0c1ef69c0460406e
arc,fit,MDSA_2007_8_19,MDSA_2007_8_19,True,6088963e0a43d191c6493e572101caa7d3725531682222f41e959c9d9f2669e3
arc,fit,Mercury_7175683,Mercury_7175683,True,618499a8c5a5d87fbf00e2be092085361377f8f7c864ec6eb896256c073fe31d
arc,fit,Mercury_7268188,Mercury_7268188,True,6471ef248e5a7e2603e3abdd99dd3a58f0b55e1dc52a8dbf776cd64f94cd0b2f
arc,fit,Mercury_SC_415480,Mercury_SC_415480,True,1ee143753f2efaf33b6e770f1379e1c05f6c6f97d5f21594da4a5725dd410ab9
arc,fit,Mercury_SC_408550,Mercury_SC_408550,True,ad987678fce0f44aa03c0869507524a355c473e298a2d44da251c100b6cab3f9
arc,fit,Mercury_7239523,Mercury_7239523,True,19970754e97118ff79a8f7c183545992abed67de4e3e1950c3cab8650a7a8151
arc,fit,MSA_2012_8_33,MSA_2012_8_33,True,74f68daf6c934fdfa20ee0503c0eca4badc543b1d38020e918c3b59c8a1a6412
arc,fit,Mercury_7210280,Mercury_7210280,True,c2fe58293a5967bce955ce235bcc879dcd4e06e293a7aac9e1ca32dbf2767c00
arc,fit,Mercury_7211225,Mercury_7211225,True,db60b6ad15045e7d90d93db654358da16c5ded1dc324cbf36d434e68ddfce851
arc,fit,MCAS_2002_8_9,MCAS_2002_8_9,True,84d10378ed87b78a543568c2cee1b0f74b90effd17f7a480562ea69c0d6f47fa
arc,fit,Mercury_7092505,Mercury_7092505,True,2961847e5a1a344fc7ba4910c0ae838b4d2d7f1bba7666fa82ff52b833e7fb77
arc,fit,MCAS_2006_9_27,MCAS_2006_9_27,True,14ac30f23cb634bbbb208cd15f4803f73a544b4723fe8029d4979581ac0f9dce
arc,fit,Mercury_7141470,Mercury_7141470,True,0d1112cf8774b1235096f921eb95774f8d41e1973085ace2413dcd95e2ba243f
arc,fit,Mercury_SC_401157,Mercury_SC_401157,True,cdbed2404269064a046659cd3dfaeb4a246507de70d2b7159795a6e0f235f46c
arc,fit,MDSA_2007_8_29,MDSA_2007_8_29,True,69532c1b15301ea99356ce646d88f3c33fe26feccc3552d306e67ce0a20111b3
arc,fit,MCAS_1999_4_8,MCAS_1999_4_8,True,900bf45ac65a6f5a410dfb9cf2f728b29f81e3fb9b9325fcb851eaf4fd311f63
arc,fit,Mercury_7187005,Mercury_7187005,True,7c79ce6ae6db171496c8b5f07a648116aa1d6fb411ea02552ebe95357d53ce17
arc,fit,Mercury_411029,Mercury_411029,True,d7b16ebff859f175769b7221e1ffe85ba2f899eef064082066f624e231ff34c8
arc,fit,Mercury_7159093,Mercury_7159093,True,6e125f228842db95776cf4b33124ce8a7125382166aa2e4fa1ccf16b7f59406a
arc,fit,Mercury_7271285,Mercury_7271285,True,fc29f9f8cdfbc9cfc49e5b50737d93b9e1ea976c8328db088a6727def34904e3
arc,fit,MEA_2011_8_8,MEA_2011_8_8,True,215e15dc45a100b7ad8d82bb6da9862b9cf265983a7fca4abd20b2b8e2a1d9b9
arc,fit,MEA_2012_5_8,MEA_2011_8_8,False,215e15dc45a100b7ad8d82bb6da9862b9cf265983a7fca4abd20b2b8e2a1d9b9
arc,fit,MCAS_2008_5_5634,MCAS_2008_5_5634,True,4c05acd0fba82a72ef3e47cdc70489e10c1bdf206386879789efc1481e01b321
arc,fit,Mercury_410136,Mercury_410136,True,38e4b3c40f257bbd32eac58e65fd882f023e839446ba0e9b36a1bb86dbae1664
arc,fit,Mercury_7188930,Mercury_7188930,True,978eb78ee24476d9218d29cbfdd4ef20f81760fb78a9f7032fc08f646cc524a2
arc,fit,Mercury_SC_LBS10647,Mercury_SC_LBS10647,True,b92579ee7a93af42d0769d3c0c61306dda70571b3186fed6d48266a06a12d8c5
arc,fit,Mercury_SC_415475,Mercury_SC_415475,True,dc731b1b15874e321939e55217a898e9db2f80e1c50608af699b07f722ef0e47
arc,fit,ACTAAP_2010_7_7,ACTAAP_2010_7_7,True,36bfcbc5a7eaf57cc9661849e71bf4b00d523c63e83a6bae1b34236141536056
arc,fit,Mercury_SC_410891,Mercury_SC_410891,True,ab177b38f836be8526d1d9ec9a0f473385f380a9bfa4d6cf7b8aec2ba0bfa162
arc,fit,Mercury_7213850,Mercury_7213850,True,a72b5cd5cfdf2fa23c781708347ec7ab7ebcd5a394517758f03a6436c902ead6
arc,fit,Mercury_SC_401306,Mercury_SC_401306,True,6dfc80535dcb0accc46b067952650c56163b9e65319f1b39a4db4a2a49830a32
arc,fit,Mercury_7131950,Mercury_7131950,True,3bd2efecb28ba9d8307bb934a7a37efb2df8d8114666d54445c9b400d451e351
arc,fit,Mercury_7086678,Mercury_7086678,True,5ec12eebc19c94e13ba660ef4e7b04ca330d95085fdf96edf1783b8228adaacf
arc,fit,Mercury_7093188,Mercury_7093188,True,dae469c9e9db582c7bc90548cefd24b47cedb26320391496fb8fa82c64cdee50
arc,fit,MCAS_2001_8_13,MCAS_2001_8_13,True,ea35e264cd523a3378f892eb36e0e7ba7779320eea1dadd0df9282e820b8de23
arc,fit,Mercury_7082810,Mercury_7082810,True,57b2cb9288501204f951291411dca9124e7672887f66faff8acd65fa7e300f53
arc,fit,Mercury_7195685,Mercury_7195685,True,459c162ead54015fe5cc3e8c5b7f7e3d1f07403e9b0126e4da2fa9f09c118dc0
arc,fit,MCAS_2009_5_6522,MCAS_2009_5_6522,True,2ee1c077ff8396c93bad567a46580dab9272c3c849277b209468bb7f6a1e550b
arc,fit,Mercury_SC_415540,Mercury_SC_415540,True,bee3a5e68c4ff4a95f6bc0efe0cbfcccdd8d924cc81dc58a60ccbe22c71ecf66
arc,fit,MCAS_2000_4_17,MCAS_2000_4_17,True,2efac25f48b77eb97c9784d692d3d33cb73e96a0560c1bfa1b8c16e938cfcdfe
arc,fit,MCAS_1998_8_5,MCAS_1998_8_5,True,617aa54441153bc83dbbaddcf484156326141b0fe146d28e75c765126c0429a8
arc,fit,VASoL_2009_3_17,VASoL_2009_3_17,True,568b2b4505907f3a64e4687b7fad1bb0e337cfa523a51fda6d536b5daba68120
arc,fit,MEA_2014_5_13,MEA_2014_5_13,True,6e4590858301ff3e5176bb13d7cc5d548b8f58b82562332ebc393be9f62744a7
arc,fit,Mercury_7239418,Mercury_7239418,True,6d7c55ba98989dab3453ddd6ead389809ede58bc17989c9fde1e2b7cd9dffe75
arc,fit,Mercury_SC_405514,Mercury_SC_405514,True,aaaddee32d61b5b387a7b375cc7ecbf903f8c323500f7a49fe5f6902a5d8ddf6
arc,fit,Mercury_SC_401216,Mercury_SC_401216,True,0902acf8e7216fab97908c5c18508664b4f0ca3e69c6cbbb5d02616ee52ce5e9
arc,fit,TAKS_2009_8_9,TAKS_2009_8_9,True,17cda0f3ad03a5020ace844699715d3ed9675e116b0599ed3ef804cc303bce7e
arc,fit,MDSA_2011_4_12,MDSA_2011_4_12,True,53cbbe7ee5c47dce86a3cde55d123a172825f7bcbbe8e62d192b89bcb158757d
arc,fit,Mercury_7236600,Mercury_7236600,True,7b84cba1584f036448c1a40db15b20e004d5601fd18cc4b14490f8d955da0529
arc,fit,Mercury_7214463,Mercury_7214463,True,8ece812b5a4fb64c146c3cc0c5ff3a62adb6b1bbaecc1d348367815af9207f74
arc,fit,Mercury_SC_400696,Mercury_SC_400696,True,1fd0d01e4c1b9c7344f19acd9623ceca6e8d9cf05a6d88e2ad403a178d1267c0
arc,fit,Mercury_7103460,Mercury_7103460,True,1da6dd7751277c5ed243ae536409f1f335e1ed5a2f0bdb1150c9ac55506dee8d
arc,fit,Mercury_412649,Mercury_412649,True,7542db089d59f5ca08f076ad64873673fc66ba739b49fce316be939be65f98c0
arc,fit,Mercury_SC_408784,Mercury_SC_408784,True,f22933d66a6fde924dd48bc0c6bd27a5ded87cf83759b0d13c137faac82877d6
arc,fit,Mercury_7218155,Mercury_7218155,True,4c3d88da2cdf76914ad286d616fc969794ebbb412caba9f4ecdc3622a22423a6
arc,fit,MEA_2010_8_7-v1,MEA_2010_8_7-v1,True,72cede868eed06e21e2cf6cb4cf2032f539e74d845fd16fd09f9f11926bc2893
arc,fit,Mercury_7283938,Mercury_7283938,True,32abb8435b7bb5bb2725e5f1f4559e09064412feb95279e7599ec24e5e3fc7db
arc,fit,MCAS_1998_8_4,MCAS_1998_8_4,True,eb923d895006ef04f8d21145be2784ac59df496b258546e721bf88d3bf774720
arc,fit,LEAP_2006_8_10413,LEAP_2006_8_10413,True,4c0e831a085d683a14b41f3cecb00e2d1ac30497f4f06abe917463690104c3c1
arc,fit,Mercury_7058030,Mercury_7058030,True,e5f31e8ae637306e02c45baa3ce8555e2f7e0cd8f6a032f65a3a769227086ede
arc,fit,Mercury_7212730,Mercury_7212730,True,d4b7ece67d7467c67e84adc03a97b6a6db71aae66cfeccbb6a9cb1be01200d6d
arc,fit,Mercury_7222058,Mercury_7222058,True,6e47d9acaa1b2ee8e1c9a75a26c7b19249a0c25104176dea68fbbd1ac998466e
arc,fit,ACTAAP_2012_7_4,ACTAAP_2012_7_4,True,90bfc97038fa195835a69d09b230017e99674790cc6f273bdeb56b58dd246987
arc,fit,Mercury_7120803,Mercury_7120803,True,3505192605502f12348961df9ec8549741e0250718b4e2a6ff801cdf60ac4993
arc,fit,NYSEDREGENTS_2005_8_1,NYSEDREGENTS_2005_8_1,True,b16d9cac28fbd3884c23ed6d221afc48fc3ab1e5b6065baf1f051364b2775bec
arc,fit,MCAS_2006_9_5-v1,MCAS_2006_9_5-v1,True,275ae7096d3c660775249bf88d7690ca0aa40b246fbf3510e3eb5637ffc04055
arc,fit,Mercury_417139,Mercury_417139,True,e46e684bf5c9eff268c7152b472dc311099956019edf29eb222ae8fb732c0ede
arc,fit,Mercury_7210000,Mercury_7210000,True,4fa74c29760ee18d0062f342520238d906faad10fadac8b7e3947e3a1c2441dc
arc,fit,Mercury_405467,Mercury_405467,True,9fbde7173ff222f0864fa881ed4bf957cc7ec88c882dd2728aaa84a0c760489b
arc,fit,Mercury_7201688,Mercury_7201688,True,012e261c29b0623294e289fdc501aea9e4a296e68ee72de928cc032a4f6673cc
arc,fit,Mercury_7085243,Mercury_7085243,True,788be4c65a43b0968570da9a28f38a0e94cbe2b29e46736a0f9e92160b8a28ca
arc,fit,TAKS_2009_8_45,TAKS_2009_8_45,True,d4bbb1eeee947ecf6338ddc068d42dbb1beecb58c9259c639334060dccbe2328
arc,fit,Mercury_SC_402047,Mercury_SC_402047,True,96adf54a60a1101b0b8d36b8bb743952ad1e007dab60342a5fcc0962dcb371d7
arc,fit,CSZ30494,CSZ30494,True,8d10e172dd7ce7cb1d22d225e3acb4792f02c738c912c0d172b7a851457d1488
arc,fit,Mercury_SC_415079,Mercury_SC_415079,True,95578660e656ae6487417a2bbb1a9bada901bc7fe518282a5b0b005845fa8629
arc,fit,Mercury_7267960,Mercury_7267960,True,68746e846da7aee62ac015fcf7a5650f1ebe4ff5d53a092adbaa21cc6a34ef1d
arc,fit,Mercury_7086153,Mercury_7086153,True,f946619b9dc748ef0c331ec90ef253b6433732632db14ece7d77f0ef1cced079
arc,fit,Mercury_7101535,Mercury_7101535,True,7b3e0f1c8bdc13bc87ed549eec22ff721cd531587027f163cad628d44f1dded1
arc,fit,Mercury_7160983,Mercury_7160983,True,2cfd435eb303857e689fbb26bf3b9d209ffdf4aa7c911f4666854363cb8e1486
arc,fit,Mercury_7041633,Mercury_7041633,True,acf597d5eb941e65239e470d6468207ac48a2292149620039e7949658a666a1f
arc,fit,Mercury_7219643,Mercury_7219643,True,03769ecb2503dc0a33aa3d8dbbe09d66fe9d2cc73b34ef069f3ac91543723b8c
arc,fit,MSA_2013_5_36,MSA_2013_5_36,True,f72c55779794560c9412d09d47a71240daad69fe85a5872cff14c921cea0c3df
arc,fit,Mercury_SC_405647,Mercury_SC_405647,True,5d0bb4784b4c4b105025b62b97b4953450ca3c1fb1b761bf27c03a33db304e47
arc,fit,Mercury_7038430,Mercury_7038430,True,d3acbf5fd421841902f94d8281b4d5fc1ff5982df1df5f82db51c5f5ef90dd89
arc,fit,Mercury_SC_414079,Mercury_SC_414079,True,d7a6108b9fa8edec04a0a9a7b06bd4bed92f7654e8fadb5b0368684b50e0db0f
arc,fit,MCAS_2009_8_3,MCAS_2009_8_3,True,9266f63e1aa62bc812496f4200d10fb09f1db63797f38f35acdbbe04386b3a7e
arc,fit,ACTAAP_2010_5_14,ACTAAP_2010_5_14,True,83172224ab18f79cb829caa450076ea54f248958505dde91153693ad35feb707
arc,fit,Mercury_7024483,Mercury_7024483,True,0d9d53861bebb1b7813a92edab378cfbb5cd808a1355a15f0de5e7f303454e7d
arc,fit,Mercury_7001610,Mercury_7001610,True,07ef841ad6e7655a0cbcc3a80d21db07423f010b866c78e56d90119a80ffb470
arc,fit,Mercury_SC_400123,Mercury_SC_400123,True,8f077f1968d4c48722945610b58ae954e3507fb765219571058d86044c857bec
arc,fit,Mercury_SC_405796,Mercury_SC_405796,True,ac8be913132dcad0a6d9358ed28f384e8b1be43556377db9ec16fe357f1b50b4
arc,fit,Mercury_SC_408664,Mercury_SC_408664,True,f2e1bb5df5e1cbe0b50d3f94139125260d82e617f5206d90caa572b89aa82a6d
arc,fit,MSA_2012_8_8,MSA_2012_8_8,True,6b5b3b00dae7c2b2decf415b7b38f29ce40551601a6a83d1f0f7c31e35a0959d
arc,fit,ACTAAP_2008_5_7,ACTAAP_2008_5_7,True,01cb4fcf62bad68725f03b4a51899cc23c0877312d867273838361e6ed0953f1
arc,fit,MEA_2016_8_14,MEA_2016_8_14,True,113a1d3cb076cb5e407934011defc0e3c28b3afd7dc45929b15178d704a135ef
arc,fit,Mercury_SC_401199,Mercury_SC_401199,True,35f4c4992ff51e13cdb8e0cf2c7e290bcdccc578d55697b4c38012c1fbaa7358
arc,fit,Mercury_7128380,Mercury_7128380,True,b7da17423f517b9c7a5c888892d20d7ca5a76b14da63a8cf980b6ba24a5d3cae
arc,fit,Mercury_7094238,Mercury_7094238,True,aacede0222caee4041683dbd996671d4ecdc6051e7be8a066d36fc32c4d70245
arc,fit,MEA_2014_5_7,MEA_2014_5_7,True,c3663431b84adab7c8774500d6fc5b3b729e2b5bead975bf6fdf5a6e2579dfa2
arc,fit,Mercury_7222373,Mercury_7222373,True,d7fa57299c87c3408a7166285a35829184b5fc904b6adc66b99c4125a051a64f
arc,fit,Mercury_400308,Mercury_400308,True,59c4c98ddb909d640c37414f5f85c7b8ddf49e032ad93921c23421b5cf4236d5
arc,fit,MSA_2013_5_33,MSA_2013_5_33,True,b379e5e3eb990485725237a27ac75f04d77da26f6cc210f6dc60e9530af2af09
arc,fit,VASoL_2009_3_36,VASoL_2009_3_36,True,13f3911d1d11262b564e8af9acfbfd8f9eeaba6918e22905fae6b8abcbb48f76
arc,fit,Mercury_7057715,Mercury_7057715,True,105604895a0d170d1db8c377dc6c8df5e291c68fb0b8f228c0b7c200afe406cc
arc,fit,Mercury_7068845,Mercury_7068845,True,0961f1551dc7c0c6d2eedb497193a6aebc26a0bd1e66d8c162d9f50f0f92c3cd
arc,fit,Mercury_412527,Mercury_412527,True,93eab8bcb9b3b51a7372241c3c6e6ac375ae9db55ebde31f1284d0f3d5d36711
arc,fit,LEAP_2001_8_10381,LEAP_2001_8_10381,True,f48e815186181c247cd12e0d2ca264c3b4c986f601e1361624ac137d431fa6ec
arc,fit,TIMSS_1995_8_N3,TIMSS_1995_8_N3,True,9cde37a7d6b70df25f88e5d78529661e51507f830628bb71e4028d29a589f6ef
arc,fit,MCAS_2011_5_17,MCAS_2011_5_17,True,4a3614e2e48c2f86b565a69340786fe1c9f904cdccc0f0308e4ea0f4ae05a386
arc,fit,MCAS_2004_9_1,MCAS_2004_9_1,True,a5f70a002fd1e729b47d12595811de8f5f6e4b2501980690c38b987662cc09a8
arc,fit,Mercury_SC_LBS10674,Mercury_SC_LBS10674,True,2481443547e2f65ce70de2d2a25a657d3de4e7193ade4a43c07d16b85d9ac150
arc,fit,Mercury_SC_416424,Mercury_SC_416424,True,960ad6b1cb1adeec4e18fac845d489990693ead473091a1d88bb4cf4a78b10f3
arc,fit,Mercury_7027143,Mercury_7027143,True,937cf690104e96e656c8327ba69c546deac0fb63ef9fbf90f62166bdabf80d02
arc,fit,Mercury_177660,Mercury_177660,True,30b3a6f69a82a55d8d4582a47c25405dd13730f316dba22b497993c3fcfecf0c
arc,fit,Mercury_7013283,Mercury_7013283,True,fe1e811d23b50c6eb6e465a01dbb0267f7c66e02189ebf8669b8f327881a8283
arc,fit,Mercury_7141295,Mercury_7141295,True,921edce63557c7ce2f0f6f964efdf402d3dfb2a38194a38f3d802dc33301204a
arc,fit,LEAP__7_10338,LEAP__7_10338,True,6f08deb68d987af066e0c89a64dee6837588cc58b8ba4138d18471b9f4185bd1
arc,fit,CSZ_2007_5_CSZ10068,CSZ_2007_5_CSZ10068,True,dc6edc7e2b75aaf4d5b3918832b567c4945d8ed0bcf31c8cc96b452b4befc914
arc,fit,Mercury_SC_415349,Mercury_SC_415349,True,f18a2d53b68f6da6bbfa5119dbbacca75de8b6a0e5bdbf3fd011c9e8bc9e92b5
arc,fit,Mercury_7166618,Mercury_7166618,True,a7e7d320b9f5e8062c11f4300c98cf82e25c8fd4a87e4d3e46a501da7318a040
arc,fit,ACTAAP_2014_7_7,ACTAAP_2014_7_7,True,8fd9462ae8f8ea3060bed92c2aa0894a27d222b2941b0560cb997cb1f1ef9003
arc,fit,Mercury_SC_415477,Mercury_SC_415477,True,6d808d0613d99984b4ffa7e3853f63069d3e5b6d683bf720fb6f6ff3385264a9
arc,fit,Mercury_7026338,Mercury_7026338,True,23bd811e1a80f2443e967f8f9f687192c89d510c18eedcfba66b0200b36e2d27
arc,fit,MDSA_2008_5_30,MDSA_2008_5_30,True,a39c89c64fcaaa1788552bb8bec143b0a2d6d800fa84898dcf08346f03e26712
arc,fit,Mercury_7175718,Mercury_7175718,True,58a2654902763617e3e6374aeceab85625d1a4cb3901ff4939de0d987e008fe5
arc,fit,Mercury_7106400,Mercury_7106400,True,306e656522dec27f4388a3efc056062914550b0b4dc42e74a5e1d3d6985120ab
arc,fit,Mercury_7188913,Mercury_7188913,True,e93db1f57e59f56624c16a0d4d4a993a9b4a57c95e14f1eb93611bd6527d96a3
arc,fit,Mercury_7016625,Mercury_7016625,True,bc2c182aec5488d94193fa1c4583400121b583bccb00f060ac982a97b9b9d24d
arc,fit,CSZ30564,CSZ30564,True,f37d2b56893b1ee68ed87c32fe835f6a62fc8d92be53a5a3513e50559ff28dcf
arc,fit,Mercury_416582,Mercury_416582,True,90e39553c53bd1b836369699d7a698223dcfb6e3358a4bf941304e03e76b4277
arc,fit,Mercury_7214673,Mercury_7214673,True,fd6342dd15c1d5a19097d878f42a387de0f03a9759c74885608c15c0cd2bc232
arc,fit,Mercury_7197225,Mercury_7197225,True,08476c41bb155d43a63f703f08c49b89c4a7d875db080e8da5acceb3c9deea4a
arc,fit,MCAS_2006_9_31,MCAS_2006_9_31,True,c582b00e5c92849bfd04d9b4858326093a69a18a3321f37da6f13735f1b6c69a
arc,fit,Mercury_7187775,Mercury_7187775,True,e3e7cae8b44be577712b09d71306d617fd803501e52e563dcf24676e6f719a05
arc,fit,Mercury_SC_400156,Mercury_SC_400156,True,46323ba538826d3302690b7aa731da619b543202c450209f1955f35dbca26bd1
arc,fit,Mercury_7154648,Mercury_7154648,True,f136a09399334c5ad80cd86b66386b18cbddf431cf1983a708d005c8eb4301bb
arc,fit,VASoL_2009_3_10,VASoL_2009_3_10,True,933e83d8774a5c16d5d1ad6b97b58c3ec507cfaeb92044f905464e0aa2929f34
arc,fit,Mercury_7185395,Mercury_7185395,True,585983a5b6b0fdbaa4065440f4a92f6efbfdf6085697910c31df1696dac9159e
arc,fit,CSZ20740,CSZ20740,True,104d87d878b3395dda9de10dd67b7b864e454c234bcc6d4e43128d08006b6157
arc,fit,Mercury_7245753,Mercury_7245753,True,f9ded2ae5d9b0effb2c7ec00bf8a2769559859b21ff4b18211a1e306c2617351
arc,fit,Mercury_7187530,Mercury_7187530,True,a7b227aa1476301ad4843f23ff3282d8b6a0c7ea7a68af2f40144f5e93515459
arc,fit,MCAS_2007_5_4788,MCAS_2007_5_4788,True,e1616a94766d1f2fd85d15be8a4c011b637fe27d6a471748fcb0b3ee114d939b
arc,fit,Mercury_7082635,Mercury_7082635,True,795e247c8e58194d47b59c35eba9ba7f8a5957bab4bd49041ba2ccb4264d173b
arc,fit,Mercury_7161228,Mercury_7161228,True,12a9bbd94cec772eb8cfdcba088b4f3881385e7eb7998135c9b33b17260ebfe8
arc,fit,Mercury_7127173,Mercury_7127173,True,0007cc18b6e893615d0ce11f852d99f895a105de4b4711d231c8319f905ebbea
arc,fit,Mercury_417572,Mercury_417572,True,0234a3c49e477727b3645d93e5f50c7cd51c2be5300ae7a5c32af6b173ac72ea
arc,fit,Mercury_183978,Mercury_183978,True,7a103d0f4940affa75e43571fab0b7235fe1eaaec3a7c5cf743e2998f1fb2935
arc,fit,AKDE&ED_2012_8_29,AKDE&ED_2012_8_29,True,048b22df9044e16335948b02b582c2cb14bfcf0f22aaf64e674e6a70172214f4
arc,fit,Mercury_7188703,Mercury_7188703,True,7fd555257be077e00602c8857f287eff078bf018cd9888d2fb64413ee82daf5d
arc,fit,Mercury_SC_407571,Mercury_SC_407571,True,647bb4e6139672a9a687ef479a00cc0b0495ed70804dc6baae4a9d99f916db8e
arc,fit,Mercury_7283413,Mercury_7283413,True,37c072cfa34dd963f387021dd058a63cd1643a75fbb278f30076c0bd1478d9d2
arc,fit,MCAS_2006_8_35,MCAS_2006_8_35,True,a6a4392f070a68f32d2e29359b1cba2714181938f76c7344410e497179ce9c34
arc,fit,Mercury_7207165,Mercury_7207165,True,e7826cadc2cb263332cd9e4708fe4f06804c3d0b251b6afda610624fa7dff479
arc,fit,ACTAAP_2010_5_6,ACTAAP_2010_5_6,True,d1853ebf49079ac0ad7128fc8e64c84a78330e07c8801ef286f608e39b27d331
arc,fit,Mercury_7001155,Mercury_7001155,True,f8acdd73323006f162214012347c754978c48a86e000631a675a3668c2dd13e3
arc,fit,Mercury_7213395,Mercury_7213395,True,817389c9661c63a8bb9d460225d372da076a248ab72591eaf60ce6fd85741c3c
arc,fit,MCAS_2006_9_42-v1,MCAS_2006_9_42-v1,True,074823ece78334fa36cb753f51533f123f2b12d634f0aaae48794671d7d4f38f
arc,fit,Mercury_411013,Mercury_411013,True,75dab441d964048eb9dcaf79b885e055ef2f1fac05b9966e9d22552acc1842c9
arc,fit,Mercury_SC_401765,Mercury_SC_401765,True,fdefc4c26d9104f6468773536e240a82a9141ffd4ba3f90aace3e9858b60de8e
arc,fit,Mercury_7017133,Mercury_7017133,True,df4b07140bc9c55c3187a6e214fcbd85cf022e2b745c8be8f96f67d1189cef92
arc,fit,TIMSS_2007_8_pg101,TIMSS_2007_8_pg101,True,6e7499ae5e022631ffa6ac02b55cd75873faa24af5d3239011d39430d15994ad
arc,fit,Mercury_SC_400863,Mercury_SC_400863,True,a91059571c43b395999efbfb987647afd1a3ac68f1563c6f908b042c427bebb8
arc,fit,Mercury_183908,Mercury_183908,True,7696347bd5bd4d6f13a2e84d18e58d0b93a195e86c3fe0584aed08ed09c77577
arc,fit,Mercury_7284060,Mercury_7284060,True,928f3b97b9b500dc22d3c86e7f579335314fd2119d639a61cc42f584b28f0fbd
arc,fit,MCAS_2005_9_19,MCAS_2005_9_19,True,8c8f1e682246fb9b095f7456cdbbd6577c681426820b3b01e6a9410b76f62d83
arc,fit,Mercury_407023,Mercury_407023,True,7537210e9fe7cc9397f8a22482d134501824904510380e22ed0dacae02fd08bb
arc,fit,Mercury_SC_400113,Mercury_SC_400113,True,cbfcec5c48ddd453104396cac9f364ae3e6ddc5d4a530704671f37cb317e65b9
arc,fit,Mercury_SC_405764,Mercury_SC_405764,True,b88d41edb19f755301c4138d94c72db68783c3a0f1a4cfde4e666bc7803a2b16
arc,fit,Mercury_7213273,Mercury_7213273,True,174f5bc0a01cef0589d586f2067728ac8d541714d3c66e920a8e2120ed834326
arc,fit,ACTAAP_2008_7_5,ACTAAP_2008_7_5,True,cc3ced87cd2ce037febac26781ebebaba12a25913e022304c10c4033a72edd62
arc,fit,MCAS_2006_9_35-v1,MCAS_2006_9_35-v1,True,57c2caa77e1d19796d6ddf59659da979679c452de71c631e15cad34c61d7654c
arc,fit,MDSA_2008_8_26,MDSA_2008_8_26,True,83c18b51517710fa1507741a78811bfd14d7201393289498c7b906a125102db2
arc,fit,Mercury_188563,Mercury_188563,True,eb6ef773a5332fa854d0a22aaf5d7fa83c37eb09c4335faaac037b745872f2cd
arc,fit,Mercury_SC_406042,Mercury_SC_406042,True,708a57a6f180b4e8fa53bc185311fc9a1b3a40b3a257572272062ea5b33eed40
arc,fit,Mercury_SC_405725,Mercury_SC_405725,True,dc7f9c602a854b12aae87a78e165c2d18abfe38dbaa9c79ae3e1e535c29f264e
arc,fit,Mercury_7192448,Mercury_7192448,True,fb89fe1e2ee2672d2098b9d484467681e9c605e18c39d8ea83208f7440988153
arc,fit,Mercury_416464,Mercury_416464,True,04f014e1bdd6dd24074d773540e4e2e1160279743c564eee7093bf2f3c616ccf
arc,fit,MDSA_2010_5_35,MDSA_2010_5_35,True,f8cd78af6cd831a6d627f309a16ad7cd0a540066df02c0bdfd665516db9ca5db
arc,fit,TIMSS_2011_4_pg92,TIMSS_2011_4_pg92,True,e678c8e5f6c426cacc10fc8d3834c2f893e893dd0a839a2ef9d603be810aec0a
arc,fit,Mercury_189560,Mercury_189560,True,37e767120be386c22261fc7b9259825214e7541e808fad0919191175b168721c
arc,fit,Mercury_7193935,Mercury_7193935,True,0a2c6bc6ce7816b692cc02282486786c9bc142b4bdcb8c74f339436fc9b32574
arc,fit,Mercury_7219083,Mercury_7219083,True,aed28df78c2ed9e830b85d569e2eecaf8cd0dbb0d259b2156f161849acf790d6
arc,fit,Mercury_7210613,Mercury_7210613,True,3be7fcf398b005fa2dbc43d5e78c17ea45f8b904f8f0a5981c12a1fb3955c36b
arc,fit,Mercury_7219905,Mercury_7219905,True,907d74edca0c4cec6dfb83afa1eaa0daa37e83fd993179f042268bc41861b728
arc,fit,Mercury_7040845,Mercury_7040845,True,840c48a18f0c93373a21818626a876e6d60b89e78af5eee64873f5554d603e99
arc,fit,Mercury_7212030,Mercury_7212030,True,fbce92f56b822ac9803ef031570ae7ccaee1f339d27989acb9203b6637b20a17
arc,fit,Mercury_406732,Mercury_406732,True,1138c9af5e525605a55030500b1603978e76e7575de2c92d7795905e8ce7b2d3
arc,fit,MEA_2010_8_20-v1,MEA_2010_8_20-v1,True,b981e1ce8cee01905a5f7d8670d279094566d930687b379c1e18c8fd6d0e74d3
arc,fit,TIMSS_2003_4_pg58,TIMSS_2003_4_pg58,True,8d4db911f466f2d941eadef8a45d475e1e5dd5b3792570f9fef6e2801cacddff
arc,fit,Mercury_7186480,Mercury_7186480,True,f1c466928e785ed4cfa569e78539c0512777aa38889fba4de4184d028b0caf3c
arc,fit,Mercury_SC_408759,Mercury_SC_408759,True,6907620fd4131819404bb3dbb46b2c80c36e627b1a66d91ae3b732b6085cb3ac
arc,fit,MSA_2012_8_41,MSA_2012_8_41,True,0e15af63760364d0701bce179e1fbe866a2bb0aedc7553a1f98f3183a09ae13e
arc,fit,AIMS_2009_8_9,AIMS_2009_8_9,True,cbe9b586b146d1cb1af04f2147585d3d903a9dae48371183e33117c08db13ebe
arc,fit,Mercury_7126630,Mercury_7126630,True,77a1e406e2ffef7673e187bbe0fc286451c36b182935d00f34c428fa8422ad37
arc,fit,NYSEDREGENTS_2004_4_8,NYSEDREGENTS_2004_4_8,True,b0b0bfc9d09acd6d176b7c930a16798bf5687ad0f494258952f29bcb42dbea18
arc,fit,Mercury_SC_415465,Mercury_SC_415465,True,e53a62e01f9e91fa4332fca052037f2224073baf183725d854bfc1db02ef24de
arc,fit,Mercury_7196263,Mercury_7196263,True,4be62ea387b79cad0a1bde7cdd9219b0ab030cadf1255a3daf00c327ff62315e
arc,fit,Mercury_7211663,Mercury_7211663,True,169c5ee26406525691573a173cb2a7671d5b3c818a56187cd1d90b3e1a8db208
arc,fit,NCEOGA_2013_8_19,NCEOGA_2013_8_19,True,bfdea4390a7cc69c564c324f50079dde884a9fb39d7dcc70b7e4de0773041000
arc,fit,Mercury_7037240,Mercury_7037240,True,5d7c966c68bec3decf5121711d51a3ab8334eefaa9c2a3cc26310b1be4b243e6
arc,fit,NYSEDREGENTS_2007_4_29,NYSEDREGENTS_2007_4_29,True,805d04e466cca8e94d1ea858b526f8a62625843749b8408353e8139e47b5fa73
arc,fit,Mercury_SC_409907,Mercury_SC_409907,True,babddac0d5d41fa7c64235ccd1eac76d34a7b7a5d48f0ed802bead1378a0ec8b
arc,fit,Mercury_SC_401812,Mercury_SC_401812,True,324c7418c33e6a543b037a96895d7e169cd5705d03841f589d899ace9846cc14
arc,fit,Mercury_7041248,Mercury_7041248,True,633abbdad9923a49fb71063e75d4e0e50e38f151c39bf4c220e10d72fa5feb3a
arc,fit,Mercury_7108640,Mercury_7108640,True,8d054efa7cf56edb3a685421fc86e01704ab957854701c02603688ffa900b786
arc,fit,Mercury_SC_415002,Mercury_SC_415002,True,e16dc9d907cf32d13923d4b73e4fd217ee0261dbef025d71fb02464a5ab72c8d
arc,fit,Mercury_7077700,Mercury_7077700,True,88155f15210acc0de4b921544631e92635455b2cdc278ae7a6e76be9bff62995
arc,fit,Mercury_7159758,Mercury_7159758,True,d888661f6c3832265fb99b472ad095cf802a2937399fd25089e89c0928405f65
arc,fit,Mercury_SC_408423,Mercury_SC_408423,True,1ea246281f36fef89bd500004bdab118fd732bd4284e2905730a49837c6a3666
arc,fit,Mercury_7267925,Mercury_7267925,True,b476a7794bba239d430f219cf1c82882129b82f12ccf178da2da756b2b48dc07
arc,fit,Mercury_7238980,Mercury_7238980,True,6397341d4201d6330c46c9b72818b3513c72365beeef3c81b45184a699414eda
arc,fit,Mercury_7233748,Mercury_7233748,True,b3612cf466a1acdef7bd161b0b57e77a3a2b559ecf83484997ebd3ad8ffd94ce
arc,fit,AKDE&ED_2012_4_17,AKDE&ED_2012_4_17,True,44fdd841062887706682a11d273e723882ef8918fdbbf80b6e1bd8c6ac569dc1
arc,fit,NAEP_2011_8_S11+2,NAEP_2011_8_S11+2,True,f62cf1a7181060a7e5c2dd7d5f1c29da7025a99c9b25bf0c4c8f0c598768afa2
arc,fit,Mercury_SC_405927,Mercury_SC_405927,True,f4a4cd342d7dc8c0661dbe304ae18ab3e0336eb9b87c0e9c22c05c0ded6ce5a2
arc,fit,MEA_2016_5_12,MEA_2016_5_12,True,83dba35e1318ed2824b08a7d8f5cf4c2e72bca2081f382ea01507a82aedf4e65
arc,fit,Mercury_7040740,Mercury_7040740,True,a2fde6e7a50726b43549e6c836880f180c8c93a8ccd8a338093383a8a7e32b86
arc,fit,NYSEDREGENTS_2004_4_12,NYSEDREGENTS_2004_4_12,True,ee3b2b95283ebd0d82f95a4f27c60532b873459b1474e09b0dd0f29755d7ccd9
arc,fit,Mercury_7041615,Mercury_7041615,True,a302330f6e826482da5ee16eadf429d4f27ddb6636df6d3df5a187978c632e92
arc,fit,Mercury_7245910,Mercury_7245910,True,d5f1e5e5e270f03ac79d7c6f105d483048b17d94f59ff6bf8f7e8585a4132d5c
arc,fit,Mercury_7166093,Mercury_7166093,True,a67273710f3c6e8c0dfbba58f5ab0c8e082ae6076e87a9633bc2a8e4a1b8fa94
arc,fit,Mercury_7005443,Mercury_7005443,True,aa9ac38feeb72e0cd2a6f334d98c4706d04db0ff23c34ea385056027fa226f1b
arc,fit,ACTAAP_2007_7_8,ACTAAP_2007_7_8,True,f3ae7d520287ee9f6ace72001fba24e0426727e058d241824e556ee7150923b4
arc,fit,MDSA_2009_4_30,MDSA_2009_4_30,True,89badda00db0f6711f999a822b93ca183a6c3189790ed80d04b4699863054950
arc,fit,NCEOGA_2013_5_26,NCEOGA_2013_5_26,True,9757884e2aaea3054206b07e328584bbfa2b4086fbde5c1fa1ad2ab8e7c2fb6d
arc,fit,ACTAAP_2013_5_14,ACTAAP_2013_5_14,True,252a1dfe442f70b688ca747c1b4ed193f8b57efd0994ff4b4e6fe3194ec9d86d
arc,fit,Mercury_183960,Mercury_183960,True,3803ccda3f7f4e8942a956228a6eddaff140249e185e6710250ec3a9ebf4c2a4
arc,fit,Mercury_7001418,Mercury_7001418,True,c9036278772d505f31e7a72f37762885fdd4c666bdc1998f4be3190a3de464a0
arc,fit,Mercury_SC_LBS10184,Mercury_SC_LBS10184,True,39c6362e2b33707f4e7d83422145dff510c6db2956260e749a4357f232b4a2d7
arc,fit,Mercury_SC_400300,Mercury_SC_400300,True,3fb9dd90da433aeeaf6c5d9d50a52d0f930bf2813d4fc3bf6a18a07b1409e4e3
arc,fit,MEAP_2005_8_46,MEAP_2005_8_46,True,8ce48a9b27543b7bf3a17c8a70909ac97462321534a981def05f783f4838d4f6
arc,fit,Mercury_SC_416515,Mercury_SC_416515,True,08194eda4e6e40232d2cfc61e4856366a2c86798583aeba978105a28bb8e9d16
arc,fit,Mercury_SC_LBS10782,Mercury_SC_LBS10782,True,2995b621167426ece9900f7e04d29a38e935c27154da03a55e971d36c42876e1
arc,fit,MCAS_2013_5_29398,MCAS_2013_5_29398,True,de650804640aca2a03ec2e0dbaed57615e9e4e5cf96608a9007ac089ae3d1e83
arc,fit,Mercury_410719,Mercury_410719,True,582e2cc6d448ceb66829c29386f68bff6c46068411a2417c18de4fec64a4b705
arc,fit,Mercury_7269010,Mercury_7269010,True,168a71b6284d85201f9833181127e9e24cabaffb4ea7c80a72f6b0db85e56d16
arc,fit,Mercury_7084263,Mercury_7084263,True,5638826b6a537d8c4bff5053629814eb2fe5d8446100a76622c806f13bc653c1
arc,fit,Mercury_402349,Mercury_402349,True,618b4b6c6afd9070316477b02243d36334aa0a7bd1bc3b0882661f2a90119ea1
arc,fit,Mercury_7220220,Mercury_7220220,True,83e9ae6738a4c6a27825c59ba21711202fe2ac0c482479e196855cc67c24ebbc
arc,fit,Mercury_7071943,Mercury_7071943,True,7355f452e4ae4cc2a0f4dad0c85d2b2df7d722cac27474d9944c48d1c94129e1
arc,fit,NYSEDREGENTS_2009_8_20,NYSEDREGENTS_2009_8_20,True,c6582346eb5033260196d459bc08b01b0648635be2445a0dff3aaff8147e2421
arc,fit,VASoL_2008_5_36,VASoL_2008_5_36,True,5484319dfc6bb686f8ca8d56a5564f3be1c0806d8b0ceb8d34df040b55f1c52d
arc,fit,TIMSS_2011_4_pg105,TIMSS_2011_4_pg105,True,51e47d6d575ff3eff2908eafc5fde663f3d3ce47edef9f2da4c1918ceb79e53c
arc,fit,Mercury_7041125,Mercury_7041125,True,83e8aa3b8e146a835954823d3417c3b7d4e71b52fee1ba23093eef40ccd2b5a8
arc,fit,Mercury_SC_LBS10343,Mercury_SC_LBS10343,True,63a48cf811842f4151c2fac124b9b5a2b52449b0ae56f494f9826f21123a78b9
arc,fit,Mercury_417153,Mercury_417153,True,28a6d2a00455e0e8b90d66d9cdcfedee365ca484bc5369f0e160c60a6d39ad52
arc,fit,Mercury_7103233,Mercury_7103233,True,f9dde8d9a03cb91e5db0fc7f9d4a52ce09ec9a9f2db0639604ee8fac3fbe6dc7
arc,fit,MDSA_2007_8_54,MDSA_2007_8_54,True,2f25450be9a0b4a145497e69cb177cc0933c20f0a863d8596cec5853eff49099
arc,fit,ACTAAP_2008_7_3,ACTAAP_2008_7_3,True,b3f543e6eaeebdee662a6b9509a7a72ce359f5d8ad7bc68a60cfbbca4227654a
arc,fit,Mercury_SC_405459,Mercury_SC_405459,True,7e03f7919b24703596f2a7aad388427e8044f17a4a260d9e2ed98b7e7c489813
arc,fit,Mercury_7142713,Mercury_7142713,True,57445777c88034486bce9c8ac5b0d79dbcdd038820fb1eb36d7549f6a129ab6c
arc,fit,Mercury_SC_416461,Mercury_SC_416461,True,b4d8cf6602d86c4014131d7b5cadf08fe6c6550cfe3ac0f21f32334c9bc5f551
arc,fit,Mercury_414102,Mercury_414102,True,02da3f7b0fdd5609135121cc6141bba7aa040b143438a276fb24804715446171
arc,fit,MDSA_2010_4_14,MDSA_2010_4_14,True,34a103106972feee76963d42cb82a6609abe09f557ce45f059507fc55fcacfff
arc,fit,MCAS_8_2015_9,MCAS_8_2015_9,True,e124586344a4966f8e60fc1779884b4cbb0e4c0c43d41813bf44141f7b10ec07
arc,fit,Mercury_7026460,Mercury_7026460,True,6d0d54468752385aed2a47c579e18613935bfc65274978b55d32eea97e55ba0e
arc,fit,Mercury_SC_406650,Mercury_SC_406650,True,6a6cbebdb7ca9551cdf7d43bbe8bc9a981da06d01dd27b7fd1616ebc677c0c99
arc,fit,Mercury_7012618,Mercury_7012618,True,15a19c060cf776110dc9e49d98a7a7c537381946d4724c7bd2b773e511a5885f
arc,fit,Mercury_7207218,Mercury_7207218,True,4ca4ad4c6fe109bc668035435ac1b6a8cc1fe26a06745e5f6c882b01bf9821ca
arc,fit,Mercury_7106330,Mercury_7106330,True,805d35dfd014bb153f0ed22ef04ab99eff53d24c47e4f86c9efbea98aaf86f67
arc,fit,Mercury_7219345,Mercury_7219345,True,a3e3d52747abcbeca29fa0d653a0802a7e9d00c94fc979fd3a0c593e008673ba
arc,fit,Mercury_SC_401254,Mercury_SC_401254,True,5a9ba06327b1c724041532b9763be31a1cc79e3bc89f0365b56973614972a6a7
arc,fit,MCAS_2002_8_13,MCAS_2002_8_13,True,c97fc1626410d63b3a6f869e94ba9b05e5223d16dae88cf9f4ddc4540dfd2b39
arc,fit,AKDE&ED_2012_8_5,AKDE&ED_2012_8_5,True,efec08391e80199254233699cefb662b17a22550a8fa45f04dbaa5c8c4c20b46
arc,fit,VASoL_2009_3_35,VASoL_2009_3_35,True,a39b5c2a55c7f1cd16bf1657648ad6222474b3779c42a5fbbbdc5905ad9ed595
arc,fit,Mercury_SC_401002,Mercury_SC_401002,True,44522e96d4140b237a9330399d1b67a49b3dce98bf16ff3d74cb7d2939f1bec1
arc,fit,Mercury_SC_406088,Mercury_SC_406088,True,08c712e79dfc3d0eaefa509bac92b34a17c630d1b7987eff8afd7716f5e7b7c7
arc,fit,Mercury_SC_406796,Mercury_SC_406796,True,6499c8d8d57087642d7da5b87d5292aec9aafdb691e8a9a03ff0b5109279135b
arc,fit,Mercury_401402,Mercury_401402,True,dc798fcff59f1d592684c311fa230e8721cf138529b5aff2e5c78c199b3cbe96
arc,fit,Mercury_184345,Mercury_184345,True,a5cb6db0d8830184e5ec1cc7b8e454842db520a9881bf0affd2781fbf0dde91b
arc,fit,AKDE&ED_2008_8_25,AKDE&ED_2008_8_25,True,a7c1290e5e71e0d84c7b56103c338eabf193be006ba84dbde22522cf183cc757
arc,fit,Mercury_7168560,Mercury_7168560,True,ca6327003bac186044159495480efe6491b30a01f59cf8dd0cbcf1dbe046dd7e
arc,fit,Mercury_7107380,Mercury_7107380,True,1581acf4da5e35882aeebede8d88e70577228b129f42f13c8ea5c0485364635a
arc,fit,MCAS_1998_4_17,MCAS_1998_4_17,True,305e86fc147a1ec42d73bf5774d7420e502a56d7b941a9122ac40692b67853c6
arc,fit,NYSEDREGENTS_2005_8_28,NYSEDREGENTS_2005_8_28,True,de089b56ecb71b07300a88b87745e58d010446c2a0fe2a9167615f08cdaa489f
arc,fit,Mercury_7187040,Mercury_7187040,True,e848c78e4830691ad62e98a6d54e1df81b73ff14202bfc1d96f9db473ca29e74
arc,fit,Mercury_400243,Mercury_400243,True,7bb5339e60c3d3eb9ccb7cdcc7be019ec19f44985d954437060f985a23a37934
arc,fit,Mercury_SC_LBS10340,Mercury_SC_LBS10340,True,4569d46a47d7fcf8b8f002bbdf359e3d41090371e58275bd237c785684471bfb
arc,fit,Mercury_SC_LBS10918,Mercury_SC_LBS10918,True,dff924e38eb7aa1283d5e2d27dfe83939746011ea3e378f70da28ebc522fbdab
arc,fit,MEA_2016_8_1,MEA_2016_8_1,True,63fcb50e729af6ee0bf016c9e0d0ed4d4182349cd16f881077c85b1d08b19342
arc,fit,MCAS_2009_5_6516,MCAS_2009_5_6516,True,7fb93f661ce608721fdddd699c937c987179f521029300c9026e9b4d71763d86
arc,fit,MCAS_2016_5_11,MCAS_2016_5_11,True,127b2814101174072add759c8a4f66cdf33bef98af0ac0c63c54d4d7c4e83584
arc,fit,Mercury_7041860,Mercury_7041860,True,571a4c5c218a6ab66284f525f13f66e9ccf383c3632ec12148d0a996457b006f
arc,fit,Mercury_SC_400169,Mercury_SC_400169,True,655cb00efb3f892a32d9ad0fb06f8e466f629a871ec12b991cfcb0a99df05e21
arc,fit,CSZ10245,CSZ10245,True,cd5bc277eede5e3936d0b927c4628c852606f1972291e656d6ea8403308457ac
arc,fit,Mercury_SC_407186,Mercury_SC_407186,True,deb954f17656497c26648181abb0cf49338c652179a479fa319b28295a48cfb8
arc,fit,Mercury_417468,Mercury_417468,True,90886361228016e069485e9da8819e7527710711def968657847e4c5c6273cf3
arc,fit,Mercury_7057295,Mercury_7057295,True,daf99694a97b4f1fa565220d82221b60aae336322a0a6d7c8134aaef579185c5
arc,fit,Mercury_7135835,Mercury_7135835,True,933deca520373b07c2c89b0a6ec86ba13de89f8d4c0a9c203c95e4a9c23057fd
arc,fit,AKDE&ED_2012_4_22,AKDE&ED_2012_4_22,True,26b3241aaa64bea8e2e2671cc0f080e74ae19461c38462aa4e6d55321bfd263a
arc,fit,MEA_2011_8_3,MEA_2011_8_3,True,8f0c4fe1a4c955f0d6d7bf4f0b97c16630e5df98b691ab687abd95bff0379bee
arc,fit,Mercury_7230265,Mercury_7230265,True,312d6109c57a023df2cbe44b9d957d39b4f039fdbd80fc97f9556f1b563f06eb
arc,fit,Mercury_7246873,Mercury_7246873,True,e29b8239fca87ff1e04f73fa30426e450786ed449b39bc4e7e10a41dcf3e0e02
arc,fit,NCEOGA_2013_8_51,NCEOGA_2013_8_51,True,487c58df7aa5d9fd0414141fc16e8f5c1ab220d9f50e710d8405451ccf9647b4
arc,fit,Mercury_7143045,Mercury_7143045,True,d609fff6a04ccd0c21cd992013e92d00ea71fab65d1ec68b5ab812a4ef7b50d9
arc,fit,Mercury_SC_406669,Mercury_SC_406669,True,692e94b908b5f58d2d9ce69ddb32b6083ee8fd055ad7b28bbe33800757a89586
arc,fit,Mercury_416649,Mercury_416649,True,366064dc57a0b6e0cf460c8aae734c15d3847d85218871c8827a25f772820be4
arc,fit,MCAS_2016_8_2,MCAS_2016_8_2,True,c06580303dcff08ea685f595ea025e8c6420af626e98acfb26e112c3d61666bd
arc,fit,MCAS_2007_8_5168,MCAS_2007_8_5168,True,9478a11c93f28a1a7241becec2fc13500630ee2ca5b46828869da94c8f2c81cf
arc,fit,NCEOGA_2013_8_22,NCEOGA_2013_8_22,True,7de13282aca15c736a5b03418523e654edb2281d16882250254f6aa327c7dab7
arc,fit,NYSEDREGENTS_2007_8_28,NYSEDREGENTS_2007_8_28,True,5441da14cbab0cd974023de2c034de2aa9eb51d3526dffbd3eb7084d739e56a9
arc,fit,Mercury_7139580,Mercury_7139580,True,65006c1eb8d72a4513db2ea37f77c32d1dcf9d149064ca7ab488507d419b44af
arc,fit,Mercury_7007508,Mercury_7007508,True,4dd4358f65a31f42ee6bdd5df57e6a5da2b05f3001b1eae32f7737eefacf9b31
arc,fit,Mercury_415546,Mercury_415546,True,dda1053e8b6c3e7e620a2a0f44e9ea8a38ce7ca15c27681412be666265661e78
arc,fit,Mercury_412782,Mercury_412782,True,c8d7845ae3afd526d192494e78e08afa17c67d684ff5dfa41917f40c252496f3
arc,fit,MCAS_1999_4_2,MCAS_1999_4_2,True,1c4c17c7eee911a21b0a7057c8a80c8b0678e2219622d443e70ec5ca5087a9ce
arc,fit,Mercury_SC_402170,Mercury_SC_402170,True,ceb6e4b2fdfd768b3e95b9a77dc619c30c230c5b5bdac524d1d415030c878bc1
arc,fit,MCAS_1999_8_24,MCAS_1999_8_24,True,98b10524de6000403ec9f8d35e61a49c76b0026375dab0c4830a7a92ce4ea50d
arc,fit,NCEOGA_2013_5_1,NCEOGA_2013_5_1,True,458aa3c638ead0d43bd68cf9fded89a1f39291244f0c1018e88853fa306ac81f
arc,fit,Mercury_402569,Mercury_402569,True,8ca30a9144ccc4930ea552f06f0a3eea6b4f0741a8b115e7bef09146909bf97e
arc,fit,NYSEDREGENTS_2009_4_9,NYSEDREGENTS_2009_4_9,True,4d1971e8bf0fea063edcf7d08c6c01b3dc4af8d846b2d3d77d6311b8aede8d62
arc,fit,NYSEDREGENTS_2009_8_29,NYSEDREGENTS_2009_8_29,True,2f7aa58c9caad3cfe6d544fa86f4888a1b0d76ff2d13437e219d6ce98150d053
arc,fit,Mercury_7097248,Mercury_7097248,True,82d04b09fc2ed6a3aefcaf6cac407514e6800aa96595b52ed7b10721f426e313
arc,fit,Mercury_7218120,Mercury_7218120,True,5010f4d9f9fda3d11d92e059554f5183eb583403f9f5c486f1e3ccd3fd50a0b0
arc,fit,Mercury_SC_401004,Mercury_SC_401004,True,9fbbe2549ca2432049dbd22c258201323ad487ac9be4106baa0b95cbd9433729
arc,fit,ACTAAP_2008_5_6,ACTAAP_2008_5_6,True,8ce5e1201ab05d7ea88eb02a51dcfc20635b3440506f68a3dd73c1f1dd49a2ff
arc,fit,LEAP__7_10343,LEAP__7_10343,True,669383d61de0fded50b581495aa6bc98450e5a924c01e366590b420f63100b5b
arc,fit,MCAS_2011_5_17663,MCAS_2011_5_17663,True,877c47e2a500404530440aa9a464924566194a7a4b1a638991e0baebfff78a7b
arc,fit,MCAS_2010_5_11983,MCAS_2010_5_11983,True,67de2236f3d683af192a17b9fa2666231f09756e3bd16eba231952e00720a2fc
arc,fit,Mercury_7271180,Mercury_7271180,True,556c82ba83f50fce5e3f588b119c9f83d57abdb93922873ab5d725c48f326455
arc,fit,Mercury_7114415,Mercury_7114415,True,18b754c7ca1250528c3b75958ce4a83aadb103f41cb05ea631607857013679a1
arc,fit,Mercury_7221795,Mercury_7221795,True,8405a0293ceebce196d546cdd44f9259c172e3db479a171398ac8e9b8a79cc22
arc,fit,NYSEDREGENTS_2004_4_3,NYSEDREGENTS_2004_4_3,True,a4f19f895708863e5cad54d7392c09ea4606b357ea285f81ece6a047f61cd713
arc,fit,Mercury_7122570,Mercury_7122570,True,854ecaf1347885b2e62576b544b7149b8e0b93aae128bea42f53ab012db32429
arc,fit,MCAS_2013_5_29397,MCAS_2013_5_29397,True,8a99306e1aff0c64fd5613cd62ff3c5013ff19683dbe38dc6785288bca78064b
arc,fit,Mercury_7097388,Mercury_7097388,True,21c09785eaca3f4ff1f7b2b50f093ceb472c6a6d06ce48ef197b5de7faadf1e2
arc,fit,MCAS_2005_8_15,MCAS_2005_8_15,True,e41da34c2253626100304e1c5709a52c63d3b8a4ba6e0175a066b560138d5e41
arc,fit,Mercury_7227833,Mercury_7227833,True,6c67acbae90a67eecfd6c1fea6f5f68530018493e539345c8b3dc87efd3ee0a6
arc,fit,MCAS_2008_8_5707,MCAS_2008_8_5707,True,b1c519d2e16df7d296653095ff09802f0fdef74a44a6da49c0805c3e487dae5f
arc,fit,Mercury_7043015,Mercury_7043015,True,baadfd21f511f13850bf84fcf9907a20870b09d60c2d61a0154068d5dcddc2dd
arc,fit,MSA_2015_5_46,MSA_2015_5_46,True,4d598aab98b46287a03fe0ae797f8e986afad5dc6f099a84d8800d7906944b96
arc,fit,Mercury_7120943,Mercury_7120943,True,e4238be6f2e4a5fd4a8948cbfe2814ac8f692d344dd8bc2c2c94a60d95eb5038
arc,fit,MDSA_2010_4_1,MDSA_2010_4_1,True,8c4f17e605abef45282e467bf0a9dc4cd6fe705c8b888114485b77e6cc3db670
arc,fit,Mercury_7218733,Mercury_7218733,True,45549532c95dbe36e2f673ff6fad70d4a7744e9462c32c2053b7aa58234337e4
arc,fit,MDSA_2011_8_1,MDSA_2011_8_1,True,5aa7845c2871fa19a43d5fff7e47ed8499a5eb331e0d0f30899100241e567190
arc,fit,VASoL_2010_3_21,VASoL_2010_3_21,True,bc56e706305a8daf366ad2c5033100b7dc8daa8aef450d250c4effcd8271b1d4
arc,fit,Mercury_7018480,Mercury_7018480,True,abbbab5bf2f6721f8c6b082f8f6a6b93abb5b2a5a0b362bee530f30a96b9ecb8
arc,fit,Mercury_7168070,Mercury_7168070,True,5a3aaf94ad9b36e53f86c1c9da4a4190801bd8571c74c9e8ec98db804dfd8ff6
arc,fit,Mercury_7247835,Mercury_7247835,True,d99a1e99c42476d2d1b7619d25d72705a6764d6f88425bbc54bd88caf8dc29b6
arc,fit,NYSEDREGENTS_2006_8_26,NYSEDREGENTS_2006_8_26,True,7be38451d0fbed1021d123913162a267a567c8ef18312586bc619f1784da9321
arc,fit,Mercury_7106733,Mercury_7106733,True,ed8c2c830a79ceaac6642210edc81a868de038b9bf812a3b8f6180e689db54fd
arc,fit,Mercury_7083580,Mercury_7083580,True,f3242be5d09d7f0e12516754898746e9191fb7f31afac351898cc50a75eb122e
arc,fit,AKDE&ED_2008_8_12,AKDE&ED_2008_8_12,True,b23394ab7542fb996cd66e9b596aaf04bbea8a2d106c85f373476d4d1a1b71a9
arc,fit,Mercury_SC_LBS10389,Mercury_SC_LBS10389,True,cd0fb0eee9c7992685f759a5c066b39d04f2b2eb7af7d69587d5686715c698d0
arc,fit,Mercury_SC_409675,Mercury_SC_409675,True,bda10cefb7602d4101e0ced0ca99dcef0abb52076a9585f32db77b6b313cdd58
arc,fit,AKDE&ED_2008_8_32,AKDE&ED_2008_8_32,True,c41869cbc10a2e2a47901f0b2536519d4a63b1c3c1bae50bf4a38299c94a64b5
arc,fit,Mercury_7204260,Mercury_7204260,True,4b642e8a3b677050863376b5164878dda0a5ffc3034df09b1139b10e018f551e
arc,fit,Mercury_7082565,Mercury_7082565,True,6496809836a80ad12ad8f325ed4e5117977001c38174048086bc26c52bc4c511
arc,fit,MDSA_2010_5_2,MDSA_2010_5_2,True,cc0a179d9ca912b5d66e65a6331a73756eb44e2928f83b33dc769a9eb9fec875
arc,fit,Mercury_400893,Mercury_400893,True,a809ac6375c8bc3bb0fde7be5376a62bf43eba4f0412d4a201947be35fded30b
arc,fit,Mercury_SC_401304,Mercury_SC_401304,True,0898f352fdf31011904be81e3439a570619bd8ad03c05a22186dd2cd3670be2f
arc,fit,Mercury_SC_400174,Mercury_SC_400174,True,7cb4cd889f073ab6814511cea20d6e236b0d06171c78e915f5b33751acd11da2
arc,fit,CSZ_2005_5_CSZ10383,CSZ_2005_5_CSZ10383,True,52a9eee286f73e7a30b641596c53801cca8d67e02ae8200fa41ad732e21d3d38
arc,fit,AKDE&ED_2012_4_33,AKDE&ED_2012_4_33,True,4179178fee36408e55e9e27a8ef60752e6328281a0733863d49c8eb51328df41
arc,fit,Mercury_7084648,Mercury_7084648,True,2c7ea663115bda1fc65186e3573a2bb64e8837b7aa43e7be8d954bf3a1de1848
arc,fit,MCAS_2008_5_5616,MCAS_2008_5_5616,True,ef6b77437db5275c47f9a1ab69f11e437fa4f3241c197c1eaf251b103ca1cf74
arc,fit,Mercury_177328,Mercury_177328,True,8a755a443c171f18cd1246eb42fb79bdf58e8be0add58ccea0ede08cc2e68749
arc,fit,Mercury_SC_LBS10030,Mercury_SC_LBS10030,True,69cfca2e81a8290b1d7e926b2f9fb31bd0e37e9e6afce790336724f43c0cfb22
arc,fit,Mercury_7141995,Mercury_7141995,True,910125ae96cf214abb4ed308b2d48c51b6498aeeeebc6b5002bf1e6f5bbe9a65
arc,fit,Mercury_417140,Mercury_417140,True,d349d49397e63aef2082235271c8e6126613bddc9aad581ead7120a499c36599
arc,fit,MSA_2015_8_38,MSA_2015_8_38,True,a9b95cf8c3d5b8cb8d88fdc046214cf22de9ac579723273af6c5b42a0db95e49
arc,fit,Mercury_7016730,Mercury_7016730,True,277ed130ae4aa75829639e49cf513726e14669c549a8e54e77c89d8b183e7311
arc,fit,Mercury_407675,Mercury_407675,True,4cae6754a63d493b849d1f99e5e564a4b0d06e356ecacdd748c930e44291f6fb
arc,fit,Mercury_7142975,Mercury_7142975,True,acf97c10758ae69c8254e7be8a54ef993eaf65aac8510fc692e6dfbc458a75c7
arc,fit,Mercury_SC_408447,Mercury_SC_408447,True,254e743c2f2b7d7a41cd509df2555ca71622d893a10eedbcdb874689272bfe59
arc,fit,Mercury_SC_407783,Mercury_SC_407783,True,cbb2ca0e189398114ebb239bc00850aaa4763504f4d3d55aafeb1f12e4aa9578
arc,fit,Mercury_SC_402643,Mercury_SC_402643,True,3ade6a82218bedfdaf6d0725566a764ae6f8ed430395e182b1f12e7a65155eac
arc,fit,Mercury_SC_401336,Mercury_SC_401336,True,be9f56c041785ce3e4c07149d519c78c66dbd7107199824df3cb6fff440bce5c
arc,fit,Mercury_LBS10002,Mercury_LBS10002,True,9453d83fd9bd8aa47534aaaf7eee287174b2d1ca1fd705ff6b1c852e5f075d98
arc,fit,MCAS_2000_4_4,MCAS_2000_4_4,True,1c6fd7a0f29495440231fa13b3f0f29c2e927f42f9436ddc9b10969ccd223d6f
arc,fit,Mercury_7056438,Mercury_7056438,True,c639de85f443742dd837bff74b8c7b17787de1e9f7b8a1eae92311046798279a
arc,fit,Mercury_401030,Mercury_401030,True,9827a77352f2a23a33102c7159dcd093a53eb8eb30afc60e0001913eea89c5ae
arc,fit,TAKS_2009_8_49,TAKS_2009_8_49,True,2575ee80b3af8012adba5ad14f975670b8321ec6db575e02ce1ec8795ccf6b54
arc,fit,Mercury_SC_417556,Mercury_SC_417556,True,113ccc1351bb2bb8c35b341209c234e372dff0d7bf52bbe51325f2dfc13c9528
arc,fit,Mercury_SC_414245,Mercury_SC_414245,True,7d3fd44247e837cf6b8bf8378f6a9223dd25a19d8a4867583a47ea7463cb8deb
arc,fit,Mercury_7084420,Mercury_7084420,True,56c0f63fb6f3deb4251381dfbf0c0c33148883e1767dbafa5e448e747fb22574
arc,fit,Mercury_SC_408402,Mercury_SC_408402,True,6e1e03571c769a7221edb505c2b19937da2c06778b2c8da397c398b206b94933
arc,fit,Mercury_7069458,Mercury_7069458,True,5f2ce97680ac132189c8a3c57feecbd95db31fe481652a6d407d8f32c096756e
arc,fit,Mercury_7106908,Mercury_7106908,True,e2406070c4b8f2e8dbbf72b153e731fda401681fe90c76f590790eddc82fd4e9
arc,fit,NYSEDREGENTS_2004_4_10,NYSEDREGENTS_2004_4_10,True,89561548bd404d762e977b4c7e0bd92ec262d0ff5f3989524e967ae721ed52e1
arc,fit,Mercury_7170433,Mercury_7170433,True,f9a4d0f75465b3a723e39cf66fa81fdca77b0ebf48e95f395760e21e1852a6c4
arc,fit,AKDE&ED_2008_4_21,AKDE&ED_2008_4_21,True,c3692d48727505f8fcb08eeb4bdd65fea430a0cdd329c9f83b18b07ae638cdd9
arc,fit,CSZ_2008_5_CSZ10022,CSZ_2008_5_CSZ10022,True,634204dcff7ac1ddee0c85fee6b1aff13ea141ebb8b92070a17c4e1ec5869009
arc,fit,Mercury_SC_407295,Mercury_SC_407295,True,77e628cab136517d319c46df46f31f18169d144fea9d4366c8ad08cbf25b174e
arc,fit,Mercury_7077683,Mercury_7077683,True,0c1116d7631888f89254f8f814c72d6cb64a5d83bd1b03f4c1171fc6df672d17
arc,fit,Mercury_LBS10444,Mercury_LBS10444,True,b2fe82ea3143b598c291c615499a77cf97107bba4e0ddc1a0cdde15e47e3c5fb
arc,fit,Mercury_SC_405198,Mercury_SC_405198,True,a7d6cd7dde49af358a36575652f692d381101cfe0762e980c162a35ae1fbff7a
arc,fit,Mercury_7064208,Mercury_7064208,True,c217ba2a0700023bd37c1fc0833dd15e73026e952ef681f48b2f555087c619ab
arc,fit,Mercury_7016835,Mercury_7016835,True,3ba66bf95a6b713fade28ce52c48fc46a411e36f9711b4f688327369d0214c97
arc,fit,Mercury_SC_401183,Mercury_SC_401183,True,836196b72cce69634b125235a1b97656009174d0294bc4a2227ab5abb120c03d
arc,fit,Mercury_SC_LBS10907,Mercury_SC_LBS10907,True,cdb6cb3b093effe33a4afdbdcc1bec7fcd3dfbd6cb24450b7cfcd3fc122888dc
arc,fit,MCAS_2004_8_8,MCAS_2004_8_8,True,2a70f0ffe32832e2dcf7bcf82baf8868b865f61d4ead18b5a5b493f79180553d
arc,fit,Mercury_SC_401354,Mercury_SC_401354,True,e0aba36b98bf96b0a82b80c753bf379887de90ad0fdebb06be99c5ed962d22e3
arc,fit,Mercury_7015645,Mercury_7015645,True,6265bbe7045af008bc872765351f9357bafc7c7333947a8ba806af3f71c9072d
arc,fit,NYSEDREGENTS_2005_4_20,NYSEDREGENTS_2005_4_20,True,eb52bb4cd98a0104b3d8790140f9b88104fdaac26ba631e8f9818721d94f37ac
arc,fit,Mercury_402363,Mercury_402363,True,556d23dae89f88e331c9ae6c24580cb4689294e8b513875503aa167582ee97db
arc,fit,Mercury_7283920,Mercury_7283920,True,b80561325af2f374ac84230a9052b8290d5eb31c5e012f362fee36753c1db7e3
arc,fit,Mercury_SC_406721,Mercury_SC_406721,True,a8c9dc5078eddcfff1980a342ddc9e4cdd1300aafbf8d1eb6fb5ad3906ec3215
arc,fit,Mercury_SC_401153,Mercury_SC_401153,True,214d9fea05d64862118e6f599f0c6072612d6e5d3d4ecd7fa31465a94d8866b8
arc,fit,AKDE&ED_2012_8_37,AKDE&ED_2012_8_37,True,96dc9d4cf7b44105d9551e835c65029170cec72f1f3f98426b13250e03461a9b
arc,fit,MCAS_2001_8_5,MCAS_2001_8_5,True,1becee76b1d9c4a9f854d64756b21cd5af45526e86b5173438f130fd1dee0edc
arc,fit,Mercury_7092523,Mercury_7092523,True,3fe541ec5429b8ffafd39c1451d895e185eb7f1ebbda96bc101a5175699e4eb0
arc,fit,Mercury_7140035,Mercury_7140035,True,82cf253a1f83a9dfedd57aee588e1769186ab7c93c7073297301ddcc8abd7d39
arc,fit,Mercury_SC_LBS10244,Mercury_SC_LBS10244,True,a04bf48ecd8f6df17b851a95f72738d7274c10832b94ea50383da65f6fbe9661
arc,fit,Mercury_416673,Mercury_416673,True,d2c02fb3559c875c6552e794fc5e9be35fbf626744d125bdfe3c142c65f83f24
arc,fit,Mercury_7282118,Mercury_7282118,True,04db82dfee131e1fd8cc420b854cda4a8ae988dca1333b13b382b8eb5c42b8f4
arc,fit,Mercury_412216,Mercury_412216,True,1183097d5f9a545d8f22e83d690421ec4b84c131b3ea3fe6f7254637d693faf1
arc,fit,Mercury_SC_405207,Mercury_SC_405207,True,6286100c60e95083a4ef9a1fe62c79e615e5e6a880d66112e0b3c06572aa9964
arc,fit,NCEOGA_2013_8_8,NCEOGA_2013_8_8,True,5f88a35e7059f760cdff7ec54253c7d7c16c061682445ad0b1b051e4e8f0c4b2
arc,fit,Mercury_7145478,Mercury_7145478,True,6eef1985bfd924982910d23c97910a4b815b42619110409031c977d87f0b1fc4
arc,fit,Mercury_7126683,Mercury_7126683,True,77c51047be097dff399f6995fe950590f25cedd0699e72a403a3af226fbad9d7
arc,fit,Mercury_SC_408368,Mercury_SC_408368,True,79d8c5e434dbb0551e40f52dfb5b5ce8e0b978ff20f8de7318ab58e33b01cf60
arc,fit,Mercury_SC_415364,Mercury_SC_415364,True,af82e1fafebb5f7ff8ad60216fb8713f730fada5fc464c27896b90a9791c5e31
arc,fit,AKDE&ED_2008_4_41,AKDE&ED_2008_4_41,True,5728769e165f1514eede1353d4beae08a0ca4d2f5bdec7e48b56fc2d03b9f392
arc,fit,VASoL_2007_3_6,VASoL_2007_3_6,True,e6e41153bbc4d89619ba5fce278ab5b32854f376aa293e16c883b418dd4dc5e0
arc,fit,Mercury_7014525,Mercury_7014525,True,15f44b344a2e34c26ea5eaa128b33ee094c1c7ddb19db4de2d819c068e9d2f1a
arc,fit,Mercury_7083808,Mercury_7083808,True,955cdcaef7cc0d4d6f2c7b181da6979d66eeda8bc14ffb983ee9e8747f918ced
arc,fit,Mercury_7132108,Mercury_7132108,True,fb1019288208056efb3a560759e5e1035a5c083f553e47f6db60dc42575554ab
arc,fit,Mercury_7033863,Mercury_7033863,True,d5416e528edcceca2bae2c6f8cf5060da0a9930234868ec07526205aea87e616
arc,fit,Mercury_417463,Mercury_417463,True,a3aebeda146e50f29f1d468e59d580006a823cca8950c080a3e1f1ba204aec30
arc,fit,MCAS_2007_8_5180,MCAS_2007_8_5180,True,41e9ff2472a5c48217d3a96442bce3128fe243bcb15e751535d183f9d8270423
arc,fit,Mercury_SC_402619,Mercury_SC_402619,True,bff014105aed964d929fbd791be95e9fd0b46cbfc036d7c41cbd63146c9e75e2
arc,fit,Mercury_7093030,Mercury_7093030,True,6c23e291cfcce777a1a1c83d0a7aac3c3423b7ebc5b96a33eff7860f6e94b7b1
arc,fit,MCAS_2006_9_38-v1,MCAS_2006_9_38-v1,True,8e2f8b899f18309efffef05835ebab163b9fda6d9470c0abad9f404ba3de740f
arc,fit,Mercury_SC_413243,Mercury_SC_413243,True,7e54acc20d8857d6414f20fca823973eb0fc2e17e0beeeb7d888de8c8ce239c8
arc,fit,Mercury_7219100,Mercury_7219100,True,2ed3658a5d7a9f8efff452b99882e1008e1ecd075dfc2df2b41bf8834de82c3f
arc,fit,Mercury_7246260,Mercury_7246260,True,434c4d5e27f1c3d50333d167856db0b18fe2686384c0d9114364540f7b868583
arc,fit,AKDE&ED_2012_4_21,AKDE&ED_2012_4_21,True,d909bcee05e5fecaa1c33f55a1afabef04547b6a7b00e4b04dbe95c5e2dd2efa
arc,fit,Mercury_SC_402085,Mercury_SC_402085,True,659956fce5531798c30fe873d3b6cd60b4725bc7897efdf3714c19438fb6eedb
arc,fit,Mercury_401242,Mercury_401242,True,f2ea7da38c86390897853a0773747d51e573fda6f2c9ef45e3cddb746820d091
arc,fit,MSA_2012_5_14,MSA_2012_5_14,True,8c0d440466046def1277caacf770980b159fdf3fe5e893fe290e8c6163bb370f
arc,fit,MCAS_2005_8_4,MCAS_2005_8_4,True,198903a499a6e819b74b78a83544231ff42da260b6ec026b43e8fb029575cef6
arc,fit,Mercury_SC_400160,Mercury_SC_400160,True,f32cbdd71a38bc5cfb6a19c6a1783cfe5b255627a2ad22f8a10027d100dc2f9e
arc,fit,NCEOGA_2013_5_59,NCEOGA_2013_5_59,True,a0bd1440a14940bf280b0cfc0813f5ba3b9b48730e03e9d3c82b6331da308825
arc,fit,Mercury_7013545,Mercury_7013545,True,7a51b3530e593d33293b1334029ee5f526662c746463aad8fc41311b6d1d998f
arc,fit,Mercury_7013860,Mercury_7013860,True,95bcbd135264171e9e8ea2382cd2a420ff17c246f3d2097dc68eb3a3a8055809
arc,fit,Mercury_7029645,Mercury_7029645,True,eacc3c32ce8a4ebac4ce5591fb93fdc71ae54179fae170fba0fa2fa70fca8962
arc,fit,Mercury_404993,Mercury_404993,True,c8da22810f9a1d03cf9aa242884d3910b8ac2c528b2a0b912b518d672938486d
arc,fit,Mercury_183803,Mercury_183803,True,3d79465a1d6bccd69372cbb5b5030f0f2e932ce27d174153e19e517c60502393
arc,fit,Mercury_7093310,Mercury_7093310,True,e18fb771cb0adda38f396bbd0eef326da1e7010efe4339df1708e6726850be44
arc,fit,Mercury_SC_402105,Mercury_SC_402105,True,6cd069ee60200004209ff9e3019605f87c6a629994cf00ea4bc9efa97b6f3c68
arc,fit,NCEOGA_2013_8_14,NCEOGA_2013_8_14,True,9e034b1b4a7e37e684ba654ac4eae4921a096336199aa120be50cab388aa9949
arc,fit,Mercury_177468,Mercury_177468,True,c865c701dc6fca5c89d917ba07c703a307d722894f5d41488bab01b6138e354d
arc,fit,Mercury_7102270,Mercury_7102270,True,c7f5642e76184f5e77ee82e6160f257e0cb90c9f99a44cc0974498a0e64733ba
arc,fit,Mercury_7217070,Mercury_7217070,True,1122e8ffbebb46388071d6ef2b2df54efc3a4eb10ae43d392335db00df85a533
arc,fit,Mercury_7283675,Mercury_7283675,True,b63b8a1ea8d1a9b873b4e9b5cf5d53292542296c75e22ba69d4f202e996349ce
arc,fit,Mercury_SC_401197,Mercury_SC_401197,True,edfc4adf41dd0a53c9754ff0c4eab8e6421f3f840b5d4f7b383bd6780fdbe54b
arc,fit,ACTAAP_2010_7_13,ACTAAP_2010_7_13,True,14e9d5e1dd57452557d89f5e21fa8a7570711d6d2927b7039b8265776b5bcd07
arc,fit,MEA_2014_8_6,MEA_2014_8_6,True,f3f7c56b2d4831213ae75ee5f89298d973984bd2f2eb61d2499a41c38333ab45
arc,fit,Mercury_SC_405303,Mercury_SC_405303,True,ac63430527db8359791c26b2dc35e67755929b65fd4450091efd352b582cf9a8
arc,fit,Mercury_SC_405724,Mercury_SC_405724,True,42da9d16404253025ee63a72c8b8da3a5fd55b752c0315a32677f0e064c1f241
arc,fit,Mercury_SC_400338,Mercury_SC_400338,True,f35bd9e67d0421636005cf36e5ce8d43402aff80437d002f3763c4c78bf266fe
arc,fit,Mercury_7122465,Mercury_7122465,True,d506d8047dbab4c5a26df6af219087730e0fbb961bfc51383a4a08f002871c37
arc,fit,Mercury_7213255,Mercury_7213255,True,2613b6b76e3557f69f6d728b01025174d5b6a091aba4428738718a18abd272e2
arc,fit,MDSA_2009_8_14,MDSA_2009_8_14,True,4db7ac68e4ce62cc5911b092420cbf7128a92a0d09668dc7d8573b2cbb598e7d
arc,fit,Mercury_7217840,Mercury_7217840,True,a80cc3348cef385e5c68cc231c3c3866950a33a466da6a417f38413e1467869e
arc,fit,CSZ_2009_8_CSZ20870,CSZ_2009_8_CSZ20870,True,be300036a004b5175a49cedcbff25b42a5f0a3a2b33a050881ab86f0bffbe8a5
arc,fit,VASoL_2010_3_10,VASoL_2010_3_10,True,8043edd1f4408bb89dc2a785c1338e72f484edfab9c7d603b7a4f06b2ac10a59
arc,fit,LEAP__7_10344,LEAP__7_10344,True,20e7525dd1a55afed6b7acca93f171368b00898b8772f9548a51f2adaa953482
arc,fit,NYSEDREGENTS_2016_4_20,NYSEDREGENTS_2016_4_20,True,dc11275d9801c144b6009122eb187b8e863643f25535316d04fbcd790ef50434
arc,fit,ACTAAP_2014_7_14,ACTAAP_2014_7_14,True,d7a7058c7ff7b4d8312440509fd2805724df9a6ef22995d62a0fd1a057890d1f
arc,fit,Mercury_7097965,Mercury_7097965,True,c29020b99b1476e55cf0cca5e6ca09ffdfed4b8bc0f3781b9d34c5869c71f531
arc,fit,Mercury_SC_413300,Mercury_SC_413300,True,1b04648304170573f546983316c751b0d41b1943806de10a0a01711d67e9053c
arc,fit,TIMSS_1995_8_K12,TIMSS_1995_8_K12,True,3b715d7d5c8fe8360a735e564de07fbd3e8d8d97e7da166925e1940db11e9fa7
arc,fit,Mercury_7100468,Mercury_7100468,True,aefac5125e24950eddc362bc1597516d1ed364406ec68e43fdd5c757896a3655
arc,fit,NCEOGA_2013_8_24,NCEOGA_2013_8_24,True,7291bb6a769f1356b7b441f9b2bf40aee616d6679c8e0eda5b02c5c03b739d7c
arc,fit,Mercury_7081270,Mercury_7081270,True,8d730b92df56ff76fa8fc1c8124e09e5196d14953e39a31c5840d5b29ff4fe2a
arc,fit,MCAS_2007_8_5171,MCAS_2007_8_5171,True,9f7877c4968356e080d3e7469cf7ca19749e8ac7bf782d12c96406d546913642
arc,fit,OHAT_2007_5_34,OHAT_2007_5_34,True,3eb428e551ae6fd59ee462d56edc3da1cdd0a96278b5ac861eefb141a96ad034
arc,fit,Mercury_414091,Mercury_414091,True,9087b5b700da76901f988ee0043c0c712231a0480138f585aae7ae3d6c1114bd
arc,fit,Mercury_SC_401359,Mercury_SC_401359,True,e075562e981789b1df57c5f0f9560a75285cbbd460b19457cdb3eb96456bfbbf
arc,fit,Mercury_SC_400607,Mercury_SC_400607,True,da3eb57a96a9e1be0d5f5103c6ef42ca051277d59f7b5460afb814368b2c860b
arc,fit,Mercury_404134,Mercury_404134,True,513cbbcc54c2c878074197110d0afd9ef790a2830d0a7ace4a1718d722a4b79c
arc,fit,Mercury_SC_401198,Mercury_SC_401198,True,1f6198e34d01ebb04f5abbc7531386ac835fa958458fff23e0433c5335048a3d
arc,fit,Mercury_SC_416654,Mercury_SC_416654,True,638f681dc414f0d93b04ddb732db83879e052ac4dae5ca01d5c28252978e3595
arc,fit,MEA_2010_8_7,MEA_2010_8_7,True,7b7ae7a71e2c74df965a8de9f821aa47117cf6f692e6b9915b4fe72ba95043d9
arc,fit,Mercury_7172795,Mercury_7172795,True,7e52bcbea40e926c5998935a3faa5867b68babf51914724f2c3e42ad0613dcf8
arc,fit,Mercury_SC_415410,Mercury_SC_415410,True,1da60c9de3a3ab34198a7c2c23f041f567f5e8ee30a47b7835a766561a2e4bdc
arc,fit,Mercury_7107415,Mercury_7107415,True,784b64b24b27d0303709750ecc0412c3d13bfd14b19b768d05b9bcdb65409ae4
arc,fit,Mercury_SC_401644,Mercury_SC_401644,True,5f14cda064361fadf4d3449cd2883ce508ecaa0f39fc4df7e8747f33bdf969f2
arc,fit,Mercury_7215740,Mercury_7215740,True,44b6ea93c21c286f846099b4d66ea8743700d2842781450082a2e9d91955738d
arc,fit,Mercury_SC_413558,Mercury_SC_413558,True,50fd418f5195176336c8b334b5256cbdb7f2bf24868d91fc45f1e042e0ac3ea0
arc,fit,Mercury_402213,Mercury_402213,True,d5a43d1968feb2f224d5787c343a1c285c695b3dd49aa562df7a036e8f316bc1
arc,fit,NYSEDREGENTS_2011_8_13,NYSEDREGENTS_2011_8_13,True,3c7330cfb9391a7e180436c1f8118d5ca2e81fd7d6aa1921505995916f203dda
arc,fit,Mercury_7013003,Mercury_7013003,True,133369e72fdfa49b257f6aa0557194eb10f355e62882542402bfa5dfef8e7002
arc,fit,Mercury_7262833,Mercury_7262833,True,99578f087d6b567a5816488e1ca04053142288005a93063fe8b4f20f2615bda6
arc,fit,NYSEDREGENTS_2011_8_43,NYSEDREGENTS_2011_8_43,True,2794b7185b2f1104d4134a61ef6df11385c4cf0ca699dc96e03189d5d18cf5b3
arc,fit,Mercury_180163,Mercury_180163,True,728416405a5b55591c7fb85e59f86ddf25c1f6c3b386438c9d173d07e4616287
arc,fit,Mercury_7191153,Mercury_7191153,True,41ebf06d027e5151c77e4b68eb972cc1a39d1c80e095acf86cfee60f00ebc020
arc,fit,Mercury_7114818,Mercury_7114818,True,701960011f9d2004a3b6f1ba00b5525e70340b402f753dd194c6070853aab8b1
arc,fit,Mercury_7228375,Mercury_7228375,True,c605d1fbf0f252af1e9bc9993b1fe8a7597a10833c6db44d1edad7df4d9a4242
arc,fit,Mercury_411450,Mercury_411450,True,e9afdbfc8d9af7d93e39c7bc0fc86933e2594ecf89b83bde5ed44da93326b660
arc,fit,Mercury_410707,Mercury_410707,True,f157ec8407ee86cb4c974f4dbff75cdb603abcae742b2dc8cd469669d8a8c942
arc,fit,Mercury_416466,Mercury_416466,True,6276a72d454d20040788a2f398066797d9e6d531d9c5eb689bca7b9cbf85683b
arc,fit,Mercury_7233800,Mercury_7233800,True,b99dcb4957d2ad6bb0c98c9105d1156c415d85eea214bf3989f0ef599ccba9f4
arc,fit,NCEOGA_2013_5_3,NCEOGA_2013_5_3,True,6e3e547a67863ef900e6143be7e854aa664b21c1e9470d3f28e4d2e79ceedae0
arc,fit,Mercury_SC_405635,Mercury_SC_405635,True,55c7e964f44f700c4df2273b10742bc6a59194998117886b57628b0b4a2a8436
arc,fit,Mercury_7128713,Mercury_7128713,True,4678c420fc510fbc0ddf091537e80604583d197946cfc11c6749433c7b1fb40d
arc,fit,Mercury_SC_406541,Mercury_SC_406541,True,4600786c83d0daf0164c22b7e4decdc79aa0456d4e5cb838651f89d7750cb247
arc,fit,Mercury_7188090,Mercury_7188090,True,e054204be8760eac91562693fcdadc7e4b1bcfcc6b9c150c79bea166f7bd8a59
arc,fit,Mercury_7094868,Mercury_7094868,True,c7889e5ef3e13e3b6316053d46a7eecf9423f523727348694c2ab8c5ac88363c
arc,fit,Mercury_412149,Mercury_412149,True,77fea0716887850f09fd14fb56fe555b194c454de4489982e1cfeb154b548cb1
arc,fit,Mercury_7094010,Mercury_7094010,True,07bb64e81e6ee170034e838a87eda17ddee83c770a68dd234f751b0e9b8436a0
arc,fit,Mercury_7268835,Mercury_7268835,True,c125a04a37a8a09aaaba63b6d58f45ac6c5a18bcd1372d4bfd851a78d39cc2a9
arc,fit,Mercury_7212345,Mercury_7212345,True,b5a679a0137d6dc7f6fd48137aee2d154a7994612040c212b05de71b002b5c29
arc,fit,Mercury_7027178,Mercury_7027178,True,f9c562b667f21f2d4ade6ab47e9ded879e984f9b770148dd17e0987a1b85e485
arc,fit,VASoL_2007_5_7,VASoL_2007_5_7,True,1c417049fe4ce34f4de2cfbd6ea96f026fabbca875d8deaa53dc48ab98cf128d
arc,fit,TIMSS_2011_8_pg100,TIMSS_2011_8_pg100,True,51d641afaa354ca7454c71859f899d045a46e01aeb52e78993e5f5f4bc5459da
arc,fit,TIMSS_1995_8_O11,TIMSS_1995_8_O11,True,9c4df27c5ce642da90d473611e29ef48515342756bcbb1ec288d5004f6fbc70b
arc,fit,Mercury_SC_415389,Mercury_SC_415389,True,91eb85f3761b9fd3e1a1f01b576c5bd77f7fccbc3bba1ae6478de53ce61f3f1f
arc,fit,NCEOGA_2013_5_21,NCEOGA_2013_5_21,True,4cb90c7b33c1d78e659b2b89045284e1bda899e43beca48a869ec99f73242df9
arc,fit,Mercury_7233695,Mercury_7233695,True,a3e33270fe5092b038e664463d9947fd1488356512cdccbb97d6cfa082052566
arc,fit,Mercury_7132195,Mercury_7132195,True,a25434cd12b496e01848b961aa66132aede3c709b53d89cac2f2587e760edf39
arc,fit,Mercury_7005408,Mercury_7005408,True,a9784ad525e13c7cfad7f457a41cdf188f10d817e38a31e3e02e962d097ba344
arc,fit,Mercury_SC_413531,Mercury_SC_413531,True,756b046b9014b7ff50c74bc8c6c2fe920e5ea45951018f28f8d85c9c7056987a
arc,fit,Mercury_7239575,Mercury_7239575,True,408eab9553969f2a80dc62c52eba9b76d062b5607f427ceec11238aa85feea1e
arc,fit,Mercury_SC_412697,Mercury_SC_412697,True,5ca5103eb421f5bb6c58fa5d8e300273fa0fd00db46af12065a7d9dbc2ff3f8c
arc,fit,MCAS_1999_8_34,MCAS_1999_8_34,True,30257d62339f0c57f2f6cf87d9243497fc698421a99959d14ce87af71b22a178
arc,fit,NYSEDREGENTS_2004_8_37,NYSEDREGENTS_2004_8_37,True,210a36ea897ab2b8e53f7193549f3440eb0092e0e6b9047d884513b94e77ce49
arc,fit,Mercury_7189070,Mercury_7189070,True,77810f7944562b7b72991021d2446655f3b37628931aa0f074b3d3babcce084a
arc,fit,MDSA_2011_8_10,MDSA_2011_8_10,True,92ec9135958f31bee7477b6f391b59baea672b261dd2e936f81842235fdae3a1
arc,fit,Mercury_7246978,Mercury_7246978,True,50817024e0b627b5aaa7dc592dae4e1c20b42e0effcee1698a1f08976d60d352
arc,fit,Mercury_7236075,Mercury_7236075,True,b3a9b95bc8ad191e5ccebeabaf6fb2e9b5702117602d89d80260871ed66f95c4
arc,fit,NCEOGA_2013_5_10,NCEOGA_2013_5_10,True,cb7f3f46238c3331aef40e97be8e976bcefc1ad505d5852f9ab8a7d6b0f125ed
arc,fit,Mercury_7024220,Mercury_7024220,True,72b2af24ad6da07834aafb960ac0b92c3d4f619e2dadf756b6263ea090049905
arc,fit,Mercury_7217963,Mercury_7217963,True,02fa2a6f14f689a263151db242f3480ddde126630d3f405d78240c2983e69577
arc,fit,Mercury_LBS10257,Mercury_LBS10257,True,88727f1e85462e21cfa72a6a28dc47f573dee3add4902482e25833725b9cb591
arc,fit,TIMSS_2011_4_pg64,TIMSS_2011_4_pg64,True,8e2557e3a4bdfd54b3f743b2feb6504826c61f5cc3c61c78d00fca51a8719b58
arc,fit,Mercury_7071838,Mercury_7071838,True,1eabfac5a1093c9ebfddf9d2193f0dcf6dc6eb0f1d0ad02d020dca75df2b194e
arc,fit,Mercury_7114870,Mercury_7114870,True,db0d3d8b8101ff504be44c38b0b4ec97af8e929471fd2cd2c3d5d8ed749be145
arc,fit,TIMSS_2003_8_pg28,TIMSS_2003_8_pg28,True,f72335ad038b6ec92f038ede4e3c0b6652feb5aba7f8294017dcafb6b0d177ac
arc,fit,Mercury_SC_401298,Mercury_SC_401298,True,16a9b0ec9160107f96c9d06a0fb0afbe12fbec00358a9d4a309a50bb6726d940
arc,fit,Mercury_7222810,Mercury_7222810,True,a8e9aa5c391aa6a81132fdc727735ef9b4bd62cff0331cf9466837872d20104e
arc,fit,Mercury_SC_405460,Mercury_SC_405460,True,83d1d201ebac9048c852efe2b7e168138e94963bd3956308b939a002ca49b9f0
arc,fit,Mercury_SC_402089,Mercury_SC_402089,True,8ba09a4a63aa92738bda94ebc13d33c85594b5da2e774ceb1f531441a6b390aa
arc,fit,Mercury_7042805,Mercury_7042805,True,80907fb337cdc461bb0349fb33f2ff068d588c2b2abf8f92bb8726de70b2df7b
arc,fit,NYSEDREGENTS_2004_4_5,NYSEDREGENTS_2004_4_5,True,4b4125ec75b38be40e4ce5d76885843ae12481f09ecbebc15c59682c6be62d26
arc,fit,Mercury_7165953,Mercury_7165953,True,45ad1665f7c2ec680b688f413512801529136b928942931b736d72770d31307b
arc,cal,Mercury_183750,Mercury_183750,True,6a3507630075a7792f13de7ed571c4f27216beeb35b84853483fde9b8b386b4e
arc,cal,NCEOGA_2013_8_44,NCEOGA_2013_8_44,True,93edeca1013d1410a4d28603ebe8c015f1ef443d5006e73eb6837fe6005670c0
arc,cal,Mercury_7008085,Mercury_7008085,True,bc12fef18731dcaf0ae26e2d541cc3fd801a8cf25c364902fd896e12af7ed027
arc,cal,Mercury_SC_400698,Mercury_SC_400698,True,2f2d1ff90a9bbeea7c1362781966781f572b289620d07adc188a88fff513d581
arc,cal,Mercury_7041160,Mercury_7041160,True,cb64b4ff9ff3353b9534cb4b1f97280d1a846f08dcf7e1fa330cb5e273379873
arc,cal,MDSA_2011_8_25,MDSA_2011_8_25,True,1a109f01825b110803002f0df5d274c8e21c83d793fd2ad5d238f79a3cf8735d
arc,cal,Mercury_7165883,Mercury_7165883,True,6929171ae4270a34dc33ecf88206162f4b8c8e7264b7e5513a14462384c7ca66
arc,cal,Mercury_7092260,Mercury_7092260,True,668a1e4b27b22012c8cab1e7fb3d3c0350478063820fbedc81db7e74ede9c958
arc,cal,Mercury_7068530,Mercury_7068530,True,3e8fb6bc663d617add3c48ee51600cf5f24e349c73eee2b4f78aaf7eff2dd7ec
arc,cal,NYSEDREGENTS_2004_8_31,NYSEDREGENTS_2004_8_31,True,e71859fe68318794ac922877160becf8399be4064d5c6f10d8c20a8b4f2f979e
arc,cal,Mercury_7108973,Mercury_7108973,True,68c7d5e311d20973f439139322002b27d494b950643a67347956a7b08ee390cf
arc,cal,Mercury_7141558,Mercury_7141558,True,d0bca1d0cb6803877a4081eea498b06d18886dabf7bd9013c7873f4e22b1b5aa
arc,cal,Mercury_7017168,Mercury_7017168,True,525b1bf4ce6a1ac7ce3e0020cb8c8014d1e62ddb3a912d604521d84f645c88ea
arc,cal,Mercury_SC_400013,Mercury_SC_400013,True,fc856dc259819c8636a7ab35f13aafe5aa72c86f7a4a0b0ccf67eb03e96e2f76
arc,cal,ACTAAP_2008_7_15,ACTAAP_2008_7_15,True,d36e00603462e09dcb41917bed6169c586cbfba58ba1945506c58a47a7ba84c2
arc,cal,Mercury_7014193,Mercury_7014193,True,15282367218510849b863065731d89bdae440bac156c2ca4344a304c1aaf5154
arc,cal,Mercury_SC_415468,Mercury_SC_415468,True,bad8faec9ecdcfc2b01c623e7eeb207a02f4b5102e673333f9b6cc1e7d1ff96d
arc,cal,Mercury_SC_416518,Mercury_SC_416518,True,09cdc54e27176ad78af1330d6702c0071b222f95ba3b0a481cd55aa2709a7984
arc,cal,TIMSS_2011_8_pg136,TIMSS_2011_8_pg136,True,e4de91f78ed780702fcd250981ab8cae0d135502302bdb91f2ba0778a986bd7e
arc,cal,LEAP_2008_8_10423,LEAP_2008_8_10423,True,718b349d776db5e0da28a24ce12eeab2ebd3588fe8182566ed9bf4f7c116699f
arc,cal,NYSEDREGENTS_2007_8_23,NYSEDREGENTS_2007_8_23,True,f9dffb41010e5f1e470d6ee4f01440ee30cf8555891cdd534ff302b25afa338d
arc,cal,LEAP__5_10318,LEAP__5_10318,True,012cf3bc8d2c58b29b242e0f60bad8cc4b7b2f76f046d2f81eef0af475fd7c3a
arc,cal,Mercury_7205153,Mercury_7205153,True,a70a14133b7db0ead8bcfbd519559f96e37ab097a4ab555b40f220aff213624c
arc,cal,Mercury_7234465,Mercury_7234465,True,411d724d9ad876cd03228e629daa0d5100b51e53a1adeed77604cabf94887c3e
arc,cal,Mercury_7143780,Mercury_7143780,True,7d8964dafe0f028b1db18a7964da9f46f95c8810c37d52d27aea5d30199986b4
arc,cal,Mercury_7192780,Mercury_7192780,True,367a3f01aab5d87379e44dc4d9de73edddf6d6ce6c5815a04111dcfd48b546db
arc,cal,MCAS_2009_5_6510,MCAS_2009_5_6510,True,5249f99da3ae304a4300a1c97d7921def2c6ed041042b31cfe13bb2194ef9964
arc,cal,MCAS_2008_5_5633,MCAS_2008_5_5633,True,b7205ba5386461a0bda51f02ad4c25b0122c38fa04afc6ab2a2dbb9d3c958f72
arc,cal,NYSEDREGENTS_2009_8_4,NYSEDREGENTS_2009_8_4,True,99dc808fa9b1e71804bd879724f4f48a45f2f9012c12f087540c2fe0c6dfdab6
arc,cal,Mercury_7221673,Mercury_7221673,True,80633d27748136ccec446a4f378d82fe514a1168e4f8a1a249d7c8e28fd46381
arc,cal,ACTAAP_2015_7_8,ACTAAP_2015_7_8,True,9b47b7d327052ae9c19265160e0508c17809e62090d8a54066a38aeb87c232a6
arc,cal,NCEOGA_2013_8_10,NCEOGA_2013_8_10,True,28768734d3b9b89b56811e54deca196374bf302722cee7019738f15c36c429cb
arc,cal,Mercury_7094693,Mercury_7094693,True,3a179ebd5106f87676fd258f8741e85023ffaab467b6fa13d733912b028ef271
arc,cal,Mercury_7270305,Mercury_7270305,True,321fbe61b20924edfb996e4c22d612af0a37fda8a505f26945063ed7de25a07c
arc,cal,Mercury_SC_LBS10034,Mercury_SC_LBS10034,True,f6fdf49098b34f53f5005025d7ed417aea68e1955855c322bc4f5910849f0c44
arc,cal,Mercury_SC_LBS10951,Mercury_SC_LBS10951,True,a8f728f3c10744cc5bc73c46c5625fe10f6e8984829cdea7cc3ba55d06bfc5f3
arc,cal,Mercury_416635,Mercury_416635,True,728be230a1f6f450d89a14e019c112ada2cef25da9d4dbf7fde6e79eb5e86718
arc,cal,Mercury_7230580,Mercury_7230580,True,04b0892a1df61991bcc99742cd7834882ab3e0bcf073e37e91fc0dd7734c7300
arc,cal,Mercury_7084700,Mercury_7084700,True,1b0c59286d0fd554c3a05ce7a4ee66383bace54e681169804d1740983f2a16ee
arc,cal,Mercury_7086223,Mercury_7086223,True,933fe2ac3ca06d267e675a4e8b5c5c84203e58907661cce3a239fd91190a6f1c
arc,cal,NCEOGA_2013_5_60,NCEOGA_2013_5_60,True,4049ccbca2a5d6107c0e1c1dc35aeb2764bf376553eda5e593059d5915445459
arc,cal,MCAS_1998_8_8,MCAS_1998_8_8,True,f3b68d5e7390332b88659994562b8447105ae6edeed975f1d7be9c04ad04f12c
arc,cal,MCAS_2000_8_27,MCAS_2000_8_27,True,3c40775cec8186a9b3762bb94466bb45321c62f71b6dcd41ad722a392d677dd9
arc,cal,Mercury_SC_401596,Mercury_SC_401596,True,8be986c559d4545b360d42cf7b7999c6b7dc3b570dc566c89fbc7627cbdce502
arc,cal,NYSEDREGENTS_2006_8_39,NYSEDREGENTS_2006_8_39,True,838a8151ce82abc40df7c349134fde9c2524c764375f799976d98fe76fc85658
arc,cal,Mercury_412775,Mercury_412775,True,196c9cc05c79db55731c93dbd4e60232e608e32e2d12f733996dc5a2777f18b0
arc,cal,Mercury_7027038,Mercury_7027038,True,c709091eaa54112fcc18f831f71cc5332cd83f8235ac2683302860d44a3ea3e8
arc,cal,Mercury_7283955,Mercury_7283955,True,a84ab2164787736842538928af3c7c40f20214ed0325c01beb962f5989d636f1
arc,cal,CSZ_2004_5_CSZ10003,CSZ_2004_5_CSZ10003,True,8d6e2acf35d20aafdc7d767331d5c753f1004ebe07efec2f2b657516a5ec4d63
arc,cal,Mercury_7113873,Mercury_7113873,True,126e7ce99729d080f9771cd46ee87e8cb93da55467d94b8b3af813d08b5a31bf
arc,cal,NYSEDREGENTS_2007_4_17,NYSEDREGENTS_2007_4_17,True,3946ef33cef8f2e4cecca70e607c50d70552b20419c666247c7279adb5ff904a
arc,cal,Mercury_406549,Mercury_406549,True,cfea312363f387b84b5e51c10c0a48a4c6f0eb8f9b5d225b4872bc70580b4b4e
arc,cal,AKDE&ED_2008_8_11,AKDE&ED_2008_8_11,True,76d53a4c652c2c33b8126e7c613cb1cd0f734def499ccfda65051db552f7eef3
arc,cal,Mercury_SC_401836,Mercury_SC_401836,True,c3552c64cc7365e4589cacbb6111301be55b35c621fc80961abe167299ae325c
arc,cal,Mercury_7085908,Mercury_7085908,True,3941cf387826c4554feccceff2e6d0230c6c7556e97ae87cc6c06098ba45324f
arc,cal,Mercury_7268013,Mercury_7268013,True,53fb79a0d603156eaf29a537d4c1fd65035ba3eb6b2a1cf182d2c09dd7af33b9
arc,cal,VASoL_2007_3_35,VASoL_2007_3_35,True,7f7ba5d0353be1086f11767a905df35b4b464d92a1c487da3c0af0485aeeec0e
arc,cal,MCAS_2005_9_20,MCAS_2005_9_20,True,75cfa360e422ee2ac977c4558c2fd1810f1b986d4074b33b0c80a2ef2f1fba63
arc,cal,Mercury_SC_400986,Mercury_SC_400986,True,7f350483850ba3dc8f604108c43f0a5d33917d5cded9d934803fde746a08dda1
arc,cal,Mercury_7018218,Mercury_7018218,True,2631e687f8363e82ff66df90f363c2bc96f2875922efd8f8a6ac1ee735b7fec5
arc,cal,Mercury_7004043,Mercury_7004043,True,47fd079f054c1d3bded15176623c9359f355d1f357a7891ec5c2dfbd56d15ca7
arc,cal,Mercury_401400,Mercury_401400,True,445c6969a662298bdc5b423306120e612cd5d5fcddab9af2d581aa05b05c37d2
arc,cal,Mercury_7165060,Mercury_7165060,True,4791ae01bfd7b9ea61a1a8a6edd131be1055cb097f34ae3ed8b8cb91296e6e58
arc,cal,MCAS_2007_8_5172,MCAS_2007_8_5172,True,45e82b2ec8a60f85e53ca5760d705ad0a5ffdf824fba06c92c62fe581d7c25f8
arc,cal,MCAS_2008_8_5711,MCAS_2008_8_5711,True,3d38776dd29b6b77d5bf2d5fe42a7d2e7161266890c93a8d5b4d3f63a11de9b7
arc,cal,Mercury_187075,Mercury_187075,True,bd5cb44fc11823359971986014217c0b551dfcec19b682a932be4bb801d1ccd4
arc,cal,AIMS_2009_4_24,AIMS_2009_4_24,True,d7f31062be4101faaef56b2f80b9b046395a412445bbe2e0ac25d454cb4d3185
arc,cal,ACTAAP_2015_5_6,ACTAAP_2015_5_6,True,43eb2e21751393912a4dd21df086b241a6f0e9961a8d4cd82e6f39e904c859f3
arc,cal,Mercury_SC_405208,Mercury_SC_405208,True,f7d7767d89ef74d2223df1f1bcb9cc1affec506bb24bdcf33477c1eb69d3586e
arc,cal,Mercury_416144,Mercury_416144,True,733415000d7ee15727fa68c80948670cd80f41e76956f63fc043b1ad0d2ec64f
arc,cal,MCAS_1998_4_3,MCAS_1998_4_3,True,efc1c43359cbfb4d5cb2b99e36d3636ff0c75b1c41107407ba6345ed7d6c86ba
arc,cal,TIMSS_2007_4_pg48,TIMSS_2007_4_pg48,True,18dbda41420bf7909f5553caaf98f1abe77da5d61cfe18aeeea61d43cf9e1a63
arc,cal,NYSEDREGENTS_2007_8_6,NYSEDREGENTS_2007_8_6,True,b174f96c2fa2208c95dcaa3b9d96c30d4dfd072e5628d029c68da13d87d5200d
arc,cal,Mercury_415753,Mercury_415753,True,ee830b65224b956bc4b3d10c865c19e4bb6803d2e92ea20d1870b50badc2f0ab
arc,cal,Mercury_415080,Mercury_415080,True,d31e3bbcc78a15cb76b2fdaa47085afb04b96fd2b14676489928f7ab453ab28b
arc,cal,NCEOGA_2013_8_55,NCEOGA_2013_8_55,True,5ec810f19079183eb1c4add75ac774caa5f9158fff3104d4ae7f8719df958b6b
arc,cal,MCAS_2007_8_5179,MCAS_2007_8_5179,True,c6261b66516dd381190d5f1226d7fac818170ae0d39e6e81fe8660c6f6330b74
arc,cal,NYSEDREGENTS_2007_4_22,NYSEDREGENTS_2007_4_22,True,c7f9e869aafd26794dc6741f49b560a4a7c4845653985060b58209bcb793de35
arc,cal,ACTAAP_2008_7_2,ACTAAP_2008_7_2,True,2ca3f5b3028a32b33d92bcab29b281bf91db1d740c5939c12c5f91d7319be142
arc,cal,Mercury_401790,Mercury_401790,True,17a1a528a6cb91bbe1599419b76649e6e0d0bf1533e56a295be1d0639d062c10
arc,cal,Mercury_7166600,Mercury_7166600,True,61fb2bb6ae602dd63eb2353040442b1f2b2b993427851a86b7c4ee4e5d536775
arc,cal,Mercury_7010028,Mercury_7010028,True,f8e3596fe675923587feefca7608249bc5304826017070f82c67241167082541
arc,cal,MDSA_2009_8_44,MDSA_2009_8_44,True,0b1a19edaa2f2134c026c5a6c655d3fd86db4aa38484284ab6492abc2c04c116
arc,cal,MCAS_2013_5_29405,MCAS_2013_5_29405,True,f8f9e17fccccdeb95e52809ded2c7675efa1ce640f741748b106745aa40027a4
arc,cal,Mercury_7124180,Mercury_7124180,True,578671928043ba31142fb32d544e4a39c6383e204363c2e308a8642e0cb7e7c3
arc,cal,Mercury_7009590,Mercury_7009590,True,6d5c11da4c95469e06f5434868a872de95d023c3cf67ed021756b86c041231f8
arc,cal,Mercury_7044695,Mercury_7044695,True,85da646cd0187a9b87f8d8ca130ebd9a387ff307e49dad0e351eac26b535ea6f
arc,cal,TIMSS_2003_8_pg74,TIMSS_2003_8_pg74,True,21b4951f9c8eef0fd3fe15228aad729f83d23dd9d79eeab95a57236967a5815d
arc,cal,Mercury_7081025,Mercury_7081025,True,135b032caeef1d4b68adf1ed1dbc97e91508fef9f46c4ad10f55d4ad72d806de
arc,cal,Mercury_7207393,Mercury_7207393,True,9c637d382ebee5b795c241eb0355dbf294ac986066c086912332b368a6f27397
arc,cal,Mercury_7223353,Mercury_7223353,True,d5e80335752ade7e732a969bf9a2d33c2b0e76399a364d77882d34122c061227
arc,cal,Mercury_SC_401180,Mercury_SC_401180,True,0415760f2f4daa00d7f08af7a48b70ff6b7955f0cc4772669cddd555629bb653
arc,cal,Mercury_7211873,Mercury_7211873,True,f3427f0ed3bf51af6cec56ad95f05e280c6fc0d516ef31801c848d4e9bae94ca
arc,cal,NCEOGA_2013_5_56,NCEOGA_2013_5_56,True,f5b347684327c0a32f45659d2dd941685b9d6f0fc45d69dabbc7d9fe341a7cd8
arc,cal,Mercury_SC_401281,Mercury_SC_401281,True,11948f2fec8843d27662c226ed82b53146a1cea1b5ed3a0c5454dcd1763a7f2b
arc,cal,Mercury_7263393,Mercury_7263393,True,5d9c42f494cf32744ca1898995e18867a4f29f4a1539612db5551ee2b90f7f71
arc,cal,Mercury_SC_LBS10791,Mercury_SC_LBS10791,True,2e249c50fc9affd77e82a08b9cc41ac0d53fb3cddcc0fed7feda7bdcaa4a96bb
arc,cal,Mercury_7007910,Mercury_7007910,True,4721d156a78c99fb6100c73db8f4639fcf10706ea4675a954540c71785e6b708
arc,cal,Mercury_408090,Mercury_408090,True,a376908df34cfad8b7024171e83f73dccba8a1bf830b6afa4c64471c53e79079
arc,cal,Mercury_7142695,Mercury_7142695,True,a028dd100c0cd5eabfe720cc9f6e400f7d5a86a2d6b72dc03f98c87147b97449
arc,cal,Mercury_SC_401284,Mercury_SC_401284,True,330bf35b2c9fa926c49dccf942a9faaf62c7566c399e7ea2dde820370ee23b56
arc,cal,Mercury_SC_408038,Mercury_SC_408038,True,a53df854c510c19ddd26536f44897cfcaa7d0a64fdd2565e1b8e9f83002c9ab1
arc,cal,MDSA_2009_5_17,MDSA_2009_5_17,True,402128bef0c8ba128d45e1c7d06767efe66f7d282db52d5ea4122b5cb3a7fc78
arc,cal,AIMS_2009_4_11,AIMS_2009_4_11,True,3f1f89296d4a33599061f973ed0e535e5f37a6fb79b31e7b727dc80d0b6d8b27
arc,cal,AIMS_2009_4_8,AIMS_2009_4_8,True,bfa91d830fc19c03b641fea11cfec52751eb21c07e92e15f42083f1d14496e89
arc,cal,ACTAAP_2010_7_1,ACTAAP_2010_7_1,True,63ca29378cf06839e858b6a8d7511a8896f5993931a656a4d235eabbaac3cf97
arc,cal,VASoL_2008_3_17,VASoL_2008_3_17,True,bad9bd5e24f2c46e17c135b257e55391c1c3c4c0d3b008f446ca37ec50067e52
arc,cal,MCAS_2008_5_5625,MCAS_2008_5_5625,True,9beb5b2a4b27f8325dbb24c7828d02950a3918a1028d235db95f58f15a130ebb
arc,cal,MCAS_2003_5_21,MCAS_2003_5_21,True,b74bb6ffe7f1db78f422cde2d3f5a9ad2b0f9e576a9998e0407bce845a654ac4
arc,cal,Mercury_417136,Mercury_417136,True,c7f7154f3281d74248523aa2de4def5a5f69653557df6a31f666d485e6bad315
arc,cal,Mercury_7207498,Mercury_7207498,True,fcdf41d9e056832c59371ebf124be19c873ca42c31999632fe4548d6be186ec4
arc,cal,Mercury_SC_402281,Mercury_SC_402281,True,ecf6dd5d14be7a1168a23886f33cf54d5afbcd6a131eb3d4c9682ac2d318c389
arc,cal,TIMSS_2003_8_pg6,TIMSS_2003_8_pg6,True,ca37be8c4fc91f860fec73b5426e5d7684848c9b6ab9ca1d9b555e6060acf96d
arc,cal,Mercury_7211348,Mercury_7211348,True,054e7a9aebd36f44640d919c7f85907a8218d86098bcb187146e7bba2ac2a33f
arc,cal,MCAS_2006_9_20,MCAS_2006_9_20,True,eb60f090ad40b66ed145abae465ed4f142f68acf26c4a0f2317208671a6e697d
arc,cal,Mercury_178763,Mercury_178763,True,9c693425500f3eb2d556f0043c5b5fbcea563e76f1bc8f82e013a59e3c19a676
arc,cal,Mercury_SC_LBS10384,Mercury_SC_LBS10384,True,752e4de70c7f4e004ce4ce036b7cadafe344358fee8779d00b7eed1fec30333a
arc,cal,Mercury_7071908,Mercury_7071908,True,8a91960d4c103d76346d49b8e30e566e05eb926bef8564ca39e0bf5a0296f654
arc,cal,Mercury_192763,Mercury_192763,True,c0f9fc18cdcfdcd7455b67dd1e164d9027715077bde53ad06061a35f6c1c158a
arc,cal,Mercury_SC_LBS10271,Mercury_SC_LBS10271,True,9e02ae1bc0c34719a0029eab71f44e9fd4d97538509246182cf384a6e9fe98b8
arc,cal,LEAP_2006_4_10274,LEAP_2006_4_10274,True,65d1060d4530938960785806257f10dca1c25c1c03de7b5a15d6916f6cbd3b17
arc,cal,Mercury_7193113,Mercury_7193113,True,499142509404f767c4f322daa2c9cc7c92d4240c4faecb0cd9daa2e3756aa1d8
arc,cal,Mercury_7024185,Mercury_7024185,True,cd12c9e686f1ba32f030347eda0c904178f4df35ab476648e9d9277b649f8360
arc,cal,Mercury_7085330,Mercury_7085330,True,a2284ae0c05d1072d2b7f88c24e959ffdd98cdf3f39ecfdace3d3d41495a8374
arc,cal,MCAS_1999_4_12,MCAS_1999_4_12,True,2aee1cec601e00a362d83be0cc0276034537516e8cc173fff96d1d9d0acc66fd
arc,cal,TAKS_2009_8_19,TAKS_2009_8_19,True,23643f04bbd4a5152dc48dbd34fa5a3e133c0f3bc486c2c3a6dd7f30ac2735f5
arc,cal,Mercury_7218173,Mercury_7218173,True,40c94b6f124d4569470f43c498c53ab32f282899d7183ba4b2983c945745479c
arc,cal,VASoL_2007_5_39,VASoL_2007_5_39,True,3b8970e30c08cf6e4dafcd5c5fb75a6e8639adf1cf1cb932f5da02de820b3a90
arc,cal,Mercury_404903,Mercury_404903,True,eeab1bb993d00b77f2927206ed012c728ecebafa9bac35967f42d0fa3b769a55
arc,cal,MDSA_2008_5_16,MDSA_2008_5_16,True,f81d9de8b5175958c1d2766039ee9bd7be48fa7b84d3f6e0085ce7dd57c7bc5c
arc,cal,Mercury_SC_407397,Mercury_SC_407397,True,19e22f103191cb1b430b9b292c8bec297970af65ac1c3530cc2f4884e9a3dcc4
arc,cal,Mercury_7183505,Mercury_7183505,True,da1e3b34aa6e1af17fe7b0559fcb69216129b467f6f74a2c8558ed726267284b
arc,cal,MCAS_2004_5_13,MCAS_2004_5_13,True,a629f1eae55e49117445e4ff13da1dcc246c41fbada4ca8eb066d5c7d3dded31
arc,cal,MDSA_2007_5_9,MDSA_2007_5_9,True,2629f6574b9f27a3b596a33ebdf26ed7234028ea974e7307b8eba7991f0bf1d8
arc,cal,MCAS_1998_8_7,MCAS_1998_8_7,True,fa0c72a7b054c06ad43f1012b4824a7c34e160ecf1efea8011b135870c6e21d4
arc,cal,Mercury_7186778,Mercury_7186778,True,ecd33fd71f82b337556134b34d2d8a89614c85145791dc5a364d8c96862d56fe
arc,cal,Mercury_7116253,Mercury_7116253,True,ae72bf2428478bfe018b1babe1e5c2726e991ec549d45629ebe411789f5a25c7
arc,cal,Mercury_7215810,Mercury_7215810,True,56e71527a5716a7da317b7d42bba2112d3bb008d1a23d6dac0b6d137f9125c1c
arc,cal,TIMSS_2003_4_pg5,TIMSS_2003_4_pg5,True,db0b6e8fe3881120347b504d723290d57847fde271612d2bf7563404d4ca6ff2
arc,cal,Mercury_7263148,Mercury_7263148,True,207e9094ace8ce72d2fa8c7deb6b597fbb5c1abc2f2f0c26367a5f2b0b151fd5
arc,cal,Mercury_7228095,Mercury_7228095,True,34773afff5b2412b517134be840362cf0993f137660448f598b9c56275d2cff1
arc,cal,ACTAAP_2009_7_14,ACTAAP_2009_7_14,True,ecb77e7c02097cf9fa707de18d387334471fb01c8a2ef3cb8ddf087ceeee6738
arc,cal,MDSA_2010_8_18,MDSA_2010_8_18,True,9d0b139547de94ce1d9ec281a2477727a837fec0e3bc3577ebb80ff29fe844d2
arc,cal,ACTAAP_2007_7_4,ACTAAP_2007_7_4,True,985447433f1499bab92fb2a3cd12cf1ddd9511b67194eb69c0632da2a164c0e5
arc,cal,Mercury_409819,Mercury_409819,True,22e49aa2b61e7a9cf305e4e1b9b1f251c263bd4c3775aee2b6fb993e20aeab69
arc,cal,Mercury_7038570,Mercury_7038570,True,dc5448916bce72711a8bc327c15d594e33eb3897097d45585efa9fc2efc9db90
arc,cal,Mercury_7216685,Mercury_7216685,True,56d37e56501f767ad6bff2d92ed673eb2eda41ad570d94c5e57f2e7a283d2eec
arc,cal,Mercury_SC_401589,Mercury_SC_401589,True,4a0840efffc008e7b855bf8c5c66ec48cefee84f9a42f674771955a444ac17c9
arc,cal,ACTAAP_2009_7_17,ACTAAP_2009_7_17,True,f4a08d5e9484a719a8f977e66ad1b5827d3614b8a0567263f11832464acfda0d
arc,cal,MCAS_2006_8_34,MCAS_2006_8_34,True,e2a3c32b0b96cfc7a7e3238690022c229693a1314b39be648df8b8b5ff6fd8b7
arc,cal,Mercury_7230545,Mercury_7230545,True,bf175bcfff5d7c88c726144a3e839bd00cee402207458e47909cbfb4c1e6a9e7
arc,cal,LEAP_2008_4_10288,LEAP_2008_4_10288,True,6c6b2d922728fd5162f8b3d417507348ef86e35d2e0de4abe8c247cbb87c4cd3
arc,cal,Mercury_SC_405455,Mercury_SC_405455,True,70fd44e18d320d643bf2060d986da4b90e928b8d00189bf145e91b452b176b8f
arc,cal,Mercury_7133700,Mercury_7133700,True,f6a9202e2cc5a836dd68de60e4c7b2942853e693d0770209ffde8158a641e119
arc,cal,MDSA_2007_5_15,MDSA_2007_5_15,True,a19a385ee5d1637f80c56f3a9cc9fb249c41eb97de60bcf85608c47b0d3cc9a0
arc,cal,Mercury_7038203,Mercury_7038203,True,e213e07311a184b9d9276c180a0b0e17526a5bdcda5ab6e29cef4ce6705cccb0
arc,cal,AKDE&ED_2008_8_16,AKDE&ED_2008_8_16,True,975b31d5215fd507663545a55e8dbe70813da99b2f99d206e6609edf381b4c3e
arc,cal,Mercury_SC_415424,Mercury_SC_415424,True,ad1ef0d8f50911a7766df0d383efae3ca8c4c70e7ec97b4bcfc416fcf006904f
arc,cal,Mercury_406916,Mercury_406916,True,9a5a6618e237301984ffc6086d42eff7627a94c82fc4fd6acd1745881d743745
arc,cal,Mercury_412642,Mercury_412642,True,bf13ae660e2cd805e4f0ecce76b7e714b31928b0c040db652cd492fe662aafb5
arc,cal,Mercury_7093993,Mercury_7093993,True,a1e94d963caf2c5afdb3c474a77c5907f313699b88dfa6b279b86bacc140b882
arc,cal,AIMS_2008_4_2,AIMS_2008_4_2,True,80141422b9a1dab175b8c7b6d9943b94753e8dfebec21e58a4d1d44e79ef0216
arc,cal,ACTAAP_2007_7_23,ACTAAP_2007_7_23,True,868e50a34041ea15f78b213e6ab2ad44047f99ec3cf8554fdb5ea7f17f4a3784
arc,cal,Mercury_7263165,Mercury_7263165,True,170c82dc6c7f1e1b4bc25c1723f1b4827a3ac58ff699b2cb6f606ac2cbf091ad
arc,cal,Mercury_7181668,Mercury_7181668,True,67c611b603fa611a3712d29f0e6b61c4156013e26cf20203dcc2a39ee13224ed
arc,cal,Mercury_SC_406766,Mercury_SC_406766,True,f37f66cf8a3070e573ec8ae65c07dc7998dcd3ee19990339e2491748f474327c
arc,cal,Mercury_7090825,Mercury_7090825,True,b91e6fec44c2a75033f5801f2e67b3325aa902c8836923252df1da12d89478b3
arc,cal,Mercury_7116130,Mercury_7116130,True,49bc0da30baf40152507a77d73c5912cd87590bb755a17c4d914d2bc19769a1a
arc,cal,Mercury_7064278,Mercury_7064278,True,dbc26beeed2c3dfa92b897a98acc28a3337ffdb6ea6108eabf84b628f39240cb
arc,cal,MCAS_2008_5_5637,MCAS_2008_5_5637,True,c574d94d075ceadef43b67267d40d7e51dfe7ce994429a8c329509aeb9b2d747
arc,cal,Mercury_SC_401588,Mercury_SC_401588,True,649dbe1bd8dbd84362bde0f137c72ba3c2e34d73ee0ec3ce4a8b2eb73381d5bf
arc,cal,Mercury_182613,Mercury_182613,True,add5909c45f36a27b596fd79d7825dd1211491bf8c62ce062aeca176bf3424ca
arc,cal,AKDE&ED_2012_8_9,AKDE&ED_2012_8_9,True,37abe54fe7871366b5cb478b3ab421527f416bd82fee2c683e9968d1579cfa08
arc,cal,Mercury_7064243,Mercury_7064243,True,fe590ace031cfc006bfd35837664721e7fe3e0b09740822ba88580e5efd0d233
arc,cal,MCAS_2008_8_5719,MCAS_2008_8_5719,True,7e297cc9311a838ee83f3eba9b82c731d2903100b4543b30569f16b238243a89
arc,cal,AKDE&ED_2008_4_37,AKDE&ED_2008_4_37,True,03b3001ee89f90391b33ccfdad66acd068a20fa0ad3053ab9e7962a852e878e8
arc,cal,Mercury_7223178,Mercury_7223178,True,96445b9362aa8f748f0331d5d1b8d5e4822b23b792fc257a34f95835f9cad738
arc,cal,Mercury_7213115,Mercury_7213115,True,1578464229c4d8b0c8d75f8e57466988ad59a9dabfd8cb64edcfb382174ea3c7
arc,cal,Mercury_7274348,Mercury_7274348,True,5ef449d45b129e63decebed488c1ed4f2e13550f981058514943949474ee35d3
arc,cal,Mercury_7038763,Mercury_7038763,True,b044ced1d5df75a5a95539207e36dde4358be31097d1646a1b6019d2bb6ebd41
arc,cal,Mercury_SC_415737,Mercury_SC_415737,True,7be83cc7261775f8c6b4cf23346828ddc23c7e46af4ce158c4ba1bb312bc9fc5
arc,cal,Mercury_7221708,Mercury_7221708,True,994001809c0329d45379bf52aca5227505c1c286e9299b348a982c9d26e0e319
arc,cal,Mercury_7027020,Mercury_7027020,True,6553f772c6fe2c4599a7f6f9edc6542dade9fff5b57c8f1b54cef9a64db9c0d7
arc,cal,ACTAAP_2014_5_1,ACTAAP_2014_5_1,True,3d569d9bd7a883414b95c41bc318fd1902c7c3b36ed776148eb18bb443a1591d
arc,cal,Mercury_SC_402625,Mercury_SC_402625,True,de1e4bc344fdfbfb6f0573691807caab35c9b25f9dc68a454b28061f5596db1e
arc,cal,Mercury_7145530,Mercury_7145530,True,785e78299fd3615a9fb87ff3687b4c4526b90797990aa74ab35b6489e65e2a52
arc,cal,Mercury_SC_405500,Mercury_SC_405500,True,6cf279cb109681988ffcfb320910030bc061aa28a7ce5613f8fa0be2edb758a3
arc,cal,Mercury_7223195,Mercury_7223195,True,026f2a3200aa77aa66a8d7a9ecdab25723f1bebf9012084d275a846337b83211
arc,cal,NYSEDREGENTS_2007_8_31,NYSEDREGENTS_2007_8_31,True,91f3d3c4102c187c66c27866ae92160d27d21c37306ee3fec215b7854ea6d520
arc,cal,Mercury_7064628,Mercury_7064628,True,9b49d729ed7c4995c6839a0ad24cd1e145132181693856529b8c28d747db87d1
arc,cal,Mercury_7202160,Mercury_7202160,True,382480a7897c10ec54364baccf4f70387ac71be5fe2689485de7c9f1e7203270
arc,cal,MEAP_2005_8_8,MEAP_2005_8_8,True,19c6598263898ce747358abc08f72d83ecafcea1bff4a103cb76587fe8947eff
arc,cal,TIMSS_2007_8_pg7,TIMSS_2007_8_pg7,True,c6601d97b1c55f89deab655ac32e2de9a6bd4dceeaf65b98ca93e288218f1c68
arc,cal,MCAS_2008_8_5608,MCAS_2008_8_5608,True,b6b32d080aa3d1b0ae4d5309f71ef8a805a588283936561c2028914ef5c3e6c7
arc,cal,Mercury_415092,Mercury_415092,True,50c483044804896e94752c32b8d5ecda78207db3fce5ba1de1decf36e945bbca
arc,cal,Mercury_7221008,Mercury_7221008,True,2c045e87881ef5b4cf468c57fb0769ce710ef97b7fd53063bb124d949fe3bb1e
arc,cal,MDSA_2007_8_16,MDSA_2007_8_16,True,0bf95b2cf4145cef2f9fcbb100f042dd7f8939546834848754a85714db949e3f
arc,cal,Mercury_7168683,Mercury_7168683,True,88ccff0072f87efe1d8851561d159cef45135f66b5becf865995e6acc307d3af
arc,cal,ACTAAP_2007_7_24,ACTAAP_2007_7_24,True,83e69081e246739841768f65e0e0b668e7eb070155e08c9e7526acfb3f545abb
arc,cal,VASoL_2010_3_18,VASoL_2010_3_18,True,1a82c44749c7ebd7a8d80d308deab0ca5445400253234706eb327e594d238061
arc,cal,TIMSS_1995_8_N5,TIMSS_1995_8_N5,True,80f5affb7494ac3628991b99b2da6b37df74bb4be7e2d93ec7f032fcee456710
arc,cal,Mercury_SC_401364,Mercury_SC_401364,True,d4bcd4d3c517c26974841e4de18c398b1b716b895ef07450a77d639daacd33ee
arc,cal,Mercury_7038150,Mercury_7038150,True,f4c3b6866b46585fedd1e72e320175b3a126e136254a711c768fe7ff285ff49a
arc,cal,Mercury_7247030,Mercury_7247030,True,2e4d4259d78db1469886979b90cd886978696f48fca5d53acb109c03b639b0db
arc,cal,TIMSS_2007_4_pg18,TIMSS_2007_4_pg18,True,b8a90bdd051f55055951b6ddd9855852a3093b22f383e73c23fde29e780bc71f
arc,cal,Mercury_406808,Mercury_406808,True,e11c09c2acaacaff4591a5daed0b74a82c21028e19887df588e34669dabca0b7
arc,cal,Mercury_7228025,Mercury_7228025,True,b77b7168334ede3b128fb0ad42ff1908a23096ee181c4a06066a3779b2cdb677
arc,cal,MCAS_2006_9_13,MCAS_2006_9_13,True,0d3c8c0776312c69223098a8eda8e2499a1e645c97f61f9cb6246f1871f0aa7c
arc,cal,Mercury_SC_416141,Mercury_SC_416141,True,16d34bff594d02e25e2dc7f00d9bd266aa45c385300974075c523d0616b543f8
arc,cal,Mercury_SC_403010,Mercury_SC_403010,True,372970da90fdf4d8c7194546c3811582bf3ffabde71d0e32f6195cef7ba28ff7
arc,cal,Mercury_7199150,Mercury_7199150,True,dd295added2f8a50966b6e8d9bd0841da1797c0b56cb33be499b1e45dbcdabbc
arc,cal,Mercury_7168455,Mercury_7168455,True,d4199ea92916ccb71d307fcbec344b95c001cf1713b19939b5397f1d96e87408
arc,cal,Mercury_SC_414081,Mercury_SC_414081,True,429a2530c7444f144c478d5b1f1cfa82570838e2d93d8d681e85b2f28641875f
arc,cal,Mercury_7215268,Mercury_7215268,True,133a55302ad0edb7ca7418b992ec889d8e0a3c46b502cbc447176fd291badef9
arc,cal,Mercury_401311,Mercury_401311,True,ed0278d140a4c8219a9a8b8a96f19eb18be5174e1330ba35433665704b3e932f
arc,cal,Mercury_7185448,Mercury_7185448,True,4aef06dd87e413ca8f9f9097afc95695cf50881adf506690d69b67cb88e7d131
arc,cal,Mercury_417154,Mercury_417154,True,750abdb262f952e0af813412ea3cced0437c8815eb0deb998cd869f2669a6a35
arc,cal,Mercury_7086293,Mercury_7086293,True,445a65405e5235fc94468a8835840fb3f16276bf2a68a760c3bd5f76d780c497
arc,cal,Mercury_7268223,Mercury_7268223,True,aa70e1e866b9360727e73c3a03d7da5056ce38de4e830255d5edc34e6f253ae5
arc,cal,MSA_2012_5_24,MSA_2012_5_24,True,77b5e189935a6810af10ecf71c48eba48992827f12243af134e1be111e8798ff
arc,cal,MCAS_2006_9_22,MCAS_2006_9_22,True,75cde7bf422961f7832617380333473b9e931ea47190f780ace589a5aa1d952d
arc,cal,Mercury_400749,Mercury_400749,True,41bb0369e247ec76efeacc7799ff4f23688c73bf85f29319b544d5ad1461fc89
arc,cal,TIMSS_2011_4_pg67,TIMSS_2011_4_pg67,True,04bcf3172b599aac3ad44b6143d195149e21ed4b47c31f75f8c67666a20f7db9
arc,cal,NCEOGA_2013_5_29,NCEOGA_2013_5_29,True,fb86c78d20c50c983703a00ae2a887262d1099e2dbe8025f5e28bb0ad4f001c5
arc,cal,Mercury_7239470,Mercury_7239470,True,fc2f82952790500ad32847abd65eb3638f465c007f5fbfb61c68695b752fdae5
arc,cal,Mercury_415261,Mercury_415261,True,7c1ee068af9b9af238bdb7bee4a3777ae64b756fd46c1d13d49190e308630d39
arc,cal,LEAP_2001_4_10241,LEAP_2001_4_10241,True,1adf955f6b75337997d8481b6f39260d23ea20c4ee097ce0cbd9e7444efeebbc
arc,cal,Mercury_7239610,Mercury_7239610,True,e0da113cca9c982b7717e967e6591ae312dc88fefbba343c4f354c1cda5a71c8
arc,cal,Mercury_7080535,Mercury_7080535,True,e0b20e74645a5e61526fb33823caa991e25ca7602c6a010947b1f19ebb971656
arc,cal,ACTAAP_2009_5_13,ACTAAP_2009_5_13,True,0e8a6a16fca94cc2a63c98a6f94cd467c1f8cf8b7f3f7607a1cc2c2bd2d6349e
arc,cal,Mercury_7219013,Mercury_7219013,True,35fd3cadf25fd997d76c1791a96ada2cba4932fe757ec0999b341e098f975ba4
arc,cal,Mercury_7142853,Mercury_7142853,True,8df4cc5d07ff785fa69e88c197298bf9488755b93a68d0dccf979b03839856aa
arc,cal,MCAS_2008_5_5623,MCAS_2008_5_5623,True,5f8db0df24bbedd81b24db9e91d3849ead30c23ed24f4276b609f5898581a6b7
arc,cal,VASoL_2008_3_22,VASoL_2008_3_22,True,b499a5319911b6f16a712e8127c44aeb64398c43fbf51ad30f1ca4657992dd2c
arc,cal,Mercury_7212065,Mercury_7212065,True,17243f7fb48157ebcac6505800d99281081a162af4ceeba212cb807ace0f9c69
arc,cal,Mercury_SC_401645,Mercury_SC_401645,True,6fd4b43b1d23885f84783427d582e537a2158dccbd841411606b5e37b79dccae
arc,cal,Mercury_7015750,Mercury_7015750,True,1a968083b4775912fe5f3706fd9c6d10d1ba6210caf0c3d449cda97bd92a53ed
arc,cal,Mercury_7001243,Mercury_7001243,True,7d15a1e1ec00c172e5cc717384c86cbe9d49811340788a4eb1504fb22fba4f19
arc,cal,NYSEDREGENTS_2004_4_9,NYSEDREGENTS_2004_4_9,True,29c5e28eabb0c56938fcf75ac2608af31c55c359c744f3cfb0492a935ae73428
arc,cal,Mercury_406888,Mercury_406888,True,768ae81679f2fe4d842210c67d1cea8a7d73c7b14baebab979bd7892940f41db
arc,cal,Mercury_7102340,Mercury_7102340,True,9232e4f104afc7909dbda1a2578aa9b137fba11b33acffd995bfe5a55d5ddff8
arc,cal,Mercury_SC_406048,Mercury_SC_406048,True,f8ad5b96c51c5efa1ac19f69c850dad3661c5c4952bba6cdb11ff6a47b6c582a
arc,cal,Mercury_7146090,Mercury_7146090,True,c80904e4ca80163d8ecf1171a7c4466a27d1be5724a514e0f74978f218da2e77
arc,cal,Mercury_7033583,Mercury_7033583,True,174033e3133401ba3522baff8a36475b4f9d730a0d295eed6131428575fee516
arc,cal,Mercury_7216878,Mercury_7216878,True,afc63446423ce10af3ad72183e25e36b6edee8a3961a0e89cee3a0452895e71d
arc,cal,NYSEDREGENTS_2005_8_26,NYSEDREGENTS_2005_8_26,True,22daf33a24e91ee8a291f8d11847611750ba9d2c8125e5e5359c39e6791ee957
arc,cal,ACTAAP_2009_7_11,ACTAAP_2009_7_11,True,b51782d6a381fc30a668f8f7084b3af5841d9010728b6190907ccf646c1e4fd8
arc,cal,MCAS_2011_5_17664,MCAS_2011_5_17664,True,3a8bbbeb450043ffaa9a324eb037488a983ed69993c7d3501bf45aed763d8da3
arc,cal,NYSEDREGENTS_2011_4_13,NYSEDREGENTS_2011_4_13,True,e356cc7c322e2db93ae1a953984cfc45c7346962a83d52cd41d5a9e6a99b1a90
arc,cal,Mercury_7057733,Mercury_7057733,True,eed49ba15cc99aee25d9371aa7521dff3c4825f3b97f587c7b7cdde3fe31e7d3
arc,cal,Mercury_7171990,Mercury_7171990,True,fae5c2e0135993a2c2d2514aaf9479378040d2396647662ac179ccd18ad27ff7
arc,cal,MCAS_2003_8_8,MCAS_2003_8_8,True,c33da85788d050b5f5f7f8df8a6ea0d954082f0d7e69ffee1fcec332e1bc6ae1
arc,cal,MSA_2015_8_37,MSA_2015_8_37,True,1efe7ee775a8e212069802ebc933646283f31121b35cb5b6f053116911ceaacf
arc,cal,Mercury_7119858,Mercury_7119858,True,3afafb02506290ce69bbb6d3594b0368405348d840daee50fbb7acef90ff5fa6
arc,cal,Mercury_416594,Mercury_416594,True,55004d2192d0423ef153f0fe554f520033f41d430579a775c77b921a0683b0de
arc,cal,MCAS_2008_8_5694,MCAS_2008_8_5694,True,ab593a371821283c86f8333e0d166acaf700bf3b75ebee58f72c4a26a57b4485
arc,cal,Mercury_SC_402088,Mercury_SC_402088,True,75d72aa3bdd2fd9bba372203a6f1d89fb2d5c02e2a1b74bfe8f6071ab9469d4e
arc,cal,MCAS_2008_5_5647,MCAS_2008_5_5647,True,87a2c35dae48887fcf3f5d9e547c02fa5092047cec06674533ac8796014b10ea
arc,cal,Mercury_7216125,Mercury_7216125,True,9edf8b11e8ed413fba337f7d514ada43efe74cdd29e4bcd4bead87d6fe49ba7f
arc,cal,Mercury_SC_400119,Mercury_SC_400119,True,6e0e4b96a20b3dfbeee9aa1f2af7c09d9a3cbe1fb5d2b66cacaca26ead698b32
arc,cal,AKDE&ED_2012_8_14,AKDE&ED_2012_8_14,True,e7c89e17269f4398d614db34c5c5f4e04b3109844a72b322c4ad55dcef951e38
arc,cal,Mercury_7269203,Mercury_7269203,True,6671c2f8e41b20c90ae12fc0a0018ade81c07b352a2a6b0679130065b2fab024
arc,cal,MDSA_2009_4_18,MDSA_2009_4_18,True,84a9d2ce6e01ad3d570208bc6e50e498af96db6f9226fcb5bd79751177c07e01
arc,cal,Mercury_7215198,Mercury_7215198,True,739b1cdf44393340145ea216eee920f5aca8a662c7bf3a9191da06f973f462c6
arc,cal,NCEOGA_2013_5_33,NCEOGA_2013_5_33,True,e98fd18ecc8b3b2862cdc6b0dc130a9e99b67f053b87557a6e59d2a9ae8c62e2
arc,cal,MCAS_2009_8_1,MCAS_2009_8_1,True,5240b28cc289dfd138a6541105ee5b6624a7faa03318f75398db1235f2e9ef90
arc,cal,Mercury_7154350,Mercury_7154350,True,acb4cdd76219867bebe1a52efd20ca6c2f940bd027ab518176b28bd5169fe57d
arc,cal,Mercury_SC_408743,Mercury_SC_408743,True,7edeb98652bbcef8b8f21d3dbb5ad78785220fe4e0a17dd99fe256e9122ae1ca
arc,cal,NYSEDREGENTS_2005_4_28,NYSEDREGENTS_2005_4_28,True,ed8b3a3e43b2f5f38001ef653dd153a75c70f094173ee775912f5b8ed3b4bdf4
arc,cal,Mercury_7084280,Mercury_7084280,True,5a187902ddad2f54a1cb9db343f7365b9286fd5bc8ae3f32d41b604a2a339e32
arc,cal,NCEOGA_2013_8_59,NCEOGA_2013_8_59,True,b4bf7fc521988bdb0c73398519e398d5b2af69eb8471f6e8f7c12ae793fc7b37
arc,cal,Mercury_SC_409238,Mercury_SC_409238,True,51d9a3580859fe967142e24e94b016835f2e21a3fa82b04b37ea27b442df4445
arc,cal,Mercury_7001523,Mercury_7001523,True,b4fdcd2c257de2bdc8e1d98ba6f1b558366c8a508a6bdc709e6fff6949f42d97
arc,cal,Mercury_SC_415723,Mercury_SC_415723,True,bfd205d832965e14735375328dae26f27aa0f193fd12dae1d087fb13a58cfae0
arc,cal,MDSA_2008_5_18,MDSA_2008_5_18,True,957ad2f64ba08e607261a5f0179c88c3076a050a8b4e36a945bd73561ac6f4be
arc,cal,Mercury_SC_LBS10656,Mercury_SC_LBS10656,True,6cb1b26e739a926a3d40d4bc05829e98d7c9d02d52d4ce75b948a5d976773868
arc,cal,Mercury_7221253,Mercury_7221253,True,9eec65eccda1c50709ec68bf240764c402b947ce2bd396845cc0877fee6dee13
arc,cal,Mercury_SC_416112,Mercury_SC_416112,True,de036667c20fbdafbb9b939701e1c0e112635117fd5b204e50eaf1e3b98677f2
arc,cal,Mercury_7171920,Mercury_7171920,True,5f90a8706da852b5c8cabb38c022ca917fe5a0ced522d02ac1a66f3bfe153e8f
arc,cal,AIMS_2008_8_5,AIMS_2008_8_5,True,665c87c56521e1bd301f471ae6786eb18daea7ea9fc926763de86a0974ac3c94
arc,cal,Mercury_7084000,Mercury_7084000,True,9e710788641d71f661093bc4c9c69aaf1a60b573cd68282ef90da674bdfa04cb
arc,cal,Mercury_7099365,Mercury_7099365,True,4bfebea8028c3a0ee0366ad0db2d8afe0d91d0ab664dce634167ba457c624dc1
arc,cal,Mercury_SC_416523,Mercury_SC_416523,True,1dfe4819adcce4af43db808717466a822001b35f0299c45658a5316dd7f7e12b
arc,cal,MCAS_2014_5_4,MCAS_2014_5_4,True,af016ca02a374c9240d3d859876bedbd48a0ea7dcbdce6e16078e296b900bd8d
arc,cal,Mercury_7044818,Mercury_7044818,True,0bb4a5fe3ebbe8cf51b40c8f2a49ec4440604010a8fc1f519cd7ce3550c837cf
arc,cal,Mercury_417145,Mercury_417145,True,cf8f6d79f533ca5da25b9f05d90abcbcf5b4746e3ae6af7830d01b508d58afd7
arc,cal,Mercury_404786,Mercury_404786,True,2990cce31e45b3fa592e490b59b913534aaadf8090f7a911050a5657cac1c8d8
arc,cal,Mercury_7210263,Mercury_7210263,True,cf91fbdb249c5e2030624763e9daf591fa82c0f9f6e6cbe0564df79e2c658037
arc,cal,CSZ_2004_5_CSZ20414,CSZ_2004_5_CSZ20414,True,0903516cd4de633355679dfe6977791871f1c1c2db7538774421b0c6b68dc9ec
arc,cal,MEAP_2005_8_40,MEAP_2005_8_40,True,35660096b2c245b3977cbb7136ff5833acf956a2a2e37cf647e33b973fc77f2a
arc,cal,CSZ30771,CSZ30771,True,bcd71da24e094c3194a42f6830fb897dfa59d22bc1fad5a496686c8e59be5512
arc,cal,NYSEDREGENTS_2006_8_6,NYSEDREGENTS_2006_8_6,True,a1d533cfd7495e50526fdbe97ba2884b5e62cc83c2ce544768d408dbb35b6fb5
arc,cal,Mercury_SC_401606,Mercury_SC_401606,True,44d001b8304c34902d98d5f009da8fb49b7b21c950889841a541b168a3e9cc12
arc,cal,TIMSS_2003_4_pg27,TIMSS_2003_4_pg27,True,f8726cfd358c17b57320a080f5b8ffd58114901260138f9f839259adaeb8d89a
arc,cal,VASoL_2007_3_13,VASoL_2007_3_13,True,f5dbbc26024f3f2fdbf160e32b15b770a9647bc29267bb62594641915c25b53b
arc,cal,Mercury_7041458,Mercury_7041458,True,7e73e7212805e579b9e9d1ca33f9c162ea5f222f454ebe8a63f2fb2872e238c5
arc,cal,Mercury_7132038,Mercury_7132038,True,6529996e2b946cc50e7fb0fe3dd9b02cf30c6964bde64505c8edeedae6b88c0d
arc,cal,ACTAAP_2011_5_9,ACTAAP_2011_5_9,True,ead9ff9cfcb3ddacf155004f70baf16938d63accaad0c82285dd7411155ceab6
arc,cal,Mercury_7216703,Mercury_7216703,True,fc184f8f34a4a15dc68ef5a542bec4c86b57fecb6e464bb8a480444732d270ee
arc,cal,Mercury_SC_415702,Mercury_SC_415702,True,f781019e84483cc934640ddf84bff5665a51707d360a1993eaa1a290a0bdf343
arc,cal,AKDE&ED_2012_8_42,AKDE&ED_2012_8_42,True,16dbea30575e711e62db13cb61a4e88425dc7d7bfbc730c1be11d2ce2993019b
arc,cal,Mercury_SC_400673,Mercury_SC_400673,True,8fc5663ee8b7fd1246267b956d2c6e54049619abb44632e43b0097a8f562d6cb
arc,cal,Mercury_7233555,Mercury_7233555,True,c6f5bc980dbc8165c9a9bd7cea02cfd7be902c97808f50de51f6e5acdbf33280
arc,cal,MDSA_2010_4_28,MDSA_2010_4_28,True,973a7dd1ac9749e6de73a3bd0bcaa97c142bc220be1b7bba900387590d931a90
arc,cal,Mercury_7086118,Mercury_7086118,True,6efd4ad834c1818830d6582740264e9ef0ba802b68cccf112a69d43d5daf0c67
arc,cal,MCAS_2004_9_15,MCAS_2004_9_15,True,241ee14585a3097282b1eeb433f164158ff1a75aa4bfd69482360bf0b3654691
arc,cal,Mercury_7228165,Mercury_7228165,True,7414eba62776e52288b3a1d5d106217d58b555459db29aff2f3652978eb1a66b
arc,cal,MCAS_8_2014_14,MCAS_8_2014_14,True,79b7dbe1342722d03e91c7227c44180af993f8850c605cdda58f8784c1226205
arc,cal,MDSA_2007_8_47,MDSA_2007_8_47,True,2fa94d506b0654b456a16dab879b794b8201f79a37346dffac498e4900376488
arc,cal,ACTAAP_2011_5_15,ACTAAP_2011_5_15,True,8c2ca8b4595252b32b347470cc42e2c81c7feadc608b10e59ffa7927b4c0cf50
arc,cal,Mercury_SC_LBS10900,Mercury_SC_LBS10900,True,184cc7a3dd971fce13f6fefa50d0be23dcf17e11a8c78cdb6f9f73ea820193be
arc,cal,ACTAAP_2015_7_2,ACTAAP_2015_7_2,True,f45db8e7e4b272ee234353ca6960275ce441872f426b1d96d66cceefc1422757
arc,cal,MCAS_2003_5_6,MCAS_2003_5_6,True,437cfb7b002cd3a03d8c477152c44c39877a225117ae71825dbe181e272afaae
arc,cal,Mercury_SC_401591,Mercury_SC_401591,True,f4fd5f613b0261067d6641a2e8278fa208ee95d8690dcc93bf9bf51e2b0fd16c
arc,cal,Mercury_7008995,Mercury_7008995,True,dee4aad6b17350b8e30966a601c870f60ab4a396e78cc1ad9d67881083df472d
arc,cal,LEAP__7_10356,LEAP__7_10356,True,78deed9e4a2760cb33a4686283abd976b251bddd87746534c6912189a4b2f211
arc,cal,Mercury_7016818,Mercury_7016818,True,5253f32f0d76b861a106549c85f4db44807c706c026627857b120128a23f0846
arc,cal,MCAS_2004_8_17,MCAS_2004_8_17,True,d91b7bc6f308918c9b8daf3d6d2ebf9ece145b636cc765716c2cc65ffaf253b6
arc,cal,NYSEDREGENTS_2009_8_41,NYSEDREGENTS_2009_8_41,True,305b6f9ecbef6e8ae2480ed2d2eb8b8ad4e0230838b2bee7cc13a210ea6d19e2
arc,cal,Mercury_SC_401371,Mercury_SC_401371,True,4d58db53e1e838a6d0bcf8097d184b0e48eacf7659616bcfadc309d8f94ee911
arc,cal,Mercury_7182140,Mercury_7182140,True,738bddc6b5549ede39bdf53d92122324a4a5b3f1401ed39ec6404caef51e7b52
arc,cal,MDSA_2007_5_32,MDSA_2007_5_32,True,beab093846bc39938ff555e81ea0366cd7cf5190bc7da15acc478150854fa60e
arc,cal,Mercury_7200848,Mercury_7200848,True,af92890e9cced3c691bc21144eed9d39ea03378f4ab7dc59182fdf0a9de6d955
arc,cal,TIMSS_2003_8_pg52,TIMSS_2003_8_pg52,True,9395f02d1bcda85ec3d426eb158b3ee4772e2f6bb0961751b7afc0522e901da6
arc,cal,ACTAAP_2012_7_5,ACTAAP_2012_7_5,True,4d18f4ebee9a79c04fbef15ed51e931417d0544ec03a17ec1069d2f62f709f74
arc,cal,CSZ_2005_5_CSZ20330,CSZ_2005_5_CSZ20330,True,40b7e2eb18af97e13ffabb26d643d804d9c875292d43e31629916c2365936f30
arc,cal,Mercury_7216843,Mercury_7216843,True,f88b1022f87abfa02e7943a93647246d0ae05d0b3afd5782cdb08f4fb175ddbc
arc,cal,Mercury_7179778,Mercury_7179778,True,b8f2923475cd48b75e0f5e13f560d3e688f0278d3d218b73265e233c577ce892
arc,cal,Mercury_7122010,Mercury_7122010,True,599414639127b3ac5c913fff9fd73b63c00ee04728550b79a032b67ff9f5a7a8
arc,cal,Mercury_SC_415697,Mercury_SC_415697,True,8dd623bad6be5ef4bf61107a5978de06314c4ed7d36b4aad8db16baedf0e8983
arc,cal,Mercury_SC_411900,Mercury_SC_411900,True,d6021571de0408047bff4267f010bf6273aa56ef66bd6ec02d3eef2d5f7792a3
arc,cal,NYSEDREGENTS_2009_8_12,NYSEDREGENTS_2009_8_12,True,c5cfef010181cc4b5ed0629729efaa5ee35e860da7744724c69e5c9c19b3f17b
arc,cal,Mercury_7159670,Mercury_7159670,True,09785486150537e36114f69fcff072a48a2530d14072d775083121ab22822b82
arc,cal,Mercury_SC_401207,Mercury_SC_401207,True,99551346ee59292bc53a97726cd944b24fcec338274944005418fbb9c6c44744
arc,cal,AKDE&ED_2008_4_36,AKDE&ED_2008_4_36,True,cbd5e8fde1f49c937145282e7e887174a5f1b73eba31d6852d079ed77562cdd7
arc,cal,MEAP_2005_8_17,MEAP_2005_8_17,True,5ea65d9bfa16602397a140056d02bcc93cff62c702360b31ae935de5e56faf42
arc,cal,Mercury_7220273,Mercury_7220273,True,4482bb0d3c147656af68d06a91ac3fe99d1c4d191ddca63a0140bd1dd7d0e8f3
arc,cal,Mercury_SC_405170,Mercury_SC_405170,True,fe51f4497f55c0ab9d7e8d2d8c3150149d9c3f1ed9efcd7fe9b317f1d174d882
arc,cal,MCAS_2007_8_5166,MCAS_2007_8_5166,True,f2f58c37b7e92fdfe4bde50191d0028ddd4ef09893ed4c5eb1a42794c789f2e2
arc,cal,NYSEDREGENTS_2005_8_44,NYSEDREGENTS_2005_8_44,True,b373ba83eb9cfad93cf72e066dd252fc09a063b805e228391ecf1b46959160ac
arc,cal,MCAS_1999_4_17,MCAS_1999_4_17,True,a137c3424fd51630bdc3098100d93bcf934721e930aa7d07740d2db8c4620e15
arc,cal,AKDE&ED_2012_8_45,AKDE&ED_2012_8_45,True,759cea01bad0b1cffd76569e144ae46aeeaeaa7d826162d37d970a7921f1ee95
arc,cal,Mercury_SC_401202,Mercury_SC_401202,True,4e40730e9b64f10b8ae8df2ae8100eb400804dfd7c8402da13f3de831c3b0f7a
arc,cal,Mercury_7041598,Mercury_7041598,True,96b6f6bae7ca49e04c5f60e8b98c4a0a63e6e0b773cae665b8f004893a6450ed
arc,cal,Mercury_414133,Mercury_414133,True,b61cf31b68df97a096a06adb43701c47f11614453faeb11a9c6ab29809d87ef3
arc,cal,MCAS_2009_8_11,MCAS_2009_8_11,True,ce4bb1bbd662c5ce9e0bab348f46124af7a358828ed13d686a569b4f1a88223e
arc,cal,Mercury_SC_400200,Mercury_SC_400200,True,a3ddf9624867ed361e0ce85ae25ed4ac0f8d77ba8de0c002d764210360c54070
arc,cal,Mercury_7009538,Mercury_7009538,True,e15d73faac641eb7ee0d2e01b782771df454047484c2da69deea72b3c39d481f
arc,cal,MEAP_2005_8_30,MEAP_2005_8_30,True,1e3340d77f01b6f2058ac9e4231263e11e9ce055bc62b71bc4a934d5571c80af
arc,cal,Mercury_7222355,Mercury_7222355,True,5f6e878c1176aa8f0ce5647678202393b1df7c2321ffb4f0f746098f6cd77990
arc,cal,MCAS_2003_8_14,MCAS_2003_8_14,True,b9c86bcb6c09d35147cfb8456e7b69f6fdb052585ea761cdcc04b3c375f764f8
arc,cal,Mercury_187618,Mercury_187618,True,f6d1009b4a730e6e40c4adad93d52fe7f610d9e5729e46bfb783330f4398178a
arc,cal,Mercury_7233905,Mercury_7233905,True,595a27fb3cf7602b6475be9ec4972fe3c69ac21011a38b997f6d9b1094d5a49d
arc,cal,ACTAAP_2014_7_11,ACTAAP_2014_7_11,True,b3ef6a9cbd5b145665d7aeb4e820f5943c915a0f5531b22ab7bed8e9f7b7cc6d
arc,cal,Mercury_7090773,Mercury_7090773,True,e8e9d478ad53bafdc4a86201d10913ab9923dbd142490f61e1b186efca1da82a
arc,cal,Mercury_7013213,Mercury_7013213,True,283f3998ebc2880dd9ecd862ae188c006ba9f76af692cafe9ccfb2f91f256fa6
arc,cal,Mercury_7214603,Mercury_7214603,True,6a14d6d3c9a7748e678317d8ca34bb4b7ea4757dd42b66e3ff692db9e317b663
arc,cal,NAEP_2011_8_S11+15,NAEP_2011_8_S11+15,True,3d08fe20003da027649a5d434a29e44a1bff6fdd12b5cded7e499f0d4055f41b
arc,cal,MEA_2014_5_6,MEA_2014_5_6,True,75ae0b4f19b0256f6f3eedc0d7b894671bec36e18e658a1d734c55bd40abbfd1
arc,cal,Mercury_7210578,Mercury_7210578,True,7fff3fc104d97b1cd33717d6d37a96cccb421991bdaabd006b5112d54826617c
arc,cal,MCAS_2008_8_5716,MCAS_2008_8_5716,True,3933d4ba70b4ae210db9382120dd48711bf9673ad136ad420c45e1dfe8dc6403
arc,cal,Mercury_7227938,Mercury_7227938,True,03ed07901cb220d0d20ed6aad35d4d7186262124734ddfe24d88bc338f1b6adf
arc,cal,NCEOGA_2013_5_42,NCEOGA_2013_5_42,True,81ef70fcaab4ac6bf0c23207f3915368b9ac83e661009879de32ae4a9c766fde
arc,cal,Mercury_SC_408742,Mercury_SC_408742,True,c281975b6404d28f5d85c4e87edfa633260e332595fb47c01401aa66ac5fd9e6
arc,cal,Mercury_7136518,Mercury_7136518,True,c07ef0048254fe79e9fa771e31604e120524034ba83b1f22b32718751f19af63
arc,cal,Mercury_SC_401653,Mercury_SC_401653,True,956e7d6ec9f6b8edb08cfaae2125752ac2f7c58db754fc40e082d2550935c16b
arc,cal,Mercury_7042665,Mercury_7042665,True,1a70125fe4a64c1fcbd23b1280e107c5969b19e7d8fba4c85a3ffcb63137941c
arc,cal,Mercury_7084298,Mercury_7084298,True,88f922e9c8a312368857f4ec9ff4d12754fead4e985c09ccd1a39168c547bc7b
arc,cal,Mercury_7139125,Mercury_7139125,True,d9c91feda958bc8458661b6d66c2c78e3a33d45289fae025442fe1dba3812eaa
arc,cal,Mercury_LBS10252,Mercury_LBS10252,True,c45cf45531352418fa7fe661d3612fb891eecd5f99c6a0b3dd2dc741f2796de8
arc,cal,OHAT_2010_5_20,OHAT_2010_5_20,True,8d3e992deae466c6279fa7b0518f0d7b6e70859f7c64c8b0210017f1025c0c99
arc,cal,FCAT_2012_8_7,FCAT_2012_8_7,True,e1e04f08f03e405dfb06edfd0176bffcf9911740d2f863c3a3895f96b867d0db
arc,cal,Mercury_403967,Mercury_403967,True,14eb889c3e3da4b11711f41477ae2235b4847e462c3547bc2993a716dafe6e4e
arc,cal,Mercury_182718,Mercury_182718,True,c9655ea29110e53967a323f1fa575c45971327540bc86193a76538fbeb58a799
arc,cal,MCAS_2013_5_29408,MCAS_2013_5_29408,True,66ba168ee50f7600244bd3e7a34f016ac724ce14fb03db9796e10ffac178e361
arc,cal,MCAS_2006_9_30-v1,MCAS_2006_9_30-v1,True,9b217c228cb5ec1eb88b9843202db4fbb1febb739ab4b0fa69731ff48a354f1a
arc,cal,Mercury_SC_LBS10039,Mercury_SC_LBS10039,True,194e6ae841ee3253e90c5bc19a01090fa2ab8edc54792f45b27dabdee9a7a1bf
arc,cal,Mercury_7109253,Mercury_7109253,True,0c87659ec7067b575591742235aa64d4cce3904237cc582c054e4f87dbd4d6d4
arc,cal,CSZ20059,CSZ20059,True,753d496ae4a379b6a84368c4e218b80505999c6a80f735d50cf9bedda84fb3bb
arc,cal,Mercury_7009625,Mercury_7009625,True,7e9abc186e10fbd751842a17f4fb1d180dd3109d46a8b7df9c46208327bf1f4b
arc,cal,Mercury_7012670,Mercury_7012670,True,8ce4941797ae4630647dcd95b35d76e6224b1f2df0c28743fde5a49bd0eeff56
arc,cal,Mercury_7008050,Mercury_7008050,True,cfc534e11aeb584a4adaed90e454e5f3e43f3e15787e0a7585f67526d812f0a2
arc,cal,Mercury_7163258,Mercury_7163258,True,9739739aa3a671f331b439c55584ba4bbebc20dd8bf088c2e9786ab6a42e22d2
arc,cal,Mercury_7090353,Mercury_7090353,True,6531e9d4a7146abb806a2576e0f132cc0ac96d5391839cf4edd989c7598a8b11
arc,cal,Mercury_7200165,Mercury_7200165,True,c9e337325f09de9b541d66e68eb3a0b1871412214c93eb9b17439357c270fc8f
arc,cal,WASL_2005_8_11,WASL_2005_8_11,True,c76012541d3dd5af83f35214489b8e2fc6e067f9b9030efc201ddba2d075d2d4
arc,cal,MCAS_2016_8_10,MCAS_2016_8_10,True,6a7649209c2f5493e2ad7ec623b4ee56c442b56d8ab9f4bfc93ad98072076c12
arc,cal,Mercury_SC_407674,Mercury_SC_407674,True,3313c771a7fb6219f5d7bd9d2d3cacfb5dd5ea58fefe0ed1790d81f08a2c88b8
arc,cal,Mercury_7159863,Mercury_7159863,True,72fb49afdc85ee2471017ce344ebdeb1e35e9e8e5b5549d97bb434fd9acf7cd9
arc,cal,Mercury_7027353,Mercury_7027353,True,3a7d2fda3c349b978cc123367faa6d47667b121acbc1efa2d71c314fbd4f4a86
arc,cal,Mercury_7213290,Mercury_7213290,True,422d5a503763a6e6c6ab2196351def1319f3d32c988f0735daed5c666269df6a
arc,cal,MSA_2015_8_31,MSA_2015_8_31,True,9e74cd16a7dd66bfaddd68974cfeb872e3a40f82ecbba84137693d04ffc05ec3
arc,cal,Mercury_7164798,Mercury_7164798,True,02bcfac7d76dc48ed0684ef8628ce487125f0132e3a89efde972864ed68e53ab
arc,cal,Mercury_7180758,Mercury_7180758,True,75f72faa30074c7b791c910b3b10d20c65dc04b1c037cb9b2a6d43279bca2c68
arc,cal,MEAP_2005_5_38,MEAP_2005_5_38,True,4ae6f03fc227e627e60e7ecb46f02dc6475b2eec0c6daedcabccdd89906e0a5f
arc,cal,NCEOGA_2013_5_25,NCEOGA_2013_5_25,True,1abda1027fb0db3a8306c91abae545bc3c77b117d2a453743920831f99d1649c
arc,cal,NYSEDREGENTS_2006_4_19,NYSEDREGENTS_2006_4_19,True,45b3aa00cbf0fab793f57333b59057809bc744a18a56529771c609341fd0b6bd
arc,cal,Mercury_7205818,Mercury_7205818,True,b99d8d7f92ad7a29aaa79d30591720cd05d0f1ae5e37c9e7d6128c07c6025a37
arc,cal,MCAS_2008_8_5691,MCAS_2008_8_5691,True,411f2cb1cab9b00f8ed4effb02fe4bac4a8eadd9a48469fe20849f1cf5b2cca9
arc,cal,MCAS_2016_5_15,MCAS_2016_5_15,True,b8300a6834c33a3155b538544c121690802617b799916eaad050099e05f466c0
arc,cal,Mercury_SC_408415,Mercury_SC_408415,True,03fbc5cb9ac6eb17038cf4d58a60ef9d545a84bd762a67613dff091fccede737
arc,cal,Mercury_401011,Mercury_401011,True,b49e8df4c44ab1dcae670c2b1ab2fb01ef00215f57cfa9f30d3fda7f08990c7b
arc,cal,Mercury_7085575,Mercury_7085575,True,78b8a573a9ba9f16e86340ed0136645886937072f03a71435716258ec9edb67c
arc,cal,Mercury_7058118,Mercury_7058118,True,6d76c10b56c19efe20945df2c0ce4f7e7ad0d2a53381422d2e10f5cf3ae90e60
arc,cal,Mercury_7013405,Mercury_7013405,True,195c31340dd11f2ab2905a50db75a7df20af7f9b0e9ccf4855523ea1d560e741
arc,cal,MCAS_2005_5_15,MCAS_2005_5_15,True,5a0a89caecd9f5999517902a2816066699fe37c0bcaafc058f23ab8bd6be944a
arc,cal,Mercury_7211068,Mercury_7211068,True,6a7be29b46edfc0cd335d432ea4719d9a95d043724266d339dcd2b431b28289a
arc,cal,Mercury_7091980,Mercury_7091980,True,55e30114e3a98a5c51a7cdeb5440e115ad51f9f89d2d5fdfd6989e16b908e066
arc,cal,Mercury_7213360,Mercury_7213360,True,ed39e22aa3a493bc8e2b2839f110402b77846794bbd62d87093f73955d32e27e
arc,cal,NCEOGA_2013_5_57,NCEOGA_2013_5_57,True,eec14ba3e1a351219c580edc86b08c29bc43474285c5422a6f9b55c55f2086d4
arc,cal,ACTAAP_2007_7_28,ACTAAP_2007_7_28,True,8c788036fe3d57bc473855e7d0db2a9039d76221a8c2ea18cb2c5eba0a148bf2
arc,cal,Mercury_SC_400377,Mercury_SC_400377,True,1821d594ddff491230a4e52a7502140e51bd199362c59d04ee74d223613673a9
arc,cal,MDSA_2007_4_35,MDSA_2007_4_35,True,af9730e15ac4679fb6763f1743201b59759ff72b460e7300fffec66863854b7b
arc,cal,ACTAAP_2013_5_11,ACTAAP_2013_5_11,True,94d6ed08d4ae9ce9393779aa36f95c885663cdf49a8b0e266aa6751482ab8292
arc,cal,MCAS_2004_9_20-v1,MCAS_2004_9_20-v1,True,d68f3fc6b8d7708388b6e71525fcc2ebee21b4ad4c808b1fc5df9e4b38b15ac3
arc,cal,Mercury_7109585,Mercury_7109585,True,e85250d66f3b3ea7ffd75255bec8d36aa3e0bddf76b86a1024ec8a3715517ea6
arc,cal,OHAT_2007_5_39,OHAT_2007_5_39,True,9360e0cab9f1d593a286cce9bb92f02a585ab00a408dff14145d7e2a1c852809
arc,cal,Mercury_SC_407194,Mercury_SC_407194,True,624f47bc7dda6c2b5d2ef051a9d3019fae376b7025bb0db0639c1c21795873fc
arc,cal,VASoL_2008_5_9,VASoL_2008_5_9,True,ddbfe2f76346c307298f023b19e36c8992ece1d807370dfa69cae72671058b48
arc,cal,Mercury_7030083,Mercury_7030083,True,7aa9dba4ec8ad6197fed6fac11e24441f5fc28437f11eb3f8c4ca1a9a557fef8
arc,cal,Mercury_7198275,Mercury_7198275,True,0facaecf33b6f21ea93ba63e0ac9c410cd2f27ce1b61600510ed885b1d049859
arc,cal,Mercury_SC_405728,Mercury_SC_405728,True,00e6637a8c759f7063a2be8809089e7ba0cec4fce125f1158abea0c752a17e21
arc,cal,Mercury_7222740,Mercury_7222740,True,f8daae98ab121ef1d171954a7f4d494a56b70001f8e208fe6d86dc962e5e9fd9
arc,cal,MDSA_2008_5_40,MDSA_2008_5_40,True,a6d92c229eae4805cf7da2570d40924b6463dbb08159eada1c1e1ec47f21cc32
arc,cal,Mercury_SC_416456,Mercury_SC_416456,True,bfdd67b99232e94168d728b08039a860bc3035a5ef31cb2cac3b2b1a96d0f8aa
arc,cal,Mercury_7212555,Mercury_7212555,True,f070f4d171a653a76818974fe6d317542ed753c80a970ef21cf8c745ae773d36
arc,cal,MCAS_2007_8_5169,MCAS_2007_8_5169,True,b5630d212c1ce14bdb9e24e6e0b16ecd68ab2e833ed7b2b35ec76e32c3e75068
arc,cal,MDSA_2008_4_2,MDSA_2008_4_2,True,bd7366c28a0d6371b7010bbe5b3ee6e900e73db4c499569a894d6a4f094b3c44
arc,cal,Mercury_7188878,Mercury_7188878,True,e8a8eae77d8a50ffd740bd7bd1dc7065f0cf34bce9d73173a3d8e8833a372dbe
arc,cal,Mercury_402211,Mercury_402211,True,47a220b795b46f9d4a413bd6c21a9aac3a078ada48169615abb90a30c580fd52
arc,cal,TIMSS_2007_8_pg128,TIMSS_2007_8_pg128,True,5b59bb9e2e546cda6f5edeaa8757c761e058cc760b1997976550212a9b8499f2
arc,cal,Mercury_7097895,Mercury_7097895,True,f27a87216387f4ede24bdd3f41cab7e80a1e9c32c6e615a4670733ec2fe75e0b
arc,cal,MDSA_2007_5_50,MDSA_2007_5_50,True,03999f4bc486c69f80618fa355b195d40b3fc60b876bac293fa7cfb45264c705
arc,cal,Mercury_400639,Mercury_400639,True,30f3b73dfa220cc692055b9dac94fdf3630ae72c2137cdce65d8f053eb06ade8
arc,cal,Mercury_7143185,Mercury_7143185,True,73be234a40feeb3c3610e79d1f65427c9860f7eb380e5a3aa70895c9789290ae
arc,cal,Mercury_400350,Mercury_400350,True,d7db51c071d7e1fafc0b99baa3fab18622efc64c2b14aa31b9cd4a7b28cf32a3
arc,cal,NYSEDREGENTS_2005_4_14,NYSEDREGENTS_2005_4_14,True,1ad7e3a263a22c948f41db43378eb682aaa8806b7d27a1aef1205c3bcae3adf3
arc,cal,Mercury_7056175,Mercury_7056175,True,a2ef589601a8e88446da352ce49855451c91b4f87a11749a2c7428aaa568265c
arc,cal,Mercury_7228043,Mercury_7228043,True,0e077d3ad48431b41afdfbd2c3a0d1d2998131416ae53f35bb869f16d3c09b83
arc,cal,Mercury_SC_LBS10046,Mercury_SC_LBS10046,True,883babe8cf466ca4c0a17effa6c39a015c4b45be17c73ed9c338387fca37b8a1
arc,cal,Mercury_7182893,Mercury_7182893,True,28aa2c977cb7fa99f7712b92b2e0db81e006efacd290bf3dcf9e133a9afb532d
arc,cal,Mercury_SC_401165,Mercury_SC_401165,True,883674d89fbc936649a40bbd741e2957bd36b5b110e77d4e074a65a2fcb85409
arc,cal,NAEP_2005_8_S14+9,NAEP_2005_8_S14+9,True,e3b8715028040751041c5ae2c38cd51e00b87617f7d43f40ebbd978973d370d1
arc,cal,NYSEDREGENTS_2007_8_21,NYSEDREGENTS_2007_8_21,True,ffc512f34b706c6a23914d4d8a53d7693ddf29abccfdc7f59b99f9bdd8a95e03
arc,cal,Mercury_7108833,Mercury_7108833,True,f46855840b660471ff80ffd033957e4b6332cc3285259b210f7de71fcfeafaea
arc,cal,LEAP_2004_4_10259,LEAP_2004_4_10259,True,e52aacc3dc0c8c5917d6c43f1dc96412bfee3fef53a9ff0c7ed2a7f41acd3374
arc,cal,Mercury_SC_401814,Mercury_SC_401814,True,32f8e2c2b2415000458ad233b511d6ca423453c16c8e2c6b4cf4c3b7da2b9f98
arc,cal,Mercury_7271268,Mercury_7271268,True,45a5da2f8dbd72918701e9c705ce6d05a204b7942b93e52bbca76d01012e576b
arc,dev,Mercury_SC_407695,Mercury_SC_407695,True,58fab9528e1b7a0ec8be9d69809945095b376460f2a77cb02be504c62862e035
arc,dev,Mercury_7103565,Mercury_7103565,True,235c510a8d7ffbc7f07bfe97391dc4102cc652c4af4d54a620a9c914072fc659
arc,dev,MDSA_2009_5_16,MDSA_2009_5_16,True,e9ec765231f4ac305323a8079b11a1278632601af6d2c62da1a5a84ee4bba996
arc,dev,Mercury_7027230,Mercury_7027230,True,9e2c150edc3c933c9662ace6584eb4cecbf6ed9cb34d59ff60b1d2817cae2d8a
arc,dev,Mercury_SC_405487,Mercury_SC_405487,True,d85f50d4caf94712b21e46eb0180d9414200d4db24c652e0dd97cfb040cf6b44
arc,dev,Mercury_7032743,Mercury_7032743,True,a10e73920ca8c7bf5f32a11cfc36a1050d11d1c561898646421d7b6ada1cf9f5
arc,dev,Mercury_7205135,Mercury_7205135,True,c714267893a176a077ef82cb13292f046aa52ffcaa17242273f2b91b5f72d30b
arc,dev,MDSA_2007_4_52,MDSA_2007_4_52,True,5c35f520926f1c19aa96f1871110e00d7a790adacfbee03083b21f5a7efdd492
arc,dev,Mercury_7103215,Mercury_7103215,True,ce1ff7eb9324ed349c0e904b51e8b8360eb32c2de594e1596c1226199ea428e2
arc,dev,Mercury_192168,Mercury_192168,True,6eef40069e3f6dd795b77ed65f69495fefa1bc8d3352def6cbb9579d4a78088a
arc,dev,Mercury_SC_412337,Mercury_SC_412337,True,e922ed6a2f6e3901390ac29ec4f7fbe909cda9d8c63abe5e989062c9782b91a9
arc,dev,Mercury_7162838,Mercury_7162838,True,7ddc26685aeea99850d129575055a3779e5b2817190d1b36468936b955b4b908
arc,dev,Mercury_7159775,Mercury_7159775,True,34c45fd0688e592f01fb1804822f903d90f84eecb4843b2f2d4eb68e2760f6fc
arc,dev,Mercury_7195440,Mercury_7195440,True,d29f49ce8e97941f8128673de6608bf7a661375c31812ddaf3b8a0619a9f9797
arc,dev,Mercury_7017990,Mercury_7017990,True,16c110b8d8cfd41d4e81145ac0895b05e0b8861fe1547d2239027afe827d06ad
arc,dev,TIMSS_2007_4_pg90,TIMSS_2007_4_pg90,True,74be6949c9131dcf4ee9ab24796cacdc434db6caf55809d089e7da171048bd1a
arc,dev,Mercury_7198380,Mercury_7198380,True,eaa8992ae8d6983a67005efe8f0016a8a7108060d59158a1920adaf503bb1d0f
arc,dev,NAEP_2005_8_S11+14,NAEP_2005_8_S11+14,True,f837cbb2ab85175ee2221e809e41d5f508f71193f825f0deab843af67cc47d4c
arc,dev,Mercury_192290,Mercury_192290,True,d367d957638abbaa12b38eddb5a02f563ad15ce4bf6513cd8e90c1cdc071c9f0
arc,dev,Mercury_7192990,Mercury_7192990,True,5225d7eea77af0d5edaf696770478783b6ef9dfea7850594884332b92f2a46d4
arc,dev,Mercury_7217053,Mercury_7217053,True,028af5ecf2a39402159338923167ec1418affddf53a99b9968ff852c3a6d4c72
arc,dev,Mercury_7179358,Mercury_7179358,True,ec1353aa20a54334c600fde75f043b8d03f2399a94d66df84ae62c0839588ea5
arc,dev,MCAS_2005_8_5,MCAS_2005_8_5,True,15a6b70d2fa91cf7c890652761088ba47b0665508a68e1be3a9ab2266e5ffb38
arc,dev,MCAS_2000_8_10,MCAS_2000_8_10,True,edabab9b4132159cbc12ce1295bbd2113a1f07b6144cae75c27e45d8c2f3bf7c
arc,dev,Mercury_7187915,Mercury_7187915,True,ab373a2dfc6d1ad4a6e55b807aca3fdc9b80ec4d3078eecbd81706239ad6d03d
arc,dev,Mercury_7189823,Mercury_7189823,True,a9a533cfb299f3310913436a848255ca2760eb8224bd312d056d75b208f76633
arc,dev,Mercury_405454,Mercury_405454,True,3a55f045d037de3f21dcd0cb44f0ddadbd828cc93a12e2565f29af0b0f5df583
arc,dev,MCAS_2012_5_8,MCAS_2012_5_8,True,cee55aa48cbb7e1771cf398844275f15d496100c007f71ecb31aa28a1e6332d6
arc,dev,Mercury_SC_LBS10040,Mercury_SC_LBS10040,True,f5e83819018c726c88019a274734ce1bd211ee85f47a3e5099d077e68f31e82e
arc,dev,Mercury_7115063,Mercury_7115063,True,8d5b9b6910ca37c3a99a174d5ae798c57fa0ef43c51bfbaeb4a6bee39b9ee6a3
arc,dev,MCAS_2015_8_7,MCAS_2015_8_7,True,d8fce63b2ed4a6c6063e271da12ccf9e24156387551eb30b6c6f72d8d31c7f59
arc,dev,Mercury_184765,Mercury_184765,True,e55153bef8de003ab8e9a7aebeaab342846980b048620bf43168f13345570d85
arc,dev,ACTAAP_2013_7_17,ACTAAP_2013_7_17,True,ad50a70f0732a06b3df201bc2dd307ec8b34ef7ee674276d3c4a9ab1cc28d29b
arc,dev,Mercury_7248238,Mercury_7248238,True,cd934414245de7aee518c563782b24e42ae2ea9d566eb4db1a4a5f342f267cf0
arc,dev,Mercury_SC_410964,Mercury_SC_410964,True,37cb4d1e6a3989038246cfb70832775829e1ad0349e318cc7c2cfa50cfcf8ee6
arc,dev,NYSEDREGENTS_2014_4_4,NYSEDREGENTS_2014_4_4,True,ba7dc1e6ee420665b4c4b812eac771783777ff3a230fc185e1f9cc54b6d1cdbc
arc,dev,MCAS_8_2015_11,MCAS_8_2015_11,True,0f3583e0383914d451d9e9eb0758aecbd41950743119cc0d2e1a3593d69ce1f5
arc,dev,Mercury_7183733,Mercury_7183733,True,3aee75152ba5cb1aa052a985cf9a0fe61c4e787b00a56285ebc8ce9781476ed9
arc,dev,MDSA_2010_5_18,MDSA_2010_5_18,True,4d04d871b791713754194cbf6eaeb966d7e6a919718aff292590a5973fbcf35e
arc,dev,LEAP__7_10354,LEAP__7_10354,True,31f6c763ccacb9eab007bea2052549312750e9b38659dd81821caae44709b81f
arc,dev,Mercury_7282608,Mercury_7282608,True,9f0b90716a6d6cd1c12800cdfffb7a8b3ef501577e01b52b1b94f4b8c0181f62
arc,dev,Mercury_7071365,Mercury_7071365,True,5e1ed5ae7bd8e93b16ffc025ab8a1087f29b78c0d857f723ad9a0c43a9b1a2f1
arc,dev,Mercury_SC_407169,Mercury_SC_407169,True,7ad1a7147d487fb672ed1f4e9b1ae9c4e1d29eb82d6757bee30c10386d6449f1
arc,dev,ACTAAP_2007_7_5,ACTAAP_2007_7_5,True,909bd1b4ce4848dd0cc90a902572c2e304aa694aef0cf2f2980e2c3ecb04c56f
arc,dev,Mercury_7207358,Mercury_7207358,True,c6c3568e5052dc35c0738f52b094f299ce9685f9b5e0fd53fcf97546cce5cfe8
arc,dev,Mercury_7245893,Mercury_7245893,True,8fc856339132aeb5f9cc0991a4fc881d88b163ffb5b05203163352689767c68e
arc,dev,Mercury_7223038,Mercury_7223038,True,c728ee9d0fc076d5305cf1fb2648b005d3f008af9efafcac3c7a32803664a8e7
arc,dev,Mercury_SC_415541,Mercury_SC_415541,True,64a6c97e95e5735c513c0a7986fd3e92ca4f2e1ff3cd6c091f794089e55008e9
arc,dev,Mercury_7236023,Mercury_7236023,True,0dc1b95d8064c940c29601da34001bc74d3624979116e706b5434cbd204cc1bf
arc,dev,Mercury_417146,Mercury_417146,True,dd6c9e0543469369f853bfd9ec016995ac6d4d4410f3785064c71a97267dd20e
arc,dev,Mercury_7128695,Mercury_7128695,True,84eb5247b973afb4b57b355b6058683d6fa9ef8dd5ebaed2452e259bc5d37ce0
arc,dev,Mercury_7270008,Mercury_7270008,True,c4612bf7eaadd6aa84306d3149e65e0e99f3d6249ab065a8f6fbb722b1866119
arc,dev,Mercury_7242743,Mercury_7242743,True,87bf56a7b3ea509c41fbfeac65e6247c0c0e0c18071524272ea3ddcdb3cac50c
arc,dev,Mercury_SC_400655,Mercury_SC_400655,True,78d81d11784b034bf51550064e5da4410490c21963cdb418399ae09f11a11de7
arc,dev,Mercury_7100695,Mercury_7100695,True,bc4b726ea13c34c656092c446dc69390d32656ac7094a524bc107b5ccff0ca49
arc,dev,MSA_2013_8_3,MSA_2013_8_3,True,960a9dba81f0d51151e4014ca944519be67bec1608625af392e94b574a186bbf
arc,dev,NYSEDREGENTS_2014_4_19,NYSEDREGENTS_2014_4_19,True,94b473389c6096a1ba104647f15929aef2396ef0633024f2f54407188210b039
arc,dev,MCAS_2013_8_29432,MCAS_2013_8_29432,True,54072248a746086260b34aaadc32b0c42b3e98fd24dd25e3ed76c87bcbef395e
arc,dev,Mercury_7042700,Mercury_7042700,True,ee0a0446f7ce1b084d3ddcbf339b4a1ad37ebd71733e1b732e935d00da5d07f0
arc,dev,Mercury_7201705,Mercury_7201705,True,b1635d18e45e73f8e8afe8730aecc3e6b2f9b1b49cffcd8fbc40a18da13f2fc3
arc,dev,MCAS_1998_8_13,MCAS_1998_8_13,True,c63dfdf51d6382bd7679569a2f524f33bf4f4d3fa1d149b456b3e32263ac92fb
arc,dev,Mercury_7138513,Mercury_7138513,True,b76ab0d969a1aba7d4db561bc31961683b92ebabc548814576a9bd7da57c5ec2
arc,dev,Mercury_SC_401663,Mercury_SC_401663,True,0eb1534dad9c9de103e6e5615c3763f59b7e60a8fd4c62d67239fe22bdab2e98
arc,dev,NCEOGA_2013_8_4,NCEOGA_2013_8_4,True,2d68dc54b9bebc55d0ed6283f69e01da9837e121035c566937a387b53e64b857
arc,dev,Mercury_7235813,Mercury_7235813,True,8456e9676596bc782ff610b56c734a13fb2f2d0785900ba9e2c2828a498b13f4
arc,dev,Mercury_7011270,Mercury_7011270,True,ab4e5bf00a0fd0c07d4c79ee254200cd8d64612459cad128192414c80a48bccc
arc,dev,Mercury_7228603,Mercury_7228603,True,22a020a136c5d50fed64ae073b42c4cb589f3c5b505439affcf4e289b3928511
arc,dev,Mercury_SC_400339,Mercury_SC_400339,True,d945059f284fbb438a83a67bfff8562b730be1b3885115030177b4007d9d51ed
arc,dev,Mercury_SC_406705,Mercury_SC_406705,True,1f4cbe9eab55972661f99a73e582fdaff36edb727c45ab015714becf9ef2ea04
arc,dev,MCAS_2010_5_11998,MCAS_2010_5_11998,True,26f66e736f7ec685281a8eda1719711606f8758e9d5b425aa5abb0ad1217b8aa
arc,dev,Mercury_7029505,Mercury_7029505,True,b93105361d789e3653ca789971a6dc5765ae0cc322c182054499584d2526e1fc
arc,dev,Mercury_SC_401286,Mercury_SC_401286,True,e73cea79859ed689d3bef1b11f2e55fe355a50554a5c98757e678480d33cd05c
arc,dev,Mercury_7120908,Mercury_7120908,True,0d121148b58f1c17a434274577b1c721c1b223adce097782711349827bb4b8e9
arc,dev,MCAS_2010_8_12010,MCAS_2010_8_12010,True,384f6b3404ee10d6612ae3d745e4cb88e3ea478838eab160c4a98b0992864786
arc,dev,Mercury_7008138,Mercury_7008138,True,f53c525c54a4ee3050124941f0efdef6f3d29692ba0cb5f179441f35c92601e7
arc,dev,Mercury_7018148,Mercury_7018148,True,2640ae8fdb6b48b229be74d84c4b9baef4c5b84978e8e73964f5bbf0116642dd
arc,dev,MCAS_2004_8_28,MCAS_2004_8_28,True,fd5cdc3a81018ee63be5256a441d87648f3d874b0716473b9488681dde40bee0
arc,dev,Mercury_176015,Mercury_176015,True,4fa9e4262b79421273e59bfac386f050b1e3fdc697313fc83a2c7ee2bf436cf0
arc,dev,Mercury_7189035,Mercury_7189035,True,26790f7f7e7cedab2a3de8a795c2f6accb7a772247d957cd6ff79a9a489e2f17
arc,dev,Mercury_7207410,Mercury_7207410,True,272da0935957e79be043f2d7f354244975c9a7104dfea08166eb67b0e3724669
arc,dev,Mercury_7233678,Mercury_7233678,True,b8c8d7f6b3873f25fb72b3860df55109c66aa022eb79ce94ffc7f51246781622
arc,dev,Mercury_SC_402101,Mercury_SC_402101,True,daae52383ba0d611588e5b673c1aa5fc3f80ed30bca052d84fd4fd47a8e9c529
arc,dev,Mercury_SC_402104,Mercury_SC_402104,True,10b8ae6e9043eb97a81e326600abc48142a068d472849eef28ca583607b5f0c1
arc,dev,Mercury_7183015,Mercury_7183015,True,5c8f4acca9eca96835610a223d3c27d86296401f97b58e8ad4b8f44951e15c70
arc,dev,Mercury_7238963,Mercury_7238963,True,ddb826f4ea61b49e60710079871e2209ada79b778b8677263a634a0ef78d87c9
arc,dev,NYSEDREGENTS_2014_4_14,NYSEDREGENTS_2014_4_14,True,dab23ef1a69471194c2a877edd23ec611013f2043ea05ba23d81ff58f6d3934f
arc,dev,Mercury_7004410,Mercury_7004410,True,3a27ec79e7061329993bc32acb51ead6f987b08c3b6020a21a88ff204e41d8ba
arc,dev,Mercury_SC_406939,Mercury_SC_406939,True,dc2601ccf9365da3bf110aa5a797a99d135e7c179ac5e9a47d930e2dffe9452a
arc,dev,Mercury_7270200,Mercury_7270200,True,4fe5e38c090e154a192c270ebb20e941fd064beb86f4107d77a145174d806b40
arc,dev,NYSEDREGENTS_2014_8_20,NYSEDREGENTS_2014_8_20,True,28e7c36a8ac317ab64f3b9e586e0fc61e2c933124b901c59ac9fbf379841abe5
arc,dev,Mercury_7135310,Mercury_7135310,True,672c0a36e74bd0f0517fd5e1a8d0fdf5a59e8ce21f1e34a47133d4a71dbe740e
arc,dev,Mercury_400885,Mercury_400885,True,e8553789a23289515adc7ebeb1cfc1bdad51439d5323ae26030f8c0ee708bac3
arc,dev,Mercury_412551,Mercury_412551,True,cf0562ab41e8f8b9f9a82cdb731bb8770a14870f9fb1241795666dc32c97ef48
arc,dev,Mercury_7193043,Mercury_7193043,True,3b52893d21e334de467750004f34c37f7924fadc0465a46cf32994fcc1d57854
arc,dev,Mercury_7181685,Mercury_7181685,True,a3f8cb39c3b70e5d227030c2c767cce75931e2a47bceef140667a384582af5a2
arc,dev,LEAP_2006_8_10412,LEAP_2006_8_10412,True,627814e7201ac25756c122565dc3f404b199df4dbd5a4bba20c759b2fccf0680
arc,dev,Mercury_7215180,Mercury_7215180,True,507156b2cb23b0427db89a531d3d136a603adfdf30e4cf3bd1e2f32fba055ca5
arc,dev,NYSEDREGENTS_2014_8_38,NYSEDREGENTS_2014_8_38,True,912db1dc6d41c0125c7e16d9060bb56cf02d619c00f91cc4a95b8e1936cd4e95
arc,dev,Mercury_7145513,Mercury_7145513,True,64fbcb87dfc8ae9e3b24fc2592a81383c3af16872f1d7b81b84f40ecdb3075af
arc,dev,MEA_2010_8_11,MEA_2010_8_11,True,e4915b3e2b8de2771de9f9dbe71e740bfbda3d91b9c9cfbb83cb42c6b82019a2
arc,dev,Mercury_7241115,Mercury_7241115,True,80c8c6c6a1a1d8a46311baf81547ad041393e3a5ee6ecf034c08f000cdab99ad
arc,dev,NYSEDREGENTS_2014_4_17,NYSEDREGENTS_2014_4_17,True,ee9421c5b9121e4def798cae50e7f34307fc77f06d8e462202266768e1ac1994
arc,dev,NYSEDREGENTS_2014_4_13,NYSEDREGENTS_2014_4_13,True,ff12056f7d6cf6c200a164273495363ef38fe2c938a01702d1c0a02cc9eb7e58
arc,dev,Mercury_7033653,Mercury_7033653,True,17df3b38e36216345fb8fea3396d361793fb1fa694ea3298b89bdc37deb3b385
arc,dev,AKDE&ED_2008_8_44,AKDE&ED_2008_8_44,True,7d21665af01cfbf96c2335a692c9779fab0607675abeada1b5615d68f6b3564c
arc,dev,Mercury_SC_415026,Mercury_SC_415026,True,ab6d006aa955e41e3e512723c26d5f0b1700315eea32cd83293f4739f51ee9f8
arc,dev,Mercury_7219415,Mercury_7219415,True,f09fd5a8bddd2ef53942dde54f109a3393064490a972b131d6b0abe53e9f2f1f
arc,dev,Mercury_400934,Mercury_400934,True,4cd9b58bc9e1c2691177b3a2aeb43542cd85051cf0af507d85c2d01a2830f447
arc,dev,Mercury_7139493,Mercury_7139493,True,2535e0bd8fc09afcf4ee80fb59ac307097fdeebceaffb12f8228c87059ed4ff4
arc,dev,Mercury_7032340,Mercury_7032340,True,68893991780859210172fce10835682841128c229b90104063fd98c3eacbbece
arc,dev,MEAP_2005_5_1,MEAP_2005_5_1,True,3c72433e4c63689be7ba77d222c78d7bcdfff76fa7186d757ea313f9e622c60e
arc,dev,ACTAAP_2007_7_25,ACTAAP_2007_7_25,True,7a35f53bf99cb759da417fffb34c5b09f75f46c8b230a8709e55ce930f949ddb
arc,dev,Mercury_SC_415348,Mercury_SC_415348,True,450a002c8f1a19bee3d494d3d3b44eb717ffccaa56a8426689457eb2c952b4c1
arc,dev,Mercury_7171938,Mercury_7171938,True,494555a24c2b8988aae200fae316d72f75312f02b4f104ad26c42eaf7428cd79
arc,dev,NYSEDREGENTS_2014_4_1,NYSEDREGENTS_2014_4_1,True,12dc5ba3483df43f8993c3b99cb9f038c874c0cbf806d1748a497a1522886ec6
arc,dev,Mercury_7185133,Mercury_7185133,True,7a098dd47302cb02b64a8169fa899ba0cf50ebc185b610fff1da14f9f1909185
arc,dev,Mercury_SC_411306,Mercury_SC_411306,True,53424f07d79cc9108ca1a9914dcd952f52fc89d02cee1649ea7cf7b1ed5f7698
arc,dev,Mercury_SC_LBS10666,Mercury_SC_LBS10666,True,35d0d62c4008cdbbe20641ddc7deb0087fcf6ca4e9776513c9b94c3f032f20ab
arc,dev,Mercury_SC_401294,Mercury_SC_401294,True,5fa4afbbf3817fa125bf117108073b4854dadefb0af6937cd78db844a7b8036b
arc,dev,MCAS_2005_5_21,MCAS_2005_5_21,True,820d393ca4e9c2d3b342c424595c0231ea6a05e16827ba5fbc9c54e38096597d
arc,dev,MCAS_2004_9_13,MCAS_2004_9_13,True,a3dfbf1ad55f1669023c69de052174d9ec866fc25984710844142c1b084ec0ad
arc,dev,Mercury_7251685,Mercury_7251685,True,b9950943c8cb4bbe46aa3c122fb5515af367b269ef199b5b9ac5fcfc99cf63dc
arc,dev,MDSA_2011_5_20,MDSA_2011_5_20,True,d48aac1ade7abf05a6183cd534a9f5b11b4ab372fbf3ef9d333641522aac0990
arc,dev,MCAS_2006_5_29,MCAS_2006_5_29,True,6f0ae342a9b4a68ce7d01864c17bd98e21506a807a2583af6bdee21616198662
arc,dev,VASoL_2008_5_19,VASoL_2008_5_19,True,8dfd409d648f181f2c7574bfbcaafd7716cb176479f949868c62baca638d19b3
arc,dev,Mercury_7246348,Mercury_7246348,True,4759441321b3a1bbf55b34e5f5e2c75855b2b7e725d9d0d7527937a5a7544864
arc,dev,MCAS_2006_9_33,MCAS_2006_9_33,True,bffdaa1c6ca0327f5c279bc89227136891e61861ea784e7587f9b7985912b50f
arc,dev,Mercury_SC_LBS10598,Mercury_SC_LBS10598,True,bc3f154e6cca06ed0fb61ff2caf08da7315ab778e9bef9afc85e8b44f23168fd
arc,dev,MDSA_2008_5_24,MDSA_2008_5_24,True,8ea10741bcad92a489208bda05fcee4a4d8e2030fb34347f443de67d2a4965c6
arc,dev,Mercury_7141400,Mercury_7141400,True,e17d856ab27e0360e0c0f96bfb9d1ab2f8af3852be1cd1664a91d1e8ae60828a
arc,dev,Mercury_SC_415366,Mercury_SC_415366,True,a06584ce5c234713350c460e9e0738d83943d94214fbaa45ea108631ba3b3894
arc,dev,Mercury_408809,Mercury_408809,True,462d66f69f128c5ba11b5bd09675bc46ad383af3549ed62000708b0bcb952dc9
arc,dev,MDSA_2007_5_39,MDSA_2007_5_39,True,407f0854ac03ea0b6a59a7d32963ec4e678de650b2fb4299f0759af4777a8741
arc,dev,Mercury_7164850,Mercury_7164850,True,6b5601813d64526d92db6fdb8a97c15aa60c60c5922be494dcdd6c66f3f749da
arc,dev,MCAS_2006_9_31-v1,MCAS_2006_9_31-v1,True,16e2be708bdbd4ac74f146aabe60bd477c34cf669849d720af6b9cb0956d72a2
arc,dev,MCAS_2002_5_6,MCAS_2002_5_6,True,ec7da0144700580327ed2228227efa1d758779285c22d1733a4d433fba751a15
arc,dev,MEA_2016_5_6,MEA_2016_5_6,True,c6f623c8efa3b9da4e642bf9f7735bace7c4bbb3f9c6a28832eab3915c9af031
arc,dev,Mercury_180058,Mercury_180058,True,68c28f653efdc7556a8bcffafa1b1d454e3d5cb5bd828fd45152cf3b6a56238a
arc,dev,Mercury_7133858,Mercury_7133858,True,9939c1877d3c9fe767faf330663dd3dd73d1b3bd8f13da1e50a24d3a4d631a09
arc,dev,Mercury_7130603,Mercury_7130603,True,1cb1294c32118d7d50212cc9354fc66934846c7432bd269952c4f3087b125d62
arc,dev,Mercury_7018008,Mercury_7018008,True,c8f02b0a6babfd5b527bc2308c54a1bd30c08c179e2ba007bb3d68725e2c2fa8
arc,dev,AIMS_2009_4_29,AIMS_2009_4_29,True,d82aaddc85c3929e276e91514115640978777acda4024538bcb4e6deebd88552
arc,dev,Mercury_189490,Mercury_189490,True,74daf5e3c4304b5a180a4b2352a6d6726c681c926b481f6a2d99dcab16f20c12
arc,dev,Mercury_7138688,Mercury_7138688,True,f709b0b7448d17b30ebd223b32413b283433c42226fe72f3f44d98e3f5021ac6
arc,dev,Mercury_409529,Mercury_409529,True,3611c19b7eb2ae80308bf06b416e5c6af0e4c3751c324639e7775227c5284908
arc,dev,Mercury_7092295,Mercury_7092295,True,79debb67039c36aa1acb66513eecea7a51c4b7d902c15c12d68d41eec582f907
arc,dev,Mercury_7044678,Mercury_7044678,True,d95c852bf383ca04f22efc5e0a7853e41a7d8daebf1e30a23901ff2151efc9b7
arc,dev,MCAS_1998_4_8,MCAS_1998_4_8,True,0838caefd7dfbfde054dbe89cda293ed3c566ff14f1130f67b0aa49e2f7912d6
arc,dev,LEAP_2004_8_10397,LEAP_2004_8_10397,True,e9a07590b4d44337f304d850bdfef7ca6049627efc11937515f795ddbdd6a4f0
arc,dev,Mercury_7112753,Mercury_7112753,True,543e8671730ded844728b3e5c8180e892a440c5e2a75be3831866a9827c1d94c
arc,dev,Mercury_7097318,Mercury_7097318,True,e71dbe3138ab7af75f6aa447c1edd9c8810c90c167e20991d726cf9b8945b1a9
arc,dev,Mercury_7158673,Mercury_7158673,True,f25b94812c5a9d1a21923cdf5e5ab5e500a8be0f5201a84e9c955af1f19b8725
arc,dev,Mercury_7038273,Mercury_7038273,True,067242d787477012700e91bebe426bdb9395fe3dce485497cc96b08a7b19e8c8
arc,dev,ACTAAP_2010_5_10,ACTAAP_2010_5_10,True,21f3d6f96aeaf33a264fd13336843641c966c2966b56cc285dede8ca8226c97f
arc,dev,VASoL_2008_5_28,VASoL_2008_5_28,True,4c1d3d95430488a6229f7aae0b29865fb1ec88ed2832a2d45ee682f4d7493d87
arc,dev,Mercury_177818,Mercury_177818,True,4a20bfdd2f0ec6d94178a06c3298d94e6d7d8f3482a394f95d68648c2ad7791a
arc,dev,NYSEDREGENTS_2014_8_12,NYSEDREGENTS_2014_8_12,True,2ef2cc15d6dd806838967697bdbfa79e6c1e0ce5a866ba9f07bf24bf26e2993f
arc,dev,Mercury_7139790,Mercury_7139790,True,520e20aede4f87ef5d15db0d55a2ab209abf4703ac55831ee8d7725be2e45b4f
arc,dev,MCAS_2003_8_25,MCAS_2003_8_25,True,055787672c47f809a536bf74005b8bffb99d051a7af4761873d7cadb57165c6f
arc,dev,Mercury_7003955,Mercury_7003955,True,eb07057b20c7f3ff237c69d490e0dd4bd663f25a229896f7d597e32727a4816a
arc,dev,Mercury_176838,Mercury_176838,True,394a7ce9396ae69782b4ad1ed80aa3f3df7bafc81374beb3c14450c7c25e86c5
arc,dev,Mercury_SC_407314,Mercury_SC_407314,True,295f106c1d20d30cf07b2ae31e57f26cf1543af49dfb10d82b40b75161ff205e
arc,dev,Mercury_SC_400845,Mercury_SC_400845,True,1dfe8a3c9d9abfb234714a2a24fe4ebff2b1a7673dc2533d9d8a2f19c8321ae9
arc,dev,Mercury_7245193,Mercury_7245193,True,93d4a79e7bb9d76c7fafc4a077dc41da1d08e78b1e314de0166ffa6a52c15587
arc,dev,Mercury_7068863,Mercury_7068863,True,d63c57a3e32d3225d0e281930b739deb1af360408037c9b6b98382aabe008519
arc,dev,NCEOGA_2013_8_38,NCEOGA_2013_8_38,True,bd059b2a5503991728ebd3964e48c284c71af12cded04c757f93ca93616461f3
arc,dev,Mercury_7090720,Mercury_7090720,True,827e8d29a64b9f0ae7b59ed4eff4b9f013093384035895d6837b32a65ff343f0
arc,dev,MCAS_2006_9_35,MCAS_2006_9_35,True,b2e7768fbdffcf377f8b4ff267781b76c26388690d6fdac1c7dad32d29cc10d0
arc,dev,Mercury_7144795,Mercury_7144795,True,950773134ffdd743d70cd8a7093845966ff621cb208460844354c18077ec6357
arc,dev,Mercury_SC_LBS10915,Mercury_SC_LBS10915,True,6c5b8ee61e44314d81541bbbd4a7cba1f8a8e084d31f706dca9ca8d23322784f
arc,dev,MCAS_2009_8_5,MCAS_2009_8_5,True,f41991ac00ae3a057962d093340633c5074de365de80cd36386e29fcffb9e55e
arc,dev,Mercury_7175455,Mercury_7175455,True,cc0e036ceeb7d6c3130484570c79e16328a91cce42d194cb836418dff118d19b
arc,dev,Mercury_7100608,Mercury_7100608,True,e1ee17bf76756dfeb499619cd77b3bc44235a8cc525670dcbd44abef06bfd238
arc,dev,Mercury_177398,Mercury_177398,True,c4c19ce0532ede5bfd2587cbc87e1c7a70b9b119344be66208b1d01bce851f0d
arc,dev,Mercury_SC_415491,Mercury_SC_415491,True,8c92b5476305b73ca251ea57e038fd5938718acf5bb95ce72501907ad3cf9021
arc,dev,Mercury_SC_400047,Mercury_SC_400047,True,1e7e6a3fe614a6ac940b94aed04cc15910659cf927c2443d9a317f24269a883f
arc,dev,Mercury_7218750,Mercury_7218750,True,6ed513a752bd2747307b2000242783392b4a53b38ea20871670b357f352eceac
arc,dev,Mercury_7115395,Mercury_7115395,True,eec5b42b66023930296486ce3de7e219d0963e43684167892559cdae34f915f1
arc,dev,Mercury_7205555,Mercury_7205555,True,7f9bd6d315702db96f9c7a08cfb2b310bcbc4e19af993659f3393e526577efca
arc,dev,Mercury_7093975,Mercury_7093975,True,057370f73acc3109ef51468c05d8243a713a34010651153d825f5425e4e2b252
arc,dev,MCAS_2012_5_23632,MCAS_2012_5_23632,True,6ab6283ee66876290fb4f8b8aef21c057d5b6e1a1fe18c2bf476d7aeb90ad054
arc,dev,Mercury_7130883,Mercury_7130883,True,1364e68824c2f13b4021029dd098cc2a50b48b1ea9bcb848683c165a805aa3a6
arc,dev,Mercury_416648,Mercury_416648,True,dd6e32de3d17641b1f16cf044e5ecabf0ba3bd8c8c82fbed5d00300d9b85a296
arc,dev,Mercury_7006790,Mercury_7006790,True,56a83725f93dba6cd870d1d58ff0b3fb2975823fb4ca811443c73bc9e3201e3d
arc,dev,Mercury_SC_401244,Mercury_SC_401244,True,cffcb61a7fd700fa63370f2e073c2349fc2ed150a5da4b303e482f406cc8c3d6
arc,dev,Mercury_7141908,Mercury_7141908,True,da3a30f39ff248a24ac481fed23041a8ee7783dfe13fda8b27e137a2996b0924
arc,dev,Mercury_7186148,Mercury_7186148,True,4136ac188c2eecb138e06aae8024d7d111936b2949ddbacc5c18a49654d63cc2
arc,dev,Mercury_7124338,Mercury_7124338,True,b22ea60fab2becf021735aa5b2df62d945f6234ae248741ca71752a89a79740c
arc,dev,Mercury_184258,Mercury_184258,True,b47dd0c6676db9895d535b217ab5220e69f4397a5ad790f4329f1bfde0d1b5ef
arc,dev,Mercury_SC_400178,Mercury_SC_400178,True,1cc546c7b85b344348fa214d43da378c8f9f618bc65b72dcb3b6d5d641780a72
arc,dev,Mercury_7007875,Mercury_7007875,True,d1fada9500892d1959ac0ed03e6aed94ddadb1aac6451454e44e3af514d7305d
arc,dev,Mercury_7221865,Mercury_7221865,True,90a3b8bfa4a777c072a0442741b9beee68bc546d84ddfebd0a171e908de85b94
arc,dev,Mercury_7269238,Mercury_7269238,True,e01b95d67014be6403e759089eb10c1bf30d0d79b37031a7e51e76a2704cfe06
arc,dev,NCEOGA_2013_8_40,NCEOGA_2013_8_40,True,9c1d3f5095219aaa8227191348f2de76adb53050866d2cdd390a972baa3243c3
arc,dev,Mercury_SC_415735,Mercury_SC_415735,True,a32ec955c4ad52367bfc7a0029b80dcb708f61b62926b74dcc255eae1cca558d
arc,dev,Mercury_7115273,Mercury_7115273,True,447064976256e99b2162e8b2e2d36d0978edd88dc9542af5c56665b197eed864
arc,dev,Mercury_7233660,Mercury_7233660,True,80cfc666f742373b488d8a7bc367a046747b187cbe3b241fb8466cc8d2a5d105
arc,dev,Mercury_7026198,Mercury_7026198,True,e078d3dd92f028c77575d0e3b3944e42dc5234ccd3578ff9faa1c8c61c1629c8
arc,dev,Mercury_7044100,Mercury_7044100,True,5bef8e9b5c16599480fd471526658fecb1d03c6c237e94dfdc39d55d7cf822f9
arc,dev,Mercury_SC_408859,Mercury_SC_408859,True,b1800d0e1c2d791fd2ee8b3bc055fa12863d7430ef3c033fb515f881c9853756
arc,dev,LEAP_2012_8_10441,LEAP_2012_8_10441,True,b67f9a10968f1c8acc6364e5dfad87e9bea54228c09abe2ddeb124ed71df24c6
arc,dev,Mercury_7220378,Mercury_7220378,True,fb871c90eae92d532688da4c6fcb34cbcd3e3e0b872f559f2776c0ff563008b9
arc,dev,TIMSS_2003_8_pg14,TIMSS_2003_8_pg14,True,f8165293fe1cf8cbd97297dfa977067b6de6e1063c6d950b1505472b6bf990b6
arc,dev,Mercury_SC_405973,Mercury_SC_405973,True,47ed43c972a5355d09bbf78f043ad6ee12ef8ac60db60aed7c09ec0423f2829e
arc,dev,OHAT_2011_8_3,OHAT_2011_8_3,True,e68aa4b45d4cb302f1d4183e408f24d59d1e0fc4a68c0f64d4ca1126602a75e4
arc,dev,Mercury_412683,Mercury_412683,True,afbf075179b9575c2b05599ef1d961c50be19b9c56d32974680d00ad56b5deeb
arc,dev,MCAS_1998_8_2,MCAS_1998_8_2,True,b418063265435f703f5fb0c98e25177aacfe1f63e9e537e57c2ec084c555c19c
arc,dev,Mercury_7005478,Mercury_7005478,True,503032d1c43629b21784621e79e1e34aa9a1f8133f6a5e0c101e233ba2424cfa
arc,dev,Mercury_7105123,Mercury_7105123,True,576616923d7c2049731aa98c105c26c925ba2d3eac66a18e61bf6ab54a7d3387
arc,dev,Mercury_7154263,Mercury_7154263,True,efdb65f0a65e3fe96f8e65b40cf5d66a9a6f49fca94488ba235b3e565ca4f86c
arc,dev,TIMSS_2003_8_pg29,TIMSS_2003_8_pg29,True,d0533322f0e4218a31b250794da79152020d754f714f1dd394a296bc18bc96f6
arc,dev,Mercury_7245053,Mercury_7245053,True,951a614e6021a56c4c894d9e76592baf4f59ff2c6e9031589a9dd8dd99eb24ac
arc,dev,TIMSS_2007_4_pg26,TIMSS_2007_4_pg26,True,97a877fd8fa5161d38a910cd5a01200a412dc3449ad80cbf9e9bac9a7080b35e
arc,dev,NYSEDREGENTS_2014_4_9,NYSEDREGENTS_2014_4_9,True,a98efa88f4261905574e6bb3c88641f968e547125059f84e3d533f1469361229
arc,dev,Mercury_414131,Mercury_414131,True,4ba70fb53eebd6fde89590021c3995b0db8aa3bf1379643f3ef12c4bc072e25f
arc,dev,Mercury_SC_407574,Mercury_SC_407574,True,5b8b3e87f9ddfc0d6f7301df45c319a25de55325a939512510520fb587fa88f0
arc,dev,Mercury_7018515,Mercury_7018515,True,13cf8ebd7d30c5e3bd56b77d4463cadb21f623b4c2cc23ce38126154b783ffb6
arc,dev,TIMSS_2003_8_pg31,TIMSS_2003_8_pg31,True,8b5b1bb079a2dde7eb20441c27429ebc751f7c8a26a1868c53dbec4656771f02
arc,dev,Mercury_7015435,Mercury_7015435,True,2d93c373c2cbe72649aad7a8e47e8993889012fa4f62fa698bc64d8d8f1c986b
arc,dev,Mercury_7166880,Mercury_7166880,True,2ba141bf4f170a4091579cd476ff711e6c9370fd4eb4b24a5fb0eeecc4f86a72
arc,dev,Mercury_7251668,Mercury_7251668,True,301ff07d1a2720d9e2ab5b5b42ac2892477bccb7fb847936053c8b2bb61b663c
arc,dev,Mercury_415263,Mercury_415263,True,59c3d7d09a06920eda76980ef6bdc8a09a37b64a6df1f405c921c0c777c2feff
arc,dev,MEA_2013_5_3,MEA_2013_5_3,True,4549f4af16d5324e4e784e5d3cec5660b3b73c2b3e0dc9a0676fda0b2cf022c9
arc,dev,Mercury_7205345,Mercury_7205345,True,ea6efde7531ca80da485b9ddca65f311638d96a71e27f6ab1f6e61f3dca59f0d
arc,dev,Mercury_7250023,Mercury_7250023,True,f953557fcd4addbea7c9e8dac1546f04d12809d6aa72e43a6c66bc37ae1a91f2
arc,dev,ACTAAP_2009_5_5,ACTAAP_2009_5_5,True,46f9985763daca6a2fe24bb8269c22687559b49db47e956628bb09616414d40a
arc,dev,Mercury_406781,Mercury_406781,True,54f9788a5d331f98195ce550cd9a89ab570ba464a3b45a8cbc4eacff1d9f06ea
arc,dev,Mercury_7086013,Mercury_7086013,True,e633f0193d731ee003aa5197446f873cc7d637ebb5d26e3783ff7f2676a740d8
arc,dev,Mercury_7057313,Mercury_7057313,True,ad7ca6e255314476c0f313245ca4a6f959fb832b62ec05375324475570eed06d
arc,dev,Mercury_SC_LBS10472,Mercury_SC_LBS10472,True,8eb23f85e01e4b9544100baab1fd4d3ccfb849f21256cea52f1a45b948715cf5
arc,dev,Mercury_7190155,Mercury_7190155,True,828d88c660a061cbce0d7aa2964d699832c992aa42c7951af6359a459fc2b4ef
arc,dev,Mercury_7081760,Mercury_7081760,True,7a46a93ea2c300406a8328adb807b342f2d6202ca5e8deabead1030481953026
arc,dev,Mercury_7075145,Mercury_7075145,True,f795b4fcc20c149851204b328f3ede2d5d6d20b6fadb80f0cd204ac78d6346d4
arc,dev,Mercury_7037573,Mercury_7037573,True,7bce1c56e3f688c0921ff5d92d3df6c185ed3bfd1a1a7172f544d73e300b2b89
arc,dev,NYSEDREGENTS_2014_8_41,NYSEDREGENTS_2014_8_41,True,83565e4a6a97f36036bb1a61c628d35cc66a1e61c65c6fc792abf813c443026c
arc,dev,Mercury_SC_408700,Mercury_SC_408700,True,b3ced982fc3ea884c32050f0767fa6a9b91534f13acc5cb5613d4a2cd2bf6734
arc,dev,Mercury_7284043,Mercury_7284043,True,2c97ed3ea6dd79d7a83ca685f20d71c686006864f4baaf4aa8da290aeebd1626
arc,dev,Mercury_7103180,Mercury_7103180,True,c15c7cbb6b97f6de40c2113adf5ce259fe681d3da7298c21ce64b1ba53936f7e
arc,dev,Mercury_7099768,Mercury_7099768,True,509af81f9f9bf3ff1225c5794a3f9cbd56f00692454f8c6c09597de352e78420
arc,dev,Mercury_7133648,Mercury_7133648,True,988b9a9c127f16bd5965c0b1133403bf4d54c6725dcb6363d50b7ea83a2e4bc0
arc,dev,NYSEDREGENTS_2014_4_22,NYSEDREGENTS_2014_4_22,True,27cc8d3983bd076b2a922edd7bb9a80e7015a5bc663fb6b139f2193f2dff2e0a
arc,dev,NYSEDREGENTS_2014_4_28,NYSEDREGENTS_2014_4_28,True,6aa58467a5f4d7422c72f08f63a19e27296eee1b0c14e713a6e789278ac42138
arc,dev,Mercury_SC_406029,Mercury_SC_406029,True,9338e1a529ab66ddc4d9581eecec767d187b31b1181dccc5b0df4a4327d5e619
arc,dev,Mercury_7267593,Mercury_7267593,True,670a58ea6c83f649d2d34f1d723e9bff5d828e24f4d74edba0c770cb98730149
arc,dev,Mercury_7085820,Mercury_7085820,True,f074caf7fb5877e30fadd1812da4b552474e4923b73e7fc3098fe9a2c0c3808b
arc,dev,MCAS_2011_5_17673,MCAS_2011_5_17673,True,a10f8830dd4f1cb3270d6603115a04762c1590e1654575bd5f1fc67761d40283
arc,dev,Mercury_7090738,Mercury_7090738,True,5ec88aab0b31cb02f9c72c3bd0ee07717506ebc1cf5cf31cdc0c734a02dd86f7
arc,dev,Mercury_7234483,Mercury_7234483,True,bd9241c95a2971cf694c57b5e6e9f4f688f3d87733d2873f4de0031e5fa487bc
arc,dev,NYSEDREGENTS_2014_4_20,NYSEDREGENTS_2014_4_20,True,3c01fa5f425a3e99380326ebad773db19846057a6767cb233b5bf657a789a3a6
arc,dev,Mercury_7141698,Mercury_7141698,True,0718c726b6ab19e6728930421073c2c64a0fa820762aea0d25c1e65c6e5fb9c2
arc,dev,Mercury_SC_415354,Mercury_SC_415354,True,c6edafa19ad483f96120a16d532ca08a39fea0e8411e3daf945033756fbbf7ad
arc,dev,NYSEDREGENTS_2014_4_2,NYSEDREGENTS_2014_4_2,True,e9a1f9d0bda7cc73239e14f373a78794e93fcaf1921946d10222d47033202f79
arc,dev,Mercury_7187058,Mercury_7187058,True,71e985ff3342a6c6e08290f819f84d6777de35a9aa4fbfcc13fdc2a0442b71ac
arc,dev,Mercury_7221095,Mercury_7221095,True,492747e8337e996eca5bdcaa1d655dbe33f760b164778fa44f9fe2bb11aa268a
arc,dev,Mercury_7143518,Mercury_7143518,True,d4268548b18a270393835fa982f7671568c8c1cb1e14d478c93ccddbf50277d9
arc,dev,Mercury_7014368,Mercury_7014368,True,03ae7afcee2c075d65e66a5da1f1fdab3f0a3c1d06bdc5e5740f5408e4abbfd9
arc,dev,Mercury_7018445,Mercury_7018445,True,1331c08cb89053e855ef74f536d1fe6f5c9f264c19538c76f406c450cc4b07da
arc,dev,MCAS_2014_8_17,MCAS_2014_8_17,True,42f6e89df749a2685d9f3a0e2199db7841d48baf8ba45416c5d57b359b572e08
arc,dev,Mercury_180443,Mercury_180443,True,b87547bec46df49526fb36ad41961347c966bb90e1228ef04b81afb248caccf7
arc,dev,Mercury_7120890,Mercury_7120890,True,f2ab8b73cffa7d53a266d73164d38ac7d1df89c4320189001d75fa9b9daa0b3d
arc,dev,Mercury_7159268,Mercury_7159268,True,b3e821bea6a22da59047d5bff7770234fb4a97adffcebab7637afef0e23405df
arc,dev,MCAS_1999_8_22,MCAS_1999_8_22,True,d2bfdd210d6d1e53868ee0d452746d2d37a2b7d1dd50218bd2a83a3f5de97812
arc,dev,Mercury_SC_415397,Mercury_SC_415397,True,27f526fde8cf4e5f7847dc07985d0aa5a4ae8a3dbae53168895336cffd435b94
arc,dev,Mercury_7042735,Mercury_7042735,True,21e447d691f028d4b79a544cf14e4ef5108cd4020fa106a444d8406753c224fa
arc,dev,Mercury_SC_400172,Mercury_SC_400172,True,236f0761faf6f800f6fff127d31247c1e76a4a84d5628756350da40b2b9eba31
arc,dev,Mercury_7008120,Mercury_7008120,True,628fe110bdb01d36a038e3d7894eceb7e2687db6130c83ce9fc88e5c22941e41
arc,dev,Mercury_7267995,Mercury_7267995,True,4f09d710bdde752c695c9536d1e311f2ce8130ae51a62a231795a1252baa3c34
arc,dev,Mercury_7038133,Mercury_7038133,True,a12130f52f2ed6b11e8b4cccf14acd82651da7f62dcc32bcd3940d6b911508dd
arc,dev,Mercury_7026443,Mercury_7026443,True,7224bc86974e4cf7a18e11a1e2b43393be8ac79c05c85a9629ba942085412097
arc,dev,Mercury_7099103,Mercury_7099103,True,c44579d7831536edc50b0d2d47411356ea73fa74f780a867f998e81eb3c47ea6
arc,dev,Mercury_7207620,Mercury_7207620,True,b99f0de71b8ab44d183165fd68f3d10aeac09b7fcfafe3a38c2a08424f459c7b
arc,dev,NCEOGA_2013_5_43,NCEOGA_2013_5_43,True,df0d26af703c150be823131087075bd4040fbd4d068711216a54233fb4e70170
arc,dev,Mercury_7166180,Mercury_7166180,True,4e113a13d57cf54d9270c98d8fa77441c8ce7299f8948e82b37ddf3797930f4b
arc,dev,Mercury_7168123,Mercury_7168123,True,7ebe309b46e318680d394ce0ee3fe3447434672fca6d1baad9b3e3d44947f177
arc,dev,MCAS_2012_8_23636,MCAS_2012_8_23636,True,86774197fbb4a8d987120224d50097b7f6143f1c54787fb388b663f93bcc815b
arc,dev,MCAS_2013_8_29421,MCAS_2013_8_29421,True,6e537aeb43bec60783bc503f2864997c78bb22c813f156c974f69c954b2b6917
arc,dev,Mercury_400397,Mercury_400397,True,efea48dceff3eb311676a553a39c8f4b6680fe52cde20a277d909b3044b92ff4
arc,dev,Mercury_184013,Mercury_184013,True,ac3c63063c89062e0b7e1155b9146d15130d14802dd6737985b1f283d80893c0
arc,dev,MDSA_2007_8_15,MDSA_2007_8_15,True,a098fd3a803c4e7a076219902257a85ee95c3559edc38850de04e8f7647537e0
arc,dev,Mercury_SC_401714,Mercury_SC_401714,True,fbc86266e046d8e8ffe52d18ea2be8b067dd9e3bb697a581d8fdc1aaa455cdca
arc,dev,Mercury_7246925,Mercury_7246925,True,27bc993ac6be64d5fac579a3a69d4659b71d3233a93deff90f7f1aea7895900e
arc,dev,Mercury_400905,Mercury_400905,True,a41818623c79b61582fbe6747982749d3add40cec7af9284c0309a7a0ad94b2f
arc,dev,Mercury_7131828,Mercury_7131828,True,3bc0b72cf8a698ad9068fb00c61fe7c7c934db0b032e847bc751d8f5cd18662f
arc,dev,Mercury_7166530,Mercury_7166530,True,ca908398f7d97210a1ff95a0c5f0c2f591bf78a6f4e374d4c03c10da608f7d74
arc,dev,Mercury_7074865,Mercury_7074865,True,cd34dbbbb8564752bc1abbc2d544f267777bcfe56abfcbaa23343fd87846550a
arc,dev,Mercury_7246995,Mercury_7246995,True,9ae5bb6b5ecd983e7ba80945d9ab773651574c4d24d95d3d6779ab75da10a95a
arc,dev,TIMSS_2011_8_pg63,TIMSS_2011_8_pg63,True,d9c108abf7b7700d5a9fc46615583b6fc6407e1cfb81d4eece73ae388e1bba10
arc,dev,Mercury_SC_400612,Mercury_SC_400612,True,9c756eac4a6fb4a9398a91c807cc51fc4afe1c9acbcb92dff55ce9fcf239ceea
arc,dev,MEA_2016_5_7,MEA_2016_5_7,True,64be487d57a47c5a19c3e9d503f6446f19b5f886d3ec74a0c3640e132a7ba248
arc,dev,ACTAAP_2011_5_3,ACTAAP_2011_5_3,True,7ac31e1e1ba3916a51b464af7c6b3375494f9b87b33c969521751b5e986342ac
arc,dev,Mercury_7264023,Mercury_7264023,True,6c84b5d9dc96d1256023055a42ca18d123ed7979da017bbdfbfbc33189c259d9
arc,dev,Mercury_SC_400050,Mercury_SC_400050,True,f0dc4e9c3080e7b47cabbde0e4e91d0f7b65ce6b35f23bd2591228585b8cda81
arc,dev,MCAS_2003_5_31,MCAS_2003_5_31,True,b9357de38a62a2597ebf62857f46adecb9b4dbef267192cd31540729caa5a4e1
arc,dev,Mercury_LBS10399,Mercury_LBS10399,True,9ebb05ebc71373c8e3bbb90828731bd8e27e7d3450a4ee19c22d94bbf9592cd7
arc,dev,Mercury_7090598,Mercury_7090598,True,5bf58ccfe3ea39385c6555811b23586576a9394582d9de82627ad06dd0a400bc
arc,dev,OHAT_2007_5_24,OHAT_2007_5_24,True,24bd4b47d7ff78b6fd7404952b816de6060a7e6a71da72cbc42f876f95a12c38
arc,dev,Mercury_SC_402239,Mercury_SC_402239,True,98baef316ae7cf47efbbb2d443731fb19873aedfe163c274d0243c2c42b91c2a
arc,dev,Mercury_7245088,Mercury_7245088,True,5b287d7f5dbf95a3923b3db2b07b2510a27a8783f29856a9ad6f077db88c083c
arc,dev,Mercury_7082145,Mercury_7082145,True,a8dc59b9f4321327c0a08359f7fb3db5f9f7483a391cb43d6efd37256cc94e44
