setting,convention,q,threshold,n,k,p,CP999,accepted,label
small/OBQA/Text,V2,0.05,0.00014084577560424805,65,5,0.894126,0.231724,False,POST-HOC re-analysis (reviewer R4/E11); does not change any primary decision
small/OBQA/Text,V2,0.1,0.0004979372024536133,142,19,0.999971,0.242485,False,POST-HOC re-analysis (reviewer R4/E11); does not change any primary decision
small/OBQA/Text,V2,0.15,0.0009494423866271973,216,35,1,0.251941,False,POST-HOC re-analysis (reviewer R4/E11); does not change any primary decision
small/OBQA/Text,V2,0.2,0.0018350481986999512,282,55,1,0.276597,False,POST-HOC re-analysis (reviewer R4/E11); does not change any primary decision
small/OBQA/Text,V2,0.25,0.0032129883766174316,375,92,1,0.31954,False,POST-HOC re-analysis (reviewer R4/E11); does not change any primary decision
small/OBQA/Text,V2,0.3,0.00520014762878418,447,123,1,0.344635,False,POST-HOC re-analysis (reviewer R4/E11); does not change any primary decision
small/OBQA/Text,V2,0.35,0.0075501203536987305,506,155,1,0.372929,False,POST-HOC re-analysis (reviewer R4/E11); does not change any primary decision
small/OBQA/Text,V2,0.4,0.011367261409759521,572,189,1,0.393812,False,POST-HOC re-analysis (reviewer R4/E11); does not change any primary decision
small/OBQA/Text,V2,0.45,0.01766204833984375,642,211,1,0.388313,False,POST-HOC re-analysis (reviewer R4/E11); does not change any primary decision
small/OBQA/Text,V2,0.5,0.023335695266723633,703,245,1,0.406012,False,POST-HOC re-analysis (reviewer R4/E11); does not change any primary decision
small/OBQA/Text,V2,0.55,0.033761560916900635,790,294,1,0.426852,False,POST-HOC re-analysis (reviewer R4/E11); does not change any primary decision
small/OBQA/Text,V2,0.6,0.047892868518829346,868,323,1,0.424242,False,POST-HOC re-analysis (reviewer R4/E11); does not change any primary decision
small/OBQA/Text,V2,0.65,0.06818485260009766,935,354,1,0.428906,False,POST-HOC re-analysis (reviewer R4/E11); does not change any primary decision
small/OBQA/Text,V2,0.7,0.09768414497375488,1007,392,1,0.437874,False,POST-HOC re-analysis (reviewer R4/E11); does not change any primary decision
small/OBQA/Text,V2,0.75,0.1333599090576172,1064,426,1,0.447784,False,POST-HOC re-analysis (reviewer R4/E11); does not change any primary decision
small/OBQA/Text,V2,0.8,0.1825515627861023,1110,447,1,0.449128,False,POST-HOC re-analysis (reviewer R4/E11); does not change any primary decision
small/OBQA/Text,V2,0.85,0.23033851385116577,1180,488,1,0.458682,False,POST-HOC re-analysis (reviewer R4/E11); does not change any primary decision
small/OBQA/Text,V2,0.9,0.3213103413581848,1243,522,1,0.463957,False,POST-HOC re-analysis (reviewer R4/E11); does not change any primary decision
small/OBQA/Text,V2,0.95,0.43785351514816284,1313,562,1,0.470891,False,POST-HOC re-analysis (reviewer R4/E11); does not change any primary decision
small/OBQA/Text,V2,1.0,Infinity,1366,598,1,0.479848,False,POST-HOC re-analysis (reviewer R4/E11); does not change any primary decision
small/OBQA/Text,OFFICIAL,0.05,0.00014084577560424805,65,1,0.157601,0.133394,False,POST-HOC re-analysis (reviewer R4/E11); does not change any primary decision
small/OBQA/Text,OFFICIAL,0.1,0.0004979372024536133,142,11,0.946737,0.171092,False,POST-HOC re-analysis (reviewer R4/E11); does not change any primary decision
small/OBQA/Text,OFFICIAL,0.15,0.0009494423866271973,216,22,0.999425,0.180301,False,POST-HOC re-analysis (reviewer R4/E11); does not change any primary decision
small/OBQA/Text,OFFICIAL,0.2,0.0018350481986999512,282,39,1,0.21209,False,POST-HOC re-analysis (reviewer R4/E11); does not change any primary decision
small/OBQA/Text,OFFICIAL,0.25,0.0032129883766174316,375,72,1,0.261468,False,POST-HOC re-analysis (reviewer R4/E11); does not change any primary decision
small/OBQA/Text,OFFICIAL,0.3,0.00520014762878418,447,98,1,0.284822,False,POST-HOC re-analysis (reviewer R4/E11); does not change any primary decision
small/OBQA/Text,OFFICIAL,0.35,0.0075501203536987305,506,123,1,0.306191,False,POST-HOC re-analysis (reviewer R4/E11); does not change any primary decision
small/OBQA/Text,OFFICIAL,0.4,0.011367261409759521,572,155,1,0.331766,False,POST-HOC re-analysis (reviewer R4/E11); does not change any primary decision
small/OBQA/Text,OFFICIAL,0.45,0.01766204833984375,642,174,1,0.328241,False,POST-HOC re-analysis (reviewer R4/E11); does not change any primary decision
small/OBQA/Text,OFFICIAL,0.5,0.023335695266723633,703,204,1,0.345636,False,POST-HOC re-analysis (reviewer R4/E11); does not change any primary decision
small/OBQA/Text,OFFICIAL,0.55,0.033761560916900635,790,250,1,0.369638,False,POST-HOC re-analysis (reviewer R4/E11); does not change any primary decision
small/OBQA/Text,OFFICIAL,0.6,0.047892868518829346,868,277,1,0.369865,False,POST-HOC re-analysis (reviewer R4/E11); does not change any primary decision
small/OBQA/Text,OFFICIAL,0.65,0.06818485260009766,935,304,1,0.374149,False,POST-HOC re-analysis (reviewer R4/E11); does not change any primary decision
small/OBQA/Text,OFFICIAL,0.7,0.09768414497375488,1007,339,1,0.384142,False,POST-HOC re-analysis (reviewer R4/E11); does not change any primary decision
small/OBQA/Text,OFFICIAL,0.75,0.1333599090576172,1064,372,1,0.396118,False,POST-HOC re-analysis (reviewer R4/E11); does not change any primary decision
small/OBQA/Text,OFFICIAL,0.8,0.1825515627861023,1110,389,1,0.395965,False,POST-HOC re-analysis (reviewer R4/E11); does not change any primary decision
small/OBQA/Text,OFFICIAL,0.85,0.23033851385116577,1180,428,1,0.40708,False,POST-HOC re-analysis (reviewer R4/E11); does not change any primary decision
small/OBQA/Text,OFFICIAL,0.9,0.3213103413581848,1243,460,1,0.413414,False,POST-HOC re-analysis (reviewer R4/E11); does not change any primary decision
small/OBQA/Text,OFFICIAL,0.95,0.43785351514816284,1313,498,1,0.421585,False,POST-HOC re-analysis (reviewer R4/E11); does not change any primary decision
small/OBQA/Text,OFFICIAL,1.0,Infinity,1366,532,1,0.431065,False,POST-HOC re-analysis (reviewer R4/E11); does not change any primary decision
small/OBQA/C2C,V2,0.05,0.00014084577560424805,65,2,0.362997,0.160967,False,POST-HOC re-analysis (reviewer R4/E11); does not change any primary decision
small/OBQA/C2C,V2,0.1,0.0004979372024536133,142,10,0.899752,0.161635,False,POST-HOC re-analysis (reviewer R4/E11); does not change any primary decision
small/OBQA/C2C,V2,0.15,0.0009494423866271973,216,22,0.999425,0.180301,False,POST-HOC re-analysis (reviewer R4/E11); does not change any primary decision
small/OBQA/C2C,V2,0.2,0.0018350481986999512,282,36,1,0.199654,False,POST-HOC re-analysis (reviewer R4/E11); does not change any primary decision
small/OBQA/C2C,V2,0.25,0.0032129883766174316,375,65,1,0.240739,False,POST-HOC re-analysis (reviewer R4/E11); does not change any primary decision
small/OBQA/C2C,V2,0.3,0.00520014762878418,447,101,1,0.292076,False,POST-HOC re-analysis (reviewer R4/E11); does not change any primary decision
small/OBQA/C2C,V2,0.35,0.0075501203536987305,506,132,1,0.325118,False,POST-HOC re-analysis (reviewer R4/E11); does not change any primary decision
small/OBQA/C2C,V2,0.4,0.011367261409759521,572,171,1,0.36111,False,POST-HOC re-analysis (reviewer R4/E11); does not change any primary decision
small/OBQA/C2C,V2,0.45,0.01766204833984375,642,202,1,0.373796,False,POST-HOC re-analysis (reviewer R4/E11); does not change any primary decision
small/OBQA/C2C,V2,0.5,0.023335695266723633,703,221,1,0.370788,False,POST-HOC re-analysis (reviewer R4/E11); does not change any primary decision
small/OBQA/C2C,V2,0.55,0.033761560916900635,790,275,1,0.402242,False,POST-HOC re-analysis (reviewer R4/E11); does not change any primary decision
small/OBQA/C2C,V2,0.6,0.047892868518829346,868,320,1,0.420717,False,POST-HOC re-analysis (reviewer R4/E11); does not change any primary decision
small/OBQA/C2C,V2,0.65,0.06818485260009766,935,361,1,0.43652,False,POST-HOC re-analysis (reviewer R4/E11); does not change any primary decision
small/OBQA/C2C,V2,0.7,0.09768414497375488,1007,409,1,0.454984,False,POST-HOC re-analysis (reviewer R4/E11); does not change any primary decision
small/OBQA/C2C,V2,0.75,0.1333599090576172,1064,448,1,0.468682,False,POST-HOC re-analysis (reviewer R4/E11); does not change any primary decision
small/OBQA/C2C,V2,0.8,0.1825515627861023,1110,481,1,0.480042,False,POST-HOC re-analysis (reviewer R4/E11); does not change any primary decision
small/OBQA/C2C,V2,0.85,0.23033851385116577,1180,522,1,0.487706,False,POST-HOC re-analysis (reviewer R4/E11); does not change any primary decision
small/OBQA/C2C,V2,0.9,0.3213103413581848,1243,562,1,0.496325,False,POST-HOC re-analysis (reviewer R4/E11); does not change any primary decision
small/OBQA/C2C,V2,0.95,0.43785351514816284,1313,602,1,0.501494,False,POST-HOC re-analysis (reviewer R4/E11); does not change any primary decision
small/OBQA/C2C,V2,1.0,Infinity,1366,640,1,0.510684,False,POST-HOC re-analysis (reviewer R4/E11); does not change any primary decision
small/OBQA/C2C,OFFICIAL,0.05,0.00014084577560424805,65,1,0.157601,0.133394,False,POST-HOC re-analysis (reviewer R4/E11); does not change any primary decision
small/OBQA/C2C,OFFICIAL,0.1,0.0004979372024536133,142,8,0.719083,0.142204,False,POST-HOC re-analysis (reviewer R4/E11); does not change any primary decision
small/OBQA/C2C,OFFICIAL,0.15,0.0009494423866271973,216,19,0.993701,0.16299,False,POST-HOC re-analysis (reviewer R4/E11); does not change any primary decision
small/OBQA/C2C,OFFICIAL,0.2,0.0018350481986999512,282,32,0.999994,0.182861,False,POST-HOC re-analysis (reviewer R4/E11); does not change any primary decision
small/OBQA/C2C,OFFICIAL,0.25,0.0032129883766174316,375,59,1,0.222774,False,POST-HOC re-analysis (reviewer R4/E11); does not change any primary decision
small/OBQA/C2C,OFFICIAL,0.3,0.00520014762878418,447,93,1,0.272681,False,POST-HOC re-analysis (reviewer R4/E11); does not change any primary decision
small/OBQA/C2C,OFFICIAL,0.35,0.0075501203536987305,506,122,1,0.30408,False,POST-HOC re-analysis (reviewer R4/E11); does not change any primary decision
small/OBQA/C2C,OFFICIAL,0.4,0.011367261409759521,572,161,1,0.342802,False,POST-HOC re-analysis (reviewer R4/E11); does not change any primary decision
small/OBQA/C2C,OFFICIAL,0.45,0.01766204833984375,642,191,1,0.355972,False,POST-HOC re-analysis (reviewer R4/E11); does not change any primary decision
small/OBQA/C2C,OFFICIAL,0.5,0.023335695266723633,703,210,1,0.354533,False,POST-HOC re-analysis (reviewer R4/E11); does not change any primary decision
small/OBQA/C2C,OFFICIAL,0.55,0.033761560916900635,790,265,1,0.389232,False,POST-HOC re-analysis (reviewer R4/E11); does not change any primary decision
small/OBQA/C2C,OFFICIAL,0.6,0.047892868518829346,868,310,1,0.408943,False,POST-HOC re-analysis (reviewer R4/E11); does not change any primary decision
small/OBQA/C2C,OFFICIAL,0.65,0.06818485260009766,935,351,1,0.425639,False,POST-HOC re-analysis (reviewer R4/E11); does not change any primary decision
small/OBQA/C2C,OFFICIAL,0.7,0.09768414497375488,1007,398,1,0.44392,False,POST-HOC re-analysis (reviewer R4/E11); does not change any primary decision
small/OBQA/C2C,OFFICIAL,0.75,0.1333599090576172,1064,438,1,0.459193,False,POST-HOC re-analysis (reviewer R4/E11); does not change any primary decision
small/OBQA/C2C,OFFICIAL,0.8,0.1825515627861023,1110,471,1,0.470969,False,POST-HOC re-analysis (reviewer R4/E11); does not change any primary decision
small/OBQA/C2C,OFFICIAL,0.85,0.23033851385116577,1180,512,1,0.479186,False,POST-HOC re-analysis (reviewer R4/E11); does not change any primary decision
small/OBQA/C2C,OFFICIAL,0.9,0.3213103413581848,1243,551,1,0.487442,False,POST-HOC re-analysis (reviewer R4/E11); does not change any primary decision
small/OBQA/C2C,OFFICIAL,0.95,0.43785351514816284,1313,591,1,0.493094,False,POST-HOC re-analysis (reviewer R4/E11); does not change any primary decision
small/OBQA/C2C,OFFICIAL,1.0,Infinity,1366,629,1,0.502623,False,POST-HOC re-analysis (reviewer R4/E11); does not change any primary decision
small/ARC/Text,V2,0.05,0.00011157989501953125,18,4,0.998454,0.608344,False,POST-HOC re-analysis (reviewer R4/E11); does not change any primary decision
small/ARC/Text,V2,0.1,0.0004367232322692871,33,5,0.994613,0.418622,False,POST-HOC re-analysis (reviewer R4/E11); does not change any primary decision
small/ARC/Text,V2,0.15,0.0012328028678894043,50,9,0.999841,0.394093,False,POST-HOC re-analysis (reviewer R4/E11); does not change any primary decision
small/ARC/Text,V2,0.2,0.002542734146118164,78,23,1,0.473371,False,POST-HOC re-analysis (reviewer R4/E11); does not change any primary decision
small/ARC/Text,V2,0.25,0.004671871662139893,108,33,1,0.456124,False,POST-HOC re-analysis (reviewer R4/E11); does not change any primary decision
small/ARC/Text,V2,0.3,0.006744503974914551,128,43,1,0.47491,False,POST-HOC re-analysis (reviewer R4/E11); does not change any primary decision
small/ARC/Text,V2,0.35,0.009816467761993408,140,49,1,0.483065,False,POST-HOC re-analysis (reviewer R4/E11); does not change any primary decision
small/ARC/Text,V2,0.4,0.014494717121124268,163,63,1,0.510215,False,POST-HOC re-analysis (reviewer R4/E11); does not change any primary decision
small/ARC/Text,V2,0.45,0.02129054069519043,182,72,1,0.512594,False,POST-HOC re-analysis (reviewer R4/E11); does not change any primary decision
small/ARC/Text,V2,0.5,0.02968961000442505,206,83,1,0.512761,False,POST-HOC re-analysis (reviewer R4/E11); does not change any primary decision
small/ARC/Text,V2,0.55,0.04347580671310425,234,96,1,0.513218,False,POST-HOC re-analysis (reviewer R4/E11); does not change any primary decision
small/ARC/Text,V2,0.6,0.06113743782043457,263,115,1,0.534329,False,POST-HOC re-analysis (reviewer R4/E11); does not change any primary decision
small/ARC/Text,V2,0.65,0.0874868631362915,289,134,1,0.556043,False,POST-HOC re-analysis (reviewer R4/E11); does not change any primary decision
small/ARC/Text,V2,0.7,0.1193498969078064,315,151,1,0.567625,False,POST-HOC re-analysis (reviewer R4/E11); does not change any primary decision
small/ARC/Text,V2,0.75,0.1509310007095337,341,165,1,0.568617,False,POST-HOC re-analysis (reviewer R4/E11); does not change any primary decision
small/ARC/Text,V2,0.8,0.22326356172561646,362,176,1,0.568394,False,POST-HOC re-analysis (reviewer R4/E11); does not change any primary decision
small/ARC/Text,V2,0.85,0.272111713886261,378,190,1,0.582817,False,POST-HOC re-analysis (reviewer R4/E11); does not change any primary decision
small/ARC/Text,V2,0.9,0.34250950813293457,392,195,1,0.576264,False,POST-HOC re-analysis (reviewer R4/E11); does not change any primary decision
small/ARC/Text,V2,0.95,0.43796151876449585,422,214,1,0.582901,False,POST-HOC re-analysis (reviewer R4/E11); does not change any primary decision
small/ARC/Text,V2,1.0,Infinity,448,233,1,0.593398,False,POST-HOC re-analysis (reviewer R4/E11); does not change any primary decision
small/ARC/Text,OFFICIAL,0.05,0.00011157989501953125,18,1,0.773523,0.410513,False,POST-HOC re-analysis (reviewer R4/E11); does not change any primary decision
small/ARC/Text,OFFICIAL,0.1,0.0004367232322692871,33,2,0.772807,0.296254,False,POST-HOC re-analysis (reviewer R4/E11); does not change any primary decision
small/ARC/Text,OFFICIAL,0.15,0.0012328028678894043,50,5,0.962224,0.293314,False,POST-HOC re-analysis (reviewer R4/E11); does not change any primary decision
small/ARC/Text,OFFICIAL,0.2,0.002542734146118164,78,18,1,0.403616,False,POST-HOC re-analysis (reviewer R4/E11); does not change any primary decision
small/ARC/Text,OFFICIAL,0.25,0.004671871662139893,108,25,1,0.375791,False,POST-HOC re-analysis (reviewer R4/E11); does not change any primary decision
small/ARC/Text,OFFICIAL,0.3,0.006744503974914551,128,30,1,0.366053,False,POST-HOC re-analysis (reviewer R4/E11); does not change any primary decision
small/ARC/Text,OFFICIAL,0.35,0.009816467761993408,140,34,1,0.369077,False,POST-HOC re-analysis (reviewer R4/E11); does not change any primary decision
small/ARC/Text,OFFICIAL,0.4,0.014494717121124268,163,46,1,0.40166,False,POST-HOC re-analysis (reviewer R4/E11); does not change any primary decision
small/ARC/Text,OFFICIAL,0.45,0.02129054069519043,182,53,1,0.404409,False,POST-HOC re-analysis (reviewer R4/E11); does not change any primary decision
small/ARC/Text,OFFICIAL,0.5,0.02968961000442505,206,63,1,0.412655,False,POST-HOC re-analysis (reviewer R4/E11); does not change any primary decision
small/ARC/Text,OFFICIAL,0.55,0.04347580671310425,234,75,1,0.421114,False,POST-HOC re-analysis (reviewer R4/E11); does not change any primary decision
small/ARC/Text,OFFICIAL,0.6,0.06113743782043457,263,90,1,0.437701,False,POST-HOC re-analysis (reviewer R4/E11); does not change any primary decision
small/ARC/Text,OFFICIAL,0.65,0.0874868631362915,289,107,1,0.461997,False,POST-HOC re-analysis (reviewer R4/E11); does not change any primary decision
small/ARC/Text,OFFICIAL,0.7,0.1193498969078064,315,119,1,0.465708,False,POST-HOC re-analysis (reviewer R4/E11); does not change any primary decision
small/ARC/Text,OFFICIAL,0.75,0.1509310007095337,341,132,1,0.471688,False,POST-HOC re-analysis (reviewer R4/E11); does not change any primary decision
small/ARC/Text,OFFICIAL,0.8,0.22326356172561646,362,143,1,0.477193,False,POST-HOC re-analysis (reviewer R4/E11); does not change any primary decision
small/ARC/Text,OFFICIAL,0.85,0.272111713886261,378,155,1,0.490613,False,POST-HOC re-analysis (reviewer R4/E11); does not change any primary decision
small/ARC/Text,OFFICIAL,0.9,0.34250950813293457,392,160,1,0.487218,False,POST-HOC re-analysis (reviewer R4/E11); does not change any primary decision
small/ARC/Text,OFFICIAL,0.95,0.43796151876449585,422,179,1,0.500446,False,POST-HOC re-analysis (reviewer R4/E11); does not change any primary decision
small/ARC/Text,OFFICIAL,1.0,Infinity,448,197,1,0.513792,False,POST-HOC re-analysis (reviewer R4/E11); does not change any primary decision
small/ARC/C2C,V2,0.05,0.00011157989501953125,18,1,0.773523,0.410513,False,POST-HOC re-analysis (reviewer R4/E11); does not change any primary decision
small/ARC/C2C,V2,0.1,0.0004367232322692871,33,2,0.772807,0.296254,False,POST-HOC re-analysis (reviewer R4/E11); does not change any primary decision
small/ARC/C2C,V2,0.15,0.0012328028678894043,50,7,0.996812,0.345385,False,POST-HOC re-analysis (reviewer R4/E11); does not change any primary decision
small/ARC/C2C,V2,0.2,0.002542734146118164,78,15,0.999999,0.359744,False,POST-HOC re-analysis (reviewer R4/E11); does not change any primary decision
small/ARC/C2C,V2,0.25,0.004671871662139893,108,32,1,0.446316,False,POST-HOC re-analysis (reviewer R4/E11); does not change any primary decision
small/ARC/C2C,V2,0.3,0.006744503974914551,128,44,1,0.482998,False,POST-HOC re-analysis (reviewer R4/E11); does not change any primary decision
small/ARC/C2C,V2,0.35,0.009816467761993408,140,51,1,0.497725,False,POST-HOC re-analysis (reviewer R4/E11); does not change any primary decision
small/ARC/C2C,V2,0.4,0.014494717121124268,163,60,1,0.491488,False,POST-HOC re-analysis (reviewer R4/E11); does not change any primary decision
small/ARC/C2C,V2,0.45,0.02129054069519043,182,68,1,0.490279,False,POST-HOC re-analysis (reviewer R4/E11); does not change any primary decision
small/ARC/C2C,V2,0.5,0.02968961000442505,206,84,1,0.517652,False,POST-HOC re-analysis (reviewer R4/E11); does not change any primary decision
small/ARC/C2C,V2,0.55,0.04347580671310425,234,101,1,0.53464,False,POST-HOC re-analysis (reviewer R4/E11); does not change any primary decision
small/ARC/C2C,V2,0.6,0.06113743782043457,263,119,1,0.54946,False,POST-HOC re-analysis (reviewer R4/E11); does not change any primary decision
small/ARC/C2C,V2,0.65,0.0874868631362915,289,134,1,0.556043,False,POST-HOC re-analysis (reviewer R4/E11); does not change any primary decision
small/ARC/C2C,V2,0.7,0.1193498969078064,315,152,1,0.570752,False,POST-HOC re-analysis (reviewer R4/E11); does not change any primary decision
small/ARC/C2C,V2,0.75,0.1509310007095337,341,174,1,0.594509,False,POST-HOC re-analysis (reviewer R4/E11); does not change any primary decision
small/ARC/C2C,V2,0.8,0.22326356172561646,362,190,1,0.606273,False,POST-HOC re-analysis (reviewer R4/E11); does not change any primary decision
small/ARC/C2C,V2,0.85,0.272111713886261,378,205,1,0.621506,False,POST-HOC re-analysis (reviewer R4/E11); does not change any primary decision
small/ARC/C2C,V2,0.9,0.34250950813293457,392,214,1,0.623569,False,POST-HOC re-analysis (reviewer R4/E11); does not change any primary decision
small/ARC/C2C,V2,0.95,0.43796151876449585,422,235,1,0.631388,False,POST-HOC re-analysis (reviewer R4/E11); does not change any primary decision
small/ARC/C2C,V2,1.0,Infinity,448,254,1,0.63897,False,POST-HOC re-analysis (reviewer R4/E11); does not change any primary decision
small/ARC/C2C,OFFICIAL,0.05,0.00011157989501953125,18,0,0.397214,0.318708,False,POST-HOC re-analysis (reviewer R4/E11); does not change any primary decision
small/ARC/C2C,OFFICIAL,0.1,0.0004367232322692871,33,1,0.50365,0.247416,False,POST-HOC re-analysis (reviewer R4/E11); does not change any primary decision
small/ARC/C2C,OFFICIAL,0.15,0.0012328028678894043,50,5,0.962224,0.293314,False,POST-HOC re-analysis (reviewer R4/E11); does not change any primary decision
small/ARC/C2C,OFFICIAL,0.2,0.002542734146118164,78,12,0.999874,0.313985,False,POST-HOC re-analysis (reviewer R4/E11); does not change any primary decision
small/ARC/C2C,OFFICIAL,0.25,0.004671871662139893,108,28,1,0.406435,False,POST-HOC re-analysis (reviewer R4/E11); does not change any primary decision
small/ARC/C2C,OFFICIAL,0.3,0.006744503974914551,128,40,1,0.450418,False,POST-HOC re-analysis (reviewer R4/E11); does not change any primary decision
small/ARC/C2C,OFFICIAL,0.35,0.009816467761993408,140,46,1,0.460852,False,POST-HOC re-analysis (reviewer R4/E11); does not change any primary decision
small/ARC/C2C,OFFICIAL,0.4,0.014494717121124268,163,55,1,0.459882,False,POST-HOC re-analysis (reviewer R4/E11); does not change any primary decision
small/ARC/C2C,OFFICIAL,0.45,0.02129054069519043,182,63,1,0.462052,False,POST-HOC re-analysis (reviewer R4/E11); does not change any primary decision
small/ARC/C2C,OFFICIAL,0.5,0.02968961000442505,206,79,1,0.493095,False,POST-HOC re-analysis (reviewer R4/E11); does not change any primary decision
small/ARC/C2C,OFFICIAL,0.55,0.04347580671310425,234,96,1,0.513218,False,POST-HOC re-analysis (reviewer R4/E11); does not change any primary decision
small/ARC/C2C,OFFICIAL,0.6,0.06113743782043457,263,114,1,0.530532,False,POST-HOC re-analysis (reviewer R4/E11); does not change any primary decision
small/ARC/C2C,OFFICIAL,0.65,0.0874868631362915,289,129,1,0.538871,False,POST-HOC re-analysis (reviewer R4/E11); does not change any primary decision
small/ARC/C2C,OFFICIAL,0.7,0.1193498969078064,315,147,1,0.555083,False,POST-HOC re-analysis (reviewer R4/E11); does not change any primary decision
small/ARC/C2C,OFFICIAL,0.75,0.1509310007095337,341,169,1,0.580153,False,POST-HOC re-analysis (reviewer R4/E11); does not change any primary decision
small/ARC/C2C,OFFICIAL,0.8,0.22326356172561646,362,185,1,0.5928,False,POST-HOC re-analysis (reviewer R4/E11); does not change any primary decision
small/ARC/C2C,OFFICIAL,0.85,0.272111713886261,378,200,1,0.608665,False,POST-HOC re-analysis (reviewer R4/E11); does not change any primary decision
small/ARC/C2C,OFFICIAL,0.9,0.34250950813293457,392,209,1,0.611191,False,POST-HOC re-analysis (reviewer R4/E11); does not change any primary decision
small/ARC/C2C,OFFICIAL,0.95,0.43796151876449585,422,230,1,0.619911,False,POST-HOC re-analysis (reviewer R4/E11); does not change any primary decision
small/ARC/C2C,OFFICIAL,1.0,Infinity,448,249,1,0.628178,False,POST-HOC re-analysis (reviewer R4/E11); does not change any primary decision
medium/OBQA/Text,V2,0.05,0.0,601,36,0.884295,0.0957803,False,POST-HOC re-analysis (reviewer R4/E11); does not change any primary decision
medium/OBQA/Text,V2,0.1,0.0,601,36,0.884295,0.0957803,False,POST-HOC re-analysis (reviewer R4/E11); does not change any primary decision
medium/OBQA/Text,V2,0.15,0.0,601,36,0.884295,0.0957803,False,POST-HOC re-analysis (reviewer R4/E11); does not change any primary decision
medium/OBQA/Text,V2,0.2,0.0,601,36,0.884295,0.0957803,False,POST-HOC re-analysis (reviewer R4/E11); does not change any primary decision
medium/OBQA/Text,V2,0.25,0.0,601,36,0.884295,0.0957803,False,POST-HOC re-analysis (reviewer R4/E11); does not change any primary decision
medium/OBQA/Text,V2,0.3,0.0,601,36,0.884295,0.0957803,False,POST-HOC re-analysis (reviewer R4/E11); does not change any primary decision
medium/OBQA/Text,V2,0.35,0.0,601,36,0.884295,0.0957803,False,POST-HOC re-analysis (reviewer R4/E11); does not change any primary decision
medium/OBQA/Text,V2,0.4,0.0,601,36,0.884295,0.0957803,False,POST-HOC re-analysis (reviewer R4/E11); does not change any primary decision
medium/OBQA/Text,V2,0.45,0.0,601,36,0.884295,0.0957803,False,POST-HOC re-analysis (reviewer R4/E11); does not change any primary decision
medium/OBQA/Text,V2,0.5,2.384185791015625e-07,665,50,0.998047,0.111958,False,POST-HOC re-analysis (reviewer R4/E11); does not change any primary decision
medium/OBQA/Text,V2,0.55,1.3113021850585938e-06,739,66,0.999997,0.126212,False,POST-HOC re-analysis (reviewer R4/E11); does not change any primary decision
medium/OBQA/Text,V2,0.6,6.139278411865234e-06,800,89,1,0.149518,False,POST-HOC re-analysis (reviewer R4/E11); does not change any primary decision
medium/OBQA/Text,V2,0.65,3.540515899658203e-05,880,105,1,0.156571,False,POST-HOC re-analysis (reviewer R4/E11); does not change any primary decision
medium/OBQA/Text,V2,0.7,0.0002611875534057617,959,138,1,0.181925,False,POST-HOC re-analysis (reviewer R4/E11); does not change any primary decision
medium/OBQA/Text,V2,0.75,0.0011908411979675293,1019,161,1,0.196027,False,POST-HOC re-analysis (reviewer R4/E11); does not change any primary decision
medium/OBQA/Text,V2,0.8,0.006693124771118164,1089,190,1,0.212445,False,POST-HOC re-analysis (reviewer R4/E11); does not change any primary decision
medium/OBQA/Text,V2,0.85,0.023698091506958008,1155,224,1,0.232063,False,POST-HOC re-analysis (reviewer R4/E11); does not change any primary decision
medium/OBQA/Text,V2,0.9,0.09535020589828491,1219,262,1,0.253223,False,POST-HOC re-analysis (reviewer R4/E11); does not change any primary decision
medium/OBQA/Text,V2,0.95,0.22961032390594482,1293,304,1,0.27327,False,POST-HOC re-analysis (reviewer R4/E11); does not change any primary decision
medium/OBQA/Text,V2,1.0,Infinity,1366,348,1,0.292712,False,POST-HOC re-analysis (reviewer R4/E11); does not change any primary decision
medium/OBQA/Text,OFFICIAL,0.05,0.0,601,37,0.914936,0.0978028,False,POST-HOC re-analysis (reviewer R4/E11); does not change any primary decision
medium/OBQA/Text,OFFICIAL,0.1,0.0,601,37,0.914936,0.0978028,False,POST-HOC re-analysis (reviewer R4/E11); does not change any primary decision
medium/OBQA/Text,OFFICIAL,0.15,0.0,601,37,0.914936,0.0978028,False,POST-HOC re-analysis (reviewer R4/E11); does not change any primary decision
medium/OBQA/Text,OFFICIAL,0.2,0.0,601,37,0.914936,0.0978028,False,POST-HOC re-analysis (reviewer R4/E11); does not change any primary decision
medium/OBQA/Text,OFFICIAL,0.25,0.0,601,37,0.914936,0.0978028,False,POST-HOC re-analysis (reviewer R4/E11); does not change any primary decision
medium/OBQA/Text,OFFICIAL,0.3,0.0,601,37,0.914936,0.0978028,False,POST-HOC re-analysis (reviewer R4/E11); does not change any primary decision
medium/OBQA/Text,OFFICIAL,0.35,0.0,601,37,0.914936,0.0978028,False,POST-HOC re-analysis (reviewer R4/E11); does not change any primary decision
medium/OBQA/Text,OFFICIAL,0.4,0.0,601,37,0.914936,0.0978028,False,POST-HOC re-analysis (reviewer R4/E11); does not change any primary decision
medium/OBQA/Text,OFFICIAL,0.45,0.0,601,37,0.914936,0.0978028,False,POST-HOC re-analysis (reviewer R4/E11); does not change any primary decision
medium/OBQA/Text,OFFICIAL,0.5,2.384185791015625e-07,665,51,0.99882,0.11373,False,POST-HOC re-analysis (reviewer R4/E11); does not change any primary decision
medium/OBQA/Text,OFFICIAL,0.55,1.3113021850585938e-06,739,67,0.999998,0.12777,False,POST-HOC re-analysis (reviewer R4/E11); does not change any primary decision
medium/OBQA/Text,OFFICIAL,0.6,6.139278411865234e-06,800,90,1,0.150924,False,POST-HOC re-analysis (reviewer R4/E11); does not change any primary decision
medium/OBQA/Text,OFFICIAL,0.65,3.540515899658203e-05,880,106,1,0.157836,False,POST-HOC re-analysis (reviewer R4/E11); does not change any primary decision
medium/OBQA/Text,OFFICIAL,0.7,0.0002611875534057617,959,139,1,0.183064,False,POST-HOC re-analysis (reviewer R4/E11); does not change any primary decision
medium/OBQA/Text,OFFICIAL,0.75,0.0011908411979675293,1019,162,1,0.19709,False,POST-HOC re-analysis (reviewer R4/E11); does not change any primary decision
medium/OBQA/Text,OFFICIAL,0.8,0.006693124771118164,1089,191,1,0.21343,False,POST-HOC re-analysis (reviewer R4/E11); does not change any primary decision
medium/OBQA/Text,OFFICIAL,0.85,0.023698091506958008,1155,224,1,0.232063,False,POST-HOC re-analysis (reviewer R4/E11); does not change any primary decision
medium/OBQA/Text,OFFICIAL,0.9,0.09535020589828491,1219,262,1,0.253223,False,POST-HOC re-analysis (reviewer R4/E11); does not change any primary decision
medium/OBQA/Text,OFFICIAL,0.95,0.22961032390594482,1293,304,1,0.27327,False,POST-HOC re-analysis (reviewer R4/E11); does not change any primary decision
medium/OBQA/Text,OFFICIAL,1.0,Infinity,1366,347,1,0.291949,False,POST-HOC re-analysis (reviewer R4/E11); does not change any primary decision
medium/OBQA/C2C,V2,0.05,0.0,601,7,3.16414e-07,0.0323143,True,POST-HOC re-analysis (reviewer R4/E11); does not change any primary decision
medium/OBQA/C2C,V2,0.1,0.0,601,7,3.16414e-07,0.0323143,True,POST-HOC re-analysis (reviewer R4/E11); does not change any primary decision
medium/OBQA/C2C,V2,0.15,0.0,601,7,3.16414e-07,0.0323143,True,POST-HOC re-analysis (reviewer R4/E11); does not change any primary decision
medium/OBQA/C2C,V2,0.2,0.0,601,7,3.16414e-07,0.0323143,True,POST-HOC re-analysis (reviewer R4/E11); does not change any primary decision
medium/OBQA/C2C,V2,0.25,0.0,601,7,3.16414e-07,0.0323143,True,POST-HOC re-analysis (reviewer R4/E11); does not change any primary decision
medium/OBQA/C2C,V2,0.3,0.0,601,7,3.16414e-07,0.0323143,True,POST-HOC re-analysis (reviewer R4/E11); does not change any primary decision
medium/OBQA/C2C,V2,0.35,0.0,601,7,3.16414e-07,0.0323143,True,POST-HOC re-analysis (reviewer R4/E11); does not change any primary decision
medium/OBQA/C2C,V2,0.4,0.0,601,7,3.16414e-07,0.0323143,True,POST-HOC re-analysis (reviewer R4/E11); does not change any primary decision
medium/OBQA/C2C,V2,0.45,0.0,601,7,3.16414e-07,0.0323143,True,POST-HOC re-analysis (reviewer R4/E11); does not change any primary decision
medium/OBQA/C2C,V2,0.5,2.384185791015625e-07,665,10,1.512e-06,0.0359074,True,POST-HOC re-analysis (reviewer R4/E11); does not change any primary decision
medium/OBQA/C2C,V2,0.55,1.3113021850585938e-06,739,19,0.000694187,0.0490693,True,POST-HOC re-analysis (reviewer R4/E11); does not change any primary decision
medium/OBQA/C2C,V2,0.6,6.139278411865234e-06,800,34,0.187345,0.0692248,False,POST-HOC re-analysis (reviewer R4/E11); does not change any primary decision
medium/OBQA/C2C,V2,0.65,3.540515899658203e-05,880,50,0.842775,0.0850202,False,POST-HOC re-analysis (reviewer R4/E11); does not change any primary decision
medium/OBQA/C2C,V2,0.7,0.0002611875534057617,959,72,0.99968,0.104949,False,POST-HOC re-analysis (reviewer R4/E11); does not change any primary decision
medium/OBQA/C2C,V2,0.75,0.0011908411979675293,1019,89,1,0.117933,False,POST-HOC re-analysis (reviewer R4/E11); does not change any primary decision
medium/OBQA/C2C,V2,0.8,0.006693124771118164,1089,113,1,0.13525,False,POST-HOC re-analysis (reviewer R4/E11); does not change any primary decision
medium/OBQA/C2C,V2,0.85,0.023698091506958008,1155,143,1,0.156383,False,POST-HOC re-analysis (reviewer R4/E11); does not change any primary decision
medium/OBQA/C2C,V2,0.9,0.09535020589828491,1219,173,1,0.175181,False,POST-HOC re-analysis (reviewer R4/E11); does not change any primary decision
medium/OBQA/C2C,V2,0.95,0.22961032390594482,1293,208,1,0.194571,False,POST-HOC re-analysis (reviewer R4/E11); does not change any primary decision
medium/OBQA/C2C,V2,1.0,Infinity,1366,242,1,0.211012,False,POST-HOC re-analysis (reviewer R4/E11); does not change any primary decision
medium/OBQA/C2C,OFFICIAL,0.05,0.0,601,8,1.28696e-06,0.034818,True,POST-HOC re-analysis (reviewer R4/E11); does not change any primary decision
medium/OBQA/C2C,OFFICIAL,0.1,0.0,601,8,1.28696e-06,0.034818,True,POST-HOC re-analysis (reviewer R4/E11); does not change any primary decision
medium/OBQA/C2C,OFFICIAL,0.15,0.0,601,8,1.28696e-06,0.034818,True,POST-HOC re-analysis (reviewer R4/E11); does not change any primary decision
medium/OBQA/C2C,OFFICIAL,0.2,0.0,601,8,1.28696e-06,0.034818,True,POST-HOC re-analysis (reviewer R4/E11); does not change any primary decision
medium/OBQA/C2C,OFFICIAL,0.25,0.0,601,8,1.28696e-06,0.034818,True,POST-HOC re-analysis (reviewer R4/E11); does not change any primary decision
medium/OBQA/C2C,OFFICIAL,0.3,0.0,601,8,1.28696e-06,0.034818,True,POST-HOC re-analysis (reviewer R4/E11); does not change any primary decision
medium/OBQA/C2C,OFFICIAL,0.35,0.0,601,8,1.28696e-06,0.034818,True,POST-HOC re-analysis (reviewer R4/E11); does not change any primary decision
medium/OBQA/C2C,OFFICIAL,0.4,0.0,601,8,1.28696e-06,0.034818,True,POST-HOC re-analysis (reviewer R4/E11); does not change any primary decision
medium/OBQA/C2C,OFFICIAL,0.45,0.0,601,8,1.28696e-06,0.034818,True,POST-HOC re-analysis (reviewer R4/E11); does not change any primary decision
medium/OBQA/C2C,OFFICIAL,0.5,2.384185791015625e-07,665,11,4.92929e-06,0.0380595,True,POST-HOC re-analysis (reviewer R4/E11); does not change any primary decision
medium/OBQA/C2C,OFFICIAL,0.55,1.3113021850585938e-06,739,18,0.000331749,0.0472764,True,POST-HOC re-analysis (reviewer R4/E11); does not change any primary decision
medium/OBQA/C2C,OFFICIAL,0.6,6.139278411865234e-06,800,32,0.109252,0.0661293,False,POST-HOC re-analysis (reviewer R4/E11); does not change any primary decision
medium/OBQA/C2C,OFFICIAL,0.65,3.540515899658203e-05,880,46,0.657744,0.0795958,False,POST-HOC re-analysis (reviewer R4/E11); does not change any primary decision
medium/OBQA/C2C,OFFICIAL,0.7,0.0002611875534057617,959,67,0.997086,0.0989242,False,POST-HOC re-analysis (reviewer R4/E11); does not change any primary decision
medium/OBQA/C2C,OFFICIAL,0.75,0.0011908411979675293,1019,83,0.999992,0.111241,False,POST-HOC re-analysis (reviewer R4/E11); does not change any primary decision
medium/OBQA/C2C,OFFICIAL,0.8,0.006693124771118164,1089,105,1,0.127041,False,POST-HOC re-analysis (reviewer R4/E11); does not change any primary decision
medium/OBQA/C2C,OFFICIAL,0.85,0.023698091506958008,1155,130,1,0.143992,False,POST-HOC re-analysis (reviewer R4/E11); does not change any primary decision
medium/OBQA/C2C,OFFICIAL,0.9,0.09535020589828491,1219,160,1,0.163583,False,POST-HOC re-analysis (reviewer R4/E11); does not change any primary decision
medium/OBQA/C2C,OFFICIAL,0.95,0.22961032390594482,1293,193,1,0.182086,False,POST-HOC re-analysis (reviewer R4/E11); does not change any primary decision
medium/OBQA/C2C,OFFICIAL,1.0,Infinity,1366,226,1,0.198507,False,POST-HOC re-analysis (reviewer R4/E11); does not change any primary decision
medium/ARC/Text,V2,0.05,0.0,256,12,0.48296,0.102498,False,POST-HOC re-analysis (reviewer R4/E11); does not change any primary decision
medium/ARC/Text,V2,0.1,0.0,256,12,0.48296,0.102498,False,POST-HOC re-analysis (reviewer R4/E11); does not change any primary decision
medium/ARC/Text,V2,0.15,0.0,256,12,0.48296,0.102498,False,POST-HOC re-analysis (reviewer R4/E11); does not change any primary decision
medium/ARC/Text,V2,0.2,0.0,256,12,0.48296,0.102498,False,POST-HOC re-analysis (reviewer R4/E11); does not change any primary decision
medium/ARC/Text,V2,0.25,0.0,256,12,0.48296,0.102498,False,POST-HOC re-analysis (reviewer R4/E11); does not change any primary decision
medium/ARC/Text,V2,0.3,0.0,256,12,0.48296,0.102498,False,POST-HOC re-analysis (reviewer R4/E11); does not change any primary decision
medium/ARC/Text,V2,0.35,0.0,256,12,0.48296,0.102498,False,POST-HOC re-analysis (reviewer R4/E11); does not change any primary decision
medium/ARC/Text,V2,0.4,0.0,256,12,0.48296,0.102498,False,POST-HOC re-analysis (reviewer R4/E11); does not change any primary decision
medium/ARC/Text,V2,0.45,0.0,256,12,0.48296,0.102498,False,POST-HOC re-analysis (reviewer R4/E11); does not change any primary decision
medium/ARC/Text,V2,0.5,0.0,256,12,0.48296,0.102498,False,POST-HOC re-analysis (reviewer R4/E11); does not change any primary decision
medium/ARC/Text,V2,0.55,0.0,256,12,0.48296,0.102498,False,POST-HOC re-analysis (reviewer R4/E11); does not change any primary decision
medium/ARC/Text,V2,0.6,3.5762786865234375e-07,290,16,0.714811,0.109289,False,POST-HOC re-analysis (reviewer R4/E11); does not change any primary decision
medium/ARC/Text,V2,0.65,2.86102294921875e-06,319,22,0.947948,0.123857,False,POST-HOC re-analysis (reviewer R4/E11); does not change any primary decision
medium/ARC/Text,V2,0.7,1.4424324035644531e-05,340,29,0.997906,0.141997,False,POST-HOC re-analysis (reviewer R4/E11); does not change any primary decision
medium/ARC/Text,V2,0.75,0.00010406970977783203,363,33,0.999606,0.146656,False,POST-HOC re-analysis (reviewer R4/E11); does not change any primary decision
medium/ARC/Text,V2,0.8,0.0007124543190002441,378,37,0.999957,0.153705,False,POST-HOC re-analysis (reviewer R4/E11); does not change any primary decision
medium/ARC/Text,V2,0.85,0.006693124771118164,399,45,1,0.169533,False,POST-HOC re-analysis (reviewer R4/E11); does not change any primary decision
medium/ARC/Text,V2,0.9,0.0388069748878479,417,55,1,0.190197,False,POST-HOC re-analysis (reviewer R4/E11); does not change any primary decision
medium/ARC/Text,V2,0.95,0.14804726839065552,427,60,1,0.199253,False,POST-HOC re-analysis (reviewer R4/E11); does not change any primary decision
medium/ARC/Text,V2,1.0,Infinity,448,67,1,0.207914,False,POST-HOC re-analysis (reviewer R4/E11); does not change any primary decision
medium/ARC/Text,OFFICIAL,0.05,0.0,256,15,0.785918,0.1182,False,POST-HOC re-analysis (reviewer R4/E11); does not change any primary decision
medium/ARC/Text,OFFICIAL,0.1,0.0,256,15,0.785918,0.1182,False,POST-HOC re-analysis (reviewer R4/E11); does not change any primary decision
medium/ARC/Text,OFFICIAL,0.15,0.0,256,15,0.785918,0.1182,False,POST-HOC re-analysis (reviewer R4/E11); does not change any primary decision
medium/ARC/Text,OFFICIAL,0.2,0.0,256,15,0.785918,0.1182,False,POST-HOC re-analysis (reviewer R4/E11); does not change any primary decision
medium/ARC/Text,OFFICIAL,0.25,0.0,256,15,0.785918,0.1182,False,POST-HOC re-analysis (reviewer R4/E11); does not change any primary decision
medium/ARC/Text,OFFICIAL,0.3,0.0,256,15,0.785918,0.1182,False,POST-HOC re-analysis (reviewer R4/E11); does not change any primary decision
medium/ARC/Text,OFFICIAL,0.35,0.0,256,15,0.785918,0.1182,False,POST-HOC re-analysis (reviewer R4/E11); does not change any primary decision
medium/ARC/Text,OFFICIAL,0.4,0.0,256,15,0.785918,0.1182,False,POST-HOC re-analysis (reviewer R4/E11); does not change any primary decision
medium/ARC/Text,OFFICIAL,0.45,0.0,256,15,0.785918,0.1182,False,POST-HOC re-analysis (reviewer R4/E11); does not change any primary decision
medium/ARC/Text,OFFICIAL,0.5,0.0,256,15,0.785918,0.1182,False,POST-HOC re-analysis (reviewer R4/E11); does not change any primary decision
medium/ARC/Text,OFFICIAL,0.55,0.0,256,15,0.785918,0.1182,False,POST-HOC re-analysis (reviewer R4/E11); does not change any primary decision
medium/ARC/Text,OFFICIAL,0.6,3.5762786865234375e-07,290,19,0.906785,0.12271,False,POST-HOC re-analysis (reviewer R4/E11); does not change any primary decision
medium/ARC/Text,OFFICIAL,0.65,2.86102294921875e-06,319,25,0.989308,0.135624,False,POST-HOC re-analysis (reviewer R4/E11); does not change any primary decision
medium/ARC/Text,OFFICIAL,0.7,1.4424324035644531e-05,340,32,0.999749,0.152705,False,POST-HOC re-analysis (reviewer R4/E11); does not change any primary decision
medium/ARC/Text,OFFICIAL,0.75,0.00010406970977783203,363,36,0.99996,0.156567,False,POST-HOC re-analysis (reviewer R4/E11); does not change any primary decision
medium/ARC/Text,OFFICIAL,0.8,0.0007124543190002441,378,40,0.999996,0.163118,False,POST-HOC re-analysis (reviewer R4/E11); does not change any primary decision
medium/ARC/Text,OFFICIAL,0.85,0.006693124771118164,399,47,1,0.175373,False,POST-HOC re-analysis (reviewer R4/E11); does not change any primary decision
medium/ARC/Text,OFFICIAL,0.9,0.0388069748878479,417,57,1,0.195678,False,POST-HOC re-analysis (reviewer R4/E11); does not change any primary decision
medium/ARC/Text,OFFICIAL,0.95,0.14804726839065552,427,61,1,0.201911,False,POST-HOC re-analysis (reviewer R4/E11); does not change any primary decision
medium/ARC/Text,OFFICIAL,1.0,Infinity,448,68,1,0.210425,False,POST-HOC re-analysis (reviewer R4/E11); does not change any primary decision
medium/ARC/C2C,V2,0.05,0.0,256,1,2.8696e-05,0.0354937,True,POST-HOC re-analysis (reviewer R4/E11); does not change any primary decision
medium/ARC/C2C,V2,0.1,0.0,256,1,2.8696e-05,0.0354937,True,POST-HOC re-analysis (reviewer R4/E11); does not change any primary decision
medium/ARC/C2C,V2,0.15,0.0,256,1,2.8696e-05,0.0354937,True,POST-HOC re-analysis (reviewer R4/E11); does not change any primary decision
medium/ARC/C2C,V2,0.2,0.0,256,1,2.8696e-05,0.0354937,True,POST-HOC re-analysis (reviewer R4/E11); does not change any primary decision
medium/ARC/C2C,V2,0.25,0.0,256,1,2.8696e-05,0.0354937,True,POST-HOC re-analysis (reviewer R4/E11); does not change any primary decision
medium/ARC/C2C,V2,0.3,0.0,256,1,2.8696e-05,0.0354937,True,POST-HOC re-analysis (reviewer R4/E11); does not change any primary decision
medium/ARC/C2C,V2,0.35,0.0,256,1,2.8696e-05,0.0354937,True,POST-HOC re-analysis (reviewer R4/E11); does not change any primary decision
medium/ARC/C2C,V2,0.4,0.0,256,1,2.8696e-05,0.0354937,True,POST-HOC re-analysis (reviewer R4/E11); does not change any primary decision
medium/ARC/C2C,V2,0.45,0.0,256,1,2.8696e-05,0.0354937,True,POST-HOC re-analysis (reviewer R4/E11); does not change any primary decision
medium/ARC/C2C,V2,0.5,0.0,256,1,2.8696e-05,0.0354937,True,POST-HOC re-analysis (reviewer R4/E11); does not change any primary decision
medium/ARC/C2C,V2,0.55,0.0,256,1,2.8696e-05,0.0354937,True,POST-HOC re-analysis (reviewer R4/E11); does not change any primary decision
medium/ARC/C2C,V2,0.6,3.5762786865234375e-07,290,1,5.63703e-06,0.0313913,True,POST-HOC re-analysis (reviewer R4/E11); does not change any primary decision
medium/ARC/C2C,V2,0.65,2.86102294921875e-06,319,8,0.0201889,0.0649634,False,POST-HOC re-analysis (reviewer R4/E11); does not change any primary decision
medium/ARC/C2C,V2,0.7,1.4424324035644531e-05,340,12,0.128623,0.0777427,False,POST-HOC re-analysis (reviewer R4/E11); does not change any primary decision
medium/ARC/C2C,V2,0.75,0.00010406970977783203,363,15,0.26881,0.0841543,False,POST-HOC re-analysis (reviewer R4/E11); does not change any primary decision
medium/ARC/C2C,V2,0.8,0.0007124543190002441,378,21,0.737522,0.101641,False,POST-HOC re-analysis (reviewer R4/E11); does not change any primary decision
medium/ARC/C2C,V2,0.85,0.006693124771118164,399,28,0.970141,0.118475,False,POST-HOC re-analysis (reviewer R4/E11); does not change any primary decision
medium/ARC/C2C,V2,0.9,0.0388069748878479,417,40,0.999963,0.148314,False,POST-HOC re-analysis (reviewer R4/E11); does not change any primary decision
medium/ARC/C2C,V2,0.95,0.14804726839065552,427,43,0.999994,0.153251,False,POST-HOC re-analysis (reviewer R4/E11); does not change any primary decision
medium/ARC/C2C,V2,1.0,Infinity,448,55,1,0.177455,False,POST-HOC re-analysis (reviewer R4/E11); does not change any primary decision
medium/ARC/C2C,OFFICIAL,0.05,0.0,256,3,0.00100677,0.0500319,False,POST-HOC re-analysis (reviewer R4/E11); does not change any primary decision
medium/ARC/C2C,OFFICIAL,0.1,0.0,256,3,0.00100677,0.0500319,False,POST-HOC re-analysis (reviewer R4/E11); does not change any primary decision
medium/ARC/C2C,OFFICIAL,0.15,0.0,256,3,0.00100677,0.0500319,False,POST-HOC re-analysis (reviewer R4/E11); does not change any primary decision
medium/ARC/C2C,OFFICIAL,0.2,0.0,256,3,0.00100677,0.0500319,False,POST-HOC re-analysis (reviewer R4/E11); does not change any primary decision
medium/ARC/C2C,OFFICIAL,0.25,0.0,256,3,0.00100677,0.0500319,False,POST-HOC re-analysis (reviewer R4/E11); does not change any primary decision
medium/ARC/C2C,OFFICIAL,0.3,0.0,256,3,0.00100677,0.0500319,False,POST-HOC re-analysis (reviewer R4/E11); does not change any primary decision
medium/ARC/C2C,OFFICIAL,0.35,0.0,256,3,0.00100677,0.0500319,False,POST-HOC re-analysis (reviewer R4/E11); does not change any primary decision
medium/ARC/C2C,OFFICIAL,0.4,0.0,256,3,0.00100677,0.0500319,False,POST-HOC re-analysis (reviewer R4/E11); does not change any primary decision
medium/ARC/C2C,OFFICIAL,0.45,0.0,256,3,0.00100677,0.0500319,False,POST-HOC re-analysis (reviewer R4/E11); does not change any primary decision
medium/ARC/C2C,OFFICIAL,0.5,0.0,256,3,0.00100677,0.0500319,False,POST-HOC re-analysis (reviewer R4/E11); does not change any primary decision
medium/ARC/C2C,OFFICIAL,0.55,0.0,256,3,0.00100677,0.0500319,False,POST-HOC re-analysis (reviewer R4/E11); does not change any primary decision
medium/ARC/C2C,OFFICIAL,0.6,3.5762786865234375e-07,290,3,0.000249165,0.0442679,True,POST-HOC re-analysis (reviewer R4/E11); does not change any primary decision
medium/ARC/C2C,OFFICIAL,0.65,2.86102294921875e-06,319,8,0.0201889,0.0649634,False,POST-HOC re-analysis (reviewer R4/E11); does not change any primary decision
medium/ARC/C2C,OFFICIAL,0.7,1.4424324035644531e-05,340,10,0.0451051,0.0695169,False,POST-HOC re-analysis (reviewer R4/E11); does not change any primary decision
medium/ARC/C2C,OFFICIAL,0.75,0.00010406970977783203,363,13,0.128722,0.076706,False,POST-HOC re-analysis (reviewer R4/E11); does not change any primary decision
medium/ARC/C2C,OFFICIAL,0.8,0.0007124543190002441,378,19,0.569976,0.0948269,False,POST-HOC re-analysis (reviewer R4/E11); does not change any primary decision
medium/ARC/C2C,OFFICIAL,0.85,0.006693124771118164,399,26,0.929015,0.112253,False,POST-HOC re-analysis (reviewer R4/E11); does not change any primary decision
medium/ARC/C2C,OFFICIAL,0.9,0.0388069748878479,417,36,0.999369,0.136865,False,POST-HOC re-analysis (reviewer R4/E11); does not change any primary decision
medium/ARC/C2C,OFFICIAL,0.95,0.14804726839065552,427,39,0.99987,0.142155,False,POST-HOC re-analysis (reviewer R4/E11); does not change any primary decision
medium/ARC/C2C,OFFICIAL,1.0,Infinity,448,50,1,0.164563,False,POST-HOC re-analysis (reviewer R4/E11); does not change any primary decision
large/OBQA/Text,V2,0.05,0.0,642,1,1.73781e-13,0.0142904,True,POST-HOC re-analysis (reviewer R4/E11); does not change any primary decision
large/OBQA/Text,V2,0.1,0.0,642,1,1.73781e-13,0.0142904,True,POST-HOC re-analysis (reviewer R4/E11); does not change any primary decision
large/OBQA/Text,V2,0.15,0.0,642,1,1.73781e-13,0.0142904,True,POST-HOC re-analysis (reviewer R4/E11); does not change any primary decision
large/OBQA/Text,V2,0.2,0.0,642,1,1.73781e-13,0.0142904,True,POST-HOC re-analysis (reviewer R4/E11); does not change any primary decision
large/OBQA/Text,V2,0.25,0.0,642,1,1.73781e-13,0.0142904,True,POST-HOC re-analysis (reviewer R4/E11); does not change any primary decision
large/OBQA/Text,V2,0.3,0.0,642,1,1.73781e-13,0.0142904,True,POST-HOC re-analysis (reviewer R4/E11); does not change any primary decision
large/OBQA/Text,V2,0.35,0.0,642,1,1.73781e-13,0.0142904,True,POST-HOC re-analysis (reviewer R4/E11); does not change any primary decision
large/OBQA/Text,V2,0.4,0.0,642,1,1.73781e-13,0.0142904,True,POST-HOC re-analysis (reviewer R4/E11); does not change any primary decision
large/OBQA/Text,V2,0.45,0.0,642,1,1.73781e-13,0.0142904,True,POST-HOC re-analysis (reviewer R4/E11); does not change any primary decision
large/OBQA/Text,V2,0.5,1.1920928955078125e-07,683,1,2.25323e-14,0.0134377,True,POST-HOC re-analysis (reviewer R4/E11); does not change any primary decision
large/OBQA/Text,V2,0.55,3.5762786865234375e-07,728,1,2.38425e-15,0.0126118,True,POST-HOC re-analysis (reviewer R4/E11); does not change any primary decision
large/OBQA/Text,V2,0.6,1.7881393432617188e-06,807,2,9.95608e-16,0.013835,True,POST-HOC re-analysis (reviewer R4/E11); does not change any primary decision
large/OBQA/Text,V2,0.65,7.987022399902344e-06,870,4,8.28468e-15,0.0168996,True,POST-HOC re-analysis (reviewer R4/E11); does not change any primary decision
large/OBQA/Text,V2,0.7,4.5418739318847656e-05,932,8,1.66365e-12,0.02254,True,POST-HOC re-analysis (reviewer R4/E11); does not change any primary decision
large/OBQA/Text,V2,0.75,0.0002611875534057617,999,12,6.27107e-11,0.02685,True,POST-HOC re-analysis (reviewer R4/E11); does not change any primary decision
large/OBQA/Text,V2,0.8,0.001170039176940918,1064,18,1.15505e-08,0.0329545,True,POST-HOC re-analysis (reviewer R4/E11); does not change any primary decision
large/OBQA/Text,V2,0.85,0.008580565452575684,1135,42,0.0224466,0.0576511,False,POST-HOC re-analysis (reviewer R4/E11); does not change any primary decision
large/OBQA/Text,V2,0.9,0.04792952537536621,1217,67,0.810458,0.0782129,False,POST-HOC re-analysis (reviewer R4/E11); does not change any primary decision
large/OBQA/Text,V2,0.95,0.22272759675979614,1297,102,0.999996,0.104353,False,POST-HOC re-analysis (reviewer R4/E11); does not change any primary decision
large/OBQA/Text,V2,1.0,Infinity,1366,143,1,0.13261,False,POST-HOC re-analysis (reviewer R4/E11); does not change any primary decision
large/OBQA/Text,OFFICIAL,0.05,0.0,642,1,1.73781e-13,0.0142904,True,POST-HOC re-analysis (reviewer R4/E11); does not change any primary decision
large/OBQA/Text,OFFICIAL,0.1,0.0,642,1,1.73781e-13,0.0142904,True,POST-HOC re-analysis (reviewer R4/E11); does not change any primary decision
large/OBQA/Text,OFFICIAL,0.15,0.0,642,1,1.73781e-13,0.0142904,True,POST-HOC re-analysis (reviewer R4/E11); does not change any primary decision
large/OBQA/Text,OFFICIAL,0.2,0.0,642,1,1.73781e-13,0.0142904,True,POST-HOC re-analysis (reviewer R4/E11); does not change any primary decision
large/OBQA/Text,OFFICIAL,0.25,0.0,642,1,1.73781e-13,0.0142904,True,POST-HOC re-analysis (reviewer R4/E11); does not change any primary decision
large/OBQA/Text,OFFICIAL,0.3,0.0,642,1,1.73781e-13,0.0142904,True,POST-HOC re-analysis (reviewer R4/E11); does not change any primary decision
large/OBQA/Text,OFFICIAL,0.35,0.0,642,1,1.73781e-13,0.0142904,True,POST-HOC re-analysis (reviewer R4/E11); does not change any primary decision
large/OBQA/Text,OFFICIAL,0.4,0.0,642,1,1.73781e-13,0.0142904,True,POST-HOC re-analysis (reviewer R4/E11); does not change any primary decision
large/OBQA/Text,OFFICIAL,0.45,0.0,642,1,1.73781e-13,0.0142904,True,POST-HOC re-analysis (reviewer R4/E11); does not change any primary decision
large/OBQA/Text,OFFICIAL,0.5,1.1920928955078125e-07,683,1,2.25323e-14,0.0134377,True,POST-HOC re-analysis (reviewer R4/E11); does not change any primary decision
large/OBQA/Text,OFFICIAL,0.55,3.5762786865234375e-07,728,1,2.38425e-15,0.0126118,True,POST-HOC re-analysis (reviewer R4/E11); does not change any primary decision
large/OBQA/Text,OFFICIAL,0.6,1.7881393432617188e-06,807,2,9.95608e-16,0.013835,True,POST-HOC re-analysis (reviewer R4/E11); does not change any primary decision
large/OBQA/Text,OFFICIAL,0.65,7.987022399902344e-06,870,4,8.28468e-15,0.0168996,True,POST-HOC re-analysis (reviewer R4/E11); does not change any primary decision
large/OBQA/Text,OFFICIAL,0.7,4.5418739318847656e-05,932,8,1.66365e-12,0.02254,True,POST-HOC re-analysis (reviewer R4/E11); does not change any primary decision
large/OBQA/Text,OFFICIAL,0.75,0.0002611875534057617,999,12,6.27107e-11,0.02685,True,POST-HOC re-analysis (reviewer R4/E11); does not change any primary decision
large/OBQA/Text,OFFICIAL,0.8,0.001170039176940918,1064,18,1.15505e-08,0.0329545,True,POST-HOC re-analysis (reviewer R4/E11); does not change any primary decision
large/OBQA/Text,OFFICIAL,0.85,0.008580565452575684,1135,42,0.0224466,0.0576511,False,POST-HOC re-analysis (reviewer R4/E11); does not change any primary decision
large/OBQA/Text,OFFICIAL,0.9,0.04792952537536621,1217,67,0.810458,0.0782129,False,POST-HOC re-analysis (reviewer R4/E11); does not change any primary decision
large/OBQA/Text,OFFICIAL,0.95,0.22272759675979614,1297,102,0.999996,0.104353,False,POST-HOC re-analysis (reviewer R4/E11); does not change any primary decision
large/OBQA/Text,OFFICIAL,1.0,Infinity,1366,142,1,0.131803,False,POST-HOC re-analysis (reviewer R4/E11); does not change any primary decision
large/OBQA/C2C,V2,0.05,0.0,642,2,3.02093e-12,0.0173653,True,POST-HOC re-analysis (reviewer R4/E11); does not change any primary decision
large/OBQA/C2C,V2,0.1,0.0,642,2,3.02093e-12,0.0173653,True,POST-HOC re-analysis (reviewer R4/E11); does not change any primary decision
large/OBQA/C2C,V2,0.15,0.0,642,2,3.02093e-12,0.0173653,True,POST-HOC re-analysis (reviewer R4/E11); does not change any primary decision
large/OBQA/C2C,V2,0.2,0.0,642,2,3.02093e-12,0.0173653,True,POST-HOC re-analysis (reviewer R4/E11); does not change any primary decision
large/OBQA/C2C,V2,0.25,0.0,642,2,3.02093e-12,0.0173653,True,POST-HOC re-analysis (reviewer R4/E11); does not change any primary decision
large/OBQA/C2C,V2,0.3,0.0,642,2,3.02093e-12,0.0173653,True,POST-HOC re-analysis (reviewer R4/E11); does not change any primary decision
large/OBQA/C2C,V2,0.35,0.0,642,2,3.02093e-12,0.0173653,True,POST-HOC re-analysis (reviewer R4/E11); does not change any primary decision
large/OBQA/C2C,V2,0.4,0.0,642,2,3.02093e-12,0.0173653,True,POST-HOC re-analysis (reviewer R4/E11); does not change any primary decision
large/OBQA/C2C,V2,0.45,0.0,642,2,3.02093e-12,0.0173653,True,POST-HOC re-analysis (reviewer R4/E11); does not change any primary decision
large/OBQA/C2C,V2,0.5,1.1920928955078125e-07,683,2,4.15983e-13,0.0163299,True,POST-HOC re-analysis (reviewer R4/E11); does not change any primary decision
large/OBQA/C2C,V2,0.55,3.5762786865234375e-07,728,3,6.13045e-13,0.0178191,True,POST-HOC re-analysis (reviewer R4/E11); does not change any primary decision
large/OBQA/C2C,V2,0.6,1.7881393432617188e-06,807,4,1.5631e-13,0.0182101,True,POST-HOC re-analysis (reviewer R4/E11); does not change any primary decision
large/OBQA/C2C,V2,0.65,7.987022399902344e-06,870,4,8.28468e-15,0.0168996,True,POST-HOC re-analysis (reviewer R4/E11); does not change any primary decision
large/OBQA/C2C,V2,0.7,4.5418739318847656e-05,932,8,1.66365e-12,0.02254,True,POST-HOC re-analysis (reviewer R4/E11); does not change any primary decision
large/OBQA/C2C,V2,0.75,0.0002611875534057617,999,13,2.56846e-10,0.0282549,True,POST-HOC re-analysis (reviewer R4/E11); does not change any primary decision
large/OBQA/C2C,V2,0.8,0.001170039176940918,1064,22,6.7085e-07,0.0379162,True,POST-HOC re-analysis (reviewer R4/E11); does not change any primary decision
large/OBQA/C2C,V2,0.85,0.008580565452575684,1135,37,0.00284531,0.0522636,False,POST-HOC re-analysis (reviewer R4/E11); does not change any primary decision
large/OBQA/C2C,V2,0.9,0.04792952537536621,1217,64,0.689764,0.0753349,False,POST-HOC re-analysis (reviewer R4/E11); does not change any primary decision
large/OBQA/C2C,V2,0.95,0.22272759675979614,1297,90,0.999064,0.0938688,False,POST-HOC re-analysis (reviewer R4/E11); does not change any primary decision
large/OBQA/C2C,V2,1.0,Infinity,1366,127,1,0.119647,False,POST-HOC re-analysis (reviewer R4/E11); does not change any primary decision
large/OBQA/C2C,OFFICIAL,0.05,0.0,642,15,0.000487436,0.0480521,True,POST-HOC re-analysis (reviewer R4/E11); does not change any primary decision
large/OBQA/C2C,OFFICIAL,0.1,0.0,642,15,0.000487436,0.0480521,True,POST-HOC re-analysis (reviewer R4/E11); does not change any primary decision
large/OBQA/C2C,OFFICIAL,0.15,0.0,642,15,0.000487436,0.0480521,True,POST-HOC re-analysis (reviewer R4/E11); does not change any primary decision
large/OBQA/C2C,OFFICIAL,0.2,0.0,642,15,0.000487436,0.0480521,True,POST-HOC re-analysis (reviewer R4/E11); does not change any primary decision
large/OBQA/C2C,OFFICIAL,0.25,0.0,642,15,0.000487436,0.0480521,True,POST-HOC re-analysis (reviewer R4/E11); does not change any primary decision
large/OBQA/C2C,OFFICIAL,0.3,0.0,642,15,0.000487436,0.0480521,True,POST-HOC re-analysis (reviewer R4/E11); does not change any primary decision
large/OBQA/C2C,OFFICIAL,0.35,0.0,642,15,0.000487436,0.0480521,True,POST-HOC re-analysis (reviewer R4/E11); does not change any primary decision
large/OBQA/C2C,OFFICIAL,0.4,0.0,642,15,0.000487436,0.0480521,True,POST-HOC re-analysis (reviewer R4/E11); does not change any primary decision
large/OBQA/C2C,OFFICIAL,0.45,0.0,642,15,0.000487436,0.0480521,True,POST-HOC re-analysis (reviewer R4/E11); does not change any primary decision
large/OBQA/C2C,OFFICIAL,0.5,1.1920928955078125e-07,683,15,0.000145793,0.0452021,True,POST-HOC re-analysis (reviewer R4/E11); does not change any primary decision
large/OBQA/C2C,OFFICIAL,0.55,3.5762786865234375e-07,728,16,8.96084e-05,0.0443022,True,POST-HOC re-analysis (reviewer R4/E11); does not change any primary decision
large/OBQA/C2C,OFFICIAL,0.6,1.7881393432617188e-06,807,18,4.7178e-05,0.0433359,True,POST-HOC re-analysis (reviewer R4/E11); does not change any primary decision
large/OBQA/C2C,OFFICIAL,0.65,7.987022399902344e-06,870,20,3.95844e-05,0.0432735,True,POST-HOC re-analysis (reviewer R4/E11); does not change any primary decision
large/OBQA/C2C,OFFICIAL,0.7,4.5418739318847656e-05,932,25,0.000299813,0.0473885,True,POST-HOC re-analysis (reviewer R4/E11); does not change any primary decision
large/OBQA/C2C,OFFICIAL,0.75,0.0002611875534057617,999,30,0.00130555,0.0505945,False,POST-HOC re-analysis (reviewer R4/E11); does not change any primary decision
large/OBQA/C2C,OFFICIAL,0.8,0.001170039176940918,1064,39,0.0231238,0.0580184,False,POST-HOC re-analysis (reviewer R4/E11); does not change any primary decision
large/OBQA/C2C,OFFICIAL,0.85,0.008580565452575684,1135,55,0.440272,0.0713819,False,POST-HOC re-analysis (reviewer R4/E11); does not change any primary decision
large/OBQA/C2C,OFFICIAL,0.9,0.04792952537536621,1217,82,0.996798,0.092449,False,POST-HOC re-analysis (reviewer R4/E11); does not change any primary decision
large/OBQA/C2C,OFFICIAL,0.95,0.22272759675979614,1297,108,1,0.10956,False,POST-HOC re-analysis (reviewer R4/E11); does not change any primary decision
large/OBQA/C2C,OFFICIAL,1.0,Infinity,1366,144,1,0.133417,False,POST-HOC re-analysis (reviewer R4/E11); does not change any primary decision
large/ARC/Text,V2,0.05,0.0,321,0,7.06769e-08,0.0212896,True,POST-HOC re-analysis (reviewer R4/E11); does not change any primary decision
large/ARC/Text,V2,0.1,0.0,321,0,7.06769e-08,0.0212896,True,POST-HOC re-analysis (reviewer R4/E11); does not change any primary decision
large/ARC/Text,V2,0.15,0.0,321,0,7.06769e-08,0.0212896,True,POST-HOC re-analysis (reviewer R4/E11); does not change any primary decision
large/ARC/Text,V2,0.2,0.0,321,0,7.06769e-08,0.0212896,True,POST-HOC re-analysis (reviewer R4/E11); does not change any primary decision
large/ARC/Text,V2,0.25,0.0,321,0,7.06769e-08,0.0212896,True,POST-HOC re-analysis (reviewer R4/E11); does not change any primary decision
large/ARC/Text,V2,0.3,0.0,321,0,7.06769e-08,0.0212896,True,POST-HOC re-analysis (reviewer R4/E11); does not change any primary decision
large/ARC/Text,V2,0.35,0.0,321,0,7.06769e-08,0.0212896,True,POST-HOC re-analysis (reviewer R4/E11); does not change any primary decision
large/ARC/Text,V2,0.4,0.0,321,0,7.06769e-08,0.0212896,True,POST-HOC re-analysis (reviewer R4/E11); does not change any primary decision
large/ARC/Text,V2,0.45,0.0,321,0,7.06769e-08,0.0212896,True,POST-HOC re-analysis (reviewer R4/E11); does not change any primary decision
large/ARC/Text,V2,0.5,0.0,321,0,7.06769e-08,0.0212896,True,POST-HOC re-analysis (reviewer R4/E11); does not change any primary decision
large/ARC/Text,V2,0.55,0.0,321,0,7.06769e-08,0.0212896,True,POST-HOC re-analysis (reviewer R4/E11); does not change any primary decision
large/ARC/Text,V2,0.6,0.0,321,0,7.06769e-08,0.0212896,True,POST-HOC re-analysis (reviewer R4/E11); does not change any primary decision
large/ARC/Text,V2,0.65,0.0,321,0,7.06769e-08,0.0212896,True,POST-HOC re-analysis (reviewer R4/E11); does not change any primary decision
large/ARC/Text,V2,0.7,0.0,321,0,7.06769e-08,0.0212896,True,POST-HOC re-analysis (reviewer R4/E11); does not change any primary decision
large/ARC/Text,V2,0.75,1.1920928955078125e-07,338,0,2.95514e-08,0.0202297,True,POST-HOC re-analysis (reviewer R4/E11); does not change any primary decision
large/ARC/Text,V2,0.8,8.940696716308594e-07,359,0,1.00641e-08,0.0190577,True,POST-HOC re-analysis (reviewer R4/E11); does not change any primary decision
large/ARC/Text,V2,0.85,3.457069396972656e-05,385,1,5.63918e-08,0.0237281,True,POST-HOC re-analysis (reviewer R4/E11); does not change any primary decision
large/ARC/Text,V2,0.9,0.0007095932960510254,404,3,1.83957e-06,0.0319323,True,POST-HOC re-analysis (reviewer R4/E11); does not change any primary decision
large/ARC/Text,V2,0.95,0.01800704002380371,422,4,4.8015e-06,0.0346117,True,POST-HOC re-analysis (reviewer R4/E11); does not change any primary decision
large/ARC/Text,V2,1.0,Infinity,448,12,0.0108021,0.059319,False,POST-HOC re-analysis (reviewer R4/E11); does not change any primary decision
large/ARC/Text,OFFICIAL,0.05,0.0,321,0,7.06769e-08,0.0212896,True,POST-HOC re-analysis (reviewer R4/E11); does not change any primary decision
large/ARC/Text,OFFICIAL,0.1,0.0,321,0,7.06769e-08,0.0212896,True,POST-HOC re-analysis (reviewer R4/E11); does not change any primary decision
large/ARC/Text,OFFICIAL,0.15,0.0,321,0,7.06769e-08,0.0212896,True,POST-HOC re-analysis (reviewer R4/E11); does not change any primary decision
large/ARC/Text,OFFICIAL,0.2,0.0,321,0,7.06769e-08,0.0212896,True,POST-HOC re-analysis (reviewer R4/E11); does not change any primary decision
large/ARC/Text,OFFICIAL,0.25,0.0,321,0,7.06769e-08,0.0212896,True,POST-HOC re-analysis (reviewer R4/E11); does not change any primary decision
large/ARC/Text,OFFICIAL,0.3,0.0,321,0,7.06769e-08,0.0212896,True,POST-HOC re-analysis (reviewer R4/E11); does not change any primary decision
large/ARC/Text,OFFICIAL,0.35,0.0,321,0,7.06769e-08,0.0212896,True,POST-HOC re-analysis (reviewer R4/E11); does not change any primary decision
large/ARC/Text,OFFICIAL,0.4,0.0,321,0,7.06769e-08,0.0212896,True,POST-HOC re-analysis (reviewer R4/E11); does not change any primary decision
large/ARC/Text,OFFICIAL,0.45,0.0,321,0,7.06769e-08,0.0212896,True,POST-HOC re-analysis (reviewer R4/E11); does not change any primary decision
large/ARC/Text,OFFICIAL,0.5,0.0,321,0,7.06769e-08,0.0212896,True,POST-HOC re-analysis (reviewer R4/E11); does not change any primary decision
large/ARC/Text,OFFICIAL,0.55,0.0,321,0,7.06769e-08,0.0212896,True,POST-HOC re-analysis (reviewer R4/E11); does not change any primary decision
large/ARC/Text,OFFICIAL,0.6,0.0,321,0,7.06769e-08,0.0212896,True,POST-HOC re-analysis (reviewer R4/E11); does not change any primary decision
large/ARC/Text,OFFICIAL,0.65,0.0,321,0,7.06769e-08,0.0212896,True,POST-HOC re-analysis (reviewer R4/E11); does not change any primary decision
large/ARC/Text,OFFICIAL,0.7,0.0,321,0,7.06769e-08,0.0212896,True,POST-HOC re-analysis (reviewer R4/E11); does not change any primary decision
large/ARC/Text,OFFICIAL,0.75,1.1920928955078125e-07,338,0,2.95514e-08,0.0202297,True,POST-HOC re-analysis (reviewer R4/E11); does not change any primary decision
large/ARC/Text,OFFICIAL,0.8,8.940696716308594e-07,359,0,1.00641e-08,0.0190577,True,POST-HOC re-analysis (reviewer R4/E11); does not change any primary decision
large/ARC/Text,OFFICIAL,0.85,3.457069396972656e-05,385,1,5.63918e-08,0.0237281,True,POST-HOC re-analysis (reviewer R4/E11); does not change any primary decision
large/ARC/Text,OFFICIAL,0.9,0.0007095932960510254,404,3,1.83957e-06,0.0319323,True,POST-HOC re-analysis (reviewer R4/E11); does not change any primary decision
large/ARC/Text,OFFICIAL,0.95,0.01800704002380371,422,4,4.8015e-06,0.0346117,True,POST-HOC re-analysis (reviewer R4/E11); does not change any primary decision
large/ARC/Text,OFFICIAL,1.0,Infinity,448,12,0.0108021,0.059319,False,POST-HOC re-analysis (reviewer R4/E11); does not change any primary decision
large/ARC/C2C,V2,0.05,0.0,321,2,1.132e-05,0.0344821,True,POST-HOC re-analysis (reviewer R4/E11); does not change any primary decision
large/ARC/C2C,V2,0.1,0.0,321,2,1.132e-05,0.0344821,True,POST-HOC re-analysis (reviewer R4/E11); does not change any primary decision
large/ARC/C2C,V2,0.15,0.0,321,2,1.132e-05,0.0344821,True,POST-HOC re-analysis (reviewer R4/E11); does not change any primary decision
large/ARC/C2C,V2,0.2,0.0,321,2,1.132e-05,0.0344821,True,POST-HOC re-analysis (reviewer R4/E11); does not change any primary decision
large/ARC/C2C,V2,0.25,0.0,321,2,1.132e-05,0.0344821,True,POST-HOC re-analysis (reviewer R4/E11); does not change any primary decision
large/ARC/C2C,V2,0.3,0.0,321,2,1.132e-05,0.0344821,True,POST-HOC re-analysis (reviewer R4/E11); does not change any primary decision
large/ARC/C2C,V2,0.35,0.0,321,2,1.132e-05,0.0344821,True,POST-HOC re-analysis (reviewer R4/E11); does not change any primary decision
large/ARC/C2C,V2,0.4,0.0,321,2,1.132e-05,0.0344821,True,POST-HOC re-analysis (reviewer R4/E11); does not change any primary decision
large/ARC/C2C,V2,0.45,0.0,321,2,1.132e-05,0.0344821,True,POST-HOC re-analysis (reviewer R4/E11); does not change any primary decision
large/ARC/C2C,V2,0.5,0.0,321,2,1.132e-05,0.0344821,True,POST-HOC re-analysis (reviewer R4/E11); does not change any primary decision
large/ARC/C2C,V2,0.55,0.0,321,2,1.132e-05,0.0344821,True,POST-HOC re-analysis (reviewer R4/E11); does not change any primary decision
large/ARC/C2C,V2,0.6,0.0,321,2,1.132e-05,0.0344821,True,POST-HOC re-analysis (reviewer R4/E11); does not change any primary decision
large/ARC/C2C,V2,0.65,0.0,321,2,1.132e-05,0.0344821,True,POST-HOC re-analysis (reviewer R4/E11); does not change any primary decision
large/ARC/C2C,V2,0.7,0.0,321,2,1.132e-05,0.0344821,True,POST-HOC re-analysis (reviewer R4/E11); does not change any primary decision
large/ARC/C2C,V2,0.75,1.1920928955078125e-07,338,2,5.21742e-06,0.0327715,True,POST-HOC re-analysis (reviewer R4/E11); does not change any primary decision
large/ARC/C2C,V2,0.8,8.940696716308594e-07,359,2,1.99171e-06,0.0308791,True,POST-HOC re-analysis (reviewer R4/E11); does not change any primary decision
large/ARC/C2C,V2,0.85,3.457069396972656e-05,385,3,4.24839e-06,0.0334876,True,POST-HOC re-analysis (reviewer R4/E11); does not change any primary decision
large/ARC/C2C,V2,0.9,0.0007095932960510254,404,7,0.000539697,0.0478253,True,POST-HOC re-analysis (reviewer R4/E11); does not change any primary decision
large/ARC/C2C,V2,0.95,0.01800704002380371,422,11,0.010695,0.0595955,False,POST-HOC re-analysis (reviewer R4/E11); does not change any primary decision
large/ARC/C2C,V2,1.0,Infinity,448,21,0.435099,0.0860918,False,POST-HOC re-analysis (reviewer R4/E11); does not change any primary decision
large/ARC/C2C,OFFICIAL,0.05,0.0,321,19,0.814128,0.111193,False,POST-HOC re-analysis (reviewer R4/E11); does not change any primary decision
large/ARC/C2C,OFFICIAL,0.1,0.0,321,19,0.814128,0.111193,False,POST-HOC re-analysis (reviewer R4/E11); does not change any primary decision
large/ARC/C2C,OFFICIAL,0.15,0.0,321,19,0.814128,0.111193,False,POST-HOC re-analysis (reviewer R4/E11); does not change any primary decision
large/ARC/C2C,OFFICIAL,0.2,0.0,321,19,0.814128,0.111193,False,POST-HOC re-analysis (reviewer R4/E11); does not change any primary decision
large/ARC/C2C,OFFICIAL,0.25,0.0,321,19,0.814128,0.111193,False,POST-HOC re-analysis (reviewer R4/E11); does not change any primary decision
large/ARC/C2C,OFFICIAL,0.3,0.0,321,19,0.814128,0.111193,False,POST-HOC re-analysis (reviewer R4/E11); does not change any primary decision
large/ARC/C2C,OFFICIAL,0.35,0.0,321,19,0.814128,0.111193,False,POST-HOC re-analysis (reviewer R4/E11); does not change any primary decision
large/ARC/C2C,OFFICIAL,0.4,0.0,321,19,0.814128,0.111193,False,POST-HOC re-analysis (reviewer R4/E11); does not change any primary decision
large/ARC/C2C,OFFICIAL,0.45,0.0,321,19,0.814128,0.111193,False,POST-HOC re-analysis (reviewer R4/E11); does not change any primary decision
large/ARC/C2C,OFFICIAL,0.5,0.0,321,19,0.814128,0.111193,False,POST-HOC re-analysis (reviewer R4/E11); does not change any primary decision
large/ARC/C2C,OFFICIAL,0.55,0.0,321,19,0.814128,0.111193,False,POST-HOC re-analysis (reviewer R4/E11); does not change any primary decision
large/ARC/C2C,OFFICIAL,0.6,0.0,321,19,0.814128,0.111193,False,POST-HOC re-analysis (reviewer R4/E11); does not change any primary decision
large/ARC/C2C,OFFICIAL,0.65,0.0,321,19,0.814128,0.111193,False,POST-HOC re-analysis (reviewer R4/E11); does not change any primary decision
large/ARC/C2C,OFFICIAL,0.7,0.0,321,19,0.814128,0.111193,False,POST-HOC re-analysis (reviewer R4/E11); does not change any primary decision
large/ARC/C2C,OFFICIAL,0.75,1.1920928955078125e-07,338,20,0.817786,0.109556,False,POST-HOC re-analysis (reviewer R4/E11); does not change any primary decision
large/ARC/C2C,OFFICIAL,0.8,8.940696716308594e-07,359,21,0.807889,0.10688,False,POST-HOC re-analysis (reviewer R4/E11); does not change any primary decision
large/ARC/C2C,OFFICIAL,0.85,3.457069396972656e-05,385,22,0.780914,0.103153,False,POST-HOC re-analysis (reviewer R4/E11); does not change any primary decision
large/ARC/C2C,OFFICIAL,0.9,0.0007095932960510254,404,27,0.946938,0.11398,False,POST-HOC re-analysis (reviewer R4/E11); does not change any primary decision
large/ARC/C2C,OFFICIAL,0.95,0.01800704002380371,422,31,0.986201,0.120928,False,POST-HOC re-analysis (reviewer R4/E11); does not change any primary decision
large/ARC/C2C,OFFICIAL,1.0,Infinity,448,42,0.999957,0.143632,False,POST-HOC re-analysis (reviewer R4/E11); does not change any primary decision
X1-Llama/OBQA/Text,V2,0.05,0.00014084577560424805,65,1,0.157601,0.133394,False,POST-HOC re-analysis (reviewer R4/E11); does not change any primary decision
X1-Llama/OBQA/Text,V2,0.1,0.0004979372024536133,142,4,0.157173,0.100298,False,POST-HOC re-analysis (reviewer R4/E11); does not change any primary decision
X1-Llama/OBQA/Text,V2,0.15,0.0009494423866271973,216,8,0.243504,0.0949965,False,POST-HOC re-analysis (reviewer R4/E11); does not change any primary decision
X1-Llama/OBQA/Text,V2,0.2,0.0018350481986999512,282,15,0.661784,0.107622,False,POST-HOC re-analysis (reviewer R4/E11); does not change any primary decision
X1-Llama/OBQA/Text,V2,0.25,0.0032129883766174316,375,32,0.998636,0.138879,False,POST-HOC re-analysis (reviewer R4/E11); does not change any primary decision
X1-Llama/OBQA/Text,V2,0.3,0.00520014762878418,447,45,0.999996,0.151858,False,POST-HOC re-analysis (reviewer R4/E11); does not change any primary decision
X1-Llama/OBQA/Text,V2,0.35,0.0075501203536987305,506,57,1,0.162248,False,POST-HOC re-analysis (reviewer R4/E11); does not change any primary decision
X1-Llama/OBQA/Text,V2,0.4,0.011367261409759521,572,74,1,0.177952,False,POST-HOC re-analysis (reviewer R4/E11); does not change any primary decision
X1-Llama/OBQA/Text,V2,0.45,0.01766204833984375,642,91,1,0.188782,False,POST-HOC re-analysis (reviewer R4/E11); does not change any primary decision
X1-Llama/OBQA/Text,V2,0.5,0.023335695266723633,703,105,1,0.19493,False,POST-HOC re-analysis (reviewer R4/E11); does not change any primary decision
X1-Llama/OBQA/Text,V2,0.55,0.033761560916900635,790,133,1,0.212897,False,POST-HOC re-analysis (reviewer R4/E11); does not change any primary decision
X1-Llama/OBQA/Text,V2,0.6,0.047892868518829346,868,154,1,0.220512,False,POST-HOC re-analysis (reviewer R4/E11); does not change any primary decision
X1-Llama/OBQA/Text,V2,0.65,0.06818485260009766,935,175,1,0.229315,False,POST-HOC re-analysis (reviewer R4/E11); does not change any primary decision
X1-Llama/OBQA/Text,V2,0.7,0.09768414497375488,1007,200,1,0.239915,False,POST-HOC re-analysis (reviewer R4/E11); does not change any primary decision
X1-Llama/OBQA/Text,V2,0.75,0.1333599090576172,1064,220,1,0.247403,False,POST-HOC re-analysis (reviewer R4/E11); does not change any primary decision
X1-Llama/OBQA/Text,V2,0.8,0.1825515627861023,1110,241,1,0.257466,False,POST-HOC re-analysis (reviewer R4/E11); does not change any primary decision
X1-Llama/OBQA/Text,V2,0.85,0.23033851385116577,1180,275,1,0.272972,False,POST-HOC re-analysis (reviewer R4/E11); does not change any primary decision
X1-Llama/OBQA/Text,V2,0.9,0.3213103413581848,1243,308,1,0.287338,False,POST-HOC re-analysis (reviewer R4/E11); does not change any primary decision
X1-Llama/OBQA/Text,V2,0.95,0.43785351514816284,1313,340,1,0.297867,False,POST-HOC re-analysis (reviewer R4/E11); does not change any primary decision
X1-Llama/OBQA/Text,V2,1.0,Infinity,1366,372,1,0.310979,False,POST-HOC re-analysis (reviewer R4/E11); does not change any primary decision
X1-Llama/OBQA/Text,OFFICIAL,0.05,0.00014084577560424805,65,0,0.0356479,0.100821,False,POST-HOC re-analysis (reviewer R4/E11); does not change any primary decision
X1-Llama/OBQA/Text,OFFICIAL,0.1,0.0004979372024536133,142,2,0.0248611,0.0765536,False,POST-HOC re-analysis (reviewer R4/E11); does not change any primary decision
X1-Llama/OBQA/Text,OFFICIAL,0.15,0.0009494423866271973,216,5,0.0386509,0.0741839,False,POST-HOC re-analysis (reviewer R4/E11); does not change any primary decision
X1-Llama/OBQA/Text,OFFICIAL,0.2,0.0018350481986999512,282,10,0.162412,0.0834543,False,POST-HOC re-analysis (reviewer R4/E11); does not change any primary decision
X1-Llama/OBQA/Text,OFFICIAL,0.25,0.0032129883766174316,375,22,0.815169,0.105834,False,POST-HOC re-analysis (reviewer R4/E11); does not change any primary decision
X1-Llama/OBQA/Text,OFFICIAL,0.3,0.00520014762878418,447,30,0.956435,0.111583,False,POST-HOC re-analysis (reviewer R4/E11); does not change any primary decision
X1-Llama/OBQA/Text,OFFICIAL,0.35,0.0075501203536987305,506,37,0.990816,0.115738,False,POST-HOC re-analysis (reviewer R4/E11); does not change any primary decision
X1-Llama/OBQA/Text,OFFICIAL,0.4,0.011367261409759521,572,50,0.999938,0.129735,False,POST-HOC re-analysis (reviewer R4/E11); does not change any primary decision
X1-Llama/OBQA/Text,OFFICIAL,0.45,0.01766204833984375,642,63,1,0.13946,False,POST-HOC re-analysis (reviewer R4/E11); does not change any primary decision
X1-Llama/OBQA/Text,OFFICIAL,0.5,0.023335695266723633,703,76,1,0.148789,False,POST-HOC re-analysis (reviewer R4/E11); does not change any primary decision
X1-Llama/OBQA/Text,OFFICIAL,0.55,0.033761560916900635,790,102,1,0.169765,False,POST-HOC re-analysis (reviewer R4/E11); does not change any primary decision
X1-Llama/OBQA/Text,OFFICIAL,0.6,0.047892868518829346,868,122,1,0.180351,False,POST-HOC re-analysis (reviewer R4/E11); does not change any primary decision
X1-Llama/OBQA/Text,OFFICIAL,0.65,0.06818485260009766,935,141,1,0.189988,False,POST-HOC re-analysis (reviewer R4/E11); does not change any primary decision
X1-Llama/OBQA/Text,OFFICIAL,0.7,0.09768414497375488,1007,161,1,0.198309,False,POST-HOC re-analysis (reviewer R4/E11); does not change any primary decision
X1-Llama/OBQA/Text,OFFICIAL,0.75,0.1333599090576172,1064,178,1,0.205193,False,POST-HOC re-analysis (reviewer R4/E11); does not change any primary decision
X1-Llama/OBQA/Text,OFFICIAL,0.8,0.1825515627861023,1110,199,1,0.217214,False,POST-HOC re-analysis (reviewer R4/E11); does not change any primary decision
X1-Llama/OBQA/Text,OFFICIAL,0.85,0.23033851385116577,1180,233,1,0.235374,False,POST-HOC re-analysis (reviewer R4/E11); does not change any primary decision
X1-Llama/OBQA/Text,OFFICIAL,0.9,0.3213103413581848,1243,264,1,0.250151,False,POST-HOC re-analysis (reviewer R4/E11); does not change any primary decision
X1-Llama/OBQA/Text,OFFICIAL,0.95,0.43785351514816284,1313,296,1,0.262816,False,POST-HOC re-analysis (reviewer R4/E11); does not change any primary decision
X1-Llama/OBQA/Text,OFFICIAL,1.0,Infinity,1366,328,1,0.27743,False,POST-HOC re-analysis (reviewer R4/E11); does not change any primary decision
X1-Llama/OBQA/C2C,V2,0.05,0.00014084577560424805,65,11,0.999918,0.350945,False,POST-HOC re-analysis (reviewer R4/E11); does not change any primary decision
X1-Llama/OBQA/C2C,V2,0.1,0.0004979372024536133,142,29,1,0.324962,False,POST-HOC re-analysis (reviewer R4/E11); does not change any primary decision
X1-Llama/OBQA/C2C,V2,0.15,0.0009494423866271973,216,50,1,0.330044,False,POST-HOC re-analysis (reviewer R4/E11); does not change any primary decision
X1-Llama/OBQA/C2C,V2,0.2,0.0018350481986999512,282,81,1,0.376683,False,POST-HOC re-analysis (reviewer R4/E11); does not change any primary decision
X1-Llama/OBQA/C2C,V2,0.25,0.0032129883766174316,375,125,1,0.4124,False,POST-HOC re-analysis (reviewer R4/E11); does not change any primary decision
X1-Llama/OBQA/C2C,V2,0.3,0.00520014762878418,447,169,1,0.451504,False,POST-HOC re-analysis (reviewer R4/E11); does not change any primary decision
X1-Llama/OBQA/C2C,V2,0.35,0.0075501203536987305,506,211,1,0.486475,False,POST-HOC re-analysis (reviewer R4/E11); does not change any primary decision
X1-Llama/OBQA/C2C,V2,0.4,0.011367261409759521,572,255,1,0.511242,False,POST-HOC re-analysis (reviewer R4/E11); does not change any primary decision
X1-Llama/OBQA/C2C,V2,0.45,0.01766204833984375,642,298,1,0.5259,False,POST-HOC re-analysis (reviewer R4/E11); does not change any primary decision
X1-Llama/OBQA/C2C,V2,0.5,0.023335695266723633,703,336,1,0.53687,False,POST-HOC re-analysis (reviewer R4/E11); does not change any primary decision
X1-Llama/OBQA/C2C,V2,0.55,0.033761560916900635,790,398,1,0.559181,False,POST-HOC re-analysis (reviewer R4/E11); does not change any primary decision
X1-Llama/OBQA/C2C,V2,0.6,0.047892868518829346,868,451,1,0.57225,False,POST-HOC re-analysis (reviewer R4/E11); does not change any primary decision
X1-Llama/OBQA/C2C,V2,0.65,0.06818485260009766,935,497,1,0.582141,False,POST-HOC re-analysis (reviewer R4/E11); does not change any primary decision
X1-Llama/OBQA/C2C,V2,0.7,0.09768414497375488,1007,552,1,0.59667,False,POST-HOC re-analysis (reviewer R4/E11); does not change any primary decision
X1-Llama/OBQA/C2C,V2,0.75,0.1333599090576172,1064,592,1,0.60345,False,POST-HOC re-analysis (reviewer R4/E11); does not change any primary decision
X1-Llama/OBQA/C2C,V2,0.8,0.1825515627861023,1110,627,1,0.610793,False,POST-HOC re-analysis (reviewer R4/E11); does not change any primary decision
X1-Llama/OBQA/C2C,V2,0.85,0.23033851385116577,1180,671,1,0.613127,False,POST-HOC re-analysis (reviewer R4/E11); does not change any primary decision
X1-Llama/OBQA/C2C,V2,0.9,0.3213103413581848,1243,718,1,0.620815,False,POST-HOC re-analysis (reviewer R4/E11); does not change any primary decision
X1-Llama/OBQA/C2C,V2,0.95,0.43785351514816284,1313,761,1,0.621571,False,POST-HOC re-analysis (reviewer R4/E11); does not change any primary decision
X1-Llama/OBQA/C2C,V2,1.0,Infinity,1366,799,1,0.625983,False,POST-HOC re-analysis (reviewer R4/E11); does not change any primary decision
X1-Llama/OBQA/C2C,OFFICIAL,0.05,0.00014084577560424805,65,2,0.362997,0.160967,False,POST-HOC re-analysis (reviewer R4/E11); does not change any primary decision
X1-Llama/OBQA/C2C,OFFICIAL,0.1,0.0004979372024536133,142,8,0.719083,0.142204,False,POST-HOC re-analysis (reviewer R4/E11); does not change any primary decision
X1-Llama/OBQA/C2C,OFFICIAL,0.15,0.0009494423866271973,216,21,0.998663,0.174572,False,POST-HOC re-analysis (reviewer R4/E11); does not change any primary decision
X1-Llama/OBQA/C2C,OFFICIAL,0.2,0.0018350481986999512,282,34,0.999999,0.191289,False,POST-HOC re-analysis (reviewer R4/E11); does not change any primary decision
X1-Llama/OBQA/C2C,OFFICIAL,0.25,0.0032129883766174316,375,67,1,0.246686,False,POST-HOC re-analysis (reviewer R4/E11); does not change any primary decision
X1-Llama/OBQA/C2C,OFFICIAL,0.3,0.00520014762878418,447,102,1,0.294489,False,POST-HOC re-analysis (reviewer R4/E11); does not change any primary decision
X1-Llama/OBQA/C2C,OFFICIAL,0.35,0.0075501203536987305,506,135,1,0.331398,False,POST-HOC re-analysis (reviewer R4/E11); does not change any primary decision
X1-Llama/OBQA/C2C,OFFICIAL,0.4,0.011367261409759521,572,176,1,0.370226,False,POST-HOC re-analysis (reviewer R4/E11); does not change any primary decision
X1-Llama/OBQA/C2C,OFFICIAL,0.45,0.01766204833984375,642,217,1,0.39796,False,POST-HOC re-analysis (reviewer R4/E11); does not change any primary decision
X1-Llama/OBQA/C2C,OFFICIAL,0.5,0.023335695266723633,703,250,1,0.413311,False,POST-HOC re-analysis (reviewer R4/E11); does not change any primary decision
X1-Llama/OBQA/C2C,OFFICIAL,0.55,0.033761560916900635,790,310,1,0.447467,False,POST-HOC re-analysis (reviewer R4/E11); does not change any primary decision
X1-Llama/OBQA/C2C,OFFICIAL,0.6,0.047892868518829346,868,362,1,0.469833,False,POST-HOC re-analysis (reviewer R4/E11); does not change any primary decision
X1-Llama/OBQA/C2C,OFFICIAL,0.65,0.06818485260009766,935,407,1,0.48626,False,POST-HOC re-analysis (reviewer R4/E11); does not change any primary decision
X1-Llama/OBQA/C2C,OFFICIAL,0.7,0.09768414497375488,1007,462,1,0.507958,False,POST-HOC re-analysis (reviewer R4/E11); does not change any primary decision
X1-Llama/OBQA/C2C,OFFICIAL,0.75,0.1333599090576172,1064,502,1,0.519627,False,POST-HOC re-analysis (reviewer R4/E11); does not change any primary decision
X1-Llama/OBQA/C2C,OFFICIAL,0.8,0.1825515627861023,1110,536,1,0.529675,False,POST-HOC re-analysis (reviewer R4/E11); does not change any primary decision
X1-Llama/OBQA/C2C,OFFICIAL,0.85,0.23033851385116577,1180,579,1,0.536025,False,POST-HOC re-analysis (reviewer R4/E11); does not change any primary decision
X1-Llama/OBQA/C2C,OFFICIAL,0.9,0.3213103413581848,1243,625,1,0.546932,False,POST-HOC re-analysis (reviewer R4/E11); does not change any primary decision
X1-Llama/OBQA/C2C,OFFICIAL,0.95,0.43785351514816284,1313,666,1,0.550128,False,POST-HOC re-analysis (reviewer R4/E11); does not change any primary decision
X1-Llama/OBQA/C2C,OFFICIAL,1.0,Infinity,1366,704,1,0.557367,False,POST-HOC re-analysis (reviewer R4/E11); does not change any primary decision
X1-Llama/ARC/Text,V2,0.05,0.00011157989501953125,18,2,0.941871,0.48492,False,POST-HOC re-analysis (reviewer R4/E11); does not change any primary decision
X1-Llama/ARC/Text,V2,0.1,0.0004367232322692871,33,2,0.772807,0.296254,False,POST-HOC re-analysis (reviewer R4/E11); does not change any primary decision
X1-Llama/ARC/Text,V2,0.15,0.0012328028678894043,50,6,0.988214,0.319841,False,POST-HOC re-analysis (reviewer R4/E11); does not change any primary decision
X1-Llama/ARC/Text,V2,0.2,0.002542734146118164,78,11,0.999515,0.29823,False,POST-HOC re-analysis (reviewer R4/E11); does not change any primary decision
X1-Llama/ARC/Text,V2,0.25,0.004671871662139893,108,19,1,0.312275,False,POST-HOC re-analysis (reviewer R4/E11); does not change any primary decision
X1-Llama/ARC/Text,V2,0.3,0.006744503974914551,128,23,1,0.303992,False,POST-HOC re-analysis (reviewer R4/E11); does not change any primary decision
X1-Llama/ARC/Text,V2,0.35,0.009816467761993408,140,30,1,0.337286,False,POST-HOC re-analysis (reviewer R4/E11); does not change any primary decision
X1-Llama/ARC/Text,V2,0.4,0.014494717121124268,163,39,1,0.355048,False,POST-HOC re-analysis (reviewer R4/E11); does not change any primary decision
X1-Llama/ARC/Text,V2,0.45,0.02129054069519043,182,41,1,0.332852,False,POST-HOC re-analysis (reviewer R4/E11); does not change any primary decision
X1-Llama/ARC/Text,V2,0.5,0.02968961000442505,206,45,1,0.318231,False,POST-HOC re-analysis (reviewer R4/E11); does not change any primary decision
X1-Llama/ARC/Text,V2,0.55,0.04347580671310425,234,54,1,0.325059,False,POST-HOC re-analysis (reviewer R4/E11); does not change any primary decision
X1-Llama/ARC/Text,V2,0.6,0.06113743782043457,263,63,1,0.328826,False,POST-HOC re-analysis (reviewer R4/E11); does not change any primary decision
X1-Llama/ARC/Text,V2,0.65,0.0874868631362915,289,78,1,0.357074,False,POST-HOC re-analysis (reviewer R4/E11); does not change any primary decision
X1-Llama/ARC/Text,V2,0.7,0.1193498969078064,315,87,1,0.359868,False,POST-HOC re-analysis (reviewer R4/E11); does not change any primary decision
X1-Llama/ARC/Text,V2,0.75,0.1509310007095337,341,94,1,0.355855,False,POST-HOC re-analysis (reviewer R4/E11); does not change any primary decision
X1-Llama/ARC/Text,V2,0.8,0.22326356172561646,362,108,1,0.377317,False,POST-HOC re-analysis (reviewer R4/E11); does not change any primary decision
X1-Llama/ARC/Text,V2,0.85,0.272111713886261,378,121,1,0.398318,False,POST-HOC re-analysis (reviewer R4/E11); does not change any primary decision
X1-Llama/ARC/Text,V2,0.9,0.34250950813293457,392,128,1,0.403532,False,POST-HOC re-analysis (reviewer R4/E11); does not change any primary decision
X1-Llama/ARC/Text,V2,0.95,0.43796151876449585,422,143,1,0.413411,False,POST-HOC re-analysis (reviewer R4/E11); does not change any primary decision
X1-Llama/ARC/Text,V2,1.0,Infinity,448,160,1,0.429975,False,POST-HOC re-analysis (reviewer R4/E11); does not change any primary decision
X1-Llama/ARC/Text,OFFICIAL,0.05,0.00011157989501953125,18,1,0.773523,0.410513,False,POST-HOC re-analysis (reviewer R4/E11); does not change any primary decision
X1-Llama/ARC/Text,OFFICIAL,0.1,0.0004367232322692871,33,1,0.50365,0.247416,False,POST-HOC re-analysis (reviewer R4/E11); does not change any primary decision
X1-Llama/ARC/Text,OFFICIAL,0.15,0.0012328028678894043,50,2,0.540533,0.204896,False,POST-HOC re-analysis (reviewer R4/E11); does not change any primary decision
X1-Llama/ARC/Text,OFFICIAL,0.2,0.002542734146118164,78,7,0.958932,0.2319,False,POST-HOC re-analysis (reviewer R4/E11); does not change any primary decision
X1-Llama/ARC/Text,OFFICIAL,0.25,0.004671871662139893,108,11,0.992118,0.221256,False,POST-HOC re-analysis (reviewer R4/E11); does not change any primary decision
X1-Llama/ARC/Text,OFFICIAL,0.3,0.006744503974914551,128,12,0.987934,0.198949,False,POST-HOC re-analysis (reviewer R4/E11); does not change any primary decision
X1-Llama/ARC/Text,OFFICIAL,0.35,0.009816467761993408,140,14,0.995468,0.201314,False,POST-HOC re-analysis (reviewer R4/E11); does not change any primary decision
X1-Llama/ARC/Text,OFFICIAL,0.4,0.014494717121124268,163,21,0.999976,0.228025,False,POST-HOC re-analysis (reviewer R4/E11); does not change any primary decision
X1-Llama/ARC/Text,OFFICIAL,0.45,0.02129054069519043,182,23,0.999985,0.218851,False,POST-HOC re-analysis (reviewer R4/E11); does not change any primary decision
X1-Llama/ARC/Text,OFFICIAL,0.5,0.02968961000442505,206,27,0.999998,0.218017,False,POST-HOC re-analysis (reviewer R4/E11); does not change any primary decision
X1-Llama/ARC/Text,OFFICIAL,0.55,0.04347580671310425,234,33,1,0.223576,False,POST-HOC re-analysis (reviewer R4/E11); does not change any primary decision
X1-Llama/ARC/Text,OFFICIAL,0.6,0.06113743782043457,263,41,1,0.235459,False,POST-HOC re-analysis (reviewer R4/E11); does not change any primary decision
X1-Llama/ARC/Text,OFFICIAL,0.65,0.0874868631362915,289,52,1,0.258611,False,POST-HOC re-analysis (reviewer R4/E11); does not change any primary decision
X1-Llama/ARC/Text,OFFICIAL,0.7,0.1193498969078064,315,59,1,0.263189,False,POST-HOC re-analysis (reviewer R4/E11); does not change any primary decision
X1-Llama/ARC/Text,OFFICIAL,0.75,0.1509310007095337,341,66,1,0.266885,False,POST-HOC re-analysis (reviewer R4/E11); does not change any primary decision
X1-Llama/ARC/Text,OFFICIAL,0.8,0.22326356172561646,362,80,1,0.294621,False,POST-HOC re-analysis (reviewer R4/E11); does not change any primary decision
X1-Llama/ARC/Text,OFFICIAL,0.85,0.272111713886261,378,92,1,0.317132,False,POST-HOC re-analysis (reviewer R4/E11); does not change any primary decision
X1-Llama/ARC/Text,OFFICIAL,0.9,0.34250950813293457,392,99,1,0.325539,False,POST-HOC re-analysis (reviewer R4/E11); does not change any primary decision
X1-Llama/ARC/Text,OFFICIAL,0.95,0.43796151876449585,422,113,1,0.338939,False,POST-HOC re-analysis (reviewer R4/E11); does not change any primary decision
X1-Llama/ARC/Text,OFFICIAL,1.0,Infinity,448,129,1,0.358032,False,POST-HOC re-analysis (reviewer R4/E11); does not change any primary decision
X1-Llama/ARC/C2C,V2,0.05,0.00011157989501953125,18,1,0.773523,0.410513,False,POST-HOC re-analysis (reviewer R4/E11); does not change any primary decision
X1-Llama/ARC/C2C,V2,0.1,0.0004367232322692871,33,1,0.50365,0.247416,False,POST-HOC re-analysis (reviewer R4/E11); does not change any primary decision
X1-Llama/ARC/C2C,V2,0.15,0.0012328028678894043,50,8,0.999244,0.370098,False,POST-HOC re-analysis (reviewer R4/E11); does not change any primary decision
X1-Llama/ARC/C2C,V2,0.2,0.002542734146118164,78,18,1,0.403616,False,POST-HOC re-analysis (reviewer R4/E11); does not change any primary decision
X1-Llama/ARC/C2C,V2,0.25,0.004671871662139893,108,34,1,0.465872,False,POST-HOC re-analysis (reviewer R4/E11); does not change any primary decision
X1-Llama/ARC/C2C,V2,0.3,0.006744503974914551,128,46,1,0.499063,False,POST-HOC re-analysis (reviewer R4/E11); does not change any primary decision
X1-Llama/ARC/C2C,V2,0.35,0.009816467761993408,140,54,1,0.519503,False,POST-HOC re-analysis (reviewer R4/E11); does not change any primary decision
X1-Llama/ARC/C2C,V2,0.4,0.014494717121124268,163,69,1,0.54716,False,POST-HOC re-analysis (reviewer R4/E11); does not change any primary decision
X1-Llama/ARC/C2C,V2,0.45,0.02129054069519043,182,79,1,0.551098,False,POST-HOC re-analysis (reviewer R4/E11); does not change any primary decision
X1-Llama/ARC/C2C,V2,0.5,0.02968961000442505,206,97,1,0.580297,False,POST-HOC re-analysis (reviewer R4/E11); does not change any primary decision
X1-Llama/ARC/C2C,V2,0.55,0.04347580671310425,234,117,1,0.601956,False,POST-HOC re-analysis (reviewer R4/E11); does not change any primary decision
X1-Llama/ARC/C2C,V2,0.6,0.06113743782043457,263,136,1,0.612795,False,POST-HOC re-analysis (reviewer R4/E11); does not change any primary decision
X1-Llama/ARC/C2C,V2,0.65,0.0874868631362915,289,154,1,0.623662,False,POST-HOC re-analysis (reviewer R4/E11); does not change any primary decision
X1-Llama/ARC/C2C,V2,0.7,0.1193498969078064,315,176,1,0.644757,False,POST-HOC re-analysis (reviewer R4/E11); does not change any primary decision
X1-Llama/ARC/C2C,V2,0.75,0.1509310007095337,341,196,1,0.65683,False,POST-HOC re-analysis (reviewer R4/E11); does not change any primary decision
X1-Llama/ARC/C2C,V2,0.8,0.22326356172561646,362,210,1,0.659549,False,POST-HOC re-analysis (reviewer R4/E11); does not change any primary decision
X1-Llama/ARC/C2C,V2,0.85,0.272111713886261,378,225,1,0.67231,False,POST-HOC re-analysis (reviewer R4/E11); does not change any primary decision
X1-Llama/ARC/C2C,V2,0.9,0.34250950813293457,392,234,1,0.672568,False,POST-HOC re-analysis (reviewer R4/E11); does not change any primary decision
X1-Llama/ARC/C2C,V2,0.95,0.43796151876449585,422,253,1,0.67235,False,POST-HOC re-analysis (reviewer R4/E11); does not change any primary decision
X1-Llama/ARC/C2C,V2,1.0,Infinity,448,273,1,0.67964,False,POST-HOC re-analysis (reviewer R4/E11); does not change any primary decision
X1-Llama/ARC/C2C,OFFICIAL,0.05,0.00011157989501953125,18,0,0.397214,0.318708,False,POST-HOC re-analysis (reviewer R4/E11); does not change any primary decision
X1-Llama/ARC/C2C,OFFICIAL,0.1,0.0004367232322692871,33,0,0.184026,0.188869,False,POST-HOC re-analysis (reviewer R4/E11); does not change any primary decision
X1-Llama/ARC/C2C,OFFICIAL,0.15,0.0012328028678894043,50,5,0.962224,0.293314,False,POST-HOC re-analysis (reviewer R4/E11); does not change any primary decision
X1-Llama/ARC/C2C,OFFICIAL,0.2,0.002542734146118164,78,9,0.994537,0.265809,False,POST-HOC re-analysis (reviewer R4/E11); does not change any primary decision
X1-Llama/ARC/C2C,OFFICIAL,0.25,0.004671871662139893,108,24,1,0.365423,False,POST-HOC re-analysis (reviewer R4/E11); does not change any primary decision
X1-Llama/ARC/C2C,OFFICIAL,0.3,0.006744503974914551,128,35,1,0.408793,False,POST-HOC re-analysis (reviewer R4/E11); does not change any primary decision
X1-Llama/ARC/C2C,OFFICIAL,0.35,0.009816467761993408,140,43,1,0.438364,False,POST-HOC re-analysis (reviewer R4/E11); does not change any primary decision
X1-Llama/ARC/C2C,OFFICIAL,0.4,0.014494717121124268,163,56,1,0.466244,False,POST-HOC re-analysis (reviewer R4/E11); does not change any primary decision
X1-Llama/ARC/C2C,OFFICIAL,0.45,0.02129054069519043,182,65,1,0.473388,False,POST-HOC re-analysis (reviewer R4/E11); does not change any primary decision
X1-Llama/ARC/C2C,OFFICIAL,0.5,0.02968961000442505,206,82,1,0.507861,False,POST-HOC re-analysis (reviewer R4/E11); does not change any primary decision
X1-Llama/ARC/C2C,OFFICIAL,0.55,0.04347580671310425,234,101,1,0.53464,False,POST-HOC re-analysis (reviewer R4/E11); does not change any primary decision
X1-Llama/ARC/C2C,OFFICIAL,0.6,0.06113743782043457,263,119,1,0.54946,False,POST-HOC re-analysis (reviewer R4/E11); does not change any primary decision
X1-Llama/ARC/C2C,OFFICIAL,0.65,0.0874868631362915,289,137,1,0.566295,False,POST-HOC re-analysis (reviewer R4/E11); does not change any primary decision
X1-Llama/ARC/C2C,OFFICIAL,0.7,0.1193498969078064,315,159,1,0.592543,False,POST-HOC re-analysis (reviewer R4/E11); does not change any primary decision
X1-Llama/ARC/C2C,OFFICIAL,0.75,0.1509310007095337,341,179,1,0.608795,False,POST-HOC re-analysis (reviewer R4/E11); does not change any primary decision
X1-Llama/ARC/C2C,OFFICIAL,0.8,0.22326356172561646,362,192,1,0.611646,False,POST-HOC re-analysis (reviewer R4/E11); does not change any primary decision
X1-Llama/ARC/C2C,OFFICIAL,0.85,0.272111713886261,378,207,1,0.626627,False,POST-HOC re-analysis (reviewer R4/E11); does not change any primary decision
X1-Llama/ARC/C2C,OFFICIAL,0.9,0.34250950813293457,392,216,1,0.628506,False,POST-HOC re-analysis (reviewer R4/E11); does not change any primary decision
X1-Llama/ARC/C2C,OFFICIAL,0.95,0.43796151876449585,422,234,1,0.629096,False,POST-HOC re-analysis (reviewer R4/E11); does not change any primary decision
X1-Llama/ARC/C2C,OFFICIAL,1.0,Infinity,448,254,1,0.63897,False,POST-HOC re-analysis (reviewer R4/E11); does not change any primary decision
X2-OLMo/OBQA/Text,V2,0.05,0.00026088953018188477,49,4,0.902967,0.270404,False,POST-HOC re-analysis (reviewer R4/E11); does not change any primary decision
X2-OLMo/OBQA/Text,V2,0.1,0.0005782842636108398,111,6,0.680045,0.15408,False,POST-HOC re-analysis (reviewer R4/E11); does not change any primary decision
X2-OLMo/OBQA/Text,V2,0.15,0.0012158751487731934,191,12,0.837609,0.135993,False,POST-HOC re-analysis (reviewer R4/E11); does not change any primary decision
X2-OLMo/OBQA/Text,V2,0.2,0.002199709415435791,254,17,0.911685,0.129379,False,POST-HOC re-analysis (reviewer R4/E11); does not change any primary decision
X2-OLMo/OBQA/Text,V2,0.25,0.003865182399749756,321,22,0.944953,0.123108,False,POST-HOC re-analysis (reviewer R4/E11); does not change any primary decision
X2-OLMo/OBQA/Text,V2,0.3,0.006706178188323975,393,31,0.99482,0.129602,False,POST-HOC re-analysis (reviewer R4/E11); does not change any primary decision
X2-OLMo/OBQA/Text,V2,0.35,0.010831654071807861,455,36,0.997105,0.125729,False,POST-HOC re-analysis (reviewer R4/E11); does not change any primary decision
X2-OLMo/OBQA/Text,V2,0.4,0.01669687032699585,526,40,0.996198,0.118298,False,POST-HOC re-analysis (reviewer R4/E11); does not change any primary decision
X2-OLMo/OBQA/Text,V2,0.45,0.028030097484588623,591,50,0.99986,0.125659,False,POST-HOC re-analysis (reviewer R4/E11); does not change any primary decision
X2-OLMo/OBQA/Text,V2,0.5,0.04769003391265869,674,61,0.999996,0.129557,False,POST-HOC re-analysis (reviewer R4/E11); does not change any primary decision
X2-OLMo/OBQA/Text,V2,0.55,0.06844645738601685,726,69,1,0.133173,False,POST-HOC re-analysis (reviewer R4/E11); does not change any primary decision
X2-OLMo/OBQA/Text,V2,0.6,0.0972546935081482,787,79,1,0.137574,False,POST-HOC re-analysis (reviewer R4/E11); does not change any primary decision
X2-OLMo/OBQA/Text,V2,0.65,0.13543057441711426,863,94,1,0.145343,False,POST-HOC re-analysis (reviewer R4/E11); does not change any primary decision
X2-OLMo/OBQA/Text,V2,0.7,0.18428069353103638,927,111,1,0.155997,False,POST-HOC re-analysis (reviewer R4/E11); does not change any primary decision
X2-OLMo/OBQA/Text,V2,0.75,0.24350953102111816,994,135,1,0.172351,False,POST-HOC re-analysis (reviewer R4/E11); does not change any primary decision
X2-OLMo/OBQA/Text,V2,0.8,0.3127708435058594,1071,161,1,0.186716,False,POST-HOC re-analysis (reviewer R4/E11); does not change any primary decision
X2-OLMo/OBQA/Text,V2,0.85,0.3932998776435852,1140,192,1,0.205038,False,POST-HOC re-analysis (reviewer R4/E11); does not change any primary decision
X2-OLMo/OBQA/Text,V2,0.9,0.46483469009399414,1208,225,1,0.222997,False,POST-HOC re-analysis (reviewer R4/E11); does not change any primary decision
X2-OLMo/OBQA/Text,V2,0.95,0.5346378087997437,1274,260,1,0.240889,False,POST-HOC re-analysis (reviewer R4/E11); does not change any primary decision
X2-OLMo/OBQA/Text,V2,1.0,Infinity,1366,320,1,0.271301,False,POST-HOC re-analysis (reviewer R4/E11); does not change any primary decision
X2-OLMo/OBQA/Text,OFFICIAL,0.05,0.00026088953018188477,49,0,0.0809947,0.131489,False,POST-HOC re-analysis (reviewer R4/E11); does not change any primary decision
X2-OLMo/OBQA/Text,OFFICIAL,0.1,0.0005782842636108398,111,1,0.0230415,0.0801676,False,POST-HOC re-analysis (reviewer R4/E11); does not change any primary decision
X2-OLMo/OBQA/Text,OFFICIAL,0.15,0.0012158751487731934,191,3,0.0126795,0.0666121,False,POST-HOC re-analysis (reviewer R4/E11); does not change any primary decision
X2-OLMo/OBQA/Text,OFFICIAL,0.2,0.002199709415435791,254,6,0.0278696,0.0694376,False,POST-HOC re-analysis (reviewer R4/E11); does not change any primary decision
X2-OLMo/OBQA/Text,OFFICIAL,0.25,0.003865182399749756,321,7,0.00842492,0.0599478,False,POST-HOC re-analysis (reviewer R4/E11); does not change any primary decision
X2-OLMo/OBQA/Text,OFFICIAL,0.3,0.006706178188323975,393,9,0.00521531,0.0566567,False,POST-HOC re-analysis (reviewer R4/E11); does not change any primary decision
X2-OLMo/OBQA/Text,OFFICIAL,0.35,0.010831654071807861,455,12,0.00898866,0.0584216,False,POST-HOC re-analysis (reviewer R4/E11); does not change any primary decision
X2-OLMo/OBQA/Text,OFFICIAL,0.4,0.01669687032699585,526,12,0.00122808,0.0506493,False,POST-HOC re-analysis (reviewer R4/E11); does not change any primary decision
X2-OLMo/OBQA/Text,OFFICIAL,0.45,0.028030097484588623,591,18,0.0138116,0.0589404,False,POST-HOC re-analysis (reviewer R4/E11); does not change any primary decision
X2-OLMo/OBQA/Text,OFFICIAL,0.5,0.04769003391265869,674,25,0.0689633,0.0652616,False,POST-HOC re-analysis (reviewer R4/E11); does not change any primary decision
X2-OLMo/OBQA/Text,OFFICIAL,0.55,0.06844645738601685,726,31,0.20921,0.0710572,False,POST-HOC re-analysis (reviewer R4/E11); does not change any primary decision
X2-OLMo/OBQA/Text,OFFICIAL,0.6,0.0972546935081482,787,39,0.519585,0.0781306,False,POST-HOC re-analysis (reviewer R4/E11); does not change any primary decision
X2-OLMo/OBQA/Text,OFFICIAL,0.65,0.13543057441711426,863,53,0.943328,0.0907875,False,POST-HOC re-analysis (reviewer R4/E11); does not change any primary decision
X2-OLMo/OBQA/Text,OFFICIAL,0.7,0.18428069353103638,927,69,0.999481,0.104779,False,POST-HOC re-analysis (reviewer R4/E11); does not change any primary decision
X2-OLMo/OBQA/Text,OFFICIAL,0.75,0.24350953102111816,994,93,1,0.125397,False,POST-HOC re-analysis (reviewer R4/E11); does not change any primary decision
X2-OLMo/OBQA/Text,OFFICIAL,0.8,0.3127708435058594,1071,119,1,0.14371,False,POST-HOC re-analysis (reviewer R4/E11); does not change any primary decision
X2-OLMo/OBQA/Text,OFFICIAL,0.85,0.3932998776435852,1140,149,1,0.164165,False,POST-HOC re-analysis (reviewer R4/E11); does not change any primary decision
X2-OLMo/OBQA/Text,OFFICIAL,0.9,0.46483469009399414,1208,179,1,0.182124,False,POST-HOC re-analysis (reviewer R4/E11); does not change any primary decision
X2-OLMo/OBQA/Text,OFFICIAL,0.95,0.5346378087997437,1274,212,1,0.20078,False,POST-HOC re-analysis (reviewer R4/E11); does not change any primary decision
X2-OLMo/OBQA/Text,OFFICIAL,1.0,Infinity,1366,271,1,0.233549,False,POST-HOC re-analysis (reviewer R4/E11); does not change any primary decision
X2-OLMo/ARC/Text,V2,0.05,0.00025004148483276367,19,0,0.377354,0.304807,False,POST-HOC re-analysis (reviewer R4/E11); does not change any primary decision
X2-OLMo/ARC/Text,V2,0.1,0.0005946159362792969,47,1,0.311745,0.180134,False,POST-HOC re-analysis (reviewer R4/E11); does not change any primary decision
X2-OLMo/ARC/Text,V2,0.15,0.0010211467742919922,68,4,0.747124,0.20095,False,POST-HOC re-analysis (reviewer R4/E11); does not change any primary decision
X2-OLMo/ARC/Text,V2,0.2,0.00157243013381958,94,7,0.901455,0.195139,False,POST-HOC re-analysis (reviewer R4/E11); does not change any primary decision
X2-OLMo/ARC/Text,V2,0.25,0.0023857951164245605,111,11,0.990273,0.215681,False,POST-HOC re-analysis (reviewer R4/E11); does not change any primary decision
X2-OLMo/ARC/Text,V2,0.3,0.003396153450012207,125,11,0.976923,0.192976,False,POST-HOC re-analysis (reviewer R4/E11); does not change any primary decision
X2-OLMo/ARC/Text,V2,0.35,0.005503296852111816,150,14,0.991524,0.188626,False,POST-HOC re-analysis (reviewer R4/E11); does not change any primary decision
X2-OLMo/ARC/Text,V2,0.4,0.008607208728790283,176,15,0.984189,0.16941,False,POST-HOC re-analysis (reviewer R4/E11); does not change any primary decision
X2-OLMo/ARC/Text,V2,0.45,0.013643205165863037,196,19,0.997895,0.178848,False,POST-HOC re-analysis (reviewer R4/E11); does not change any primary decision
X2-OLMo/ARC/Text,V2,0.5,0.0194246768951416,207,23,0.999876,0.193693,False,POST-HOC re-analysis (reviewer R4/E11); does not change any primary decision
X2-OLMo/ARC/Text,V2,0.55,0.029173076152801514,229,27,0.999987,0.197138,False,POST-HOC re-analysis (reviewer R4/E11); does not change any primary decision
X2-OLMo/ARC/Text,V2,0.6,0.045497894287109375,251,31,0.999999,0.199702,False,POST-HOC re-analysis (reviewer R4/E11); does not change any primary decision
X2-OLMo/ARC/Text,V2,0.65,0.0699416995048523,269,32,0.999998,0.191327,False,POST-HOC re-analysis (reviewer R4/E11); does not change any primary decision
X2-OLMo/ARC/Text,V2,0.7,0.11429524421691895,297,42,1,0.213562,False,POST-HOC re-analysis (reviewer R4/E11); does not change any primary decision
X2-OLMo/ARC/Text,V2,0.75,0.17697936296463013,320,49,1,0.224015,False,POST-HOC re-analysis (reviewer R4/E11); does not change any primary decision
X2-OLMo/ARC/Text,V2,0.8,0.2420368790626526,339,53,1,0.225424,False,POST-HOC re-analysis (reviewer R4/E11); does not change any primary decision
X2-OLMo/ARC/Text,V2,0.85,0.336806058883667,368,61,1,0.232956,False,POST-HOC re-analysis (reviewer R4/E11); does not change any primary decision
X2-OLMo/ARC/Text,V2,0.9,0.4400429129600525,400,75,1,0.254103,False,POST-HOC re-analysis (reviewer R4/E11); does not change any primary decision
X2-OLMo/ARC/Text,V2,0.95,0.5464634895324707,433,85,1,0.260962,False,POST-HOC re-analysis (reviewer R4/E11); does not change any primary decision
X2-OLMo/ARC/Text,V2,1.0,Infinity,448,95,1,0.276952,False,POST-HOC re-analysis (reviewer R4/E11); does not change any primary decision
X2-OLMo/ARC/Text,OFFICIAL,0.05,0.00025004148483276367,19,0,0.377354,0.304807,False,POST-HOC re-analysis (reviewer R4/E11); does not change any primary decision
X2-OLMo/ARC/Text,OFFICIAL,0.1,0.0005946159362792969,47,1,0.311745,0.180134,False,POST-HOC re-analysis (reviewer R4/E11); does not change any primary decision
X2-OLMo/ARC/Text,OFFICIAL,0.15,0.0010211467742919922,68,2,0.332814,0.154344,False,POST-HOC re-analysis (reviewer R4/E11); does not change any primary decision
X2-OLMo/ARC/Text,OFFICIAL,0.2,0.00157243013381958,94,3,0.302821,0.131728,False,POST-HOC re-analysis (reviewer R4/E11); does not change any primary decision
X2-OLMo/ARC/Text,OFFICIAL,0.25,0.0023857951164245605,111,3,0.188898,0.112469,False,POST-HOC re-analysis (reviewer R4/E11); does not change any primary decision
X2-OLMo/ARC/Text,OFFICIAL,0.3,0.003396153450012207,125,3,0.123785,0.10038,False,POST-HOC re-analysis (reviewer R4/E11); does not change any primary decision
X2-OLMo/ARC/Text,OFFICIAL,0.35,0.005503296852111816,150,3,0.0547698,0.0842119,False,POST-HOC re-analysis (reviewer R4/E11); does not change any primary decision
X2-OLMo/ARC/Text,OFFICIAL,0.4,0.008607208728790283,176,3,0.0219862,0.0721274,False,POST-HOC re-analysis (reviewer R4/E11); does not change any primary decision
X2-OLMo/ARC/Text,OFFICIAL,0.45,0.013643205165863037,196,4,0.030209,0.0734299,False,POST-HOC re-analysis (reviewer R4/E11); does not change any primary decision
X2-OLMo/ARC/Text,OFFICIAL,0.5,0.0194246768951416,207,5,0.0507164,0.0773199,False,POST-HOC re-analysis (reviewer R4/E11); does not change any primary decision
X2-OLMo/ARC/Text,OFFICIAL,0.55,0.029173076152801514,229,6,0.0573666,0.0768181,False,POST-HOC re-analysis (reviewer R4/E11); does not change any primary decision
X2-OLMo/ARC/Text,OFFICIAL,0.6,0.045497894287109375,251,9,0.190785,0.0878359,False,POST-HOC re-analysis (reviewer R4/E11); does not change any primary decision
X2-OLMo/ARC/Text,OFFICIAL,0.65,0.0699416995048523,269,9,0.13163,0.082109,False,POST-HOC re-analysis (reviewer R4/E11); does not change any primary decision
X2-OLMo/ARC/Text,OFFICIAL,0.7,0.11429524421691895,297,17,0.766079,0.111196,False,POST-HOC re-analysis (reviewer R4/E11); does not change any primary decision
X2-OLMo/ARC/Text,OFFICIAL,0.75,0.17697936296463013,320,24,0.98053,0.131325,False,POST-HOC re-analysis (reviewer R4/E11); does not change any primary decision
X2-OLMo/ARC/Text,OFFICIAL,0.8,0.2420368790626526,339,28,0.996184,0.138793,False,POST-HOC re-analysis (reviewer R4/E11); does not change any primary decision
X2-OLMo/ARC/Text,OFFICIAL,0.85,0.336806058883667,368,34,0.999754,0.147997,False,POST-HOC re-analysis (reviewer R4/E11); does not change any primary decision
X2-OLMo/ARC/Text,OFFICIAL,0.9,0.4400429129600525,400,45,1,0.169123,False,POST-HOC re-analysis (reviewer R4/E11); does not change any primary decision
X2-OLMo/ARC/Text,OFFICIAL,0.95,0.5464634895324707,433,54,1,0.180748,False,POST-HOC re-analysis (reviewer R4/E11); does not change any primary decision
X2-OLMo/ARC/Text,OFFICIAL,1.0,Infinity,448,63,1,0.19783,False,POST-HOC re-analysis (reviewer R4/E11); does not change any primary decision
large/OBQA/Text+fact,V2,0.05,0.0,642,2,3.02093e-12,0.0173653,True,POST-HOC re-analysis (reviewer R4/E11); does not change any primary decision
large/OBQA/Text+fact,V2,0.1,0.0,642,2,3.02093e-12,0.0173653,True,POST-HOC re-analysis (reviewer R4/E11); does not change any primary decision
large/OBQA/Text+fact,V2,0.15,0.0,642,2,3.02093e-12,0.0173653,True,POST-HOC re-analysis (reviewer R4/E11); does not change any primary decision
large/OBQA/Text+fact,V2,0.2,0.0,642,2,3.02093e-12,0.0173653,True,POST-HOC re-analysis (reviewer R4/E11); does not change any primary decision
large/OBQA/Text+fact,V2,0.25,0.0,642,2,3.02093e-12,0.0173653,True,POST-HOC re-analysis (reviewer R4/E11); does not change any primary decision
large/OBQA/Text+fact,V2,0.3,0.0,642,2,3.02093e-12,0.0173653,True,POST-HOC re-analysis (reviewer R4/E11); does not change any primary decision
large/OBQA/Text+fact,V2,0.35,0.0,642,2,3.02093e-12,0.0173653,True,POST-HOC re-analysis (reviewer R4/E11); does not change any primary decision
large/OBQA/Text+fact,V2,0.4,0.0,642,2,3.02093e-12,0.0173653,True,POST-HOC re-analysis (reviewer R4/E11); does not change any primary decision
large/OBQA/Text+fact,V2,0.45,0.0,642,2,3.02093e-12,0.0173653,True,POST-HOC re-analysis (reviewer R4/E11); does not change any primary decision
large/OBQA/Text+fact,V2,0.5,1.1920928955078125e-07,683,2,4.15983e-13,0.0163299,True,POST-HOC re-analysis (reviewer R4/E11); does not change any primary decision
large/OBQA/Text+fact,V2,0.55,3.5762786865234375e-07,728,3,6.13045e-13,0.0178191,True,POST-HOC re-analysis (reviewer R4/E11); does not change any primary decision
large/OBQA/Text+fact,V2,0.6,1.7881393432617188e-06,807,7,6.06129e-11,0.0241303,True,POST-HOC re-analysis (reviewer R4/E11); does not change any primary decision
large/OBQA/Text+fact,V2,0.65,7.987022399902344e-06,870,11,2.3787e-09,0.029167,True,POST-HOC re-analysis (reviewer R4/E11); does not change any primary decision
large/OBQA/Text+fact,V2,0.7,4.5418739318847656e-05,932,16,1.20468e-07,0.0346923,True,POST-HOC re-analysis (reviewer R4/E11); does not change any primary decision
large/OBQA/Text+fact,V2,0.75,0.0002611875534057617,999,22,4.83045e-06,0.0403599,True,POST-HOC re-analysis (reviewer R4/E11); does not change any primary decision
large/OBQA/Text+fact,V2,0.8,0.001170039176940918,1064,33,0.00162848,0.0510624,False,POST-HOC re-analysis (reviewer R4/E11); does not change any primary decision
large/OBQA/Text+fact,V2,0.85,0.008580565452575684,1135,57,0.548691,0.0734653,False,POST-HOC re-analysis (reviewer R4/E11); does not change any primary decision
large/OBQA/Text+fact,V2,0.9,0.04792952537536621,1217,86,0.999313,0.0962075,False,POST-HOC re-analysis (reviewer R4/E11); does not change any primary decision
large/OBQA/Text+fact,V2,0.95,0.22272759675979614,1297,123,1,0.122486,False,POST-HOC re-analysis (reviewer R4/E11); does not change any primary decision
large/OBQA/Text+fact,V2,1.0,Infinity,1366,170,1,0.154266,False,POST-HOC re-analysis (reviewer R4/E11); does not change any primary decision
large/OBQA/Text+fact,OFFICIAL,0.05,0.0,642,2,3.02093e-12,0.0173653,True,POST-HOC re-analysis (reviewer R4/E11); does not change any primary decision
large/OBQA/Text+fact,OFFICIAL,0.1,0.0,642,2,3.02093e-12,0.0173653,True,POST-HOC re-analysis (reviewer R4/E11); does not change any primary decision
large/OBQA/Text+fact,OFFICIAL,0.15,0.0,642,2,3.02093e-12,0.0173653,True,POST-HOC re-analysis (reviewer R4/E11); does not change any primary decision
large/OBQA/Text+fact,OFFICIAL,0.2,0.0,642,2,3.02093e-12,0.0173653,True,POST-HOC re-analysis (reviewer R4/E11); does not change any primary decision
large/OBQA/Text+fact,OFFICIAL,0.25,0.0,642,2,3.02093e-12,0.0173653,True,POST-HOC re-analysis (reviewer R4/E11); does not change any primary decision
large/OBQA/Text+fact,OFFICIAL,0.3,0.0,642,2,3.02093e-12,0.0173653,True,POST-HOC re-analysis (reviewer R4/E11); does not change any primary decision
large/OBQA/Text+fact,OFFICIAL,0.35,0.0,642,2,3.02093e-12,0.0173653,True,POST-HOC re-analysis (reviewer R4/E11); does not change any primary decision
large/OBQA/Text+fact,OFFICIAL,0.4,0.0,642,2,3.02093e-12,0.0173653,True,POST-HOC re-analysis (reviewer R4/E11); does not change any primary decision
large/OBQA/Text+fact,OFFICIAL,0.45,0.0,642,2,3.02093e-12,0.0173653,True,POST-HOC re-analysis (reviewer R4/E11); does not change any primary decision
large/OBQA/Text+fact,OFFICIAL,0.5,1.1920928955078125e-07,683,2,4.15983e-13,0.0163299,True,POST-HOC re-analysis (reviewer R4/E11); does not change any primary decision
large/OBQA/Text+fact,OFFICIAL,0.55,3.5762786865234375e-07,728,3,6.13045e-13,0.0178191,True,POST-HOC re-analysis (reviewer R4/E11); does not change any primary decision
large/OBQA/Text+fact,OFFICIAL,0.6,1.7881393432617188e-06,807,7,6.06129e-11,0.0241303,True,POST-HOC re-analysis (reviewer R4/E11); does not change any primary decision
large/OBQA/Text+fact,OFFICIAL,0.65,7.987022399902344e-06,870,11,2.3787e-09,0.029167,True,POST-HOC re-analysis (reviewer R4/E11); does not change any primary decision
large/OBQA/Text+fact,OFFICIAL,0.7,4.5418739318847656e-05,932,16,1.20468e-07,0.0346923,True,POST-HOC re-analysis (reviewer R4/E11); does not change any primary decision
large/OBQA/Text+fact,OFFICIAL,0.75,0.0002611875534057617,999,22,4.83045e-06,0.0403599,True,POST-HOC re-analysis (reviewer R4/E11); does not change any primary decision
large/OBQA/Text+fact,OFFICIAL,0.8,0.001170039176940918,1064,33,0.00162848,0.0510624,False,POST-HOC re-analysis (reviewer R4/E11); does not change any primary decision
large/OBQA/Text+fact,OFFICIAL,0.85,0.008580565452575684,1135,57,0.548691,0.0734653,False,POST-HOC re-analysis (reviewer R4/E11); does not change any primary decision
large/OBQA/Text+fact,OFFICIAL,0.9,0.04792952537536621,1217,86,0.999313,0.0962075,False,POST-HOC re-analysis (reviewer R4/E11); does not change any primary decision
large/OBQA/Text+fact,OFFICIAL,0.95,0.22272759675979614,1297,123,1,0.122486,False,POST-HOC re-analysis (reviewer R4/E11); does not change any primary decision
large/OBQA/Text+fact,OFFICIAL,1.0,Infinity,1366,169,1,0.153469,False,POST-HOC re-analysis (reviewer R4/E11); does not change any primary decision
