setting,benchmark,output,reference,id,V2_label,official_label,transition,output_pattern,official_branch,math_substrings,answer_words,changes_disagreement_label,in_exposed_X,legal_labels,raw_first80,label
small/OBQA/Text,obqa,R,Text,1962,INVALID,A,INVALID->label,declaration_several_letters,answer_phrase_first_ABCD_char,/,answer|correct,False,True,ABCD,The correct answer is A/B/C/D.,POST-HOC re-analysis (reviewer R2/E5); does not change any primary decision
small/OBQA/Text,obqa,R,Text,1494,INVALID,A,INVALID->label,declaration_several_letters,answer_phrase_first_ABCD_char,/,answer|correct,False,True,ABCD,The correct answer is A/B/C/D.,POST-HOC re-analysis (reviewer R2/E5); does not change any primary decision
small/OBQA/Text,obqa,reference,Text,1494,INVALID,A,INVALID->label,declaration_several_letters,answer_phrase_first_ABCD_char,/,answer|correct,False,True,ABCD,The correct answer is A/B/C/D.,POST-HOC re-analysis (reviewer R2/E5); does not change any primary decision
small/OBQA/Text,obqa,R,Text,12-937,INVALID,A,INVALID->label,declaration_several_letters,answer_phrase_first_ABCD_char,/,answer|correct,False,True,ABCD,The correct answer is A/B/C/D.,POST-HOC re-analysis (reviewer R2/E5); does not change any primary decision
small/OBQA/Text,obqa,reference,Text,12-799,INVALID,A,INVALID->label,declaration_several_letters,answer_phrase_first_ABCD_char,/,answer|correct,False,True,ABCD,The correct answer is A/B/C/D.,POST-HOC re-analysis (reviewer R2/E5); does not change any primary decision
small/OBQA/Text,obqa,reference,Text,14-402,INVALID,A,INVALID->label,declaration_several_letters,answer_phrase_first_ABCD_char,/,answer|correct,True,True,ABCD,The correct answer is A/B/C/D.,POST-HOC re-analysis (reviewer R2/E5); does not change any primary decision
small/OBQA/Text,obqa,reference,Text,14-635,INVALID,A,INVALID->label,declaration_several_letters,answer_phrase_first_ABCD_char,/,answer|correct,True,True,ABCD,The correct answer is A/B/C/D.,POST-HOC re-analysis (reviewer R2/E5); does not change any primary decision
small/OBQA/Text,obqa,R,Text,14-798,INVALID,A,INVALID->label,declaration_several_letters,answer_phrase_first_ABCD_char,/,answer|correct,False,True,ABCD,The correct answer is A/B/C/D.,POST-HOC re-analysis (reviewer R2/E5); does not change any primary decision
small/OBQA/Text,obqa,reference,Text,14-798,INVALID,A,INVALID->label,declaration_several_letters,answer_phrase_first_ABCD_char,/,answer|correct,False,True,ABCD,The correct answer is A/B/C/D.,POST-HOC re-analysis (reviewer R2/E5); does not change any primary decision
small/OBQA/Text,obqa,R,Text,12-142,INVALID,A,INVALID->label,declaration_several_letters,answer_phrase_first_ABCD_char,/,answer|correct,False,True,ABCD,The correct answer is A/B/C/D.,POST-HOC re-analysis (reviewer R2/E5); does not change any primary decision
small/OBQA/Text,obqa,R,Text,1442,INVALID,A,INVALID->label,declaration_several_letters,answer_phrase_first_ABCD_char,/,answer|correct,False,True,ABCD,The correct answer is A/B/C/D.,POST-HOC re-analysis (reviewer R2/E5); does not change any primary decision
small/OBQA/Text,obqa,reference,Text,656,INVALID,A,INVALID->label,declaration_several_letters,answer_phrase_first_ABCD_char,/,answer|correct,True,True,ABCD,The correct answer is A/B/C/D.,POST-HOC re-analysis (reviewer R2/E5); does not change any primary decision
small/OBQA/Text,obqa,reference,Text,12-1103,INVALID,A,INVALID->label,declaration_several_letters,answer_phrase_first_ABCD_char,/,answer|correct,True,True,ABCD,The correct answer is A/B/C/D.,POST-HOC re-analysis (reviewer R2/E5); does not change any primary decision
small/OBQA/Text,obqa,R,Text,1766,INVALID,A,INVALID->label,declaration_several_letters,answer_phrase_first_ABCD_char,/,answer|correct,False,True,ABCD,The correct answer is A/B/C/D.,POST-HOC re-analysis (reviewer R2/E5); does not change any primary decision
small/OBQA/Text,obqa,R,Text,10-357,INVALID,A,INVALID->label,declaration_several_letters,answer_phrase_first_ABCD_char,/,answer|correct,False,True,ABCD,The correct answer is A/B/C/D.,POST-HOC re-analysis (reviewer R2/E5); does not change any primary decision
small/OBQA/Text,obqa,reference,Text,12-797,INVALID,A,INVALID->label,declaration_several_letters,answer_phrase_first_ABCD_char,/,answer|correct,True,True,ABCD,The correct answer is A/B/C/D.,POST-HOC re-analysis (reviewer R2/E5); does not change any primary decision
small/OBQA/Text,obqa,R,Text,11-67,INVALID,A,INVALID->label,declaration_several_letters,answer_phrase_first_ABCD_char,/,answer|correct,False,True,ABCD,The correct answer is A/B/C/D.,POST-HOC re-analysis (reviewer R2/E5); does not change any primary decision
small/OBQA/Text,obqa,R,Text,14-638,INVALID,A,INVALID->label,declaration_several_letters,answer_phrase_first_ABCD_char,/,answer|correct,True,True,ABCD,The correct answer is A/B/C/D.,POST-HOC re-analysis (reviewer R2/E5); does not change any primary decision
small/OBQA/Text,obqa,reference,Text,12-600,INVALID,A,INVALID->label,declaration_several_letters,answer_phrase_first_ABCD_char,/,answer|correct,True,True,ABCD,The correct answer is A/B/C/D.,POST-HOC re-analysis (reviewer R2/E5); does not change any primary decision
small/OBQA/Text,obqa,R,Text,13-991,INVALID,A,INVALID->label,declaration_several_letters,answer_phrase_first_ABCD_char,/,answer|correct,True,True,ABCD,The correct answer is A/B/C/D.,POST-HOC re-analysis (reviewer R2/E5); does not change any primary decision
small/OBQA/Text,obqa,reference,Text,14-339,INVALID,A,INVALID->label,declaration_several_letters,answer_phrase_first_ABCD_char,/,answer|correct,True,True,ABCD,The correct answer is A/B/C/D.,POST-HOC re-analysis (reviewer R2/E5); does not change any primary decision
small/OBQA/Text,obqa,reference,Text,13-891,INVALID,A,INVALID->label,declaration_several_letters,answer_phrase_first_ABCD_char,/,answer|correct,True,True,ABCD,The correct answer is A/B/C/D.,POST-HOC re-analysis (reviewer R2/E5); does not change any primary decision
small/OBQA/Text,obqa,reference,Text,10-861,INVALID,A,INVALID->label,declaration_several_letters,answer_phrase_first_ABCD_char,/,answer|correct,False,True,ABCD,The correct answer is A/B/C/D.,POST-HOC re-analysis (reviewer R2/E5); does not change any primary decision
small/OBQA/Text,obqa,reference,Text,14-559,INVALID,A,INVALID->label,declaration_several_letters,answer_phrase_first_ABCD_char,/,answer|correct,False,True,ABCD,The correct answer is A/B/C/D.,POST-HOC re-analysis (reviewer R2/E5); does not change any primary decision
small/OBQA/Text,obqa,reference,Text,110,INVALID,A,INVALID->label,declaration_several_letters,answer_phrase_first_ABCD_char,/,answer|correct,True,True,ABCD,The correct answer is A/B/C/D.,POST-HOC re-analysis (reviewer R2/E5); does not change any primary decision
small/OBQA/Text,obqa,R,Text,11-332,INVALID,A,INVALID->label,declaration_several_letters,answer_phrase_first_ABCD_char,/,answer|correct,False,True,ABCD,The correct answer is A/B/C/D.,POST-HOC re-analysis (reviewer R2/E5); does not change any primary decision
small/OBQA/Text,obqa,reference,Text,11-332,INVALID,A,INVALID->label,declaration_several_letters,answer_phrase_first_ABCD_char,/,answer|correct,False,True,ABCD,The correct answer is A/B/C/D.,POST-HOC re-analysis (reviewer R2/E5); does not change any primary decision
small/OBQA/Text,obqa,reference,Text,11-595,INVALID,A,INVALID->label,declaration_several_letters,answer_phrase_first_ABCD_char,/,answer|correct,True,True,ABCD,The correct answer is A/B/C/D.,POST-HOC re-analysis (reviewer R2/E5); does not change any primary decision
small/OBQA/Text,obqa,R,Text,8-219,INVALID,A,INVALID->label,declaration_several_letters,answer_phrase_first_ABCD_char,/,answer|correct,False,True,ABCD,The correct answer is A/B/C/D.,POST-HOC re-analysis (reviewer R2/E5); does not change any primary decision
small/OBQA/Text,obqa,R,Text,10-1061,INVALID,A,INVALID->label,declaration_several_letters,answer_phrase_first_ABCD_char,/,answer|correct,False,True,ABCD,The correct answer is A/B/C/D.,POST-HOC re-analysis (reviewer R2/E5); does not change any primary decision
small/OBQA/Text,obqa,R,Text,13-904,INVALID,A,INVALID->label,declaration_several_letters,answer_phrase_first_ABCD_char,/,answer|correct,False,True,ABCD,The correct answer is A/B/C/D.,POST-HOC re-analysis (reviewer R2/E5); does not change any primary decision
small/OBQA/Text,obqa,reference,Text,12-982,INVALID,A,INVALID->label,declaration_several_letters,answer_phrase_first_ABCD_char,/,answer|correct,True,True,ABCD,The correct answer is A/B/C/D.,POST-HOC re-analysis (reviewer R2/E5); does not change any primary decision
small/OBQA/Text,obqa,R,Text,11-490,INVALID,A,INVALID->label,declaration_several_letters,answer_phrase_first_ABCD_char,/,answer|correct,False,True,ABCD,The correct answer is A/B/C/D.,POST-HOC re-analysis (reviewer R2/E5); does not change any primary decision
small/OBQA/Text,obqa,reference,Text,11-490,INVALID,A,INVALID->label,declaration_several_letters,answer_phrase_first_ABCD_char,/,answer|correct,False,True,ABCD,The correct answer is A/B/C/D.,POST-HOC re-analysis (reviewer R2/E5); does not change any primary decision
small/OBQA/Text,obqa,reference,Text,12-752,INVALID,A,INVALID->label,declaration_several_letters,answer_phrase_first_ABCD_char,/,answer|correct,True,True,ABCD,The correct answer is A/B/C/D.,POST-HOC re-analysis (reviewer R2/E5); does not change any primary decision
small/OBQA/Text,obqa,R,Text,1826,INVALID,A,INVALID->label,declaration_several_letters,answer_phrase_first_ABCD_char,/,answer|correct,True,True,ABCD,The correct answer is A/B/C/D.,POST-HOC re-analysis (reviewer R2/E5); does not change any primary decision
small/OBQA/Text,obqa,R,Text,10-308,INVALID,A,INVALID->label,declaration_several_letters,answer_phrase_first_ABCD_char,/,answer|correct,True,True,ABCD,The correct answer is A/B/C/D.,POST-HOC re-analysis (reviewer R2/E5); does not change any primary decision
small/OBQA/Text,obqa,R,Text,7-525,INVALID,A,INVALID->label,declaration_several_letters,answer_phrase_first_ABCD_char,/,answer|correct,False,True,ABCD,The correct answer is A/B/C/D.,POST-HOC re-analysis (reviewer R2/E5); does not change any primary decision
small/OBQA/Text,obqa,reference,Text,7-525,INVALID,A,INVALID->label,declaration_several_letters,answer_phrase_first_ABCD_char,/,answer|correct,False,True,ABCD,The correct answer is A/B/D.,POST-HOC re-analysis (reviewer R2/E5); does not change any primary decision
small/OBQA/Text,obqa,reference,Text,12-735,INVALID,A,INVALID->label,declaration_several_letters,answer_phrase_first_ABCD_char,/,answer|correct,True,True,ABCD,The correct answer is A/B/C/D.,POST-HOC re-analysis (reviewer R2/E5); does not change any primary decision
small/OBQA/Text,obqa,reference,Text,13-679,INVALID,A,INVALID->label,declaration_several_letters,answer_phrase_first_ABCD_char,/,answer|correct,True,True,ABCD,The correct answer is A/B/C/D.,POST-HOC re-analysis (reviewer R2/E5); does not change any primary decision
small/OBQA/Text,obqa,reference,Text,10-344,INVALID,A,INVALID->label,declaration_several_letters,answer_phrase_first_ABCD_char,/,answer|correct,True,True,ABCD,The correct answer is A/B/C/D.,POST-HOC re-analysis (reviewer R2/E5); does not change any primary decision
small/OBQA/Text,obqa,reference,Text,13-621,INVALID,A,INVALID->label,declaration_several_letters,answer_phrase_first_ABCD_char,/,answer|correct,True,True,ABCD,The correct answer is A/B/C/D.,POST-HOC re-analysis (reviewer R2/E5); does not change any primary decision
small/OBQA/Text,obqa,reference,Text,12-259,INVALID,A,INVALID->label,declaration_several_letters,answer_phrase_first_ABCD_char,/,answer|correct,True,True,ABCD,The correct answer is A/B/C/D.,POST-HOC re-analysis (reviewer R2/E5); does not change any primary decision
small/OBQA/Text,obqa,reference,Text,10-1047,INVALID,A,INVALID->label,declaration_several_letters,answer_phrase_first_ABCD_char,/,answer|correct,True,True,ABCD,The correct answer is A/B/C/D.,POST-HOC re-analysis (reviewer R2/E5); does not change any primary decision
small/OBQA/Text,obqa,R,Text,8-172,INVALID,A,INVALID->label,declaration_several_letters,answer_phrase_first_ABCD_char,/,answer|correct,False,True,ABCD,The correct answer is A/B/C/D.,POST-HOC re-analysis (reviewer R2/E5); does not change any primary decision
small/OBQA/Text,obqa,R,Text,13-166,INVALID,A,INVALID->label,declaration_several_letters,answer_phrase_first_ABCD_char,/,answer|correct,False,True,ABCD,The correct answer is A/B/C/D.,POST-HOC re-analysis (reviewer R2/E5); does not change any primary decision
small/OBQA/Text,obqa,reference,Text,7-389,INVALID,A,INVALID->label,declaration_several_letters,answer_phrase_first_ABCD_char,/,answer|correct,True,True,ABCD,The correct answer is A/B/C/D.,POST-HOC re-analysis (reviewer R2/E5); does not change any primary decision
small/OBQA/Text,obqa,R,Text,1721,INVALID,A,INVALID->label,declaration_several_letters,answer_phrase_first_ABCD_char,/,answer|correct,False,True,ABCD,The correct answer is A/B/C/D.,POST-HOC re-analysis (reviewer R2/E5); does not change any primary decision
small/OBQA/Text,obqa,reference,Text,1721,INVALID,A,INVALID->label,declaration_several_letters,answer_phrase_first_ABCD_char,/,answer|correct,False,True,ABCD,The correct answer is A/B/C/D.,POST-HOC re-analysis (reviewer R2/E5); does not change any primary decision
small/OBQA/Text,obqa,reference,Text,12-344,INVALID,A,INVALID->label,declaration_several_letters,answer_phrase_first_ABCD_char,/,answer|correct,True,True,ABCD,The correct answer is A/B/C/D.,POST-HOC re-analysis (reviewer R2/E5); does not change any primary decision
small/OBQA/Text,obqa,reference,Text,8-432,INVALID,A,INVALID->label,declaration_several_letters,answer_phrase_first_ABCD_char,/,answer|correct,False,True,ABCD,The correct answer is A/B/C/D.,POST-HOC re-analysis (reviewer R2/E5); does not change any primary decision
small/OBQA/Text,obqa,R,Text,1944,INVALID,A,INVALID->label,declaration_several_letters,answer_phrase_first_ABCD_char,/,answer|correct,False,True,ABCD,The correct answer is A/B/C/D.,POST-HOC re-analysis (reviewer R2/E5); does not change any primary decision
small/OBQA/Text,obqa,reference,Text,1944,INVALID,A,INVALID->label,declaration_several_letters,answer_phrase_first_ABCD_char,/,answer|correct,False,True,ABCD,The correct answer is A/B/C/D.,POST-HOC re-analysis (reviewer R2/E5); does not change any primary decision
small/OBQA/Text,obqa,R,Text,14-396,INVALID,A,INVALID->label,declaration_several_letters,answer_phrase_first_ABCD_char,/,answer|correct,True,True,ABCD,The correct answer is A/B/C/D.,POST-HOC re-analysis (reviewer R2/E5); does not change any primary decision
small/OBQA/Text,obqa,reference,Text,14-1265,INVALID,A,INVALID->label,declaration_several_letters,answer_phrase_first_ABCD_char,/,answer|correct,True,True,ABCD,The correct answer is A/B/C/D.,POST-HOC re-analysis (reviewer R2/E5); does not change any primary decision
small/OBQA/Text,obqa,R,Text,10-855,INVALID,A,INVALID->label,declaration_several_letters,answer_phrase_first_ABCD_char,/,answer|correct,True,True,ABCD,The correct answer is A/B/C/D.,POST-HOC re-analysis (reviewer R2/E5); does not change any primary decision
small/OBQA/Text,obqa,R,Text,370,INVALID,A,INVALID->label,declaration_several_letters,answer_phrase_first_ABCD_char,/,answer|correct,False,True,ABCD,The correct answer is A/B/C/D.,POST-HOC re-analysis (reviewer R2/E5); does not change any primary decision
small/OBQA/Text,obqa,reference,Text,14-1406,INVALID,A,INVALID->label,declaration_several_letters,answer_phrase_first_ABCD_char,/,answer|correct,True,True,ABCD,The correct answer is A/B/C/D.,POST-HOC re-analysis (reviewer R2/E5); does not change any primary decision
small/OBQA/Text,obqa,R,Text,14-1416,INVALID,A,INVALID->label,declaration_several_letters,answer_phrase_first_ABCD_char,/,answer|correct,False,True,ABCD,The correct answer is A/B/C/D.,POST-HOC re-analysis (reviewer R2/E5); does not change any primary decision
small/OBQA/Text,obqa,reference,Text,14-1416,INVALID,A,INVALID->label,declaration_several_letters,answer_phrase_first_ABCD_char,/,answer|correct,False,True,ABCD,The correct answer is A/B/C/D.,POST-HOC re-analysis (reviewer R2/E5); does not change any primary decision
small/OBQA/Text,obqa,reference,Text,12-457,INVALID,A,INVALID->label,declaration_several_letters,answer_phrase_first_ABCD_char,/,answer|correct,True,True,ABCD,The correct answer is A/B/C/D.,POST-HOC re-analysis (reviewer R2/E5); does not change any primary decision
small/OBQA/Text,obqa,R,Text,8-439,INVALID,A,INVALID->label,declaration_several_letters,answer_phrase_first_ABCD_char,/,answer|correct,False,True,ABCD,The correct answer is A/B/C/D.,POST-HOC re-analysis (reviewer R2/E5); does not change any primary decision
small/OBQA/Text,obqa,R,Text,13-666,INVALID,A,INVALID->label,declaration_several_letters,answer_phrase_first_ABCD_char,/,answer|correct,True,True,ABCD,The correct answer is A/B/C/D.,POST-HOC re-analysis (reviewer R2/E5); does not change any primary decision
small/OBQA/Text,obqa,reference,Text,10-782,INVALID,A,INVALID->label,declaration_several_letters,answer_phrase_first_ABCD_char,/,answer|correct,True,True,ABCD,The correct answer is A/B/C/D.,POST-HOC re-analysis (reviewer R2/E5); does not change any primary decision
small/OBQA/Text,obqa,R,Text,712,INVALID,A,INVALID->label,declaration_several_letters,answer_phrase_first_ABCD_char,/,answer|correct,False,True,ABCD,The correct answer is A/B/C/D.,POST-HOC re-analysis (reviewer R2/E5); does not change any primary decision
small/OBQA/Text,obqa,reference,Text,712,INVALID,A,INVALID->label,declaration_several_letters,answer_phrase_first_ABCD_char,/,answer|correct,False,True,ABCD,The correct answer is A/B/C/D.,POST-HOC re-analysis (reviewer R2/E5); does not change any primary decision
small/OBQA/Text,obqa,R,Text,7-975,INVALID,A,INVALID->label,declaration_several_letters,answer_phrase_first_ABCD_char,/,answer|correct,False,True,ABCD,The correct answer is A/B/C/D.,POST-HOC re-analysis (reviewer R2/E5); does not change any primary decision
small/OBQA/Text,obqa,reference,Text,7-975,INVALID,A,INVALID->label,declaration_several_letters,answer_phrase_first_ABCD_char,/,answer|correct,False,True,ABCD,The correct answer is A/B/C/D.,POST-HOC re-analysis (reviewer R2/E5); does not change any primary decision
small/OBQA/Text,obqa,R,Text,12-1137,INVALID,A,INVALID->label,declaration_several_letters,answer_phrase_first_ABCD_char,/,answer|correct,False,True,ABCD,The correct answer is A/B/C/D.,POST-HOC re-analysis (reviewer R2/E5); does not change any primary decision
small/OBQA/Text,obqa,reference,Text,13-1006,INVALID,A,INVALID->label,declaration_several_letters,answer_phrase_first_ABCD_char,/,answer|correct,True,True,ABCD,The correct answer is A/B/C/D.,POST-HOC re-analysis (reviewer R2/E5); does not change any primary decision
small/OBQA/Text,obqa,reference,Text,12-930,INVALID,A,INVALID->label,declaration_several_letters,answer_phrase_first_ABCD_char,/,answer|correct,True,True,ABCD,The correct answer is A/B/C/D.,POST-HOC re-analysis (reviewer R2/E5); does not change any primary decision
small/OBQA/Text,obqa,R,Text,12-957,INVALID,A,INVALID->label,declaration_several_letters,answer_phrase_first_ABCD_char,/,answer|correct,False,True,ABCD,The correct answer is A/B/C/D.,POST-HOC re-analysis (reviewer R2/E5); does not change any primary decision
small/OBQA/Text,obqa,R,Text,11-219,INVALID,A,INVALID->label,declaration_several_letters,answer_phrase_first_ABCD_char,/,answer|correct,False,True,ABCD,The correct answer is A/B/C/D.,POST-HOC re-analysis (reviewer R2/E5); does not change any primary decision
small/OBQA/Text,obqa,reference,Text,7-224,INVALID,A,INVALID->label,declaration_several_letters,answer_phrase_first_ABCD_char,/,answer|correct,False,True,ABCD,The correct answer is A/B/C/D.,POST-HOC re-analysis (reviewer R2/E5); does not change any primary decision
small/OBQA/Text,obqa,reference,Text,12-742,INVALID,A,INVALID->label,declaration_several_letters,answer_phrase_first_ABCD_char,/,answer|correct,False,True,ABCD,The correct answer is A/B/C/D.,POST-HOC re-analysis (reviewer R2/E5); does not change any primary decision
small/OBQA/Text,obqa,reference,Text,14-1442,INVALID,A,INVALID->label,declaration_several_letters,answer_phrase_first_ABCD_char,/,answer|correct,True,True,ABCD,The correct answer is A/B/C/D.,POST-HOC re-analysis (reviewer R2/E5); does not change any primary decision
small/OBQA/Text,obqa,reference,Text,12-647,INVALID,A,INVALID->label,declaration_several_letters,answer_phrase_first_ABCD_char,/,answer|correct,True,True,ABCD,The correct answer is A/B/C/D.,POST-HOC re-analysis (reviewer R2/E5); does not change any primary decision
small/OBQA/Text,obqa,reference,Text,10-956,INVALID,A,INVALID->label,declaration_several_letters,answer_phrase_first_ABCD_char,/,answer|correct,True,True,ABCD,The correct answer is A/B/C/D.,POST-HOC re-analysis (reviewer R2/E5); does not change any primary decision
small/OBQA/Text,obqa,R,Text,13-901,INVALID,A,INVALID->label,declaration_several_letters,answer_phrase_first_ABCD_char,/,answer|correct,False,True,ABCD,The correct answer is A/B/C/D.,POST-HOC re-analysis (reviewer R2/E5); does not change any primary decision
small/OBQA/Text,obqa,R,Text,11-27,INVALID,A,INVALID->label,declaration_several_letters,answer_phrase_first_ABCD_char,/,answer|correct,True,True,ABCD,The correct answer is A/B/C/D.,POST-HOC re-analysis (reviewer R2/E5); does not change any primary decision
small/OBQA/Text,obqa,R,Text,10-614,INVALID,A,INVALID->label,declaration_several_letters,answer_phrase_first_ABCD_char,/,answer|correct,False,True,ABCD,The correct answer is A/B/C/D.,POST-HOC re-analysis (reviewer R2/E5); does not change any primary decision
small/OBQA/Text,obqa,reference,Text,10-614,INVALID,A,INVALID->label,declaration_several_letters,answer_phrase_first_ABCD_char,/,answer|correct,False,True,ABCD,The correct answer is A/B/C/D.,POST-HOC re-analysis (reviewer R2/E5); does not change any primary decision
small/OBQA/Text,obqa,reference,Text,7-662,INVALID,A,INVALID->label,declaration_several_letters,answer_phrase_first_ABCD_char,/,answer|correct,True,True,ABCD,The correct answer is A/B/C/D.,POST-HOC re-analysis (reviewer R2/E5); does not change any primary decision
small/OBQA/Text,obqa,R,Text,475,INVALID,A,INVALID->label,declaration_several_letters,answer_phrase_first_ABCD_char,/,answer|correct,False,True,ABCD,The correct answer is A/B/C/D.,POST-HOC re-analysis (reviewer R2/E5); does not change any primary decision
small/OBQA/Text,obqa,R,Text,10-727,INVALID,A,INVALID->label,declaration_several_letters,answer_phrase_first_ABCD_char,/,answer|correct,True,True,ABCD,The correct answer is A/B/C/D.,POST-HOC re-analysis (reviewer R2/E5); does not change any primary decision
small/OBQA/Text,obqa,R,Text,1365,INVALID,A,INVALID->label,declaration_several_letters,answer_phrase_first_ABCD_char,/,answer|correct,False,True,ABCD,The correct answer is A/B/C/D.,POST-HOC re-analysis (reviewer R2/E5); does not change any primary decision
small/OBQA/Text,obqa,reference,Text,1365,INVALID,A,INVALID->label,declaration_several_letters,answer_phrase_first_ABCD_char,/,answer|correct,False,True,ABCD,The correct answer is A/B/C/D.,POST-HOC re-analysis (reviewer R2/E5); does not change any primary decision
small/OBQA/Text,obqa,R,Text,96,INVALID,A,INVALID->label,declaration_several_letters,answer_phrase_first_ABCD_char,/,answer|correct,False,True,ABCD,The correct answer is A/B/C/D.,POST-HOC re-analysis (reviewer R2/E5); does not change any primary decision
small/OBQA/Text,obqa,R,Text,10-1054,INVALID,A,INVALID->label,declaration_several_letters,answer_phrase_first_ABCD_char,/,answer|correct,True,True,ABCD,The correct answer is A/B/C/D.,POST-HOC re-analysis (reviewer R2/E5); does not change any primary decision
small/OBQA/Text,obqa,R,Text,11-56,INVALID,A,INVALID->label,declaration_several_letters,answer_phrase_first_ABCD_char,/,answer|correct,False,True,ABCD,The correct answer is A/B/C/D.,POST-HOC re-analysis (reviewer R2/E5); does not change any primary decision
small/OBQA/Text,obqa,reference,Text,11-56,INVALID,A,INVALID->label,declaration_several_letters,answer_phrase_first_ABCD_char,/,answer|correct,False,True,ABCD,The correct answer is A/B/C/D.,POST-HOC re-analysis (reviewer R2/E5); does not change any primary decision
small/OBQA/Text,obqa,reference,Text,10-177,INVALID,A,INVALID->label,declaration_several_letters,answer_phrase_first_ABCD_char,/,answer|correct,True,True,ABCD,The correct answer is A/B/C/D.,POST-HOC re-analysis (reviewer R2/E5); does not change any primary decision
small/OBQA/Text,obqa,reference,Text,12-734,INVALID,A,INVALID->label,declaration_several_letters,answer_phrase_first_ABCD_char,/,answer|correct,True,True,ABCD,The correct answer is A/B/C/D.,POST-HOC re-analysis (reviewer R2/E5); does not change any primary decision
small/OBQA/Text,obqa,reference,Text,13-874,INVALID,A,INVALID->label,declaration_several_letters,answer_phrase_first_ABCD_char,/,answer|correct,True,True,ABCD,The correct answer is A/B/C/D.,POST-HOC re-analysis (reviewer R2/E5); does not change any primary decision
small/OBQA/Text,obqa,R,Text,8-297,INVALID,A,INVALID->label,declaration_several_letters,answer_phrase_first_ABCD_char,/,answer|correct,False,True,ABCD,The correct answer is A/B/C/D.,POST-HOC re-analysis (reviewer R2/E5); does not change any primary decision
small/OBQA/Text,obqa,R,Text,7-51,INVALID,A,INVALID->label,declaration_several_letters,answer_phrase_first_ABCD_char,/,answer|correct,False,True,ABCD,The correct answer is A/B/C/D.,POST-HOC re-analysis (reviewer R2/E5); does not change any primary decision
small/OBQA/Text,obqa,reference,Text,7-51,INVALID,A,INVALID->label,declaration_several_letters,answer_phrase_first_ABCD_char,/,answer|correct,False,True,ABCD,The correct answer is A/B/C/D.,POST-HOC re-analysis (reviewer R2/E5); does not change any primary decision
small/OBQA/Text,obqa,R,Text,10-206,INVALID,A,INVALID->label,declaration_several_letters,answer_phrase_first_ABCD_char,/,answer|correct,False,True,ABCD,The correct answer is A/B/C/D.,POST-HOC re-analysis (reviewer R2/E5); does not change any primary decision
small/OBQA/Text,obqa,reference,Text,11-211,INVALID,A,INVALID->label,declaration_several_letters,answer_phrase_first_ABCD_char,/,answer|correct,True,True,ABCD,The correct answer is A/B/C/D.,POST-HOC re-analysis (reviewer R2/E5); does not change any primary decision
small/OBQA/Text,obqa,reference,Text,8-480,INVALID,A,INVALID->label,declaration_several_letters,answer_phrase_first_ABCD_char,/,answer|correct,True,True,ABCD,The correct answer is A/B/C/D.,POST-HOC re-analysis (reviewer R2/E5); does not change any primary decision
small/OBQA/Text,obqa,reference,Text,1505,INVALID,A,INVALID->label,declaration_several_letters,answer_phrase_first_ABCD_char,/,answer|correct,True,True,ABCD,The correct answer is A/B/C/D.,POST-HOC re-analysis (reviewer R2/E5); does not change any primary decision
small/OBQA/Text,obqa,reference,Text,13-662,INVALID,A,INVALID->label,declaration_several_letters,answer_phrase_first_ABCD_char,/,answer|correct,True,True,ABCD,The correct answer is A/B/C/D.,POST-HOC re-analysis (reviewer R2/E5); does not change any primary decision
small/OBQA/Text,obqa,reference,Text,14-643,INVALID,A,INVALID->label,declaration_several_letters,answer_phrase_first_ABCD_char,/,answer|correct,True,True,ABCD,The correct answer is A/B/C/D.,POST-HOC re-analysis (reviewer R2/E5); does not change any primary decision
small/OBQA/Text,obqa,R,Text,14-674,INVALID,A,INVALID->label,declaration_several_letters,answer_phrase_first_ABCD_char,/,answer|correct,False,True,ABCD,The correct answer is A/B/C/D.,POST-HOC re-analysis (reviewer R2/E5); does not change any primary decision
small/OBQA/Text,obqa,reference,Text,13-380,INVALID,A,INVALID->label,declaration_several_letters,answer_phrase_first_ABCD_char,/,answer|correct,True,True,ABCD,The correct answer is A/B/C/D.,POST-HOC re-analysis (reviewer R2/E5); does not change any primary decision
small/OBQA/Text,obqa,R,Text,14-1436,INVALID,A,INVALID->label,declaration_several_letters,answer_phrase_first_ABCD_char,/,answer|correct,False,True,ABCD,The correct answer is A/B/C/D.,POST-HOC re-analysis (reviewer R2/E5); does not change any primary decision
small/OBQA/Text,obqa,reference,Text,14-1436,INVALID,A,INVALID->label,declaration_several_letters,answer_phrase_first_ABCD_char,/,answer|correct,False,True,ABCD,The correct answer is A/B/C/D.,POST-HOC re-analysis (reviewer R2/E5); does not change any primary decision
small/OBQA/Text,obqa,R,Text,7-190,INVALID,A,INVALID->label,declaration_several_letters,answer_phrase_first_ABCD_char,/,answer|correct,False,True,ABCD,The correct answer is A/B/C/D.,POST-HOC re-analysis (reviewer R2/E5); does not change any primary decision
small/OBQA/Text,obqa,reference,Text,7-190,INVALID,A,INVALID->label,declaration_several_letters,answer_phrase_first_ABCD_char,/,answer|correct,False,True,ABCD,The correct answer is A/B/C/D.,POST-HOC re-analysis (reviewer R2/E5); does not change any primary decision
small/OBQA/Text,obqa,reference,Text,11-509,INVALID,A,INVALID->label,declaration_several_letters,answer_phrase_first_ABCD_char,/,answer|correct,False,True,ABCD,The correct answer is A/B/C/D.,POST-HOC re-analysis (reviewer R2/E5); does not change any primary decision
small/OBQA/Text,obqa,R,Text,1427,INVALID,A,INVALID->label,declaration_several_letters,answer_phrase_first_ABCD_char,/,answer|correct,False,True,ABCD,The correct answer is A/B/C/D.,POST-HOC re-analysis (reviewer R2/E5); does not change any primary decision
small/OBQA/Text,obqa,reference,Text,1427,INVALID,A,INVALID->label,declaration_several_letters,answer_phrase_first_ABCD_char,/,answer|correct,False,True,ABCD,The correct answer is A/B/C/D.,POST-HOC re-analysis (reviewer R2/E5); does not change any primary decision
small/OBQA/Text,obqa,reference,Text,8-285,INVALID,A,INVALID->label,declaration_several_letters,answer_phrase_first_ABCD_char,/,answer|correct,True,True,ABCD,The correct answer is A/B/C/D.,POST-HOC re-analysis (reviewer R2/E5); does not change any primary decision
small/OBQA/Text,obqa,reference,Text,12-332,INVALID,A,INVALID->label,declaration_several_letters,answer_phrase_first_ABCD_char,/,answer|correct,True,True,ABCD,The correct answer is A/B/C/D.,POST-HOC re-analysis (reviewer R2/E5); does not change any primary decision
small/OBQA/Text,obqa,R,Text,9-494,INVALID,A,INVALID->label,declaration_several_letters,answer_phrase_first_ABCD_char,/,answer|correct,False,True,ABCD,The correct answer is A/B/C/D.,POST-HOC re-analysis (reviewer R2/E5); does not change any primary decision
small/OBQA/Text,obqa,R,Text,9-616,INVALID,A,INVALID->label,declaration_several_letters,answer_phrase_first_ABCD_char,/,answer|correct,False,True,ABCD,The correct answer is A/B/C/D.,POST-HOC re-analysis (reviewer R2/E5); does not change any primary decision
small/OBQA/Text,obqa,reference,Text,13-529,INVALID,A,INVALID->label,declaration_several_letters,answer_phrase_first_ABCD_char,/,answer|correct,True,True,ABCD,The correct answer is A/B/C/D.,POST-HOC re-analysis (reviewer R2/E5); does not change any primary decision
small/OBQA/Text,obqa,reference,Text,12-472,INVALID,A,INVALID->label,declaration_several_letters,answer_phrase_first_ABCD_char,/,answer|correct,True,True,ABCD,The correct answer is A/B/C/D.,POST-HOC re-analysis (reviewer R2/E5); does not change any primary decision
small/OBQA/Text,obqa,R,Text,14-980,INVALID,A,INVALID->label,declaration_several_letters,answer_phrase_first_ABCD_char,/,answer|correct,False,True,ABCD,The correct answer is A/B/C/D.,POST-HOC re-analysis (reviewer R2/E5); does not change any primary decision
small/OBQA/Text,obqa,reference,Text,12-182,INVALID,A,INVALID->label,declaration_several_letters,answer_phrase_first_ABCD_char,/,answer|correct,True,True,ABCD,The correct answer is A/B/C/D.,POST-HOC re-analysis (reviewer R2/E5); does not change any primary decision
small/OBQA/Text,obqa,R,Text,11-477,INVALID,A,INVALID->label,declaration_several_letters,answer_phrase_first_ABCD_char,/,answer|correct,False,True,ABCD,The correct answer is A/B/C/D.,POST-HOC re-analysis (reviewer R2/E5); does not change any primary decision
small/OBQA/Text,obqa,reference,Text,10-1208,INVALID,A,INVALID->label,declaration_several_letters,answer_phrase_first_ABCD_char,/,answer|correct,True,True,ABCD,The correct answer is A/B/C/D.,POST-HOC re-analysis (reviewer R2/E5); does not change any primary decision
small/OBQA/Text,obqa,reference,Text,11-325,INVALID,A,INVALID->label,declaration_several_letters,answer_phrase_first_ABCD_char,/,answer|correct,True,True,ABCD,The correct answer is A/B/C/D.,POST-HOC re-analysis (reviewer R2/E5); does not change any primary decision
small/OBQA/Text,obqa,reference,Text,7-274,INVALID,A,INVALID->label,declaration_several_letters,answer_phrase_first_ABCD_char,/,answer|correct,True,True,ABCD,The correct answer is A/B/C/D.,POST-HOC re-analysis (reviewer R2/E5); does not change any primary decision
small/OBQA/Text,obqa,R,Text,13-391,INVALID,A,INVALID->label,declaration_several_letters,answer_phrase_first_ABCD_char,/,answer|correct,False,True,ABCD,The correct answer is A/B/C/D.,POST-HOC re-analysis (reviewer R2/E5); does not change any primary decision
small/OBQA/Text,obqa,reference,Text,11-78,INVALID,A,INVALID->label,declaration_several_letters,answer_phrase_first_ABCD_char,/,answer|correct,True,True,ABCD,The correct answer is A/B/C/D.,POST-HOC re-analysis (reviewer R2/E5); does not change any primary decision
small/OBQA/Text,obqa,reference,Text,11-440,INVALID,A,INVALID->label,declaration_several_letters,answer_phrase_first_ABCD_char,/,answer|correct,True,True,ABCD,The correct answer is A/B/C/D.,POST-HOC re-analysis (reviewer R2/E5); does not change any primary decision
small/OBQA/Text,obqa,R,Text,10-622,INVALID,A,INVALID->label,declaration_several_letters,answer_phrase_first_ABCD_char,/,answer|correct,True,True,ABCD,The correct answer is A/B/C/D.,POST-HOC re-analysis (reviewer R2/E5); does not change any primary decision
small/OBQA/Text,obqa,reference,Text,13-604,INVALID,A,INVALID->label,declaration_several_letters,answer_phrase_first_ABCD_char,/,answer|correct,True,True,ABCD,The correct answer is A/B/C/D.,POST-HOC re-analysis (reviewer R2/E5); does not change any primary decision
small/OBQA/Text,obqa,reference,Text,10-895,INVALID,A,INVALID->label,declaration_several_letters,answer_phrase_first_ABCD_char,/,answer|correct,True,True,ABCD,The correct answer is A/B/C/D.,POST-HOC re-analysis (reviewer R2/E5); does not change any primary decision
small/OBQA/Text,obqa,R,Text,9-232,INVALID,A,INVALID->label,declaration_several_letters,answer_phrase_first_ABCD_char,/,answer|correct,False,True,ABCD,The correct answer is A/B/C/D.,POST-HOC re-analysis (reviewer R2/E5); does not change any primary decision
small/OBQA/Text,obqa,R,Text,11-109,INVALID,A,INVALID->label,declaration_several_letters,answer_phrase_first_ABCD_char,/,answer|correct,True,True,ABCD,The correct answer is A/B/C/D.,POST-HOC re-analysis (reviewer R2/E5); does not change any primary decision
small/OBQA/Text,obqa,R,Text,12-1141,INVALID,A,INVALID->label,declaration_several_letters,answer_phrase_first_ABCD_char,/,answer|correct,False,True,ABCD,The correct answer is A/B/C/D.,POST-HOC re-analysis (reviewer R2/E5); does not change any primary decision
small/OBQA/Text,obqa,reference,Text,12-1141,INVALID,A,INVALID->label,declaration_several_letters,answer_phrase_first_ABCD_char,/,answer|correct,False,True,ABCD,The correct answer is A/B/C/D.,POST-HOC re-analysis (reviewer R2/E5); does not change any primary decision
small/OBQA/Text,obqa,R,Text,14-93,INVALID,A,INVALID->label,declaration_several_letters,answer_phrase_first_ABCD_char,/,answer|correct,True,True,ABCD,The correct answer is A/B/C/D.,POST-HOC re-analysis (reviewer R2/E5); does not change any primary decision
small/OBQA/Text,obqa,reference,Text,10-667,INVALID,A,INVALID->label,declaration_several_letters,answer_phrase_first_ABCD_char,/,answer|correct,True,True,ABCD,The correct answer is A/B/C/D.,POST-HOC re-analysis (reviewer R2/E5); does not change any primary decision
small/OBQA/Text,obqa,R,Text,12-548,INVALID,A,INVALID->label,declaration_several_letters,answer_phrase_first_ABCD_char,/,answer|correct,False,True,ABCD,The correct answer is A/B/C/D.,POST-HOC re-analysis (reviewer R2/E5); does not change any primary decision
small/OBQA/Text,obqa,reference,Text,11-144,INVALID,A,INVALID->label,declaration_several_letters,answer_phrase_first_ABCD_char,/,answer|correct,True,True,ABCD,The correct answer is A/B/C/D.,POST-HOC re-analysis (reviewer R2/E5); does not change any primary decision
small/OBQA/C2C,obqa,R,C2C,1962,INVALID,A,INVALID->label,declaration_several_letters,answer_phrase_first_ABCD_char,/,answer|correct,False,True,ABCD,The correct answer is A/B/C/D.,POST-HOC re-analysis (reviewer R2/E5); does not change any primary decision
small/OBQA/C2C,obqa,R,C2C,1494,INVALID,A,INVALID->label,declaration_several_letters,answer_phrase_first_ABCD_char,/,answer|correct,False,True,ABCD,The correct answer is A/B/C/D.,POST-HOC re-analysis (reviewer R2/E5); does not change any primary decision
small/OBQA/C2C,obqa,R,C2C,12-937,INVALID,A,INVALID->label,declaration_several_letters,answer_phrase_first_ABCD_char,/,answer|correct,True,True,ABCD,The correct answer is A/B/C/D.,POST-HOC re-analysis (reviewer R2/E5); does not change any primary decision
small/OBQA/C2C,obqa,R,C2C,14-798,INVALID,A,INVALID->label,declaration_several_letters,answer_phrase_first_ABCD_char,/,answer|correct,False,True,ABCD,The correct answer is A/B/C/D.,POST-HOC re-analysis (reviewer R2/E5); does not change any primary decision
small/OBQA/C2C,obqa,R,C2C,12-142,INVALID,A,INVALID->label,declaration_several_letters,answer_phrase_first_ABCD_char,/,answer|correct,False,True,ABCD,The correct answer is A/B/C/D.,POST-HOC re-analysis (reviewer R2/E5); does not change any primary decision
small/OBQA/C2C,obqa,R,C2C,1442,INVALID,A,INVALID->label,declaration_several_letters,answer_phrase_first_ABCD_char,/,answer|correct,False,True,ABCD,The correct answer is A/B/C/D.,POST-HOC re-analysis (reviewer R2/E5); does not change any primary decision
small/OBQA/C2C,obqa,R,C2C,1766,INVALID,A,INVALID->label,declaration_several_letters,answer_phrase_first_ABCD_char,/,answer|correct,False,True,ABCD,The correct answer is A/B/C/D.,POST-HOC re-analysis (reviewer R2/E5); does not change any primary decision
small/OBQA/C2C,obqa,R,C2C,10-357,INVALID,A,INVALID->label,declaration_several_letters,answer_phrase_first_ABCD_char,/,answer|correct,False,True,ABCD,The correct answer is A/B/C/D.,POST-HOC re-analysis (reviewer R2/E5); does not change any primary decision
small/OBQA/C2C,obqa,R,C2C,11-67,INVALID,A,INVALID->label,declaration_several_letters,answer_phrase_first_ABCD_char,/,answer|correct,False,True,ABCD,The correct answer is A/B/C/D.,POST-HOC re-analysis (reviewer R2/E5); does not change any primary decision
small/OBQA/C2C,obqa,R,C2C,14-638,INVALID,A,INVALID->label,declaration_several_letters,answer_phrase_first_ABCD_char,/,answer|correct,False,True,ABCD,The correct answer is A/B/C/D.,POST-HOC re-analysis (reviewer R2/E5); does not change any primary decision
small/OBQA/C2C,obqa,R,C2C,13-991,INVALID,A,INVALID->label,declaration_several_letters,answer_phrase_first_ABCD_char,/,answer|correct,False,True,ABCD,The correct answer is A/B/C/D.,POST-HOC re-analysis (reviewer R2/E5); does not change any primary decision
small/OBQA/C2C,obqa,reference,C2C,10-861,D,INVALID,label->INVALID,leading_label_then_option_text,blocked_by_math_substring,tan,,True,True,ABCD,D. disguise itself as just some junk on the bottom of the tank,POST-HOC re-analysis (reviewer R2/E5); does not change any primary decision
small/OBQA/C2C,obqa,R,C2C,11-332,INVALID,A,INVALID->label,declaration_several_letters,answer_phrase_first_ABCD_char,/,answer|correct,True,True,ABCD,The correct answer is A/B/C/D.,POST-HOC re-analysis (reviewer R2/E5); does not change any primary decision
small/OBQA/C2C,obqa,R,C2C,8-219,INVALID,A,INVALID->label,declaration_several_letters,answer_phrase_first_ABCD_char,/,answer|correct,False,True,ABCD,The correct answer is A/B/C/D.,POST-HOC re-analysis (reviewer R2/E5); does not change any primary decision
small/OBQA/C2C,obqa,R,C2C,10-1061,INVALID,A,INVALID->label,declaration_several_letters,answer_phrase_first_ABCD_char,/,answer|correct,False,True,ABCD,The correct answer is A/B/C/D.,POST-HOC re-analysis (reviewer R2/E5); does not change any primary decision
small/OBQA/C2C,obqa,R,C2C,13-904,INVALID,A,INVALID->label,declaration_several_letters,answer_phrase_first_ABCD_char,/,answer|correct,False,True,ABCD,The correct answer is A/B/C/D.,POST-HOC re-analysis (reviewer R2/E5); does not change any primary decision
small/OBQA/C2C,obqa,R,C2C,11-490,INVALID,A,INVALID->label,declaration_several_letters,answer_phrase_first_ABCD_char,/,answer|correct,True,True,ABCD,The correct answer is A/B/C/D.,POST-HOC re-analysis (reviewer R2/E5); does not change any primary decision
small/OBQA/C2C,obqa,R,C2C,1826,INVALID,A,INVALID->label,declaration_several_letters,answer_phrase_first_ABCD_char,/,answer|correct,True,True,ABCD,The correct answer is A/B/C/D.,POST-HOC re-analysis (reviewer R2/E5); does not change any primary decision
small/OBQA/C2C,obqa,R,C2C,10-308,INVALID,A,INVALID->label,declaration_several_letters,answer_phrase_first_ABCD_char,/,answer|correct,False,True,ABCD,The correct answer is A/B/C/D.,POST-HOC re-analysis (reviewer R2/E5); does not change any primary decision
small/OBQA/C2C,obqa,R,C2C,7-525,INVALID,A,INVALID->label,declaration_several_letters,answer_phrase_first_ABCD_char,/,answer|correct,True,True,ABCD,The correct answer is A/B/C/D.,POST-HOC re-analysis (reviewer R2/E5); does not change any primary decision
small/OBQA/C2C,obqa,R,C2C,8-172,INVALID,A,INVALID->label,declaration_several_letters,answer_phrase_first_ABCD_char,/,answer|correct,False,True,ABCD,The correct answer is A/B/C/D.,POST-HOC re-analysis (reviewer R2/E5); does not change any primary decision
small/OBQA/C2C,obqa,R,C2C,13-166,INVALID,A,INVALID->label,declaration_several_letters,answer_phrase_first_ABCD_char,/,answer|correct,False,True,ABCD,The correct answer is A/B/C/D.,POST-HOC re-analysis (reviewer R2/E5); does not change any primary decision
small/OBQA/C2C,obqa,R,C2C,1721,INVALID,A,INVALID->label,declaration_several_letters,answer_phrase_first_ABCD_char,/,answer|correct,False,True,ABCD,The correct answer is A/B/C/D.,POST-HOC re-analysis (reviewer R2/E5); does not change any primary decision
small/OBQA/C2C,obqa,R,C2C,1944,INVALID,A,INVALID->label,declaration_several_letters,answer_phrase_first_ABCD_char,/,answer|correct,False,True,ABCD,The correct answer is A/B/C/D.,POST-HOC re-analysis (reviewer R2/E5); does not change any primary decision
small/OBQA/C2C,obqa,R,C2C,14-396,INVALID,A,INVALID->label,declaration_several_letters,answer_phrase_first_ABCD_char,/,answer|correct,False,True,ABCD,The correct answer is A/B/C/D.,POST-HOC re-analysis (reviewer R2/E5); does not change any primary decision
small/OBQA/C2C,obqa,R,C2C,10-855,INVALID,A,INVALID->label,declaration_several_letters,answer_phrase_first_ABCD_char,/,answer|correct,False,True,ABCD,The correct answer is A/B/C/D.,POST-HOC re-analysis (reviewer R2/E5); does not change any primary decision
small/OBQA/C2C,obqa,R,C2C,370,INVALID,A,INVALID->label,declaration_several_letters,answer_phrase_first_ABCD_char,/,answer|correct,False,True,ABCD,The correct answer is A/B/C/D.,POST-HOC re-analysis (reviewer R2/E5); does not change any primary decision
small/OBQA/C2C,obqa,R,C2C,14-1416,INVALID,A,INVALID->label,declaration_several_letters,answer_phrase_first_ABCD_char,/,answer|correct,False,True,ABCD,The correct answer is A/B/C/D.,POST-HOC re-analysis (reviewer R2/E5); does not change any primary decision
small/OBQA/C2C,obqa,R,C2C,8-439,INVALID,A,INVALID->label,declaration_several_letters,answer_phrase_first_ABCD_char,/,answer|correct,False,True,ABCD,The correct answer is A/B/C/D.,POST-HOC re-analysis (reviewer R2/E5); does not change any primary decision
small/OBQA/C2C,obqa,R,C2C,13-666,INVALID,A,INVALID->label,declaration_several_letters,answer_phrase_first_ABCD_char,/,answer|correct,True,True,ABCD,The correct answer is A/B/C/D.,POST-HOC re-analysis (reviewer R2/E5); does not change any primary decision
small/OBQA/C2C,obqa,R,C2C,712,INVALID,A,INVALID->label,declaration_several_letters,answer_phrase_first_ABCD_char,/,answer|correct,False,True,ABCD,The correct answer is A/B/C/D.,POST-HOC re-analysis (reviewer R2/E5); does not change any primary decision
small/OBQA/C2C,obqa,R,C2C,7-975,INVALID,A,INVALID->label,declaration_several_letters,answer_phrase_first_ABCD_char,/,answer|correct,False,True,ABCD,The correct answer is A/B/C/D.,POST-HOC re-analysis (reviewer R2/E5); does not change any primary decision
small/OBQA/C2C,obqa,R,C2C,12-1137,INVALID,A,INVALID->label,declaration_several_letters,answer_phrase_first_ABCD_char,/,answer|correct,False,True,ABCD,The correct answer is A/B/C/D.,POST-HOC re-analysis (reviewer R2/E5); does not change any primary decision
small/OBQA/C2C,obqa,R,C2C,12-957,INVALID,A,INVALID->label,declaration_several_letters,answer_phrase_first_ABCD_char,/,answer|correct,False,True,ABCD,The correct answer is A/B/C/D.,POST-HOC re-analysis (reviewer R2/E5); does not change any primary decision
small/OBQA/C2C,obqa,R,C2C,11-219,INVALID,A,INVALID->label,declaration_several_letters,answer_phrase_first_ABCD_char,/,answer|correct,False,True,ABCD,The correct answer is A/B/C/D.,POST-HOC re-analysis (reviewer R2/E5); does not change any primary decision
small/OBQA/C2C,obqa,R,C2C,13-901,INVALID,A,INVALID->label,declaration_several_letters,answer_phrase_first_ABCD_char,/,answer|correct,False,True,ABCD,The correct answer is A/B/C/D.,POST-HOC re-analysis (reviewer R2/E5); does not change any primary decision
small/OBQA/C2C,obqa,R,C2C,11-27,INVALID,A,INVALID->label,declaration_several_letters,answer_phrase_first_ABCD_char,/,answer|correct,False,True,ABCD,The correct answer is A/B/C/D.,POST-HOC re-analysis (reviewer R2/E5); does not change any primary decision
small/OBQA/C2C,obqa,R,C2C,10-614,INVALID,A,INVALID->label,declaration_several_letters,answer_phrase_first_ABCD_char,/,answer|correct,True,True,ABCD,The correct answer is A/B/C/D.,POST-HOC re-analysis (reviewer R2/E5); does not change any primary decision
small/OBQA/C2C,obqa,R,C2C,475,INVALID,A,INVALID->label,declaration_several_letters,answer_phrase_first_ABCD_char,/,answer|correct,False,True,ABCD,The correct answer is A/B/C/D.,POST-HOC re-analysis (reviewer R2/E5); does not change any primary decision
small/OBQA/C2C,obqa,R,C2C,10-727,INVALID,A,INVALID->label,declaration_several_letters,answer_phrase_first_ABCD_char,/,answer|correct,False,True,ABCD,The correct answer is A/B/C/D.,POST-HOC re-analysis (reviewer R2/E5); does not change any primary decision
small/OBQA/C2C,obqa,R,C2C,1365,INVALID,A,INVALID->label,declaration_several_letters,answer_phrase_first_ABCD_char,/,answer|correct,True,True,ABCD,The correct answer is A/B/C/D.,POST-HOC re-analysis (reviewer R2/E5); does not change any primary decision
small/OBQA/C2C,obqa,R,C2C,96,INVALID,A,INVALID->label,declaration_several_letters,answer_phrase_first_ABCD_char,/,answer|correct,False,True,ABCD,The correct answer is A/B/C/D.,POST-HOC re-analysis (reviewer R2/E5); does not change any primary decision
small/OBQA/C2C,obqa,R,C2C,10-1054,INVALID,A,INVALID->label,declaration_several_letters,answer_phrase_first_ABCD_char,/,answer|correct,True,True,ABCD,The correct answer is A/B/C/D.,POST-HOC re-analysis (reviewer R2/E5); does not change any primary decision
small/OBQA/C2C,obqa,R,C2C,11-56,INVALID,A,INVALID->label,declaration_several_letters,answer_phrase_first_ABCD_char,/,answer|correct,True,True,ABCD,The correct answer is A/B/C/D.,POST-HOC re-analysis (reviewer R2/E5); does not change any primary decision
small/OBQA/C2C,obqa,R,C2C,8-297,INVALID,A,INVALID->label,declaration_several_letters,answer_phrase_first_ABCD_char,/,answer|correct,False,True,ABCD,The correct answer is A/B/C/D.,POST-HOC re-analysis (reviewer R2/E5); does not change any primary decision
small/OBQA/C2C,obqa,R,C2C,7-51,INVALID,A,INVALID->label,declaration_several_letters,answer_phrase_first_ABCD_char,/,answer|correct,False,True,ABCD,The correct answer is A/B/C/D.,POST-HOC re-analysis (reviewer R2/E5); does not change any primary decision
small/OBQA/C2C,obqa,R,C2C,10-206,INVALID,A,INVALID->label,declaration_several_letters,answer_phrase_first_ABCD_char,/,answer|correct,False,True,ABCD,The correct answer is A/B/C/D.,POST-HOC re-analysis (reviewer R2/E5); does not change any primary decision
small/OBQA/C2C,obqa,R,C2C,14-674,INVALID,A,INVALID->label,declaration_several_letters,answer_phrase_first_ABCD_char,/,answer|correct,False,True,ABCD,The correct answer is A/B/C/D.,POST-HOC re-analysis (reviewer R2/E5); does not change any primary decision
small/OBQA/C2C,obqa,R,C2C,14-1436,INVALID,A,INVALID->label,declaration_several_letters,answer_phrase_first_ABCD_char,/,answer|correct,False,True,ABCD,The correct answer is A/B/C/D.,POST-HOC re-analysis (reviewer R2/E5); does not change any primary decision
small/OBQA/C2C,obqa,R,C2C,7-190,INVALID,A,INVALID->label,declaration_several_letters,answer_phrase_first_ABCD_char,/,answer|correct,False,True,ABCD,The correct answer is A/B/C/D.,POST-HOC re-analysis (reviewer R2/E5); does not change any primary decision
small/OBQA/C2C,obqa,R,C2C,1427,INVALID,A,INVALID->label,declaration_several_letters,answer_phrase_first_ABCD_char,/,answer|correct,False,True,ABCD,The correct answer is A/B/C/D.,POST-HOC re-analysis (reviewer R2/E5); does not change any primary decision
small/OBQA/C2C,obqa,R,C2C,9-494,INVALID,A,INVALID->label,declaration_several_letters,answer_phrase_first_ABCD_char,/,answer|correct,False,True,ABCD,The correct answer is A/B/C/D.,POST-HOC re-analysis (reviewer R2/E5); does not change any primary decision
small/OBQA/C2C,obqa,R,C2C,9-616,INVALID,A,INVALID->label,declaration_several_letters,answer_phrase_first_ABCD_char,/,answer|correct,False,True,ABCD,The correct answer is A/B/C/D.,POST-HOC re-analysis (reviewer R2/E5); does not change any primary decision
small/OBQA/C2C,obqa,R,C2C,14-980,INVALID,A,INVALID->label,declaration_several_letters,answer_phrase_first_ABCD_char,/,answer|correct,False,True,ABCD,The correct answer is A/B/C/D.,POST-HOC re-analysis (reviewer R2/E5); does not change any primary decision
small/OBQA/C2C,obqa,R,C2C,11-477,INVALID,A,INVALID->label,declaration_several_letters,answer_phrase_first_ABCD_char,/,answer|correct,False,True,ABCD,The correct answer is A/B/C/D.,POST-HOC re-analysis (reviewer R2/E5); does not change any primary decision
small/OBQA/C2C,obqa,R,C2C,13-391,INVALID,A,INVALID->label,declaration_several_letters,answer_phrase_first_ABCD_char,/,answer|correct,True,True,ABCD,The correct answer is A/B/C/D.,POST-HOC re-analysis (reviewer R2/E5); does not change any primary decision
small/OBQA/C2C,obqa,R,C2C,10-622,INVALID,A,INVALID->label,declaration_several_letters,answer_phrase_first_ABCD_char,/,answer|correct,False,True,ABCD,The correct answer is A/B/C/D.,POST-HOC re-analysis (reviewer R2/E5); does not change any primary decision
small/OBQA/C2C,obqa,reference,C2C,14-1061,D,INVALID,label->INVALID,leading_label_then_option_text,blocked_by_math_substring,-,,True,True,ABCD,D. Non-Contact Force,POST-HOC re-analysis (reviewer R2/E5); does not change any primary decision
small/OBQA/C2C,obqa,R,C2C,9-232,INVALID,A,INVALID->label,declaration_several_letters,answer_phrase_first_ABCD_char,/,answer|correct,False,True,ABCD,The correct answer is A/B/C/D.,POST-HOC re-analysis (reviewer R2/E5); does not change any primary decision
small/OBQA/C2C,obqa,R,C2C,11-109,INVALID,A,INVALID->label,declaration_several_letters,answer_phrase_first_ABCD_char,/,answer|correct,True,True,ABCD,The correct answer is A/B/C/D.,POST-HOC re-analysis (reviewer R2/E5); does not change any primary decision
small/OBQA/C2C,obqa,R,C2C,12-1141,INVALID,A,INVALID->label,declaration_several_letters,answer_phrase_first_ABCD_char,/,answer|correct,True,True,ABCD,The correct answer is A/B/C/D.,POST-HOC re-analysis (reviewer R2/E5); does not change any primary decision
small/OBQA/C2C,obqa,R,C2C,14-93,INVALID,A,INVALID->label,declaration_several_letters,answer_phrase_first_ABCD_char,/,answer|correct,False,True,ABCD,The correct answer is A/B/C/D.,POST-HOC re-analysis (reviewer R2/E5); does not change any primary decision
small/OBQA/C2C,obqa,R,C2C,12-548,INVALID,A,INVALID->label,declaration_several_letters,answer_phrase_first_ABCD_char,/,answer|correct,False,True,ABCD,The correct answer is A/B/C/D.,POST-HOC re-analysis (reviewer R2/E5); does not change any primary decision
small/ARC/Text,arc,reference,Text,Mercury_SC_400698,INVALID,A,INVALID->label,declaration_several_letters,answer_phrase_first_ABCD_char,/,answer|correct,True,True,ABCD,The correct answer is A/B/C/D.,POST-HOC re-analysis (reviewer R2/E5); does not change any primary decision
small/ARC/Text,arc,R,Text,Mercury_7092260,INVALID,A,INVALID->label,declaration_several_letters,answer_phrase_first_ABCD_char,/,answer|correct,False,True,ABCD,The correct answer is A/B/C/D.,POST-HOC re-analysis (reviewer R2/E5); does not change any primary decision
small/ARC/Text,arc,R,Text,NYSEDREGENTS_2004_8_31,INVALID,A,INVALID->label,declaration_several_letters,answer_phrase_first_ABCD_char,/,answer|correct,False,True,ABCD,The correct answer is A/B/C/D.,POST-HOC re-analysis (reviewer R2/E5); does not change any primary decision
small/ARC/Text,arc,reference,Text,TIMSS_2011_8_pg136,INVALID,A,INVALID->label,declaration_several_letters,answer_phrase_first_ABCD_char,/,answer|correct,True,True,ABCD,The correct answer is A/B/C/D.,POST-HOC re-analysis (reviewer R2/E5); does not change any primary decision
small/ARC/Text,arc,reference,Text,LEAP__5_10318,INVALID,A,INVALID->label,declaration_several_letters,answer_phrase_first_ABCD_char,/,answer|correct,True,True,ABCD,The correct answer is A/B/C/D.,POST-HOC re-analysis (reviewer R2/E5); does not change any primary decision
small/ARC/Text,arc,R,Text,Mercury_7270305,INVALID,A,INVALID->label,declaration_several_letters,answer_phrase_first_ABCD_char,/,answer|correct,True,True,ABCD,The correct answer is A/B/C/D.,POST-HOC re-analysis (reviewer R2/E5); does not change any primary decision
small/ARC/Text,arc,reference,Text,Mercury_SC_LBS10951,INVALID,A,INVALID->label,declaration_several_letters,answer_phrase_first_ABCD_char,/,answer|correct,True,True,ABCD,The correct answer is A/B/C/D.,POST-HOC re-analysis (reviewer R2/E5); does not change any primary decision
small/ARC/Text,arc,reference,Text,Mercury_416635,INVALID,A,INVALID->label,declaration_several_letters,answer_phrase_first_ABCD_char,/,answer|correct,True,True,ABCD,The correct answer is A/B/C/D.,POST-HOC re-analysis (reviewer R2/E5); does not change any primary decision
small/ARC/Text,arc,R,Text,Mercury_7283955,INVALID,A,INVALID->label,declaration_several_letters,answer_phrase_first_ABCD_char,/,answer|correct,False,True,ABCD,The correct answer is A/B/C/D.,POST-HOC re-analysis (reviewer R2/E5); does not change any primary decision
small/ARC/Text,arc,reference,Text,Mercury_7283955,INVALID,A,INVALID->label,declaration_several_letters,answer_phrase_first_ABCD_char,/,answer|correct,False,True,ABCD,The correct answer is A/B/C/D.,POST-HOC re-analysis (reviewer R2/E5); does not change any primary decision
small/ARC/Text,arc,R,Text,CSZ_2004_5_CSZ10003,INVALID,A,INVALID->label,declaration_several_letters,answer_phrase_first_ABCD_char,/,answer|correct,True,True,ABCD,The correct answer is A/B/C/D.,POST-HOC re-analysis (reviewer R2/E5); does not change any primary decision
small/ARC/Text,arc,reference,Text,CSZ_2004_5_CSZ10003,INVALID,B,INVALID->label,declaration_several_letters,answer_phrase_first_ABCD_char,/,answer|correct,True,True,ABCD,The correct answer is B/C.,POST-HOC re-analysis (reviewer R2/E5); does not change any primary decision
small/ARC/Text,arc,R,Text,Mercury_7165060,INVALID,A,INVALID->label,declaration_several_letters,answer_phrase_first_ABCD_char,/,answer|correct,False,True,ABCD,The correct answer is A/B/C/D.,POST-HOC re-analysis (reviewer R2/E5); does not change any primary decision
small/ARC/Text,arc,reference,Text,Mercury_7165060,INVALID,A,INVALID->label,declaration_several_letters,answer_phrase_first_ABCD_char,/,answer|correct,False,True,ABCD,The correct answer is A/B/D.,POST-HOC re-analysis (reviewer R2/E5); does not change any primary decision
small/ARC/Text,arc,reference,Text,MCAS_1998_4_3,INVALID,A,INVALID->label,declaration_several_letters,answer_phrase_first_ABCD_char,/,answer|correct,True,True,ABCD,The correct answer is A/B/C/D.,POST-HOC re-analysis (reviewer R2/E5); does not change any primary decision
small/ARC/Text,arc,R,Text,Mercury_401790,INVALID,A,INVALID->label,declaration_several_letters,answer_phrase_first_ABCD_char,/,answer|correct,False,True,ABCD,The correct answer is A/B/C/D.,POST-HOC re-analysis (reviewer R2/E5); does not change any primary decision
small/ARC/Text,arc,reference,Text,Mercury_401790,INVALID,A,INVALID->label,declaration_several_letters,answer_phrase_first_ABCD_char,/,answer|correct,False,True,ABCD,The correct answer is A/B/C/D.,POST-HOC re-analysis (reviewer R2/E5); does not change any primary decision
small/ARC/Text,arc,reference,Text,Mercury_7009590,INVALID,A,INVALID->label,declaration_several_letters,answer_phrase_first_ABCD_char,/,answer|correct,True,True,ABCD,The correct answer is A/B/C/D.,POST-HOC re-analysis (reviewer R2/E5); does not change any primary decision
small/ARC/Text,arc,reference,Text,Mercury_7263393,INVALID,A,INVALID->label,declaration_several_letters,answer_phrase_first_ABCD_char,/,answer|correct,True,True,ABCD,The correct answer is A/B/C/D.,POST-HOC re-analysis (reviewer R2/E5); does not change any primary decision
small/ARC/Text,arc,reference,Text,Mercury_408090,INVALID,A,INVALID->label,declaration_several_letters,answer_phrase_first_ABCD_char,/,answer|correct,True,True,ABCD,The correct answer is A/B/C/D.,POST-HOC re-analysis (reviewer R2/E5); does not change any primary decision
small/ARC/Text,arc,reference,Text,MDSA_2009_5_17,INVALID,A,INVALID->label,declaration_several_letters,answer_phrase_first_ABCD_char,/,answer|correct,True,True,ABCD,The correct answer is A/B/C/D.,POST-HOC re-analysis (reviewer R2/E5); does not change any primary decision
small/ARC/Text,arc,R,Text,AIMS_2009_4_11,INVALID,A,INVALID->label,declaration_several_letters,answer_phrase_first_ABCD_char,/,answer|correct,False,True,ABCD,The correct answer is A/B/C/D.,POST-HOC re-analysis (reviewer R2/E5); does not change any primary decision
small/ARC/Text,arc,reference,Text,AIMS_2009_4_11,INVALID,A,INVALID->label,declaration_several_letters,answer_phrase_first_ABCD_char,/,answer|correct,False,True,ABCD,The correct answer is A/B/C/D.,POST-HOC re-analysis (reviewer R2/E5); does not change any primary decision
small/ARC/Text,arc,reference,Text,ACTAAP_2010_7_1,INVALID,A,INVALID->label,declaration_several_letters,answer_phrase_first_ABCD_char,/,answer|correct,True,True,ABCD,The correct answer is A/B/C/D.,POST-HOC re-analysis (reviewer R2/E5); does not change any primary decision
small/ARC/Text,arc,reference,Text,MCAS_2003_5_21,INVALID,A,INVALID->label,declaration_several_letters,answer_phrase_first_ABCD_char,/,answer|correct,True,True,ABCD,The correct answer is A/B/C/D.,POST-HOC re-analysis (reviewer R2/E5); does not change any primary decision
small/ARC/Text,arc,R,Text,Mercury_417136,INVALID,A,INVALID->label,declaration_several_letters,answer_phrase_first_ABCD_char,/,answer|correct,False,True,ABCD,The correct answer is A/B/C/D.,POST-HOC re-analysis (reviewer R2/E5); does not change any primary decision
small/ARC/Text,arc,R,Text,Mercury_7193113,INVALID,A,INVALID->label,declaration_several_letters,answer_phrase_first_ABCD_char,/,answer|correct,False,True,ABCD,The correct answer is A/B/C/D.,POST-HOC re-analysis (reviewer R2/E5); does not change any primary decision
small/ARC/Text,arc,reference,Text,Mercury_7193113,INVALID,A,INVALID->label,declaration_several_letters,answer_phrase_first_ABCD_char,/,answer|correct,False,True,ABCD,The correct answer is A/B/C/D.,POST-HOC re-analysis (reviewer R2/E5); does not change any primary decision
small/ARC/Text,arc,R,Text,Mercury_7024185,INVALID,A,INVALID->label,declaration_several_letters,answer_phrase_first_ABCD_char,/,answer|correct,False,True,ABCD,The correct answer is A/B/C/D.,POST-HOC re-analysis (reviewer R2/E5); does not change any primary decision
small/ARC/Text,arc,R,Text,Mercury_404903,INVALID,A,INVALID->label,declaration_several_letters,answer_phrase_first_ABCD_char,/,answer|correct,False,True,ABCD,The correct answer is A/B/C/D.,POST-HOC re-analysis (reviewer R2/E5); does not change any primary decision
small/ARC/Text,arc,R,Text,Mercury_SC_407397,INVALID,A,INVALID->label,declaration_several_letters,answer_phrase_first_ABCD_char,/,answer|correct,False,True,ABCD,The correct answer is A/B/C/D.,POST-HOC re-analysis (reviewer R2/E5); does not change any primary decision
small/ARC/Text,arc,reference,Text,Mercury_SC_407397,INVALID,A,INVALID->label,declaration_several_letters,answer_phrase_first_ABCD_char,/,answer|correct,False,True,ABCD,The correct answer is A/B/D.,POST-HOC re-analysis (reviewer R2/E5); does not change any primary decision
small/ARC/Text,arc,R,Text,MDSA_2007_5_9,INVALID,A,INVALID->label,declaration_several_letters,answer_phrase_first_ABCD_char,/,answer|correct,False,True,ABCD,The correct answer is A/B/C/D.,POST-HOC re-analysis (reviewer R2/E5); does not change any primary decision
small/ARC/Text,arc,R,Text,Mercury_7038570,INVALID,A,INVALID->label,declaration_several_letters,answer_phrase_first_ABCD_char,/,answer|correct,False,True,ABCD,The correct answer is A/B/C/D.,POST-HOC re-analysis (reviewer R2/E5); does not change any primary decision
small/ARC/Text,arc,reference,Text,Mercury_7038570,INVALID,A,INVALID->label,declaration_several_letters,answer_phrase_first_ABCD_char,/,answer|correct,False,True,ABCD,The correct answer is A/B/C/D.,POST-HOC re-analysis (reviewer R2/E5); does not change any primary decision
small/ARC/Text,arc,R,Text,ACTAAP_2009_7_17,INVALID,A,INVALID->label,declaration_several_letters,answer_phrase_first_ABCD_char,/,answer|correct,False,True,ABCD,The correct answer is A/B/C/D.,POST-HOC re-analysis (reviewer R2/E5); does not change any primary decision
small/ARC/Text,arc,reference,Text,ACTAAP_2009_7_17,INVALID,A,INVALID->label,declaration_several_letters,answer_phrase_first_ABCD_char,/,answer|correct,False,True,ABCD,The correct answer is A/B/C/D.,POST-HOC re-analysis (reviewer R2/E5); does not change any primary decision
small/ARC/Text,arc,R,Text,MCAS_2006_8_34,INVALID,A,INVALID->label,declaration_several_letters,answer_phrase_first_ABCD_char,/,answer|correct,False,True,ABCD,The correct answer is A/B/C/D.,POST-HOC re-analysis (reviewer R2/E5); does not change any primary decision
small/ARC/Text,arc,reference,Text,LEAP_2008_4_10288,INVALID,A,INVALID->label,declaration_several_letters,answer_phrase_first_ABCD_char,/,answer|correct,True,True,ABCD,The correct answer is A/B/C/D.,POST-HOC re-analysis (reviewer R2/E5); does not change any primary decision
small/ARC/Text,arc,reference,Text,AKDE&ED_2008_8_16,INVALID,A,INVALID->label,declaration_several_letters,answer_phrase_first_ABCD_char,/,answer|correct,True,True,ABCD,The correct answer is A/B/C/D.,POST-HOC re-analysis (reviewer R2/E5); does not change any primary decision
small/ARC/Text,arc,R,Text,Mercury_7093993,INVALID,A,INVALID->label,declaration_several_letters,answer_phrase_first_ABCD_char,/,answer|correct,False,True,ABCD,The correct answer is A/B/C/D.,POST-HOC re-analysis (reviewer R2/E5); does not change any primary decision
small/ARC/Text,arc,R,Text,AIMS_2008_4_2,INVALID,A,INVALID->label,declaration_several_letters,answer_phrase_first_ABCD_char,/,answer|correct,False,True,ABCD,The correct answer is A/B/C/D.,POST-HOC re-analysis (reviewer R2/E5); does not change any primary decision
small/ARC/Text,arc,reference,Text,AIMS_2008_4_2,INVALID,A,INVALID->label,declaration_several_letters,answer_phrase_first_ABCD_char,/,answer|correct,False,True,ABCD,The correct answer is A/B/C/D.,POST-HOC re-analysis (reviewer R2/E5); does not change any primary decision
small/ARC/Text,arc,reference,Text,Mercury_7090825,INVALID,A,INVALID->label,declaration_several_letters,answer_phrase_first_ABCD_char,/,answer|correct,True,True,ABCD,The correct answer is A/B/C/D.,POST-HOC re-analysis (reviewer R2/E5); does not change any primary decision
small/ARC/Text,arc,reference,Text,Mercury_7064278,INVALID,A,INVALID->label,declaration_several_letters,answer_phrase_first_ABCD_char,/,answer|correct,True,True,ABCD,The correct answer is A/B/C/D.,POST-HOC re-analysis (reviewer R2/E5); does not change any primary decision
small/ARC/Text,arc,R,Text,MEAP_2005_8_8,INVALID,A,INVALID->label,declaration_several_letters,answer_phrase_first_ABCD_char,/,answer|correct,True,True,ABCD,The correct answer is A/B/C/D.,POST-HOC re-analysis (reviewer R2/E5); does not change any primary decision
small/ARC/Text,arc,R,Text,Mercury_415092,INVALID,A,INVALID->label,declaration_several_letters,answer_phrase_first_ABCD_char,/,answer|correct,True,True,ABCD,The correct answer is A/B/C/D.,POST-HOC re-analysis (reviewer R2/E5); does not change any primary decision
small/ARC/Text,arc,R,Text,Mercury_7221008,INVALID,A,INVALID->label,declaration_several_letters,answer_phrase_first_ABCD_char,/,answer|correct,False,True,ABCD,The correct answer is A/B/C/D.,POST-HOC re-analysis (reviewer R2/E5); does not change any primary decision
small/ARC/Text,arc,reference,Text,Mercury_7221008,INVALID,A,INVALID->label,declaration_several_letters,answer_phrase_first_ABCD_char,/,answer|correct,False,True,ABCD,The correct answer is A/B/C/D.,POST-HOC re-analysis (reviewer R2/E5); does not change any primary decision
small/ARC/Text,arc,R,Text,Mercury_7038150,INVALID,A,INVALID->label,declaration_several_letters,answer_phrase_first_ABCD_char,/,answer|correct,False,True,ABCD,The correct answer is A/B/C/D.,POST-HOC re-analysis (reviewer R2/E5); does not change any primary decision
small/ARC/Text,arc,R,Text,MCAS_2006_9_13,INVALID,A,INVALID->label,declaration_several_letters,answer_phrase_first_ABCD_char,/,answer|correct,False,True,ABCD,The correct answer is A/B/C/D.,POST-HOC re-analysis (reviewer R2/E5); does not change any primary decision
small/ARC/Text,arc,reference,Text,MCAS_2006_9_13,INVALID,A,INVALID->label,declaration_several_letters,answer_phrase_first_ABCD_char,/,answer|correct,False,True,ABCD,The correct answer is A/B/C/D.,POST-HOC re-analysis (reviewer R2/E5); does not change any primary decision
small/ARC/Text,arc,reference,Text,Mercury_7199150,INVALID,A,INVALID->label,declaration_several_letters,answer_phrase_first_ABCD_char,/,answer|correct,True,True,ABCD,The correct answer is A/B/C/D.,POST-HOC re-analysis (reviewer R2/E5); does not change any primary decision
small/ARC/Text,arc,R,Text,MSA_2012_5_24,INVALID,A,INVALID->label,declaration_several_letters,answer_phrase_first_ABCD_char,/,answer|correct,False,True,ABCD,The correct answer is A/B/C/D.,POST-HOC re-analysis (reviewer R2/E5); does not change any primary decision
small/ARC/Text,arc,reference,Text,Mercury_415261,INVALID,A,INVALID->label,declaration_several_letters,answer_phrase_first_ABCD_char,/,answer|correct,True,True,ABCD,The correct answer is A/B/C/D.,POST-HOC re-analysis (reviewer R2/E5); does not change any primary decision
small/ARC/Text,arc,reference,Text,LEAP_2001_4_10241,INVALID,A,INVALID->label,declaration_several_letters,answer_phrase_first_ABCD_char,/,answer|correct,False,True,ABCD,The correct answer is A/B/C/D.,POST-HOC re-analysis (reviewer R2/E5); does not change any primary decision
small/ARC/Text,arc,R,Text,Mercury_7102340,INVALID,A,INVALID->label,declaration_several_letters,answer_phrase_first_ABCD_char,/,answer|correct,True,True,ABCD,The correct answer is A/B/C/D.,POST-HOC re-analysis (reviewer R2/E5); does not change any primary decision
small/ARC/Text,arc,reference,Text,MCAS_2011_5_17664,INVALID,A,INVALID->label,declaration_several_letters,answer_phrase_first_ABCD_char,/,answer|correct,True,True,ABCD,The correct answer is A/B/C/D.,POST-HOC re-analysis (reviewer R2/E5); does not change any primary decision
small/ARC/Text,arc,R,Text,MCAS_2003_8_8,INVALID,A,INVALID->label,declaration_several_letters,answer_phrase_first_ABCD_char,/,answer|correct,False,True,ABCD,The correct answer is A/B/C/D.,POST-HOC re-analysis (reviewer R2/E5); does not change any primary decision
small/ARC/Text,arc,reference,Text,MCAS_2003_8_8,INVALID,A,INVALID->label,declaration_several_letters,answer_phrase_first_ABCD_char,/,answer|correct,False,True,ABCD,The correct answer is A/B/C/D.,POST-HOC re-analysis (reviewer R2/E5); does not change any primary decision
small/ARC/Text,arc,reference,Text,MSA_2015_8_37,INVALID,A,INVALID->label,declaration_several_letters,answer_phrase_first_ABCD_char,/,answer|correct,False,True,ABCD,The correct answer is A/B/C/D.,POST-HOC re-analysis (reviewer R2/E5); does not change any primary decision
small/ARC/Text,arc,R,Text,Mercury_7216125,INVALID,A,INVALID->label,declaration_several_letters,answer_phrase_first_ABCD_char,/,answer|correct,False,True,ABCD,The correct answer is A/B/C/D.,POST-HOC re-analysis (reviewer R2/E5); does not change any primary decision
small/ARC/Text,arc,R,Text,Mercury_7154350,INVALID,A,INVALID->label,declaration_several_letters,answer_phrase_first_ABCD_char,/,answer|correct,False,True,ABCD,The correct answer is A/B/C/D.,POST-HOC re-analysis (reviewer R2/E5); does not change any primary decision
small/ARC/Text,arc,reference,Text,Mercury_7154350,INVALID,A,INVALID->label,declaration_several_letters,answer_phrase_first_ABCD_char,/,answer|correct,False,True,ABCD,The correct answer is A/B/D.,POST-HOC re-analysis (reviewer R2/E5); does not change any primary decision
small/ARC/Text,arc,R,Text,Mercury_7084280,INVALID,A,INVALID->label,declaration_several_letters,answer_phrase_first_ABCD_char,/,answer|correct,False,True,ABCD,The correct answer is A/B/C/D.,POST-HOC re-analysis (reviewer R2/E5); does not change any primary decision
small/ARC/Text,arc,R,Text,MDSA_2008_5_18,INVALID,A,INVALID->label,declaration_several_letters,answer_phrase_first_ABCD_char,/,answer|correct,False,True,ABCD,The correct answer is A/B/C/D.,POST-HOC re-analysis (reviewer R2/E5); does not change any primary decision
small/ARC/Text,arc,reference,Text,Mercury_7171920,INVALID,A,INVALID->label,declaration_several_letters,answer_phrase_first_ABCD_char,/,answer|correct,True,True,ABCD,The correct answer is A/B/C/D.,POST-HOC re-analysis (reviewer R2/E5); does not change any primary decision
small/ARC/Text,arc,R,Text,AIMS_2008_8_5,INVALID,A,INVALID->label,declaration_several_letters,answer_phrase_first_ABCD_char,/,answer|correct,False,True,ABCD,The correct answer is A/B/C/D.,POST-HOC re-analysis (reviewer R2/E5); does not change any primary decision
small/ARC/Text,arc,R,Text,Mercury_7084000,INVALID,A,INVALID->label,declaration_several_letters,answer_phrase_first_ABCD_char,/,answer|correct,False,True,ABCD,The correct answer is A/B/C/D.,POST-HOC re-analysis (reviewer R2/E5); does not change any primary decision
small/ARC/Text,arc,R,Text,Mercury_404786,INVALID,A,INVALID->label,declaration_several_letters,answer_phrase_first_ABCD_char,/,answer|correct,False,True,ABCD,The correct answer is A/B/C/D.,POST-HOC re-analysis (reviewer R2/E5); does not change any primary decision
small/ARC/Text,arc,R,Text,Mercury_SC_401606,INVALID,A,INVALID->label,declaration_several_letters,answer_phrase_first_ABCD_char,/,answer|correct,False,True,ABCD,The correct answer is A/B/C/D.,POST-HOC re-analysis (reviewer R2/E5); does not change any primary decision
small/ARC/Text,arc,reference,Text,Mercury_SC_401606,INVALID,A,INVALID->label,declaration_several_letters,answer_phrase_first_ABCD_char,/,answer|correct,False,True,ABCD,The correct answer is A/B/C/D.,POST-HOC re-analysis (reviewer R2/E5); does not change any primary decision
small/ARC/Text,arc,reference,Text,AKDE&ED_2012_8_42,INVALID,A,INVALID->label,declaration_several_letters,answer_phrase_first_ABCD_char,/,answer|correct,False,True,ABCD,The correct answer is A/B/C/D.,POST-HOC re-analysis (reviewer R2/E5); does not change any primary decision
small/ARC/Text,arc,R,Text,Mercury_SC_400673,INVALID,A,INVALID->label,declaration_several_letters,answer_phrase_first_ABCD_char,/,answer|correct,False,True,ABCD,The correct answer is A/B/C/D.,POST-HOC re-analysis (reviewer R2/E5); does not change any primary decision
small/ARC/Text,arc,reference,Text,MCAS_2004_8_17,INVALID,A,INVALID->label,declaration_several_letters,answer_phrase_first_ABCD_char,/,answer|correct,True,True,ABCD,The correct answer is A/B/C/D.,POST-HOC re-analysis (reviewer R2/E5); does not change any primary decision
small/ARC/Text,arc,reference,Text,NYSEDREGENTS_2009_8_41,INVALID,A,INVALID->label,declaration_several_letters,answer_phrase_first_ABCD_char,/,answer|correct,True,True,ABCD,The correct answer is A/B/C/D.,POST-HOC re-analysis (reviewer R2/E5); does not change any primary decision
small/ARC/Text,arc,R,Text,Mercury_7179778,INVALID,A,INVALID->label,declaration_several_letters,answer_phrase_first_ABCD_char,/,answer|correct,True,True,ABCD,The correct answer is A/B/C/D.,POST-HOC re-analysis (reviewer R2/E5); does not change any primary decision
small/ARC/Text,arc,reference,Text,MCAS_1999_4_17,INVALID,A,INVALID->label,declaration_several_letters,answer_phrase_first_ABCD_char,/,answer|correct,True,True,ABCD,The correct answer is A/B/C/D.,POST-HOC re-analysis (reviewer R2/E5); does not change any primary decision
small/ARC/Text,arc,R,Text,Mercury_7222355,INVALID,A,INVALID->label,declaration_several_letters,answer_phrase_first_ABCD_char,/,answer|correct,False,True,ABCD,The correct answer is A/B/C/D.,POST-HOC re-analysis (reviewer R2/E5); does not change any primary decision
small/ARC/Text,arc,reference,Text,Mercury_7222355,INVALID,A,INVALID->label,declaration_several_letters,answer_phrase_first_ABCD_char,/,answer|correct,False,True,ABCD,The correct answer is A/B/C/D.,POST-HOC re-analysis (reviewer R2/E5); does not change any primary decision
small/ARC/Text,arc,R,Text,ACTAAP_2014_7_11,INVALID,A,INVALID->label,declaration_several_letters,answer_phrase_first_ABCD_char,/,answer|correct,False,True,ABCD,The correct answer is A/B/C/D.,POST-HOC re-analysis (reviewer R2/E5); does not change any primary decision
small/ARC/Text,arc,reference,Text,MCAS_2008_8_5716,INVALID,A,INVALID->label,declaration_several_letters,answer_phrase_first_ABCD_char,/,answer|correct,True,True,ABCD,The correct answer is A/B/C/D.,POST-HOC re-analysis (reviewer R2/E5); does not change any primary decision
small/ARC/Text,arc,R,Text,Mercury_SC_408742,INVALID,A,INVALID->label,declaration_several_letters,answer_phrase_first_ABCD_char,/,answer|correct,True,True,ABCD,The correct answer is A/B/C/D.,POST-HOC re-analysis (reviewer R2/E5); does not change any primary decision
small/ARC/Text,arc,reference,Text,Mercury_LBS10252,INVALID,A,INVALID->label,declaration_several_letters,answer_phrase_first_ABCD_char,/,answer|correct,True,True,ABCD,The correct answer is A/B/C/D.,POST-HOC re-analysis (reviewer R2/E5); does not change any primary decision
small/ARC/Text,arc,R,Text,OHAT_2010_5_20,INVALID,A,INVALID->label,declaration_several_letters,answer_phrase_first_ABCD_char,/,answer|correct,False,True,ABCD,The correct answer is A/B/C/D.,POST-HOC re-analysis (reviewer R2/E5); does not change any primary decision
small/ARC/Text,arc,R,Text,Mercury_182718,INVALID,A,INVALID->label,declaration_several_letters,answer_phrase_first_ABCD_char,/,answer|correct,False,True,ABCD,The correct answer is A/B/C/D.,POST-HOC re-analysis (reviewer R2/E5); does not change any primary decision
small/ARC/Text,arc,R,Text,Mercury_7012670,INVALID,A,INVALID->label,declaration_several_letters,answer_phrase_first_ABCD_char,/,answer|correct,False,True,ABCD,The correct answer is A/B/C/D.,POST-HOC re-analysis (reviewer R2/E5); does not change any primary decision
small/ARC/Text,arc,reference,Text,Mercury_7012670,INVALID,A,INVALID->label,declaration_several_letters,answer_phrase_first_ABCD_char,/,answer|correct,False,True,ABCD,The correct answer is A/B/C/D.,POST-HOC re-analysis (reviewer R2/E5); does not change any primary decision
small/ARC/Text,arc,reference,Text,Mercury_7163258,INVALID,A,INVALID->label,declaration_several_letters,answer_phrase_first_ABCD_char,/,answer|correct,True,True,ABCD,The correct answer is A/B/C/D.,POST-HOC re-analysis (reviewer R2/E5); does not change any primary decision
small/ARC/Text,arc,reference,Text,WASL_2005_8_11,INVALID,A,INVALID->label,declaration_several_letters,answer_phrase_first_ABCD_char,/,answer|correct,True,True,ABCD,The correct answer is A/B/C/D.,POST-HOC re-analysis (reviewer R2/E5); does not change any primary decision
small/ARC/Text,arc,reference,Text,Mercury_SC_407674,INVALID,A,INVALID->label,declaration_several_letters,answer_phrase_first_ABCD_char,/,answer|correct,True,True,ABCD,The correct answer is A/B/C/D.,POST-HOC re-analysis (reviewer R2/E5); does not change any primary decision
small/ARC/Text,arc,R,Text,Mercury_7213290,INVALID,A,INVALID->label,declaration_several_letters,answer_phrase_first_ABCD_char,/,answer|correct,False,True,ABCD,The correct answer is A/B/C/D.,POST-HOC re-analysis (reviewer R2/E5); does not change any primary decision
small/ARC/Text,arc,R,Text,MSA_2015_8_31,INVALID,A,INVALID->label,declaration_several_letters,answer_phrase_first_ABCD_char,/,answer|correct,False,True,ABCD,The correct answer is A/B/C/D.,POST-HOC re-analysis (reviewer R2/E5); does not change any primary decision
small/ARC/Text,arc,reference,Text,MSA_2015_8_31,INVALID,A,INVALID->label,declaration_several_letters,answer_phrase_first_ABCD_char,/,answer|correct,False,True,ABCD,The correct answer is A/B/C/D.,POST-HOC re-analysis (reviewer R2/E5); does not change any primary decision
small/ARC/Text,arc,reference,Text,Mercury_7205818,INVALID,A,INVALID->label,declaration_several_letters,answer_phrase_first_ABCD_char,/,answer|correct,True,True,ABCD,The correct answer is A/B/C/D.,POST-HOC re-analysis (reviewer R2/E5); does not change any primary decision
small/ARC/Text,arc,R,Text,Mercury_7030083,INVALID,A,INVALID->label,declaration_several_letters,answer_phrase_first_ABCD_char,/,answer|correct,False,True,ABCD,The correct answer is A/B/C/D.,POST-HOC re-analysis (reviewer R2/E5); does not change any primary decision
small/ARC/Text,arc,R,Text,MCAS_2007_8_5169,INVALID,A,INVALID->label,declaration_several_letters,answer_phrase_first_ABCD_char,/,answer|correct,False,True,ABCD,The correct answer is A/B/C/D.,POST-HOC re-analysis (reviewer R2/E5); does not change any primary decision
small/ARC/Text,arc,R,Text,Mercury_7188878,INVALID,A,INVALID->label,declaration_several_letters,answer_phrase_first_ABCD_char,/,answer|correct,False,True,ABCD,The correct answer is A/B/C/D.,POST-HOC re-analysis (reviewer R2/E5); does not change any primary decision
small/ARC/Text,arc,reference,Text,Mercury_7056175,INVALID,A,INVALID->label,declaration_several_letters,answer_phrase_first_ABCD_char,/,answer|correct,True,True,ABCD,The correct answer is A/B/C/D.,POST-HOC re-analysis (reviewer R2/E5); does not change any primary decision
small/ARC/Text,arc,R,Text,LEAP_2004_4_10259,INVALID,A,INVALID->label,declaration_several_letters,answer_phrase_first_ABCD_char,/,answer|correct,True,True,ABCD,The correct answer is A/B/C/D.,POST-HOC re-analysis (reviewer R2/E5); does not change any primary decision
small/ARC/Text,arc,R,Text,Mercury_7271268,INVALID,A,INVALID->label,declaration_several_letters,answer_phrase_first_ABCD_char,/,answer|correct,False,True,ABCD,The correct answer is A/B/C/D.,POST-HOC re-analysis (reviewer R2/E5); does not change any primary decision
small/ARC/C2C,arc,R,C2C,Mercury_7092260,INVALID,A,INVALID->label,declaration_several_letters,answer_phrase_first_ABCD_char,/,answer|correct,False,True,ABCD,The correct answer is A/B/C/D.,POST-HOC re-analysis (reviewer R2/E5); does not change any primary decision
small/ARC/C2C,arc,R,C2C,NYSEDREGENTS_2004_8_31,INVALID,A,INVALID->label,declaration_several_letters,answer_phrase_first_ABCD_char,/,answer|correct,False,True,ABCD,The correct answer is A/B/C/D.,POST-HOC re-analysis (reviewer R2/E5); does not change any primary decision
small/ARC/C2C,arc,R,C2C,Mercury_7270305,INVALID,A,INVALID->label,declaration_several_letters,answer_phrase_first_ABCD_char,/,answer|correct,False,True,ABCD,The correct answer is A/B/C/D.,POST-HOC re-analysis (reviewer R2/E5); does not change any primary decision
small/ARC/C2C,arc,R,C2C,Mercury_7283955,INVALID,A,INVALID->label,declaration_several_letters,answer_phrase_first_ABCD_char,/,answer|correct,False,True,ABCD,The correct answer is A/B/C/D.,POST-HOC re-analysis (reviewer R2/E5); does not change any primary decision
small/ARC/C2C,arc,R,C2C,CSZ_2004_5_CSZ10003,INVALID,A,INVALID->label,declaration_several_letters,answer_phrase_first_ABCD_char,/,answer|correct,False,True,ABCD,The correct answer is A/B/C/D.,POST-HOC re-analysis (reviewer R2/E5); does not change any primary decision
small/ARC/C2C,arc,R,C2C,Mercury_7165060,INVALID,A,INVALID->label,declaration_several_letters,answer_phrase_first_ABCD_char,/,answer|correct,False,True,ABCD,The correct answer is A/B/C/D.,POST-HOC re-analysis (reviewer R2/E5); does not change any primary decision
small/ARC/C2C,arc,R,C2C,Mercury_401790,INVALID,A,INVALID->label,declaration_several_letters,answer_phrase_first_ABCD_char,/,answer|correct,False,True,ABCD,The correct answer is A/B/C/D.,POST-HOC re-analysis (reviewer R2/E5); does not change any primary decision
small/ARC/C2C,arc,R,C2C,AIMS_2009_4_11,INVALID,A,INVALID->label,declaration_several_letters,answer_phrase_first_ABCD_char,/,answer|correct,False,True,ABCD,The correct answer is A/B/C/D.,POST-HOC re-analysis (reviewer R2/E5); does not change any primary decision
small/ARC/C2C,arc,R,C2C,Mercury_417136,INVALID,A,INVALID->label,declaration_several_letters,answer_phrase_first_ABCD_char,/,answer|correct,False,True,ABCD,The correct answer is A/B/C/D.,POST-HOC re-analysis (reviewer R2/E5); does not change any primary decision
small/ARC/C2C,arc,R,C2C,Mercury_7193113,INVALID,A,INVALID->label,declaration_several_letters,answer_phrase_first_ABCD_char,/,answer|correct,False,True,ABCD,The correct answer is A/B/C/D.,POST-HOC re-analysis (reviewer R2/E5); does not change any primary decision
small/ARC/C2C,arc,R,C2C,Mercury_7024185,INVALID,A,INVALID->label,declaration_several_letters,answer_phrase_first_ABCD_char,/,answer|correct,False,True,ABCD,The correct answer is A/B/C/D.,POST-HOC re-analysis (reviewer R2/E5); does not change any primary decision
small/ARC/C2C,arc,R,C2C,Mercury_404903,INVALID,A,INVALID->label,declaration_several_letters,answer_phrase_first_ABCD_char,/,answer|correct,False,True,ABCD,The correct answer is A/B/C/D.,POST-HOC re-analysis (reviewer R2/E5); does not change any primary decision
small/ARC/C2C,arc,R,C2C,Mercury_SC_407397,INVALID,A,INVALID->label,declaration_several_letters,answer_phrase_first_ABCD_char,/,answer|correct,False,True,ABCD,The correct answer is A/B/C/D.,POST-HOC re-analysis (reviewer R2/E5); does not change any primary decision
small/ARC/C2C,arc,R,C2C,MDSA_2007_5_9,INVALID,A,INVALID->label,declaration_several_letters,answer_phrase_first_ABCD_char,/,answer|correct,False,True,ABCD,The correct answer is A/B/C/D.,POST-HOC re-analysis (reviewer R2/E5); does not change any primary decision
small/ARC/C2C,arc,reference,C2C,Mercury_7228095,D,INVALID,label->INVALID,leading_label_then_option_text,blocked_by_math_substring,tan,,False,True,ABCD,D. trait inheritance in offspring,POST-HOC re-analysis (reviewer R2/E5); does not change any primary decision
small/ARC/C2C,arc,R,C2C,Mercury_7038570,INVALID,A,INVALID->label,declaration_several_letters,answer_phrase_first_ABCD_char,/,answer|correct,False,True,ABCD,The correct answer is A/B/C/D.,POST-HOC re-analysis (reviewer R2/E5); does not change any primary decision
small/ARC/C2C,arc,R,C2C,ACTAAP_2009_7_17,INVALID,A,INVALID->label,declaration_several_letters,answer_phrase_first_ABCD_char,/,answer|correct,False,True,ABCD,The correct answer is A/B/C/D.,POST-HOC re-analysis (reviewer R2/E5); does not change any primary decision
small/ARC/C2C,arc,R,C2C,MCAS_2006_8_34,INVALID,A,INVALID->label,declaration_several_letters,answer_phrase_first_ABCD_char,/,answer|correct,False,True,ABCD,The correct answer is A/B/C/D.,POST-HOC re-analysis (reviewer R2/E5); does not change any primary decision
small/ARC/C2C,arc,R,C2C,Mercury_7093993,INVALID,A,INVALID->label,declaration_several_letters,answer_phrase_first_ABCD_char,/,answer|correct,False,True,ABCD,The correct answer is A/B/C/D.,POST-HOC re-analysis (reviewer R2/E5); does not change any primary decision
small/ARC/C2C,arc,R,C2C,AIMS_2008_4_2,INVALID,A,INVALID->label,declaration_several_letters,answer_phrase_first_ABCD_char,/,answer|correct,False,True,ABCD,The correct answer is A/B/C/D.,POST-HOC re-analysis (reviewer R2/E5); does not change any primary decision
small/ARC/C2C,arc,R,C2C,MEAP_2005_8_8,INVALID,A,INVALID->label,declaration_several_letters,answer_phrase_first_ABCD_char,/,answer|correct,False,True,ABCD,The correct answer is A/B/C/D.,POST-HOC re-analysis (reviewer R2/E5); does not change any primary decision
small/ARC/C2C,arc,R,C2C,Mercury_415092,INVALID,A,INVALID->label,declaration_several_letters,answer_phrase_first_ABCD_char,/,answer|correct,False,True,ABCD,The correct answer is A/B/C/D.,POST-HOC re-analysis (reviewer R2/E5); does not change any primary decision
small/ARC/C2C,arc,R,C2C,Mercury_7221008,INVALID,A,INVALID->label,declaration_several_letters,answer_phrase_first_ABCD_char,/,answer|correct,False,True,ABCD,The correct answer is A/B/C/D.,POST-HOC re-analysis (reviewer R2/E5); does not change any primary decision
small/ARC/C2C,arc,R,C2C,Mercury_7038150,INVALID,A,INVALID->label,declaration_several_letters,answer_phrase_first_ABCD_char,/,answer|correct,False,True,ABCD,The correct answer is A/B/C/D.,POST-HOC re-analysis (reviewer R2/E5); does not change any primary decision
small/ARC/C2C,arc,R,C2C,MCAS_2006_9_13,INVALID,A,INVALID->label,declaration_several_letters,answer_phrase_first_ABCD_char,/,answer|correct,False,True,ABCD,The correct answer is A/B/C/D.,POST-HOC re-analysis (reviewer R2/E5); does not change any primary decision
small/ARC/C2C,arc,reference,C2C,Mercury_7185448,B,INVALID,label->INVALID,leading_label_then_option_text,blocked_by_math_substring,tan,,False,True,ABCD,B. They create new substances.,POST-HOC re-analysis (reviewer R2/E5); does not change any primary decision
small/ARC/C2C,arc,R,C2C,MSA_2012_5_24,INVALID,A,INVALID->label,declaration_several_letters,answer_phrase_first_ABCD_char,/,answer|correct,False,True,ABCD,The correct answer is A/B/C/D.,POST-HOC re-analysis (reviewer R2/E5); does not change any primary decision
small/ARC/C2C,arc,R,C2C,Mercury_7102340,INVALID,A,INVALID->label,declaration_several_letters,answer_phrase_first_ABCD_char,/,answer|correct,True,True,ABCD,The correct answer is A/B/C/D.,POST-HOC re-analysis (reviewer R2/E5); does not change any primary decision
small/ARC/C2C,arc,R,C2C,MCAS_2003_8_8,INVALID,A,INVALID->label,declaration_several_letters,answer_phrase_first_ABCD_char,/,answer|correct,False,True,ABCD,The correct answer is A/B/C/D.,POST-HOC re-analysis (reviewer R2/E5); does not change any primary decision
small/ARC/C2C,arc,R,C2C,Mercury_7216125,INVALID,A,INVALID->label,declaration_several_letters,answer_phrase_first_ABCD_char,/,answer|correct,False,True,ABCD,The correct answer is A/B/C/D.,POST-HOC re-analysis (reviewer R2/E5); does not change any primary decision
small/ARC/C2C,arc,reference,C2C,AKDE&ED_2012_8_14,INVALID,A,INVALID->label,declaration_several_letters,answer_phrase_first_ABCD_char,/,answer|correct,True,True,ABCD,The correct answer is A/B/C/D.,POST-HOC re-analysis (reviewer R2/E5); does not change any primary decision
small/ARC/C2C,arc,R,C2C,Mercury_7154350,INVALID,A,INVALID->label,declaration_several_letters,answer_phrase_first_ABCD_char,/,answer|correct,False,True,ABCD,The correct answer is A/B/C/D.,POST-HOC re-analysis (reviewer R2/E5); does not change any primary decision
small/ARC/C2C,arc,R,C2C,Mercury_7084280,INVALID,A,INVALID->label,declaration_several_letters,answer_phrase_first_ABCD_char,/,answer|correct,False,True,ABCD,The correct answer is A/B/C/D.,POST-HOC re-analysis (reviewer R2/E5); does not change any primary decision
small/ARC/C2C,arc,R,C2C,MDSA_2008_5_18,INVALID,A,INVALID->label,declaration_several_letters,answer_phrase_first_ABCD_char,/,answer|correct,False,True,ABCD,The correct answer is A/B/C/D.,POST-HOC re-analysis (reviewer R2/E5); does not change any primary decision
small/ARC/C2C,arc,R,C2C,AIMS_2008_8_5,INVALID,A,INVALID->label,declaration_several_letters,answer_phrase_first_ABCD_char,/,answer|correct,False,True,ABCD,The correct answer is A/B/C/D.,POST-HOC re-analysis (reviewer R2/E5); does not change any primary decision
small/ARC/C2C,arc,R,C2C,Mercury_7084000,INVALID,A,INVALID->label,declaration_several_letters,answer_phrase_first_ABCD_char,/,answer|correct,False,True,ABCD,The correct answer is A/B/C/D.,POST-HOC re-analysis (reviewer R2/E5); does not change any primary decision
small/ARC/C2C,arc,R,C2C,Mercury_404786,INVALID,A,INVALID->label,declaration_several_letters,answer_phrase_first_ABCD_char,/,answer|correct,True,True,ABCD,The correct answer is A/B/C/D.,POST-HOC re-analysis (reviewer R2/E5); does not change any primary decision
small/ARC/C2C,arc,R,C2C,Mercury_SC_401606,INVALID,A,INVALID->label,declaration_several_letters,answer_phrase_first_ABCD_char,/,answer|correct,False,True,ABCD,The correct answer is A/B/C/D.,POST-HOC re-analysis (reviewer R2/E5); does not change any primary decision
small/ARC/C2C,arc,R,C2C,Mercury_SC_400673,INVALID,A,INVALID->label,declaration_several_letters,answer_phrase_first_ABCD_char,/,answer|correct,False,True,ABCD,The correct answer is A/B/C/D.,POST-HOC re-analysis (reviewer R2/E5); does not change any primary decision
small/ARC/C2C,arc,R,C2C,Mercury_7179778,INVALID,A,INVALID->label,declaration_several_letters,answer_phrase_first_ABCD_char,/,answer|correct,False,True,ABCD,The correct answer is A/B/C/D.,POST-HOC re-analysis (reviewer R2/E5); does not change any primary decision
small/ARC/C2C,arc,R,C2C,Mercury_7222355,INVALID,A,INVALID->label,declaration_several_letters,answer_phrase_first_ABCD_char,/,answer|correct,True,True,ABCD,The correct answer is A/B/C/D.,POST-HOC re-analysis (reviewer R2/E5); does not change any primary decision
small/ARC/C2C,arc,R,C2C,ACTAAP_2014_7_11,INVALID,A,INVALID->label,declaration_several_letters,answer_phrase_first_ABCD_char,/,answer|correct,False,True,ABCD,The correct answer is A/B/C/D.,POST-HOC re-analysis (reviewer R2/E5); does not change any primary decision
small/ARC/C2C,arc,R,C2C,Mercury_SC_408742,INVALID,A,INVALID->label,declaration_several_letters,answer_phrase_first_ABCD_char,/,answer|correct,True,True,ABCD,The correct answer is A/B/C/D.,POST-HOC re-analysis (reviewer R2/E5); does not change any primary decision
small/ARC/C2C,arc,R,C2C,OHAT_2010_5_20,INVALID,A,INVALID->label,declaration_several_letters,answer_phrase_first_ABCD_char,/,answer|correct,False,True,ABCD,The correct answer is A/B/C/D.,POST-HOC re-analysis (reviewer R2/E5); does not change any primary decision
small/ARC/C2C,arc,R,C2C,Mercury_182718,INVALID,A,INVALID->label,declaration_several_letters,answer_phrase_first_ABCD_char,/,answer|correct,False,True,ABCD,The correct answer is A/B/C/D.,POST-HOC re-analysis (reviewer R2/E5); does not change any primary decision
small/ARC/C2C,arc,R,C2C,Mercury_7012670,INVALID,A,INVALID->label,declaration_several_letters,answer_phrase_first_ABCD_char,/,answer|correct,False,True,ABCD,The correct answer is A/B/C/D.,POST-HOC re-analysis (reviewer R2/E5); does not change any primary decision
small/ARC/C2C,arc,R,C2C,Mercury_7213290,INVALID,A,INVALID->label,declaration_several_letters,answer_phrase_first_ABCD_char,/,answer|correct,False,True,ABCD,The correct answer is A/B/C/D.,POST-HOC re-analysis (reviewer R2/E5); does not change any primary decision
small/ARC/C2C,arc,R,C2C,MSA_2015_8_31,INVALID,A,INVALID->label,declaration_several_letters,answer_phrase_first_ABCD_char,/,answer|correct,False,True,ABCD,The correct answer is A/B/C/D.,POST-HOC re-analysis (reviewer R2/E5); does not change any primary decision
small/ARC/C2C,arc,R,C2C,Mercury_7030083,INVALID,A,INVALID->label,declaration_several_letters,answer_phrase_first_ABCD_char,/,answer|correct,False,True,ABCD,The correct answer is A/B/C/D.,POST-HOC re-analysis (reviewer R2/E5); does not change any primary decision
small/ARC/C2C,arc,R,C2C,MCAS_2007_8_5169,INVALID,A,INVALID->label,declaration_several_letters,answer_phrase_first_ABCD_char,/,answer|correct,False,True,ABCD,The correct answer is A/B/C/D.,POST-HOC re-analysis (reviewer R2/E5); does not change any primary decision
small/ARC/C2C,arc,R,C2C,Mercury_7188878,INVALID,A,INVALID->label,declaration_several_letters,answer_phrase_first_ABCD_char,/,answer|correct,False,True,ABCD,The correct answer is A/B/C/D.,POST-HOC re-analysis (reviewer R2/E5); does not change any primary decision
small/ARC/C2C,arc,R,C2C,LEAP_2004_4_10259,INVALID,A,INVALID->label,declaration_several_letters,answer_phrase_first_ABCD_char,/,answer|correct,False,True,ABCD,The correct answer is A/B/C/D.,POST-HOC re-analysis (reviewer R2/E5); does not change any primary decision
small/ARC/C2C,arc,R,C2C,Mercury_7271268,INVALID,A,INVALID->label,declaration_several_letters,answer_phrase_first_ABCD_char,/,answer|correct,False,True,ABCD,The correct answer is A/B/C/D.,POST-HOC re-analysis (reviewer R2/E5); does not change any primary decision
medium/OBQA/Text,obqa,reference,Text,14-1430,INVALID,A,INVALID->label,declaration_several_letters,answer_phrase_first_ABCD_char,/,answer|correct,False,False,ABCD,The correct answer is A/D,POST-HOC re-analysis (reviewer R2/E5); does not change any primary decision
medium/OBQA/Text,obqa,R,Text,12-379,INVALID,A,INVALID->label,declaration_several_letters,answer_phrase_first_ABCD_char,/,answer|correct,False,False,ABCD,The correct answer is A/B/C/D,POST-HOC re-analysis (reviewer R2/E5); does not change any primary decision
medium/OBQA/Text,obqa,R,Text,12-1096,INVALID,A,INVALID->label,declaration_several_letters,answer_phrase_first_ABCD_char,/,answer|correct,False,False,ABCD,The correct answer is A/B/C/D,POST-HOC re-analysis (reviewer R2/E5); does not change any primary decision
medium/OBQA/Text,obqa,R,Text,12-797,INVALID,A,INVALID->label,declaration_several_letters,answer_phrase_first_ABCD_char,/,answer|correct,False,True,ABCD,The correct answer is A/B/C/D,POST-HOC re-analysis (reviewer R2/E5); does not change any primary decision
medium/OBQA/Text,obqa,R,Text,9-441,INVALID,A,INVALID->label,declaration_several_letters,answer_phrase_first_ABCD_char,/,answer|correct,True,False,ABCD,The correct answer is A/B/C/D,POST-HOC re-analysis (reviewer R2/E5); does not change any primary decision
medium/OBQA/Text,obqa,R,Text,12-837,A,INVALID,label->INVALID,leading_label_then_option_text,blocked_by_math_substring,-,,True,False,ABCD,A. non-alive things,POST-HOC re-analysis (reviewer R2/E5); does not change any primary decision
medium/OBQA/Text,obqa,R,Text,11-689,INVALID,A,INVALID->label,declaration_several_letters,answer_phrase_first_ABCD_char,/,answer|correct,False,False,ABCD,The correct answer is A/B/C/D,POST-HOC re-analysis (reviewer R2/E5); does not change any primary decision
medium/OBQA/Text,obqa,R,Text,10-430,INVALID,A,INVALID->label,declaration_several_letters,answer_phrase_first_ABCD_char,/,answer|correct,False,False,ABCD,The correct answer is A/B/C/D,POST-HOC re-analysis (reviewer R2/E5); does not change any primary decision
medium/OBQA/Text,obqa,R,Text,10-727,INVALID,A,INVALID->label,declaration_several_letters,answer_phrase_first_ABCD_char,/,answer|correct,False,True,ABCD,The correct answer is A/B/C/D,POST-HOC re-analysis (reviewer R2/E5); does not change any primary decision
medium/OBQA/Text,obqa,R,Text,12-978,INVALID,A,INVALID->label,declaration_several_letters,answer_phrase_first_ABCD_char,/,answer|correct,False,False,ABCD,The correct answer is A/B/C/D,POST-HOC re-analysis (reviewer R2/E5); does not change any primary decision
medium/OBQA/Text,obqa,R,Text,8-319,INVALID,A,INVALID->label,declaration_several_letters,answer_phrase_first_ABCD_char,/,answer|correct,False,False,ABCD,The correct answer is A/B/C/D,POST-HOC re-analysis (reviewer R2/E5); does not change any primary decision
medium/OBQA/Text,obqa,R,Text,10-220,INVALID,A,INVALID->label,declaration_several_letters,answer_phrase_first_ABCD_char,/,answer|correct,True,False,ABCD,The correct answer is A/B/C/D,POST-HOC re-analysis (reviewer R2/E5); does not change any primary decision
medium/OBQA/Text,obqa,R,Text,9-1195,A,INVALID,label->INVALID,leading_label_then_option_text,blocked_by_math_substring,tan,,True,False,ABCD,A. distance between cities,POST-HOC re-analysis (reviewer R2/E5); does not change any primary decision
medium/OBQA/Text,obqa,R,Text,11-477,INVALID,B,INVALID->label,declaration_several_letters,answer_phrase_first_ABCD_char,/,answer|correct,False,True,ABCD,The correct answer is B/C/D,POST-HOC re-analysis (reviewer R2/E5); does not change any primary decision
medium/OBQA/Text,obqa,R,Text,9-1177,INVALID,A,INVALID->label,declaration_several_letters,answer_phrase_first_ABCD_char,/,answer|correct,True,False,ABCD,The correct answer is A/B/C/D,POST-HOC re-analysis (reviewer R2/E5); does not change any primary decision
medium/OBQA/Text,obqa,R,Text,13-511,INVALID,A,INVALID->label,declaration_several_letters,answer_phrase_first_ABCD_char,/,answer|correct,False,False,ABCD,The correct answer is A/B/C/D,POST-HOC re-analysis (reviewer R2/E5); does not change any primary decision
medium/OBQA/C2C,obqa,reference,C2C,14-104,INVALID,A,INVALID->label,declaration_several_letters,answer_phrase_first_ABCD_char,/,answer|correct,False,False,ABCD,The correct answer is A/B/C/D.,POST-HOC re-analysis (reviewer R2/E5); does not change any primary decision
medium/OBQA/C2C,obqa,reference,C2C,12-642,INVALID,A,INVALID->label,declaration_several_letters,answer_phrase_first_ABCD_char,/,answer|correct,False,False,ABCD,The correct answer is A/B/C/D.,POST-HOC re-analysis (reviewer R2/E5); does not change any primary decision
medium/OBQA/C2C,obqa,reference,C2C,12-142,INVALID,A,INVALID->label,declaration_several_letters,answer_phrase_first_ABCD_char,/,answer|correct,False,True,ABCD,The correct answer is A/B/C/D.,POST-HOC re-analysis (reviewer R2/E5); does not change any primary decision
medium/OBQA/C2C,obqa,R,C2C,12-379,INVALID,A,INVALID->label,declaration_several_letters,answer_phrase_first_ABCD_char,/,answer|correct,False,False,ABCD,The correct answer is A/B/C/D,POST-HOC re-analysis (reviewer R2/E5); does not change any primary decision
medium/OBQA/C2C,obqa,R,C2C,12-1096,INVALID,A,INVALID->label,declaration_several_letters,answer_phrase_first_ABCD_char,/,answer|correct,False,False,ABCD,The correct answer is A/B/C/D,POST-HOC re-analysis (reviewer R2/E5); does not change any primary decision
medium/OBQA/C2C,obqa,reference,C2C,10-202,INVALID,A,INVALID->label,declaration_several_letters,answer_phrase_first_ABCD_char,/,answer|correct,True,False,ABCD,The correct answer is A/B/C/D.,POST-HOC re-analysis (reviewer R2/E5); does not change any primary decision
medium/OBQA/C2C,obqa,reference,C2C,14-770,INVALID,A,INVALID->label,declaration_several_letters,answer_phrase_first_ABCD_char,/,answer|correct,False,False,ABCD,The correct answer is A/B/C/D.,POST-HOC re-analysis (reviewer R2/E5); does not change any primary decision
medium/OBQA/C2C,obqa,reference,C2C,13-313,INVALID,A,INVALID->label,declaration_several_letters,answer_phrase_first_ABCD_char,/,answer|correct,False,False,ABCD,The correct answer is A/B/C/D.,POST-HOC re-analysis (reviewer R2/E5); does not change any primary decision
medium/OBQA/C2C,obqa,R,C2C,12-797,INVALID,A,INVALID->label,declaration_several_letters,answer_phrase_first_ABCD_char,/,answer|correct,False,True,ABCD,The correct answer is A/B/C/D,POST-HOC re-analysis (reviewer R2/E5); does not change any primary decision
medium/OBQA/C2C,obqa,reference,C2C,10-367,INVALID,A,INVALID->label,declaration_several_letters,answer_phrase_first_ABCD_char,/,answer|correct,False,False,ABCD,The correct answer is A/B/C/D.,POST-HOC re-analysis (reviewer R2/E5); does not change any primary decision
medium/OBQA/C2C,obqa,reference,C2C,10-414,INVALID,A,INVALID->label,declaration_several_letters,answer_phrase_first_ABCD_char,/,answer|correct,False,False,ABCD,The correct answer is A/B/C/D.,POST-HOC re-analysis (reviewer R2/E5); does not change any primary decision
medium/OBQA/C2C,obqa,reference,C2C,14-540,INVALID,A,INVALID->label,declaration_several_letters,answer_phrase_first_ABCD_char,/,answer|correct,False,False,ABCD,The correct answer is A/B/C.,POST-HOC re-analysis (reviewer R2/E5); does not change any primary decision
medium/OBQA/C2C,obqa,R,C2C,9-441,INVALID,A,INVALID->label,declaration_several_letters,answer_phrase_first_ABCD_char,/,answer|correct,True,False,ABCD,The correct answer is A/B/C/D,POST-HOC re-analysis (reviewer R2/E5); does not change any primary decision
medium/OBQA/C2C,obqa,reference,C2C,10-400,INVALID,A,INVALID->label,declaration_several_letters,answer_phrase_first_ABCD_char,/,answer|correct,False,False,ABCD,The correct answer is A/B/C/D.,POST-HOC re-analysis (reviewer R2/E5); does not change any primary decision
medium/OBQA/C2C,obqa,reference,C2C,12-735,INVALID,A,INVALID->label,declaration_several_letters,answer_phrase_first_ABCD_char,/,answer|correct,True,True,ABCD,The correct answer is A/B/C/D.,POST-HOC re-analysis (reviewer R2/E5); does not change any primary decision
medium/OBQA/C2C,obqa,reference,C2C,13-679,INVALID,A,INVALID->label,declaration_several_letters,answer_phrase_first_ABCD_char,/,answer|correct,False,True,ABCD,The correct answer is A/B/C/D.,POST-HOC re-analysis (reviewer R2/E5); does not change any primary decision
medium/OBQA/C2C,obqa,reference,C2C,14-1156,INVALID,A,INVALID->label,declaration_several_letters,answer_phrase_first_ABCD_char,/,answer|correct,False,False,ABCD,The correct answer is A/B/C/D.,POST-HOC re-analysis (reviewer R2/E5); does not change any primary decision
medium/OBQA/C2C,obqa,R,C2C,12-837,A,INVALID,label->INVALID,leading_label_then_option_text,blocked_by_math_substring,-,,True,False,ABCD,A. non-alive things,POST-HOC re-analysis (reviewer R2/E5); does not change any primary decision
medium/OBQA/C2C,obqa,reference,C2C,14-483,INVALID,A,INVALID->label,declaration_several_letters,answer_phrase_first_ABCD_char,/,answer|correct,True,False,ABCD,The correct answer is A/B/C/D.,POST-HOC re-analysis (reviewer R2/E5); does not change any primary decision
medium/OBQA/C2C,obqa,reference,C2C,11-227,INVALID,A,INVALID->label,declaration_several_letters,answer_phrase_first_ABCD_char,/,answer|correct,True,False,ABCD,The correct answer is A/B/C/D.,POST-HOC re-analysis (reviewer R2/E5); does not change any primary decision
medium/OBQA/C2C,obqa,R,C2C,11-689,INVALID,A,INVALID->label,declaration_several_letters,answer_phrase_first_ABCD_char,/,answer|correct,False,False,ABCD,The correct answer is A/B/C/D,POST-HOC re-analysis (reviewer R2/E5); does not change any primary decision
medium/OBQA/C2C,obqa,reference,C2C,14-1416,INVALID,A,INVALID->label,declaration_several_letters,answer_phrase_first_ABCD_char,/,answer|correct,True,True,ABCD,The correct answer is A/B/C.,POST-HOC re-analysis (reviewer R2/E5); does not change any primary decision
medium/OBQA/C2C,obqa,reference,C2C,14-995,INVALID,A,INVALID->label,declaration_several_letters,answer_phrase_first_ABCD_char,/,answer|correct,True,False,ABCD,The correct answer is A/B/C/D.,POST-HOC re-analysis (reviewer R2/E5); does not change any primary decision
medium/OBQA/C2C,obqa,reference,C2C,12-110,INVALID,A,INVALID->label,declaration_several_letters,answer_phrase_first_ABCD_char,/,answer|correct,False,False,ABCD,The correct answer is A/B/C/D.,POST-HOC re-analysis (reviewer R2/E5); does not change any primary decision
medium/OBQA/C2C,obqa,reference,C2C,8-254,INVALID,A,INVALID->label,declaration_several_letters,answer_phrase_first_ABCD_char,/,answer|correct,False,True,ABCD,The correct answer is A/B/C/D.,POST-HOC re-analysis (reviewer R2/E5); does not change any primary decision
medium/OBQA/C2C,obqa,reference,C2C,13-615,INVALID,A,INVALID->label,declaration_several_letters,answer_phrase_first_ABCD_char,/,answer|correct,True,False,ABCD,The correct answer is A/B/C/D.,POST-HOC re-analysis (reviewer R2/E5); does not change any primary decision
medium/OBQA/C2C,obqa,reference,C2C,14-232,INVALID,A,INVALID->label,declaration_several_letters,answer_phrase_first_ABCD_char,/,answer|correct,False,False,ABCD,The correct answer is A/B/C/D.,POST-HOC re-analysis (reviewer R2/E5); does not change any primary decision
medium/OBQA/C2C,obqa,reference,C2C,12-415,INVALID,A,INVALID->label,declaration_several_letters,answer_phrase_first_ABCD_char,/,answer|correct,False,False,ABCD,The correct answer is A/B/C/D.,POST-HOC re-analysis (reviewer R2/E5); does not change any primary decision
medium/OBQA/C2C,obqa,R,C2C,10-430,INVALID,A,INVALID->label,declaration_several_letters,answer_phrase_first_ABCD_char,/,answer|correct,False,False,ABCD,The correct answer is A/B/C/D,POST-HOC re-analysis (reviewer R2/E5); does not change any primary decision
medium/OBQA/C2C,obqa,reference,C2C,10-430,INVALID,A,INVALID->label,declaration_several_letters,answer_phrase_first_ABCD_char,/,answer|correct,False,False,ABCD,The correct answer is A/B/C/D.,POST-HOC re-analysis (reviewer R2/E5); does not change any primary decision
medium/OBQA/C2C,obqa,reference,C2C,14-404,INVALID,A,INVALID->label,declaration_several_letters,answer_phrase_first_ABCD_char,/,answer|correct,True,False,ABCD,The correct answer is A/B/C/D.,POST-HOC re-analysis (reviewer R2/E5); does not change any primary decision
medium/OBQA/C2C,obqa,reference,C2C,10-1067,INVALID,A,INVALID->label,declaration_several_letters,answer_phrase_first_ABCD_char,/,answer|correct,True,False,ABCD,The correct answer is A/B/C/D.,POST-HOC re-analysis (reviewer R2/E5); does not change any primary decision
medium/OBQA/C2C,obqa,R,C2C,10-727,INVALID,A,INVALID->label,declaration_several_letters,answer_phrase_first_ABCD_char,/,answer|correct,True,True,ABCD,The correct answer is A/B/C/D,POST-HOC re-analysis (reviewer R2/E5); does not change any primary decision
medium/OBQA/C2C,obqa,reference,C2C,9-234,INVALID,A,INVALID->label,declaration_several_letters,answer_phrase_first_ABCD_char,/,answer|correct,True,False,ABCD,The correct answer is A/B/C.,POST-HOC re-analysis (reviewer R2/E5); does not change any primary decision
medium/OBQA/C2C,obqa,reference,C2C,334,INVALID,A,INVALID->label,declaration_several_letters,answer_phrase_first_ABCD_char,/,answer|correct,False,False,ABCD,The correct answer is A/B/C/D.,POST-HOC re-analysis (reviewer R2/E5); does not change any primary decision
medium/OBQA/C2C,obqa,R,C2C,12-978,INVALID,A,INVALID->label,declaration_several_letters,answer_phrase_first_ABCD_char,/,answer|correct,False,False,ABCD,The correct answer is A/B/C/D,POST-HOC re-analysis (reviewer R2/E5); does not change any primary decision
medium/OBQA/C2C,obqa,reference,C2C,14-1509,INVALID,A,INVALID->label,declaration_several_letters,answer_phrase_first_ABCD_char,/,answer|correct,True,False,ABCD,The correct answer is A/B/C/D.,POST-HOC re-analysis (reviewer R2/E5); does not change any primary decision
medium/OBQA/C2C,obqa,reference,C2C,10-177,INVALID,A,INVALID->label,declaration_several_letters,answer_phrase_first_ABCD_char,/,answer|correct,False,True,ABCD,The correct answer is A/B/C/D.,POST-HOC re-analysis (reviewer R2/E5); does not change any primary decision
medium/OBQA/C2C,obqa,reference,C2C,9-33,C,INVALID,label->INVALID,leading_label_then_option_text,blocked_by_math_substring,cos,,True,False,ABCD,C. because the more it is used the more it costs,POST-HOC re-analysis (reviewer R2/E5); does not change any primary decision
medium/OBQA/C2C,obqa,R,C2C,8-319,INVALID,A,INVALID->label,declaration_several_letters,answer_phrase_first_ABCD_char,/,answer|correct,False,False,ABCD,The correct answer is A/B/C/D,POST-HOC re-analysis (reviewer R2/E5); does not change any primary decision
medium/OBQA/C2C,obqa,R,C2C,10-220,INVALID,A,INVALID->label,declaration_several_letters,answer_phrase_first_ABCD_char,/,answer|correct,False,False,ABCD,The correct answer is A/B/C/D,POST-HOC re-analysis (reviewer R2/E5); does not change any primary decision
medium/OBQA/C2C,obqa,reference,C2C,10-220,INVALID,A,INVALID->label,declaration_several_letters,answer_phrase_first_ABCD_char,/,answer|correct,False,False,ABCD,The correct answer is A/B/C.,POST-HOC re-analysis (reviewer R2/E5); does not change any primary decision
medium/OBQA/C2C,obqa,reference,C2C,10-834,INVALID,A,INVALID->label,declaration_several_letters,answer_phrase_first_ABCD_char,/,answer|correct,False,False,ABCD,The correct answer is A/B/C/D.,POST-HOC re-analysis (reviewer R2/E5); does not change any primary decision
medium/OBQA/C2C,obqa,reference,C2C,13-94,INVALID,A,INVALID->label,declaration_several_letters,answer_phrase_first_ABCD_char,/,answer|correct,True,False,ABCD,The correct answer is A/B/C/D.,POST-HOC re-analysis (reviewer R2/E5); does not change any primary decision
medium/OBQA/C2C,obqa,reference,C2C,13-609,INVALID,A,INVALID->label,declaration_several_letters,answer_phrase_first_ABCD_char,/,answer|correct,True,False,ABCD,The correct answer is A/B/C/D.,POST-HOC re-analysis (reviewer R2/E5); does not change any primary decision
medium/OBQA/C2C,obqa,reference,C2C,1768,INVALID,A,INVALID->label,declaration_several_letters,answer_phrase_first_ABCD_char,/,answer|correct,True,False,ABCD,The correct answer is A/B/C/D.,POST-HOC re-analysis (reviewer R2/E5); does not change any primary decision
medium/OBQA/C2C,obqa,reference,C2C,10-984,INVALID,A,INVALID->label,declaration_several_letters,answer_phrase_first_ABCD_char,/,answer|correct,False,False,ABCD,The correct answer is A/B/C/D.,POST-HOC re-analysis (reviewer R2/E5); does not change any primary decision
medium/OBQA/C2C,obqa,R,C2C,9-1195,A,INVALID,label->INVALID,leading_label_then_option_text,blocked_by_math_substring,tan,,True,False,ABCD,A. distance between cities,POST-HOC re-analysis (reviewer R2/E5); does not change any primary decision
medium/OBQA/C2C,obqa,R,C2C,11-477,INVALID,B,INVALID->label,declaration_several_letters,answer_phrase_first_ABCD_char,/,answer|correct,True,True,ABCD,The correct answer is B/C/D,POST-HOC re-analysis (reviewer R2/E5); does not change any primary decision
medium/OBQA/C2C,obqa,reference,C2C,14-312,INVALID,A,INVALID->label,declaration_several_letters,answer_phrase_first_ABCD_char,/,answer|correct,False,False,ABCD,The correct answer is A/B/C/D.,POST-HOC re-analysis (reviewer R2/E5); does not change any primary decision
medium/OBQA/C2C,obqa,R,C2C,9-1177,INVALID,A,INVALID->label,declaration_several_letters,answer_phrase_first_ABCD_char,/,answer|correct,False,False,ABCD,The correct answer is A/B/C/D,POST-HOC re-analysis (reviewer R2/E5); does not change any primary decision
medium/OBQA/C2C,obqa,reference,C2C,9-1177,INVALID,A,INVALID->label,declaration_several_letters,answer_phrase_first_ABCD_char,/,answer|correct,False,False,ABCD,The correct answer is A/B/C/D.,POST-HOC re-analysis (reviewer R2/E5); does not change any primary decision
medium/OBQA/C2C,obqa,reference,C2C,10-190,INVALID,A,INVALID->label,declaration_several_letters,answer_phrase_first_ABCD_char,/,answer|correct,True,False,ABCD,The correct answer is A/B/C/D.,POST-HOC re-analysis (reviewer R2/E5); does not change any primary decision
medium/OBQA/C2C,obqa,reference,C2C,12-697,INVALID,A,INVALID->label,declaration_several_letters,answer_phrase_first_ABCD_char,/,answer|correct,False,False,ABCD,The correct answer is A/B/C/D.,POST-HOC re-analysis (reviewer R2/E5); does not change any primary decision
medium/OBQA/C2C,obqa,reference,C2C,12-1141,INVALID,A,INVALID->label,declaration_several_letters,answer_phrase_first_ABCD_char,/,answer|correct,False,True,ABCD,The correct answer is A/B/C/D.,POST-HOC re-analysis (reviewer R2/E5); does not change any primary decision
medium/OBQA/C2C,obqa,R,C2C,13-511,INVALID,A,INVALID->label,declaration_several_letters,answer_phrase_first_ABCD_char,/,answer|correct,True,False,ABCD,The correct answer is A/B/C/D,POST-HOC re-analysis (reviewer R2/E5); does not change any primary decision
medium/ARC/Text,arc,R,Text,Mercury_192763,A,INVALID,label->INVALID,leading_label_then_option_text,blocked_by_math_substring,-,,True,False,ABCD,A. once-living organisms,POST-HOC re-analysis (reviewer R2/E5); does not change any primary decision
medium/ARC/Text,arc,R,Text,Mercury_7168683,D,INVALID,label->INVALID,leading_label_then_option_text,blocked_by_math_substring,cos,,True,False,ABCD,D. It is released into the ecosystem as heat.,POST-HOC re-analysis (reviewer R2/E5); does not change any primary decision
medium/ARC/Text,arc,R,Text,Mercury_SC_403010,INVALID,A,INVALID->label,declaration_several_letters,answer_phrase_first_ABCD_char,/,answer|correct,True,False,ABCD,The correct answer is A/B/C/D,POST-HOC re-analysis (reviewer R2/E5); does not change any primary decision
medium/ARC/Text,arc,R,Text,Mercury_7016818,INVALID,A,INVALID->label,declaration_several_letters,answer_phrase_first_ABCD_char,/,answer|correct,False,False,ABCD,The correct answer is A/B/C/D,POST-HOC re-analysis (reviewer R2/E5); does not change any primary decision
medium/ARC/Text,arc,R,Text,Mercury_7220273,C,INVALID,label->INVALID,leading_label_then_option_text,blocked_by_math_substring,-,,True,True,ABCD,C. a government-maintained website,POST-HOC re-analysis (reviewer R2/E5); does not change any primary decision
medium/ARC/Text,arc,R,Text,Mercury_7222355,INVALID,A,INVALID->label,declaration_several_letters,answer_phrase_first_ABCD_char,/,answer|correct,True,True,ABCD,The correct answer is A/B/C/D.,POST-HOC re-analysis (reviewer R2/E5); does not change any primary decision
medium/ARC/C2C,arc,reference,C2C,Mercury_7205153,INVALID,A,INVALID->label,declaration_several_letters,answer_phrase_first_ABCD_char,/,answer|correct,False,False,ABCD,The correct answer is A/B/C/D.,POST-HOC re-analysis (reviewer R2/E5); does not change any primary decision
medium/ARC/C2C,arc,reference,C2C,MCAS_2008_8_5711,INVALID,A,INVALID->label,declaration_several_letters,answer_phrase_first_ABCD_char,/,answer|correct,True,True,ABCD,The correct answer is A/B/C/D.,POST-HOC re-analysis (reviewer R2/E5); does not change any primary decision
medium/ARC/C2C,arc,reference,C2C,Mercury_408090,INVALID,A,INVALID->label,declaration_several_letters,answer_phrase_first_ABCD_char,/,answer|correct,False,True,ABCD,The correct answer is A/B/C/D.,POST-HOC re-analysis (reviewer R2/E5); does not change any primary decision
medium/ARC/C2C,arc,reference,C2C,Mercury_417136,INVALID,A,INVALID->label,declaration_several_letters,answer_phrase_first_ABCD_char,/,answer|correct,True,True,ABCD,The correct answer is A/B/C/D.,POST-HOC re-analysis (reviewer R2/E5); does not change any primary decision
medium/ARC/C2C,arc,R,C2C,Mercury_192763,A,INVALID,label->INVALID,leading_label_then_option_text,blocked_by_math_substring,-,,True,False,ABCD,A. once-living organisms,POST-HOC re-analysis (reviewer R2/E5); does not change any primary decision
medium/ARC/C2C,arc,R,C2C,Mercury_7168683,D,INVALID,label->INVALID,leading_label_then_option_text,blocked_by_math_substring,cos,,False,False,ABCD,D. It is released into the ecosystem as heat.,POST-HOC re-analysis (reviewer R2/E5); does not change any primary decision
medium/ARC/C2C,arc,reference,C2C,Mercury_7168683,D,INVALID,label->INVALID,leading_label_then_option_text,blocked_by_math_substring,cos,,False,False,ABCD,D. It is released into the ecosystem as heat.,POST-HOC re-analysis (reviewer R2/E5); does not change any primary decision
medium/ARC/C2C,arc,R,C2C,Mercury_SC_403010,INVALID,A,INVALID->label,declaration_several_letters,answer_phrase_first_ABCD_char,/,answer|correct,False,False,ABCD,The correct answer is A/B/C/D,POST-HOC re-analysis (reviewer R2/E5); does not change any primary decision
medium/ARC/C2C,arc,R,C2C,Mercury_7016818,INVALID,A,INVALID->label,declaration_several_letters,answer_phrase_first_ABCD_char,/,answer|correct,False,False,ABCD,The correct answer is A/B/C/D,POST-HOC re-analysis (reviewer R2/E5); does not change any primary decision
medium/ARC/C2C,arc,reference,C2C,Mercury_7016818,INVALID,A,INVALID->label,declaration_several_letters,answer_phrase_first_ABCD_char,/,answer|correct,False,False,ABCD,The correct answer is A/B/C.,POST-HOC re-analysis (reviewer R2/E5); does not change any primary decision
medium/ARC/C2C,arc,reference,C2C,NYSEDREGENTS_2009_8_41,D,INVALID,label->INVALID,leading_label_then_option_text,blocked_by_math_substring,cos,,True,True,ABCD,D. The local ecosystem may be disrupted.,POST-HOC re-analysis (reviewer R2/E5); does not change any primary decision
medium/ARC/C2C,arc,reference,C2C,Mercury_7122010,INVALID,A,INVALID->label,declaration_several_letters,answer_phrase_first_ABCD_char,/,answer|correct,True,False,ABCD,The correct answer is A/B/C/D.,POST-HOC re-analysis (reviewer R2/E5); does not change any primary decision
medium/ARC/C2C,arc,reference,C2C,Mercury_SC_415697,INVALID,A,INVALID->label,declaration_several_letters,answer_phrase_first_ABCD_char,/,answer|correct,True,False,ABCD,The correct answer is A/B/C/D.,POST-HOC re-analysis (reviewer R2/E5); does not change any primary decision
medium/ARC/C2C,arc,R,C2C,Mercury_7220273,C,INVALID,label->INVALID,leading_label_then_option_text,blocked_by_math_substring,-,,False,True,ABCD,C. a government-maintained website,POST-HOC re-analysis (reviewer R2/E5); does not change any primary decision
medium/ARC/C2C,arc,reference,C2C,Mercury_7220273,C,INVALID,label->INVALID,leading_label_then_option_text,blocked_by_math_substring,-,,False,True,ABCD,C. a government-maintained website,POST-HOC re-analysis (reviewer R2/E5); does not change any primary decision
medium/ARC/C2C,arc,R,C2C,Mercury_7222355,INVALID,A,INVALID->label,declaration_several_letters,answer_phrase_first_ABCD_char,/,answer|correct,False,True,ABCD,The correct answer is A/B/C/D.,POST-HOC re-analysis (reviewer R2/E5); does not change any primary decision
medium/ARC/C2C,arc,reference,C2C,Mercury_7222355,INVALID,A,INVALID->label,declaration_several_letters,answer_phrase_first_ABCD_char,/,answer|correct,False,True,ABCD,The correct answer is A/B/C/D.,POST-HOC re-analysis (reviewer R2/E5); does not change any primary decision
medium/ARC/C2C,arc,reference,C2C,ACTAAP_2014_7_11,INVALID,A,INVALID->label,declaration_several_letters,answer_phrase_first_ABCD_char,/,answer|correct,True,True,ABCD,The correct answer is A/B/C/D.,POST-HOC re-analysis (reviewer R2/E5); does not change any primary decision
medium/ARC/C2C,arc,reference,C2C,Mercury_7159863,INVALID,A,INVALID->label,declaration_several_letters,answer_phrase_first_ABCD_char,/,answer|correct,False,False,ABCD,The correct answer is A/B/C/D.,POST-HOC re-analysis (reviewer R2/E5); does not change any primary decision
medium/ARC/C2C,arc,reference,C2C,MDSA_2007_4_35,INVALID,A,INVALID->label,declaration_several_letters,answer_phrase_first_ABCD_char,/,answer|correct,False,True,ABCD,The correct answer is A/B/C/D.,POST-HOC re-analysis (reviewer R2/E5); does not change any primary decision
medium/ARC/C2C,arc,reference,C2C,ACTAAP_2013_5_11,INVALID,A,INVALID->label,declaration_several_letters,answer_phrase_first_ABCD_char,/,answer|correct,True,False,ABCD,The correct answer is A/B/C/D.,POST-HOC re-analysis (reviewer R2/E5); does not change any primary decision
medium/ARC/C2C,arc,reference,C2C,MCAS_2004_9_20-v1,INVALID,A,INVALID->label,declaration_several_letters,answer_phrase_first_ABCD_char,/,answer|correct,True,True,ABCD,The correct answer is A/B/C/D.,POST-HOC re-analysis (reviewer R2/E5); does not change any primary decision
medium/ARC/C2C,arc,reference,C2C,MDSA_2007_5_50,INVALID,A,INVALID->label,declaration_several_letters,answer_phrase_first_ABCD_char,/,answer|correct,False,False,ABCD,The correct answer is A/B/C/D.,POST-HOC re-analysis (reviewer R2/E5); does not change any primary decision
large/OBQA/Text,obqa,R,Text,13-577,INVALID,A,INVALID->label,declaration_several_letters,answer_phrase_first_ABCD_char,/,answer|correct,False,True,ABCD,The correct answer is A/B/C/D,POST-HOC re-analysis (reviewer R2/E5); does not change any primary decision
large/OBQA/Text,obqa,R,Text,10-262,INVALID,A,INVALID->label,declaration_several_letters,answer_phrase_first_ABCD_char,/,answer|correct,True,True,ABCD,The correct answer is A/B/C/D,POST-HOC re-analysis (reviewer R2/E5); does not change any primary decision
large/OBQA/C2C,obqa,reference,C2C,11-315,A,INVALID,label->INVALID,leading_label_then_option_text,blocked_by_math_substring,tan,,True,True,ABCD,A. distant,POST-HOC re-analysis (reviewer R2/E5); does not change any primary decision
large/OBQA/C2C,obqa,reference,C2C,14-1275,INVALID,A,INVALID->label,declaration_several_letters,answer_phrase_first_ABCD_char,/,answer|correct,False,True,ABCD,The correct answer is A/B/C/D.,POST-HOC re-analysis (reviewer R2/E5); does not change any primary decision
large/OBQA/C2C,obqa,reference,C2C,10-383,D,INVALID,label->INVALID,leading_label_then_option_text,blocked_by_math_substring,sin,,True,True,ABCD,D. using antibacterial soap,POST-HOC re-analysis (reviewer R2/E5); does not change any primary decision
large/OBQA/C2C,obqa,reference,C2C,7-47,D,INVALID,label->INVALID,leading_label_then_option_text,blocked_by_math_substring,-,,True,True,ABCD,D. twenty-nine times a month,POST-HOC re-analysis (reviewer R2/E5); does not change any primary decision
large/OBQA/C2C,obqa,reference,C2C,14-1367,D,INVALID,label->INVALID,leading_label_then_option_text,blocked_by_math_substring,tan,,True,True,ABCD,D. oxygen tanks,POST-HOC re-analysis (reviewer R2/E5); does not change any primary decision
large/OBQA/C2C,obqa,reference,C2C,14-3,B,INVALID,label->INVALID,leading_label_then_option_text,blocked_by_math_substring,sin,,True,True,ABCD,B. illness causing agents,POST-HOC re-analysis (reviewer R2/E5); does not change any primary decision
large/OBQA/C2C,obqa,reference,C2C,10-861,D,INVALID,label->INVALID,leading_label_then_option_text,blocked_by_math_substring,tan,,True,True,ABCD,D. disguise itself as just some junk on the bottom of the tank,POST-HOC re-analysis (reviewer R2/E5); does not change any primary decision
large/OBQA/C2C,obqa,reference,C2C,14-1382,C,INVALID,label->INVALID,leading_label_then_option_text,blocked_by_math_substring,sin,,True,True,ABCD,C. sensing a thing's texture,POST-HOC re-analysis (reviewer R2/E5); does not change any primary decision
large/OBQA/C2C,obqa,reference,C2C,11-204,D,INVALID,label->INVALID,leading_label_then_option_text,blocked_by_math_substring,-,,True,True,ABCD,"D. Trees, insects, and birds in a forest grew from wildfire-ravaged lands",POST-HOC re-analysis (reviewer R2/E5); does not change any primary decision
large/OBQA/C2C,obqa,reference,C2C,12-841,B,INVALID,label->INVALID,leading_label_then_option_text,blocked_by_math_substring,cos,,True,True,ABCD,B. ecosystem,POST-HOC re-analysis (reviewer R2/E5); does not change any primary decision
large/OBQA/C2C,obqa,reference,C2C,1721,B,INVALID,label->INVALID,leading_label_then_option_text,blocked_by_math_substring,sin,,True,True,ABCD,B. reusing gift bags again and again,POST-HOC re-analysis (reviewer R2/E5); does not change any primary decision
large/OBQA/C2C,obqa,R,C2C,13-577,INVALID,A,INVALID->label,declaration_several_letters,answer_phrase_first_ABCD_char,/,answer|correct,True,True,ABCD,The correct answer is A/B/C/D,POST-HOC re-analysis (reviewer R2/E5); does not change any primary decision
large/OBQA/C2C,obqa,reference,C2C,10-521,INVALID,A,INVALID->label,declaration_several_letters,answer_phrase_first_ABCD_char,/,answer|correct,True,True,ABCD,The correct answer is A/B/C/D.,POST-HOC re-analysis (reviewer R2/E5); does not change any primary decision
large/OBQA/C2C,obqa,reference,C2C,7-975,B,INVALID,label->INVALID,leading_label_then_option_text,blocked_by_math_substring,sin,,True,True,ABCD,B. using water flow limiter,POST-HOC re-analysis (reviewer R2/E5); does not change any primary decision
large/OBQA/C2C,obqa,reference,C2C,10-1146,A,INVALID,label->INVALID,leading_label_then_option_text,blocked_by_math_substring,mod,,True,True,ABCD,A. mode of conduct,POST-HOC re-analysis (reviewer R2/E5); does not change any primary decision
large/OBQA/C2C,obqa,R,C2C,10-262,INVALID,A,INVALID->label,declaration_several_letters,answer_phrase_first_ABCD_char,/,answer|correct,False,True,ABCD,The correct answer is A/B/C/D,POST-HOC re-analysis (reviewer R2/E5); does not change any primary decision
large/OBQA/C2C,obqa,reference,C2C,14-162,D,INVALID,label->INVALID,leading_label_then_option_text,blocked_by_math_substring,tan,,True,True,ABCD,D. standing in a puddle,POST-HOC re-analysis (reviewer R2/E5); does not change any primary decision
large/OBQA/C2C,obqa,reference,C2C,14-268,D,INVALID,label->INVALID,leading_label_then_option_text,blocked_by_math_substring,sin,,True,True,ABCD,D. using a bicycle instead of a motorcycle,POST-HOC re-analysis (reviewer R2/E5); does not change any primary decision
large/OBQA/C2C,obqa,reference,C2C,14-742,B,INVALID,label->INVALID,leading_label_then_option_text,blocked_by_math_substring,-,,True,True,ABCD,B. a formerly-living organism,POST-HOC re-analysis (reviewer R2/E5); does not change any primary decision
large/OBQA/C2C,obqa,reference,C2C,10-622,D,INVALID,label->INVALID,leading_label_then_option_text,blocked_by_math_substring,sin,,True,True,ABCD,D. Jamaican singers,POST-HOC re-analysis (reviewer R2/E5); does not change any primary decision
large/OBQA/C2C,obqa,reference,C2C,10-895,D,INVALID,label->INVALID,leading_label_then_option_text,blocked_by_math_substring,sin,,False,True,ABCD,D. gassing in carton,POST-HOC re-analysis (reviewer R2/E5); does not change any primary decision
large/OBQA/C2C,obqa,reference,C2C,14-1061,D,INVALID,label->INVALID,leading_label_then_option_text,blocked_by_math_substring,-,,True,True,ABCD,D. Non-Contact Force,POST-HOC re-analysis (reviewer R2/E5); does not change any primary decision
large/OBQA/C2C,obqa,reference,C2C,608,D,INVALID,label->INVALID,leading_label_then_option_text,blocked_by_math_substring,sin,,True,True,ABCD,D. ducks chasing prey underwater,POST-HOC re-analysis (reviewer R2/E5); does not change any primary decision
large/OBQA/C2C,obqa,reference,C2C,13-933,D,INVALID,label->INVALID,leading_label_then_option_text,blocked_by_math_substring,sin,,True,True,ABCD,D. using plastic straws,POST-HOC re-analysis (reviewer R2/E5); does not change any primary decision
large/ARC/C2C,arc,reference,C2C,MDSA_2011_8_25,D,INVALID,label->INVALID,leading_label_then_option_text,blocked_by_math_substring,tan,,True,True,ABCD,D. digested into simpler substances,POST-HOC re-analysis (reviewer R2/E5); does not change any primary decision
large/ARC/C2C,arc,reference,C2C,Mercury_7017168,D,INVALID,label->INVALID,leading_label_then_option_text,blocked_by_math_substring,tan,,True,True,ABCD,D. formation of a new substance,POST-HOC re-analysis (reviewer R2/E5); does not change any primary decision
large/ARC/C2C,arc,reference,C2C,ACTAAP_2008_7_15,D,INVALID,label->INVALID,leading_label_then_option_text,blocked_by_math_substring,tan,,True,True,ABCD,D. a planet's distance from the Sun,POST-HOC re-analysis (reviewer R2/E5); does not change any primary decision
large/ARC/C2C,arc,reference,C2C,Mercury_7270305,D,INVALID,label->INVALID,leading_label_then_option_text,blocked_by_math_substring,tan,,True,True,ABCD,"D. a varied photoperiod, but a constant temperature",POST-HOC re-analysis (reviewer R2/E5); does not change any primary decision
large/ARC/C2C,arc,reference,C2C,MCAS_2008_8_5711,C,INVALID,label->INVALID,leading_label_then_option_text,blocked_by_math_substring,/,,False,True,ABCD,C. 20 km/hr,POST-HOC re-analysis (reviewer R2/E5); does not change any primary decision
large/ARC/C2C,arc,reference,C2C,NYSEDREGENTS_2007_8_6,B,INVALID,label->INVALID,leading_label_then_option_text,blocked_by_math_substring,-,,True,True,ABCD,B. one-half the amount,POST-HOC re-analysis (reviewer R2/E5); does not change any primary decision
large/ARC/C2C,arc,reference,C2C,Mercury_415080,C,INVALID,label->INVALID,leading_label_then_option_text,blocked_by_math_substring,/,,True,True,ABCD,C. 70 km/h,POST-HOC re-analysis (reviewer R2/E5); does not change any primary decision
large/ARC/C2C,arc,reference,C2C,NCEOGA_2013_8_55,B,INVALID,label->INVALID,leading_label_then_option_text,blocked_by_math_substring,-,,True,True,ABCD,B. Consumers at the top level require more energy than the lower-level consumers,POST-HOC re-analysis (reviewer R2/E5); does not change any primary decision
large/ARC/C2C,arc,reference,C2C,Mercury_SC_401180,B,INVALID,label->INVALID,leading_label_then_option_text,blocked_by_math_substring,sin,,True,True,ABCD,B. Sun rising and setting,POST-HOC re-analysis (reviewer R2/E5); does not change any primary decision
large/ARC/C2C,arc,reference,C2C,Mercury_7211873,A,INVALID,label->INVALID,leading_label_then_option_text,blocked_by_math_substring,-,,True,True,ABCD,A. solar-collection panels,POST-HOC re-analysis (reviewer R2/E5); does not change any primary decision
large/ARC/C2C,arc,reference,C2C,MCAS_1998_8_7,C,INVALID,label->INVALID,leading_label_then_option_text,blocked_by_math_substring,-,,True,True,ABCD,C. The Sun is a medium-sized star near the edge of the Milky Way Galaxy.,POST-HOC re-analysis (reviewer R2/E5); does not change any primary decision
large/ARC/C2C,arc,reference,C2C,Mercury_SC_415737,A,C,label->other label,leading_label_then_option_text,standalone_pattern_1_last_match,,,False,True,ABCD,A. 0°C,POST-HOC re-analysis (reviewer R2/E5); does not change any primary decision
large/ARC/C2C,arc,reference,C2C,Mercury_415092,D,INVALID,label->INVALID,leading_label_then_option_text,blocked_by_math_substring,+|-,,False,True,ABCD,D. Mg(NO_{3})_{2} + 2K_{2}CO_{3} -> MgCO_{3} + 2KNO_{3},POST-HOC re-analysis (reviewer R2/E5); does not change any primary decision
large/ARC/C2C,arc,reference,C2C,Mercury_7185448,B,INVALID,label->INVALID,leading_label_then_option_text,blocked_by_math_substring,tan,,True,True,ABCD,B. They create new substances.,POST-HOC re-analysis (reviewer R2/E5); does not change any primary decision
large/ARC/C2C,arc,reference,C2C,Mercury_406888,B,INVALID,label->INVALID,leading_label_then_option_text,blocked_by_math_substring,/,,True,True,ABCD,B. 10 m/s,POST-HOC re-analysis (reviewer R2/E5); does not change any primary decision
large/ARC/C2C,arc,reference,C2C,Mercury_7210263,C,INVALID,label->INVALID,leading_label_then_option_text,blocked_by_math_substring,tan,,True,True,ABCD,C. It dissolves many substances.,POST-HOC re-analysis (reviewer R2/E5); does not change any primary decision
large/ARC/C2C,arc,reference,C2C,Mercury_7132038,A,INVALID,label->INVALID,leading_label_then_option_text,blocked_by_math_substring,tan,,True,True,ABCD,A. Two substances have different reactions to light.,POST-HOC re-analysis (reviewer R2/E5); does not change any primary decision
large/ARC/C2C,arc,reference,C2C,Mercury_SC_400673,B,INVALID,label->INVALID,leading_label_then_option_text,blocked_by_math_substring,sin,,True,True,ABCD,B. using recycled paper reduces the cutting of new trees.,POST-HOC re-analysis (reviewer R2/E5); does not change any primary decision
large/ARC/C2C,arc,reference,C2C,NYSEDREGENTS_2009_8_41,D,INVALID,label->INVALID,leading_label_then_option_text,blocked_by_math_substring,cos,,True,True,ABCD,D. The local ecosystem may be disrupted.,POST-HOC re-analysis (reviewer R2/E5); does not change any primary decision
large/ARC/C2C,arc,reference,C2C,Mercury_7216843,A,INVALID,label->INVALID,leading_label_then_option_text,blocked_by_math_substring,-,,True,True,ABCD,A. semi-permeable.,POST-HOC re-analysis (reviewer R2/E5); does not change any primary decision
large/ARC/C2C,arc,reference,C2C,Mercury_7220273,C,INVALID,label->INVALID,leading_label_then_option_text,blocked_by_math_substring,-,,True,True,ABCD,C. a government-maintained website,POST-HOC re-analysis (reviewer R2/E5); does not change any primary decision
large/ARC/C2C,arc,reference,C2C,Mercury_SC_400200,D,C,label->other label,leading_label_then_option_text,standalone_pattern_1_last_match,,,True,True,ABCD,D. 120°C,POST-HOC re-analysis (reviewer R2/E5); does not change any primary decision
large/ARC/C2C,arc,reference,C2C,Mercury_SC_401653,D,INVALID,label->INVALID,leading_label_then_option_text,blocked_by_math_substring,sin,,False,True,ABCD,D. bedrock hills roughened by the passing of a glacier,POST-HOC re-analysis (reviewer R2/E5); does not change any primary decision
large/ARC/C2C,arc,reference,C2C,MSA_2015_8_31,B,INVALID,label->INVALID,leading_label_then_option_text,blocked_by_math_substring,-,,True,True,ABCD,B. a three-dimensional plastic upper body with removable parts,POST-HOC re-analysis (reviewer R2/E5); does not change any primary decision
large/ARC/C2C,arc,reference,C2C,MCAS_2004_9_20-v1,D,INVALID,label->INVALID,leading_label_then_option_text,blocked_by_math_substring,/,,True,True,ABCD,D. 16.0 kg x m/s,POST-HOC re-analysis (reviewer R2/E5); does not change any primary decision
X1-Llama/OBQA/Text,obqa,R,Text,1962,INVALID,A,INVALID->label,declaration_several_letters,answer_phrase_first_ABCD_char,/,answer|correct,False,True,ABCD,The correct answer is A/B/C/D.,POST-HOC re-analysis (reviewer R2/E5); does not change any primary decision
X1-Llama/OBQA/Text,obqa,reference,Text,1962,INVALID,A,INVALID->label,declaration_several_letters,answer_phrase_first_ABCD_char,/,answer|correct,False,True,ABCD,The correct answer is A/B/C/D.,POST-HOC re-analysis (reviewer R2/E5); does not change any primary decision
X1-Llama/OBQA/Text,obqa,R,Text,1494,INVALID,A,INVALID->label,declaration_several_letters,answer_phrase_first_ABCD_char,/,answer|correct,True,True,ABCD,The correct answer is A/B/C/D.,POST-HOC re-analysis (reviewer R2/E5); does not change any primary decision
X1-Llama/OBQA/Text,obqa,R,Text,12-937,INVALID,A,INVALID->label,declaration_several_letters,answer_phrase_first_ABCD_char,/,answer|correct,False,True,ABCD,The correct answer is A/B/C/D.,POST-HOC re-analysis (reviewer R2/E5); does not change any primary decision
X1-Llama/OBQA/Text,obqa,reference,Text,12-937,INVALID,A,INVALID->label,declaration_several_letters,answer_phrase_first_ABCD_char,/,answer|correct,False,True,ABCD,The correct answer is A/B/C/D.,POST-HOC re-analysis (reviewer R2/E5); does not change any primary decision
X1-Llama/OBQA/Text,obqa,reference,Text,12-799,INVALID,A,INVALID->label,declaration_several_letters,answer_phrase_first_ABCD_char,/,answer|correct,False,True,ABCD,The correct answer is A/B/C/D.,POST-HOC re-analysis (reviewer R2/E5); does not change any primary decision
X1-Llama/OBQA/Text,obqa,R,Text,14-798,INVALID,A,INVALID->label,declaration_several_letters,answer_phrase_first_ABCD_char,/,answer|correct,False,True,ABCD,The correct answer is A/B/C/D.,POST-HOC re-analysis (reviewer R2/E5); does not change any primary decision
X1-Llama/OBQA/Text,obqa,R,Text,12-142,INVALID,A,INVALID->label,declaration_several_letters,answer_phrase_first_ABCD_char,/,answer|correct,False,True,ABCD,The correct answer is A/B/C/D.,POST-HOC re-analysis (reviewer R2/E5); does not change any primary decision
X1-Llama/OBQA/Text,obqa,reference,Text,12-142,INVALID,A,INVALID->label,declaration_several_letters,answer_phrase_first_ABCD_char,/,answer|correct,False,True,ABCD,The correct answer is A/B/C/D.,POST-HOC re-analysis (reviewer R2/E5); does not change any primary decision
X1-Llama/OBQA/Text,obqa,R,Text,1442,INVALID,A,INVALID->label,declaration_several_letters,answer_phrase_first_ABCD_char,/,answer|correct,False,True,ABCD,The correct answer is A/B/C/D.,POST-HOC re-analysis (reviewer R2/E5); does not change any primary decision
X1-Llama/OBQA/Text,obqa,reference,Text,1442,INVALID,A,INVALID->label,declaration_several_letters,answer_phrase_first_ABCD_char,/,answer|correct,False,True,ABCD,The correct answer is A/B/C/D.,POST-HOC re-analysis (reviewer R2/E5); does not change any primary decision
X1-Llama/OBQA/Text,obqa,reference,Text,7-947,INVALID,A,INVALID->label,declaration_several_letters,answer_phrase_first_ABCD_char,/,answer|correct,True,True,ABCD,The correct answer is A/B/C/D.,POST-HOC re-analysis (reviewer R2/E5); does not change any primary decision
X1-Llama/OBQA/Text,obqa,reference,Text,1337,INVALID,A,INVALID->label,declaration_several_letters,answer_phrase_first_ABCD_char,/,answer|correct,True,True,ABCD,The correct answer is A/B/C/D.,POST-HOC re-analysis (reviewer R2/E5); does not change any primary decision
X1-Llama/OBQA/Text,obqa,reference,Text,14-970,INVALID,A,INVALID->label,declaration_several_letters,answer_phrase_first_ABCD_char,/,answer|correct,True,False,ABCD,The correct answer is A/B/C/D.,POST-HOC re-analysis (reviewer R2/E5); does not change any primary decision
X1-Llama/OBQA/Text,obqa,R,Text,1766,INVALID,A,INVALID->label,declaration_several_letters,answer_phrase_first_ABCD_char,/,answer|correct,False,True,ABCD,The correct answer is A/B/C/D.,POST-HOC re-analysis (reviewer R2/E5); does not change any primary decision
X1-Llama/OBQA/Text,obqa,reference,Text,1766,INVALID,A,INVALID->label,declaration_several_letters,answer_phrase_first_ABCD_char,/,answer|correct,False,True,ABCD,The correct answer is A/B/C/D.,POST-HOC re-analysis (reviewer R2/E5); does not change any primary decision
X1-Llama/OBQA/Text,obqa,reference,Text,833,INVALID,A,INVALID->label,declaration_several_letters,answer_phrase_first_ABCD_char,/,answer|correct,True,False,ABCD,The correct answer is A/B/C/D.,POST-HOC re-analysis (reviewer R2/E5); does not change any primary decision
X1-Llama/OBQA/Text,obqa,R,Text,10-357,INVALID,A,INVALID->label,declaration_several_letters,answer_phrase_first_ABCD_char,/,answer|correct,False,True,ABCD,The correct answer is A/B/C/D.,POST-HOC re-analysis (reviewer R2/E5); does not change any primary decision
X1-Llama/OBQA/Text,obqa,R,Text,11-67,INVALID,A,INVALID->label,declaration_several_letters,answer_phrase_first_ABCD_char,/,answer|correct,False,True,ABCD,The correct answer is A/B/C/D.,POST-HOC re-analysis (reviewer R2/E5); does not change any primary decision
X1-Llama/OBQA/Text,obqa,R,Text,14-638,INVALID,A,INVALID->label,declaration_several_letters,answer_phrase_first_ABCD_char,/,answer|correct,True,True,ABCD,The correct answer is A/B/C/D.,POST-HOC re-analysis (reviewer R2/E5); does not change any primary decision
X1-Llama/OBQA/Text,obqa,reference,Text,9-1072,INVALID,A,INVALID->label,declaration_several_letters,answer_phrase_first_ABCD_char,/,answer|correct,False,False,ABCD,The correct answer is A/B/D.,POST-HOC re-analysis (reviewer R2/E5); does not change any primary decision
X1-Llama/OBQA/Text,obqa,R,Text,13-991,INVALID,A,INVALID->label,declaration_several_letters,answer_phrase_first_ABCD_char,/,answer|correct,False,True,ABCD,The correct answer is A/B/C/D.,POST-HOC re-analysis (reviewer R2/E5); does not change any primary decision
X1-Llama/OBQA/Text,obqa,reference,Text,7-579,INVALID,A,INVALID->label,declaration_several_letters,answer_phrase_first_ABCD_char,/,answer|correct,True,True,ABCD,The correct answer is A/B/C/D.,POST-HOC re-analysis (reviewer R2/E5); does not change any primary decision
X1-Llama/OBQA/Text,obqa,reference,Text,1950,INVALID,A,INVALID->label,declaration_several_letters,answer_phrase_first_ABCD_char,/,answer|correct,True,True,ABCD,The correct answer is A/B/C/D.,POST-HOC re-analysis (reviewer R2/E5); does not change any primary decision
X1-Llama/OBQA/Text,obqa,reference,Text,12-667,INVALID,A,INVALID->label,declaration_several_letters,answer_phrase_first_ABCD_char,/,answer|correct,True,True,ABCD,The correct answer is A/B/C/D.,POST-HOC re-analysis (reviewer R2/E5); does not change any primary decision
X1-Llama/OBQA/Text,obqa,reference,Text,13-891,INVALID,A,INVALID->label,declaration_several_letters,answer_phrase_first_ABCD_char,/,answer|correct,True,True,ABCD,The correct answer is A/B/C/D.,POST-HOC re-analysis (reviewer R2/E5); does not change any primary decision
X1-Llama/OBQA/Text,obqa,R,Text,11-332,INVALID,A,INVALID->label,declaration_several_letters,answer_phrase_first_ABCD_char,/,answer|correct,True,True,ABCD,The correct answer is A/B/C/D.,POST-HOC re-analysis (reviewer R2/E5); does not change any primary decision
X1-Llama/OBQA/Text,obqa,R,Text,8-219,INVALID,A,INVALID->label,declaration_several_letters,answer_phrase_first_ABCD_char,/,answer|correct,True,True,ABCD,The correct answer is A/B/C/D.,POST-HOC re-analysis (reviewer R2/E5); does not change any primary decision
X1-Llama/OBQA/Text,obqa,R,Text,10-1061,INVALID,A,INVALID->label,declaration_several_letters,answer_phrase_first_ABCD_char,/,answer|correct,False,True,ABCD,The correct answer is A/B/C/D.,POST-HOC re-analysis (reviewer R2/E5); does not change any primary decision
X1-Llama/OBQA/Text,obqa,R,Text,13-904,INVALID,A,INVALID->label,declaration_several_letters,answer_phrase_first_ABCD_char,/,answer|correct,False,True,ABCD,The correct answer is A/B/C/D.,POST-HOC re-analysis (reviewer R2/E5); does not change any primary decision
X1-Llama/OBQA/Text,obqa,R,Text,11-490,INVALID,A,INVALID->label,declaration_several_letters,answer_phrase_first_ABCD_char,/,answer|correct,True,True,ABCD,The correct answer is A/B/C/D.,POST-HOC re-analysis (reviewer R2/E5); does not change any primary decision
X1-Llama/OBQA/Text,obqa,R,Text,1826,INVALID,A,INVALID->label,declaration_several_letters,answer_phrase_first_ABCD_char,/,answer|correct,True,True,ABCD,The correct answer is A/B/C/D.,POST-HOC re-analysis (reviewer R2/E5); does not change any primary decision
X1-Llama/OBQA/Text,obqa,R,Text,10-308,INVALID,A,INVALID->label,declaration_several_letters,answer_phrase_first_ABCD_char,/,answer|correct,True,True,ABCD,The correct answer is A/B/C/D.,POST-HOC re-analysis (reviewer R2/E5); does not change any primary decision
X1-Llama/OBQA/Text,obqa,R,Text,7-525,INVALID,A,INVALID->label,declaration_several_letters,answer_phrase_first_ABCD_char,/,answer|correct,False,True,ABCD,The correct answer is A/B/C/D.,POST-HOC re-analysis (reviewer R2/E5); does not change any primary decision
X1-Llama/OBQA/Text,obqa,reference,Text,7-525,INVALID,A,INVALID->label,declaration_several_letters,answer_phrase_first_ABCD_char,/,answer|correct,False,True,ABCD,The correct answer is A/B/D.,POST-HOC re-analysis (reviewer R2/E5); does not change any primary decision
X1-Llama/OBQA/Text,obqa,reference,Text,13-679,INVALID,A,INVALID->label,declaration_several_letters,answer_phrase_first_ABCD_char,/,answer|correct,True,True,ABCD,The correct answer is A/B/C/D.,POST-HOC re-analysis (reviewer R2/E5); does not change any primary decision
X1-Llama/OBQA/Text,obqa,reference,Text,10-1047,INVALID,A,INVALID->label,declaration_several_letters,answer_phrase_first_ABCD_char,/,answer|correct,True,True,ABCD,The correct answer is A/B/C/D.,POST-HOC re-analysis (reviewer R2/E5); does not change any primary decision
X1-Llama/OBQA/Text,obqa,R,Text,8-172,INVALID,A,INVALID->label,declaration_several_letters,answer_phrase_first_ABCD_char,/,answer|correct,False,True,ABCD,The correct answer is A/B/C/D.,POST-HOC re-analysis (reviewer R2/E5); does not change any primary decision
X1-Llama/OBQA/Text,obqa,R,Text,13-166,INVALID,A,INVALID->label,declaration_several_letters,answer_phrase_first_ABCD_char,/,answer|correct,False,True,ABCD,The correct answer is A/B/C/D.,POST-HOC re-analysis (reviewer R2/E5); does not change any primary decision
X1-Llama/OBQA/Text,obqa,R,Text,1721,INVALID,A,INVALID->label,declaration_several_letters,answer_phrase_first_ABCD_char,/,answer|correct,False,True,ABCD,The correct answer is A/B/C/D.,POST-HOC re-analysis (reviewer R2/E5); does not change any primary decision
X1-Llama/OBQA/Text,obqa,reference,Text,1721,INVALID,A,INVALID->label,declaration_several_letters,answer_phrase_first_ABCD_char,/,answer|correct,False,True,ABCD,The correct answer is A/B/C/D.,POST-HOC re-analysis (reviewer R2/E5); does not change any primary decision
X1-Llama/OBQA/Text,obqa,R,Text,1944,INVALID,A,INVALID->label,declaration_several_letters,answer_phrase_first_ABCD_char,/,answer|correct,True,True,ABCD,The correct answer is A/B/C/D.,POST-HOC re-analysis (reviewer R2/E5); does not change any primary decision
X1-Llama/OBQA/Text,obqa,R,Text,14-396,INVALID,A,INVALID->label,declaration_several_letters,answer_phrase_first_ABCD_char,/,answer|correct,False,True,ABCD,The correct answer is A/B/C/D.,POST-HOC re-analysis (reviewer R2/E5); does not change any primary decision
X1-Llama/OBQA/Text,obqa,reference,Text,14-396,INVALID,A,INVALID->label,declaration_several_letters,answer_phrase_first_ABCD_char,/,answer|correct,False,True,ABCD,The correct answer is A/B/C/D.,POST-HOC re-analysis (reviewer R2/E5); does not change any primary decision
X1-Llama/OBQA/Text,obqa,R,Text,10-855,INVALID,A,INVALID->label,declaration_several_letters,answer_phrase_first_ABCD_char,/,answer|correct,True,True,ABCD,The correct answer is A/B/C/D.,POST-HOC re-analysis (reviewer R2/E5); does not change any primary decision
X1-Llama/OBQA/Text,obqa,R,Text,370,INVALID,A,INVALID->label,declaration_several_letters,answer_phrase_first_ABCD_char,/,answer|correct,False,True,ABCD,The correct answer is A/B/C/D.,POST-HOC re-analysis (reviewer R2/E5); does not change any primary decision
X1-Llama/OBQA/Text,obqa,reference,Text,370,INVALID,A,INVALID->label,declaration_several_letters,answer_phrase_first_ABCD_char,/,answer|correct,False,True,ABCD,The correct answer is A/B/C/D.,POST-HOC re-analysis (reviewer R2/E5); does not change any primary decision
X1-Llama/OBQA/Text,obqa,R,Text,14-1416,INVALID,A,INVALID->label,declaration_several_letters,answer_phrase_first_ABCD_char,/,answer|correct,False,True,ABCD,The correct answer is A/B/C/D.,POST-HOC re-analysis (reviewer R2/E5); does not change any primary decision
X1-Llama/OBQA/Text,obqa,R,Text,8-439,INVALID,A,INVALID->label,declaration_several_letters,answer_phrase_first_ABCD_char,/,answer|correct,True,True,ABCD,The correct answer is A/B/C/D.,POST-HOC re-analysis (reviewer R2/E5); does not change any primary decision
X1-Llama/OBQA/Text,obqa,R,Text,13-666,INVALID,A,INVALID->label,declaration_several_letters,answer_phrase_first_ABCD_char,/,answer|correct,True,True,ABCD,The correct answer is A/B/C/D.,POST-HOC re-analysis (reviewer R2/E5); does not change any primary decision
X1-Llama/OBQA/Text,obqa,reference,Text,13-370,INVALID,A,INVALID->label,declaration_several_letters,answer_phrase_first_ABCD_char,/,answer|correct,True,False,ABCD,The correct answer is A/B/C/D.,POST-HOC re-analysis (reviewer R2/E5); does not change any primary decision
X1-Llama/OBQA/Text,obqa,R,Text,712,INVALID,A,INVALID->label,declaration_several_letters,answer_phrase_first_ABCD_char,/,answer|correct,False,True,ABCD,The correct answer is A/B/C/D.,POST-HOC re-analysis (reviewer R2/E5); does not change any primary decision
X1-Llama/OBQA/Text,obqa,R,Text,7-975,INVALID,A,INVALID->label,declaration_several_letters,answer_phrase_first_ABCD_char,/,answer|correct,False,True,ABCD,The correct answer is A/B/C/D.,POST-HOC re-analysis (reviewer R2/E5); does not change any primary decision
X1-Llama/OBQA/Text,obqa,reference,Text,7-975,INVALID,A,INVALID->label,declaration_several_letters,answer_phrase_first_ABCD_char,/,answer|correct,False,True,ABCD,The correct answer is A/B/C/D.,POST-HOC re-analysis (reviewer R2/E5); does not change any primary decision
X1-Llama/OBQA/Text,obqa,R,Text,12-1137,INVALID,A,INVALID->label,declaration_several_letters,answer_phrase_first_ABCD_char,/,answer|correct,False,True,ABCD,The correct answer is A/B/C/D.,POST-HOC re-analysis (reviewer R2/E5); does not change any primary decision
X1-Llama/OBQA/Text,obqa,reference,Text,12-1137,INVALID,A,INVALID->label,declaration_several_letters,answer_phrase_first_ABCD_char,/,answer|correct,False,True,ABCD,The correct answer is A/B/D.,POST-HOC re-analysis (reviewer R2/E5); does not change any primary decision
X1-Llama/OBQA/Text,obqa,reference,Text,8-254,INVALID,A,INVALID->label,declaration_several_letters,answer_phrase_first_ABCD_char,/,answer|correct,True,True,ABCD,The correct answer is A/B/C/D.,POST-HOC re-analysis (reviewer R2/E5); does not change any primary decision
X1-Llama/OBQA/Text,obqa,R,Text,12-957,INVALID,A,INVALID->label,declaration_several_letters,answer_phrase_first_ABCD_char,/,answer|correct,False,True,ABCD,The correct answer is A/B/C/D.,POST-HOC re-analysis (reviewer R2/E5); does not change any primary decision
X1-Llama/OBQA/Text,obqa,R,Text,11-219,INVALID,A,INVALID->label,declaration_several_letters,answer_phrase_first_ABCD_char,/,answer|correct,False,True,ABCD,The correct answer is A/B/C/D.,POST-HOC re-analysis (reviewer R2/E5); does not change any primary decision
X1-Llama/OBQA/Text,obqa,reference,Text,11-219,INVALID,A,INVALID->label,declaration_several_letters,answer_phrase_first_ABCD_char,/,answer|correct,False,True,ABCD,The correct answer is A/B/C/D.,POST-HOC re-analysis (reviewer R2/E5); does not change any primary decision
X1-Llama/OBQA/Text,obqa,reference,Text,1094,INVALID,A,INVALID->label,declaration_several_letters,answer_phrase_first_ABCD_char,/,answer|correct,True,False,ABCD,The correct answer is A/B/C/D.,POST-HOC re-analysis (reviewer R2/E5); does not change any primary decision
X1-Llama/OBQA/Text,obqa,R,Text,13-901,INVALID,A,INVALID->label,declaration_several_letters,answer_phrase_first_ABCD_char,/,answer|correct,True,True,ABCD,The correct answer is A/B/C/D.,POST-HOC re-analysis (reviewer R2/E5); does not change any primary decision
X1-Llama/OBQA/Text,obqa,R,Text,11-27,INVALID,A,INVALID->label,declaration_several_letters,answer_phrase_first_ABCD_char,/,answer|correct,False,True,ABCD,The correct answer is A/B/C/D.,POST-HOC re-analysis (reviewer R2/E5); does not change any primary decision
X1-Llama/OBQA/Text,obqa,R,Text,10-614,INVALID,A,INVALID->label,declaration_several_letters,answer_phrase_first_ABCD_char,/,answer|correct,True,True,ABCD,The correct answer is A/B/C/D.,POST-HOC re-analysis (reviewer R2/E5); does not change any primary decision
X1-Llama/OBQA/Text,obqa,R,Text,475,INVALID,A,INVALID->label,declaration_several_letters,answer_phrase_first_ABCD_char,/,answer|correct,True,True,ABCD,The correct answer is A/B/C/D.,POST-HOC re-analysis (reviewer R2/E5); does not change any primary decision
X1-Llama/OBQA/Text,obqa,reference,Text,13-947,INVALID,A,INVALID->label,declaration_several_letters,answer_phrase_first_ABCD_char,/,answer|correct,True,False,ABCD,The correct answer is A/B/C/D.,POST-HOC re-analysis (reviewer R2/E5); does not change any primary decision
X1-Llama/OBQA/Text,obqa,R,Text,10-727,INVALID,A,INVALID->label,declaration_several_letters,answer_phrase_first_ABCD_char,/,answer|correct,True,True,ABCD,The correct answer is A/B/C/D.,POST-HOC re-analysis (reviewer R2/E5); does not change any primary decision
X1-Llama/OBQA/Text,obqa,R,Text,1365,INVALID,A,INVALID->label,declaration_several_letters,answer_phrase_first_ABCD_char,/,answer|correct,True,True,ABCD,The correct answer is A/B/C/D.,POST-HOC re-analysis (reviewer R2/E5); does not change any primary decision
X1-Llama/OBQA/Text,obqa,R,Text,96,INVALID,A,INVALID->label,declaration_several_letters,answer_phrase_first_ABCD_char,/,answer|correct,False,True,ABCD,The correct answer is A/B/C/D.,POST-HOC re-analysis (reviewer R2/E5); does not change any primary decision
X1-Llama/OBQA/Text,obqa,R,Text,10-1054,INVALID,A,INVALID->label,declaration_several_letters,answer_phrase_first_ABCD_char,/,answer|correct,True,True,ABCD,The correct answer is A/B/C/D.,POST-HOC re-analysis (reviewer R2/E5); does not change any primary decision
X1-Llama/OBQA/Text,obqa,R,Text,11-56,INVALID,A,INVALID->label,declaration_several_letters,answer_phrase_first_ABCD_char,/,answer|correct,True,True,ABCD,The correct answer is A/B/C/D.,POST-HOC re-analysis (reviewer R2/E5); does not change any primary decision
X1-Llama/OBQA/Text,obqa,R,Text,8-297,INVALID,A,INVALID->label,declaration_several_letters,answer_phrase_first_ABCD_char,/,answer|correct,True,True,ABCD,The correct answer is A/B/C/D.,POST-HOC re-analysis (reviewer R2/E5); does not change any primary decision
X1-Llama/OBQA/Text,obqa,R,Text,7-51,INVALID,A,INVALID->label,declaration_several_letters,answer_phrase_first_ABCD_char,/,answer|correct,False,True,ABCD,The correct answer is A/B/C/D.,POST-HOC re-analysis (reviewer R2/E5); does not change any primary decision
X1-Llama/OBQA/Text,obqa,reference,Text,7-51,INVALID,A,INVALID->label,declaration_several_letters,answer_phrase_first_ABCD_char,/,answer|correct,False,True,ABCD,The correct answer is A/B/C/D.,POST-HOC re-analysis (reviewer R2/E5); does not change any primary decision
X1-Llama/OBQA/Text,obqa,R,Text,10-206,INVALID,A,INVALID->label,declaration_several_letters,answer_phrase_first_ABCD_char,/,answer|correct,True,True,ABCD,The correct answer is A/B/C/D.,POST-HOC re-analysis (reviewer R2/E5); does not change any primary decision
X1-Llama/OBQA/Text,obqa,reference,Text,7-1065,INVALID,A,INVALID->label,declaration_several_letters,answer_phrase_first_ABCD_char,/,answer|correct,False,False,ABCD,The correct answer is A/B/C/D.,POST-HOC re-analysis (reviewer R2/E5); does not change any primary decision
X1-Llama/OBQA/Text,obqa,R,Text,14-674,INVALID,A,INVALID->label,declaration_several_letters,answer_phrase_first_ABCD_char,/,answer|correct,False,True,ABCD,The correct answer is A/B/C/D.,POST-HOC re-analysis (reviewer R2/E5); does not change any primary decision
X1-Llama/OBQA/Text,obqa,R,Text,14-1436,INVALID,A,INVALID->label,declaration_several_letters,answer_phrase_first_ABCD_char,/,answer|correct,False,True,ABCD,The correct answer is A/B/C/D.,POST-HOC re-analysis (reviewer R2/E5); does not change any primary decision
X1-Llama/OBQA/Text,obqa,R,Text,7-190,INVALID,A,INVALID->label,declaration_several_letters,answer_phrase_first_ABCD_char,/,answer|correct,True,True,ABCD,The correct answer is A/B/C/D.,POST-HOC re-analysis (reviewer R2/E5); does not change any primary decision
X1-Llama/OBQA/Text,obqa,reference,Text,11-245,INVALID,A,INVALID->label,declaration_several_letters,answer_phrase_first_ABCD_char,/,answer|correct,True,True,ABCD,The correct answer is A/B/C/D.,POST-HOC re-analysis (reviewer R2/E5); does not change any primary decision
X1-Llama/OBQA/Text,obqa,R,Text,1427,INVALID,A,INVALID->label,declaration_several_letters,answer_phrase_first_ABCD_char,/,answer|correct,True,True,ABCD,The correct answer is A/B/C/D.,POST-HOC re-analysis (reviewer R2/E5); does not change any primary decision
X1-Llama/OBQA/Text,obqa,R,Text,9-494,INVALID,A,INVALID->label,declaration_several_letters,answer_phrase_first_ABCD_char,/,answer|correct,False,True,ABCD,The correct answer is A/B/C/D.,POST-HOC re-analysis (reviewer R2/E5); does not change any primary decision
X1-Llama/OBQA/Text,obqa,R,Text,9-616,INVALID,A,INVALID->label,declaration_several_letters,answer_phrase_first_ABCD_char,/,answer|correct,False,True,ABCD,The correct answer is A/B/C/D.,POST-HOC re-analysis (reviewer R2/E5); does not change any primary decision
X1-Llama/OBQA/Text,obqa,R,Text,14-980,INVALID,A,INVALID->label,declaration_several_letters,answer_phrase_first_ABCD_char,/,answer|correct,False,True,ABCD,The correct answer is A/B/C/D.,POST-HOC re-analysis (reviewer R2/E5); does not change any primary decision
X1-Llama/OBQA/Text,obqa,R,Text,11-477,INVALID,A,INVALID->label,declaration_several_letters,answer_phrase_first_ABCD_char,/,answer|correct,False,True,ABCD,The correct answer is A/B/C/D.,POST-HOC re-analysis (reviewer R2/E5); does not change any primary decision
X1-Llama/OBQA/Text,obqa,reference,Text,10-1208,INVALID,A,INVALID->label,declaration_several_letters,answer_phrase_first_ABCD_char,/,answer|correct,True,True,ABCD,The correct answer is A/B/C/D.,POST-HOC re-analysis (reviewer R2/E5); does not change any primary decision
X1-Llama/OBQA/Text,obqa,reference,Text,10-490,INVALID,A,INVALID->label,declaration_several_letters,answer_phrase_first_ABCD_char,/,answer|correct,False,False,ABCD,The correct answer is A/B/C/D.,POST-HOC re-analysis (reviewer R2/E5); does not change any primary decision
X1-Llama/OBQA/Text,obqa,R,Text,13-391,INVALID,A,INVALID->label,declaration_several_letters,answer_phrase_first_ABCD_char,/,answer|correct,True,True,ABCD,The correct answer is A/B/C/D.,POST-HOC re-analysis (reviewer R2/E5); does not change any primary decision
X1-Llama/OBQA/Text,obqa,reference,Text,8-210,INVALID,A,INVALID->label,declaration_several_letters,answer_phrase_first_ABCD_char,/,answer|correct,False,False,ABCD,The correct answer is A/B/C/D.,POST-HOC re-analysis (reviewer R2/E5); does not change any primary decision
X1-Llama/OBQA/Text,obqa,R,Text,10-622,INVALID,A,INVALID->label,declaration_several_letters,answer_phrase_first_ABCD_char,/,answer|correct,True,True,ABCD,The correct answer is A/B/C/D.,POST-HOC re-analysis (reviewer R2/E5); does not change any primary decision
X1-Llama/OBQA/Text,obqa,R,Text,9-232,INVALID,A,INVALID->label,declaration_several_letters,answer_phrase_first_ABCD_char,/,answer|correct,False,True,ABCD,The correct answer is A/B/C/D.,POST-HOC re-analysis (reviewer R2/E5); does not change any primary decision
X1-Llama/OBQA/Text,obqa,R,Text,11-109,INVALID,A,INVALID->label,declaration_several_letters,answer_phrase_first_ABCD_char,/,answer|correct,True,True,ABCD,The correct answer is A/B/C/D.,POST-HOC re-analysis (reviewer R2/E5); does not change any primary decision
X1-Llama/OBQA/Text,obqa,R,Text,12-1141,INVALID,A,INVALID->label,declaration_several_letters,answer_phrase_first_ABCD_char,/,answer|correct,False,True,ABCD,The correct answer is A/B/C/D.,POST-HOC re-analysis (reviewer R2/E5); does not change any primary decision
X1-Llama/OBQA/Text,obqa,reference,Text,12-1141,INVALID,A,INVALID->label,declaration_several_letters,answer_phrase_first_ABCD_char,/,answer|correct,False,True,ABCD,The correct answer is A/B/C/D.,POST-HOC re-analysis (reviewer R2/E5); does not change any primary decision
X1-Llama/OBQA/Text,obqa,R,Text,14-93,INVALID,A,INVALID->label,declaration_several_letters,answer_phrase_first_ABCD_char,/,answer|correct,True,True,ABCD,The correct answer is A/B/C/D.,POST-HOC re-analysis (reviewer R2/E5); does not change any primary decision
X1-Llama/OBQA/Text,obqa,reference,Text,13-511,INVALID,A,INVALID->label,declaration_several_letters,answer_phrase_first_ABCD_char,/,answer|correct,True,False,ABCD,The correct answer is A/B/C/D.,POST-HOC re-analysis (reviewer R2/E5); does not change any primary decision
X1-Llama/OBQA/Text,obqa,R,Text,12-548,INVALID,A,INVALID->label,declaration_several_letters,answer_phrase_first_ABCD_char,/,answer|correct,False,True,ABCD,The correct answer is A/B/C/D.,POST-HOC re-analysis (reviewer R2/E5); does not change any primary decision
X1-Llama/OBQA/Text,obqa,reference,Text,8-212,INVALID,A,INVALID->label,declaration_several_letters,answer_phrase_first_ABCD_char,/,answer|correct,True,False,ABCD,The correct answer is A/B/C/D.,POST-HOC re-analysis (reviewer R2/E5); does not change any primary decision
X1-Llama/OBQA/C2C,obqa,reference,C2C,7-408,INVALID,A,INVALID->label,declaration_several_letters,answer_phrase_first_ABCD_char,/,answer|correct,True,True,ABCD,"The correct answer is A/B/C/D: ""The correct answer is A/B/C/D""",POST-HOC re-analysis (reviewer R2/E5); does not change any primary decision
X1-Llama/OBQA/C2C,obqa,R,C2C,1962,INVALID,A,INVALID->label,declaration_several_letters,answer_phrase_first_ABCD_char,/,answer|correct,False,True,ABCD,The correct answer is A/B/C/D.,POST-HOC re-analysis (reviewer R2/E5); does not change any primary decision
X1-Llama/OBQA/C2C,obqa,R,C2C,1494,INVALID,A,INVALID->label,declaration_several_letters,answer_phrase_first_ABCD_char,/,answer|correct,False,True,ABCD,The correct answer is A/B/C/D.,POST-HOC re-analysis (reviewer R2/E5); does not change any primary decision
X1-Llama/OBQA/C2C,obqa,R,C2C,12-937,INVALID,A,INVALID->label,declaration_several_letters,answer_phrase_first_ABCD_char,/,answer|correct,False,True,ABCD,The correct answer is A/B/C/D.,POST-HOC re-analysis (reviewer R2/E5); does not change any primary decision
X1-Llama/OBQA/C2C,obqa,R,C2C,14-798,INVALID,A,INVALID->label,declaration_several_letters,answer_phrase_first_ABCD_char,/,answer|correct,False,True,ABCD,The correct answer is A/B/C/D.,POST-HOC re-analysis (reviewer R2/E5); does not change any primary decision
X1-Llama/OBQA/C2C,obqa,R,C2C,12-142,INVALID,A,INVALID->label,declaration_several_letters,answer_phrase_first_ABCD_char,/,answer|correct,False,True,ABCD,The correct answer is A/B/C/D.,POST-HOC re-analysis (reviewer R2/E5); does not change any primary decision
X1-Llama/OBQA/C2C,obqa,R,C2C,1442,INVALID,A,INVALID->label,declaration_several_letters,answer_phrase_first_ABCD_char,/,answer|correct,False,True,ABCD,The correct answer is A/B/C/D.,POST-HOC re-analysis (reviewer R2/E5); does not change any primary decision
X1-Llama/OBQA/C2C,obqa,reference,C2C,13-799,INVALID,A,INVALID->label,declaration_several_letters,answer_phrase_first_ABCD_char,/,answer|correct,True,False,ABCD,"The correct answer is A/B/C/D: ""The correct answer is A/B/C/D: ""The correct answ",POST-HOC re-analysis (reviewer R2/E5); does not change any primary decision
X1-Llama/OBQA/C2C,obqa,reference,C2C,13-972,INVALID,A,INVALID->label,declaration_several_letters,answer_phrase_first_ABCD_char,/,answer|correct,True,False,ABCD,The correct answer is A/B/C/D:  6  7  8  9  10  11  12  13  14  15  16  17  18  ,POST-HOC re-analysis (reviewer R2/E5); does not change any primary decision
X1-Llama/OBQA/C2C,obqa,reference,C2C,14-887,INVALID,A,INVALID->label,declaration_several_letters,answer_phrase_first_ABCD_char,/,answer|correct,True,False,ABCD,"The correct answer is A/B/C/D: ""The correct answer is A/B/C/D: ""The correct answ",POST-HOC re-analysis (reviewer R2/E5); does not change any primary decision
X1-Llama/OBQA/C2C,obqa,reference,C2C,1938,INVALID,A,INVALID->label,declaration_several_letters,answer_phrase_first_ABCD_char,/,answer|correct,True,False,ABCD,The correct answer is A/B/C/D.,POST-HOC re-analysis (reviewer R2/E5); does not change any primary decision
X1-Llama/OBQA/C2C,obqa,reference,C2C,14-770,INVALID,A,INVALID->label,declaration_several_letters,answer_phrase_first_ABCD_char,/,answer|correct,True,False,ABCD,"The correct answer is A/B/C/D: ""The correct answer is A/B/C/D: ""The correct answ",POST-HOC re-analysis (reviewer R2/E5); does not change any primary decision
X1-Llama/OBQA/C2C,obqa,R,C2C,1766,INVALID,A,INVALID->label,declaration_several_letters,answer_phrase_first_ABCD_char,/,answer|correct,False,True,ABCD,The correct answer is A/B/C/D.,POST-HOC re-analysis (reviewer R2/E5); does not change any primary decision
X1-Llama/OBQA/C2C,obqa,reference,C2C,11-89,INVALID,A,INVALID->label,declaration_several_letters,answer_phrase_first_ABCD_char,/,answer|correct,True,False,ABCD,The correct answer is A/B/C/D.,POST-HOC re-analysis (reviewer R2/E5); does not change any primary decision
X1-Llama/OBQA/C2C,obqa,reference,C2C,10-989,INVALID,A,INVALID->label,declaration_several_letters,answer_phrase_first_ABCD_char,/,answer|correct,True,False,ABCD,"The correct answer is A/B/C/D: ""The correct answer is A/B/C/D: ""The correct answ",POST-HOC re-analysis (reviewer R2/E5); does not change any primary decision
X1-Llama/OBQA/C2C,obqa,R,C2C,10-357,INVALID,A,INVALID->label,declaration_several_letters,answer_phrase_first_ABCD_char,/,answer|correct,False,True,ABCD,The correct answer is A/B/C/D.,POST-HOC re-analysis (reviewer R2/E5); does not change any primary decision
X1-Llama/OBQA/C2C,obqa,R,C2C,11-67,INVALID,A,INVALID->label,declaration_several_letters,answer_phrase_first_ABCD_char,/,answer|correct,False,True,ABCD,The correct answer is A/B/C/D.,POST-HOC re-analysis (reviewer R2/E5); does not change any primary decision
X1-Llama/OBQA/C2C,obqa,R,C2C,14-638,INVALID,A,INVALID->label,declaration_several_letters,answer_phrase_first_ABCD_char,/,answer|correct,False,True,ABCD,The correct answer is A/B/C/D.,POST-HOC re-analysis (reviewer R2/E5); does not change any primary decision
X1-Llama/OBQA/C2C,obqa,R,C2C,13-991,INVALID,A,INVALID->label,declaration_several_letters,answer_phrase_first_ABCD_char,/,answer|correct,False,True,ABCD,The correct answer is A/B/C/D.,POST-HOC re-analysis (reviewer R2/E5); does not change any primary decision
X1-Llama/OBQA/C2C,obqa,reference,C2C,10-509,INVALID,A,INVALID->label,declaration_several_letters,answer_phrase_first_ABCD_char,/,answer|correct,True,False,ABCD,The correct answer is A/B/C/D.,POST-HOC re-analysis (reviewer R2/E5); does not change any primary decision
X1-Llama/OBQA/C2C,obqa,reference,C2C,13-203,INVALID,A,INVALID->label,declaration_several_letters,answer_phrase_first_ABCD_char,/,answer|correct,True,False,ABCD,"The correct answer is A/B/C/D: 
Question
User
The correct answer is A/B/C/D:",POST-HOC re-analysis (reviewer R2/E5); does not change any primary decision
X1-Llama/OBQA/C2C,obqa,reference,C2C,10-1115,INVALID,A,INVALID->label,declaration_several_letters,answer_phrase_first_ABCD_char,/,answer|correct,True,False,ABCD,The correct answer is A/B/C/D.,POST-HOC re-analysis (reviewer R2/E5); does not change any primary decision
X1-Llama/OBQA/C2C,obqa,R,C2C,11-332,INVALID,A,INVALID->label,declaration_several_letters,answer_phrase_first_ABCD_char,/,answer|correct,False,True,ABCD,The correct answer is A/B/C/D.,POST-HOC re-analysis (reviewer R2/E5); does not change any primary decision
X1-Llama/OBQA/C2C,obqa,reference,C2C,10-668,INVALID,A,INVALID->label,declaration_several_letters,answer_phrase_first_ABCD_char,/,answer|correct,True,False,ABCD,The correct answer is A/B/C/D:  6  7  8  9  10  11  12  13  14  15  16  17  18  ,POST-HOC re-analysis (reviewer R2/E5); does not change any primary decision
X1-Llama/OBQA/C2C,obqa,reference,C2C,12-625,INVALID,A,INVALID->label,declaration_several_letters,answer_phrase_first_ABCD_char,/,answer|correct,True,False,ABCD,"The correct answer is A/B/C/D: ""The correct answer is A/B/C/D: ""The correct answ",POST-HOC re-analysis (reviewer R2/E5); does not change any primary decision
X1-Llama/OBQA/C2C,obqa,reference,C2C,7-466,INVALID,A,INVALID->label,declaration_several_letters,answer_phrase_first_ABCD_char,/,answer|correct,True,False,ABCD,The correct answer is A/B/C/D.,POST-HOC re-analysis (reviewer R2/E5); does not change any primary decision
X1-Llama/OBQA/C2C,obqa,R,C2C,8-219,INVALID,A,INVALID->label,declaration_several_letters,answer_phrase_first_ABCD_char,/,answer|correct,False,True,ABCD,The correct answer is A/B/C/D.,POST-HOC re-analysis (reviewer R2/E5); does not change any primary decision
X1-Llama/OBQA/C2C,obqa,reference,C2C,8-219,INVALID,A,INVALID->label,declaration_several_letters,answer_phrase_first_ABCD_char,/,answer|correct,False,True,ABCD,The correct answer is A/B/C/D.,POST-HOC re-analysis (reviewer R2/E5); does not change any primary decision
X1-Llama/OBQA/C2C,obqa,reference,C2C,8-78,INVALID,A,INVALID->label,declaration_several_letters,answer_phrase_first_ABCD_char,/,answer|correct,True,False,ABCD,"The correct answer is A/B/C/D: 
user
####",POST-HOC re-analysis (reviewer R2/E5); does not change any primary decision
X1-Llama/OBQA/C2C,obqa,R,C2C,10-1061,INVALID,A,INVALID->label,declaration_several_letters,answer_phrase_first_ABCD_char,/,answer|correct,True,True,ABCD,The correct answer is A/B/C/D.,POST-HOC re-analysis (reviewer R2/E5); does not change any primary decision
X1-Llama/OBQA/C2C,obqa,reference,C2C,10-1061,INVALID,B,INVALID->label,repeated_declaration_same_letter,answer_phrase_first_ABCD_char,,answer|correct,True,True,ABCD,The correct answer is B. The correct answer is B. The correct answer is B. The c,POST-HOC re-analysis (reviewer R2/E5); does not change any primary decision
X1-Llama/OBQA/C2C,obqa,R,C2C,13-904,INVALID,A,INVALID->label,declaration_several_letters,answer_phrase_first_ABCD_char,/,answer|correct,False,True,ABCD,The correct answer is A/B/C/D.,POST-HOC re-analysis (reviewer R2/E5); does not change any primary decision
X1-Llama/OBQA/C2C,obqa,R,C2C,11-490,INVALID,A,INVALID->label,declaration_several_letters,answer_phrase_first_ABCD_char,/,answer|correct,True,True,ABCD,The correct answer is A/B/C/D.,POST-HOC re-analysis (reviewer R2/E5); does not change any primary decision
X1-Llama/OBQA/C2C,obqa,reference,C2C,12-622,INVALID,A,INVALID->label,declaration_several_letters,answer_phrase_first_ABCD_char,/,answer|correct,True,False,ABCD,"The correct answer is A/B/C/D: ""The correct answer is A/B/C/D"": ""The correct ans",POST-HOC re-analysis (reviewer R2/E5); does not change any primary decision
X1-Llama/OBQA/C2C,obqa,reference,C2C,14-152,INVALID,A,INVALID->label,declaration_several_letters,answer_phrase_first_ABCD_char,/,answer|correct,True,False,ABCD,"The correct answer is A/B/C/D: ""The correct answer is A/B/C/D"": ""The correct ans",POST-HOC re-analysis (reviewer R2/E5); does not change any primary decision
X1-Llama/OBQA/C2C,obqa,R,C2C,1826,INVALID,A,INVALID->label,declaration_several_letters,answer_phrase_first_ABCD_char,/,answer|correct,False,True,ABCD,The correct answer is A/B/C/D.,POST-HOC re-analysis (reviewer R2/E5); does not change any primary decision
X1-Llama/OBQA/C2C,obqa,reference,C2C,12-841,INVALID,B,INVALID->label,repeated_declaration_same_letter,answer_phrase_first_ABCD_char,,answer|correct,True,True,ABCD,The correct answer is B. The correct answer is B. The correct answer is B. The c,POST-HOC re-analysis (reviewer R2/E5); does not change any primary decision
X1-Llama/OBQA/C2C,obqa,R,C2C,10-308,INVALID,A,INVALID->label,declaration_several_letters,answer_phrase_first_ABCD_char,/,answer|correct,True,True,ABCD,The correct answer is A/B/C/D.,POST-HOC re-analysis (reviewer R2/E5); does not change any primary decision
X1-Llama/OBQA/C2C,obqa,R,C2C,7-525,INVALID,A,INVALID->label,declaration_several_letters,answer_phrase_first_ABCD_char,/,answer|correct,True,True,ABCD,The correct answer is A/B/C/D.,POST-HOC re-analysis (reviewer R2/E5); does not change any primary decision
X1-Llama/OBQA/C2C,obqa,reference,C2C,14-1156,INVALID,A,INVALID->label,declaration_several_letters,answer_phrase_first_ABCD_char,/,answer|correct,True,False,ABCD,The correct answer is A/B/C/D: The correct answer is A/B/C/D: The correct answer,POST-HOC re-analysis (reviewer R2/E5); does not change any primary decision
X1-Llama/OBQA/C2C,obqa,reference,C2C,12-873,INVALID,A,INVALID->label,declaration_several_letters,answer_phrase_first_ABCD_char,/,answer|correct,True,False,ABCD,The correct answer is A/B/C/D:  6  7  8  9  10  11  12  13  14  15  16  17  18  ,POST-HOC re-analysis (reviewer R2/E5); does not change any primary decision
X1-Llama/OBQA/C2C,obqa,reference,C2C,14-438,INVALID,A,INVALID->label,declaration_several_letters,answer_phrase_first_ABCD_char,/,answer|correct,True,False,ABCD,"The correct answer is A/B/C/D: 
Question
User
The correct answer is A/B/C/D: 
Qu",POST-HOC re-analysis (reviewer R2/E5); does not change any primary decision
X1-Llama/OBQA/C2C,obqa,reference,C2C,12-837,INVALID,A,INVALID->label,declaration_several_letters,answer_phrase_first_ABCD_char,/,answer|correct,True,False,ABCD,"The correct answer is A/B/C/D: 
Question
The user has provided the following inf",POST-HOC re-analysis (reviewer R2/E5); does not change any primary decision
X1-Llama/OBQA/C2C,obqa,reference,C2C,7-905,INVALID,A,INVALID->label,declaration_several_letters,answer_phrase_first_ABCD_char,/,answer|correct,True,False,ABCD,"The correct answer is A/B/C/D: ""The correct answer is A/B/C/D: ""The correct answ",POST-HOC re-analysis (reviewer R2/E5); does not change any primary decision
X1-Llama/OBQA/C2C,obqa,R,C2C,8-172,INVALID,A,INVALID->label,declaration_several_letters,answer_phrase_first_ABCD_char,/,answer|correct,False,True,ABCD,The correct answer is A/B/C/D.,POST-HOC re-analysis (reviewer R2/E5); does not change any primary decision
X1-Llama/OBQA/C2C,obqa,reference,C2C,10-432,INVALID,A,INVALID->label,declaration_several_letters,answer_phrase_first_ABCD_char,/,answer|correct,True,False,ABCD,The correct answer is A/B/C/D.,POST-HOC re-analysis (reviewer R2/E5); does not change any primary decision
X1-Llama/OBQA/C2C,obqa,R,C2C,13-166,INVALID,A,INVALID->label,declaration_several_letters,answer_phrase_first_ABCD_char,/,answer|correct,False,True,ABCD,The correct answer is A/B/C/D.,POST-HOC re-analysis (reviewer R2/E5); does not change any primary decision
X1-Llama/OBQA/C2C,obqa,reference,C2C,14-924,INVALID,A,INVALID->label,declaration_several_letters,answer_phrase_first_ABCD_char,/,answer|correct,True,False,ABCD,The correct answer is A/B/C/D.,POST-HOC re-analysis (reviewer R2/E5); does not change any primary decision
X1-Llama/OBQA/C2C,obqa,reference,C2C,14-1015,INVALID,A,INVALID->label,declaration_several_letters,answer_phrase_first_ABCD_char,/,answer|correct,True,True,ABCD,The correct answer is A/B/C/D.,POST-HOC re-analysis (reviewer R2/E5); does not change any primary decision
X1-Llama/OBQA/C2C,obqa,R,C2C,1721,INVALID,A,INVALID->label,declaration_several_letters,answer_phrase_first_ABCD_char,/,answer|correct,False,True,ABCD,The correct answer is A/B/C/D.,POST-HOC re-analysis (reviewer R2/E5); does not change any primary decision
X1-Llama/OBQA/C2C,obqa,reference,C2C,11-97,INVALID,A,INVALID->label,declaration_several_letters,answer_phrase_first_ABCD_char,/,answer|correct,True,False,ABCD,The correct answer is A/B/C/D.,POST-HOC re-analysis (reviewer R2/E5); does not change any primary decision
X1-Llama/OBQA/C2C,obqa,reference,C2C,12-319,INVALID,A,INVALID->label,declaration_several_letters,answer_phrase_first_ABCD_char,/,answer|option|correct,True,False,ABCD,"The correct answer is A/B/C/D: 
Question
The user has provided the question and ",POST-HOC re-analysis (reviewer R2/E5); does not change any primary decision
X1-Llama/OBQA/C2C,obqa,reference,C2C,11-689,INVALID,A,INVALID->label,declaration_several_letters,answer_phrase_first_ABCD_char,/,answer|correct,True,False,ABCD,The correct answer is A/B/C/D.,POST-HOC re-analysis (reviewer R2/E5); does not change any primary decision
X1-Llama/OBQA/C2C,obqa,R,C2C,1944,INVALID,A,INVALID->label,declaration_several_letters,answer_phrase_first_ABCD_char,/,answer|correct,False,True,ABCD,The correct answer is A/B/C/D.,POST-HOC re-analysis (reviewer R2/E5); does not change any primary decision
X1-Llama/OBQA/C2C,obqa,reference,C2C,1944,INVALID,A,INVALID->label,declaration_several_letters,answer_phrase_first_ABCD_char,/,answer|correct,False,True,ABCD,"The correct answer is A/B/C/D: 
user
The correct answer is A/B/C/D: 
user
The co",POST-HOC re-analysis (reviewer R2/E5); does not change any primary decision
X1-Llama/OBQA/C2C,obqa,R,C2C,14-396,INVALID,A,INVALID->label,declaration_several_letters,answer_phrase_first_ABCD_char,/,answer|correct,False,True,ABCD,The correct answer is A/B/C/D.,POST-HOC re-analysis (reviewer R2/E5); does not change any primary decision
X1-Llama/OBQA/C2C,obqa,reference,C2C,10-100,INVALID,A,INVALID->label,declaration_several_letters,answer_phrase_first_ABCD_char,/,answer|correct,True,False,ABCD,"The correct answer is A/B/C/D: ""The correct answer is A/B/C/D: ""The correct answ",POST-HOC re-analysis (reviewer R2/E5); does not change any primary decision
X1-Llama/OBQA/C2C,obqa,R,C2C,10-855,INVALID,A,INVALID->label,declaration_several_letters,answer_phrase_first_ABCD_char,/,answer|correct,False,True,ABCD,The correct answer is A/B/C/D.,POST-HOC re-analysis (reviewer R2/E5); does not change any primary decision
X1-Llama/OBQA/C2C,obqa,R,C2C,370,INVALID,A,INVALID->label,declaration_several_letters,answer_phrase_first_ABCD_char,/,answer|correct,False,True,ABCD,The correct answer is A/B/C/D.,POST-HOC re-analysis (reviewer R2/E5); does not change any primary decision
X1-Llama/OBQA/C2C,obqa,reference,C2C,14-1406,INVALID,A,INVALID->label,declaration_several_letters,answer_phrase_first_ABCD_char,/,answer|correct,True,True,ABCD,"The correct answer is A/B/C/D: 
Question
The user is the one who has to answer t",POST-HOC re-analysis (reviewer R2/E5); does not change any primary decision
X1-Llama/OBQA/C2C,obqa,R,C2C,14-1416,INVALID,A,INVALID->label,declaration_several_letters,answer_phrase_first_ABCD_char,/,answer|correct,False,True,ABCD,The correct answer is A/B/C/D.,POST-HOC re-analysis (reviewer R2/E5); does not change any primary decision
X1-Llama/OBQA/C2C,obqa,R,C2C,8-439,INVALID,A,INVALID->label,declaration_several_letters,answer_phrase_first_ABCD_char,/,answer|correct,False,True,ABCD,The correct answer is A/B/C/D.,POST-HOC re-analysis (reviewer R2/E5); does not change any primary decision
X1-Llama/OBQA/C2C,obqa,R,C2C,13-666,INVALID,A,INVALID->label,declaration_several_letters,answer_phrase_first_ABCD_char,/,answer|correct,False,True,ABCD,The correct answer is A/B/C/D.,POST-HOC re-analysis (reviewer R2/E5); does not change any primary decision
X1-Llama/OBQA/C2C,obqa,reference,C2C,13-666,INVALID,A,INVALID->label,declaration_several_letters,answer_phrase_first_ABCD_char,/,answer|correct,False,True,ABCD,The correct answer is A/B/C/D.,POST-HOC re-analysis (reviewer R2/E5); does not change any primary decision
X1-Llama/OBQA/C2C,obqa,reference,C2C,9-166,INVALID,A,INVALID->label,declaration_several_letters,answer_phrase_first_ABCD_char,/,answer|correct,True,False,ABCD,The correct answer is A/B/C/D.,POST-HOC re-analysis (reviewer R2/E5); does not change any primary decision
X1-Llama/OBQA/C2C,obqa,reference,C2C,13-577,INVALID,A,INVALID->label,declaration_several_letters,answer_phrase_first_ABCD_char,/,answer|correct,True,True,ABCD,"The correct answer is A/B/C/D: 
user
####",POST-HOC re-analysis (reviewer R2/E5); does not change any primary decision
X1-Llama/OBQA/C2C,obqa,reference,C2C,12-632,INVALID,A,INVALID->label,declaration_several_letters,answer_phrase_first_ABCD_char,/,answer|correct,True,False,ABCD,"The correct answer is A/B/C/D: ""The correct answer is A/B/C/D"": ""The correct ans",POST-HOC re-analysis (reviewer R2/E5); does not change any primary decision
X1-Llama/OBQA/C2C,obqa,reference,C2C,7-30,INVALID,A,INVALID->label,declaration_several_letters,answer_phrase_first_ABCD_char,/,answer|correct,True,False,ABCD,The correct answer is A/B/C/D.,POST-HOC re-analysis (reviewer R2/E5); does not change any primary decision
X1-Llama/OBQA/C2C,obqa,reference,C2C,12-883,INVALID,A,INVALID->label,declaration_several_letters,answer_phrase_first_ABCD_char,/,answer|correct,True,False,ABCD,"The correct answer is A/B/C/D: ""user""",POST-HOC re-analysis (reviewer R2/E5); does not change any primary decision
X1-Llama/OBQA/C2C,obqa,reference,C2C,14-9,INVALID,A,INVALID->label,declaration_several_letters,answer_phrase_first_ABCD_char,/,answer|correct,True,False,ABCD,"The correct answer is A/B/C/D: ""The correct answer is A/B/C/D"": ""The correct ans",POST-HOC re-analysis (reviewer R2/E5); does not change any primary decision
X1-Llama/OBQA/C2C,obqa,reference,C2C,10-521,INVALID,A,INVALID->label,declaration_several_letters,answer_phrase_first_ABCD_char,/,answer|correct,True,True,ABCD,The correct answer is A/B/C/D:  6  7  8  9  10  11  12  13  14  15  16  17  18  ,POST-HOC re-analysis (reviewer R2/E5); does not change any primary decision
X1-Llama/OBQA/C2C,obqa,reference,C2C,10-949,INVALID,A,INVALID->label,declaration_several_letters,answer_phrase_first_ABCD_char,/,answer|correct,True,False,ABCD,The correct answer is A/B/C/D.,POST-HOC re-analysis (reviewer R2/E5); does not change any primary decision
X1-Llama/OBQA/C2C,obqa,R,C2C,712,INVALID,A,INVALID->label,declaration_several_letters,answer_phrase_first_ABCD_char,/,answer|correct,False,True,ABCD,The correct answer is A/B/C/D.,POST-HOC re-analysis (reviewer R2/E5); does not change any primary decision
X1-Llama/OBQA/C2C,obqa,R,C2C,7-975,INVALID,A,INVALID->label,declaration_several_letters,answer_phrase_first_ABCD_char,/,answer|correct,False,True,ABCD,The correct answer is A/B/C/D.,POST-HOC re-analysis (reviewer R2/E5); does not change any primary decision
X1-Llama/OBQA/C2C,obqa,reference,C2C,852,INVALID,A,INVALID->label,declaration_several_letters,answer_phrase_first_ABCD_char,/,answer|correct,True,False,ABCD,"The correct answer is A/B/C/D: ""The correct answer is A/B/C/D"": ""The correct ans",POST-HOC re-analysis (reviewer R2/E5); does not change any primary decision
X1-Llama/OBQA/C2C,obqa,R,C2C,12-1137,INVALID,A,INVALID->label,declaration_several_letters,answer_phrase_first_ABCD_char,/,answer|correct,False,True,ABCD,The correct answer is A/B/C/D.,POST-HOC re-analysis (reviewer R2/E5); does not change any primary decision
X1-Llama/OBQA/C2C,obqa,reference,C2C,11-221,INVALID,A,INVALID->label,declaration_several_letters,answer_phrase_first_ABCD_char,/,answer|correct,True,False,ABCD,The correct answer is A/B/C/D.,POST-HOC re-analysis (reviewer R2/E5); does not change any primary decision
X1-Llama/OBQA/C2C,obqa,reference,C2C,7-743,INVALID,A,INVALID->label,declaration_several_letters,answer_phrase_first_ABCD_char,/,answer|correct,True,False,ABCD,"The correct answer is A/B/C/D: 
Question
User
The correct answer is A/B/C/D: 
Qu",POST-HOC re-analysis (reviewer R2/E5); does not change any primary decision
X1-Llama/OBQA/C2C,obqa,R,C2C,12-957,INVALID,A,INVALID->label,declaration_several_letters,answer_phrase_first_ABCD_char,/,answer|correct,False,True,ABCD,The correct answer is A/B/C/D.,POST-HOC re-analysis (reviewer R2/E5); does not change any primary decision
X1-Llama/OBQA/C2C,obqa,reference,C2C,10-1070,INVALID,B,INVALID->label,repeated_declaration_same_letter,answer_phrase_first_ABCD_char,,answer|correct,False,False,ABCD,The correct answer is B. The correct answer is B. The correct answer is B. The c,POST-HOC re-analysis (reviewer R2/E5); does not change any primary decision
X1-Llama/OBQA/C2C,obqa,reference,C2C,10-532,INVALID,A,INVALID->label,declaration_several_letters,answer_phrase_first_ABCD_char,/,answer|correct,True,False,ABCD,"The correct answer is A/B/C/D: ""The correct answer is A/B/C/D"": ""The correct ans",POST-HOC re-analysis (reviewer R2/E5); does not change any primary decision
X1-Llama/OBQA/C2C,obqa,R,C2C,11-219,INVALID,A,INVALID->label,declaration_several_letters,answer_phrase_first_ABCD_char,/,answer|correct,False,True,ABCD,The correct answer is A/B/C/D.,POST-HOC re-analysis (reviewer R2/E5); does not change any primary decision
X1-Llama/OBQA/C2C,obqa,reference,C2C,7-467,INVALID,A,INVALID->label,declaration_several_letters,answer_phrase_first_ABCD_char,/,answer|correct,True,False,ABCD,The correct answer is A/B/C/D.,POST-HOC re-analysis (reviewer R2/E5); does not change any primary decision
X1-Llama/OBQA/C2C,obqa,reference,C2C,9-200,INVALID,A,INVALID->label,declaration_several_letters,answer_phrase_first_ABCD_char,/,answer|correct,True,False,ABCD,"The correct answer is A/B/C/D: ""The correct answer is A/B/C/D"": ""The correct ans",POST-HOC re-analysis (reviewer R2/E5); does not change any primary decision
X1-Llama/OBQA/C2C,obqa,reference,C2C,12-996,INVALID,A,INVALID->label,declaration_several_letters,answer_phrase_first_ABCD_char,/,answer|correct,True,False,ABCD,"The correct answer is A/B/C/D: ""The correct answer is A/B/C/D""",POST-HOC re-analysis (reviewer R2/E5); does not change any primary decision
X1-Llama/OBQA/C2C,obqa,reference,C2C,7-76,INVALID,B,INVALID->label,repeated_declaration_same_letter,answer_phrase_first_ABCD_char,,answer|correct,False,False,ABCD,The correct answer is B. The correct answer is B. The correct answer is B. The c,POST-HOC re-analysis (reviewer R2/E5); does not change any primary decision
X1-Llama/OBQA/C2C,obqa,reference,C2C,9-1133,INVALID,A,INVALID->label,declaration_several_letters,answer_phrase_first_ABCD_char,/,answer|correct,True,False,ABCD,"The correct answer is A/B/C/D: 
user
The answer is A/B/C/D: 
user
The answer is ",POST-HOC re-analysis (reviewer R2/E5); does not change any primary decision
X1-Llama/OBQA/C2C,obqa,reference,C2C,12-870,INVALID,A,INVALID->label,declaration_several_letters,answer_phrase_first_ABCD_char,/,answer|correct,True,False,ABCD,The correct answer is A/B/C/D.,POST-HOC re-analysis (reviewer R2/E5); does not change any primary decision
X1-Llama/OBQA/C2C,obqa,R,C2C,13-901,INVALID,A,INVALID->label,declaration_several_letters,answer_phrase_first_ABCD_char,/,answer|correct,False,True,ABCD,The correct answer is A/B/C/D.,POST-HOC re-analysis (reviewer R2/E5); does not change any primary decision
X1-Llama/OBQA/C2C,obqa,R,C2C,11-27,INVALID,A,INVALID->label,declaration_several_letters,answer_phrase_first_ABCD_char,/,answer|correct,False,True,ABCD,The correct answer is A/B/C/D.,POST-HOC re-analysis (reviewer R2/E5); does not change any primary decision
X1-Llama/OBQA/C2C,obqa,R,C2C,10-614,INVALID,A,INVALID->label,declaration_several_letters,answer_phrase_first_ABCD_char,/,answer|correct,False,True,ABCD,The correct answer is A/B/C/D.,POST-HOC re-analysis (reviewer R2/E5); does not change any primary decision
X1-Llama/OBQA/C2C,obqa,reference,C2C,9-1095,INVALID,A,INVALID->label,declaration_several_letters,answer_phrase_first_ABCD_char,/,answer|correct,True,False,ABCD,The correct answer is A/B/C/D.,POST-HOC re-analysis (reviewer R2/E5); does not change any primary decision
X1-Llama/OBQA/C2C,obqa,reference,C2C,12-638,INVALID,A,INVALID->label,declaration_several_letters,answer_phrase_first_ABCD_char,/|tan,answer|correct,True,False,ABCD,"The correct answer is A/B/C/D: 
Question
The user has asked the question ""user h",POST-HOC re-analysis (reviewer R2/E5); does not change any primary decision
X1-Llama/OBQA/C2C,obqa,reference,C2C,1388,INVALID,D,INVALID->label,repeated_declaration_same_letter,answer_phrase_first_ABCD_char,,answer|correct,True,False,ABCD,The correct answer is D. The correct answer is D. The correct answer is D. The c,POST-HOC re-analysis (reviewer R2/E5); does not change any primary decision
X1-Llama/OBQA/C2C,obqa,R,C2C,475,INVALID,A,INVALID->label,declaration_several_letters,answer_phrase_first_ABCD_char,/,answer|correct,False,True,ABCD,The correct answer is A/B/C/D.,POST-HOC re-analysis (reviewer R2/E5); does not change any primary decision
X1-Llama/OBQA/C2C,obqa,reference,C2C,11-157,INVALID,A,INVALID->label,declaration_several_letters,answer_phrase_first_ABCD_char,/,answer|correct,True,False,ABCD,The correct answer is A/B/C/D.,POST-HOC re-analysis (reviewer R2/E5); does not change any primary decision
X1-Llama/OBQA/C2C,obqa,R,C2C,10-727,INVALID,A,INVALID->label,declaration_several_letters,answer_phrase_first_ABCD_char,/,answer|correct,False,True,ABCD,The correct answer is A/B/C/D.,POST-HOC re-analysis (reviewer R2/E5); does not change any primary decision
X1-Llama/OBQA/C2C,obqa,reference,C2C,14-935,INVALID,A,INVALID->label,declaration_several_letters,answer_phrase_first_ABCD_char,/,answer|correct,True,False,ABCD,"The correct answer is A/B/C/D: 
Question
User
The correct answer is A/B/C/D:",POST-HOC re-analysis (reviewer R2/E5); does not change any primary decision
X1-Llama/OBQA/C2C,obqa,R,C2C,1365,INVALID,A,INVALID->label,declaration_several_letters,answer_phrase_first_ABCD_char,/,answer|correct,False,True,ABCD,The correct answer is A/B/C/D.,POST-HOC re-analysis (reviewer R2/E5); does not change any primary decision
X1-Llama/OBQA/C2C,obqa,R,C2C,96,INVALID,A,INVALID->label,declaration_several_letters,answer_phrase_first_ABCD_char,/,answer|correct,False,True,ABCD,The correct answer is A/B/C/D.,POST-HOC re-analysis (reviewer R2/E5); does not change any primary decision
X1-Llama/OBQA/C2C,obqa,reference,C2C,8-383,INVALID,A,INVALID->label,declaration_several_letters,answer_phrase_first_ABCD_char,/,answer|correct,True,False,ABCD,The correct answer is A/B/C/D.,POST-HOC re-analysis (reviewer R2/E5); does not change any primary decision
X1-Llama/OBQA/C2C,obqa,reference,C2C,1157,INVALID,A,INVALID->label,declaration_several_letters,answer_phrase_first_ABCD_char,/,answer|correct,True,False,ABCD,"The correct answer is A/B/C/D: ""The correct answer is A/B/C/D"": ""The correct ans",POST-HOC re-analysis (reviewer R2/E5); does not change any primary decision
X1-Llama/OBQA/C2C,obqa,reference,C2C,12-388,INVALID,B,INVALID->label,repeated_declaration_same_letter,answer_phrase_first_ABCD_char,,answer|correct,False,False,ABCD,The correct answer is B. The correct answer is B. The correct answer is B. The c,POST-HOC re-analysis (reviewer R2/E5); does not change any primary decision
X1-Llama/OBQA/C2C,obqa,R,C2C,10-1054,INVALID,A,INVALID->label,declaration_several_letters,answer_phrase_first_ABCD_char,/,answer|correct,False,True,ABCD,The correct answer is A/B/C/D.,POST-HOC re-analysis (reviewer R2/E5); does not change any primary decision
X1-Llama/OBQA/C2C,obqa,reference,C2C,10-1054,INVALID,A,INVALID->label,declaration_several_letters,answer_phrase_first_ABCD_char,/,answer|correct,False,True,ABCD,The correct answer is A/B/C/D.,POST-HOC re-analysis (reviewer R2/E5); does not change any primary decision
X1-Llama/OBQA/C2C,obqa,R,C2C,11-56,INVALID,A,INVALID->label,declaration_several_letters,answer_phrase_first_ABCD_char,/,answer|correct,True,True,ABCD,The correct answer is A/B/C/D.,POST-HOC re-analysis (reviewer R2/E5); does not change any primary decision
X1-Llama/OBQA/C2C,obqa,reference,C2C,7-1023,INVALID,A,INVALID->label,declaration_several_letters,answer_phrase_first_ABCD_char,/,answer|correct,True,False,ABCD,"The correct answer is A/B/C/D: 
user
The correct answer is A/B/C/D:",POST-HOC re-analysis (reviewer R2/E5); does not change any primary decision
X1-Llama/OBQA/C2C,obqa,reference,C2C,12-481,INVALID,B,INVALID->label,repeated_declaration_same_letter,answer_phrase_first_ABCD_char,,answer|correct,False,False,ABCD,The correct answer is B. The correct answer is B. The correct answer is B. The c,POST-HOC re-analysis (reviewer R2/E5); does not change any primary decision
X1-Llama/OBQA/C2C,obqa,reference,C2C,7-149,INVALID,A,INVALID->label,declaration_several_letters,answer_phrase_first_ABCD_char,/,answer|correct,True,False,ABCD,The correct answer is A/B/C/D.,POST-HOC re-analysis (reviewer R2/E5); does not change any primary decision
X1-Llama/OBQA/C2C,obqa,reference,C2C,13-350,INVALID,A,INVALID->label,declaration_several_letters,answer_phrase_first_ABCD_char,/,answer|correct,True,False,ABCD,"The correct answer is A/B/C/D: 
Question
The user has provided the question, and",POST-HOC re-analysis (reviewer R2/E5); does not change any primary decision
X1-Llama/OBQA/C2C,obqa,R,C2C,8-297,INVALID,A,INVALID->label,declaration_several_letters,answer_phrase_first_ABCD_char,/,answer|correct,False,True,ABCD,The correct answer is A/B/C/D.,POST-HOC re-analysis (reviewer R2/E5); does not change any primary decision
X1-Llama/OBQA/C2C,obqa,reference,C2C,9-459,INVALID,A,INVALID->label,declaration_several_letters,answer_phrase_first_ABCD_char,/,answer|correct,True,False,ABCD,"The correct answer is A/B/C/D: ""The correct answer is A/B/C/D"": ""The correct ans",POST-HOC re-analysis (reviewer R2/E5); does not change any primary decision
X1-Llama/OBQA/C2C,obqa,R,C2C,7-51,INVALID,A,INVALID->label,declaration_several_letters,answer_phrase_first_ABCD_char,/,answer|correct,False,True,ABCD,The correct answer is A/B/C/D.,POST-HOC re-analysis (reviewer R2/E5); does not change any primary decision
X1-Llama/OBQA/C2C,obqa,reference,C2C,1030,INVALID,A,INVALID->label,declaration_several_letters,answer_phrase_first_ABCD_char,/,answer|correct,True,False,ABCD,The correct answer is A/B/C/D.,POST-HOC re-analysis (reviewer R2/E5); does not change any primary decision
X1-Llama/OBQA/C2C,obqa,reference,C2C,14-162,INVALID,A,INVALID->label,declaration_several_letters,answer_phrase_first_ABCD_char,/,answer|correct,True,True,ABCD,The correct answer is A/B/C/D.,POST-HOC re-analysis (reviewer R2/E5); does not change any primary decision
X1-Llama/OBQA/C2C,obqa,R,C2C,10-206,INVALID,A,INVALID->label,declaration_several_letters,answer_phrase_first_ABCD_char,/,answer|correct,True,True,ABCD,The correct answer is A/B/C/D.,POST-HOC re-analysis (reviewer R2/E5); does not change any primary decision
X1-Llama/OBQA/C2C,obqa,reference,C2C,13-857,INVALID,A,INVALID->label,declaration_several_letters,answer_phrase_first_ABCD_char,/,answer|correct,True,False,ABCD,"The correct answer is A/B/C/D: ""The correct answer is A/B/C/D: ""The correct answ",POST-HOC re-analysis (reviewer R2/E5); does not change any primary decision
X1-Llama/OBQA/C2C,obqa,reference,C2C,12-485,INVALID,A,INVALID->label,declaration_several_letters,answer_phrase_first_ABCD_char,/,answer|correct,True,False,ABCD,"The correct answer is A/B/C/D: 
Question
The user
The user
The user
The user
The",POST-HOC re-analysis (reviewer R2/E5); does not change any primary decision
X1-Llama/OBQA/C2C,obqa,R,C2C,14-674,INVALID,A,INVALID->label,declaration_several_letters,answer_phrase_first_ABCD_char,/,answer|correct,False,True,ABCD,The correct answer is A/B/C/D.,POST-HOC re-analysis (reviewer R2/E5); does not change any primary decision
X1-Llama/OBQA/C2C,obqa,reference,C2C,10-1021,INVALID,A,INVALID->label,declaration_several_letters,answer_phrase_first_ABCD_char,/,answer|correct,True,False,ABCD,The correct answer is A/B/C/D.,POST-HOC re-analysis (reviewer R2/E5); does not change any primary decision
X1-Llama/OBQA/C2C,obqa,R,C2C,14-1436,INVALID,A,INVALID->label,declaration_several_letters,answer_phrase_first_ABCD_char,/,answer|correct,False,True,ABCD,The correct answer is A/B/C/D.,POST-HOC re-analysis (reviewer R2/E5); does not change any primary decision
X1-Llama/OBQA/C2C,obqa,reference,C2C,14-1436,INVALID,A,INVALID->label,declaration_several_letters,answer_phrase_first_ABCD_char,/,answer|correct,False,True,ABCD,"The correct answer is A/B/C/D: ""The correct answer is A/B/C/D: ""The correct answ",POST-HOC re-analysis (reviewer R2/E5); does not change any primary decision
X1-Llama/OBQA/C2C,obqa,reference,C2C,13-614,INVALID,A,INVALID->label,declaration_several_letters,answer_phrase_first_ABCD_char,/,answer|option|correct,True,False,ABCD,"The correct answer is A/B/C/D: 
Question
The user has provided the question and ",POST-HOC re-analysis (reviewer R2/E5); does not change any primary decision
X1-Llama/OBQA/C2C,obqa,R,C2C,7-190,INVALID,A,INVALID->label,declaration_several_letters,answer_phrase_first_ABCD_char,/,answer|correct,False,True,ABCD,The correct answer is A/B/C/D.,POST-HOC re-analysis (reviewer R2/E5); does not change any primary decision
X1-Llama/OBQA/C2C,obqa,R,C2C,1427,INVALID,A,INVALID->label,declaration_several_letters,answer_phrase_first_ABCD_char,/,answer|correct,False,True,ABCD,The correct answer is A/B/C/D.,POST-HOC re-analysis (reviewer R2/E5); does not change any primary decision
X1-Llama/OBQA/C2C,obqa,reference,C2C,12-869,INVALID,A,INVALID->label,declaration_several_letters,answer_phrase_first_ABCD_char,/,answer|correct,True,False,ABCD,The correct answer is A/B/C/D.,POST-HOC re-analysis (reviewer R2/E5); does not change any primary decision
X1-Llama/OBQA/C2C,obqa,reference,C2C,13-903,INVALID,B,INVALID->label,repeated_declaration_same_letter,answer_phrase_first_ABCD_char,,answer|correct,False,False,ABCD,The correct answer is B. The correct answer is B. The correct answer is B. The c,POST-HOC re-analysis (reviewer R2/E5); does not change any primary decision
X1-Llama/OBQA/C2C,obqa,reference,C2C,7-901,INVALID,A,INVALID->label,declaration_several_letters,answer_phrase_first_ABCD_char,/,answer|correct,True,False,ABCD,The correct answer is A/B/C/D.,POST-HOC re-analysis (reviewer R2/E5); does not change any primary decision
X1-Llama/OBQA/C2C,obqa,reference,C2C,14-1293,INVALID,A,INVALID->label,declaration_several_letters,answer_phrase_first_ABCD_char,/,answer|correct,True,False,ABCD,"The correct answer is A/B/C/D: 
user
####",POST-HOC re-analysis (reviewer R2/E5); does not change any primary decision
X1-Llama/OBQA/C2C,obqa,reference,C2C,8-377,INVALID,A,INVALID->label,declaration_several_letters,answer_phrase_first_ABCD_char,/,answer|correct,True,False,ABCD,The correct answer is A/B/C/D.,POST-HOC re-analysis (reviewer R2/E5); does not change any primary decision
X1-Llama/OBQA/C2C,obqa,reference,C2C,246,INVALID,A,INVALID->label,declaration_several_letters,answer_phrase_first_ABCD_char,/,answer|correct,True,False,ABCD,The correct answer is A/B/C/D.,POST-HOC re-analysis (reviewer R2/E5); does not change any primary decision
X1-Llama/OBQA/C2C,obqa,R,C2C,9-494,INVALID,A,INVALID->label,declaration_several_letters,answer_phrase_first_ABCD_char,/,answer|correct,False,True,ABCD,The correct answer is A/B/C/D.,POST-HOC re-analysis (reviewer R2/E5); does not change any primary decision
X1-Llama/OBQA/C2C,obqa,R,C2C,9-616,INVALID,A,INVALID->label,declaration_several_letters,answer_phrase_first_ABCD_char,/,answer|correct,False,True,ABCD,The correct answer is A/B/C/D.,POST-HOC re-analysis (reviewer R2/E5); does not change any primary decision
X1-Llama/OBQA/C2C,obqa,reference,C2C,13-79,INVALID,A,INVALID->label,declaration_several_letters,answer_phrase_first_ABCD_char,/,answer|correct,True,False,ABCD,"The correct answer is A/B/C/D: ""The correct answer is A/B/C/D: ""The correct answ",POST-HOC re-analysis (reviewer R2/E5); does not change any primary decision
X1-Llama/OBQA/C2C,obqa,R,C2C,14-980,INVALID,A,INVALID->label,declaration_several_letters,answer_phrase_first_ABCD_char,/,answer|correct,False,True,ABCD,The correct answer is A/B/C/D.,POST-HOC re-analysis (reviewer R2/E5); does not change any primary decision
X1-Llama/OBQA/C2C,obqa,reference,C2C,10-455,INVALID,A,INVALID->label,declaration_several_letters,answer_phrase_first_ABCD_char,/,answer|correct,True,False,ABCD,"The correct answer is A/B/C/D: 
Question
User
The correct answer is A/B/C/D: 
Qu",POST-HOC re-analysis (reviewer R2/E5); does not change any primary decision
X1-Llama/OBQA/C2C,obqa,reference,C2C,12-182,INVALID,A,INVALID->label,declaration_several_letters,answer_phrase_first_ABCD_char,/,answer|correct,True,True,ABCD,The correct answer is A/B/C/D.,POST-HOC re-analysis (reviewer R2/E5); does not change any primary decision
X1-Llama/OBQA/C2C,obqa,reference,C2C,10-382,INVALID,A,INVALID->label,declaration_several_letters,answer_phrase_first_ABCD_char,/,answer|option|correct,True,False,ABCD,"The correct answer is A/B/C/D: 
Question
The user has provided the question and ",POST-HOC re-analysis (reviewer R2/E5); does not change any primary decision
X1-Llama/OBQA/C2C,obqa,reference,C2C,10-1156,INVALID,A,INVALID->label,declaration_several_letters,answer_phrase_first_ABCD_char,/,answer|correct,True,False,ABCD,"The correct answer is A/B/C/D: ""The correct answer is A/B/C/D""",POST-HOC re-analysis (reviewer R2/E5); does not change any primary decision
X1-Llama/OBQA/C2C,obqa,R,C2C,11-477,INVALID,A,INVALID->label,declaration_several_letters,answer_phrase_first_ABCD_char,/,answer|correct,False,True,ABCD,The correct answer is A/B/C/D.,POST-HOC re-analysis (reviewer R2/E5); does not change any primary decision
X1-Llama/OBQA/C2C,obqa,reference,C2C,10-892,INVALID,A,INVALID->label,declaration_several_letters,answer_phrase_first_ABCD_char,/,answer|correct,True,False,ABCD,"The correct answer is A/B/C/D: 
Question
The user has provided the following inf",POST-HOC re-analysis (reviewer R2/E5); does not change any primary decision
X1-Llama/OBQA/C2C,obqa,reference,C2C,506,INVALID,A,INVALID->label,declaration_several_letters,answer_phrase_first_ABCD_char,/,answer|correct,True,False,ABCD,"The correct answer is A/B/C/D: ""The correct answer is A/B/C/D: ""The correct answ",POST-HOC re-analysis (reviewer R2/E5); does not change any primary decision
X1-Llama/OBQA/C2C,obqa,reference,C2C,11-137,INVALID,A,INVALID->label,declaration_several_letters,answer_phrase_first_ABCD_char,/,answer|correct,True,False,ABCD,"The correct answer is A/B/C/D: ""The correct answer is A/B/C/D: ""The correct answ",POST-HOC re-analysis (reviewer R2/E5); does not change any primary decision
X1-Llama/OBQA/C2C,obqa,reference,C2C,7-742,INVALID,A,INVALID->label,declaration_several_letters,answer_phrase_first_ABCD_char,/,answer|correct,True,False,ABCD,"The correct answer is A/B/C/D: ""The correct answer is A/B/C/D""",POST-HOC re-analysis (reviewer R2/E5); does not change any primary decision
X1-Llama/OBQA/C2C,obqa,reference,C2C,12-1138,INVALID,A,INVALID->label,declaration_several_letters,answer_phrase_first_ABCD_char,/,answer|correct,True,False,ABCD,"The correct answer is A/B/C/D: 
Question: 
User: 
The correct answer is A/B/C/D:",POST-HOC re-analysis (reviewer R2/E5); does not change any primary decision
X1-Llama/OBQA/C2C,obqa,reference,C2C,12-896,INVALID,A,INVALID->label,declaration_several_letters,answer_phrase_first_ABCD_char,/,answer|correct,True,False,ABCD,The correct answer is A/B/C/D.,POST-HOC re-analysis (reviewer R2/E5); does not change any primary decision
X1-Llama/OBQA/C2C,obqa,reference,C2C,13-646,INVALID,A,INVALID->label,declaration_several_letters,answer_phrase_first_ABCD_char,/,answer|correct,True,True,ABCD,"The correct answer is A/B/C/D: 
user
<sub>2</sub>",POST-HOC re-analysis (reviewer R2/E5); does not change any primary decision
X1-Llama/OBQA/C2C,obqa,R,C2C,13-391,INVALID,A,INVALID->label,declaration_several_letters,answer_phrase_first_ABCD_char,/,answer|correct,False,True,ABCD,The correct answer is A/B/C/D.,POST-HOC re-analysis (reviewer R2/E5); does not change any primary decision
X1-Llama/OBQA/C2C,obqa,reference,C2C,13-391,INVALID,A,INVALID->label,declaration_several_letters,answer_phrase_first_ABCD_char,/,answer|correct,False,True,ABCD,"The correct answer is A/B/C/D: 
Question:
The user has provided a query in the f",POST-HOC re-analysis (reviewer R2/E5); does not change any primary decision
X1-Llama/OBQA/C2C,obqa,reference,C2C,10-545,INVALID,A,INVALID->label,declaration_several_letters,answer_phrase_first_ABCD_char,/|tan,answer|correct,True,False,ABCD,"The correct answer is A/B/C/D: 
Question: 
User: 
Assistant: 
Question: 
User: 
",POST-HOC re-analysis (reviewer R2/E5); does not change any primary decision
X1-Llama/OBQA/C2C,obqa,reference,C2C,10-933,INVALID,A,INVALID->label,declaration_several_letters,answer_phrase_first_ABCD_char,/,answer|correct,True,False,ABCD,"The correct answer is A/B/C/D: ""The correct answer is A/B/C/D: ""The correct answ",POST-HOC re-analysis (reviewer R2/E5); does not change any primary decision
X1-Llama/OBQA/C2C,obqa,R,C2C,10-622,INVALID,A,INVALID->label,declaration_several_letters,answer_phrase_first_ABCD_char,/,answer|correct,False,True,ABCD,The correct answer is A/B/C/D.,POST-HOC re-analysis (reviewer R2/E5); does not change any primary decision
X1-Llama/OBQA/C2C,obqa,reference,C2C,12-375,INVALID,A,INVALID->label,declaration_several_letters,answer_phrase_first_ABCD_char,/,answer|correct,True,False,ABCD,"The correct answer is A/B/C/D: 
user
The correct answer is A/B/C/D: 
user
The co",POST-HOC re-analysis (reviewer R2/E5); does not change any primary decision
X1-Llama/OBQA/C2C,obqa,reference,C2C,10-895,INVALID,A,INVALID->label,declaration_several_letters,answer_phrase_first_ABCD_char,/,answer|correct,True,True,ABCD,The correct answer is A/B/C/D.,POST-HOC re-analysis (reviewer R2/E5); does not change any primary decision
X1-Llama/OBQA/C2C,obqa,reference,C2C,10-76,INVALID,A,INVALID->label,declaration_several_letters,answer_phrase_first_ABCD_char,/,answer|correct,True,False,ABCD,The correct answer is A/B/C/D.,POST-HOC re-analysis (reviewer R2/E5); does not change any primary decision
X1-Llama/OBQA/C2C,obqa,R,C2C,9-232,INVALID,A,INVALID->label,declaration_several_letters,answer_phrase_first_ABCD_char,/,answer|correct,False,True,ABCD,The correct answer is A/B/C/D.,POST-HOC re-analysis (reviewer R2/E5); does not change any primary decision
X1-Llama/OBQA/C2C,obqa,R,C2C,11-109,INVALID,A,INVALID->label,declaration_several_letters,answer_phrase_first_ABCD_char,/,answer|correct,True,True,ABCD,The correct answer is A/B/C/D.,POST-HOC re-analysis (reviewer R2/E5); does not change any primary decision
X1-Llama/OBQA/C2C,obqa,reference,C2C,7-722,INVALID,B,INVALID->label,repeated_declaration_same_letter,answer_phrase_first_ABCD_char,,answer|correct,False,False,ABCD,The correct answer is B. The correct answer is B. The correct answer is B. The c,POST-HOC re-analysis (reviewer R2/E5); does not change any primary decision
X1-Llama/OBQA/C2C,obqa,R,C2C,12-1141,INVALID,A,INVALID->label,declaration_several_letters,answer_phrase_first_ABCD_char,/,answer|correct,True,True,ABCD,The correct answer is A/B/C/D.,POST-HOC re-analysis (reviewer R2/E5); does not change any primary decision
X1-Llama/OBQA/C2C,obqa,R,C2C,14-93,INVALID,A,INVALID->label,declaration_several_letters,answer_phrase_first_ABCD_char,/,answer|correct,False,True,ABCD,The correct answer is A/B/C/D.,POST-HOC re-analysis (reviewer R2/E5); does not change any primary decision
X1-Llama/OBQA/C2C,obqa,reference,C2C,12-6,INVALID,A,INVALID->label,declaration_several_letters,answer_phrase_first_ABCD_char,/,answer|correct,True,False,ABCD,The correct answer is A/B/C/D.,POST-HOC re-analysis (reviewer R2/E5); does not change any primary decision
X1-Llama/OBQA/C2C,obqa,R,C2C,12-548,INVALID,A,INVALID->label,declaration_several_letters,answer_phrase_first_ABCD_char,/,answer|correct,False,True,ABCD,The correct answer is A/B/C/D.,POST-HOC re-analysis (reviewer R2/E5); does not change any primary decision
X1-Llama/OBQA/C2C,obqa,reference,C2C,13-12,INVALID,A,INVALID->label,declaration_several_letters,answer_phrase_first_ABCD_char,/,answer|correct,True,True,ABCD,"The correct answer is A/B/C/D: 
user
<sub>2</sub>
<sub>2</sub>
<sub>2</sub>
<sub",POST-HOC re-analysis (reviewer R2/E5); does not change any primary decision
X1-Llama/ARC/Text,arc,R,Text,Mercury_7092260,INVALID,A,INVALID->label,declaration_several_letters,answer_phrase_first_ABCD_char,/,answer|correct,False,True,ABCD,The correct answer is A/B/C/D.,POST-HOC re-analysis (reviewer R2/E5); does not change any primary decision
X1-Llama/ARC/Text,arc,R,Text,NYSEDREGENTS_2004_8_31,INVALID,A,INVALID->label,declaration_several_letters,answer_phrase_first_ABCD_char,/,answer|correct,False,True,ABCD,The correct answer is A/B/C/D.,POST-HOC re-analysis (reviewer R2/E5); does not change any primary decision
X1-Llama/ARC/Text,arc,R,Text,Mercury_7270305,INVALID,A,INVALID->label,declaration_several_letters,answer_phrase_first_ABCD_char,/,answer|correct,True,True,ABCD,The correct answer is A/B/C/D.,POST-HOC re-analysis (reviewer R2/E5); does not change any primary decision
X1-Llama/ARC/Text,arc,reference,Text,Mercury_416635,INVALID,A,INVALID->label,declaration_several_letters,answer_phrase_first_ABCD_char,/,answer|correct,True,True,ABCD,The correct answer is A/B/C/D.,POST-HOC re-analysis (reviewer R2/E5); does not change any primary decision
X1-Llama/ARC/Text,arc,R,Text,Mercury_7283955,INVALID,A,INVALID->label,declaration_several_letters,answer_phrase_first_ABCD_char,/,answer|correct,True,True,ABCD,The correct answer is A/B/C/D.,POST-HOC re-analysis (reviewer R2/E5); does not change any primary decision
X1-Llama/ARC/Text,arc,R,Text,CSZ_2004_5_CSZ10003,INVALID,A,INVALID->label,declaration_several_letters,answer_phrase_first_ABCD_char,/,answer|correct,True,True,ABCD,The correct answer is A/B/C/D.,POST-HOC re-analysis (reviewer R2/E5); does not change any primary decision
X1-Llama/ARC/Text,arc,R,Text,Mercury_7165060,INVALID,A,INVALID->label,declaration_several_letters,answer_phrase_first_ABCD_char,/,answer|correct,False,True,ABCD,The correct answer is A/B/C/D.,POST-HOC re-analysis (reviewer R2/E5); does not change any primary decision
X1-Llama/ARC/Text,arc,R,Text,Mercury_401790,INVALID,A,INVALID->label,declaration_several_letters,answer_phrase_first_ABCD_char,/,answer|correct,True,True,ABCD,The correct answer is A/B/C/D.,POST-HOC re-analysis (reviewer R2/E5); does not change any primary decision
X1-Llama/ARC/Text,arc,reference,Text,Mercury_7263393,INVALID,A,INVALID->label,declaration_several_letters,answer_phrase_first_ABCD_char,/,answer|correct,True,True,ABCD,The correct answer is A/B/C/D.,POST-HOC re-analysis (reviewer R2/E5); does not change any primary decision
X1-Llama/ARC/Text,arc,R,Text,AIMS_2009_4_11,INVALID,A,INVALID->label,declaration_several_letters,answer_phrase_first_ABCD_char,/,answer|correct,False,True,ABCD,The correct answer is A/B/C/D.,POST-HOC re-analysis (reviewer R2/E5); does not change any primary decision
X1-Llama/ARC/Text,arc,reference,Text,AIMS_2009_4_11,INVALID,A,INVALID->label,declaration_several_letters,answer_phrase_first_ABCD_char,/,answer|correct,False,True,ABCD,The correct answer is A/B/C/D.,POST-HOC re-analysis (reviewer R2/E5); does not change any primary decision
X1-Llama/ARC/Text,arc,R,Text,Mercury_417136,INVALID,A,INVALID->label,declaration_several_letters,answer_phrase_first_ABCD_char,/,answer|correct,False,True,ABCD,The correct answer is A/B/C/D.,POST-HOC re-analysis (reviewer R2/E5); does not change any primary decision
X1-Llama/ARC/Text,arc,reference,Text,Mercury_417136,INVALID,A,INVALID->label,declaration_several_letters,answer_phrase_first_ABCD_char,/,answer|correct,False,True,ABCD,The correct answer is A/B/C/D.,POST-HOC re-analysis (reviewer R2/E5); does not change any primary decision
X1-Llama/ARC/Text,arc,R,Text,Mercury_7193113,INVALID,A,INVALID->label,declaration_several_letters,answer_phrase_first_ABCD_char,/,answer|correct,False,True,ABCD,The correct answer is A/B/C/D.,POST-HOC re-analysis (reviewer R2/E5); does not change any primary decision
X1-Llama/ARC/Text,arc,reference,Text,Mercury_7193113,INVALID,A,INVALID->label,declaration_several_letters,answer_phrase_first_ABCD_char,/,answer|correct,False,True,ABCD,The correct answer is A/B/C/D.,POST-HOC re-analysis (reviewer R2/E5); does not change any primary decision
X1-Llama/ARC/Text,arc,R,Text,Mercury_7024185,INVALID,A,INVALID->label,declaration_several_letters,answer_phrase_first_ABCD_char,/,answer|correct,True,True,ABCD,The correct answer is A/B/C/D.,POST-HOC re-analysis (reviewer R2/E5); does not change any primary decision
X1-Llama/ARC/Text,arc,reference,Text,VASoL_2007_5_39,INVALID,A,INVALID->label,declaration_several_letters,answer_phrase_first_ABCD_char,/,answer|correct,True,True,ABCD,The correct answer is A/B/C/D.,POST-HOC re-analysis (reviewer R2/E5); does not change any primary decision
X1-Llama/ARC/Text,arc,R,Text,Mercury_404903,INVALID,A,INVALID->label,declaration_several_letters,answer_phrase_first_ABCD_char,/,answer|correct,False,True,ABCD,The correct answer is A/B/C/D.,POST-HOC re-analysis (reviewer R2/E5); does not change any primary decision
X1-Llama/ARC/Text,arc,R,Text,Mercury_SC_407397,INVALID,A,INVALID->label,declaration_several_letters,answer_phrase_first_ABCD_char,/,answer|correct,False,True,ABCD,The correct answer is A/B/C/D.,POST-HOC re-analysis (reviewer R2/E5); does not change any primary decision
X1-Llama/ARC/Text,arc,R,Text,MDSA_2007_5_9,INVALID,A,INVALID->label,declaration_several_letters,answer_phrase_first_ABCD_char,/,answer|correct,False,True,ABCD,The correct answer is A/B/C/D.,POST-HOC re-analysis (reviewer R2/E5); does not change any primary decision
X1-Llama/ARC/Text,arc,reference,Text,MCAS_1998_8_7,INVALID,A,INVALID->label,declaration_several_letters,answer_phrase_first_ABCD_char,/,answer|correct,True,True,ABCD,The correct answer is A/B/C/D.,POST-HOC re-analysis (reviewer R2/E5); does not change any primary decision
X1-Llama/ARC/Text,arc,reference,Text,Mercury_7263148,INVALID,A,INVALID->label,declaration_several_letters,answer_phrase_first_ABCD_char,/,answer|correct,True,False,ABCD,The correct answer is A/B/C/D.,POST-HOC re-analysis (reviewer R2/E5); does not change any primary decision
X1-Llama/ARC/Text,arc,R,Text,Mercury_7038570,INVALID,A,INVALID->label,declaration_several_letters,answer_phrase_first_ABCD_char,/,answer|correct,False,True,ABCD,The correct answer is A/B/C/D.,POST-HOC re-analysis (reviewer R2/E5); does not change any primary decision
X1-Llama/ARC/Text,arc,reference,Text,Mercury_7038570,INVALID,A,INVALID->label,declaration_several_letters,answer_phrase_first_ABCD_char,/,answer|correct,False,True,ABCD,The correct answer is A/B/C/D.,POST-HOC re-analysis (reviewer R2/E5); does not change any primary decision
X1-Llama/ARC/Text,arc,R,Text,ACTAAP_2009_7_17,INVALID,A,INVALID->label,declaration_several_letters,answer_phrase_first_ABCD_char,/,answer|correct,True,True,ABCD,The correct answer is A/B/C/D.,POST-HOC re-analysis (reviewer R2/E5); does not change any primary decision
X1-Llama/ARC/Text,arc,R,Text,MCAS_2006_8_34,INVALID,A,INVALID->label,declaration_several_letters,answer_phrase_first_ABCD_char,/,answer|correct,False,True,ABCD,The correct answer is A/B/C/D.,POST-HOC re-analysis (reviewer R2/E5); does not change any primary decision
X1-Llama/ARC/Text,arc,R,Text,Mercury_7093993,INVALID,A,INVALID->label,declaration_several_letters,answer_phrase_first_ABCD_char,/,answer|correct,False,True,ABCD,The correct answer is A/B/C/D.,POST-HOC re-analysis (reviewer R2/E5); does not change any primary decision
X1-Llama/ARC/Text,arc,R,Text,AIMS_2008_4_2,INVALID,A,INVALID->label,declaration_several_letters,answer_phrase_first_ABCD_char,/,answer|correct,False,True,ABCD,The correct answer is A/B/C/D.,POST-HOC re-analysis (reviewer R2/E5); does not change any primary decision
X1-Llama/ARC/Text,arc,reference,Text,AIMS_2008_4_2,INVALID,A,INVALID->label,declaration_several_letters,answer_phrase_first_ABCD_char,/,answer|correct,False,True,ABCD,The correct answer is A/B/C/D.,POST-HOC re-analysis (reviewer R2/E5); does not change any primary decision
X1-Llama/ARC/Text,arc,R,Text,MEAP_2005_8_8,INVALID,A,INVALID->label,declaration_several_letters,answer_phrase_first_ABCD_char,/,answer|correct,False,True,ABCD,The correct answer is A/B/C/D.,POST-HOC re-analysis (reviewer R2/E5); does not change any primary decision
X1-Llama/ARC/Text,arc,reference,Text,MEAP_2005_8_8,INVALID,A,INVALID->label,declaration_several_letters,answer_phrase_first_ABCD_char,/,answer|correct,False,True,ABCD,The correct answer is A/B/C/D.,POST-HOC re-analysis (reviewer R2/E5); does not change any primary decision
X1-Llama/ARC/Text,arc,R,Text,Mercury_415092,INVALID,A,INVALID->label,declaration_several_letters,answer_phrase_first_ABCD_char,/,answer|correct,True,True,ABCD,The correct answer is A/B/C/D.,POST-HOC re-analysis (reviewer R2/E5); does not change any primary decision
X1-Llama/ARC/Text,arc,R,Text,Mercury_7221008,INVALID,A,INVALID->label,declaration_several_letters,answer_phrase_first_ABCD_char,/,answer|correct,True,True,ABCD,The correct answer is A/B/C/D.,POST-HOC re-analysis (reviewer R2/E5); does not change any primary decision
X1-Llama/ARC/Text,arc,R,Text,Mercury_7038150,INVALID,A,INVALID->label,declaration_several_letters,answer_phrase_first_ABCD_char,/,answer|correct,False,True,ABCD,The correct answer is A/B/C/D.,POST-HOC re-analysis (reviewer R2/E5); does not change any primary decision
X1-Llama/ARC/Text,arc,R,Text,MCAS_2006_9_13,INVALID,A,INVALID->label,declaration_several_letters,answer_phrase_first_ABCD_char,/,answer|correct,False,True,ABCD,The correct answer is A/B/C/D.,POST-HOC re-analysis (reviewer R2/E5); does not change any primary decision
X1-Llama/ARC/Text,arc,reference,Text,MCAS_2006_9_13,INVALID,A,INVALID->label,declaration_several_letters,answer_phrase_first_ABCD_char,/,answer|correct,False,True,ABCD,The correct answer is A/B/C/D.,POST-HOC re-analysis (reviewer R2/E5); does not change any primary decision
X1-Llama/ARC/Text,arc,R,Text,MSA_2012_5_24,INVALID,A,INVALID->label,declaration_several_letters,answer_phrase_first_ABCD_char,/,answer|correct,True,True,ABCD,The correct answer is A/B/C/D.,POST-HOC re-analysis (reviewer R2/E5); does not change any primary decision
X1-Llama/ARC/Text,arc,reference,Text,LEAP_2001_4_10241,INVALID,A,INVALID->label,declaration_several_letters,answer_phrase_first_ABCD_char,/,answer|correct,False,True,ABCD,The correct answer is A/B/C/D.,POST-HOC re-analysis (reviewer R2/E5); does not change any primary decision
X1-Llama/ARC/Text,arc,reference,Text,Mercury_7142853,INVALID,A,INVALID->label,declaration_several_letters,answer_phrase_first_ABCD_char,/,answer|correct,True,True,ABCD,The correct answer is A/B/C/D.,POST-HOC re-analysis (reviewer R2/E5); does not change any primary decision
X1-Llama/ARC/Text,arc,reference,Text,NYSEDREGENTS_2004_4_9,INVALID,A,INVALID->label,declaration_several_letters,answer_phrase_first_ABCD_char,/,answer|correct,True,False,ABCD,The correct answer is A/B/C/D.,POST-HOC re-analysis (reviewer R2/E5); does not change any primary decision
X1-Llama/ARC/Text,arc,R,Text,Mercury_7102340,INVALID,A,INVALID->label,declaration_several_letters,answer_phrase_first_ABCD_char,/,answer|correct,True,True,ABCD,The correct answer is A/B/C/D.,POST-HOC re-analysis (reviewer R2/E5); does not change any primary decision
X1-Llama/ARC/Text,arc,reference,Text,NYSEDREGENTS_2005_8_26,INVALID,A,INVALID->label,declaration_several_letters,answer_phrase_first_ABCD_char,/,answer|correct,True,False,ABCD,The correct answer is A/B/C/D.,POST-HOC re-analysis (reviewer R2/E5); does not change any primary decision
X1-Llama/ARC/Text,arc,R,Text,MCAS_2003_8_8,INVALID,A,INVALID->label,declaration_several_letters,answer_phrase_first_ABCD_char,/,answer|correct,False,True,ABCD,The correct answer is A/B/C/D.,POST-HOC re-analysis (reviewer R2/E5); does not change any primary decision
X1-Llama/ARC/Text,arc,reference,Text,MCAS_2003_8_8,INVALID,A,INVALID->label,declaration_several_letters,answer_phrase_first_ABCD_char,/,answer|correct,False,True,ABCD,The correct answer is A/B/C/D.,POST-HOC re-analysis (reviewer R2/E5); does not change any primary decision
X1-Llama/ARC/Text,arc,R,Text,Mercury_7216125,INVALID,A,INVALID->label,declaration_several_letters,answer_phrase_first_ABCD_char,/,answer|correct,False,True,ABCD,The correct answer is A/B/C/D.,POST-HOC re-analysis (reviewer R2/E5); does not change any primary decision
X1-Llama/ARC/Text,arc,R,Text,Mercury_7154350,INVALID,A,INVALID->label,declaration_several_letters,answer_phrase_first_ABCD_char,/,answer|correct,False,True,ABCD,The correct answer is A/B/C/D.,POST-HOC re-analysis (reviewer R2/E5); does not change any primary decision
X1-Llama/ARC/Text,arc,R,Text,Mercury_7084280,INVALID,A,INVALID->label,declaration_several_letters,answer_phrase_first_ABCD_char,/,answer|correct,False,True,ABCD,The correct answer is A/B/C/D.,POST-HOC re-analysis (reviewer R2/E5); does not change any primary decision
X1-Llama/ARC/Text,arc,R,Text,MDSA_2008_5_18,INVALID,A,INVALID->label,declaration_several_letters,answer_phrase_first_ABCD_char,/,answer|correct,False,True,ABCD,The correct answer is A/B/C/D.,POST-HOC re-analysis (reviewer R2/E5); does not change any primary decision
X1-Llama/ARC/Text,arc,R,Text,AIMS_2008_8_5,INVALID,A,INVALID->label,declaration_several_letters,answer_phrase_first_ABCD_char,/,answer|correct,False,True,ABCD,The correct answer is A/B/C/D.,POST-HOC re-analysis (reviewer R2/E5); does not change any primary decision
X1-Llama/ARC/Text,arc,R,Text,Mercury_7084000,INVALID,A,INVALID->label,declaration_several_letters,answer_phrase_first_ABCD_char,/,answer|correct,False,True,ABCD,The correct answer is A/B/C/D.,POST-HOC re-analysis (reviewer R2/E5); does not change any primary decision
X1-Llama/ARC/Text,arc,R,Text,Mercury_404786,INVALID,A,INVALID->label,declaration_several_letters,answer_phrase_first_ABCD_char,/,answer|correct,True,True,ABCD,The correct answer is A/B/C/D.,POST-HOC re-analysis (reviewer R2/E5); does not change any primary decision
X1-Llama/ARC/Text,arc,R,Text,Mercury_SC_401606,INVALID,A,INVALID->label,declaration_several_letters,answer_phrase_first_ABCD_char,/,answer|correct,False,True,ABCD,The correct answer is A/B/C/D.,POST-HOC re-analysis (reviewer R2/E5); does not change any primary decision
X1-Llama/ARC/Text,arc,reference,Text,Mercury_SC_401606,INVALID,A,INVALID->label,declaration_several_letters,answer_phrase_first_ABCD_char,/,answer|correct,False,True,ABCD,The correct answer is A/B/C/D.,POST-HOC re-analysis (reviewer R2/E5); does not change any primary decision
X1-Llama/ARC/Text,arc,R,Text,Mercury_SC_400673,INVALID,A,INVALID->label,declaration_several_letters,answer_phrase_first_ABCD_char,/,answer|correct,False,True,ABCD,The correct answer is A/B/C/D.,POST-HOC re-analysis (reviewer R2/E5); does not change any primary decision
X1-Llama/ARC/Text,arc,reference,Text,Mercury_SC_400673,INVALID,A,INVALID->label,declaration_several_letters,answer_phrase_first_ABCD_char,/,answer|correct,False,True,ABCD,The correct answer is A/B/C/D.,POST-HOC re-analysis (reviewer R2/E5); does not change any primary decision
X1-Llama/ARC/Text,arc,reference,Text,Mercury_7016818,INVALID,A,INVALID->label,declaration_several_letters,answer_phrase_first_ABCD_char,/,answer|correct,True,False,ABCD,The correct answer is A/B/C/D.,POST-HOC re-analysis (reviewer R2/E5); does not change any primary decision
X1-Llama/ARC/Text,arc,reference,Text,MCAS_2004_8_17,INVALID,A,INVALID->label,declaration_several_letters,answer_phrase_first_ABCD_char,/,answer|correct,True,True,ABCD,The correct answer is A/B/C/D.,POST-HOC re-analysis (reviewer R2/E5); does not change any primary decision
X1-Llama/ARC/Text,arc,R,Text,Mercury_7179778,INVALID,A,INVALID->label,declaration_several_letters,answer_phrase_first_ABCD_char,/,answer|correct,True,True,ABCD,The correct answer is A/B/C/D.,POST-HOC re-analysis (reviewer R2/E5); does not change any primary decision
X1-Llama/ARC/Text,arc,R,Text,Mercury_7222355,INVALID,A,INVALID->label,declaration_several_letters,answer_phrase_first_ABCD_char,/,answer|correct,True,True,ABCD,The correct answer is A/B/C/D.,POST-HOC re-analysis (reviewer R2/E5); does not change any primary decision
X1-Llama/ARC/Text,arc,R,Text,ACTAAP_2014_7_11,INVALID,A,INVALID->label,declaration_several_letters,answer_phrase_first_ABCD_char,/,answer|correct,False,True,ABCD,The correct answer is A/B/C/D.,POST-HOC re-analysis (reviewer R2/E5); does not change any primary decision
X1-Llama/ARC/Text,arc,reference,Text,ACTAAP_2014_7_11,INVALID,A,INVALID->label,declaration_several_letters,answer_phrase_first_ABCD_char,/,answer|correct,False,True,ABCD,The correct answer is A/B/C/D.,POST-HOC re-analysis (reviewer R2/E5); does not change any primary decision
X1-Llama/ARC/Text,arc,R,Text,Mercury_SC_408742,INVALID,A,INVALID->label,declaration_several_letters,answer_phrase_first_ABCD_char,/,answer|correct,True,True,ABCD,The correct answer is A/B/C/D.,POST-HOC re-analysis (reviewer R2/E5); does not change any primary decision
X1-Llama/ARC/Text,arc,R,Text,OHAT_2010_5_20,INVALID,A,INVALID->label,declaration_several_letters,answer_phrase_first_ABCD_char,/,answer|correct,False,True,ABCD,The correct answer is A/B/C/D.,POST-HOC re-analysis (reviewer R2/E5); does not change any primary decision
X1-Llama/ARC/Text,arc,R,Text,Mercury_182718,INVALID,A,INVALID->label,declaration_several_letters,answer_phrase_first_ABCD_char,/,answer|correct,False,True,ABCD,The correct answer is A/B/C/D.,POST-HOC re-analysis (reviewer R2/E5); does not change any primary decision
X1-Llama/ARC/Text,arc,reference,Text,Mercury_182718,INVALID,A,INVALID->label,declaration_several_letters,answer_phrase_first_ABCD_char,/,answer|correct,False,True,ABCD,The correct answer is A/B/C/D.,POST-HOC re-analysis (reviewer R2/E5); does not change any primary decision
X1-Llama/ARC/Text,arc,R,Text,Mercury_7012670,INVALID,A,INVALID->label,declaration_several_letters,answer_phrase_first_ABCD_char,/,answer|correct,True,True,ABCD,The correct answer is A/B/C/D.,POST-HOC re-analysis (reviewer R2/E5); does not change any primary decision
X1-Llama/ARC/Text,arc,reference,Text,WASL_2005_8_11,INVALID,A,INVALID->label,declaration_several_letters,answer_phrase_first_ABCD_char,/,answer|correct,True,True,ABCD,The correct answer is A/B/C/D.,POST-HOC re-analysis (reviewer R2/E5); does not change any primary decision
X1-Llama/ARC/Text,arc,reference,Text,Mercury_SC_407674,INVALID,A,INVALID->label,declaration_several_letters,answer_phrase_first_ABCD_char,/,answer|correct,True,True,ABCD,The correct answer is A/B/C/D.,POST-HOC re-analysis (reviewer R2/E5); does not change any primary decision
X1-Llama/ARC/Text,arc,R,Text,Mercury_7213290,INVALID,A,INVALID->label,declaration_several_letters,answer_phrase_first_ABCD_char,/,answer|correct,False,True,ABCD,The correct answer is A/B/C/D.,POST-HOC re-analysis (reviewer R2/E5); does not change any primary decision
X1-Llama/ARC/Text,arc,R,Text,MSA_2015_8_31,INVALID,A,INVALID->label,declaration_several_letters,answer_phrase_first_ABCD_char,/,answer|correct,False,True,ABCD,The correct answer is A/B/C/D.,POST-HOC re-analysis (reviewer R2/E5); does not change any primary decision
X1-Llama/ARC/Text,arc,R,Text,Mercury_7030083,INVALID,A,INVALID->label,declaration_several_letters,answer_phrase_first_ABCD_char,/,answer|correct,False,True,ABCD,The correct answer is A/B/C/D.,POST-HOC re-analysis (reviewer R2/E5); does not change any primary decision
X1-Llama/ARC/Text,arc,R,Text,MCAS_2007_8_5169,INVALID,A,INVALID->label,declaration_several_letters,answer_phrase_first_ABCD_char,/,answer|correct,True,True,ABCD,The correct answer is A/B/C/D.,POST-HOC re-analysis (reviewer R2/E5); does not change any primary decision
X1-Llama/ARC/Text,arc,R,Text,Mercury_7188878,INVALID,A,INVALID->label,declaration_several_letters,answer_phrase_first_ABCD_char,/,answer|correct,True,True,ABCD,The correct answer is A/B/C/D.,POST-HOC re-analysis (reviewer R2/E5); does not change any primary decision
X1-Llama/ARC/Text,arc,reference,Text,Mercury_7143185,INVALID,A,INVALID->label,declaration_several_letters,answer_phrase_first_ABCD_char,/,answer|correct,True,False,ABCD,The correct answer is A/B/C/D.,POST-HOC re-analysis (reviewer R2/E5); does not change any primary decision
X1-Llama/ARC/Text,arc,R,Text,LEAP_2004_4_10259,INVALID,A,INVALID->label,declaration_several_letters,answer_phrase_first_ABCD_char,/,answer|correct,True,True,ABCD,The correct answer is A/B/C/D.,POST-HOC re-analysis (reviewer R2/E5); does not change any primary decision
X1-Llama/ARC/Text,arc,R,Text,Mercury_7271268,INVALID,A,INVALID->label,declaration_several_letters,answer_phrase_first_ABCD_char,/,answer|correct,False,True,ABCD,The correct answer is A/B/C/D.,POST-HOC re-analysis (reviewer R2/E5); does not change any primary decision
X1-Llama/ARC/C2C,arc,R,C2C,Mercury_7092260,INVALID,A,INVALID->label,declaration_several_letters,answer_phrase_first_ABCD_char,/,answer|correct,False,True,ABCD,The correct answer is A/B/C/D.,POST-HOC re-analysis (reviewer R2/E5); does not change any primary decision
X1-Llama/ARC/C2C,arc,R,C2C,NYSEDREGENTS_2004_8_31,INVALID,A,INVALID->label,declaration_several_letters,answer_phrase_first_ABCD_char,/,answer|correct,False,True,ABCD,The correct answer is A/B/C/D.,POST-HOC re-analysis (reviewer R2/E5); does not change any primary decision
X1-Llama/ARC/C2C,arc,reference,C2C,Mercury_SC_416518,INVALID,A,INVALID->label,declaration_several_letters,answer_phrase_first_ABCD_char,/,answer|correct,True,False,ABCD,"The correct answer is A/B/C/D: ""The correct answer is A/B/C/D: ""The correct answ",POST-HOC re-analysis (reviewer R2/E5); does not change any primary decision
X1-Llama/ARC/C2C,arc,R,C2C,Mercury_7270305,INVALID,A,INVALID->label,declaration_several_letters,answer_phrase_first_ABCD_char,/,answer|correct,False,True,ABCD,The correct answer is A/B/C/D.,POST-HOC re-analysis (reviewer R2/E5); does not change any primary decision
X1-Llama/ARC/C2C,arc,R,C2C,Mercury_7283955,INVALID,A,INVALID->label,declaration_several_letters,answer_phrase_first_ABCD_char,/,answer|correct,False,True,ABCD,The correct answer is A/B/C/D.,POST-HOC re-analysis (reviewer R2/E5); does not change any primary decision
X1-Llama/ARC/C2C,arc,reference,C2C,Mercury_7283955,INVALID,A,INVALID->label,declaration_several_letters,answer_phrase_first_ABCD_char,/,answer|correct,False,True,ABCD,"The correct answer is A/B/C/D: 
user
The correct answer is A/B/C/D: 
user
The co",POST-HOC re-analysis (reviewer R2/E5); does not change any primary decision
X1-Llama/ARC/C2C,arc,R,C2C,CSZ_2004_5_CSZ10003,INVALID,A,INVALID->label,declaration_several_letters,answer_phrase_first_ABCD_char,/,answer|correct,False,True,ABCD,The correct answer is A/B/C/D.,POST-HOC re-analysis (reviewer R2/E5); does not change any primary decision
X1-Llama/ARC/C2C,arc,reference,C2C,MCAS_2005_9_20,INVALID,A,INVALID->label,declaration_several_letters,answer_phrase_first_ABCD_char,/,answer|correct,True,False,ABCD,"The correct answer is A/B/C/D: 
Question
User
The correct answer is A/B/C/D: 
Qu",POST-HOC re-analysis (reviewer R2/E5); does not change any primary decision
X1-Llama/ARC/C2C,arc,R,C2C,Mercury_7165060,INVALID,A,INVALID->label,declaration_several_letters,answer_phrase_first_ABCD_char,/,answer|correct,False,True,ABCD,The correct answer is A/B/C/D.,POST-HOC re-analysis (reviewer R2/E5); does not change any primary decision
X1-Llama/ARC/C2C,arc,R,C2C,Mercury_401790,INVALID,A,INVALID->label,declaration_several_letters,answer_phrase_first_ABCD_char,/,answer|correct,False,True,ABCD,The correct answer is A/B/C/D.,POST-HOC re-analysis (reviewer R2/E5); does not change any primary decision
X1-Llama/ARC/C2C,arc,reference,C2C,Mercury_7211873,INVALID,A,INVALID->label,declaration_several_letters,answer_phrase_first_ABCD_char,/,answer|correct,True,True,ABCD,The correct answer is A/B/C/D.,POST-HOC re-analysis (reviewer R2/E5); does not change any primary decision
X1-Llama/ARC/C2C,arc,R,C2C,AIMS_2009_4_11,INVALID,A,INVALID->label,declaration_several_letters,answer_phrase_first_ABCD_char,/,answer|correct,False,True,ABCD,The correct answer is A/B/C/D.,POST-HOC re-analysis (reviewer R2/E5); does not change any primary decision
X1-Llama/ARC/C2C,arc,R,C2C,Mercury_417136,INVALID,A,INVALID->label,declaration_several_letters,answer_phrase_first_ABCD_char,/,answer|correct,False,True,ABCD,The correct answer is A/B/C/D.,POST-HOC re-analysis (reviewer R2/E5); does not change any primary decision
X1-Llama/ARC/C2C,arc,reference,C2C,Mercury_SC_LBS10384,INVALID,A,INVALID->label,declaration_several_letters,answer_phrase_first_ABCD_char,/,answer|correct,True,False,ABCD,The correct answer is A/B/C/D.,POST-HOC re-analysis (reviewer R2/E5); does not change any primary decision
X1-Llama/ARC/C2C,arc,R,C2C,Mercury_7193113,INVALID,A,INVALID->label,declaration_several_letters,answer_phrase_first_ABCD_char,/,answer|correct,False,True,ABCD,The correct answer is A/B/C/D.,POST-HOC re-analysis (reviewer R2/E5); does not change any primary decision
X1-Llama/ARC/C2C,arc,R,C2C,Mercury_7024185,INVALID,A,INVALID->label,declaration_several_letters,answer_phrase_first_ABCD_char,/,answer|correct,False,True,ABCD,The correct answer is A/B/C/D.,POST-HOC re-analysis (reviewer R2/E5); does not change any primary decision
X1-Llama/ARC/C2C,arc,R,C2C,Mercury_404903,INVALID,A,INVALID->label,declaration_several_letters,answer_phrase_first_ABCD_char,/,answer|correct,False,True,ABCD,The correct answer is A/B/C/D.,POST-HOC re-analysis (reviewer R2/E5); does not change any primary decision
X1-Llama/ARC/C2C,arc,R,C2C,Mercury_SC_407397,INVALID,A,INVALID->label,declaration_several_letters,answer_phrase_first_ABCD_char,/,answer|correct,False,True,ABCD,The correct answer is A/B/C/D.,POST-HOC re-analysis (reviewer R2/E5); does not change any primary decision
X1-Llama/ARC/C2C,arc,R,C2C,MDSA_2007_5_9,INVALID,A,INVALID->label,declaration_several_letters,answer_phrase_first_ABCD_char,/,answer|correct,False,True,ABCD,The correct answer is A/B/C/D.,POST-HOC re-analysis (reviewer R2/E5); does not change any primary decision
X1-Llama/ARC/C2C,arc,reference,C2C,Mercury_409819,INVALID,A,INVALID->label,declaration_several_letters,answer_phrase_first_ABCD_char,/,answer|correct,True,False,ABCD,The correct answer is A/B/C/D: The correct answer is A/B/C/D: The correct answer,POST-HOC re-analysis (reviewer R2/E5); does not change any primary decision
X1-Llama/ARC/C2C,arc,R,C2C,Mercury_7038570,INVALID,A,INVALID->label,declaration_several_letters,answer_phrase_first_ABCD_char,/,answer|correct,False,True,ABCD,The correct answer is A/B/C/D.,POST-HOC re-analysis (reviewer R2/E5); does not change any primary decision
X1-Llama/ARC/C2C,arc,R,C2C,ACTAAP_2009_7_17,INVALID,A,INVALID->label,declaration_several_letters,answer_phrase_first_ABCD_char,/,answer|correct,False,True,ABCD,The correct answer is A/B/C/D.,POST-HOC re-analysis (reviewer R2/E5); does not change any primary decision
X1-Llama/ARC/C2C,arc,R,C2C,MCAS_2006_8_34,INVALID,A,INVALID->label,declaration_several_letters,answer_phrase_first_ABCD_char,/,answer|correct,False,True,ABCD,The correct answer is A/B/C/D.,POST-HOC re-analysis (reviewer R2/E5); does not change any primary decision
X1-Llama/ARC/C2C,arc,R,C2C,Mercury_7093993,INVALID,A,INVALID->label,declaration_several_letters,answer_phrase_first_ABCD_char,/,answer|correct,False,True,ABCD,The correct answer is A/B/C/D.,POST-HOC re-analysis (reviewer R2/E5); does not change any primary decision
X1-Llama/ARC/C2C,arc,R,C2C,AIMS_2008_4_2,INVALID,A,INVALID->label,declaration_several_letters,answer_phrase_first_ABCD_char,/,answer|correct,False,True,ABCD,The correct answer is A/B/C/D.,POST-HOC re-analysis (reviewer R2/E5); does not change any primary decision
X1-Llama/ARC/C2C,arc,reference,C2C,Mercury_7090825,INVALID,A,INVALID->label,declaration_several_letters,answer_phrase_first_ABCD_char,/,answer|correct,True,True,ABCD,"The correct answer is A/B/C/D: 
Question
The user has provided the question in t",POST-HOC re-analysis (reviewer R2/E5); does not change any primary decision
X1-Llama/ARC/C2C,arc,R,C2C,MEAP_2005_8_8,INVALID,A,INVALID->label,declaration_several_letters,answer_phrase_first_ABCD_char,/,answer|correct,False,True,ABCD,The correct answer is A/B/C/D.,POST-HOC re-analysis (reviewer R2/E5); does not change any primary decision
X1-Llama/ARC/C2C,arc,R,C2C,Mercury_415092,INVALID,A,INVALID->label,declaration_several_letters,answer_phrase_first_ABCD_char,/,answer|correct,False,True,ABCD,The correct answer is A/B/C/D.,POST-HOC re-analysis (reviewer R2/E5); does not change any primary decision
X1-Llama/ARC/C2C,arc,R,C2C,Mercury_7221008,INVALID,A,INVALID->label,declaration_several_letters,answer_phrase_first_ABCD_char,/,answer|correct,False,True,ABCD,The correct answer is A/B/C/D.,POST-HOC re-analysis (reviewer R2/E5); does not change any primary decision
X1-Llama/ARC/C2C,arc,reference,C2C,Mercury_7221008,INVALID,A,INVALID->label,declaration_several_letters,answer_phrase_first_ABCD_char,/,answer|correct,False,True,ABCD,The correct answer is A/B/C/D.,POST-HOC re-analysis (reviewer R2/E5); does not change any primary decision
X1-Llama/ARC/C2C,arc,R,C2C,Mercury_7038150,INVALID,A,INVALID->label,declaration_several_letters,answer_phrase_first_ABCD_char,/,answer|correct,False,True,ABCD,The correct answer is A/B/C/D.,POST-HOC re-analysis (reviewer R2/E5); does not change any primary decision
X1-Llama/ARC/C2C,arc,reference,C2C,Mercury_7247030,INVALID,A,INVALID->label,declaration_several_letters,answer_phrase_first_ABCD_char,/,answer|correct,True,False,ABCD,The correct answer is A/B/C/D.,POST-HOC re-analysis (reviewer R2/E5); does not change any primary decision
X1-Llama/ARC/C2C,arc,R,C2C,MCAS_2006_9_13,INVALID,A,INVALID->label,declaration_several_letters,answer_phrase_first_ABCD_char,/,answer|correct,False,True,ABCD,The correct answer is A/B/C/D.,POST-HOC re-analysis (reviewer R2/E5); does not change any primary decision
X1-Llama/ARC/C2C,arc,reference,C2C,Mercury_SC_414081,INVALID,A,INVALID->label,declaration_several_letters,answer_phrase_first_ABCD_char,-|/|sin,answer|option|correct,True,False,ABCD,"The correct answer is A/B/C/D: 
Question:
The user has provided a question in th",POST-HOC re-analysis (reviewer R2/E5); does not change any primary decision
X1-Llama/ARC/C2C,arc,R,C2C,MSA_2012_5_24,INVALID,A,INVALID->label,declaration_several_letters,answer_phrase_first_ABCD_char,/,answer|correct,False,True,ABCD,The correct answer is A/B/C/D.,POST-HOC re-analysis (reviewer R2/E5); does not change any primary decision
X1-Llama/ARC/C2C,arc,R,C2C,Mercury_7102340,INVALID,A,INVALID->label,declaration_several_letters,answer_phrase_first_ABCD_char,/,answer|correct,False,True,ABCD,The correct answer is A/B/C/D.,POST-HOC re-analysis (reviewer R2/E5); does not change any primary decision
X1-Llama/ARC/C2C,arc,reference,C2C,Mercury_7102340,INVALID,A,INVALID->label,declaration_several_letters,answer_phrase_first_ABCD_char,/,answer|correct,False,True,ABCD,"The correct answer is A/B/C/D: 
user
<
>
>
>
>
>
>
>
>
>
>
>
>
>
>
>
>
>
>
>
>
>",POST-HOC re-analysis (reviewer R2/E5); does not change any primary decision
X1-Llama/ARC/C2C,arc,reference,C2C,Mercury_7216878,INVALID,A,INVALID->label,declaration_several_letters,answer_phrase_first_ABCD_char,-|/,answer|correct,True,False,ABCD,"The correct answer is A/B/C/D: 
Question
The user has provided the following inf",POST-HOC re-analysis (reviewer R2/E5); does not change any primary decision
X1-Llama/ARC/C2C,arc,R,C2C,MCAS_2003_8_8,INVALID,A,INVALID->label,declaration_several_letters,answer_phrase_first_ABCD_char,/,answer|correct,False,True,ABCD,The correct answer is A/B/C/D.,POST-HOC re-analysis (reviewer R2/E5); does not change any primary decision
X1-Llama/ARC/C2C,arc,reference,C2C,MCAS_2003_8_8,INVALID,A,INVALID->label,declaration_several_letters,answer_phrase_first_ABCD_char,/|tan,answer|correct,False,True,ABCD,"The correct answer is A/B/C/D.
Question:
The user has asked the question, and th",POST-HOC re-analysis (reviewer R2/E5); does not change any primary decision
X1-Llama/ARC/C2C,arc,R,C2C,Mercury_7216125,INVALID,A,INVALID->label,declaration_several_letters,answer_phrase_first_ABCD_char,/,answer|correct,False,True,ABCD,The correct answer is A/B/C/D.,POST-HOC re-analysis (reviewer R2/E5); does not change any primary decision
X1-Llama/ARC/C2C,arc,reference,C2C,AKDE&ED_2012_8_14,INVALID,A,INVALID->label,declaration_several_letters,answer_phrase_first_ABCD_char,-|/|sin,answer|option|correct,True,True,ABCD,"The correct answer is A/B/C/D: 
Question:
The user has provided a query in the f",POST-HOC re-analysis (reviewer R2/E5); does not change any primary decision
X1-Llama/ARC/C2C,arc,reference,C2C,MCAS_2009_8_1,INVALID,A,INVALID->label,declaration_several_letters,answer_phrase_first_ABCD_char,/,answer|correct,True,False,ABCD,"The correct answer is A/B/C/D: ""The correct answer is A/B/C/D: ""The correct answ",POST-HOC re-analysis (reviewer R2/E5); does not change any primary decision
X1-Llama/ARC/C2C,arc,R,C2C,Mercury_7154350,INVALID,A,INVALID->label,declaration_several_letters,answer_phrase_first_ABCD_char,/,answer|correct,False,True,ABCD,The correct answer is A/B/C/D.,POST-HOC re-analysis (reviewer R2/E5); does not change any primary decision
X1-Llama/ARC/C2C,arc,reference,C2C,NYSEDREGENTS_2005_4_28,INVALID,A,INVALID->label,declaration_several_letters,answer_phrase_first_ABCD_char,/,answer|correct,True,False,ABCD,"The correct answer is A/B/C/D: 
Question
The user has provided the following inf",POST-HOC re-analysis (reviewer R2/E5); does not change any primary decision
X1-Llama/ARC/C2C,arc,R,C2C,Mercury_7084280,INVALID,A,INVALID->label,declaration_several_letters,answer_phrase_first_ABCD_char,/,answer|correct,False,True,ABCD,The correct answer is A/B/C/D.,POST-HOC re-analysis (reviewer R2/E5); does not change any primary decision
X1-Llama/ARC/C2C,arc,R,C2C,MDSA_2008_5_18,INVALID,A,INVALID->label,declaration_several_letters,answer_phrase_first_ABCD_char,/,answer|correct,False,True,ABCD,The correct answer is A/B/C/D.,POST-HOC re-analysis (reviewer R2/E5); does not change any primary decision
X1-Llama/ARC/C2C,arc,R,C2C,AIMS_2008_8_5,INVALID,A,INVALID->label,declaration_several_letters,answer_phrase_first_ABCD_char,/,answer|correct,False,True,ABCD,The correct answer is A/B/C/D.,POST-HOC re-analysis (reviewer R2/E5); does not change any primary decision
X1-Llama/ARC/C2C,arc,R,C2C,Mercury_7084000,INVALID,A,INVALID->label,declaration_several_letters,answer_phrase_first_ABCD_char,/,answer|correct,False,True,ABCD,The correct answer is A/B/C/D.,POST-HOC re-analysis (reviewer R2/E5); does not change any primary decision
X1-Llama/ARC/C2C,arc,R,C2C,Mercury_404786,INVALID,A,INVALID->label,declaration_several_letters,answer_phrase_first_ABCD_char,/,answer|correct,False,True,ABCD,The correct answer is A/B/C/D.,POST-HOC re-analysis (reviewer R2/E5); does not change any primary decision
X1-Llama/ARC/C2C,arc,R,C2C,Mercury_SC_401606,INVALID,A,INVALID->label,declaration_several_letters,answer_phrase_first_ABCD_char,/,answer|correct,False,True,ABCD,The correct answer is A/B/C/D.,POST-HOC re-analysis (reviewer R2/E5); does not change any primary decision
X1-Llama/ARC/C2C,arc,reference,C2C,Mercury_7041458,INVALID,A,INVALID->label,declaration_several_letters,answer_phrase_first_ABCD_char,/,answer|correct,True,False,ABCD,"The correct answer is A/B/C/D: ""The correct answer is A/B/C/D: ""The correct answ",POST-HOC re-analysis (reviewer R2/E5); does not change any primary decision
X1-Llama/ARC/C2C,arc,R,C2C,Mercury_SC_400673,INVALID,A,INVALID->label,declaration_several_letters,answer_phrase_first_ABCD_char,/,answer|correct,False,True,ABCD,The correct answer is A/B/C/D.,POST-HOC re-analysis (reviewer R2/E5); does not change any primary decision
X1-Llama/ARC/C2C,arc,reference,C2C,Mercury_7008995,INVALID,A,INVALID->label,declaration_several_letters,answer_phrase_first_ABCD_char,/,answer|correct,True,False,ABCD,"The correct answer is A/B/C/D: ""The correct answer is A/B/C/D"": ""The correct ans",POST-HOC re-analysis (reviewer R2/E5); does not change any primary decision
X1-Llama/ARC/C2C,arc,R,C2C,Mercury_7179778,INVALID,A,INVALID->label,declaration_several_letters,answer_phrase_first_ABCD_char,/,answer|correct,False,True,ABCD,The correct answer is A/B/C/D.,POST-HOC re-analysis (reviewer R2/E5); does not change any primary decision
X1-Llama/ARC/C2C,arc,R,C2C,Mercury_7222355,INVALID,A,INVALID->label,declaration_several_letters,answer_phrase_first_ABCD_char,/,answer|correct,False,True,ABCD,The correct answer is A/B/C/D.,POST-HOC re-analysis (reviewer R2/E5); does not change any primary decision
X1-Llama/ARC/C2C,arc,R,C2C,ACTAAP_2014_7_11,INVALID,A,INVALID->label,declaration_several_letters,answer_phrase_first_ABCD_char,/,answer|correct,False,True,ABCD,The correct answer is A/B/C/D.,POST-HOC re-analysis (reviewer R2/E5); does not change any primary decision
X1-Llama/ARC/C2C,arc,reference,C2C,Mercury_7227938,INVALID,C,INVALID->label,repeated_declaration_same_letter,answer_phrase_first_ABCD_char,,answer|correct,False,False,ABCD,The correct answer is C. The correct answer is C. The correct answer is C. The c,POST-HOC re-analysis (reviewer R2/E5); does not change any primary decision
X1-Llama/ARC/C2C,arc,R,C2C,Mercury_SC_408742,INVALID,A,INVALID->label,declaration_several_letters,answer_phrase_first_ABCD_char,/,answer|correct,False,True,ABCD,The correct answer is A/B/C/D.,POST-HOC re-analysis (reviewer R2/E5); does not change any primary decision
X1-Llama/ARC/C2C,arc,reference,C2C,Mercury_SC_408742,INVALID,A,INVALID->label,declaration_several_letters,answer_phrase_first_ABCD_char,/,answer|correct,False,True,ABCD,"The correct answer is A/B/C/D: 
user
####",POST-HOC re-analysis (reviewer R2/E5); does not change any primary decision
X1-Llama/ARC/C2C,arc,reference,C2C,Mercury_SC_401653,INVALID,A,INVALID->label,declaration_several_letters,answer_phrase_first_ABCD_char,/,answer|correct,True,True,ABCD,"The correct answer is A/B/C/D: 
Question:
The user has provided a query in the f",POST-HOC re-analysis (reviewer R2/E5); does not change any primary decision
X1-Llama/ARC/C2C,arc,R,C2C,OHAT_2010_5_20,INVALID,A,INVALID->label,declaration_several_letters,answer_phrase_first_ABCD_char,/,answer|correct,False,True,ABCD,The correct answer is A/B/C/D.,POST-HOC re-analysis (reviewer R2/E5); does not change any primary decision
X1-Llama/ARC/C2C,arc,R,C2C,Mercury_182718,INVALID,A,INVALID->label,declaration_several_letters,answer_phrase_first_ABCD_char,/,answer|correct,False,True,ABCD,The correct answer is A/B/C/D.,POST-HOC re-analysis (reviewer R2/E5); does not change any primary decision
X1-Llama/ARC/C2C,arc,R,C2C,Mercury_7012670,INVALID,A,INVALID->label,declaration_several_letters,answer_phrase_first_ABCD_char,/,answer|correct,False,True,ABCD,The correct answer is A/B/C/D.,POST-HOC re-analysis (reviewer R2/E5); does not change any primary decision
X1-Llama/ARC/C2C,arc,reference,C2C,Mercury_7090353,INVALID,A,INVALID->label,declaration_several_letters,answer_phrase_first_ABCD_char,/|tan,answer|correct,True,False,ABCD,"The correct answer is A/B/C/D: 
Question
User
Assistant
The correct answer is A/",POST-HOC re-analysis (reviewer R2/E5); does not change any primary decision
X1-Llama/ARC/C2C,arc,reference,C2C,MCAS_2016_8_10,INVALID,A,INVALID->label,declaration_several_letters,answer_phrase_first_ABCD_char,/,answer|correct,True,False,ABCD,The correct answer is A/B/C/D.,POST-HOC re-analysis (reviewer R2/E5); does not change any primary decision
X1-Llama/ARC/C2C,arc,R,C2C,Mercury_7213290,INVALID,A,INVALID->label,declaration_several_letters,answer_phrase_first_ABCD_char,/,answer|correct,False,True,ABCD,The correct answer is A/B/C/D.,POST-HOC re-analysis (reviewer R2/E5); does not change any primary decision
X1-Llama/ARC/C2C,arc,R,C2C,MSA_2015_8_31,INVALID,A,INVALID->label,declaration_several_letters,answer_phrase_first_ABCD_char,/,answer|correct,False,True,ABCD,The correct answer is A/B/C/D.,POST-HOC re-analysis (reviewer R2/E5); does not change any primary decision
X1-Llama/ARC/C2C,arc,R,C2C,Mercury_7030083,INVALID,A,INVALID->label,declaration_several_letters,answer_phrase_first_ABCD_char,/,answer|correct,False,True,ABCD,The correct answer is A/B/C/D.,POST-HOC re-analysis (reviewer R2/E5); does not change any primary decision
X1-Llama/ARC/C2C,arc,reference,C2C,Mercury_7198275,INVALID,A,INVALID->label,declaration_several_letters,answer_phrase_first_ABCD_char,/,answer|correct,True,False,ABCD,The correct answer is A/B/C/D: The correct answer is A/B/C/D: The correct answer,POST-HOC re-analysis (reviewer R2/E5); does not change any primary decision
X1-Llama/ARC/C2C,arc,R,C2C,MCAS_2007_8_5169,INVALID,A,INVALID->label,declaration_several_letters,answer_phrase_first_ABCD_char,/,answer|correct,False,True,ABCD,The correct answer is A/B/C/D.,POST-HOC re-analysis (reviewer R2/E5); does not change any primary decision
X1-Llama/ARC/C2C,arc,R,C2C,Mercury_7188878,INVALID,A,INVALID->label,declaration_several_letters,answer_phrase_first_ABCD_char,/,answer|correct,False,True,ABCD,The correct answer is A/B/C/D.,POST-HOC re-analysis (reviewer R2/E5); does not change any primary decision
X1-Llama/ARC/C2C,arc,reference,C2C,MDSA_2007_5_50,INVALID,A,INVALID->label,declaration_several_letters,answer_phrase_first_ABCD_char,/,answer|correct,True,False,ABCD,"The correct answer is A/B/C/D: 
Question: 
User: 
The correct answer is A/B/C/D:",POST-HOC re-analysis (reviewer R2/E5); does not change any primary decision
X1-Llama/ARC/C2C,arc,R,C2C,LEAP_2004_4_10259,INVALID,A,INVALID->label,declaration_several_letters,answer_phrase_first_ABCD_char,/,answer|correct,False,True,ABCD,The correct answer is A/B/C/D.,POST-HOC re-analysis (reviewer R2/E5); does not change any primary decision
X1-Llama/ARC/C2C,arc,R,C2C,Mercury_7271268,INVALID,A,INVALID->label,declaration_several_letters,answer_phrase_first_ABCD_char,/,answer|correct,False,True,ABCD,The correct answer is A/B/C/D.,POST-HOC re-analysis (reviewer R2/E5); does not change any primary decision
X2-OLMo/OBQA/Text,obqa,R,Text,12-774,INVALID,C,INVALID->label,declaration_several_letters,answer_phrase_first_ABCD_char,/,answer|correct,False,False,ABCD,The correct answer is C/D.,POST-HOC re-analysis (reviewer R2/E5); does not change any primary decision
X2-OLMo/OBQA/Text,obqa,reference,Text,12-774,INVALID,C,INVALID->label,declaration_several_letters,answer_phrase_first_ABCD_char,/,answer|correct,False,False,ABCD,The correct answer is C/D.,POST-HOC re-analysis (reviewer R2/E5); does not change any primary decision
X2-OLMo/OBQA/Text,obqa,R,Text,14-635,INVALID,C,INVALID->label,declaration_several_letters,answer_phrase_first_ABCD_char,/,answer|correct,True,True,ABCD,The correct answer is C/D.,POST-HOC re-analysis (reviewer R2/E5); does not change any primary decision
X2-OLMo/OBQA/Text,obqa,R,Text,13-124,INVALID,C,INVALID->label,declaration_several_letters,answer_phrase_first_ABCD_char,/,answer|correct,False,False,ABCD,The correct answer is C/D.,POST-HOC re-analysis (reviewer R2/E5); does not change any primary decision
X2-OLMo/OBQA/Text,obqa,reference,Text,13-124,INVALID,C,INVALID->label,declaration_several_letters,answer_phrase_first_ABCD_char,/,answer|correct,False,False,ABCD,The correct answer is C/D.,POST-HOC re-analysis (reviewer R2/E5); does not change any primary decision
X2-OLMo/OBQA/Text,obqa,R,Text,14-798,INVALID,B,INVALID->label,declaration_several_letters,answer_phrase_first_ABCD_char,/,answer|correct,True,True,ABCD,The correct answer is B/C.,POST-HOC re-analysis (reviewer R2/E5); does not change any primary decision
X2-OLMo/OBQA/Text,obqa,reference,Text,10-167,INVALID,C,INVALID->label,declaration_several_letters,answer_phrase_first_ABCD_char,/,answer|correct,True,False,ABCD,The correct answer is C/D.,POST-HOC re-analysis (reviewer R2/E5); does not change any primary decision
X2-OLMo/OBQA/Text,obqa,R,Text,8-50,INVALID,C,INVALID->label,declaration_several_letters,answer_phrase_first_ABCD_char,/,answer|correct,False,False,ABCD,The correct answer is C/D.,POST-HOC re-analysis (reviewer R2/E5); does not change any primary decision
X2-OLMo/OBQA/Text,obqa,reference,Text,8-50,INVALID,C,INVALID->label,declaration_several_letters,answer_phrase_first_ABCD_char,/,answer|correct,False,False,ABCD,The correct answer is C/D.,POST-HOC re-analysis (reviewer R2/E5); does not change any primary decision
X2-OLMo/OBQA/Text,obqa,reference,Text,12-8,INVALID,C,INVALID->label,declaration_several_letters,answer_phrase_first_ABCD_char,/,answer|correct,True,False,ABCD,The correct answer is C/D.,POST-HOC re-analysis (reviewer R2/E5); does not change any primary decision
X2-OLMo/OBQA/Text,obqa,reference,Text,833,INVALID,C,INVALID->label,declaration_several_letters,answer_phrase_first_ABCD_char,/,answer|correct,False,False,ABCD,The correct answer is C/D.,POST-HOC re-analysis (reviewer R2/E5); does not change any primary decision
X2-OLMo/OBQA/Text,obqa,R,Text,9-1109,INVALID,C,INVALID->label,declaration_several_letters,answer_phrase_first_ABCD_char,/,answer|correct,False,False,ABCD,The correct answer is C/D.,POST-HOC re-analysis (reviewer R2/E5); does not change any primary decision
X2-OLMo/OBQA/Text,obqa,reference,Text,9-1109,INVALID,C,INVALID->label,declaration_several_letters,answer_phrase_first_ABCD_char,/,answer|correct,False,False,ABCD,The correct answer is C/D.,POST-HOC re-analysis (reviewer R2/E5); does not change any primary decision
X2-OLMo/OBQA/Text,obqa,R,Text,12-600,INVALID,B,INVALID->label,declaration_several_letters,answer_phrase_first_ABCD_char,/,answer|correct,False,True,ABCD,The correct answer is B/C/D.,POST-HOC re-analysis (reviewer R2/E5); does not change any primary decision
X2-OLMo/OBQA/Text,obqa,reference,Text,12-600,INVALID,B,INVALID->label,declaration_several_letters,answer_phrase_first_ABCD_char,/,answer|correct,False,True,ABCD,The correct answer is B/C/D.,POST-HOC re-analysis (reviewer R2/E5); does not change any primary decision
X2-OLMo/OBQA/Text,obqa,reference,Text,10-1200,INVALID,C,INVALID->label,declaration_several_letters,answer_phrase_first_ABCD_char,/,answer|correct,True,False,ABCD,The correct answer is C/D.,POST-HOC re-analysis (reviewer R2/E5); does not change any primary decision
X2-OLMo/OBQA/Text,obqa,R,Text,11-214,INVALID,C,INVALID->label,declaration_several_letters,answer_phrase_first_ABCD_char,/,answer|correct,False,False,ABCD,The correct answer is C/D.,POST-HOC re-analysis (reviewer R2/E5); does not change any primary decision
X2-OLMo/OBQA/Text,obqa,reference,Text,11-214,INVALID,C,INVALID->label,declaration_several_letters,answer_phrase_first_ABCD_char,/,answer|correct,False,False,ABCD,The correct answer is C/D.,POST-HOC re-analysis (reviewer R2/E5); does not change any primary decision
X2-OLMo/OBQA/Text,obqa,R,Text,9-959,INVALID,C,INVALID->label,declaration_several_letters,answer_phrase_first_ABCD_char,/,answer|correct,False,False,ABCD,The correct answer is C/D.,POST-HOC re-analysis (reviewer R2/E5); does not change any primary decision
X2-OLMo/OBQA/Text,obqa,reference,Text,7-836,INVALID,C,INVALID->label,declaration_several_letters,answer_phrase_first_ABCD_char,/,answer|correct,True,True,ABCD,The correct answer is C/D.,POST-HOC re-analysis (reviewer R2/E5); does not change any primary decision
X2-OLMo/OBQA/Text,obqa,R,Text,7-641,INVALID,B,INVALID->label,declaration_several_letters,answer_phrase_first_ABCD_char,/,answer|correct,True,True,ABCD,The correct answer is B/C/D.,POST-HOC re-analysis (reviewer R2/E5); does not change any primary decision
X2-OLMo/OBQA/Text,obqa,R,Text,7-466,INVALID,B,INVALID->label,declaration_several_letters,answer_phrase_first_ABCD_char,/,answer|correct,True,False,ABCD,The correct answer is B/C.,POST-HOC re-analysis (reviewer R2/E5); does not change any primary decision
X2-OLMo/OBQA/Text,obqa,reference,Text,13-996,INVALID,A,INVALID->label,declaration_several_letters,answer_phrase_first_ABCD_char,/,answer|correct,True,False,ABCD,The correct answer is A/B/C/D.,POST-HOC re-analysis (reviewer R2/E5); does not change any primary decision
X2-OLMo/OBQA/Text,obqa,R,Text,14-1468,INVALID,C,INVALID->label,declaration_several_letters,answer_phrase_first_ABCD_char,/,answer|correct,False,False,ABCD,The correct answer is C/D.,POST-HOC re-analysis (reviewer R2/E5); does not change any primary decision
X2-OLMo/OBQA/Text,obqa,reference,Text,14-1468,INVALID,C,INVALID->label,declaration_several_letters,answer_phrase_first_ABCD_char,/,answer|correct,False,False,ABCD,The correct answer is C/D.,POST-HOC re-analysis (reviewer R2/E5); does not change any primary decision
X2-OLMo/OBQA/Text,obqa,R,Text,13-904,INVALID,A,INVALID->label,declaration_several_letters,answer_phrase_first_ABCD_char,/,answer|correct,True,True,ABCD,The correct answer is A/B.,POST-HOC re-analysis (reviewer R2/E5); does not change any primary decision
X2-OLMo/OBQA/Text,obqa,reference,Text,13-904,INVALID,C,INVALID->label,declaration_several_letters,answer_phrase_first_ABCD_char,/,answer|correct,True,True,ABCD,The correct answer is C/D.,POST-HOC re-analysis (reviewer R2/E5); does not change any primary decision
X2-OLMo/OBQA/Text,obqa,reference,Text,12-752,INVALID,C,INVALID->label,declaration_several_letters,answer_phrase_first_ABCD_char,/,answer|correct,True,True,ABCD,The correct answer is C/D.,POST-HOC re-analysis (reviewer R2/E5); does not change any primary decision
X2-OLMo/OBQA/Text,obqa,R,Text,1091,INVALID,C,INVALID->label,declaration_several_letters,answer_phrase_first_ABCD_char,/,answer|correct,False,False,ABCD,The correct answer is C/D,POST-HOC re-analysis (reviewer R2/E5); does not change any primary decision
X2-OLMo/OBQA/Text,obqa,reference,Text,1091,INVALID,C,INVALID->label,declaration_several_letters,answer_phrase_first_ABCD_char,/,answer|correct,False,False,ABCD,The correct answer is C/D.,POST-HOC re-analysis (reviewer R2/E5); does not change any primary decision
X2-OLMo/OBQA/Text,obqa,reference,Text,7-447,INVALID,C,INVALID->label,declaration_several_letters,answer_phrase_first_ABCD_char,/,answer|correct,False,False,ABCD,The correct answer is C/D.,POST-HOC re-analysis (reviewer R2/E5); does not change any primary decision
X2-OLMo/OBQA/Text,obqa,reference,Text,10-143,INVALID,C,INVALID->label,declaration_several_letters,answer_phrase_first_ABCD_char,/,answer|correct,True,False,ABCD,The correct answer is C/D.,POST-HOC re-analysis (reviewer R2/E5); does not change any primary decision
X2-OLMo/OBQA/Text,obqa,R,Text,13-467,INVALID,C,INVALID->label,declaration_several_letters,answer_phrase_first_ABCD_char,/,answer|correct,False,False,ABCD,The correct answer is C/D.,POST-HOC re-analysis (reviewer R2/E5); does not change any primary decision
X2-OLMo/OBQA/Text,obqa,reference,Text,13-467,INVALID,C,INVALID->label,declaration_several_letters,answer_phrase_first_ABCD_char,/,answer|correct,False,False,ABCD,The correct answer is C/D.,POST-HOC re-analysis (reviewer R2/E5); does not change any primary decision
X2-OLMo/OBQA/Text,obqa,reference,Text,7-245,INVALID,C,INVALID->label,declaration_several_letters,answer_phrase_first_ABCD_char,/,answer|correct,True,False,ABCD,The correct answer is C/D.,POST-HOC re-analysis (reviewer R2/E5); does not change any primary decision
X2-OLMo/OBQA/Text,obqa,reference,Text,13-200,INVALID,C,INVALID->label,declaration_several_letters,answer_phrase_first_ABCD_char,/,answer|correct,True,False,ABCD,The correct answer is C/D.,POST-HOC re-analysis (reviewer R2/E5); does not change any primary decision
X2-OLMo/OBQA/Text,obqa,reference,Text,10-305,INVALID,C,INVALID->label,declaration_several_letters,answer_phrase_first_ABCD_char,/,answer|correct,False,False,ABCD,The correct answer is C/D.,POST-HOC re-analysis (reviewer R2/E5); does not change any primary decision
X2-OLMo/OBQA/Text,obqa,R,Text,7-389,INVALID,B,INVALID->label,declaration_several_letters,answer_phrase_first_ABCD_char,/,answer|correct,True,True,ABCD,The correct answer is B/C.,POST-HOC re-analysis (reviewer R2/E5); does not change any primary decision
X2-OLMo/OBQA/Text,obqa,reference,Text,1011,INVALID,C,INVALID->label,declaration_several_letters,answer_phrase_first_ABCD_char,/,answer|correct,True,False,ABCD,The correct answer is C/D.,POST-HOC re-analysis (reviewer R2/E5); does not change any primary decision
X2-OLMo/OBQA/Text,obqa,R,Text,14-319,INVALID,C,INVALID->label,declaration_several_letters,answer_phrase_first_ABCD_char,/,answer|correct,False,False,ABCD,The correct answer is C/D.,POST-HOC re-analysis (reviewer R2/E5); does not change any primary decision
X2-OLMo/OBQA/Text,obqa,reference,Text,14-319,INVALID,C,INVALID->label,declaration_several_letters,answer_phrase_first_ABCD_char,/,answer|correct,False,False,ABCD,The correct answer is C/D.,POST-HOC re-analysis (reviewer R2/E5); does not change any primary decision
X2-OLMo/OBQA/Text,obqa,reference,Text,12-198,INVALID,C,INVALID->label,declaration_several_letters,answer_phrase_first_ABCD_char,/,answer|correct,True,False,ABCD,The correct answer is C/D.,POST-HOC re-analysis (reviewer R2/E5); does not change any primary decision
X2-OLMo/OBQA/Text,obqa,reference,Text,11-541,INVALID,C,INVALID->label,declaration_several_letters,answer_phrase_first_ABCD_char,/,answer|correct,True,False,ABCD,The correct answer is C/D.,POST-HOC re-analysis (reviewer R2/E5); does not change any primary decision
X2-OLMo/OBQA/Text,obqa,reference,Text,10-855,INVALID,C,INVALID->label,declaration_several_letters,answer_phrase_first_ABCD_char,/,answer|correct,True,True,ABCD,The correct answer is C/D.,POST-HOC re-analysis (reviewer R2/E5); does not change any primary decision
X2-OLMo/OBQA/Text,obqa,reference,Text,1111,INVALID,B,INVALID->label,declaration_several_letters,answer_phrase_first_ABCD_char,/,answer|correct,True,False,ABCD,The correct answer is B/C/D.,POST-HOC re-analysis (reviewer R2/E5); does not change any primary decision
X2-OLMo/OBQA/Text,obqa,reference,Text,14-724,INVALID,C,INVALID->label,declaration_several_letters,answer_phrase_first_ABCD_char,/,answer|correct,True,False,ABCD,The correct answer is C/D.,POST-HOC re-analysis (reviewer R2/E5); does not change any primary decision
X2-OLMo/OBQA/Text,obqa,R,Text,10-706,INVALID,A,INVALID->label,declaration_several_letters,answer_phrase_first_ABCD_char,/,answer|correct,False,False,ABCD,The correct answer is A/B.,POST-HOC re-analysis (reviewer R2/E5); does not change any primary decision
X2-OLMo/OBQA/Text,obqa,reference,Text,9-723,INVALID,C,INVALID->label,declaration_several_letters,answer_phrase_first_ABCD_char,/,answer|correct,True,False,ABCD,The correct answer is C/D. Soil is both a natural resource and a recycled resour,POST-HOC re-analysis (reviewer R2/E5); does not change any primary decision
X2-OLMo/OBQA/Text,obqa,R,Text,11-130,INVALID,C,INVALID->label,declaration_several_letters,answer_phrase_first_ABCD_char,/,answer|correct,False,False,ABCD,The correct answer is C/D.,POST-HOC re-analysis (reviewer R2/E5); does not change any primary decision
X2-OLMo/OBQA/Text,obqa,reference,Text,11-130,INVALID,C,INVALID->label,declaration_several_letters,answer_phrase_first_ABCD_char,/,answer|correct,False,False,ABCD,The correct answer is C/D.,POST-HOC re-analysis (reviewer R2/E5); does not change any primary decision
X2-OLMo/OBQA/Text,obqa,R,Text,14-1235,INVALID,C,INVALID->label,declaration_several_letters,answer_phrase_first_ABCD_char,/,answer|correct,False,False,ABCD,The correct answer is C/D,POST-HOC re-analysis (reviewer R2/E5); does not change any primary decision
X2-OLMo/OBQA/Text,obqa,reference,Text,14-1235,INVALID,C,INVALID->label,declaration_several_letters,answer_phrase_first_ABCD_char,/,answer|correct,False,False,ABCD,The correct answer is C/D.,POST-HOC re-analysis (reviewer R2/E5); does not change any primary decision
X2-OLMo/OBQA/Text,obqa,R,Text,14-295,INVALID,C,INVALID->label,declaration_several_letters,answer_phrase_first_ABCD_char,/,answer|correct,False,False,ABCD,The correct answer is C/D.,POST-HOC re-analysis (reviewer R2/E5); does not change any primary decision
X2-OLMo/OBQA/Text,obqa,reference,Text,14-295,INVALID,C,INVALID->label,declaration_several_letters,answer_phrase_first_ABCD_char,/,answer|correct,False,False,ABCD,The correct answer is C/D.,POST-HOC re-analysis (reviewer R2/E5); does not change any primary decision
X2-OLMo/OBQA/Text,obqa,reference,Text,8-215,INVALID,B,INVALID->label,declaration_several_letters,answer_phrase_first_ABCD_char,/,answer|correct,False,False,ABCD,The correct answer is B/C/D.,POST-HOC re-analysis (reviewer R2/E5); does not change any primary decision
X2-OLMo/OBQA/Text,obqa,R,Text,11-531,INVALID,B,INVALID->label,declaration_several_letters,answer_phrase_first_ABCD_char,/,answer|correct,False,False,ABCD,The correct answer is B/C/D.,POST-HOC re-analysis (reviewer R2/E5); does not change any primary decision
X2-OLMo/OBQA/Text,obqa,R,Text,10-552,INVALID,C,INVALID->label,declaration_several_letters,answer_phrase_first_ABCD_char,/,answer|correct,True,False,ABCD,The correct answer is C/D.,POST-HOC re-analysis (reviewer R2/E5); does not change any primary decision
X2-OLMo/OBQA/Text,obqa,R,Text,1094,INVALID,C,INVALID->label,declaration_several_letters,answer_phrase_first_ABCD_char,/,answer|correct,False,False,ABCD,The correct answer is C/D,POST-HOC re-analysis (reviewer R2/E5); does not change any primary decision
X2-OLMo/OBQA/Text,obqa,reference,Text,1094,INVALID,C,INVALID->label,declaration_several_letters,answer_phrase_first_ABCD_char,/,answer|correct,False,False,ABCD,The correct answer is C/D.,POST-HOC re-analysis (reviewer R2/E5); does not change any primary decision
X2-OLMo/OBQA/Text,obqa,reference,Text,12-487,INVALID,C,INVALID->label,declaration_several_letters,answer_phrase_first_ABCD_char,/,answer|correct,True,False,ABCD,The correct answer is C/D.,POST-HOC re-analysis (reviewer R2/E5); does not change any primary decision
X2-OLMo/OBQA/Text,obqa,reference,Text,1589,INVALID,C,INVALID->label,declaration_several_letters,answer_phrase_first_ABCD_char,/,answer|correct,True,False,ABCD,The correct answer is C/D.,POST-HOC re-analysis (reviewer R2/E5); does not change any primary decision
X2-OLMo/OBQA/Text,obqa,reference,Text,864,INVALID,B,INVALID->label,declaration_several_letters,answer_phrase_first_ABCD_char,/,answer|correct,True,False,ABCD,The correct answer is B/C/D.,POST-HOC re-analysis (reviewer R2/E5); does not change any primary decision
X2-OLMo/OBQA/Text,obqa,R,Text,1570,INVALID,C,INVALID->label,declaration_several_letters,answer_phrase_first_ABCD_char,/,answer|correct,False,False,ABCD,The correct answer is C/D,POST-HOC re-analysis (reviewer R2/E5); does not change any primary decision
X2-OLMo/OBQA/Text,obqa,reference,Text,1570,INVALID,C,INVALID->label,declaration_several_letters,answer_phrase_first_ABCD_char,/,answer|correct,False,False,ABCD,C/D. The correct answer is C/D.,POST-HOC re-analysis (reviewer R2/E5); does not change any primary decision
X2-OLMo/OBQA/Text,obqa,R,Text,10-1114,INVALID,C,INVALID->label,declaration_several_letters,answer_phrase_first_ABCD_char,/,answer|correct,True,False,ABCD,The correct answer is C/D.,POST-HOC re-analysis (reviewer R2/E5); does not change any primary decision
X2-OLMo/OBQA/Text,obqa,R,Text,12-422,INVALID,C,INVALID->label,declaration_several_letters,answer_phrase_first_ABCD_char,/,answer|correct,False,False,ABCD,The correct answer is C/D.,POST-HOC re-analysis (reviewer R2/E5); does not change any primary decision
X2-OLMo/OBQA/Text,obqa,reference,Text,12-422,INVALID,C,INVALID->label,declaration_several_letters,answer_phrase_first_ABCD_char,/,answer|correct,False,False,ABCD,The correct answer is C/D.,POST-HOC re-analysis (reviewer R2/E5); does not change any primary decision
X2-OLMo/OBQA/Text,obqa,reference,Text,14-404,INVALID,C,INVALID->label,declaration_several_letters,answer_phrase_first_ABCD_char,/,answer|correct,True,False,ABCD,The correct answer is C/D.,POST-HOC re-analysis (reviewer R2/E5); does not change any primary decision
X2-OLMo/OBQA/Text,obqa,R,Text,11-602,INVALID,C,INVALID->label,declaration_several_letters,answer_phrase_first_ABCD_char,/,answer|correct,False,False,ABCD,The correct answer is C/D.,POST-HOC re-analysis (reviewer R2/E5); does not change any primary decision
X2-OLMo/OBQA/Text,obqa,reference,Text,11-602,INVALID,C,INVALID->label,declaration_several_letters,answer_phrase_first_ABCD_char,/,answer|correct,False,False,ABCD,The correct answer is C/D.,POST-HOC re-analysis (reviewer R2/E5); does not change any primary decision
X2-OLMo/OBQA/Text,obqa,R,Text,12-64,INVALID,C,INVALID->label,declaration_several_letters,answer_phrase_first_ABCD_char,/,answer|correct,False,True,ABCD,The correct answer is C/D.,POST-HOC re-analysis (reviewer R2/E5); does not change any primary decision
X2-OLMo/OBQA/Text,obqa,reference,Text,12-64,INVALID,C,INVALID->label,declaration_several_letters,answer_phrase_first_ABCD_char,/,answer|correct,False,True,ABCD,The correct answer is C/D.,POST-HOC re-analysis (reviewer R2/E5); does not change any primary decision
X2-OLMo/OBQA/Text,obqa,R,Text,14-919,INVALID,C,INVALID->label,declaration_several_letters,answer_phrase_first_ABCD_char,/,answer|correct,True,False,ABCD,The correct answer is C/D.,POST-HOC re-analysis (reviewer R2/E5); does not change any primary decision
X2-OLMo/OBQA/Text,obqa,reference,Text,13-1024,INVALID,C,INVALID->label,declaration_several_letters,answer_phrase_first_ABCD_char,/,answer|correct,True,False,ABCD,The correct answer is C/D.,POST-HOC re-analysis (reviewer R2/E5); does not change any primary decision
X2-OLMo/OBQA/Text,obqa,R,Text,8-383,INVALID,C,INVALID->label,declaration_several_letters,answer_phrase_first_ABCD_char,/,answer|correct,False,False,ABCD,The correct answer is C/D,POST-HOC re-analysis (reviewer R2/E5); does not change any primary decision
X2-OLMo/OBQA/Text,obqa,reference,Text,8-383,INVALID,C,INVALID->label,declaration_several_letters,answer_phrase_first_ABCD_char,/,answer|correct,False,False,ABCD,The correct answer is C/D.,POST-HOC re-analysis (reviewer R2/E5); does not change any primary decision
X2-OLMo/OBQA/Text,obqa,R,Text,13-425,INVALID,C,INVALID->label,declaration_several_letters,answer_phrase_first_ABCD_char,/,answer|correct,False,False,ABCD,The correct answer is C/D.,POST-HOC re-analysis (reviewer R2/E5); does not change any primary decision
X2-OLMo/OBQA/Text,obqa,reference,Text,13-425,INVALID,C,INVALID->label,declaration_several_letters,answer_phrase_first_ABCD_char,/,answer|correct,False,False,ABCD,The correct answer is C/D.,POST-HOC re-analysis (reviewer R2/E5); does not change any primary decision
X2-OLMo/OBQA/Text,obqa,reference,Text,10-577,INVALID,C,INVALID->label,declaration_several_letters,answer_phrase_first_ABCD_char,/,answer|correct,True,False,ABCD,The correct answer is C/D.,POST-HOC re-analysis (reviewer R2/E5); does not change any primary decision
X2-OLMo/OBQA/Text,obqa,R,Text,11-217,INVALID,C,INVALID->label,declaration_several_letters,answer_phrase_first_ABCD_char,/,answer|correct,False,False,ABCD,The correct answer is C/D,POST-HOC re-analysis (reviewer R2/E5); does not change any primary decision
X2-OLMo/OBQA/Text,obqa,reference,Text,11-217,INVALID,C,INVALID->label,declaration_several_letters,answer_phrase_first_ABCD_char,/,answer|correct,False,False,ABCD,The correct answer is C/D.,POST-HOC re-analysis (reviewer R2/E5); does not change any primary decision
X2-OLMo/OBQA/Text,obqa,reference,Text,11-271,INVALID,C,INVALID->label,declaration_several_letters,answer_phrase_first_ABCD_char,/,answer|correct,False,False,ABCD,The correct answer is C/D.,POST-HOC re-analysis (reviewer R2/E5); does not change any primary decision
X2-OLMo/OBQA/Text,obqa,R,Text,9-33,INVALID,C,INVALID->label,declaration_several_letters,answer_phrase_first_ABCD_char,/,answer|correct,True,False,ABCD,The correct answer is C/D.,POST-HOC re-analysis (reviewer R2/E5); does not change any primary decision
X2-OLMo/OBQA/Text,obqa,R,Text,10-220,INVALID,A,INVALID->label,declaration_several_letters,answer_phrase_first_ABCD_char,/,answer|correct,True,False,ABCD,The correct answer is A/B.,POST-HOC re-analysis (reviewer R2/E5); does not change any primary decision
X2-OLMo/OBQA/Text,obqa,R,Text,10-206,INVALID,C,INVALID->label,declaration_several_letters,answer_phrase_first_ABCD_char,/,answer|correct,False,True,ABCD,The correct answer is C/D.,POST-HOC re-analysis (reviewer R2/E5); does not change any primary decision
X2-OLMo/OBQA/Text,obqa,reference,Text,10-206,INVALID,C,INVALID->label,declaration_several_letters,answer_phrase_first_ABCD_char,/,answer|correct,False,True,ABCD,The correct answer is C/D.,POST-HOC re-analysis (reviewer R2/E5); does not change any primary decision
X2-OLMo/OBQA/Text,obqa,R,Text,14-643,INVALID,C,INVALID->label,declaration_several_letters,answer_phrase_first_ABCD_char,/,answer|correct,False,True,ABCD,The correct answer is C/D.,POST-HOC re-analysis (reviewer R2/E5); does not change any primary decision
X2-OLMo/OBQA/Text,obqa,reference,Text,14-643,INVALID,C,INVALID->label,declaration_several_letters,answer_phrase_first_ABCD_char,/,answer|correct,False,True,ABCD,The correct answer is C/D.,POST-HOC re-analysis (reviewer R2/E5); does not change any primary decision
X2-OLMo/OBQA/Text,obqa,reference,Text,7-475,INVALID,C,INVALID->label,declaration_several_letters,answer_phrase_first_ABCD_char,/,answer|correct,True,False,ABCD,The correct answer is C/D.,POST-HOC re-analysis (reviewer R2/E5); does not change any primary decision
X2-OLMo/OBQA/Text,obqa,R,Text,10-1021,INVALID,A,INVALID->label,declaration_several_letters,answer_phrase_first_ABCD_char,/,answer|correct,False,False,ABCD,The correct answer is A/B/C/D,POST-HOC re-analysis (reviewer R2/E5); does not change any primary decision
X2-OLMo/OBQA/Text,obqa,reference,Text,13-609,INVALID,C,INVALID->label,declaration_several_letters,answer_phrase_first_ABCD_char,/,answer|correct,False,False,ABCD,The correct answer is C/D.,POST-HOC re-analysis (reviewer R2/E5); does not change any primary decision
X2-OLMo/OBQA/Text,obqa,reference,Text,14-259,INVALID,C,INVALID->label,declaration_several_letters,answer_phrase_first_ABCD_char,/,answer|correct,False,False,ABCD,The correct answer is C/D.,POST-HOC re-analysis (reviewer R2/E5); does not change any primary decision
X2-OLMo/OBQA/Text,obqa,R,Text,272,INVALID,C,INVALID->label,declaration_several_letters,answer_phrase_first_ABCD_char,/,answer|correct,False,False,ABCD,The correct answer is C/D.,POST-HOC re-analysis (reviewer R2/E5); does not change any primary decision
X2-OLMo/OBQA/Text,obqa,reference,Text,272,INVALID,C,INVALID->label,declaration_several_letters,answer_phrase_first_ABCD_char,/,answer|correct,False,False,ABCD,The correct answer is C/D.,POST-HOC re-analysis (reviewer R2/E5); does not change any primary decision
X2-OLMo/OBQA/Text,obqa,reference,Text,9-90,INVALID,C,INVALID->label,declaration_several_letters,answer_phrase_first_ABCD_char,/,answer|correct,True,False,ABCD,The correct answer is C/D.,POST-HOC re-analysis (reviewer R2/E5); does not change any primary decision
X2-OLMo/OBQA/Text,obqa,R,Text,14-479,INVALID,C,INVALID->label,declaration_several_letters,answer_phrase_first_ABCD_char,/,answer|correct,False,False,ABCD,The correct answer is C/D.,POST-HOC re-analysis (reviewer R2/E5); does not change any primary decision
X2-OLMo/OBQA/Text,obqa,reference,Text,14-479,INVALID,C,INVALID->label,declaration_several_letters,answer_phrase_first_ABCD_char,/,answer|correct,False,False,ABCD,The correct answer is C/D.,POST-HOC re-analysis (reviewer R2/E5); does not change any primary decision
X2-OLMo/OBQA/Text,obqa,R,Text,9-1195,INVALID,C,INVALID->label,declaration_several_letters,answer_phrase_first_ABCD_char,/,answer|correct,False,False,ABCD,The correct answer is C/D.,POST-HOC re-analysis (reviewer R2/E5); does not change any primary decision
X2-OLMo/OBQA/Text,obqa,reference,Text,9-1195,INVALID,C,INVALID->label,declaration_several_letters,answer_phrase_first_ABCD_char,/,answer|correct,False,False,ABCD,The correct answer is C/D.,POST-HOC re-analysis (reviewer R2/E5); does not change any primary decision
X2-OLMo/OBQA/Text,obqa,reference,Text,10-252,INVALID,C,INVALID->label,declaration_several_letters,answer_phrase_first_ABCD_char,/,answer|correct,False,False,ABCD,The correct answer is C/D.,POST-HOC re-analysis (reviewer R2/E5); does not change any primary decision
X2-OLMo/OBQA/Text,obqa,reference,Text,13-705,INVALID,C,INVALID->label,declaration_several_letters,answer_phrase_first_ABCD_char,/,answer|correct,False,False,ABCD,The correct answer is C/D.,POST-HOC re-analysis (reviewer R2/E5); does not change any primary decision
X2-OLMo/OBQA/Text,obqa,reference,Text,10-1092,INVALID,C,INVALID->label,declaration_several_letters,answer_phrase_first_ABCD_char,/,answer|correct,True,False,ABCD,The correct answer is C/D.,POST-HOC re-analysis (reviewer R2/E5); does not change any primary decision
X2-OLMo/OBQA/Text,obqa,R,Text,13-142,INVALID,C,INVALID->label,declaration_several_letters,answer_phrase_first_ABCD_char,/,answer|correct,False,False,ABCD,The correct answer is C/D.,POST-HOC re-analysis (reviewer R2/E5); does not change any primary decision
X2-OLMo/OBQA/Text,obqa,reference,Text,13-142,INVALID,C,INVALID->label,declaration_several_letters,answer_phrase_first_ABCD_char,/,answer|correct,False,False,ABCD,The correct answer is C/D.,POST-HOC re-analysis (reviewer R2/E5); does not change any primary decision
X2-OLMo/OBQA/Text,obqa,reference,Text,10-821,INVALID,C,INVALID->label,declaration_several_letters,answer_phrase_first_ABCD_char,/,answer|correct,False,False,ABCD,The correct answer is C/D.,POST-HOC re-analysis (reviewer R2/E5); does not change any primary decision
X2-OLMo/OBQA/Text,obqa,reference,Text,9-307,INVALID,C,INVALID->label,declaration_several_letters,answer_phrase_first_ABCD_char,/,answer|correct,True,False,ABCD,The correct answer is C/D.,POST-HOC re-analysis (reviewer R2/E5); does not change any primary decision
X2-OLMo/OBQA/Text,obqa,R,Text,10-685,INVALID,C,INVALID->label,declaration_several_letters,answer_phrase_first_ABCD_char,/,answer|correct,False,False,ABCD,The correct answer is C/D.,POST-HOC re-analysis (reviewer R2/E5); does not change any primary decision
X2-OLMo/OBQA/Text,obqa,reference,Text,10-685,INVALID,C,INVALID->label,declaration_several_letters,answer_phrase_first_ABCD_char,/,answer|correct,False,False,ABCD,The correct answer is C/D.,POST-HOC re-analysis (reviewer R2/E5); does not change any primary decision
X2-OLMo/OBQA/Text,obqa,reference,Text,10-690,INVALID,C,INVALID->label,declaration_several_letters,answer_phrase_first_ABCD_char,/,answer|correct,True,True,ABCD,The correct answer is C/D.,POST-HOC re-analysis (reviewer R2/E5); does not change any primary decision
X2-OLMo/OBQA/Text,obqa,R,Text,7-670,INVALID,B,INVALID->label,declaration_several_letters,answer_phrase_first_ABCD_char,/,answer|correct,True,False,ABCD,The correct answer is B/C.,POST-HOC re-analysis (reviewer R2/E5); does not change any primary decision
X2-OLMo/OBQA/Text,obqa,R,Text,11-477,INVALID,B,INVALID->label,declaration_several_letters,answer_phrase_first_ABCD_char,/,answer|correct,True,True,ABCD,The correct answer is B/C/D.,POST-HOC re-analysis (reviewer R2/E5); does not change any primary decision
X2-OLMo/OBQA/Text,obqa,R,Text,10-1208,INVALID,C,INVALID->label,declaration_several_letters,answer_phrase_first_ABCD_char,/,answer|correct,False,True,ABCD,The correct answer is C/D.,POST-HOC re-analysis (reviewer R2/E5); does not change any primary decision
X2-OLMo/OBQA/Text,obqa,reference,Text,10-1208,INVALID,C,INVALID->label,declaration_several_letters,answer_phrase_first_ABCD_char,/,answer|correct,False,True,ABCD,The correct answer is C/D.,POST-HOC re-analysis (reviewer R2/E5); does not change any primary decision
X2-OLMo/OBQA/Text,obqa,R,Text,14-581,INVALID,C,INVALID->label,declaration_several_letters,answer_phrase_first_ABCD_char,/,answer|correct,True,False,ABCD,The correct answer is C/D.,POST-HOC re-analysis (reviewer R2/E5); does not change any primary decision
X2-OLMo/OBQA/Text,obqa,reference,Text,10-247,INVALID,C,INVALID->label,declaration_several_letters,answer_phrase_first_ABCD_char,/,answer|correct,True,False,ABCD,The correct answer is C/D.,POST-HOC re-analysis (reviewer R2/E5); does not change any primary decision
X2-OLMo/OBQA/Text,obqa,R,Text,1115,INVALID,C,INVALID->label,declaration_several_letters,answer_phrase_first_ABCD_char,/,answer|correct,False,True,ABCD,The correct answer is C/D.,POST-HOC re-analysis (reviewer R2/E5); does not change any primary decision
X2-OLMo/OBQA/Text,obqa,reference,Text,1115,INVALID,C,INVALID->label,declaration_several_letters,answer_phrase_first_ABCD_char,/,answer|correct,False,True,ABCD,The correct answer is C/D.,POST-HOC re-analysis (reviewer R2/E5); does not change any primary decision
X2-OLMo/OBQA/Text,obqa,reference,Text,7-1193,INVALID,C,INVALID->label,declaration_several_letters,answer_phrase_first_ABCD_char,/,answer|correct,True,False,ABCD,The correct answer is C/D.,POST-HOC re-analysis (reviewer R2/E5); does not change any primary decision
X2-OLMo/OBQA/Text,obqa,R,Text,11-325,INVALID,B,INVALID->label,declaration_several_letters,answer_phrase_first_ABCD_char,/,answer|correct,True,True,ABCD,The correct answer is B/C/D.,POST-HOC re-analysis (reviewer R2/E5); does not change any primary decision
X2-OLMo/OBQA/Text,obqa,reference,Text,12-999,INVALID,C,INVALID->label,declaration_several_letters,answer_phrase_first_ABCD_char,/,answer|correct,True,False,ABCD,The correct answer is C/D.,POST-HOC re-analysis (reviewer R2/E5); does not change any primary decision
X2-OLMo/OBQA/Text,obqa,R,Text,116,INVALID,C,INVALID->label,declaration_several_letters,answer_phrase_first_ABCD_char,/,answer|correct,False,False,ABCD,The correct answer is C/D.,POST-HOC re-analysis (reviewer R2/E5); does not change any primary decision
X2-OLMo/OBQA/Text,obqa,reference,Text,116,INVALID,C,INVALID->label,declaration_several_letters,answer_phrase_first_ABCD_char,/,answer|correct,False,False,ABCD,The correct answer is C/D.,POST-HOC re-analysis (reviewer R2/E5); does not change any primary decision
X2-OLMo/OBQA/Text,obqa,R,Text,12-265,INVALID,A,INVALID->label,declaration_several_letters,answer_phrase_first_ABCD_char,/,answer|correct,True,False,ABCD,The correct answer is A/B.,POST-HOC re-analysis (reviewer R2/E5); does not change any primary decision
X2-OLMo/OBQA/Text,obqa,reference,Text,14-936,INVALID,C,INVALID->label,declaration_several_letters,answer_phrase_first_ABCD_char,/,answer|correct,True,False,ABCD,The correct answer is C/D.,POST-HOC re-analysis (reviewer R2/E5); does not change any primary decision
X2-OLMo/OBQA/Text,obqa,reference,Text,14-445,INVALID,C,INVALID->label,declaration_several_letters,answer_phrase_first_ABCD_char,/,answer|correct,True,False,ABCD,The correct answer is C/D.,POST-HOC re-analysis (reviewer R2/E5); does not change any primary decision
X2-OLMo/OBQA/Text,obqa,reference,Text,12-396,INVALID,C,INVALID->label,declaration_several_letters,answer_phrase_first_ABCD_char,/,answer|correct,True,False,ABCD,The correct answer is C/D.,POST-HOC re-analysis (reviewer R2/E5); does not change any primary decision
X2-OLMo/OBQA/Text,obqa,R,Text,12-1141,INVALID,B,INVALID->label,declaration_several_letters,answer_phrase_first_ABCD_char,/,answer|correct,False,True,ABCD,The correct answer is B/C.,POST-HOC re-analysis (reviewer R2/E5); does not change any primary decision
X2-OLMo/OBQA/Text,obqa,reference,Text,7-363,INVALID,A,INVALID->label,declaration_several_letters,answer_phrase_first_ABCD_char,/,answer|correct,True,False,ABCD,The correct answer is A/B/C/D.,POST-HOC re-analysis (reviewer R2/E5); does not change any primary decision
X2-OLMo/OBQA/Text,obqa,reference,Text,7-529,INVALID,C,INVALID->label,declaration_several_letters,answer_phrase_first_ABCD_char,/,answer|correct,True,False,ABCD,The correct answer is C/D.,POST-HOC re-analysis (reviewer R2/E5); does not change any primary decision
X2-OLMo/OBQA/Text,obqa,reference,Text,13-511,INVALID,C,INVALID->label,declaration_several_letters,answer_phrase_first_ABCD_char,/,answer|correct,True,False,ABCD,The correct answer is C/D.,POST-HOC re-analysis (reviewer R2/E5); does not change any primary decision
X2-OLMo/OBQA/Text,obqa,reference,Text,10-683,INVALID,C,INVALID->label,declaration_several_letters,answer_phrase_first_ABCD_char,/,answer|correct,True,False,ABCD,The correct answer is C/D.,POST-HOC re-analysis (reviewer R2/E5); does not change any primary decision
X2-OLMo/OBQA/Text,obqa,R,Text,14-58,INVALID,C,INVALID->label,declaration_several_letters,answer_phrase_first_ABCD_char,/,answer|correct,False,False,ABCD,The correct answer is C/D.,POST-HOC re-analysis (reviewer R2/E5); does not change any primary decision
X2-OLMo/OBQA/Text,obqa,R,Text,13-860,INVALID,C,INVALID->label,declaration_several_letters,answer_phrase_first_ABCD_char,/,answer|correct,False,False,ABCD,The correct answer is C/D.,POST-HOC re-analysis (reviewer R2/E5); does not change any primary decision
X2-OLMo/OBQA/Text,obqa,reference,Text,13-860,INVALID,C,INVALID->label,declaration_several_letters,answer_phrase_first_ABCD_char,/,answer|correct,False,False,ABCD,The correct answer is C/D.,POST-HOC re-analysis (reviewer R2/E5); does not change any primary decision
X2-OLMo/ARC/Text,arc,reference,Text,Mercury_7092260,INVALID,B,INVALID->label,declaration_several_letters,answer_phrase_first_ABCD_char,/,answer|correct,True,True,ABCD,The correct answer is B/C/D.,POST-HOC re-analysis (reviewer R2/E5); does not change any primary decision
X2-OLMo/ARC/Text,arc,R,Text,Mercury_7068530,INVALID,C,INVALID->label,declaration_several_letters,answer_phrase_first_ABCD_char,/,answer|correct,False,False,ABCD,The correct answer is C/D.,POST-HOC re-analysis (reviewer R2/E5); does not change any primary decision
X2-OLMo/ARC/Text,arc,reference,Text,Mercury_7068530,INVALID,C,INVALID->label,declaration_several_letters,answer_phrase_first_ABCD_char,/,answer|correct,False,False,ABCD,The correct answer is C/D.,POST-HOC re-analysis (reviewer R2/E5); does not change any primary decision
X2-OLMo/ARC/Text,arc,R,Text,Mercury_SC_400013,INVALID,C,INVALID->label,declaration_several_letters,answer_phrase_first_ABCD_char,/,answer|correct,True,False,ABCD,The correct answer is C/D.,POST-HOC re-analysis (reviewer R2/E5); does not change any primary decision
X2-OLMo/ARC/Text,arc,R,Text,Mercury_SC_401596,INVALID,C,INVALID->label,declaration_several_letters,answer_phrase_first_ABCD_char,/,answer|correct,False,False,ABCD,The correct answer is C/D,POST-HOC re-analysis (reviewer R2/E5); does not change any primary decision
X2-OLMo/ARC/Text,arc,reference,Text,Mercury_SC_401596,INVALID,C,INVALID->label,declaration_several_letters,answer_phrase_first_ABCD_char,/,answer|correct,False,False,ABCD,The correct answer is C/D.,POST-HOC re-analysis (reviewer R2/E5); does not change any primary decision
X2-OLMo/ARC/Text,arc,reference,Text,MCAS_2007_8_5172,INVALID,C,INVALID->label,declaration_several_letters,answer_phrase_first_ABCD_char,/,answer|correct,True,False,ABCD,The correct answer is C/D.,POST-HOC re-analysis (reviewer R2/E5); does not change any primary decision
X2-OLMo/ARC/Text,arc,reference,Text,ACTAAP_2015_5_6,INVALID,C,INVALID->label,declaration_several_letters,answer_phrase_first_ABCD_char,/,answer|correct,True,False,ABCD,The correct answer is C/D.,POST-HOC re-analysis (reviewer R2/E5); does not change any primary decision
X2-OLMo/ARC/Text,arc,R,Text,MCAS_1998_4_3,INVALID,C,INVALID->label,declaration_several_letters,answer_phrase_first_ABCD_char,/,answer|correct,True,True,ABCD,The correct answer is C/D,POST-HOC re-analysis (reviewer R2/E5); does not change any primary decision
X2-OLMo/ARC/Text,arc,R,Text,Mercury_415753,INVALID,A,INVALID->label,declaration_several_letters,answer_phrase_first_ABCD_char,/,answer|correct,True,False,ABCD,The correct answer is A/B/C/D,POST-HOC re-analysis (reviewer R2/E5); does not change any primary decision
X2-OLMo/ARC/Text,arc,reference,Text,Mercury_7166600,INVALID,C,INVALID->label,declaration_several_letters,answer_phrase_first_ABCD_char,/,answer|correct,True,True,ABCD,The correct answer is C/D.,POST-HOC re-analysis (reviewer R2/E5); does not change any primary decision
X2-OLMo/ARC/Text,arc,reference,Text,Mercury_7010028,INVALID,C,INVALID->label,declaration_several_letters,answer_phrase_first_ABCD_char,/,answer|correct,True,False,ABCD,The correct answer is C/D.,POST-HOC re-analysis (reviewer R2/E5); does not change any primary decision
X2-OLMo/ARC/Text,arc,R,Text,MCAS_2013_5_29405,INVALID,C,INVALID->label,declaration_several_letters,answer_phrase_first_ABCD_char,/,answer|correct,False,False,ABCD,The correct answer is C/D.,POST-HOC re-analysis (reviewer R2/E5); does not change any primary decision
X2-OLMo/ARC/Text,arc,reference,Text,MCAS_2013_5_29405,INVALID,C,INVALID->label,declaration_several_letters,answer_phrase_first_ABCD_char,/,answer|correct,False,False,ABCD,The correct answer is C/D.,POST-HOC re-analysis (reviewer R2/E5); does not change any primary decision
X2-OLMo/ARC/Text,arc,R,Text,TIMSS_2003_8_pg74,INVALID,C,INVALID->label,declaration_several_letters,answer_phrase_first_ABCD_char,/,answer|correct,True,False,ABCD,The correct answer is C/D.,POST-HOC re-analysis (reviewer R2/E5); does not change any primary decision
X2-OLMo/ARC/Text,arc,reference,Text,Mercury_7223353,INVALID,C,INVALID->label,declaration_several_letters,answer_phrase_first_ABCD_char,/,answer|correct,True,False,ABCD,The correct answer is C/D.,POST-HOC re-analysis (reviewer R2/E5); does not change any primary decision
X2-OLMo/ARC/Text,arc,R,Text,Mercury_408090,INVALID,B,INVALID->label,declaration_several_letters,answer_phrase_first_ABCD_char,/,answer|correct,True,True,ABCD,The correct answer is B/C/D.,POST-HOC re-analysis (reviewer R2/E5); does not change any primary decision
X2-OLMo/ARC/Text,arc,reference,Text,Mercury_SC_401284,INVALID,C,INVALID->label,declaration_several_letters,answer_phrase_first_ABCD_char,/,answer|correct,True,False,ABCD,The correct answer is C/D.,POST-HOC re-analysis (reviewer R2/E5); does not change any primary decision
X2-OLMo/ARC/Text,arc,R,Text,VASoL_2008_3_17,INVALID,B,INVALID->label,declaration_several_letters,answer_phrase_first_ABCD_char,/,answer|correct,True,False,ABCD,The correct answer is B/C.,POST-HOC re-analysis (reviewer R2/E5); does not change any primary decision
X2-OLMo/ARC/Text,arc,R,Text,Mercury_7207498,INVALID,C,INVALID->label,declaration_several_letters,answer_phrase_first_ABCD_char,/,answer|correct,False,False,ABCD,The correct answer is C/D,POST-HOC re-analysis (reviewer R2/E5); does not change any primary decision
X2-OLMo/ARC/Text,arc,reference,Text,Mercury_7207498,INVALID,C,INVALID->label,declaration_several_letters,answer_phrase_first_ABCD_char,/,answer|correct,False,False,ABCD,The correct answer is C/D.,POST-HOC re-analysis (reviewer R2/E5); does not change any primary decision
X2-OLMo/ARC/Text,arc,R,Text,MCAS_2006_9_20,INVALID,C,INVALID->label,declaration_several_letters,answer_phrase_first_ABCD_char,/,answer|correct,False,False,ABCD,The correct answer is C/D,POST-HOC re-analysis (reviewer R2/E5); does not change any primary decision
X2-OLMo/ARC/Text,arc,R,Text,VASoL_2007_5_39,INVALID,B,INVALID->label,declaration_several_letters,answer_phrase_first_ABCD_char,/,answer|correct,True,True,ABCD,The correct answer is B/C/D.,POST-HOC re-analysis (reviewer R2/E5); does not change any primary decision
X2-OLMo/ARC/Text,arc,R,Text,MDSA_2008_5_16,INVALID,C,INVALID->label,declaration_several_letters,answer_phrase_first_ABCD_char,/,answer|correct,False,False,ABCD,The correct answer is C/D.,POST-HOC re-analysis (reviewer R2/E5); does not change any primary decision
X2-OLMo/ARC/Text,arc,reference,Text,MDSA_2008_5_16,INVALID,C,INVALID->label,declaration_several_letters,answer_phrase_first_ABCD_char,/,answer|correct,False,False,ABCD,The correct answer is C/D.,POST-HOC re-analysis (reviewer R2/E5); does not change any primary decision
X2-OLMo/ARC/Text,arc,reference,Text,TIMSS_2003_4_pg5,INVALID,C,INVALID->label,declaration_several_letters,answer_phrase_first_ABCD_char,/,answer|correct,True,False,ABCD,The correct answer is C/D.,POST-HOC re-analysis (reviewer R2/E5); does not change any primary decision
X2-OLMo/ARC/Text,arc,R,Text,LEAP_2008_4_10288,INVALID,B,INVALID->label,declaration_several_letters,answer_phrase_first_ABCD_char,/,answer|correct,True,True,ABCD,The correct answer is B/C.,POST-HOC re-analysis (reviewer R2/E5); does not change any primary decision
X2-OLMo/ARC/Text,arc,R,Text,Mercury_7263165,INVALID,C,INVALID->label,declaration_several_letters,answer_phrase_first_ABCD_char,/,answer|correct,False,False,ABCD,The correct answer is C/D.,POST-HOC re-analysis (reviewer R2/E5); does not change any primary decision
X2-OLMo/ARC/Text,arc,R,Text,Mercury_SC_406766,INVALID,C,INVALID->label,declaration_several_letters,answer_phrase_first_ABCD_char,/,answer|correct,True,True,ABCD,The correct answer is C/D.,POST-HOC re-analysis (reviewer R2/E5); does not change any primary decision
X2-OLMo/ARC/Text,arc,reference,Text,Mercury_7027020,INVALID,C,INVALID->label,declaration_several_letters,answer_phrase_first_ABCD_char,/,answer|correct,False,False,ABCD,The correct answer is C/D.,POST-HOC re-analysis (reviewer R2/E5); does not change any primary decision
X2-OLMo/ARC/Text,arc,reference,Text,MCAS_2008_8_5608,INVALID,C,INVALID->label,declaration_several_letters,answer_phrase_first_ABCD_char,/,answer|correct,False,False,ABCD,The correct answer is C/D.,POST-HOC re-analysis (reviewer R2/E5); does not change any primary decision
X2-OLMo/ARC/Text,arc,R,Text,TIMSS_1995_8_N5,INVALID,C,INVALID->label,declaration_several_letters,answer_phrase_first_ABCD_char,/,answer|correct,False,True,ABCD,The correct answer is C/D.,POST-HOC re-analysis (reviewer R2/E5); does not change any primary decision
X2-OLMo/ARC/Text,arc,reference,Text,TIMSS_1995_8_N5,INVALID,C,INVALID->label,declaration_several_letters,answer_phrase_first_ABCD_char,/,answer|correct,False,True,ABCD,The correct answer is C/D.,POST-HOC re-analysis (reviewer R2/E5); does not change any primary decision
X2-OLMo/ARC/Text,arc,R,Text,Mercury_SC_401364,INVALID,C,INVALID->label,declaration_several_letters,answer_phrase_first_ABCD_char,/,answer|correct,False,False,ABCD,The correct answer is C/D,POST-HOC re-analysis (reviewer R2/E5); does not change any primary decision
X2-OLMo/ARC/Text,arc,reference,Text,Mercury_SC_401364,INVALID,C,INVALID->label,declaration_several_letters,answer_phrase_first_ABCD_char,/,answer|correct,False,False,ABCD,The correct answer is C/D.,POST-HOC re-analysis (reviewer R2/E5); does not change any primary decision
X2-OLMo/ARC/Text,arc,R,Text,Mercury_7228025,INVALID,B,INVALID->label,declaration_several_letters,answer_phrase_first_ABCD_char,/,answer|correct,True,True,ABCD,The correct answer is B/C/D.,POST-HOC re-analysis (reviewer R2/E5); does not change any primary decision
X2-OLMo/ARC/Text,arc,R,Text,Mercury_7215268,INVALID,B,INVALID->label,declaration_several_letters,answer_phrase_first_ABCD_char,/,answer|correct,True,False,ABCD,The correct answer is B/C/D.,POST-HOC re-analysis (reviewer R2/E5); does not change any primary decision
X2-OLMo/ARC/Text,arc,reference,Text,Mercury_401311,INVALID,C,INVALID->label,declaration_several_letters,answer_phrase_first_ABCD_char,/,answer|correct,True,False,ABCD,The correct answer is C/D.,POST-HOC re-analysis (reviewer R2/E5); does not change any primary decision
X2-OLMo/ARC/Text,arc,R,Text,Mercury_7185448,INVALID,B,INVALID->label,declaration_several_letters,answer_phrase_first_ABCD_char,/,answer|correct,True,True,ABCD,The correct answer is B/C.,POST-HOC re-analysis (reviewer R2/E5); does not change any primary decision
X2-OLMo/ARC/Text,arc,R,Text,Mercury_7268223,INVALID,B,INVALID->label,declaration_several_letters,answer_phrase_first_ABCD_char,/,answer|correct,True,True,ABCD,The correct answer is B/C.,POST-HOC re-analysis (reviewer R2/E5); does not change any primary decision
X2-OLMo/ARC/Text,arc,reference,Text,MCAS_2006_9_22,INVALID,C,INVALID->label,declaration_several_letters,answer_phrase_first_ABCD_char,/,answer|correct,False,False,ABCD,The correct answer is C/D.,POST-HOC re-analysis (reviewer R2/E5); does not change any primary decision
X2-OLMo/ARC/Text,arc,R,Text,Mercury_415261,INVALID,B,INVALID->label,declaration_several_letters,answer_phrase_first_ABCD_char,/,answer|correct,True,True,ABCD,The correct answer is B/C/D.,POST-HOC re-analysis (reviewer R2/E5); does not change any primary decision
X2-OLMo/ARC/Text,arc,R,Text,Mercury_7080535,INVALID,B,INVALID->label,declaration_several_letters,answer_phrase_first_ABCD_char,/,answer|correct,True,False,ABCD,The correct answer is B/C/D.,POST-HOC re-analysis (reviewer R2/E5); does not change any primary decision
X2-OLMo/ARC/Text,arc,R,Text,Mercury_7001243,INVALID,A,INVALID->label,declaration_several_letters,answer_phrase_first_ABCD_char,/,answer|correct,False,False,ABCD,The correct answer is A/B/C/D,POST-HOC re-analysis (reviewer R2/E5); does not change any primary decision
X2-OLMo/ARC/Text,arc,reference,Text,NYSEDREGENTS_2005_4_28,INVALID,C,INVALID->label,declaration_several_letters,answer_phrase_first_ABCD_char,/,answer|correct,True,False,ABCD,The correct answer is C/D.,POST-HOC re-analysis (reviewer R2/E5); does not change any primary decision
X2-OLMo/ARC/Text,arc,R,Text,Mercury_7099365,INVALID,C,INVALID->label,declaration_several_letters,answer_phrase_first_ABCD_char,/,answer|correct,True,False,ABCD,The correct answer is C/D.,POST-HOC re-analysis (reviewer R2/E5); does not change any primary decision
X2-OLMo/ARC/Text,arc,reference,Text,Mercury_417145,INVALID,C,INVALID->label,declaration_several_letters,answer_phrase_first_ABCD_char,/,answer|correct,False,False,ABCD,The correct answer is C/D.,POST-HOC re-analysis (reviewer R2/E5); does not change any primary decision
X2-OLMo/ARC/Text,arc,R,Text,Mercury_7210263,INVALID,C,INVALID->label,declaration_several_letters,answer_phrase_first_ABCD_char,/,answer|correct,True,True,ABCD,The correct answer is C/D.,POST-HOC re-analysis (reviewer R2/E5); does not change any primary decision
X2-OLMo/ARC/Text,arc,reference,Text,VASoL_2007_3_13,INVALID,C,INVALID->label,declaration_several_letters,answer_phrase_first_ABCD_char,/,answer|correct,True,False,ABCD,The correct answer is C/D.,POST-HOC re-analysis (reviewer R2/E5); does not change any primary decision
X2-OLMo/ARC/Text,arc,R,Text,Mercury_7200848,INVALID,C,INVALID->label,declaration_several_letters,answer_phrase_first_ABCD_char,/,answer|correct,True,False,ABCD,The correct answer is C/D.,POST-HOC re-analysis (reviewer R2/E5); does not change any primary decision
X2-OLMo/ARC/Text,arc,reference,Text,CSZ_2005_5_CSZ20330,INVALID,C,INVALID->label,declaration_several_letters,answer_phrase_first_ABCD_char,/,answer|correct,False,False,ABCD,The correct answer is C/D.,POST-HOC re-analysis (reviewer R2/E5); does not change any primary decision
X2-OLMo/ARC/Text,arc,reference,Text,Mercury_7179778,INVALID,C,INVALID->label,declaration_several_letters,answer_phrase_first_ABCD_char,/,answer|correct,True,True,ABCD,The correct answer is C/D.,POST-HOC re-analysis (reviewer R2/E5); does not change any primary decision
X2-OLMo/ARC/Text,arc,reference,Text,Mercury_SC_415697,INVALID,B,INVALID->label,declaration_several_letters,answer_phrase_first_ABCD_char,/,answer|correct,True,False,ABCD,The correct answer is B/D,POST-HOC re-analysis (reviewer R2/E5); does not change any primary decision
X2-OLMo/ARC/Text,arc,R,Text,Mercury_7220273,INVALID,C,INVALID->label,declaration_several_letters,answer_phrase_first_ABCD_char,/,answer|correct,False,True,ABCD,The correct answer is C/D.,POST-HOC re-analysis (reviewer R2/E5); does not change any primary decision
X2-OLMo/ARC/Text,arc,reference,Text,Mercury_7220273,INVALID,C,INVALID->label,declaration_several_letters,answer_phrase_first_ABCD_char,/,answer|correct,False,True,ABCD,The correct answer is C/D.,POST-HOC re-analysis (reviewer R2/E5); does not change any primary decision
X2-OLMo/ARC/Text,arc,reference,Text,MCAS_1999_4_17,INVALID,A,INVALID->label,declaration_several_letters,answer_phrase_first_ABCD_char,/,answer|correct,False,True,ABCD,The correct answer is A/B.,POST-HOC re-analysis (reviewer R2/E5); does not change any primary decision
X2-OLMo/ARC/Text,arc,R,Text,AKDE&ED_2012_8_45,INVALID,C,INVALID->label,declaration_several_letters,answer_phrase_first_ABCD_char,/,answer|correct,False,False,ABCD,The correct answer is C/D.,POST-HOC re-analysis (reviewer R2/E5); does not change any primary decision
X2-OLMo/ARC/Text,arc,reference,Text,AKDE&ED_2012_8_45,INVALID,C,INVALID->label,declaration_several_letters,answer_phrase_first_ABCD_char,/,answer|correct,False,False,ABCD,The correct answer is C/D.,POST-HOC re-analysis (reviewer R2/E5); does not change any primary decision
X2-OLMo/ARC/Text,arc,R,Text,Mercury_7009538,INVALID,A,INVALID->label,declaration_several_letters,answer_phrase_first_ABCD_char,/,answer|correct,True,False,ABCD,The correct answer is A/B.,POST-HOC re-analysis (reviewer R2/E5); does not change any primary decision
X2-OLMo/ARC/Text,arc,R,Text,Mercury_187618,INVALID,C,INVALID->label,declaration_several_letters,answer_phrase_first_ABCD_char,/,answer|correct,False,False,ABCD,The correct answer is C/D.,POST-HOC re-analysis (reviewer R2/E5); does not change any primary decision
X2-OLMo/ARC/Text,arc,reference,Text,Mercury_187618,INVALID,C,INVALID->label,declaration_several_letters,answer_phrase_first_ABCD_char,/,answer|correct,False,False,ABCD,The correct answer is C/D.,POST-HOC re-analysis (reviewer R2/E5); does not change any primary decision
X2-OLMo/ARC/Text,arc,R,Text,Mercury_7013213,INVALID,C,INVALID->label,declaration_several_letters,answer_phrase_first_ABCD_char,/,answer|correct,False,False,ABCD,The correct answer is C/D.,POST-HOC re-analysis (reviewer R2/E5); does not change any primary decision
X2-OLMo/ARC/Text,arc,reference,Text,Mercury_7013213,INVALID,C,INVALID->label,declaration_several_letters,answer_phrase_first_ABCD_char,/,answer|correct,False,False,ABCD,The correct answer is C/D.,POST-HOC re-analysis (reviewer R2/E5); does not change any primary decision
X2-OLMo/ARC/Text,arc,R,Text,Mercury_7210578,INVALID,C,INVALID->label,declaration_several_letters,answer_phrase_first_ABCD_char,/,answer|correct,False,False,ABCD,The correct answer is C/D,POST-HOC re-analysis (reviewer R2/E5); does not change any primary decision
X2-OLMo/ARC/Text,arc,reference,Text,Mercury_7136518,INVALID,A,INVALID->label,declaration_several_letters,answer_phrase_first_ABCD_char,/,answer|correct,True,False,ABCD,The correct answer is A/B.,POST-HOC re-analysis (reviewer R2/E5); does not change any primary decision
X2-OLMo/ARC/Text,arc,R,Text,Mercury_7180758,INVALID,C,INVALID->label,declaration_several_letters,answer_phrase_first_ABCD_char,/,answer|correct,False,False,ABCD,The correct answer is C/D.,POST-HOC re-analysis (reviewer R2/E5); does not change any primary decision
X2-OLMo/ARC/Text,arc,reference,Text,Mercury_7180758,INVALID,C,INVALID->label,declaration_several_letters,answer_phrase_first_ABCD_char,/,answer|correct,False,False,ABCD,The correct answer is C/D.,POST-HOC re-analysis (reviewer R2/E5); does not change any primary decision
X2-OLMo/ARC/Text,arc,R,Text,Mercury_7205818,INVALID,C,INVALID->label,declaration_several_letters,answer_phrase_first_ABCD_char,/,answer|correct,False,True,ABCD,The correct answer is C/D,POST-HOC re-analysis (reviewer R2/E5); does not change any primary decision
X2-OLMo/ARC/Text,arc,reference,Text,Mercury_7205818,INVALID,C,INVALID->label,declaration_several_letters,answer_phrase_first_ABCD_char,/,answer|correct,False,True,ABCD,The correct answer is C/D.,POST-HOC re-analysis (reviewer R2/E5); does not change any primary decision
X2-OLMo/ARC/Text,arc,reference,Text,TIMSS_2007_8_pg128,INVALID,C,INVALID->label,declaration_several_letters,answer_phrase_first_ABCD_char,/,answer|correct,True,False,ABCD,The correct answer is C/D.,POST-HOC re-analysis (reviewer R2/E5); does not change any primary decision
