dataset,reference,id,group,q,route,policy_correct,reference_correct,policy_answer,reference_answer,policy_valid,reference_valid,policy_ms,reference_ms,latency_diff_policy_minus_reference_ms,net_saving_ms,accuracy_diff,policy_U,reference_U,delta_U,old_policy_ms,old_action_ms,old_probe_selector_ms,old_reference_ms,old_net_saving_ms,online_probe_selector_ms,policy_action_ms,policy_other_ms,reference_action_ms,reference_other_ms,reference_shift_ms,selected_action_shift_ms,online_control_shift_ms,saving_minus_component_ms,policy_historical_parsed_match,reference_historical_parsed_match,policy_historical_raw_match,reference_historical_raw_match,cold_first_request,policy_record_key,reference_record_key
obqa,T,9-782,9-782,0.8,R,1,1,A,A,True,True,3811.6591721773148,1139.384960057214,2672.274212120101,-2672.274212120101,0,0.8489556885725141,0.9548496838335184,-0.10589399526100425,290.39693787558343,246.414073,43.98286487558341,995.727098,705.3301601244166,3184.1671871952713,626.6576908528805,0.8342941291630268,1139.239195967093,0.1457640901207924,143.65786205721395,380.24361785288045,3141.018616448851,-3377.6043722445174,True,True,True,True,True,obqa|9-782|policy_T,obqa|9-782|reference_T
obqa,T,14-290,14-290,0.8,R,0,1,D,A,True,True,227.25079185329378,894.1777038853616,-666.9269120320678,666.9269120320678,-1,-0.009005248849997366,0.9645664920507505,-0.9735717409007478,287.9029700962472,244.139688,43.763282096247195,1118.558758,830.6557879037528,32.57171413861215,194.5638218894601,0.11525582522153854,894.0579600166529,0.11974386870861053,-224.38105411463835,-49.57586611053992,-11.076312132413506,-163.72887587168498,True,True,True,True,False,obqa|14-290|policy_T,obqa|14-290|reference_T
obqa,T,13-823,13-823,0.8,R,1,1,D,D,True,True,226.30128310993314,991.82856711559,-765.5272840056568,765.5272840056568,0,0.9910323772566026,0.9606968891480113,0.03033548810859129,291.6692830519309,245.993748,45.67553505193091,1238.429024,946.7597409480691,32.28995599783957,193.89598001725972,0.11534709483385086,991.7118088342249,0.11675828136503696,-246.60045688441005,-52.097767982740294,-13.270231959257487,-181.23245694241223,True,True,True,True,False,obqa|13-823|policy_T,obqa|13-823|reference_T
obqa,T,12-745,12-745,0.8,R,1,1,D,D,True,True,227.42016008123755,776.5223300084472,-549.1021699272096,549.1021699272096,0,0.990988039608857,0.9692288120878356,0.021759227521021253,290.7805227025466,246.266442,44.51408070254659,973.060621,682.2800982974534,31.900455942377448,195.40249416604638,0.11720997281372547,776.4065640512854,0.11576595716178417,-196.5382909915528,-50.86394783395363,-12.49641478735542,-133.17792837024376,True,True,True,True,False,obqa|12-745|policy_T,obqa|12-745|reference_T
obqa,T,14-245,14-245,0.8,R,1,1,D,D,True,True,230.263618985191,964.282657019794,-734.019038034603,734.019038034603,0,0.9908753620915818,0.9617884487117396,0.029086913379842094,290.14903996266236,245.987717,44.16132296266234,1209.441847,919.2928070373378,35.99213482812047,194.1551361232996,0.11634803377091885,964.1671809367836,0.1154760830104351,-245.15918998020607,-51.832580876700405,-8.05284010077095,-185.27376900273475,True,True,True,True,False,obqa|14-245|policy_T,obqa|14-245|reference_T
obqa,T,12-721,12-721,0.8,R,1,1,A,A,True,True,226.50438407436013,755.9842090122402,-529.47982493788,529.47982493788,0,0.9910243289910216,0.9700426745565817,0.020981654434439948,290.67585608799556,245.693,44.98285608799553,944.11333,653.4374739120044,32.353590009734035,194.03475592844188,0.11603813618421555,755.8660779614002,0.11813105084002018,-188.12912098775985,-51.65824407155813,-12.513227942077279,-123.95764897412437,True,True,True,True,False,obqa|12-721|policy_T,obqa|12-721|reference_T
obqa,T,11-642,11-642,0.8,R,1,1,A,A,True,True,228.89520414173603,579.9531568773091,-351.05795273557305,351.05795273557305,0,0.9909295881565158,0.9770182429005867,0.013911345255929096,287.90624001455177,246.358607,41.54763301455176,722.763438,434.8571979854482,31.982353888452053,196.7968731187284,0.11597713455557823,579.8426698893309,0.11048698797821999,-142.81028112269087,-49.56173388127161,-9.449301991544125,-83.79924524987513,True,True,True,True,False,obqa|11-642|policy_T,obqa|11-642|reference_T
obqa,T,12-577,12-577,0.8,R,1,1,C,C,True,True,258.37969686836004,875.8751999121159,-617.4955030437559,617.4955030437559,0,0.9897612085348043,0.965291763903548,0.02446944463125632,331.821064079293,289.935813,41.88525107929301,1091.473068,759.652003920707,31.88212518580258,226.38079291209579,0.1167787704616785,875.7616179063916,0.11358200572431087,-215.59786808788408,-63.55502008790421,-9.886347123028756,-142.1565008769511,True,True,True,True,False,obqa|12-577|policy_T,obqa|12-577|reference_T
obqa,T,14-1215,14-1215,0.8,T,1,1,A,A,True,True,844.1304618027061,810.5375019367784,33.592959865927696,-33.592959865927696,0,0.9665497100872418,0.9678808956058205,-0.001331185518578726,1063.8094962825921,1019.654785,44.154711282592174,1019.654785,-44.15471128259219,32.5540138874203,811.4635071251541,0.11294079013168812,810.4184390977025,0.11906283907592297,-209.11728306322152,-208.1912778748458,-11.48775660504019,10.561751416664492,True,True,True,True,False,obqa|14-1215|policy_T,obqa|14-1215|reference_T
obqa,T,12-488,12-488,0.8,R,1,1,C,C,True,True,225.94440588727593,673.7179460469633,-447.7735401596874,447.7735401596874,0,0.9910465192015997,0.9733026331420721,0.01774388605952763,289.30705521946453,247.214112,42.09294321946454,827.128418,537.8213627805355,31.768423039466143,194.0592739265412,0.11670892126858234,673.6009470187128,0.11699902825057507,-153.41047195303668,-53.15483807345879,-10.207811258729812,-90.04782262084814,True,True,True,True,False,obqa|12-488|policy_T,obqa|12-488|reference_T
obqa,T,9-892,9-892,0.8,R,1,1,C,C,True,True,258.13892600126565,960.9635579399765,-702.8246319387108,702.8246319387108,0,0.9897707495425884,0.961919974384006,0.027850775158582416,328.1907580493494,285.720063,42.47069504934943,1210.246948,882.0561899506506,32.34812803566456,225.67708394490182,0.11371402069926262,960.8432028908283,0.12035504914820194,-249.28339006002352,-60.04297905509816,-10.00885299298561,-179.2315580119398,True,True,True,True,False,obqa|9-892|policy_T,obqa|9-892|reference_T
obqa,T,1683,1683,0.8,R,1,1,B,B,True,True,227.12431591935456,701.063193148002,-473.93887722864747,473.93887722864747,0,0.9909997630016638,0.9722190252346968,0.01878073776696704,286.37163899828795,245.168179,41.20345999828792,872.143451,585.7718120017121,32.23931510001421,194.7627319023013,0.12226891703903675,700.9448008611798,0.11839228682219982,-171.080257851998,-50.4054470976987,-8.841875981234672,-111.83293477306461,True,True,True,True,False,obqa|1683|policy_T,obqa|1683|reference_T
obqa,T,11-744,11-744,0.8,R,1,1,C,C,True,True,227.0404880400747,952.5354001671076,-725.4949121270329,725.4949121270329,0,0.9910030848422934,0.962253956314158,0.028749128528135465,286.83222226703214,245.103477,41.728745267032146,1196.110123,909.2779007329677,32.51003101468086,194.41588292829692,0.11457409709692001,952.4168679490685,0.1185322180390358,-243.57472283289235,-50.687594071703074,-9.104140155254363,-183.78298860593486,True,True,True,True,False,obqa|11-744|policy_T,obqa|11-744|reference_T
obqa,T,12-428,12-428,0.8,R,1,1,B,B,True,True,226.82766010984778,787.1899150777608,-560.362254967913,560.362254967913,0,0.9910115185575659,0.9688060885523344,0.022205430005231418,288.9421599849869,245.050246,43.8919139849869,987.320888,698.378728015013,32.228503841906786,194.48261708021164,0.11653918772935867,787.0752909220755,0.1146241556853056,-200.13097292223915,-50.56762891978835,-11.546870955350755,-138.01647304710002,True,True,True,True,False,obqa|12-428|policy_T,obqa|12-428|reference_T
obqa,T,10-443,10-443,0.8,T,1,1,A,A,True,True,797.2496000584215,769.1954360343516,28.054164024069905,-28.054164024069905,0,0.9684074542247502,0.9695191543260131,-0.001111700101262953,1004.0553168718394,961.672728,42.3825888718394,961.672728,-42.3825888718394,32.36985905095935,764.7636630572379,0.11607795022428036,769.0808810293674,0.1145550049841404,-192.47729196564842,-196.90906494276214,-9.896651870655774,14.328424847769497,True,True,True,True,False,obqa|10-443|policy_T,obqa|10-443|reference_T
obqa,T,14-676,14-676,0.8,R,1,1,B,B,True,True,226.92490206100047,748.0914010666311,-521.1664990056306,521.1664990056306,0,0.9910076651585891,0.9703554422221893,0.02065222293639979,286.45787319842077,245.240075,41.217798198420766,911.672772,625.2148988015792,32.22120995633304,194.5864320732653,0.11726003140211105,747.973850928247,0.11755013838410378,-163.58137093336893,-50.653642926734676,-8.879328210685614,-104.04839979594863,True,True,True,True,False,obqa|14-676|policy_T,obqa|14-676|reference_T
obqa,T,14-129,14-129,0.8,R,1,1,D,D,True,True,289.945448981598,711.1735220532864,-421.2280730716884,421.2280730716884,0,0.9885103550147842,0.9718183840443849,0.01669197097039928,288.6089303247566,244.899451,43.70947932475662,887.452989,598.8440586752433,32.36252604983747,257.46759795583785,0.11532497592270374,711.0587870702147,0.11473498307168484,-176.27946694671357,12.568146955837847,-11.231628298996448,-177.61598560355492,True,True,True,True,False,obqa|14-129|policy_T,obqa|14-129|reference_T
obqa,T,7-321,7-321,0.8,R,1,1,C,C,True,True,230.4158410988748,758.5645110812038,-528.148669982329,528.148669982329,0,0.9908693299981267,0.9699404251340398,0.02092890486408693,286.61085305857637,245.162959,41.447894058576345,944.359595,657.7487419414236,32.34983119182289,197.94762879610062,0.11838111095130444,758.4503761027008,0.11413497850298882,-185.7950839187962,-47.215330203899384,-8.979681755802154,-129.60007195909463,True,True,True,True,False,obqa|7-321|policy_T,obqa|7-321|reference_T
obqa,T,13-462,13-462,0.8,R,1,1,D,D,True,True,258.7672530207783,708.6216208990663,-449.85436787828803,449.85436787828803,0,0.9897458508783252,0.9719195080261627,0.01782634285216256,328.51890879893483,285.578114,42.94079479893482,887.224327,558.7054182010652,32.20239491201937,226.44769796170294,0.11716014705598354,708.505965070799,0.11565582826733589,-178.6027061009337,-59.130416038297085,-10.621239739859462,-108.85105032277716,True,True,True,True,False,obqa|13-462|policy_T,obqa|13-462|reference_T
obqa,T,7-455,7-455,0.8,R,1,1,A,A,True,True,229.80258287861943,715.2581340633333,-485.45555118471384,485.45555118471384,0,0.9908936315322937,0.9716565234528061,0.019237108079487728,286.99396486915555,245.479808,41.51415686915553,896.485405,609.4914401308445,32.23482589237392,197.45055702514946,0.11719996109604836,715.1410249061882,0.11710915714502335,-181.22727093666674,-48.02925097485053,-9.16213101568556,-124.03588894613063,True,True,True,True,False,obqa|7-455|policy_T,obqa|7-455|reference_T
obqa,T,10-677,10-677,0.8,R,0,0,D,D,True,True,227.72863693535328,955.15629905276,-727.4276621174067,727.4276621174067,0,-0.009024184378628971,-0.03784990183517346,0.02882571745654449,288.47457371699176,246.454277,42.02029671699178,1115.403436,826.9288622830084,32.016467070207,195.59721485711634,0.11495500802993774,955.0391701050103,0.11712894774973392,-160.24713694724005,-50.85706214288365,-9.888874638754842,-99.50120016560163,True,True,True,True,False,obqa|10-677|policy_T,obqa|10-677|reference_T
obqa,T,13-944,13-944,0.8,R,1,1,C,C,True,True,259.21324896626174,1103.9662978146225,-844.7530488483608,844.7530488483608,0,0.989728177432867,0.9562532163133279,0.03347496111953904,328.6220447983327,286.296992,42.32505279833269,1389.357881,1060.735836201667,32.439449802041054,226.65761108510196,0.11618807911872864,1103.8440789561719,0.12221885845065117,-285.3915831853774,-59.63938091489803,-9.76941491717291,-215.98278735330632,True,True,True,True,False,obqa|13-944|policy_T,obqa|13-944|reference_T
obqa,T,14-1171,14-1171,0.8,T,0,0,A,A,True,True,725.5572970025241,697.7733089588583,27.783988043665886,-27.783988043665886,0,-0.02875160064857867,-0.027650606789159753,-0.0011009938594189164,916.4649560766437,872.317048,44.1479080766437,872.317048,-44.147908076643716,32.38456603139639,693.058717995882,0.11401297524571419,697.6554889697582,0.11781998910009861,-174.54373904114175,-179.25833000411797,-11.649329070001599,16.36392003297783,True,True,True,True,False,obqa|14-1171|policy_T,obqa|14-1171|reference_T
obqa,T,10-973,10-973,0.8,R,1,1,C,C,True,True,226.8083831295371,709.7636309918016,-482.9552478622645,482.9552478622645,0,0.9910122824449141,0.9718742536840748,0.019138028760839337,291.4551378286543,246.364648,45.09048982865429,888.464809,597.0096711713456,31.924264039844275,194.7674909606576,0.11662812903523445,709.6488859970123,0.11474499478936195,-178.70117800819833,-51.59715703934239,-13.049597659774783,-114.05442330908113,True,True,True,True,False,obqa|10-973|policy_T,obqa|10-973|reference_T
obqa,T,14-109,14-109,0.8,T,1,1,C,C,True,True,834.3398021534085,798.7284299451858,35.61137220822275,-35.61137220822275,0,0.9669376837696589,0.9683488527517761,-0.0014111689821171374,1034.9918968479572,992.276206,42.715690847957255,992.276206,-42.71569084795715,31.942779198288918,802.2819869220257,0.11503603309392929,798.6146667972207,0.11376314796507359,-193.54777605481422,-189.99421907797432,-10.657875616574408,7.104318639734402,True,True,True,True,False,obqa|14-109|policy_T,obqa|14-109|reference_T
obqa,T,13-42,13-42,0.8,T,1,1,D,D,True,True,860.5272290296853,825.2279430162162,35.2992860134691,-35.2992860134691,0,0.9658999567112018,0.9672987586787819,-0.0013988019675800895,1080.479302978207,1035.796775,44.68252797820699,1035.796775,-44.68252797820696,32.24842180497944,828.1612370628864,0.11757016181945801,825.1091400161386,0.11880300007760525,-210.56883198378387,-207.63553793711367,-12.31653601140809,9.383241964737863,True,True,True,True,False,obqa|13-42|policy_T,obqa|13-42|reference_T
obqa,T,10-702,10-702,0.8,R,1,1,D,D,True,True,258.85017798282206,824.5285919401795,-565.6784139573574,565.6784139573574,0,0.9897425648175243,0.9673264718076201,0.02241609300990426,330.6170330821601,286.50275,44.114283082160114,1033.404588,702.78755491784,32.284058164805174,226.44817898981273,0.11794082820415497,824.4347758591175,0.09381608106195927,-208.87599605982064,-60.05457101018726,-11.712284089150785,-137.1091409604826,True,True,True,True,False,obqa|10-702|policy_T,obqa|10-702|reference_T
obqa,T,14-1445,14-1445,0.8,R,1,1,B,B,True,True,226.85498092323542,745.9588260389864,-519.103845115751,519.103845115751,0,0.9910104359178913,0.9704399496012774,0.020570486316613786,288.38577588091135,245.841149,42.54462688091135,939.777453,651.3916771190886,32.424350967630744,194.31199808605015,0.11863186955451965,745.8450829144567,0.11374312452971935,-193.8186269610136,-51.52915091394985,-10.001644043726088,-132.2878320033376,True,True,True,True,False,obqa|14-1445|policy_T,obqa|14-1445|reference_T
obqa,T,7-1076,7-1076,0.8,R,1,1,B,B,True,True,226.0237338487059,904.9171549268067,-678.8934210781008,678.8934210781008,0,0.9910433756788528,0.964140920688152,0.026902454990700767,290.0449710794535,245.924958,44.12001307945347,1136.372421,846.3274499205465,32.06416592001915,193.84079496376216,0.1187729649245739,904.8010080587119,0.1161468680948019,-231.45526607319334,-52.08416303623784,-11.937074194509748,-167.43402884244574,True,True,True,True,False,obqa|7-1076|policy_T,obqa|7-1076|reference_T
obqa,T,7-26,7-26,0.8,R,1,1,D,D,True,True,225.98725487478077,872.8825349826366,-646.8952801078558,646.8952801078558,0,0.9910448212282184,0.9654103539959954,0.025634467232223016,290.0515942955639,246.200258,43.85133629556394,1098.518372,808.466777704436,32.11496118456125,193.75668792054057,0.11560576967895031,872.768240980804,0.11429400183260441,-225.63583701736343,-52.44357007945942,-11.620769341323737,-161.57149759658023,True,True,True,True,False,obqa|7-26|policy_T,obqa|7-26|reference_T
obqa,T,12-1083,12-1083,0.8,R,1,1,D,D,True,True,226.18257207795978,536.1740528605878,-309.99148078262806,309.99148078262806,0,0.9910370814091182,0.9787530739341129,0.012284007475005333,291.06631231131854,246.174349,44.89196331131852,664.226172,373.1598596886815,31.74573997966945,194.3219460081309,0.1148860901594162,536.0610110219568,0.1130418386310339,-128.05211913941218,-51.8524029918691,-13.031337241489652,-63.16837890605342,True,True,True,True,False,obqa|12-1083|policy_T,obqa|12-1083|reference_T
obqa,T,12-105,12-105,0.8,T,0,0,A,A,True,True,827.8410269413143,734.494656091556,93.34637084975839,-93.34637084975839,0,-0.03280478978773626,-0.02910576065832893,-0.003699029129407324,969.6951150070757,922.725313,46.969802007075664,922.725313,-46.969802007075714,32.30664995498955,795.416726032272,0.1176509540528059,734.3807842116803,0.11387187987565994,-188.23065690844408,-127.30858696772805,-14.545501098033306,-46.37656884268267,True,True,True,True,False,obqa|12-105|policy_T,obqa|12-105|reference_T
obqa,T,1341,1341,0.8,R,1,1,B,B,True,True,227.25365008227527,700.4307720344514,-473.1771219521761,473.1771219521761,0,0.9909946378871927,0.9722440861352951,0.01875055175189761,286.51371007073703,244.720704,41.79300607073701,871.220006,584.706295929263,32.651216024532914,194.4801949430257,0.12223911471664906,700.3168878145516,0.1138842198997736,-170.78923396554865,-50.240509056974304,-9.019550931487444,-111.52917397708688,True,True,True,True,False,obqa|1341|policy_T,obqa|1341|reference_T
obqa,T,14-671,14-671,0.8,T,0,0,B,B,True,True,901.8658809363842,868.4007690753788,33.465111861005425,-33.465111861005425,0,-0.035738166722856776,-0.03441204742688573,-0.0013261192959710445,1138.249848951584,1094.225937,44.02391195158398,1094.225937,-44.02391195158407,32.3939451482147,869.3576930090785,0.11424277909100056,868.2858240790665,0.11494499631226063,-225.82516792462116,-224.86824399092143,-11.515724024278285,10.558800090578643,True,True,True,True,False,obqa|14-671|policy_T,obqa|14-671|reference_T
obqa,T,11-176,11-176,0.8,R,1,1,C,C,True,True,226.22344992123544,564.9480139836669,-338.72456406243145,338.72456406243145,0,0.9910354615461107,0.9776128504911039,0.013422611055006799,289.9829811677717,246.289512,43.693469167771696,711.189224,421.20624283222827,31.92401397973299,194.18107392266393,0.11836201883852482,564.8578349500895,0.09017903357744217,-146.24121001633307,-52.108438077336075,-11.65109316920018,-82.48167876979682,True,True,True,True,False,obqa|11-176|policy_T,obqa|11-176|reference_T
obqa,T,9-695,9-695,0.8,R,1,1,A,A,True,True,227.0790331531316,784.713228000328,-557.6341948471963,557.6341948471963,0,0.9910015574181986,0.9689042320319411,0.02209732538625756,290.6950241331463,245.590752,45.10427213314629,987.128707,696.4336828668536,32.44322701357305,194.50056180357933,0.13524433597922325,784.6020800061524,0.11114799417555332,-202.41547899967202,-51.09019019642068,-12.525800783594015,-138.79948801965725,True,True,True,True,False,obqa|9-695|policy_T,obqa|9-695|reference_T
obqa,T,9-985,9-985,0.8,T,0,0,A,A,True,True,877.5821579620242,842.1892828773707,35.3928750846535,-35.3928750846535,0,-0.03477587758579764,-0.03337336697162151,-0.001402510614176136,1110.5018519679077,1062.612915,47.88893696790767,1062.612915,-47.88893696790774,32.326208194717765,845.1387898530811,0.11715991422533989,842.0736759435385,0.11560693383216858,-220.42363212262921,-217.47412514691882,-15.445568858964563,12.496061883254242,True,True,True,True,False,obqa|9-985|policy_T,obqa|9-985|reference_T
obqa,T,14-61,14-61,0.8,R,1,1,D,D,True,True,227.03718300908804,908.0224100034684,-680.9852269943804,680.9852269943804,0,0.9910032158104904,0.9640178689949984,0.026985346815492098,289.8759866605467,245.843819,44.03216766054666,1135.703111,845.8271243394533,32.56859187968075,194.35371714644134,0.1148739829659462,907.9033581074327,0.11905189603567123,-227.68070099653164,-51.490101853558656,-11.348701797899963,-164.841897345073,True,True,True,True,False,obqa|14-61|policy_T,obqa|14-61|reference_T
obqa,T,10-823,10-823,0.8,R,1,1,D,D,True,True,232.99668380059302,866.283070994541,-633.286387193948,633.286387193948,0,0.9907670591519742,0.9656718704246279,0.02509518872734625,289.2522908829023,245.441851,43.810439882902266,1085.916842,796.6645511170977,33.52258913218975,199.36002092435956,0.11407374404370785,866.1706200800836,0.11245091445744038,-219.63377100545904,-46.081830075640454,-10.173777006668807,-163.3781639231497,True,True,True,True,False,obqa|10-823|policy_T,obqa|10-823|reference_T
obqa,T,1851,1851,0.8,R,1,1,A,A,True,True,226.17134195752442,759.5424719620496,-533.3711300045252,533.3711300045252,0,0.9910375264241974,0.9699016715568762,0.02113585486732124,290.31241201824974,246.307876,44.00453601824975,946.147568,655.8351559817502,31.87745693139732,194.1794310696423,0.11445395648479462,759.4301719218493,0.11230004020035267,-186.60509603795037,-52.12844493035769,-12.012625130367638,-122.46402597722499,True,True,True,True,False,obqa|1851|policy_T,obqa|1851|reference_T
obqa,T,9-844,9-844,0.8,R,1,1,C,C,True,True,227.5265718344599,687.4873631168157,-459.9607912823558,459.9607912823558,0,0.9909838228388711,0.9727569935593794,0.018226829279491805,286.35935187371217,244.413028,41.94632387371218,863.003064,576.6437121262878,32.29786502197385,195.1116679701954,0.11703884229063988,687.3736300040036,0.11373311281204224,-175.5157008831843,-49.301360029804584,-9.531420009447693,-116.68292084393204,True,True,True,True,False,obqa|9-844|policy_T,obqa|9-844|reference_T
obqa,T,1655,1655,0.8,R,1,1,C,C,True,True,226.93974408321083,670.5872481688857,-443.6475040856749,443.6475040856749,0,0.9910070770149688,0.973426693055071,0.017580383959897826,289.4940582220118,245.193702,44.30035622201181,841.31101,551.8169517779882,32.36158797517419,194.46154800243676,0.11660810559988022,670.4734349623322,0.11381320655345917,-170.7237618311143,-50.732153997563245,-11.822160141237738,-108.16944769231327,True,True,True,True,False,obqa|1655|policy_T,obqa|1655|reference_T
obqa,T,383,383,0.8,R,1,1,D,D,True,True,229.96404790319502,746.9376621302217,-516.9736142270267,516.9736142270267,0,0.9908872331707522,0.9704011613422221,0.020486071828530076,287.86963506997597,245.540556,42.329079069975975,938.456083,650.5864479300241,32.273783814162016,197.57581921294332,0.11444487608969212,746.8241390306503,0.11352309957146645,-191.5184208697783,-47.964736787056694,-9.940850379724267,-133.61283370299736,True,True,True,True,False,obqa|383|policy_T,obqa|383|reference_T
obqa,T,919,919,0.8,T,1,1,B,B,True,True,851.4557180460542,757.7164189424366,93.73929910361767,-93.73929910361767,0,0.9662594327472889,0.969974032413007,-0.0037145996657180712,987.7372251199617,942.340468,45.39675711996174,942.340468,-45.39675711996176,32.31983003206551,819.0210028551519,0.11488515883684158,757.5992599595338,0.11715898290276527,-184.6240490575634,-123.3194651448481,-12.962041929059389,-48.342541983655906,True,True,True,True,False,obqa|919|policy_T,obqa|919|reference_T
obqa,T,14-45,14-45,0.8,R,1,1,C,C,True,True,259.05403890646994,824.1803459823132,-565.1263070758432,565.1263070758432,0,0.9897344864371004,0.9673402717221815,0.022394214714918863,327.2826458829642,285.438773,41.843872882964135,1034.745289,707.4626431170358,32.3088588193059,226.62510513328016,0.12007495388388634,824.0648389328271,0.11550704948604107,-210.5649430176868,-58.81366786671987,-9.414939109774352,-142.33633604119257,True,True,True,True,False,obqa|14-45|policy_T,obqa|14-45|reference_T
obqa,T,11-131,11-131,0.8,R,1,0,B,D,True,True,228.40296407230198,845.9834398236126,-617.5804757513106,617.5804757513106,1,0.9909490941141542,-0.03352371772374963,1.0244728118379038,287.7868301603497,245.851805,41.935025160349724,1056.430319,768.6434888396503,32.40499016828835,195.88188687339425,0.11608703061938286,845.8671930711716,0.11624675244092941,-210.44687917638748,-49.96991812660576,-9.413947961441991,-151.06301308833974,True,True,True,True,False,obqa|11-131|policy_T,obqa|11-131|reference_T
obqa,T,11-559,11-559,0.8,R,1,1,D,D,True,True,257.73841491900384,945.4090590588748,-687.670644139871,687.670644139871,0,0.9897866205630304,0.9625363512600512,0.027250269302979174,328.48562799417374,286.307934,42.177693994173765,1183.052246,854.5666180058263,32.1615538559854,225.4622671753168,0.11459388770163059,945.2930120751262,0.11604698374867439,-237.64318694112512,-60.84566682468318,-9.901546250486732,-166.89597386595528,True,True,True,True,False,obqa|11-559|policy_T,obqa|11-559|reference_T
obqa,T,12-1066,12-1066,0.8,R,1,1,C,C,True,True,259.8179802298546,865.5258000362664,-605.7078198064119,605.7078198064119,0,0.9897042137957258,0.9657018787399809,0.024002335055744905,329.9797032106035,285.745822,44.23388121060348,1086.362654,756.3829507893965,32.58299292065203,227.1200919058174,0.11489540338516235,865.4053539503366,0.1204460859298706,-220.83685396373357,-58.625730094182586,-11.535992886566284,-150.67513098298468,True,True,True,True,False,obqa|12-1066|policy_T,obqa|12-1066|reference_T
obqa,T,14-1299,14-1299,0.8,R,0,0,D,D,True,True,258.57031298801303,767.2206789720803,-508.6503659840673,508.6503659840673,0,-0.010246344994837096,-0.030402592134718607,0.02015624713988151,328.8408579604781,287.213363,41.62749496047807,963.222231,634.3813730395218,32.281689113005996,226.17431986145675,0.11430401355028152,767.1041809953749,0.11649797670543194,-196.00155202791962,-61.03904313854326,-9.23150183392179,-125.73100705545448,True,True,True,True,False,obqa|14-1299|policy_T,obqa|14-1299|reference_T
obqa,T,11-240,11-240,0.8,R,1,1,D,D,True,True,226.2764018960297,888.835284858942,-662.5588829629123,662.5588829629123,0,0.9910333632224647,0.9647781956597963,0.026255167562668394,287.5432910725051,245.644714,41.89857707250512,1037.263474,749.720182927495,32.254897989332676,193.90708906576037,0.11441484093666077,888.7189871165901,0.11629774235188961,-148.42818914105806,-51.73762493423962,-9.529264242235783,-87.16129996458267,True,True,True,True,False,obqa|11-240|policy_T,obqa|11-240|reference_T
obqa,T,14-491,14-491,0.8,R,1,1,B,B,True,True,226.7856860999018,794.2954460158944,-567.5097599159926,567.5097599159926,0,0.9910131818582818,0.9685245182493779,0.022488663608903947,287.28436045512876,245.551818,41.73254245512879,995.484888,708.2005275448712,32.189616933465004,194.4795809686184,0.11648819781839848,794.1811720374972,0.11427397839725018,-201.18944198410554,-51.072237031381604,-9.426437323845384,-140.69076762887858,True,True,True,True,False,obqa|14-491|policy_T,obqa|14-491|reference_T
obqa,T,10-916,10-916,0.8,R,0,0,B,B,True,True,227.06085117533803,876.3294438831508,-649.2685927078128,649.2685927078128,0,-0.008997722086029772,-0.03472623638575539,0.02572851429972562,288.9832478091248,247.147963,41.83528480912483,1100.326184,811.3429361908752,31.83551295660436,195.1083589810878,0.11697923764586449,876.2175240553916,0.1119198277592659,-223.9967401168492,-52.0396040189122,-9.882792614874603,-162.07434348306242,True,True,True,True,False,obqa|10-916|policy_T,obqa|10-916|reference_T
obqa,T,9-1064,9-1064,0.8,T,1,1,D,D,True,True,800.18404382281,764.2692821100354,35.914761712774634,-35.914761712774634,0,0.9682911712577289,0.9697143626313399,-0.001423191373611073,1005.5500971143317,964.091844,41.458253114331725,964.091844,-41.45825311433168,32.49181201681495,767.5727889873087,0.11944281868636608,764.1542258206755,0.11505628935992718,-199.82256188996462,-196.5190550126913,-8.846998278830412,5.5434914015570484,True,True,True,True,False,obqa|9-1064|policy_T,obqa|9-1064|reference_T
obqa,T,14-223,14-223,0.8,T,0,0,D,D,True,True,1021.9166669994593,990.1661418844014,31.750525115057826,-31.750525115057826,0,-0.040495409565969524,-0.039237234061068445,-0.0012581755049010748,1278.3206168823108,1236.279843,42.040773882310745,1236.279843,-42.04077388231076,32.47664403170347,989.3199980724603,0.12002489529550076,990.0489021092653,0.11723977513611317,-246.1137011155986,-246.95984492753973,-9.444104955311772,10.290248767252933,True,True,True,True,False,obqa|14-223|policy_T,obqa|14-223|reference_T
obqa,T,11-141,11-141,0.8,R,1,1,A,A,True,True,290.6946979928762,714.1263920348138,-423.4316940419376,423.4316940419376,0,0.9884806645844797,0.9717013709031392,0.016779293681340488,289.8707569466195,245.7963,44.07445694661951,896.154719,606.2839620533805,32.0694709662348,258.50903894752264,0.11618807911872864,714.0107341110706,0.11565792374312878,-182.02832696518624,12.712738947522638,-11.888797901265981,-182.8522680114429,True,True,True,True,False,obqa|11-141|policy_T,obqa|11-141|reference_T
obqa,T,10-347,10-347,0.8,T,1,1,C,C,True,True,915.4511222150177,883.2944580353796,32.15666417963803,-32.15666417963803,0,0.9637234920137151,0.9649977615586607,-0.0012742695449456567,1158.6350331243252,1114.074176,44.56085712432504,1114.074176,-44.56085712432514,32.3976359795779,882.9370278399438,0.11645839549601078,883.1796231679618,0.11483486741781235,-230.77971796462043,-231.1371481600563,-12.04676274925113,12.40419294468711,True,True,True,True,False,obqa|10-347|policy_T,obqa|10-347|reference_T
obqa,T,12-306,12-306,0.8,R,1,1,D,D,True,True,258.94697895273566,545.3397389501333,-286.39275999739766,286.39275999739766,0,0.9897387288932757,0.9783898660286786,0.011348862864597126,330.340422259676,286.444091,43.89633125967598,682.060737,351.720314740324,32.336420845240355,226.49114415980875,0.119413947686553,545.2479079831392,0.09183096699416637,-136.7209980498667,-59.95294684019126,-11.440496466749075,-65.32755474292634,True,True,True,True,False,obqa|12-306|policy_T,obqa|12-306|reference_T
obqa,T,13-71,13-71,0.8,R,1,1,A,A,True,True,227.91618295013905,814.2514610663056,-586.3352781161666,586.3352781161666,0,0.9909683837505282,0.9677337228461246,0.023234660904403643,293.2508370078602,245.377028,47.87380900786018,1021.893459,728.6426219921398,32.3476220946759,195.44771406799555,0.12084678746759892,814.1378280706704,0.11363299563527107,-207.64199793369437,-49.92931393200445,-15.405340125716684,-142.30734387597317,True,True,True,True,False,obqa|13-71|policy_T,obqa|13-71|reference_T
obqa,T,10-415,10-415,0.8,R,1,1,B,B,True,True,226.53820202685893,1027.803991921246,-801.2657898943871,801.2657898943871,0,0.991022988889738,0.9592712938828981,0.03175169500683998,292.09005132206573,246.289571,45.80048032206571,1277.099449,985.0093976779343,31.720707891508937,194.70020406879485,0.1172900665551424,1027.6876538991928,0.11633802205324173,-249.295457078754,-51.58936693120515,-13.96248236400163,-183.7436077835472,True,True,True,True,False,obqa|10-415|policy_T,obqa|10-415|reference_T
obqa,T,10-184,10-184,0.8,R,1,1,C,C,True,True,226.67192295193672,945.4883469734341,-718.8164240214974,718.8164240214974,0,0.9910176899413957,0.9625332093242384,0.02848448061715736,289.42772200463173,245.218119,44.20960300463176,1186.585859,897.1581369953683,32.47325820848346,194.08377981744707,0.11488492600619793,945.3663991298527,0.12194784358143806,-241.09751202656594,-51.134339182552935,-11.621459870142104,-178.34171297387093,True,True,True,True,False,obqa|10-184|policy_T,obqa|10-184|reference_T
obqa,T,11-57,11-57,0.8,R,1,1,A,A,True,True,226.68578894808888,817.2923559322953,-590.6065669842064,590.6065669842064,0,0.9910171404746816,0.9676132215498625,0.02340391892481905,291.11160185016035,246.769398,44.34220385016036,945.387281,654.2756791498397,32.62963006272912,193.93950002267957,0.11665886268019676,817.1763580758125,0.11599785648286343,-128.0949250677047,-52.82989797732043,-11.595914924751042,-63.66911216563324,True,True,True,True,False,obqa|11-57|policy_T,obqa|11-57|reference_T
obqa,T,11-747,11-747,0.8,T,1,1,D,D,True,True,842.7821840159595,810.9892099164426,31.79297409951687,-31.79297409951687,0,0.9666031381826492,0.9678629958100431,-0.0012598576273938763,1056.4291819801706,1011.954028,44.47515398017049,1011.954028,-44.4751539801706,32.25408704020083,810.4081419296563,0.1199550461024046,810.872932896018,0.11627702042460442,-200.96481808355736,-201.54588607034373,-12.101111893867255,12.682179880653734,True,True,True,True,False,obqa|11-747|policy_T,obqa|11-747|reference_T
obqa,T,12-1159,12-1159,0.8,T,1,1,A,A,True,True,844.2393741570413,816.4020790718496,27.837295085191727,-27.837295085191727,0,0.9665453942261368,0.9676485004794025,-0.001103106253265743,1063.4226572684329,1021.475549,41.94710826843298,1021.475549,-41.947108268432885,32.35518606379628,811.7696929257363,0.11449516750872135,816.2888458464295,0.11323322542011738,-205.07346992815042,-209.7058560742637,-9.477427037127974,14.109813183241158,True,True,True,True,False,obqa|12-1159|policy_T,obqa|12-1159|reference_T
obqa,T,14-595,14-595,0.8,R,1,1,D,D,True,True,258.9966719970107,826.4560580719262,-567.4593860749155,567.4593860749155,0,0.9897367597110073,0.9672500922622519,0.022486667448755375,330.8339540388328,286.803509,44.03044503883278,1038.043266,707.209311961167,32.397775910794735,226.48322000168264,0.11567608453333378,826.3419540598989,0.11410401202738285,-211.58720792807367,-60.32028899831738,-11.516993043504712,-139.7499258862515,True,True,True,True,False,obqa|14-595|policy_T,obqa|14-595|reference_T
obqa,T,10-58,10-58,0.8,R,1,1,A,A,True,True,229.68360292725265,824.623947031796,-594.9403441045433,594.9403441045433,0,0.9908983463412565,0.9673226931790745,0.02357565316218203,287.944629203099,245.451419,42.49321020309901,1036.606132,748.6615027969009,32.53686707466841,197.02950702048838,0.11722883209586143,824.5109349954873,0.1130120363086462,-211.9821849682039,-48.421911979511606,-9.839114296334742,-153.72115869235756,True,True,True,True,False,obqa|10-58|policy_T,obqa|10-58|reference_T
obqa,T,9-400,9-400,0.8,R,1,1,B,B,True,True,227.03934111632407,779.8109489958733,-552.7716078795493,552.7716078795493,0,0.9910031302913487,0.969098494247739,0.021904636043609704,290.8266038187963,246.282479,44.54412481879628,971.123614,680.2970101812036,31.904421979561448,194.99215087853372,0.14276825822889805,779.6988489571959,0.112100038677454,-191.31266500412664,-51.290328121466274,-12.496934581005931,-127.52540230165437,True,True,True,True,False,obqa|9-400|policy_T,obqa|9-400|reference_T
obqa,T,11-666,11-666,0.8,R,1,1,B,B,True,True,227.3779062088579,881.3522190321237,-653.9743128232658,653.9743128232658,0,0.9909897139996591,0.96507472650742,0.025914987492239066,289.47670704394164,245.527994,43.948713043941616,1098.959612,809.4829049560585,32.11868507787585,195.14373480342329,0.11548632755875587,881.2188790179789,0.13334001414477825,-217.60739296787642,-50.38425919657672,-11.714541638507008,-155.50859213279273,True,True,True,True,False,obqa|11-666|policy_T,obqa|11-666|reference_T
obqa,T,8-323,8-323,0.8,T,1,1,D,D,True,True,730.1335451193154,694.8384279385209,35.29511718079448,-35.29511718079448,0,0.9710670567353848,0.9724656935049678,-0.0013986367695830097,907.1324091271691,862.843886,44.288523127169135,862.843886,-44.28852312716913,31.841935822740197,698.1727771926671,0.11883210390806198,694.7245339397341,0.11389399878680706,-168.0054580614791,-164.67110880733287,-12.327755200520876,8.99340594637465,True,True,True,True,False,obqa|8-323|policy_T,obqa|8-323|reference_T
obqa,T,14-948,14-948,0.8,R,1,1,B,B,True,True,227.2639621514827,768.5300949960947,-541.266132844612,541.266132844612,0,0.9909942292516557,0.9695455197418198,0.021448709509835823,287.3410781267877,245.544666,41.796412126787665,961.382784,674.0417058732123,32.40856807678938,194.73619107156992,0.1192030031234026,768.4141080826521,0.1159869134426117,-192.8526890039053,-50.80847492843009,-9.268641046874883,-132.77557302860032,True,True,True,True,False,obqa|14-948|policy_T,obqa|14-948|reference_T
obqa,T,11-693,11-693,0.8,R,1,1,B,B,True,True,227.0307750441134,988.1475260481238,-761.1167510040104,761.1167510040104,0,0.9910034697384031,0.9608427574663096,0.03016071227209347,287.2860860038725,245.543894,41.74219200387251,1237.806197,950.5201109961276,32.467458164319396,194.4488319568336,0.11448492296040058,988.0313901230693,0.11613592505455017,-249.65867095187627,-51.09506204316639,-9.160248916592714,-189.4033599921172,True,True,True,True,False,obqa|11-693|policy_T,obqa|11-693|reference_T
obqa,T,10-741,10-741,0.8,R,1,1,A,A,True,True,226.92228201776743,771.0909149609506,-544.1686329431832,544.1686329431832,0,0.9910077689828316,0.9694440423350504,0.021563726647781153,287.9506610012161,245.603837,42.346824001216056,962.936819,674.9861579987839,32.29924291372299,194.50902589596808,0.11401320807635784,770.9753878880292,0.1155270729213953,-191.8459040390494,-51.09481110403192,-9.933567879416707,-130.81752505560075,True,True,True,True,False,obqa|10-741|policy_T,obqa|10-741|reference_T
obqa,T,7-647,7-647,0.8,R,1,1,A,A,True,True,227.67496202141047,920.3610660042614,-692.6861039828509,692.6861039828509,0,0.9909779425928685,0.963528926066107,0.02744901652676161,287.00657637662516,245.375667,41.63090937662518,1070.735032,783.7284556233749,32.332914881408215,195.22069906815886,0.1213480718433857,920.2447489369661,0.11631706729531288,-150.37396599573867,-50.15496793184113,-9.176646423373583,-91.04235164052398,True,True,True,True,False,obqa|7-647|policy_T,obqa|7-647|reference_T
obqa,T,7-104,7-104,0.8,R,1,1,A,A,True,True,225.90639698319137,682.1936599444598,-456.2872629612684,456.2872629612684,0,0.9910480253773847,0.9729667667091947,0.018081258668189992,287.8065950456133,246.870158,40.93643704561329,845.239384,557.4327889543868,31.84421989135444,193.94612009637058,0.11605699546635151,682.0794460363686,0.11421390809118748,-163.04572405554018,-52.924037903629426,-8.976160158792496,-101.14552599311833,True,True,True,True,False,obqa|7-104|policy_T,obqa|7-104|reference_T
obqa,T,12-645,12-645,0.8,T,1,1,B,B,True,True,843.6545389704406,812.5479898881167,31.10654908232391,-31.10654908232391,0,0.9665685694430354,0.9678012261614851,-0.001232656718449731,1062.0509020715613,1020.796224,41.254678071561216,1020.796224,-41.254678071561216,32.49879693612456,811.0404550097883,0.11528702452778816,812.4316029716283,0.11638691648840904,-208.24823411188333,-209.75576899021178,-8.640594110908864,10.148128989237307,True,True,True,True,False,obqa|12-645|policy_T,obqa|12-645|reference_T
obqa,T,10-1035,10-1035,0.8,T,1,1,A,A,True,True,930.3685410413891,891.716101905331,38.65243913605809,-38.65243913605809,0,0.9631323606577555,0.9646640377544158,-0.0015316770966601818,1167.9440847338283,1122.191666,45.75241873382843,1122.191666,-45.752418733828335,32.2488690726459,898.005889961496,0.11378200724720955,891.6003338526934,0.11576805263757706,-230.47556409466893,-224.18577603850395,-13.389767653935316,7.099979597770243,True,True,True,True,False,obqa|10-1035|policy_T,obqa|10-1035|reference_T
obqa,T,241,241,0.8,R,1,1,B,B,True,True,226.31682688370347,867.8844179958105,-641.567591112107,641.567591112107,0,0.9910317613047297,0.965608413975812,0.02542334732891776,289.707671211581,245.43545,44.27222121158099,1088.363589,798.6559177884191,32.52329304814339,193.67758696898818,0.11594686657190323,867.7714359946549,0.11298200115561485,-220.47917100418954,-51.75786303101182,-11.632981296865701,-157.08832667631202,True,True,True,True,False,obqa|241|policy_T,obqa|241|reference_T
obqa,T,10-783,10-783,0.8,R,1,1,C,C,True,True,227.35551395453513,947.8801598306745,-720.5246458761394,720.5246458761394,0,0.99099060133572,0.9624384291485285,0.02855217218719152,288.843177076528,245.844502,42.99867507652795,1186.004431,897.161253923472,32.39093511365354,194.8469679336995,0.11761090718209743,947.7639228571206,0.11623697355389595,-238.12427116932554,-50.99753406630052,-10.490129055692314,-176.63660804733263,True,True,True,True,False,obqa|10-783|policy_T,obqa|10-783|reference_T
obqa,T,9-795,9-795,0.8,T,1,1,B,B,True,True,449.1081889718771,414.94066291488707,34.16752605699003,-34.16752605699003,0,0.9822032259193434,0.9835571797261604,-0.0013539538068170866,568.481611856446,524.46259,44.01902185644603,524.46259,-44.01902185644599,32.3205990716815,416.6760519146919,0.11153798550367355,414.83152797445655,0.10913494043052197,-109.5219270851129,-107.78653808530805,-11.586884799260858,9.85149579945596,True,True,True,True,False,obqa|9-795|policy_T,obqa|9-795|reference_T
obqa,T,14-757,14-757,0.8,R,1,1,D,D,True,True,226.76901891827583,885.4399549309164,-658.6709360126406,658.6709360126406,0,0.9910138423273475,0.964912742125753,0.026101100201594517,289.58638417525447,244.68949,44.89689417525447,1110.452759,820.8663748247455,32.37485093995929,194.27747908048332,0.11668889783322811,885.3248700033873,0.1150849275290966,-225.0128040690836,-50.41201091951669,-12.40535433746195,-162.19543881210495,True,True,True,True,False,obqa|14-757|policy_T,obqa|14-757|reference_T
obqa,T,9-1040,9-1040,0.8,R,1,1,B,B,True,True,230.30728800222278,786.0569269396365,-555.7496389374137,555.7496389374137,0,0.9908736316229564,0.9688509853821526,0.02202264624080366,287.66953884564924,245.507966,42.16157284564924,988.683456,701.0139171543508,32.39079099148512,197.801873087883,0.11462392285466194,785.9437549486756,0.11317199096083641,-202.6265290603635,-47.706092912117015,-9.656157931309458,-145.2642782169371,True,True,True,True,False,obqa|9-1040|policy_T,obqa|9-1040|reference_T
obqa,T,10-580,10-580,0.8,R,1,1,C,C,True,True,259.78359719738364,729.8005560878664,-470.0169588904828,470.0169588904828,0,0.9897055762893879,0.9710802520649503,0.0186253242244376,330.24511621557417,286.187309,44.057807215574144,911.851416,581.6062997844258,32.50546590425074,227.16181399300694,0.11631730012595654,729.6728270594031,0.12772902846336365,-182.05085991213355,-59.02549500699308,-11.436024011197446,-111.58934089394302,True,True,True,True,False,obqa|10-580|policy_T,obqa|10-580|reference_T
obqa,T,10-681,10-681,0.8,R,1,1,D,D,True,True,229.5783651061356,807.7895760070533,-578.2112109009176,578.2112109009176,0,0.9909025165919292,0.96798978744561,0.022912729146319158,289.8549898641928,245.434358,44.42063186419284,1011.413556,721.5585661358072,32.376864925026894,197.08612421527505,0.11537596583366394,807.6711359899491,0.11844001710414886,-203.62397999294672,-48.348233784724954,-11.928390973332284,-143.3473552348895,True,True,True,True,False,obqa|10-681|policy_T,obqa|10-681|reference_T
obqa,T,14-1004,14-1004,0.8,T,0,0,D,D,True,True,979.3497039936483,1015.7522209919989,-36.40251699835062,36.40251699835062,0,-0.038808611946784886,-0.04025113155986519,0.0014425196130803059,1232.3412420358593,1188.236616,44.10462603585935,1188.236616,-44.10462603585938,32.154608983546495,947.0783961005509,0.11669890955090523,1015.6368541065603,0.11536688543856144,-172.484395008001,-241.15821989944902,-11.833318142761946,80.50714303421,True,True,True,True,False,obqa|14-1004|policy_T,obqa|14-1004|reference_T
obqa,T,14-456,14-456,0.8,R,1,1,C,C,True,True,259.377907961607,725.2786250319332,-465.9007170703262,465.9007170703262,0,0.9897216525041027,0.9712594422631852,0.01846221024091755,328.3029050638578,286.375315,41.92759006385779,912.629916,584.3270109361422,32.41845313459635,226.84474987909198,0.11470494791865349,725.1620069146156,0.11661811731755733,-187.3512909680668,-59.53056512090802,-9.394431981342791,-118.42629386581598,True,True,True,True,False,obqa|14-456|policy_T,obqa|14-456|reference_T
obqa,T,9-1036,9-1036,0.8,R,1,1,D,D,True,True,227.46951901353896,998.6210388597101,-771.1515198461711,771.1515198461711,0,0.9909860836664168,0.9604277244165552,0.030558359249861514,290.6710289676769,246.672686,43.99834296767688,1242.762497,952.0914680323231,32.117728842422366,195.23624400608242,0.11554616503417492,998.5034989658743,0.117539893835783,-244.14145814028984,-51.43644199391758,-11.765067960220335,-180.93994818615192,True,True,True,True,False,obqa|9-1036|policy_T,obqa|9-1036|reference_T
obqa,T,11-737,11-737,0.8,T,1,1,B,B,True,True,930.240634130314,895.9363731555641,34.30426097474992,-34.30426097474992,0,0.9631374292146326,0.9644968014050376,-0.0013593721904049717,1162.696096886378,1121.134138,41.56195888637817,1121.134138,-41.56195888637808,32.559115905314684,897.563548060134,0.11797016486525536,895.8167389500886,0.11963420547544956,-225.19776484443582,-223.57058993986584,-8.884872816198232,7.257697911628156,True,True,True,True,False,obqa|11-737|policy_T,obqa|11-737|reference_T
obqa,T,12-541,12-541,0.8,R,1,1,A,A,True,True,226.4121409971267,772.7235110942274,-546.3113700971007,546.3113700971007,0,0.9910279843000236,0.9693793475793939,0.021648636720629742,290.19978112068236,246.211034,43.98874712068236,972.676941,682.4771598793177,32.369551016017795,193.91224603168666,0.13034394942224026,772.6100389845669,0.11347210966050625,-199.95342990577262,-52.29878796831335,-11.488852155242327,-136.16578978221696,True,True,True,True,False,obqa|12-541|policy_T,obqa|12-541|reference_T
obqa,T,13-286,13-286,0.8,R,0,0,C,C,True,True,229.98348297551274,872.3197979852557,-642.336315009743,642.336315009743,0,-0.009113536981295262,-0.03456734647027282,0.02545380948897756,287.42796408152196,245.829654,41.59831008152199,1098.936192,811.5082279184779,32.19948313198984,197.66755192540586,0.11644791811704636,872.2044629976153,0.11533498764038086,-226.61639401474417,-48.162102074594145,-9.282379031415104,-169.17191290873495,True,True,True,True,False,obqa|13-286|policy_T,obqa|13-286|reference_T
obqa,T,1894,1894,0.8,R,1,1,A,A,True,True,225.93842400237918,1075.2192090731114,-849.2807850707322,849.2807850707322,0,0.9910467562452714,0.957392374886634,0.033654381358637374,288.8846019022086,247.066008,41.81859390220857,1255.028849,966.1442470977914,31.734293093904853,194.08894586376846,0.11518504470586777,1075.102660106495,0.11654896661639214,-179.80963992688862,-52.97706213623155,-9.969115763597848,-116.8634620270592,True,True,True,True,False,obqa|1894|policy_T,obqa|1894|reference_T
obqa,T,1046,1046,0.8,T,1,1,A,A,True,True,599.0841139573604,568.1161449756473,30.967968981713057,-30.967968981713057,0,0.9762601420031619,0.9774873072191113,-0.0012271652159494273,755.3940929686581,712.746882,42.64721096865809,712.746882,-42.6472109686581,32.4578860308975,566.5104810614139,0.11574686504900455,568.0051080416888,0.11103693395853043,-144.6307370243527,-146.23640093858614,-10.073578072711584,11.679241986945044,True,True,True,True,False,obqa|1046|policy_T,obqa|1046|reference_T
obqa,T,7-229,7-229,0.8,R,0,0,C,C,True,True,259.0644850861281,629.4836981687695,-370.41921308264136,370.41921308264136,0,-0.010265927512820683,-0.024944499875212377,0.014678572362391692,330.00966030185486,286.437403,43.57225730185485,787.183549,457.1738886981451,32.22483000718057,226.72494989819825,0.11470518074929714,629.3665391858667,0.11715898290276527,-157.6998508312305,-59.71245310180177,-11.232722113924979,-86.75467561550374,True,True,True,True,False,obqa|7-229|policy_T,obqa|7-229|reference_T
obqa,T,12-401,12-401,0.8,R,1,1,B,B,True,True,225.60804709792137,843.5693359933794,-617.961288895458,617.961288895458,0,0.9910598480642906,0.9665719457745541,0.024487902289736532,289.2875078674569,245.342363,43.94514486745691,1066.378386,777.0908781325431,32.27939177304506,193.21423000656068,0.11442531831562519,843.4538301080465,0.1155058853328228,-222.80905000662074,-52.12813299343932,-11.551327776096223,-159.12958923708516,True,True,True,True,False,obqa|12-401|policy_T,obqa|12-401|reference_T
obqa,T,12-914,12-914,0.8,T,1,1,C,C,True,True,784.1742360033095,749.1092740092427,35.064961994066834,-35.064961994066834,0,0.9689255906244535,0.9703151070529644,-0.0013895164285109396,985.2880891510843,941.588257,43.6998321510843,941.588257,-43.69983215108425,31.91030095331371,752.146404935047,0.11753011494874954,748.9904609974474,0.11881301179528236,-192.47898299075734,-189.44185206495297,-11.672001082821843,8.634870157017417,True,True,True,True,False,obqa|12-914|policy_T,obqa|12-914|reference_T
obqa,T,11-430,11-430,0.8,R,1,1,B,B,True,True,226.7758350353688,559.5066710375249,-332.73083600215614,332.73083600215614,0,0.9910135722256237,0.9778284741503597,0.013185098075263978,289.0174469383594,245.392348,43.62509893835938,698.179745,409.1622980616406,32.41811296902597,194.24524204805493,0.11248001828789711,559.3929369933903,0.11373404413461685,-138.6730739624751,-51.147105951945065,-11.094505951045512,-76.43146205948449,True,True,True,True,False,obqa|11-430|policy_T,obqa|11-430|reference_T
obqa,T,13-460,13-460,0.8,R,1,1,B,B,True,True,226.79563192650676,802.3609530646354,-575.5653211381286,575.5653211381286,0,0.9910127877358109,0.9682049070503014,0.022807880685509582,287.4709830724592,245.957676,41.51330707245922,922.200287,634.7293039275407,32.241300912573934,194.43879509344697,0.11553592048585415,802.246519131586,0.11443393304944038,-119.8393339353646,-51.51888090655302,-9.156470239399432,-59.1639827894121,True,True,True,True,False,obqa|13-460|policy_T,obqa|13-460|reference_T
obqa,T,11-629,11-629,0.8,T,1,1,D,D,True,True,839.358625933528,808.3116619382054,31.046963995322585,-31.046963995322585,0,0.9667388032434101,0.9679690987884099,-0.0012302955449998182,1058.0864626532637,1013.403995,44.68246765326357,1013.403995,-44.68246765326364,32.234037993475795,807.0118969772011,0.11269096285104752,808.1931499764323,0.11851196177303791,-205.09233306179465,-206.3920980227989,-12.33573869693673,13.635503657941058,True,True,True,True,False,obqa|11-629|policy_T,obqa|11-629|reference_T
obqa,T,13-516,13-516,0.8,R,1,1,B,B,True,True,226.01655195467174,791.4242600090802,-565.4077080544084,565.4077080544084,0,0.99104366027519,0.9686382945063279,0.022405365768862158,290.32847406540895,245.855283,44.47319106540895,996.865175,706.5367009345911,32.52825886011124,193.369371118024,0.11892197653651237,791.3018509279937,0.12240908108651638,-205.44091499091985,-52.485911881975994,-11.826010228761199,-141.12899288018264,True,True,True,True,False,obqa|13-516|policy_T,obqa|13-516|reference_T
obqa,T,10-176,10-176,0.8,R,1,1,B,B,True,True,225.4076621029526,767.213846091181,-541.8061839882284,541.8061839882284,0,0.9910677887043684,0.9695976786313032,0.021470110073065242,290.586182104254,246.014323,44.57185910425401,963.362742,672.776559895746,32.14650508016348,193.14811495132744,0.11304207146167755,767.0972379855812,0.11660810559988022,-196.148895908819,-52.86620804867255,-12.312311952628853,-130.97037590751756,True,True,True,True,False,obqa|10-176|policy_T,obqa|10-176|reference_T
obqa,T,12-116,12-116,0.8,R,1,1,C,C,True,True,226.94363980554044,988.3497639093548,-761.4061241038144,761.4061241038144,0,0.9910069226394934,0.9608347434028495,0.030172179236643858,291.73434894919825,247.141441,44.59290794919825,1239.076246,947.3418970508019,32.48184081166983,194.34501021169126,0.11678878217935562,988.2340261247009,0.11573778465390205,-250.72648209064528,-52.796430788308726,-11.994278355349067,-185.93577294698753,True,True,True,True,False,obqa|12-116|policy_T,obqa|12-116|reference_T
obqa,T,11-694,11-694,0.8,T,1,1,A,A,True,True,748.9080769009888,715.2415348682553,33.66654203273356,-33.66654203273356,0,0.97032307987459,0.9716571812277742,-0.0013341013531842072,942.0696882327372,897.398111,44.671577232737306,897.398111,-44.67157723273726,32.339815981686115,716.4521629456431,0.11609797365963459,715.1297859381884,0.11174893006682396,-182.1565761317447,-180.9459480543569,-12.215663277391556,11.005035200003704,True,True,True,True,False,obqa|11-694|policy_T,obqa|11-694|reference_T
obqa,T,8-133,8-133,0.8,T,1,1,A,A,True,True,833.0241469666362,734.4363809097558,98.58776605688035,-98.58776605688035,0,0.9669898191319213,0.970896548607613,-0.003906729475691652,966.4306511037694,925.039975,41.3906761037693,925.039975,-41.39067610376935,31.837875954806805,801.0704140178859,0.11585699394345284,734.32253790088,0.11384300887584686,-190.6035940902442,-123.9695609821141,-9.436943155019044,-57.197089953111,True,True,True,True,False,obqa|8-133|policy_T,obqa|8-133|reference_T
obqa,T,10-959,10-959,0.8,R,1,1,B,B,True,True,227.4118468631059,837.3721439857036,-609.9602971225977,609.9602971225977,0,0.9909883690360831,0.9668175214037751,0.02417084763230809,290.4445108784256,246.39486,44.049650878425595,1043.440322,752.9958111215743,32.42922411300242,194.867426995188,0.11519575491547585,837.2560769785196,0.11606700718402863,-206.06817801429634,-51.527433004811996,-11.5052310105077,-143.03551399897663,True,True,True,True,False,obqa|10-959|policy_T,obqa|10-959|reference_T
obqa,T,14-1056,14-1056,0.8,R,1,1,C,C,True,True,265.5145910102874,790.7768771983683,-525.2622861880809,525.2622861880809,0,0.9894784746585328,0.9686639482928961,0.02081452636563671,327.99379011444665,286.458609,41.53518111444664,988.263174,660.2693838855535,33.15550391562283,232.24023403599858,0.11885305866599083,790.6600381247699,0.11683907359838486,-197.48629680163174,-54.21837496400144,-8.260824140157816,-135.00709769747255,True,True,True,True,False,obqa|14-1056|policy_T,obqa|14-1056|reference_T
obqa,T,10-380,10-380,0.8,R,1,1,D,D,True,True,227.6253269519657,626.8968011718243,-399.27147421985865,399.27147421985865,0,0.990979909477773,0.9751580108840101,0.015821898593762904,290.981177035907,245.588426,45.39275103590703,782.667514,491.68633696409296,32.79440710321069,194.69428388401866,0.13663596473634243,626.8058808054775,0.09092036634683609,-155.77071282817565,-50.89414211598134,-12.461707967960002,-92.41486274423431,True,True,True,True,False,obqa|10-380|policy_T,obqa|10-380|reference_T
obqa,T,11-523,11-523,0.8,R,0,1,B,C,True,True,230.97575502470136,935.8758819289505,-704.9001269042492,704.9001269042492,-1,-0.009152857665975686,0.9629141217033836,-0.9720669793693593,288.1498438416214,245.709946,42.4398978416214,1171.096244,882.9464001583787,33.91875512897968,196.93872798234224,0.11827191337943077,935.7607269193977,0.11515500955283642,-235.22036207104952,-48.77121801765776,-8.402870799262288,-178.04627325412946,True,True,True,True,False,obqa|11-523|policy_T,obqa|11-523|reference_T
obqa,T,12-352,12-352,0.8,R,1,1,C,C,True,True,227.73454105481505,730.7007908821106,-502.96624982729554,502.96624982729554,0,0.990975581659304,0.9710445785331686,0.01993100312613539,287.74954870924796,245.928348,41.82120070924795,914.649556,626.900007290752,32.315501011908054,195.3035439364612,0.11549610644578934,730.5842728819698,0.11651800014078617,-183.94876511788937,-50.62480406353879,-9.390203590894103,-123.93375746345646,True,True,True,True,False,obqa|12-352|policy_T,obqa|12-352|reference_T
obqa,T,14-754,14-754,0.8,R,1,1,D,D,True,True,227.27665305137634,848.3623061329126,-621.0856530815363,621.0856530815363,0,0.9909937263503863,0.9663820151323543,0.02461171121803201,289.8293111577289,245.569972,44.25933915772891,972.859008,683.029696842271,32.27558499202132,194.88782598637044,0.11324207298457623,848.2454370241612,0.1168691087514162,-124.49670186708738,-50.68214601362956,-11.870512092723011,-61.94404376073476,True,True,True,True,False,obqa|14-754|policy_T,obqa|14-754|reference_T
obqa,T,12-1046,12-1046,0.8,R,1,1,D,D,True,True,227.28233505040407,1011.2169601488858,-783.9346250984818,783.9346250984818,0,0.9909935011902679,0.9599285868567741,0.031064914333493874,290.02825619520877,246.122065,43.90619119520879,1263.684924,973.6566678047911,32.413984183222055,194.75421588867903,0.11413497850298882,1011.1008631065488,0.11609704233705997,-252.46796385111406,-51.367849111320965,-11.378072033483747,-189.72204270630937,True,True,True,True,False,obqa|12-1046|policy_T,obqa|12-1046|reference_T
obqa,T,11-442,11-442,0.8,T,1,1,D,D,True,True,798.2255241367966,766.2572751287371,31.9682490080595,-31.9682490080595,0,0.9683687813597942,0.9696355845918908,-0.0012668032320965691,1002.7374010233958,959.567581,43.16982002339578,959.567581,-43.1698200233958,32.3361789342016,765.7629980240017,0.12634717859327793,766.1401850637048,0.11709006503224373,-193.31030587126293,-193.8045829759983,-10.707293910600903,11.201571015336299,True,True,True,True,False,obqa|11-442|policy_T,obqa|11-442|reference_T
obqa,T,11-564,11-564,0.8,R,1,1,D,D,True,True,262.1204920578748,786.4907660987228,-524.370274040848,524.370274040848,0,0.9896129723447179,0.9688337936726912,0.02077917867202674,330.8054790694458,289.197911,41.60756806944585,990.361056,659.5555769305541,32.19724795781076,229.8071060795337,0.11613802053034306,786.3683060277253,0.12246007099747658,-203.87028990127715,-59.39080492046628,-9.294182091104744,-135.18530288970612,True,True,True,True,False,obqa|11-564|policy_T,obqa|11-564|reference_T
obqa,T,12-1146,12-1146,0.8,R,1,1,D,D,True,True,258.16070195287466,792.7484209649265,-534.5877190120518,534.5877190120518,0,0.9897698866287056,0.9685858220866386,0.021184064542066935,332.2899777482274,287.644268,44.64570974822736,992.162387,659.8724092517725,31.82925912551582,226.21644800528884,0.11499482207000256,792.6322240382433,0.11619692668318748,-199.41396603507349,-61.42781999471117,-12.70145580064154,-125.2846902397207,True,True,True,True,False,obqa|12-1146|policy_T,obqa|12-1146|reference_T
obqa,T,12-605,12-605,0.8,R,1,1,C,C,True,True,227.5676392018795,656.8514669779688,-429.2838277760893,429.2838277760893,0,0.9909821954656056,0.9739709997514946,0.01701119571411106,291.3495417775793,247.816965,43.53257677757931,824.984076,533.6345342224206,31.94477502256632,195.5084588844329,0.11440529488027096,656.7389969713986,0.11247000657022,-168.13260902203115,-52.3085061155671,-11.473396460132719,-104.35070644633129,True,True,True,True,False,obqa|12-605|policy_T,obqa|12-605|reference_T
obqa,T,14-311,14-311,0.8,R,1,1,D,D,True,True,225.99617391824722,592.919988092035,-366.92381417378783,366.92381417378783,0,0.9910444677940003,0.9765044073230196,0.014540060470980744,290.65602294425213,245.858407,44.797615944252136,660.732733,370.0767100557479,32.27066597901285,193.6086700297892,0.11683790944516659,592.8278658539057,0.09212223812937737,-67.812744907965,-52.24973697021079,-12.410112055794123,-3.1528958819600916,True,True,True,True,False,obqa|14-311|policy_T,obqa|14-311|reference_T
obqa,T,13-9,13-9,0.8,R,1,1,C,C,True,True,258.2865869626403,486.58456513658166,-228.29797817394137,228.29797817394137,0,0.9897648981935491,0.9807181525754531,0.009046745618095901,331.6680799011067,287.558025,44.110054901106714,609.666068,277.9979880988933,31.83729504235089,226.33213317021728,0.11715875007212162,486.4933539647609,0.09121117182075977,-123.08150286341834,-61.22589182978271,-12.155601108683705,-49.70000992495193,True,True,True,True,False,obqa|13-9|policy_T,obqa|13-9|reference_T
obqa,T,13-492,13-492,0.8,R,1,1,A,A,True,True,226.4882060699165,733.1532060634345,-506.664999993518,506.664999993518,0,0.9910249700755024,0.9709473968740367,0.020077573201465665,289.7458012264459,245.686892,44.05890922644591,917.320589,627.5747877735541,32.20134600996971,194.1710328683257,0.11582719162106514,733.0390519928187,0.11415407061576843,-184.16738293656556,-51.51585913167429,-11.741736024855136,-120.90978778003614,True,True,True,True,False,obqa|13-492|policy_T,obqa|13-492|reference_T
obqa,T,13-376,13-376,0.8,R,1,1,C,C,True,True,227.11165412329137,766.1389030981809,-539.0272489748895,539.0272489748895,0,0.991000264749638,0.9696402753108244,0.021359989438813533,288.90255798073315,244.853128,44.04942998073316,945.065769,656.1632110192669,32.493453938513994,194.50314505957067,0.11505512520670891,765.9836919046938,0.15521119348704815,-178.92686590181916,-50.34998294042933,-11.440920917012456,-117.13596204437738,True,True,True,True,False,obqa|13-376|policy_T,obqa|13-376|reference_T
obqa,T,13-804,13-804,0.8,R,1,1,B,B,True,True,243.20439086295664,676.0098990052938,-432.8055081423372,432.8055081423372,0,0.9903625591652643,0.9732118101065441,0.01715074905872024,287.5224421357284,245.422894,42.09954813572836,847.538886,560.0164438642717,33.154772128909826,209.8844889551401,0.165129778906703,675.8863681461662,0.12353085912764072,-171.5289869947062,-35.5384050448599,-8.779646227911833,-127.21093572193445,True,True,True,True,False,obqa|13-804|policy_T,obqa|13-804|reference_T
obqa,T,14-216,14-216,0.8,T,0,0,D,D,True,True,805.3114828653634,810.3006538003683,-4.98917093500495,4.98917093500495,0,-0.031912013356788116,-0.03210971883212876,0.0001977054753406458,1007.7422902991748,963.763594,43.978696299174786,963.763594,-43.97869629917477,31.84962715022266,773.3502869959921,0.11156871914863586,810.1423969492316,0.15825685113668442,-153.4629401996317,-190.41330700400795,-12.01750042980349,48.96786723417972,True,True,True,True,False,obqa|14-216|policy_T,obqa|14-216|reference_T
obqa,T,14-745,14-745,0.8,R,1,1,B,B,True,True,226.1482970789075,792.453037109226,-566.3047400303185,566.3047400303185,0,0.9910384396217488,0.9685975272389294,0.02244091238281935,287.73980011271954,245.788364,41.951436112719534,914.290387,626.5505868872805,32.24398591555655,193.7916800379753,0.11263112537562847,792.2979660797864,0.15507102943956852,-121.83734989077402,-51.99668396202469,-9.594819071787356,-60.245846856961975,True,True,True,True,False,obqa|14-745|policy_T,obqa|14-745|reference_T
obqa,T,14-877,14-877,0.8,R,1,1,B,B,True,True,227.07014484331012,763.4595320560038,-536.3893872126937,536.3893872126937,0,0.991001909634537,0.9697464505315992,0.021255459102937736,289.7569140235757,245.609677,44.14723702357566,963.426127,673.6692129764242,32.53096295520663,194.42282314412296,0.11635874398052692,763.3495961781591,0.10993587784469128,-199.96659494399614,-51.18685385587705,-11.499915324388503,-137.2798257637305,True,True,True,True,False,obqa|14-877|policy_T,obqa|14-877|reference_T
obqa,T,10-354,10-354,0.8,R,1,1,A,A,True,True,226.59516497515142,816.7665011715144,-590.171336196363,590.171336196363,0,0.9910207316235679,0.9676340595541711,0.02338667206939669,293.1981361030537,245.918499,47.27963710305369,1020.352426,727.1542898969464,32.64247300103307,193.8359539490193,0.11673802509903908,816.6549529414624,0.11154823005199432,-203.58592482848564,-52.082545050980684,-14.52042607692158,-136.98295370058338,True,True,True,True,False,obqa|10-354|policy_T,obqa|10-354|reference_T
obqa,T,14-362,14-362,0.8,R,1,1,D,D,True,True,227.74590202607214,885.3875191416591,-657.641617115587,657.641617115587,0,0.9909751314590098,0.9649148199945562,0.026060311464453586,287.45258705132426,245.981969,41.47061805132425,1111.252687,823.8000999486757,32.296543940901756,195.31963509507477,0.1297229900956154,885.2666919119656,0.12082722969353199,-225.86516785834078,-50.66233390492522,-9.04435112032688,-166.15848283308867,True,True,True,True,False,obqa|14-362|policy_T,obqa|14-362|reference_T
obqa,T,12-242,12-242,0.8,T,0,0,D,D,True,True,780.9441790450364,754.3061890173703,26.637990027666092,-26.637990027666092,0,-0.030946412168268624,-0.029890830680052112,-0.0010555814882165153,976.607915918817,935.636935,40.97098091881693,935.636935,-40.97098091881696,31.808240106329322,749.0219448227435,0.11399411596357822,754.1805340442806,0.12565497308969498,-181.33074598262965,-186.61499017725646,-9.048746696524027,14.332990891150871,True,True,True,True,False,obqa|12-242|policy_T,obqa|12-242|reference_T
obqa,T,10-616,10-616,0.8,R,1,1,D,D,True,True,259.4743308145553,828.3309519756585,-568.8566211611032,568.8566211611032,0,0.9897178315634646,0.9671757959923346,0.02254203557113002,328.63385586626265,286.72396,41.90989586626267,1038.343057,709.7092011337375,32.39146200940013,226.96757316589355,0.11529563926160336,828.1996769364923,0.13127503916621208,-210.0121050243415,-59.75638683410642,-9.40313821760094,-140.8525799726342,True,True,True,True,False,obqa|10-616|policy_T,obqa|10-616|reference_T
obqa,T,14-1328,14-1328,0.8,R,0,0,D,D,True,True,258.32349504344165,765.5968870967627,-507.273392053321,507.273392053321,0,-0.01023656436000021,-0.030338246264684062,0.020101681904683852,333.76333413731345,291.496341,42.266993137313484,963.514633,629.7512988626866,32.39111206494272,225.81203700974584,0.12034596875309944,765.4844070784748,0.11248001828789711,-197.91774590323735,-65.68430399025414,-9.755535103617667,-122.47790680936555,True,True,True,True,False,obqa|14-1328|policy_T,obqa|14-1328|reference_T
obqa,T,13-438,13-438,0.8,T,1,1,A,A,True,True,1031.2643148936331,997.6517739705741,33.61254092305899,-33.61254092305899,0,0.9591341719428002,0.9604661333983548,-0.001331961455554678,1293.2600948767897,1248.915435,44.344659876789805,1248.915435,-44.34465987678982,32.444462180137634,998.7055289093405,0.1143238041549921,997.5393440108746,0.11242995969951153,-251.26366102942575,-250.2099060906594,-11.785873892497179,10.732118953730833,True,True,True,True,False,obqa|13-438|policy_T,obqa|13-438|reference_T
obqa,T,12-1208,12-1208,0.8,T,1,1,A,A,True,True,826.601471984759,797.1865870058537,29.41488497890532,-29.41488497890532,0,0.9672443299568243,0.9684099512379158,-0.0011656212810914903,1039.7129969699126,996.477274,43.23572296991265,996.477274,-43.23572296991267,32.25047909654677,794.2371098324656,0.11388305574655533,797.0735160633922,0.11307094246149063,-199.2906869941463,-202.24016416753432,-10.871360817619326,13.820837991007352,True,True,True,True,False,obqa|12-1208|policy_T,obqa|12-1208|reference_T
obqa,T,10-351,10-351,0.8,T,1,1,C,C,True,True,747.6693911012262,718.8091871794313,28.86020392179489,-28.86020392179489,0,0.9703721651771443,0.9715158061566012,-0.001143640979456794,939.147027220379,896.302242,42.844785220378995,896.302242,-42.84478522037898,32.396361930295825,715.1636439375579,0.10938523337244987,718.69334904477,0.11583813466131687,-177.49305482056866,-181.13859806244204,-10.33903805671072,13.98458129858409,True,True,True,True,False,obqa|10-351|policy_T,obqa|10-351|reference_T
obqa,C,9-782,9-782,0.8,R,1,1,A,A,True,True,228.7680960725993,512.9387348424643,-284.17063876986504,284.17063876986504,0,0.9909346250577477,0.979673818012299,0.011260807045448601,290.3969988755834,246.414073,43.98292587558341,423.570235,133.17323612441663,32.73792495019734,195.912369992584,0.11780112981796265,512.7435489557683,0.19518588669598103,89.3684998424643,-50.50170300741601,-11.12719979556811,150.9974026454484,True,True,True,True,False,obqa|9-782|policy_C,obqa|9-782|reference_C
obqa,C,14-290,14-290,0.8,R,0,0,D,D,True,True,227.24081389606,246.004719985649,-18.763906089589,18.763906089589,0,-0.009004853454288633,-0.009748409251637908,0.0007435557973492746,287.9027890962472,244.139688,43.7631010962472,301.344275,13.441485903752778,32.83877484500408,194.03607212007046,0.36596693098545074,245.8906159736216,0.11410401202738285,-55.33955501435099,-50.10361587992955,-10.558359320257665,5.322420185836222,True,True,True,True,False,obqa|14-290|policy_C,obqa|14-290|reference_C
obqa,C,13-823,13-823,0.8,R,1,1,D,D,True,True,226.34188900701702,436.9276179932058,-210.58572898618877,210.58572898618877,0,0.991030768169985,0.9826859044257786,0.008344863744206343,291.6692630519309,245.993748,45.6755150519309,544.45025,252.78098694806908,32.2992040310055,193.92643682658672,0.11624814942479134,436.80133181624115,0.12628617696464062,-107.5226320067942,-52.06731117341329,-13.260062871500608,-42.195257961880316,True,True,True,True,False,obqa|13-823|policy_C,obqa|13-823|reference_C
obqa,C,12-745,12-745,0.8,R,1,1,D,D,True,True,245.72117906063795,441.88568089157343,-196.16450183093548,196.16450183093548,0,0.9902628266017911,0.9824894316661037,0.007773394935687367,290.7806537025466,246.266442,44.514211702546596,546.187681,255.4070272974534,31.980206025764346,213.60829402692616,0.13267900794744492,441.75689993426204,0.12878095731139183,-104.30200010842657,-32.65814797307385,-12.401326668834805,-59.24252546651792,True,True,True,True,False,obqa|12-745|policy_C,obqa|12-745|reference_C
obqa,C,14-245,14-245,0.8,R,1,1,D,D,True,True,227.03354619443417,211.37080900371075,15.66273719072342,-15.66273719072342,0,0.9910033599262522,0.9916240259530867,-0.000620666026834479,290.14894996266236,245.987717,44.16123296266234,262.309276,-27.839673962662346,32.273119082674384,194.6459619794041,0.11446513235569,211.26343798823655,0.10737101547420025,-50.938466996289264,-51.34175502059591,-11.773648747632265,12.176936771938927,True,True,True,True,False,obqa|14-245|policy_C,obqa|14-245|reference_C
obqa,C,12-721,12-721,0.8,R,1,1,A,A,True,True,226.64880380034447,273.8698299508542,-47.221026150509715,47.221026150509715,0,0.9910186060821563,0.9891473822770833,0.001871223805073002,290.6760260879955,245.693,44.983026087995526,341.47803,50.802003912004466,32.4231400154531,194.10736206918955,0.11830171570181847,273.7535119522363,0.1163179986178875,-67.60820004914581,-51.585637930810464,-12.441584356840607,-3.5809777614947507,True,True,True,True,False,obqa|12-721|policy_C,obqa|12-721|reference_C
obqa,C,11-642,11-642,0.8,R,1,1,A,A,True,True,226.01767117157578,343.12770888209343,-117.11003771051764,117.11003771051764,0,0.9910436159240718,0.9864029058793886,0.004640710044683181,287.90634101455174,246.358607,41.54773401455176,423.529397,135.62305598544827,31.71783802099526,194.1836248151958,0.11620833538472652,342.99695305526257,0.13075582683086395,-80.40168811790659,-52.17498218480421,-9.713687658171771,-18.51301827493063,True,True,True,True,False,obqa|11-642|policy_C,obqa|11-642|reference_C
obqa,C,12-577,12-577,0.8,R,1,1,C,C,True,True,261.73309911973774,247.4528371822089,14.280261937528849,-14.280261937528849,0,0.9896283235335177,0.9901942063246923,-0.0005658827911746567,331.821004079293,289.935813,41.885191079293016,305.802604,-26.01840007929303,31.837872928008437,229.77687395177782,0.11835223995149136,247.09274317137897,0.36009401082992554,-58.34976681779108,-60.15893904822218,-9.928965911333087,11.738138141764182,True,True,True,True,False,obqa|12-577|policy_C,obqa|12-577|reference_C
obqa,C,14-1215,14-1215,0.8,C,0,0,D,D,True,True,310.8957349322736,272.95830799266696,37.93742693960667,-37.93742693960667,0,-0.01231984028146023,-0.010816496915597277,-0.001503343365862953,385.8585572825922,341.703866,44.154691282592175,341.703866,-44.15469128259218,32.634134171530604,278.14709790982306,0.11450285091996193,272.8432819712907,0.11502602137625217,-68.74555800733305,-63.556768090176945,-11.406054260141609,6.217264342985516,True,True,True,True,False,obqa|14-1215|policy_C,obqa|14-1215|reference_C
obqa,C,12-488,12-488,0.8,R,1,1,C,C,True,True,226.59180802293122,183.60523087903857,42.986577143892646,-42.986577143892646,0,0.9910208646492434,0.9927242902841265,-0.0017034256348830038,289.30713421946456,247.214112,42.093022219464544,222.290829,-67.01630521946456,31.88991011120379,194.5873040240258,0.11459388770163059,183.50002309307456,0.10520778596401215,-38.68559812096143,-52.6268079759742,-10.088518220559124,24.02972807557191,True,True,True,True,False,obqa|12-488|policy_C,obqa|12-488|reference_C
obqa,C,9-892,9-892,0.8,R,1,1,C,C,True,True,322.6854910608381,244.20040496625006,78.48508609458804,-78.48508609458804,0,0.9872129680007347,0.9903230901945069,-0.003110122193772189,328.1908290493494,285.720063,42.47076604934943,302.567785,-25.623044049349403,32.104942947626114,290.46445107087493,0.11609704233705997,244.0858599729836,0.11454499326646328,-58.36738003374995,4.7443880708749475,-10.249726059386255,-52.86204204523864,True,True,True,True,False,obqa|9-892|policy_C,obqa|9-892|reference_C
obqa,C,1683,1683,0.8,R,1,1,B,B,True,True,227.47627506032586,306.5256690606475,-79.04939400032163,79.04939400032163,0,0.9909858159450942,0.9878533319673313,0.003132483977762946,286.3717489982879,245.168179,41.20356999828792,382.402277,96.03052800171213,32.80555596575141,194.55766794271767,0.11305115185678005,306.1617480125278,0.3639210481196642,-75.87660793935254,-50.61051105728234,-8.284962880679728,-16.9811340013905,True,True,True,True,False,obqa|1683|policy_C,obqa|1683|reference_C
obqa,C,11-744,11-744,0.8,R,1,1,C,C,True,True,227.06817090511322,178.64230298437178,48.42586792074144,-48.42586792074144,0,0.9910019878556272,0.9929209558286185,-0.0019189679729912919,286.8322522670321,245.103477,41.72877526703215,221.409385,-65.42286726703213,32.22835413180292,194.7109450120479,0.12887176126241684,178.53451194241643,0.10779104195535183,-42.767082015628205,-50.39253198795211,-9.371549373966815,16.996999346290693,True,True,True,True,False,obqa|11-744|policy_C,obqa|11-744|reference_C
obqa,C,12-428,12-428,0.8,R,1,1,B,B,True,True,227.36877296119928,210.1948920171708,17.173880944028497,-17.173880944028497,0,0.9909900759221294,0.9916706239209282,-0.0006805479987988113,288.9424009849869,245.050246,43.8921549849869,261.767423,-27.174977984986867,32.54468599334359,194.703612010926,0.12047495692968369,210.08481597527862,0.1100760418921709,-51.57253098282922,-50.34663398907398,-11.226994034713627,10.00109704095837,True,True,True,True,False,obqa|12-428|policy_C,obqa|12-428|reference_C
obqa,C,10-443,10-443,0.8,C,1,1,A,A,True,True,373.169775120914,336.47909201681614,36.69068310409784,-36.69068310409784,0,0.9852124313369574,0.9866663700851317,-0.0014539387481742935,464.5713138718394,422.188725,42.3825888718394,422.188725,-42.3825888718394,32.62065909802914,340.4164568055421,0.13265921734273434,336.3476761151105,0.13141590170562267,-85.70963298318384,-81.77226819445787,-9.629270556467532,5.691905767741559,True,True,True,True,False,obqa|10-443|policy_C,obqa|10-443|reference_C
obqa,C,14-676,14-676,0.8,R,1,1,B,B,True,True,227.14118682779372,275.4949990194291,-48.35381219163537,48.35381219163537,0,0.9909990944595322,0.9890829818331224,0.0019161126264097626,286.45797319842075,245.240075,41.21789819842076,342.593335,56.13536180157928,32.59835601784289,194.42636193707585,0.1164688728749752,275.37450403906405,0.12049498036503792,-67.09833598057094,-50.81371306292414,-8.503073307702898,-7.781549609943909,True,True,True,True,False,obqa|14-676|policy_C,obqa|14-676|reference_C
obqa,C,14-129,14-129,0.8,R,1,1,D,D,True,True,231.60091205500066,308.8206888642162,-77.21977680921555,77.21977680921555,0,0.9908223692866688,0.9877623874021737,0.003059981884495082,288.60899032475663,244.899451,43.70953932475662,381.995037,93.38604667524339,32.92710310779512,198.53783398866653,0.1359749585390091,308.70210588909686,0.11858297511935234,-73.17434813578382,-46.361617011333465,-10.646461258422491,-16.166269866027847,True,True,True,True,False,obqa|14-129|policy_C,obqa|14-129|reference_C
obqa,C,7-321,7-321,0.8,R,1,1,C,C,True,True,227.3814370855689,498.42729209922254,-271.04585501365364,271.04585501365364,0,0.9909895740818916,0.9802488617866668,0.010740712295224856,286.61079205857635,245.162959,41.44783305857634,622.49433,335.88353794142364,32.29705197736621,194.9624358676374,0.12194924056529999,498.29148687422276,0.13580522499978542,-124.06703790077745,-50.200523132362605,-9.028831840644834,-64.83768292777,True,True,True,True,False,obqa|7-321|policy_C,obqa|7-321|reference_C
obqa,C,13-462,13-462,0.8,R,1,1,D,D,True,True,259.1306739486754,210.41588578373194,48.71478816494346,-48.71478816494346,0,0.989731449626447,0.9916618666187161,-0.001930416992269169,328.51898879893486,285.578114,42.940874798934814,261.554481,-66.96450779893485,32.281934982165694,226.73439397476614,0.1143449917435646,210.3055277839303,0.11035799980163574,-51.13859521626807,-58.84372002523389,-10.544594825025555,18.24971963399139,True,True,True,True,False,obqa|13-462|policy_C,obqa|13-462|reference_C
obqa,C,7-455,7-455,0.8,R,1,1,A,A,True,True,226.77419986575842,338.03293318487704,-111.25873331911862,111.25873331911862,0,0.9910136370223583,0.9866047961461472,0.004408840876211164,286.99387486915555,245.479808,41.51406686915553,423.278413,136.28453813084445,32.242739805951715,194.40724700689316,0.12421305291354656,337.90226792916656,0.1306652557104826,-85.24547981512296,-51.07256099310683,-9.147114010290267,-25.025804811725834,True,True,True,True,False,obqa|7-455|policy_C,obqa|7-455|reference_C
obqa,C,10-677,10-677,0.8,R,0,0,D,D,True,True,226.65252187289298,306.77789100445807,-80.1253691315651,80.1253691315651,0,-0.008981541253605488,-0.012156662811348844,0.0031751215577433545,288.4746327169918,246.454277,42.02035571699178,382.516092,94.04145928300824,31.811142107471824,194.72496095113456,0.11641881428658962,306.6612840630114,0.11660694144666195,-75.73820099554194,-51.72931604886543,-10.092794795233367,-13.916090151443143,True,True,True,True,False,obqa|10-677|policy_C,obqa|10-677|reference_C
obqa,C,13-944,13-944,0.8,R,1,1,C,C,True,True,262.93350802734494,242.46607488021255,20.467433147132397,-20.467433147132397,0,0.9895807550262902,0.9903918163533265,-0.0008110613270364299,328.62210379833266,286.296992,42.32511179833269,303.611347,-25.010756798332636,32.2147780098021,230.5992660112679,0.11946400627493858,242.3417428508401,0.12433202937245369,-61.14527211978748,-55.69772598873209,-9.99086978225565,4.5433236512002395,True,True,True,True,False,obqa|13-944|policy_C,obqa|13-944|reference_C
obqa,C,14-1171,14-1171,0.8,C,0,0,D,D,True,True,242.3802549019456,209.46231903508306,32.917935866862535,-32.917935866862535,0,-0.00960478286529754,-0.008300346468434642,-0.0013044363968628978,306.38268307664373,262.234645,44.14803807664371,262.234645,-44.14803807664373,32.34476107172668,209.92302289232612,0.11247093789279461,209.35231284238398,0.11000619269907475,-52.772325964916945,-52.311622107673884,-11.690806067024234,11.230102209781194,True,True,True,True,False,obqa|14-1171|policy_C,obqa|14-1171|reference_C
obqa,C,10-973,10-973,0.8,R,1,1,C,C,True,True,227.1453938446939,216.49442287161946,10.650970973074436,-10.650970973074436,0,0.9909989277484118,0.9914209929184578,-0.0004220651700459353,291.4554788286543,246.364648,45.09083082865429,263.321377,-28.13410182865431,32.061280217021704,194.9685679282993,0.11554569937288761,216.38110000640154,0.11332286521792412,-46.82695412838052,-51.39608007170068,-12.9140049122597,17.483130855579873,True,True,True,True,False,obqa|10-973|policy_C,obqa|10-973|reference_C
obqa,C,14-109,14-109,0.8,C,0,0,D,D,True,True,376.8864369485527,346.3886349927634,30.497801955789328,-30.497801955789328,0,-0.014934848522339119,-0.013726314577308385,-0.0012085339450307337,468.8769568479572,426.161387,42.715569847957255,426.161387,-42.71556984795723,31.79609403014183,344.9575148988515,0.1328280195593834,346.2557359598577,0.13289903290569782,-79.77275200723659,-81.20387210114848,-10.786647798256041,12.217767892167899,True,True,True,True,False,obqa|14-109|policy_C,obqa|14-109|reference_C
obqa,C,13-42,13-42,0.8,C,0,0,C,C,True,True,369.841038947925,401.04841999709606,-31.20738104917109,31.20738104917109,0,-0.014655661102460355,-0.015892313481149986,0.0012366523786896291,468.470079978207,423.787523,44.68255697820699,423.787523,-44.682556978207,32.363185891881585,337.35526306554675,0.12258999049663544,400.92153288424015,0.12688711285591125,-22.73910300290396,-86.43225993445327,-12.196781095828769,75.8899380273781,True,True,True,True,False,obqa|13-42|policy_C,obqa|13-42|reference_C
obqa,C,10-702,10-702,0.8,R,1,1,D,D,True,True,258.79611703567207,211.01016900502145,47.785948030650616,-47.785948030650616,0,0.9897447070863288,0.9916383170053069,-0.0018936099189782128,330.6171730821601,286.50275,44.114423082160116,267.282166,-63.335007082160075,32.407128950580955,226.27038601785898,0.11860206723213196,210.89838910847902,0.11177989654242992,-56.271996994978565,-60.23236398214101,-11.588692064347029,15.54905905150946,True,True,True,True,False,obqa|10-702|policy_C,obqa|10-702|reference_C
obqa,C,14-1445,14-1445,0.8,R,1,1,B,B,True,True,225.308523979038,242.12596798315644,-16.817444004118443,16.817444004118443,0,0.9910717172428307,0.9904052937419799,0.0006664235008507745,288.3856958809113,245.841149,42.54454688091135,300.474433,12.088737119088648,32.382051926106215,192.81079503707588,0.1156770158559084,242.00740596279502,0.11856202036142349,-58.348465016843534,-53.030353962924124,-10.046817938949225,4.728706885029794,True,True,True,True,False,obqa|14-1445|policy_C,obqa|14-1445|reference_C
obqa,C,7-1076,7-1076,0.8,R,1,1,B,B,True,True,226.6558581031859,242.41239507682621,-15.756536973640323,15.756536973640323,0,0.9910183265418651,0.9903939435185777,0.0006243830232874011,290.0450110794535,245.924958,44.12005307945347,303.044546,12.999534920546523,32.439249102026224,194.0984269604087,0.11818204075098038,242.30396188795567,0.1084331888705492,-60.63215092317381,-51.826531039591316,-11.562621936676265,2.7570020530937995,True,True,True,True,False,obqa|7-1076|policy_C,obqa|7-1076|reference_C
obqa,C,7-26,7-26,0.8,R,1,1,D,D,True,True,226.55367688275874,431.98812985792756,-205.43445297516882,205.43445297516882,0,0.991022375668868,0.9828816411248108,0.00814073454405727,290.0516642955639,246.200258,43.85140629556393,543.62974,253.57807570443606,32.645395025610924,193.79351614043117,0.11476571671664715,431.85298703610897,0.13514282181859016,-111.64161014207241,-52.406741859568825,-11.091245553236362,-48.143622729267236,True,True,True,True,False,obqa|7-26|policy_C,obqa|7-26|reference_C
obqa,C,12-1083,12-1083,0.8,R,1,1,D,D,True,True,226.23140318319201,465.36380401812494,-239.13240083493292,239.13240083493292,0,0.9910351463828388,0.9815590659694158,0.009476080413423108,291.0664333113185,246.174349,44.89208431131852,587.576605,296.51017168868145,32.284838845953345,193.83210898377,0.11445535346865654,465.2321671601385,0.1316368579864502,-122.21280098187503,-52.342240016229994,-12.492790111896518,-57.37777085374853,True,True,True,True,False,obqa|12-1083|policy_C,obqa|12-1083|reference_C
obqa,C,12-105,12-105,0.8,C,0,0,A,A,True,True,369.6100718807429,336.59627102315426,33.01380085758865,-33.01380085758865,0,-0.014646508589066822,-0.01333827335792726,-0.0013082352311395617,469.01680800707567,422.046927,46.96988100707567,422.046927,-46.969881007075685,32.212524907663465,337.2645881026983,0.13295887038111687,336.46550704725087,0.13076397590339184,-85.45065597684572,-84.78233889730166,-14.62439722903109,13.956080149487036,True,True,True,True,False,obqa|12-105|policy_C,obqa|12-105|reference_C
obqa,C,1341,1341,0.8,R,1,1,B,B,True,True,229.6784450300038,349.21735106036067,-119.53890603035688,119.53890603035688,0,0.9908985507328358,0.9861615921186069,0.004736958614228969,286.513780070737,244.720704,41.793076070737,422.554786,136.04100592926295,32.614416908472776,196.94591616280377,0.11811195872724056,349.09566305577755,0.12168800458312035,-73.33743493963931,-47.77478783719624,-9.060547203536984,-16.502099898906067,True,True,True,True,False,obqa|1341|policy_C,obqa|1341|reference_C
obqa,C,14-671,14-671,0.8,C,0,0,D,D,True,True,305.49965193495154,272.76155282743275,32.73809910751879,-32.73809910751879,0,-0.012106010134555856,-0.010808700114490418,-0.0012973100200654388,389.18952495158396,345.165512,44.024012951583984,345.165512,-44.024012951583984,32.26999216713011,273.0934249702841,0.1362347975373268,272.64296100474894,0.11859182268381119,-72.40395917256723,-72.07208702971587,-11.617785986916545,11.285913844065192,True,True,True,True,False,obqa|14-671|policy_C,obqa|14-671|reference_C
obqa,C,11-176,11-176,0.8,R,1,1,C,C,True,True,226.92164801992476,210.18574992194772,16.735898097977042,-16.735898097977042,0,0.9910077941062131,0.9916709861940003,-0.0006631920877872024,289.9830011677717,246.289512,43.693489167771695,261.868021,-28.114980167771705,31.893417006358504,194.91235399618745,0.11587701737880707,210.07217792794108,0.11357199400663376,-51.68227107805228,-51.37715800381255,-11.684195144034383,11.379082069794663,True,True,True,True,False,obqa|11-176|policy_C,obqa|11-176|reference_C
obqa,C,9-695,9-695,0.8,R,1,1,A,A,True,True,226.16008017212152,403.4362998791039,-177.27621970698237,177.27621970698237,0,0.9910379726940618,0.9840130621948333,0.007024910499228453,290.6950641331463,245.590752,45.10431213314629,502.642106,211.94704186685374,32.16358181089163,193.8806010875851,0.11589727364480495,403.3064669929445,0.12983288615942,-99.20580612089611,-51.71015091241492,-12.824833048609854,-34.67082215987136,True,True,True,True,False,obqa|9-695|policy_C,obqa|9-695|reference_C
obqa,C,9-985,9-985,0.8,C,0,0,A,A,True,True,338.1078289821744,241.18141504004598,96.92641394212842,-96.92641394212842,0,-0.013398171743588146,-0.009557276534517966,-0.003840895209070179,351.19066096790766,303.301835,47.888825967907664,303.301835,-47.88882596790768,32.221511006355286,305.77098089270294,0.11533708311617374,241.06529587879777,0.11611916124820709,-62.120419959954006,2.4691458927029544,-15.551977878436205,-49.03758797422074,True,True,True,True,False,obqa|9-985|policy_C,obqa|9-985|reference_C
obqa,C,14-61,14-61,0.8,R,1,1,D,D,True,True,226.54098505154252,273.94445007666945,-47.403465025126934,47.403465025126934,0,0.9910228786070427,0.9891444253113597,0.0018784532956831034,289.87588666054666,245.843819,44.03206766054666,342.931634,53.05574733945332,32.3840060736984,194.0417329315096,0.11524604633450508,273.82329292595387,0.12115715071558952,-68.98718392333052,-51.80208606849038,-11.532815540513752,-5.652282314326385,True,True,True,True,False,obqa|14-61|policy_C,obqa|14-61|reference_C
obqa,C,10-823,10-823,0.8,R,1,1,D,D,True,True,226.78479086607695,306.2212949153036,-79.43650404922664,79.43650404922664,0,0.9910132173336406,0.9878653933771067,0.003147823956533954,289.2522508829023,245.441851,43.81039988290227,382.335846,93.08359511709773,32.40060689859092,194.26986994221807,0.11431402526795864,306.1000891029835,0.12120581232011318,-76.11455108469642,-51.17198105778195,-11.295478959043386,-13.647091067871088,True,True,True,True,False,obqa|10-823|policy_C,obqa|10-823|reference_C
obqa,C,1851,1851,0.8,R,1,1,A,A,True,True,226.36639699339867,344.30514392443,-117.93874693103135,117.93874693103135,0,0.99102979699398,0.9863562477556722,0.004673549238307777,290.31241301824974,246.307876,44.00453701824975,424.878174,134.56576098175026,31.847209902480245,194.4030791055411,0.1161079853773117,344.1756619140506,0.12948201037943363,-80.57303007556999,-51.90479689445888,-12.041219130392193,-16.627014050718913,True,True,True,True,False,obqa|1851|policy_C,obqa|1851|reference_C
obqa,C,9-844,9-844,0.8,R,1,1,C,C,True,True,226.75902303308249,273.8386730197817,-47.07964998669922,47.07964998669922,0,0.991014238433486,0.9891486169302849,0.0018656215032011856,286.35940187371216,244.413028,41.94637387371218,342.8552,56.495798126287866,32.294177915900946,194.34823701158166,0.11660810559988022,273.7194481305778,0.11922488920390606,-69.01652698021832,-50.06479098841834,-9.535587852211357,-9.416148139588643,True,True,True,True,False,obqa|9-844|policy_C,obqa|9-844|reference_C
obqa,C,1655,1655,0.8,R,1,1,C,C,True,True,225.46775289811194,402.6735411025584,-177.20578820444643,177.20578820444643,0,0.991065407491262,0.9840432879755194,0.007022119515742575,289.4941482220118,245.193702,44.30044622201181,505.321366,215.8272177779882,32.229246105998755,193.12360207550228,0.11490471661090851,402.5414031930268,0.13213790953159332,-102.64782489744164,-52.070099924497725,-11.956295399402144,-38.621429573541775,True,True,True,True,False,obqa|1655|policy_C,obqa|1655|reference_C
obqa,C,383,383,0.8,R,1,1,D,D,True,True,225.56108213029802,209.13194213062525,16.42913999967277,-16.42913999967277,0,0.9910617091412851,0.9917127453505846,-0.0006510362092995918,287.86959506997596,245.540556,42.32903906997597,264.090348,-23.779247069975952,32.27956499904394,193.1663218419999,0.11519528925418854,209.02159600518644,0.1103461254388094,-54.95840586937476,-52.37423415800012,-9.93427878167784,7.3501070703031814,True,True,True,True,False,obqa|383|policy_C,obqa|383|reference_C
obqa,C,919,919,0.8,C,0,0,D,D,True,True,242.5044639967382,210.69635194726288,31.808112049475312,-31.808112049475312,0,-0.009609704889106207,-0.008349247391386939,-0.0012604574977192681,309.38919911996175,263.992482,45.396717119961735,263.992482,-45.39671711996175,32.23098418675363,210.16401494853199,0.1094648614525795,210.58412198908627,0.11222995817661285,-53.29613005273711,-53.82846705146801,-13.056268071755525,13.588605070486437,True,True,True,True,False,obqa|919|policy_C,obqa|919|reference_C
obqa,C,14-45,14-45,0.8,R,1,1,C,C,True,True,261.92246098071337,273.34770979359746,-11.425248812884092,11.425248812884092,0,0.989620819706284,0.9891680722905586,0.0004527474157255263,327.28271488296417,285.438773,41.84394188296413,342.072892,14.790177117035853,32.25917601957917,229.5463860500604,0.1168989110738039,273.2302090153098,0.11750077828764915,-68.72518220640256,-55.892386949939635,-9.467866952311155,-3.3649283041517606,True,True,True,True,False,obqa|14-45|policy_C,obqa|14-45|reference_C
obqa,C,11-131,11-131,0.8,R,1,0,B,D,True,True,226.57825681380928,307.37736192531884,-80.79910511150956,80.79910511150956,1,0.9910214016419173,-0.01218041799731173,1.0032018196392292,287.78695016034976,245.851805,41.93514516034973,382.446415,94.65946483965024,32.401222037151456,194.06206905841827,0.11496571823954582,307.25737707689404,0.11998484842479229,-75.06905307468116,-51.78973594158174,-9.418957404958725,-13.86035972814068,True,True,True,True,False,obqa|11-131|policy_C,obqa|11-131|reference_C
obqa,C,11-559,11-559,0.8,R,1,1,D,D,True,True,258.7393701542169,210.10891301557422,48.63045713864267,-48.63045713864267,0,0.9897469557904357,0.9916740310039088,-0.0019270752134730603,328.48579799417377,286.307934,42.17786399417376,261.476031,-67.00976699417379,32.25828497670591,226.36841400526464,0.11267117224633694,209.99683300033212,0.11208001524209976,-51.36711798442576,-59.93951999473535,-9.806907845221517,18.37930985553112,True,True,True,True,False,obqa|11-559|policy_C,obqa|11-559|reference_C
obqa,C,12-1066,12-1066,0.8,R,1,1,C,C,True,True,257.91716016829014,340.3590410016477,-82.44188083335757,82.44188083335757,0,0.9897795374394142,0.986512619658791,0.0032669177806231376,329.9796542106034,285.745822,44.233832210603474,423.168686,93.18903178939655,32.2434869594872,225.55988002568483,0.11379318311810493,340.2345278300345,0.1245131716132164,-82.80964499835227,-60.18594197431514,-11.876552067998169,-10.747150956038979,True,True,True,True,False,obqa|12-1066|policy_C,obqa|12-1066|reference_C
obqa,C,14-1299,14-1299,0.8,R,0,0,D,D,True,True,258.9151291176677,274.2371258791536,-15.321996761485934,15.321996761485934,0,-0.010260008995871853,-0.010867172529124178,0.0006071635332523252,328.8407869604781,287.213363,41.62742396047807,342.220951,13.380164039521901,32.51157910563052,226.28996684215963,0.11358316987752914,274.12053709849715,0.11658878065645695,-67.9838251208464,-60.923396157840386,-9.002261684970023,1.9418327219640332,True,True,True,True,False,obqa|14-1299|policy_C,obqa|14-1299|reference_C
obqa,C,11-240,11-240,0.8,R,1,1,D,D,True,True,229.6652279328555,305.1267471164465,-75.46151918359101,75.46151918359101,0,0.9908990744856815,0.9879087669346927,0.002990307550988794,287.54330107250513,245.644714,41.898587072505116,382.988578,95.44527692749489,32.265327870845795,197.2856861539185,0.11421390809118748,305.00479880720377,0.12194830924272537,-77.86183088355352,-48.35902784608149,-9.519045293568134,-19.98375774390388,True,True,True,True,False,obqa|11-240|policy_C,obqa|11-240|reference_C
obqa,C,14-491,14-491,0.8,R,1,1,B,B,True,True,226.85123793780804,242.04127700068057,-15.190039062872529,15.190039062872529,0,0.9910105842408737,0.9904086497847304,0.0006019344561433055,287.2842504551288,245.551818,41.73243245512879,302.124573,14.840322544871185,32.38365892320871,194.35299397446215,0.11458504013717175,241.92168284207582,0.1195941586047411,-60.08329599931943,-51.198824025537846,-9.234188491782902,0.34971651800134396,True,True,True,True,False,obqa|14-491|policy_C,obqa|14-491|reference_C
obqa,C,10-916,10-916,0.8,R,0,0,B,C,True,True,227.13747411035,178.0112381093204,49.12623600102961,-49.12623600102961,0,-0.009000758416912374,-0.007054037014337164,-0.0019467214025752097,288.98327880912484,247.147963,41.83531580912483,221.907397,-67.07588180912484,32.02832397073507,194.99529688619077,0.11385325342416763,177.9065530281514,0.10468508116900921,-43.8961588906796,-52.15266611380923,-9.693138584965588,17.949645808095227,True,True,True,True,False,obqa|10-916|policy_C,obqa|10-916|reference_C
obqa,C,9-1064,9-1064,0.8,C,1,1,D,D,True,True,306.2675229739398,273.76706385985017,32.50045911408961,-32.50045911408961,0,0.9878635615015454,0.9891514545807056,-0.0012878930791602424,385.2491901143317,343.790937,41.458253114331725,343.790937,-41.45825311433174,32.47801586985588,273.6703541595489,0.11915294453501701,273.64607783965766,0.12098602019250393,-70.02387314014982,-70.1205828404511,-8.861084299940828,8.957794000242131,True,True,True,True,False,obqa|9-1064|policy_C,obqa|9-1064|reference_C
obqa,C,14-223,14-223,0.8,C,0,0,D,D,True,True,337.53952104598284,305.7221418712288,31.817379174754024,-31.817379174754024,0,-0.013375651450712171,-0.01211482672536488,-0.0012608247253472922,424.81556888231074,382.774744,42.04082488231075,382.774744,-42.040824882310744,32.373190857470036,305.0437900237739,0.12254016473889351,305.59845990501344,0.12368196621537209,-77.05260212877118,-77.73095397622609,-9.545093860101822,10.22344570755672,True,True,True,True,False,obqa|14-223|policy_C,obqa|14-223|reference_C
obqa,C,11-141,11-141,0.8,R,1,1,A,A,True,True,227.44749393314123,178.61454794183373,48.8329459913075,-48.8329459913075,0,0.9909869564525061,0.9929220556754567,-0.0019350992229505472,289.8709069466195,245.7963,44.07460694661951,221.817077,-68.05382994661952,32.44967292994261,194.8704330716282,0.12738793157041073,178.50905004888773,0.10549789294600487,-43.20252905816628,-50.92586692837179,-11.497546085106492,19.22088395531202,True,True,True,True,False,obqa|11-141|policy_C,obqa|11-141|reference_C
obqa,C,10-347,10-347,0.8,C,1,1,C,C,True,True,372.5130909588188,340.6286968383938,31.884394120424986,-31.884394120424986,0,0.9852384537074288,0.9865019340286378,-0.0012634803212090908,467.94662412432507,423.385736,44.56088812432504,423.385736,-44.56088812432506,32.2335590608418,340.15055000782013,0.12898189015686512,340.50018596462905,0.12851087376475334,-82.7570391616062,-83.23518599217988,-12.198347173326376,12.676494003900075,True,True,True,True,False,obqa|10-347|policy_C,obqa|10-347|reference_C
obqa,C,12-306,12-306,0.8,R,1,1,D,D,True,True,259.6534420736134,178.3264889381826,81.32695313543081,-81.32695313543081,0,0.9897107339360086,0.9929334705664246,-0.003222736630415895,330.340392259676,286.444091,43.89630125967598,221.826074,-108.51431825967597,32.526277005672455,227.0115481223911,0.1156169455498457,178.2181658782065,0.10832305997610092,-43.49958506181741,-59.43254287760891,-11.254407308453679,27.18736512424516,True,True,True,True,False,obqa|12-306|policy_C,obqa|12-306|reference_C
obqa,C,13-71,13-71,0.8,R,1,1,A,A,True,True,226.75654105842113,273.9556869491935,-47.19914589077234,47.19914589077234,0,0.9910143367864963,0.989143980028716,0.0018703567577803139,293.2509480078602,245.377028,47.873920007860185,341.538823,48.28787499213979,32.37348096445203,194.26849600858986,0.1145640853792429,273.83894892409444,0.11673802509903908,-67.5831360508065,-51.10853199141013,-15.385874958028914,-1.0887291013674485,True,True,True,True,False,obqa|13-71|policy_C,obqa|13-71|reference_C
obqa,C,10-415,10-415,0.8,R,1,1,B,B,True,True,226.44871403463185,246.73993699252605,-20.291222957894206,20.291222957894206,0,0.9910265350232081,0.9902224563631673,0.0008040786600408428,292.0900323220657,246.289571,45.80046132206571,304.065949,11.975916677934265,31.81028598919511,194.5089059881866,0.1295220572501421,246.6232180595398,0.11671893298625946,-57.326012007473935,-51.7806650118134,-13.860653275620457,8.315306279959941,True,True,True,True,False,obqa|10-415|policy_C,obqa|10-415|reference_C
obqa,C,10-184,10-184,0.8,R,1,1,C,C,True,True,226.63647611625493,178.20106400176883,48.4354121144861,-48.4354121144861,0,0.9910190945903021,0.9929384407702913,-0.0019193461799891303,289.42767200463175,245.218119,44.20955300463176,221.070227,-68.35744500463176,32.397123984992504,194.12562903016806,0.11372310109436512,178.09659778140485,0.10446622036397457,-42.86916299823116,-51.092489969831945,-11.698705918544889,19.92203289014566,True,True,True,True,False,obqa|10-184|policy_C,obqa|10-184|reference_C
obqa,C,11-57,11-57,0.8,R,1,1,A,A,True,True,226.64623404853046,307.5961209833622,-80.94988693483174,80.94988693483174,0,0.9910187079135048,0.987810913255091,0.003207794658413836,291.11153085016036,246.769398,44.34213285016036,382.508241,91.39671014983963,32.0745708886534,194.45737008936703,0.11429307051002979,307.4774290435016,0.11869193986058235,-74.9121200166378,-52.31202791063296,-12.153268890996934,-10.446823215007896,True,True,True,True,False,obqa|11-57|policy_C,obqa|11-57|reference_C
obqa,C,11-747,11-747,0.8,C,1,1,D,D,True,True,306.9754580501467,273.47347396425903,33.50198408588767,-33.50198408588767,0,0.9878355082152228,0.9891630886438835,-0.0013275804286606591,387.79951098017045,343.324346,44.47516498017049,343.324346,-44.47516498017046,32.42997592315078,274.43224005401134,0.11324207298457623,273.3583590015769,0.11511496268212795,-69.85087203574096,-68.89210594598865,-11.931946984035136,10.973180894282791,True,True,True,True,False,obqa|11-747|policy_C,obqa|11-747|reference_C
obqa,C,12-1159,12-1159,0.8,C,0,0,D,D,True,True,274.9031118582934,241.83682492002845,33.066286938264966,-33.066286938264966,0,-0.010893563501951392,-0.009583248409114556,-0.0013103150928368377,344.37859026843296,302.431382,41.94720826843297,302.431382,-41.94720826843297,32.59998396970332,242.18562804162502,0.11749984696507454,241.71951389871538,0.11731102131307125,-60.59455707997154,-60.24575395837496,-9.229724451764582,8.880921330168007,True,True,True,True,False,obqa|12-1159|policy_C,obqa|12-1159|reference_C
obqa,C,14-595,14-595,0.8,R,1,1,D,D,True,True,258.41674488037825,274.9974390026182,-16.580694122239947,16.580694122239947,0,0.989759740436212,0.9891026986038876,0.0006570418323244017,330.8339950388328,286.803509,44.030486038832784,343.198688,12.36469296116718,32.40118199028075,225.8997659664601,0.11579692363739014,274.8804287984967,0.11701020412147045,-68.20124899738181,-60.90374303353991,-11.513507124914646,4.216001161072768,True,True,True,True,False,obqa|14-595|policy_C,obqa|14-595|reference_C
obqa,C,10-58,10-58,0.8,R,1,1,A,A,True,True,226.53105901554227,178.78456600010395,47.74649301543832,-47.74649301543832,0,0.991023271945273,0.9929153183835369,-0.0018920464382639341,287.944750203099,245.451419,42.49333120309901,222.752203,-65.19254720309897,32.21358102746308,194.20197093859315,0.11550704948604107,178.67715610191226,0.10740989819169044,-43.96763699989606,-51.24944806140684,-10.164243126149891,17.44605418766065,True,True,True,True,False,obqa|10-58|policy_C,obqa|10-58|reference_C
obqa,C,9-400,9-400,0.8,R,1,1,B,B,True,True,225.9358239825815,562.9067840054631,-336.9709600228816,336.9709600228816,0,0.9910468592760467,0.9776937381472651,0.013353121128781583,290.82675381879625,246.282479,44.544274818796275,626.625993,335.79923918120375,31.822839053347707,194.00018290616572,0.11280202306807041,562.7655489370227,0.14123506844043732,-63.71920899453687,-52.282296093834276,-12.608633742380498,1.1717208416778817,True,True,True,True,False,obqa|9-400|policy_C,obqa|9-400|reference_C
obqa,C,11-666,11-666,0.8,R,1,1,B,B,True,True,227.14436799287796,273.5451189801097,-46.40075098723173,46.40075098723173,0,0.9909989683997592,0.9891602495726031,0.0018387188271560971,289.47677704394164,245.527994,43.94878304394162,346.767612,57.29083495605835,32.25044207647443,194.77956206537783,0.11436385102570057,273.4278191346675,0.11729984544217587,-73.2224930198903,-50.748431934622175,-11.583977116441488,-10.890083968826616,True,True,True,True,False,obqa|11-666|policy_C,obqa|11-666|reference_C
obqa,C,8-323,8-323,0.8,C,1,1,D,D,True,True,402.19529578462243,371.54127610847354,30.65401967614889,-30.65401967614889,0,0.984062239364266,0.9852769637363361,-0.0012147243720701491,508.58494112716915,464.296369,44.28857212716913,464.296369,-44.28857212716912,32.08071319386363,369.99063077382743,0.12395181693136692,371.4156609494239,0.12561515904963017,-92.75509289152649,-94.3057382261726,-12.083907116374135,13.634552451020227,True,True,True,True,False,obqa|8-323|policy_C,obqa|8-323|reference_C
obqa,C,14-948,14-948,0.8,R,1,1,B,B,True,True,230.1314859651029,275.3035749774426,-45.17208901233971,45.17208901233971,0,0.9908805981161408,0.9890905673782371,0.0017900307379036967,287.3411481267877,245.544666,41.796482126787666,341.56565,54.22450187321232,32.44750085286796,197.5699821487069,0.11400296352803707,275.17954306676984,0.12403191067278385,-66.26207502255738,-47.97468385129309,-9.234978310391668,-9.052412860872607,True,True,True,True,False,obqa|14-948|policy_C,obqa|14-948|reference_C
obqa,C,11-693,11-693,0.8,R,1,1,B,B,True,True,228.01677300594747,242.3053509555757,-14.288577949628234,14.288577949628234,0,0.9909643976764776,0.9903981853473605,0.0005662123291172258,287.2863260038725,245.543894,41.742432003872516,302.311197,15.024870996127504,32.3964050039649,195.50565304234624,0.1147149596363306,242.1868690289557,0.11848192662000656,-60.00584604442429,-50.038240957653755,-9.231312040271284,-0.7362930464992701,True,True,True,True,False,obqa|11-693|policy_C,obqa|11-693|reference_C
obqa,C,10-741,10-741,0.8,R,1,1,A,A,True,True,227.22266498021781,306.6792560275644,-79.45659104734659,79.45659104734659,0,0.9909958657313397,0.9878472457889469,0.0031486199423927685,287.95072100121604,245.603837,42.346884001216054,382.821842,94.87112099878397,32.61507488787174,194.4913521874696,0.11623790487647057,306.5598430112004,0.11941301636397839,-76.1425859724356,-51.1124848125304,-9.615571208467841,-15.414529951437373,True,True,True,True,False,obqa|10-741|policy_C,obqa|10-741|reference_C
obqa,C,7-647,7-647,0.8,R,1,1,A,A,True,True,227.87644993513823,178.7515040487051,49.124945886433125,-49.124945886433125,0,0.9909699582475178,0.9929166285268256,-0.0019466702793078643,287.0066763766252,245.375667,41.63100937662518,221.368224,-65.6384523766252,32.58748282678425,195.171918021515,0.11704908683896065,178.64735890179873,0.10414514690637589,-42.6167199512949,-50.20374897848498,-8.926477463001966,16.51350649019207,True,True,True,True,False,obqa|7-647|policy_C,obqa|7-647|reference_C
obqa,C,7-104,7-104,0.8,R,1,1,A,A,True,True,225.6441661156714,338.9028781093657,-113.2587119936943,113.2587119936943,0,0.9910584167788795,0.9865703229085979,0.00448809387028156,287.8066460456133,246.870158,40.93648804561329,422.420496,134.6138499543867,31.68864897452295,193.8428459689021,0.11267117224633694,338.77607085742056,0.12680725194513798,-83.51761789063431,-53.02731203109789,-9.135167898844003,-21.35513796069239,True,True,True,True,False,obqa|7-104|policy_C,obqa|7-104|reference_C
obqa,C,12-645,12-645,0.8,C,1,1,B,B,True,True,370.2889101114124,340.7642659731209,29.524644138291478,-29.524644138291478,0,0.9853265911429684,0.9864965618414404,-0.0011699706984720775,464.5709750715612,423.316377,41.25459807156122,423.316377,-41.25459807156119,32.263005152344704,337.895279051736,0.1306259073317051,340.63004492782056,0.1342210453003645,-82.55211102687906,-85.42109794826399,-8.86096701188481,11.729953933269712,True,True,True,True,False,obqa|12-645|policy_C,obqa|12-645|reference_C
obqa,C,10-1035,10-1035,0.8,C,0,0,D,D,True,True,274.67707078903913,241.61180201917887,33.06526876986027,-33.06526876986027,0,-0.010884606190681522,-0.009574331444722162,-0.0013102747459593604,348.37133673382846,302.618827,45.752509733828425,302.618827,-45.75250973382845,32.442231895402074,242.1169481240213,0.11789076961576939,241.48149811662734,0.1303039025515318,-61.00702498082114,-60.50187887597872,-13.192387068810582,12.68724096396818,True,True,True,True,False,obqa|10-1035|policy_C,obqa|10-1035|reference_C
obqa,C,241,241,0.8,R,1,1,B,B,True,True,226.3224779162556,241.29974702373147,-14.977269107475877,14.977269107475877,0,0.9910315373717173,0.9904380343334824,0.0005935030382348185,289.707871211581,245.43545,44.27242121158099,301.983768,12.275896788419004,32.358163967728615,193.84722504764795,0.11708890087902546,241.18583393283188,0.11391309089958668,-60.68402097626853,-51.58822495235205,-11.79716834297335,2.7013723190568726,True,True,True,True,False,obqa|241|policy_C,obqa|241|reference_C
obqa,C,10-783,10-783,0.8,R,1,1,C,C,True,True,226.8733500968665,243.50895709358156,-16.63560699671507,16.63560699671507,0,0.9910097080041252,0.990350490143741,0.0006592178603843452,288.84340707652797,245.844502,42.998905076527954,222.080358,-66.76304907652798,32.33741386793554,194.41744405776262,0.11849217116832733,243.39802912436426,0.11092796921730042,21.428599093581568,-51.42705794223738,-10.542999037424089,83.39865607324305,True,True,True,True,False,obqa|10-783|policy_C,obqa|10-783|reference_C
obqa,C,9-795,9-795,0.8,C,1,1,B,B,True,True,273.59049394726753,240.67738582380116,32.91310812346637,-32.91310812346637,0,0.9891584515024292,0.9904626965906929,-0.0013042450882636545,345.93886885644605,301.919847,44.01902185644603,301.919847,-44.019021856446045,32.39703713916242,241.07733997516334,0.11611683294177055,240.55898492224514,0.11840090155601501,-61.242461176198844,-60.842507024836664,-11.50586788434184,11.105913732979673,True,True,True,True,False,obqa|9-795|policy_C,obqa|9-795|reference_C
obqa,C,14-757,14-757,0.8,R,1,1,D,D,True,True,226.83379100635648,305.65962800756097,-78.82583700120449,78.82583700120449,0,0.991011275609023,0.9878876505064824,0.0031236251025405963,289.5863141752545,244.68949,44.896824175254466,381.674566,92.08825182474556,32.61956898495555,194.10034804604948,0.11387397535145283,305.54078496061265,0.11884304694831371,-76.01493799243906,-50.58914195395053,-12.163381214947464,-13.262414823541064,True,True,True,True,False,obqa|14-757|policy_C,obqa|14-757|reference_C
obqa,C,9-1040,9-1040,0.8,R,1,1,B,B,True,True,226.76333785057068,241.8224320281297,-15.059094177559018,15.059094177559018,0,0.9910140674505605,0.990417321936855,0.0005967455137054556,287.66948784564926,245.507966,42.16152184564924,301.878429,14.208941154350725,32.46409795247018,194.18388395570219,0.11535594239830971,241.70683603733778,0.11559599079191685,-60.055996971870286,-51.324082044297825,-9.582067950780747,0.8501530232082928,True,True,True,True,False,obqa|9-1040|policy_C,obqa|9-1040|reference_C
obqa,C,10-580,10-580,0.8,R,1,1,C,C,True,True,258.90263891778886,306.5190948545933,-47.616455936804414,47.616455936804414,0,0.9897404859522742,0.9878535924828657,0.0018868934694083583,330.24518721557416,286.187309,44.05787821557414,382.293184,52.047996784425834,32.246421091258526,226.5379868913442,0.11823093518614769,306.4011849928647,0.117909861728549,-75.77408914540672,-59.64932210865584,-11.693226189129469,-4.43154084762142,True,True,True,True,False,obqa|10-580|policy_C,obqa|10-580|reference_C
obqa,C,10-681,10-681,0.8,R,1,1,D,D,True,True,226.8053770530969,210.28665197081864,16.51872508227825,-16.51872508227825,0,0.9910124015664634,0.9916669877566257,-0.00065458619016228,289.85508986419285,245.434358,44.420731864192845,261.692997,-28.162092864192857,32.50843100249767,194.1840450745076,0.1129009760916233,210.176456021145,0.11019594967365265,-51.40634502918135,-51.25031292549241,-11.799399885603549,11.643367781914606,True,True,True,True,False,obqa|10-681|policy_C,obqa|10-681|reference_C
obqa,C,14-1004,14-1004,0.8,C,0,0,D,D,True,True,241.3889409508556,209.19432793743908,32.19461301341653,-32.19461301341653,0,-0.009565500147093406,-0.008289726806763998,-0.001275773340329407,305.31069403585934,261.206038,44.10465603585935,261.206038,-44.104656035859364,32.209932105615735,209.06800194643438,0.11100689880549908,209.0800639707595,0.11426396667957306,-52.011710062560894,-52.1380360535656,-11.783717031438115,11.910043022442835,True,True,True,True,False,obqa|14-1004|policy_C,obqa|14-1004|reference_C
obqa,C,14-456,14-456,0.8,R,1,1,C,C,True,True,262.2108089271933,273.98580801673234,-11.774999089539051,11.774999089539051,0,0.989609393365402,0.9891427864235954,0.000466606941806591,328.3031560638578,286.375315,41.92784106385779,346.598413,18.29525693614221,32.31694200076163,229.77315005846322,0.12071686796844006,273.8679479807615,0.11786003597080708,-72.61260498326766,-56.602164941536785,-9.490182195127723,-6.520257846603158,True,True,True,True,False,obqa|14-456|policy_C,obqa|14-456|reference_C
obqa,C,9-1036,9-1036,0.8,R,1,1,D,D,True,True,226.99951101094484,471.5341969858855,-244.53468597494066,244.53468597494066,0,0.9910047086357308,0.981314552303594,0.00969015633213682,290.67112996767685,246.672686,43.99844396767688,586.600102,295.92897203232314,31.742098042741418,195.14349987730384,0.11391309089958668,471.389546059072,0.14465092681348324,-115.06590501411449,-51.52918612269616,-12.142432834035873,-51.39428605738249,True,True,True,True,False,obqa|9-1036|policy_C,obqa|9-1036|reference_C
obqa,C,11-737,11-737,0.8,C,0,0,D,D,True,True,243.21406614035368,210.45568701811135,32.75837912224233,-32.75837912224233,0,-0.00963782423617486,-0.008339710581597182,-0.0012981136545776783,303.5436728863782,261.981714,41.56195888637817,261.981714,-41.56195888637819,32.434273045510054,210.66670189611614,0.11309119872748852,210.34435904584825,0.11132797226309776,-51.52602698188866,-51.31501210388387,-9.01459464214063,8.803579764135861,True,True,True,True,False,obqa|11-737|policy_C,obqa|11-737|reference_C
obqa,C,12-541,12-541,0.8,R,1,1,A,A,True,True,227.10200096480548,178.5330129787326,48.5689879860729,-48.5689879860729,0,0.9910006472745728,0.9929252866548812,-0.00192463938030841,290.19974112068235,246.211034,43.988707120682356,221.520882,-68.67885912068235,32.41936513222754,194.56652901135385,0.11610682122409344,178.43317613005638,0.09983684867620468,-42.987869021267414,-51.64450498864616,-11.453235167230723,20.10987113460945,True,True,True,True,False,obqa|12-541|policy_C,obqa|12-541|reference_C
obqa,C,13-286,13-286,0.8,R,0,0,C,C,True,True,226.1010988149792,177.8607340529561,48.24036476202309,-48.24036476202309,0,-0.008959690056442903,-0.007048073002201314,-0.0019116170542415887,287.428004081522,245.829654,41.598350081521986,222.812231,-64.61577308152198,32.30520081706345,193.68073320947587,0.11516478843986988,177.75876307860017,0.10197097435593605,-44.95149694704389,-52.14892079052413,-9.177984476018665,16.375408319498888,True,True,True,True,False,obqa|13-286|policy_C,obqa|13-286|reference_C
obqa,C,1894,1894,0.8,R,1,1,A,A,True,True,227.19207010231912,505.4451117757708,-278.25304167345166,278.25304167345166,0,0.9909970781121052,0.9799707672108181,0.011026310901287192,288.8845219022086,247.066008,41.818513902208565,627.81132,338.92679809779145,31.89367102459073,195.18335396423936,0.11504511348903179,505.30734402127564,0.1377677544951439,-122.36620822422924,-51.88265403576065,-9.809797764128803,-60.673756424339786,True,True,True,True,False,obqa|1894|policy_C,obqa|1894|reference_C
obqa,C,1046,1046,0.8,C,1,1,A,A,True,True,211.24087716452777,180.32528599724174,30.91559116728604,-30.91559116728604,0,0.991629174751627,0.9928542643961371,-0.001225089644510104,265.6759099686581,223.028509,42.64740096865809,223.028509,-42.647400968658104,32.52309910021722,178.614143980667,0.10363408364355564,180.2140378858894,0.11124811135232449,-42.70322300275828,-44.41436501933302,-10.020667784797311,11.731809801372066,True,True,True,True,False,obqa|1046|policy_C,obqa|1046|reference_C
obqa,C,7-229,7-229,0.8,R,0,0,C,C,True,True,259.215994970873,178.98586997762322,80.23012499324977,-80.23012499324977,0,-0.010271931382836868,-0.007092658672988505,-0.0031792727098483623,330.00966030185486,286.437403,43.57225730185485,221.549376,-108.46028430185487,32.302534906193614,226.79871506989002,0.11474499478936195,178.8793799933046,0.106489984318614,-42.56350602237677,-59.638687930109995,-11.154977400871871,28.230159308605096,True,True,True,True,False,obqa|7-229|policy_C,obqa|7-229|reference_C
obqa,C,12-401,12-401,0.8,R,1,1,B,B,True,True,226.3781710062176,241.9403800740838,-15.562209067866206,15.562209067866206,0,0.9910293304261211,0.9904126480191251,0.000616682406995932,289.2874178674569,245.342363,43.94505486745691,302.305066,13.017648132543115,32.31936716474593,193.94203391857445,0.11676992289721966,241.83119484223425,0.1091852318495512,-60.364685925916206,-51.400329081425554,-11.508917779813764,2.5445609353230907,True,True,True,True,False,obqa|12-401|policy_C,obqa|12-401|reference_C
obqa,C,12-914,12-914,0.8,C,1,1,C,C,True,True,371.919953962788,338.71645107865334,33.20350288413465,-33.20350288413465,0,0.9852619578994619,0.9865777104375488,-0.0013157525380869382,468.1656311510843,424.465568,43.7000631510843,424.465568,-43.700063151084294,31.952759949490428,339.83437600545585,0.13281800784170628,338.5845141019672,0.13193697668612003,-85.74911692134668,-84.63119199454417,-11.614485193752166,10.496560266949643,True,True,True,True,False,obqa|12-914|policy_C,obqa|12-914|reference_C
obqa,C,11-430,11-430,0.8,R,1,1,B,B,True,True,226.6612001694739,306.0406360309571,-79.37943586148322,79.37943586148322,0,0.9910181148522339,0.9878725523321854,0.003145562520048489,289.01761793835936,245.392348,43.62526993835938,382.707877,93.69025906164063,32.38733485341072,194.1593901719898,0.11447514407336712,305.9199301060289,0.12070592492818832,-76.6672409690429,-51.2329578280102,-11.123459940875293,-14.310823200157415,True,True,True,True,False,obqa|11-430|policy_C,obqa|11-430|reference_C
obqa,C,13-460,13-460,0.8,R,1,1,B,B,True,True,227.51591098494828,178.31617500633,49.199735978618264,-49.199735978618264,0,0.9909842452954972,0.9929338792757725,-0.0019496339802751912,287.4708730724592,245.957676,41.51319707245922,221.672349,-65.7985240724592,32.290773931890726,195.10768703185022,0.11745002120733261,178.21609694510698,0.10007806122303009,-43.356173993669984,-50.84998896814977,-9.104973119361162,16.598788093840938,True,True,True,True,False,obqa|13-460|policy_C,obqa|13-460|reference_C
obqa,C,11-629,11-629,0.8,C,1,1,D,D,True,True,274.2720099631697,241.9310819823295,32.340927980840206,-32.340927980840206,0,0.9891314451220844,0.9904130164738592,-0.0012815713517747537,348.2548756532636,303.572217,44.682658653263566,303.572217,-44.68265865326356,32.31320600025356,241.8369750957936,0.12182886712253094,241.8203039560467,0.11077802628278732,-61.641135017670535,-61.73524190420642,-12.247623785887477,12.341730672423353,True,True,True,True,False,obqa|11-629|policy_C,obqa|11-629|reference_C
obqa,C,13-516,13-516,0.8,R,1,1,B,B,True,True,226.97967709973454,179.3603110127151,47.61936608701944,-47.61936608701944,0,0.991005494592535,0.9928925033822318,-0.0018870087896968532,290.32872406540895,245.855283,44.47344106540894,221.416585,-68.91213906540895,32.44924102909863,194.41892788745463,0.11150818318128586,179.25220797769725,0.10810303501784801,-42.0562739872849,-51.43635511254536,-11.912691853129026,21.292772978389507,True,True,True,True,False,obqa|13-516|policy_C,obqa|13-516|reference_C
obqa,C,10-176,10-176,0.8,R,1,1,B,B,True,True,226.55014297924936,241.65852088481188,-15.10837790556252,15.10837790556252,0,0.9910225157065782,0.9904238172305472,0.0005986984760309451,290.586262104254,246.014323,44.57193910425401,302.130184,11.543921895745996,32.42411301471293,194.00458200834692,0.1214479561895132,241.54529813677073,0.11322274804115295,-60.47166311518811,-52.009740991653075,-12.026378133351564,3.5644560098165243,True,True,True,True,False,obqa|10-176|policy_C,obqa|10-176|reference_C
obqa,C,12-116,12-116,0.8,R,1,1,C,C,True,True,226.80791490711272,372.92581982910633,-146.1179049219936,146.1179049219936,0,0.9910123009991264,0.9852220985336835,0.005790202465442964,291.7343589491982,247.141441,44.592917949198245,464.739736,173.00537705080177,32.36202709376812,194.32838796637952,0.11749984696507454,372.79822095297277,0.12759887613356113,-91.81391617089366,-52.81305303362046,-12.113391008465051,-26.887472128808156,True,True,True,True,False,obqa|12-116|policy_C,obqa|12-116|reference_C
obqa,C,11-694,11-694,0.8,C,0,0,D,D,True,True,274.81622993946075,242.4328529741615,32.38337696529925,-32.38337696529925,0,-0.010890120639142103,-0.009606867164874548,-0.0012832534742675552,347.0079712327373,302.336203,44.6717682327373,302.336203,-44.67176823273729,32.278901897370815,242.4197979271412,0.11753011494874954,242.31640389189124,0.11644908227026463,-59.903350025838506,-59.91640507285882,-12.275336220417735,12.288391267438044,True,True,True,True,False,obqa|11-694|policy_C,obqa|11-694|reference_C
obqa,C,8-133,8-133,0.8,C,1,1,A,A,True,True,210.24917904287577,177.6231569238007,32.62602211907506,-32.62602211907506,0,0.9916684726933271,0.9929613414475864,-0.0012928687542592204,263.7359141037693,222.345268,41.3906461037693,222.345268,-41.390646103769285,31.812779139727354,178.32838790491223,0.10801199823617935,177.5061278603971,0.11702906340360641,-44.7221110761993,-44.01688009508777,-9.469854965805766,8.764623984694225,True,True,True,True,False,obqa|8-133|policy_C,obqa|8-133|reference_C
obqa,C,10-959,10-959,0.8,R,1,1,B,B,True,True,228.1744049396366,309.2919969931245,-81.1175920534879,81.1175920534879,0,0.9909581512085204,0.9877437109128588,0.003214440295661569,290.44466087842557,246.39486,44.0498008784256,383.477983,93.03332212157443,32.7595928683877,195.29951713047922,0.1152949407696724,309.17169200256467,0.12030499055981636,-74.18598600687551,-51.09534286952078,-11.174913069268229,-11.915730068086532,True,True,True,True,False,obqa|10-959|policy_C,obqa|10-959|reference_C
obqa,C,14-1056,14-1056,0.8,R,1,1,C,C,True,True,258.9860879816115,248.34165279753506,10.644435184076428,-10.644435184076428,0,0.9897371791229341,0.9901589852997952,-0.0004218061768610133,327.99373911444667,286.458609,41.53513011444664,301.821217,-26.17252211444668,32.23844594322145,226.63161507807672,0.11602696031332016,248.21946490556002,0.1221878919750452,-53.47956420246493,-59.826993921923304,-9.180657210911868,15.52808693037025,True,True,True,True,False,obqa|14-1056|policy_C,obqa|14-1056|reference_C
obqa,C,10-380,10-380,0.8,R,1,1,D,D,True,True,227.42010210640728,370.9215340204537,-143.5014319140464,143.5014319140464,0,0.9909880419062209,0.9853015222062095,0.005686519700011384,290.981248035907,245.588426,45.39282203590703,462.270471,171.28922296409297,32.24612004123628,195.0482060201466,0.125776045024395,370.7979021128267,0.1236319076269865,-91.3489369795463,-50.54021997985339,-13.020925949646355,-27.787791050046565,True,True,True,True,False,obqa|10-380|policy_C,obqa|10-380|reference_C
obqa,C,11-523,11-523,0.8,R,0,0,B,B,True,True,226.74852516502142,243.79139789380133,-17.042872728779912,17.042872728779912,0,-0.0089853455683407,-0.009660702115131417,0.0006753565467907183,288.1498538416214,245.709946,42.4399078416214,302.075437,13.925583158378629,32.339464873075485,194.2950061056763,0.11405418626964092,243.67278488352895,0.11861301027238369,-58.28403910619869,-51.41493989432371,-9.986388782276272,3.117289570401283,True,True,True,True,False,obqa|11-523|policy_C,obqa|11-523|reference_C
obqa,C,12-352,12-352,0.8,R,1,1,C,C,True,True,227.29288414120674,210.90920502319932,16.38367911800742,-16.38367911800742,0,0.9909930831622952,0.9916423178968936,-0.0006492347345984561,287.7497887092479,245.928348,41.821440709247945,261.9545,-25.795288709247927,32.377156894654036,194.79178497567773,0.12394227087497711,210.7978370040655,0.11136801913380623,-51.045294976800676,-51.13656302432227,-9.320341543718932,9.411609591240506,True,True,True,True,False,obqa|12-352|policy_C,obqa|12-352|reference_C
obqa,C,14-754,14-754,0.8,R,1,1,D,D,True,True,227.68982802517712,370.6643017940223,-142.9744737688452,142.9744737688452,0,0.990977353498933,0.985311715526956,0.00566563797197704,289.8293811577289,245.569972,44.25940915772891,462.136448,172.30706684227107,32.484257128089666,195.09468390606344,0.11088699102401733,370.5431551206857,0.1211466733366251,-91.47214620597765,-50.47528809393657,-11.664265038615227,-29.33259307342587,True,True,True,True,False,obqa|14-754|policy_C,obqa|14-754|reference_C
obqa,C,12-1046,12-1046,0.8,R,1,1,D,D,True,True,227.50908904708922,242.86162503995,-15.352535992860794,15.352535992860794,0,0.99098451562788,0.9903761419189625,0.0006083737089176131,290.0283861952088,246.122065,43.90632119520879,301.347753,11.31936680479123,32.401722157374024,194.9950368143618,0.11233007535338402,242.74342390708625,0.11820113286376,-58.48612796005,-51.12702818563818,-11.392268962481381,4.033169188069564,True,True,True,True,False,obqa|12-1046|policy_C,obqa|12-1046|reference_C
obqa,C,11-442,11-442,0.8,C,1,1,D,D,True,True,342.57018100470304,305.3724931087345,37.197687895968556,-37.197687895968556,0,0.9864249989917415,0.9878990287780227,-0.0014740297862811458,425.12746202339576,381.957672,43.16979002339578,381.957672,-43.16979002339576,32.38000092096627,310.0632729474455,0.1269071362912655,305.2512069698423,0.12128613889217377,-76.58517889126551,-71.89439905255449,-10.662881966138244,5.972102127427206,True,True,True,True,False,obqa|11-442|policy_C,obqa|11-442|reference_C
obqa,C,11-564,11-564,0.8,R,1,1,D,D,True,True,259.14137018844485,274.2876699194312,-15.146299730986357,15.146299730986357,0,0.989731025767414,0.9891308245662572,0.0006002012011567975,330.80560906944584,289.197911,41.607698069445846,341.118689,10.313079930554181,32.418663846328855,226.6044442076236,0.11826213449239731,274.1693479474634,0.11832197196781635,-66.83101908056881,-62.593466792376375,-9.070772088624594,4.833219800432175,True,True,True,True,False,obqa|11-564|policy_C,obqa|11-564|reference_C
obqa,C,12-1146,12-1146,0.8,R,1,1,D,D,True,True,258.4856010507792,375.68652303889394,-117.20092198811471,117.20092198811471,0,0.9897570118782859,0.9851127003696446,0.004644311508641301,332.29014774822735,287.644268,44.64587974822736,467.880554,135.59040625177266,31.867159996181726,226.50530794635415,0.11313310824334621,375.5606161430478,0.12590689584612846,-92.19403096110608,-61.13896005364586,-12.665586643802285,-18.38948426365795,True,True,True,True,False,obqa|12-1146|policy_C,obqa|12-1146|reference_C
obqa,C,12-605,12-605,0.8,R,1,1,C,C,True,True,226.03357397019863,475.1959650311619,-249.16239106096327,249.16239106096327,0,0.9910429857451499,0.9811694477157957,0.00987353802935412,291.34955077757934,247.816965,43.53258577757931,585.301021,293.95147022242065,31.927824020385742,193.9912959933281,0.11445395648479462,475.05557304248214,0.14039198867976665,-110.10505596883809,-53.825669006671916,-11.49030780070877,-44.78907916145738,True,True,True,True,False,obqa|12-605|policy_C,obqa|12-605|reference_C
obqa,C,14-311,14-311,0.8,R,1,1,D,D,True,True,226.25827486626804,273.5672299750149,-47.308955108746886,47.308955108746886,0,0.9910340815408151,0.9891593733819865,0.0018747081588285565,290.65603194425216,245.858407,44.797624944252135,342.682863,52.026831055747834,32.2874968405813,193.85446002706885,0.1163179986178875,273.4473750460893,0.11985492892563343,-69.11563302498507,-52.003946972931146,-12.39381010505295,-4.717875947000948,True,True,True,True,False,obqa|14-311|policy_C,obqa|14-311|reference_C
obqa,C,13-9,13-9,0.8,R,1,1,C,C,True,True,259.5617161132395,178.5637689754367,80.99794713780284,-80.99794713780284,0,0.9897143687532625,0.9929240678894737,-0.00320969913621128,331.6680999011067,287.558025,44.110074901106714,221.802603,-109.8654969011067,31.792880967259407,227.65115508809686,0.11768005788326263,178.4570289310068,0.10674004442989826,-43.23883402456332,-59.90686991190313,-12.199513875964044,28.867549763303856,True,True,True,True,False,obqa|13-9|policy_C,obqa|13-9|reference_C
obqa,C,13-492,13-492,0.8,R,1,1,A,A,True,True,228.90299116261303,306.07899697497487,-77.17600581236184,77.17600581236184,0,0.9909292795808659,0.9878710322061424,0.0030582473747234524,289.7459822264459,245.686892,44.05909022644591,382.378757,92.6327747735541,32.25043904967606,196.53933006338775,0.11322204954922199,305.95716880634427,0.12182816863059998,-76.29976002502514,-49.14756193661225,-11.695429127220628,-15.456768961192267,True,True,True,True,False,obqa|13-492|policy_C,obqa|13-492|reference_C
obqa,C,13-376,13-376,0.8,R,1,1,C,C,True,True,235.3975409641862,178.1744910404086,57.22304992377758,-57.22304992377758,0,0.9906719205782639,0.9929394937748938,-0.002267573196629858,288.9025679807331,244.853128,44.049439980733155,221.787254,-67.11531398073313,33.44435594044626,201.78648293949664,0.16670208424329758,178.0660469084978,0.10844413191080093,-43.61276295959138,-43.06664506050336,-10.4383819560436,9.892264056955554,True,True,True,True,False,obqa|13-376|policy_C,obqa|13-376|reference_C
obqa,C,13-804,13-804,0.8,R,1,1,B,B,True,True,226.67350200936198,322.55200995132327,-95.87850794196129,95.87850794196129,0,0.9910176273682142,0.987218257445925,0.0037993699222892098,287.5224211357284,245.422894,42.09952713572836,381.96141,94.43898886427161,32.58344205096364,193.97581601515412,0.11424394324421883,322.37514900043607,0.17686095088720322,-59.40940004867673,-51.44707798484589,-9.4018411415205,1.4395190776896811,True,True,True,True,False,obqa|13-804|policy_C,obqa|13-804|reference_C
obqa,C,14-216,14-216,0.8,C,0,0,D,D,True,True,249.12080797366798,215.2988959569484,33.82191201671958,-33.82191201671958,0,-0.009871890219698578,-0.008531632032656042,-0.0013402581870425353,306.4284212991748,262.449554,43.97886729917479,262.449554,-43.978867299174794,32.467714976519346,216.53502201661468,0.11807098053395748,215.18754586577415,0.11135009117424488,-47.15065804305158,-45.9145319833853,-11.393081342121484,10.156955282455215,True,True,True,True,False,obqa|14-216|policy_C,obqa|14-216|reference_C
obqa,C,14-745,14-745,0.8,R,1,1,B,B,True,True,226.27249010838568,241.86150496825576,-15.589014859870076,15.589014859870076,0,0.991033518234559,0.9904157735965995,0.0006177446379595625,287.73971011271954,245.788364,41.951346112719534,304.169802,16.43009188728047,32.55251399241388,193.60872800461948,0.11124811135232449,241.7473599780351,0.11414499022066593,-62.308297031744246,-52.17963599538052,-9.287584008953331,-0.8410770274103925,True,True,True,True,False,obqa|14-745|policy_C,obqa|14-745|reference_C
obqa,C,14-877,14-877,0.8,R,1,1,B,B,True,True,226.44806909374893,244.70595503225923,-18.2578859385103,18.2578859385103,0,0.9910265605802286,0.9903030568027047,0.0007235037775238885,289.75681402357566,245.609677,44.14713702357567,303.818959,14.06214497642435,32.2052538394928,194.12542507052422,0.11739018373191357,244.58403582684696,0.12191920541226864,-59.11300396774078,-51.48425192947579,-11.824493000350955,4.195740962085949,True,True,True,True,False,obqa|14-877|policy_C,obqa|14-877|reference_C
obqa,C,10-354,10-354,0.8,R,1,1,A,A,True,True,226.65109997615218,179.42629009485245,47.224809881299734,-47.224809881299734,0,0.9910185150917823,0.992889888834451,-0.001871373742668676,293.19832610305366,245.918499,47.27982710305369,221.543203,-71.65512310305365,32.303567975759506,194.2343390546739,0.11319294571876526,179.29466301575303,0.13162707909941673,-42.11691290514756,-51.68415994532609,-14.86306618157542,24.43031322175392,True,True,True,True,False,obqa|10-354|policy_C,obqa|10-354|reference_C
obqa,C,14-362,14-362,0.8,R,1,1,D,D,True,True,226.89379402436316,308.6583928670734,-81.76459884271026,81.76459884271026,0,0.9910088978742547,0.9877688186925982,0.0032400791816565035,287.4524670513242,245.981969,41.47049805132425,382.958993,95.5065259486758,32.384719932451844,194.39512095414102,0.11395313777029514,308.54156403802335,0.11682882905006409,-74.3006001329266,-51.58684804585897,-8.97182498110211,-13.741927105965544,True,True,True,True,False,obqa|14-362|policy_C,obqa|14-362|reference_C
obqa,C,12-242,12-242,0.8,C,0,0,C,C,True,True,368.55320795439184,337.68560201860964,30.867605935782194,-30.867605935782194,0,-0.014604628327265485,-0.013381440189664523,-0.0012231881376009628,465.22024091881696,424.249069,40.97117191881692,424.249069,-40.971171918816935,31.800824915990233,336.62521420046687,0.12716883793473244,337.55757100880146,0.12803100980818272,-86.56346698139038,-87.62385479953315,-9.043178164891955,10.103565983034741,True,True,True,True,False,obqa|12-242|policy_C,obqa|12-242|reference_C
obqa,C,10-616,10-616,0.8,R,1,1,D,D,True,True,263.6262821033597,274.9770041555166,-11.350722052156925,11.350722052156925,0,0.9895533025237028,0.98910350837393,0.0004497941497727035,328.63398686626266,286.72396,41.910026866262676,342.481031,13.847044133737313,32.36449183896184,231.14499100483954,0.11679925955832005,274.8595541343093,0.11745002120733261,-67.50402684448335,-55.57896899516044,-9.428735767742516,-2.496322081580388,True,True,True,True,False,obqa|10-616|policy_C,obqa|10-616|reference_C
obqa,C,14-1328,14-1328,0.8,R,0,0,D,D,True,True,258.86351708322763,337.6698719803244,-78.80635489709675,78.80635489709675,0,-0.01025796376993448,-0.01338081685670263,0.00312285308676815,333.76340413731344,291.496341,42.267063137313485,342.82979,9.066385862686559,32.51875122077763,226.23085184022784,0.11391402222216129,337.55363314412534,0.11623883619904518,-5.159918019675615,-65.26548915977213,-9.634397894313693,69.7399690344102,True,True,True,True,False,obqa|14-1328|policy_C,obqa|14-1328|reference_C
obqa,C,13-438,13-438,0.8,C,0,0,D,D,True,True,305.61354802921414,273.35271891206503,32.260829117149115,-32.260829117149115,0,-0.01211052348592204,-0.010832126205376073,-0.001278397280545968,386.5084528767898,342.163672,44.344780876789805,342.163672,-44.3447808767898,32.2966449894011,273.19993381388485,0.11696922592818737,273.2366619165987,0.11605699546635151,-68.81095308793499,-68.96373818611517,-11.931166661460516,12.083951759640684,True,True,True,True,False,obqa|13-438|policy_C,obqa|13-438|reference_C
obqa,C,12-1208,12-1208,0.8,C,0,0,D,D,True,True,243.30463889054954,210.0542769767344,33.25036191381514,-33.25036191381514,0,-0.00964141335526171,-0.008323803938174699,-0.0013176094170870107,306.11865696991265,262.882913,43.23574396991265,262.882913,-43.235743969912676,32.55181293934584,210.64163814298809,0.11118780821561813,209.94388102553785,0.11039595119655132,-52.828636023265574,-52.24127485701189,-10.572743222351193,9.985382056097535,True,True,True,True,False,obqa|12-1208|policy_C,obqa|12-1208|reference_C
obqa,C,10-351,10-351,0.8,C,1,1,C,C,True,True,370.5855761654675,337.37176400609314,33.213812159374356,-33.213812159374356,0,0.9853148351811065,0.9866309962440141,-0.001316161062907642,465.678071220379,422.833296,42.84477522037899,422.833296,-42.844775220379006,32.36396098509431,338.0882260389626,0.13338914141058922,337.2393250465393,0.13243895955383778,-85.46153199390687,-84.74506996103742,-10.347425093874094,9.63096306100465,True,True,True,True,False,obqa|10-351|policy_C,obqa|10-351|reference_C
arc,T,Mercury_7207358,Mercury_7207358,0.95,R,1,1,C,C,True,True,226.61758703179657,847.2355811391026,-620.617994107306,620.617994107306,0,0.9915105652477767,0.9682612842187166,0.02324928102906001,291.1782559881537,248.045802,43.1324539881537,1060.324284,769.1460280118463,32.18357195146382,194.31658484973013,0.11743023060262203,847.1105960197747,0.1249851193279028,-213.08870286089746,-53.729217150269875,-10.831451806087259,-148.52803390454028,True,True,True,True,False,arc|Mercury_7207358|policy_T,arc|Mercury_7207358|reference_T
arc,T,Mercury_SC_LBS10915,Mercury_SC_LBS10915,0.95,R,1,1,B,B,True,True,258.66031600162387,767.1069269999862,-508.4466109983623,508.4466109983623,0,0.9903101965542632,0.9712630238012763,0.019047172752986927,329.3475168687613,288.301965,41.0455518687613,967.458551,638.1110341312387,32.00592985376716,226.53900017030537,0.11538597755134106,766.9956688769162,0.1112581230700016,-200.35162400001389,-61.762964829694624,-8.924236037442803,-129.66442313287644,True,True,True,True,False,arc|Mercury_SC_LBS10915|policy_T,arc|Mercury_SC_LBS10915|reference_T
arc,T,Mercury_177398,Mercury_177398,0.95,R,1,1,B,B,True,True,225.54000793024898,730.2596941590309,-504.71968622878194,504.71968622878194,0,0.9915509329773636,0.9726433764168894,0.018907556560474215,287.79681889229164,246.308752,41.48806689229166,915.86549,628.0686711077084,32.23991906270385,193.18449194543064,0.11559692211449146,730.1485161297023,0.11117802932858467,-185.6057958409691,-53.12426005456936,-9.132550907473323,-123.34898487892644,True,True,True,True,False,arc|Mercury_177398|policy_T,arc|Mercury_177398|reference_T
arc,T,Mercury_SC_400655,Mercury_SC_400655,0.95,R,1,1,A,A,True,True,225.87570711039007,972.8827457875013,-747.0070386771113,747.0070386771113,0,0.9915383571825036,0.9635543529515738,0.02798400423092987,290.40103105926664,247.41946,42.981571059266685,1215.136588,924.7355569407334,31.93995705805719,193.81722807884216,0.11852197349071503,972.767089959234,0.11565582826733589,-242.25384221249874,-53.60223192115782,-10.92309202771878,-177.72851826362216,True,True,True,True,False,arc|Mercury_SC_400655|policy_T,arc|Mercury_SC_400655|reference_T
arc,T,Mercury_414131,Mercury_414131,0.95,R,1,1,C,C,True,True,260.71960385888815,706.3981480896473,-445.67854423075914,445.67854423075914,0,0.9902330525420563,0.9735372657266136,0.016695786815442728,328.9361477831144,287.055772,41.88037578311443,890.002304,561.0661562168856,33.51940610446036,227.06556599587202,0.13463175855576992,706.2818889971823,0.11625909246504307,-183.6041559103527,-59.99020600412797,-8.226337920098302,-115.38761198612644,True,True,True,True,False,arc|Mercury_414131|policy_T,arc|Mercury_414131|reference_T
arc,T,Mercury_7223038,Mercury_7223038,0.95,R,1,1,C,C,True,True,265.2273529674858,848.8457181956619,-583.6183652281761,583.6183652281761,0,0.9900641854985136,0.9682009660692613,0.021863219429252314,330.4520550250489,287.964959,42.48709602504885,1069.561877,739.1098219749513,32.352610025554895,232.75651200674474,0.11823093518614769,848.7325049936771,0.11321320198476315,-220.7161588043382,-55.20844699325528,-10.016255064307806,-155.49145674677516,True,True,True,True,False,arc|Mercury_7223038|policy_T,arc|Mercury_7223038|reference_T
arc,T,Mercury_7124338,Mercury_7124338,0.95,R,1,1,D,D,True,True,258.7826638482511,752.9288879595697,-494.1462241113186,494.1462241113186,0,0.9903056132203983,0.9717941544117669,0.01851145880863152,329.83073889001884,288.068845,41.76189389001882,940.331819,610.5010801099811,32.30717405676842,226.35853104293346,0.11695874854922295,752.8113769367337,0.11751102283596992,-187.4029310404303,-61.710313957066546,-9.337761084701178,-116.35485599866252,True,True,True,True,False,arc|Mercury_7124338|policy_T,arc|Mercury_7124338|reference_T
arc,T,MDSA_2008_5_24,MDSA_2008_5_24,0.95,T,1,1,C,C,True,True,922.9077519848943,955.9222920797765,-33.01454009488225,33.01454009488225,0,0.9654264911853573,0.9641897169893155,0.0012367741960417177,1143.611517821434,1101.959882,41.65163582143402,1101.959882,-41.651635821433956,32.144008902832866,890.6383779831231,0.1253650989383459,955.8075070381165,0.11478504166007042,-146.03758992022358,-211.32150401687704,-9.382261819662808,74.6661759163162,True,True,True,True,False,arc|MDSA_2008_5_24|policy_T,arc|MDSA_2008_5_24|reference_T
arc,T,Mercury_7018008,Mercury_7018008,0.95,R,1,1,A,A,True,True,226.55610204674304,866.9334449805319,-640.3773429337889,640.3773429337889,0,0.9915128685675485,0.9675233726910623,0.023989495876486265,286.517513204298,244.790044,41.72746920429802,1086.818522,800.301008795702,32.47814509086311,193.9558780286461,0.1220789272338152,866.8173069600016,0.11613802053034306,-219.8850770194681,-50.83416597135388,-9.127245186201094,-159.92366586191315,True,True,True,True,False,arc|Mercury_7018008|policy_T,arc|Mercury_7018008|reference_T
arc,T,Mercury_7011270,Mercury_7011270,0.95,R,1,1,B,B,True,True,257.7933019492775,853.5597620066255,-595.766460057348,595.766460057348,0,0.990342676201245,0.9680243709167117,0.022318305284533293,328.4671158890296,286.131376,42.335739889029625,1063.175498,734.7083821109704,32.23584080114961,225.44287610799074,0.11458504013717175,853.4437650814652,0.11599692516028881,-209.61573599337453,-60.68849989200925,-9.985314047742847,-138.94192205362242,True,True,True,True,False,arc|Mercury_7011270|policy_T,arc|Mercury_7011270|reference_T
arc,T,Mercury_7082145,Mercury_7082145,0.95,R,1,1,D,D,True,True,260.184712940827,1320.15137700364,-1059.966664062813,1059.966664062813,0,0.9902530903582201,0.9505451490993163,0.03970794125890375,330.6244597753426,288.110955,42.51350477534258,1624.353722,1293.7292622246575,32.14336815290153,227.92391502298415,0.11742976494133472,1320.0307609513402,0.12061605229973793,-304.2023449963601,-60.18703997701584,-10.252706857499717,-233.7625981618446,True,True,True,True,False,arc|Mercury_7082145|policy_T,arc|Mercury_7082145|reference_T
arc,T,Mercury_SC_407314,Mercury_SC_407314,0.95,R,1,1,A,A,True,True,227.15419181622565,820.9985918365419,-593.8444000203162,593.8444000203162,0,0.9914904632276078,0.9692441611952843,0.022246302032323445,287.72003388744736,246.060473,41.659560887447356,1020.637045,732.9170111125526,32.09942509420216,194.93897003121674,0.11579669080674648,820.8746500313282,0.1239418052136898,-199.63845316345805,-51.12150296878326,-9.444339102438448,-139.07261109223634,True,True,True,True,False,arc|Mercury_SC_407314|policy_T,arc|Mercury_SC_407314|reference_T
arc,T,Mercury_400934,Mercury_400934,0.95,R,1,1,C,C,True,True,227.6197550818324,1033.9794440660626,-806.3596889842302,806.3596889842302,0,0.9914730225293011,0.961265578984797,0.03020744354450405,287.8116251271591,246.623556,41.18806912715912,1216.57283,928.761204872841,32.49409492127597,195.00472396612167,0.120936194434762,1033.8636660017073,0.11577806435525417,-182.5933859339375,-51.618832033878334,-8.573038011448382,-122.40151588861079,True,True,True,True,False,arc|Mercury_400934|policy_T,arc|Mercury_400934|reference_T
arc,T,Mercury_7032340,Mercury_7032340,0.95,T,0,0,B,B,True,True,942.5887248944491,914.4119010306895,28.176823863759637,-28.176823863759637,0,-0.03531078758265156,-0.03425524149353574,-0.0010555460891158207,1176.4978470492847,1134.747113,41.750734049284816,1134.747113,-41.7507340492848,33.184309024363756,909.2847020365298,0.11971383355557919,914.2955120187253,0.11638901196420193,-220.33521196931042,-225.46241096347012,-8.44671119136548,13.573910185525165,True,True,True,True,False,arc|Mercury_7032340|policy_T,arc|Mercury_7032340|reference_T
arc,T,TIMSS_2007_4_pg90,TIMSS_2007_4_pg90,0.95,R,1,1,C,C,True,True,260.18065586686134,972.0892491750419,-711.9085933081806,711.9085933081806,0,0.9902532423422967,0.9635840785249761,0.02666916381732064,329.9754440918333,288.109001,41.866443091833354,1205.676735,875.7012909081667,32.10186888463795,227.96376002952456,0.11502695269882679,971.97534609586,0.11390307918190956,-233.5874858249581,-60.14524097047541,-9.649547254496575,-163.79269759998613,True,True,True,True,False,arc|TIMSS_2007_4_pg90|policy_T,arc|TIMSS_2007_4_pg90|reference_T
arc,T,Mercury_7144795,Mercury_7144795,0.95,R,0,0,C,C,True,True,226.8658720422536,929.5209350530058,-702.6550630107522,702.6550630107522,0,-0.008498735881159703,-0.03482124857260494,0.026322512691445237,287.4474279524913,246.282953,41.16447495249128,1150.039369,862.5919410475087,32.311412040144205,194.43739112466574,0.11706887744367123,929.401621920988,0.11931313201785088,-220.51843394699426,-51.845561875334255,-8.735994034903406,-159.93687803675653,True,True,True,True,False,arc|Mercury_7144795|policy_T,arc|Mercury_7144795|reference_T
arc,T,Mercury_7183733,Mercury_7183733,0.95,R,1,1,B,B,True,True,228.76257682219148,921.8219469767064,-693.0593701545149,693.0593701545149,0,0.9914302107125958,0.9654671670697464,0.025963043642849407,288.97585692646993,246.792976,42.18288092646992,1146.511577,857.53572007353,33.175983000546694,195.46345411799848,0.12313970364630222,921.7059388756752,0.1160081010311842,-224.6896300232936,-51.32952188200153,-8.883758222276924,-164.4763499190151,True,True,True,True,False,arc|Mercury_7183733|policy_T,arc|Mercury_7183733|reference_T
arc,T,Mercury_7185133,Mercury_7185133,0.95,R,0,1,D,A,True,True,259.48978099040687,769.947029883042,-510.4572488926351,510.4572488926351,-1,-0.009720876448471288,0.9711566292869268,-0.9808775057353981,327.98647785995047,286.15426,41.832217859950426,963.846531,635.8600531400496,32.22042182460427,227.1470499690622,0.12230919674038887,769.8300511110574,0.11697877198457718,-193.89950111695805,-59.00721003093781,-9.489486838605764,-125.40280424741445,True,True,True,True,False,arc|Mercury_7185133|policy_T,arc|Mercury_7185133|reference_T
arc,T,NYSEDREGENTS_2014_4_17,NYSEDREGENTS_2014_4_17,0.95,R,1,1,C,C,True,True,226.95035999640822,770.5612711142749,-543.6109111178666,543.6109111178666,0,0.9914980990733399,0.9711336188890006,0.020364480184339312,287.7773020406365,245.828104,41.94919804063654,962.290983,674.5136809593635,32.36489184200764,194.4695811253041,0.11588702909648418,770.442547975108,0.11872313916683197,-191.72971188572512,-51.35852287469589,-9.468419169532417,-130.90276984149682,True,True,True,True,False,arc|NYSEDREGENTS_2014_4_17|policy_T,arc|NYSEDREGENTS_2014_4_17|reference_T
arc,T,Mercury_7141698,Mercury_7141698,0.95,R,1,1,B,B,True,True,259.34633100405335,952.6282190345228,-693.2818880304694,693.2818880304694,0,0.9902844974032023,0.9643131179069275,0.025971379496274826,330.1573742341721,289.598794,40.558580234172105,1194.561276,864.4039017658279,32.05678495578468,227.17405995354056,0.11548609472811222,952.5132540147752,0.11496501974761486,-241.93305696547714,-62.424734046459434,-8.386309183659314,-171.12201373535845,True,True,True,True,False,arc|Mercury_7141698|policy_T,arc|Mercury_7141698|reference_T
arc,T,MCAS_1998_4_8,MCAS_1998_4_8,0.95,R,1,1,B,B,True,True,227.31292014941573,606.3715750351548,-379.0586548857391,379.0586548857391,0,0.991484517026143,0.9772844111999941,0.014200105826148932,286.94114190518485,245.705643,41.23549890518486,761.269444,474.3283020948152,32.569575821980834,194.6255131624639,0.117831164970994,606.2790718860924,0.0925031490623951,-154.8978689648452,-51.080129837536106,-8.548091918233034,-95.26964720907608,True,True,True,True,False,arc|MCAS_1998_4_8|policy_T,arc|MCAS_1998_4_8|reference_T
arc,T,Mercury_SC_400845,Mercury_SC_400845,0.95,R,1,1,B,B,True,True,260.41475404053926,1006.3539219554514,-745.9391679149121,745.9391679149121,0,0.9902444726735474,0.9623004724832493,0.027944000190298086,328.3897168850896,286.99129,41.398426885089634,1265.502681,937.1129641149103,32.83311007544398,227.45325393043458,0.12839003466069698,1006.2356409616768,0.11828099377453327,-259.14875904454857,-59.53803606956541,-8.436926774984954,-191.17379619999815,True,True,True,True,False,arc|Mercury_SC_400845|policy_T,arc|Mercury_SC_400845|reference_T
arc,T,Mercury_7205345,Mercury_7205345,0.95,R,1,1,D,D,True,True,259.998741094023,823.9643611013889,-563.9656200073659,563.9656200073659,0,0.990260057142572,0.9691330590297647,0.02112699811280732,327.86919485937284,286.624097,41.245097859372855,1021.266714,693.3975191406271,31.91514895297587,227.96635213308036,0.11724000796675682,823.8408190663904,0.12354203499853611,-197.30235289861105,-58.65774486691964,-9.212708898430229,-129.43189913326114,True,True,True,True,False,arc|Mercury_7205345|policy_T,arc|Mercury_7205345|reference_T
arc,T,Mercury_7068863,Mercury_7068863,0.95,R,1,1,C,C,True,True,260.02122298814356,991.2141289096326,-731.192905921489,731.192905921489,0,0.9902592149370938,0.9628676318414795,0.027391583095614295,328.86875404559675,287.183694,41.68506004559672,1149.393579,820.5248249544034,32.261328073218465,227.63980086892843,0.12009404599666595,991.0938839893788,0.12024492025375366,-158.17945009036748,-59.54389313107157,-9.30363792638159,-89.33191903291436,True,True,True,True,False,arc|Mercury_7068863|policy_T,arc|Mercury_7068863|reference_T
arc,T,MCAS_1998_8_2,MCAS_1998_8_2,0.95,R,1,1,C,C,True,True,260.1938371080905,850.4119741264731,-590.2181370183825,590.2181370183825,0,0.9902527485532275,0.9681422917726011,0.022110456780626373,329.4438309721154,286.71534,42.728490972115395,1063.673181,734.2293500278847,32.52888913266361,227.52319206483662,0.14175591059029102,850.318678887561,0.09329523891210556,-213.26120687352704,-59.192147935163405,-10.057845928861497,-144.01121300950217,True,True,True,True,False,arc|MCAS_1998_8_2|policy_T,arc|MCAS_1998_8_2|reference_T
arc,T,Mercury_7158673,Mercury_7158673,0.95,R,1,1,D,D,True,True,260.20683092065156,883.6513950955123,-623.4445641748607,623.4445641748607,0,0.9902522617855174,0.9668970932016767,0.023355168583840683,328.66969595736316,287.445527,41.224168957363126,1097.847913,769.1782170426369,32.0934031624347,227.99714002758265,0.1162877306342125,883.5313799791038,0.12001511640846729,-214.1965179044878,-59.44838697241738,-9.014478064294217,-145.7336528677762,True,True,True,True,False,arc|Mercury_7158673|policy_T,arc|Mercury_7158673|reference_T
arc,T,Mercury_7014368,Mercury_7014368,0.95,R,1,1,C,C,True,True,263.95300100557506,803.9837470278144,-540.0307460222393,540.0307460222393,0,0.9901119246346226,0.9698815628052602,0.020230361829362515,328.8467250820966,288.817066,40.02965908209658,996.090353,667.2436279179035,31.950214877724648,231.88385320827365,0.1189329195767641,803.8642019964755,0.11954503133893013,-192.10660597218566,-56.93321279172636,-7.960511284795167,-127.21288189566417,True,True,True,True,False,arc|Mercury_7014368|policy_T,arc|Mercury_7014368|reference_T
arc,T,Mercury_7228603,Mercury_7228603,0.95,R,1,1,C,C,True,True,227.91136894375086,694.8984891641885,-466.98712022043765,466.98712022043765,0,0.9914620982365927,0.9739680602002428,0.017494038036349895,296.1160460690153,247.292229,48.82381706901526,866.258314,570.1422679309848,32.21123409457505,195.5835660919547,0.11656875722110271,694.7669629007578,0.1315262634307146,-171.35982483581154,-51.708662908045284,-16.496014217219113,-103.15514771054711,True,True,True,True,False,arc|Mercury_7228603|policy_T,arc|Mercury_7228603|reference_T
arc,T,Mercury_7138688,Mercury_7138688,0.95,R,1,1,D,D,True,True,227.43632807396352,730.9470248874277,-503.51069681346416,503.51069681346416,0,0.991479893980169,0.9726176279767601,0.018862266003408894,290.51455094976916,248.053756,42.46079494976914,917.779386,627.2648350502309,32.03011490404606,195.28670003637671,0.11951313354074955,730.8292337693274,0.11779111810028553,-186.83236111257236,-52.76705596362328,-10.31116691218233,-123.75413823676672,True,True,True,True,False,arc|Mercury_7138688|policy_T,arc|Mercury_7138688|reference_T
arc,T,Mercury_7026198,Mercury_7026198,0.95,R,1,1,A,A,True,True,227.2676129359752,949.9224680475891,-722.6548551116139,722.6548551116139,0,0.9914862143023224,0.9644144793977112,0.027071734904611216,290.0512486899787,247.702734,42.34851468997872,1109.419762,819.3685133100213,31.920029083266854,195.2315759845078,0.11600786820054054,949.8069409746677,0.1155270729213953,-159.49729395241093,-52.47115801549219,-10.312477738511326,-96.71365819840742,True,True,True,True,False,arc|Mercury_7026198|policy_T,arc|Mercury_7026198|reference_T
arc,T,Mercury_7015435,Mercury_7015435,0.95,R,1,1,A,A,True,True,228.7621428258717,801.1246679816395,-572.3625251557678,572.3625251557678,0,0.991430226970749,0.9699886681951456,0.021441558775603383,287.8820089939667,246.732391,41.1496179939667,1001.028237,713.1462280060333,32.03436196781695,196.61247497424483,0.11530588380992413,801.010844996199,0.11382298544049263,-199.90356901836049,-50.119916025755174,-8.999950142339827,-140.7837028502655,True,True,True,True,False,arc|Mercury_7015435|policy_T,arc|Mercury_7015435|reference_T
arc,T,Mercury_7251685,Mercury_7251685,0.95,R,1,1,B,B,True,True,227.9732150491327,750.766325974837,-522.7931109257042,522.7931109257042,0,0.9914597813887117,0.9718751672277071,0.019584614161004644,287.4850221260344,245.797827,41.68719512603438,939.967022,652.4819998739656,32.65822189860046,195.19885489717126,0.11613825336098671,750.6528941448778,0.11343182995915413,-189.2006960251631,-50.59897210282875,-8.912834974072936,-129.68888894826136,True,True,True,True,False,arc|Mercury_7251685|policy_T,arc|Mercury_7251685|reference_T
arc,T,MCAS_2006_5_29,MCAS_2006_5_29,0.95,R,1,1,D,D,True,True,260.5904599186033,746.559192892164,-485.9687329735607,485.9687329735607,0,0.9902378904677842,0.9720327727439738,0.018205117723810334,330.06433888039396,288.311832,41.75250688039398,921.354907,591.2905681196061,32.7115620020777,227.7566590346396,0.1222388818860054,746.4641351252794,0.09505776688456535,-174.79571410783603,-60.555172965360384,-8.918705996430276,-105.32183514604537,True,True,True,True,False,arc|MCAS_2006_5_29|policy_T,arc|MCAS_2006_5_29|reference_T
arc,T,NYSEDREGENTS_2014_4_13,NYSEDREGENTS_2014_4_13,0.95,R,1,1,B,B,True,True,258.7601898703724,809.9410310387611,-551.1808411683887,551.1808411683887,0,0.9903064551293222,0.9696583940098731,0.020648061119449106,328.16746600883533,286.667507,41.49995900883532,1016.528154,688.3606879911647,32.059148885309696,226.5853041317314,0.11573685333132744,809.8265160806477,0.11451495811343193,-206.58712296123883,-60.08220286826861,-9.325073270194295,-137.17984682277597,True,True,True,True,False,arc|NYSEDREGENTS_2014_4_13|policy_T,arc|NYSEDREGENTS_2014_4_13|reference_T
arc,T,Mercury_412551,Mercury_412551,0.95,R,1,1,D,D,True,True,260.1539420429617,865.5943351332098,-605.4403930902481,605.4403930902481,0,0.9902542430822127,0.9675735377547,0.02268070532751257,345.4088111994056,288.111574,57.29723719940555,1070.845186,725.4363748005944,32.14603313244879,227.8917219955474,0.11618691496551037,865.4769561253488,0.11737900786101818,-205.2508508667902,-60.219852004452605,-25.035017151991248,-119.99598171034631,True,True,True,True,False,arc|Mercury_412551|policy_T,arc|Mercury_412551|reference_T
arc,T,Mercury_7044678,Mercury_7044678,0.95,R,1,1,A,A,True,True,227.78250719420612,1023.6620970536023,-795.8795898593962,795.8795898593962,0,0.9914669255910322,0.961652082280616,0.029814843310416183,287.71642520119536,247.354496,40.36192920119536,1195.550585,907.8341597988046,31.797088216990232,195.86977292783558,0.11564604938030243,1023.5418910160661,0.12020603753626347,-171.88848794639762,-51.48472307216443,-8.449194934824824,-111.95456993940843,True,True,True,True,False,arc|Mercury_7044678|policy_T,arc|Mercury_7044678|reference_T
arc,T,Mercury_7270008,Mercury_7270008,0.95,R,1,1,C,C,True,True,226.85848595574498,603.7672490347177,-376.9087630789727,376.9087630789727,0,0.9915015408127206,0.9773819731586391,0.014119567654081457,292.15210275170966,246.504832,45.6472707517097,739.196314,447.04421124829037,32.037257915362716,194.69617307186127,0.12505496852099895,603.6737330723554,0.09351596236228943,-135.42906496528235,-51.808658928138726,-13.484957867825983,-70.13544816931767,True,True,True,True,False,arc|Mercury_7270008|policy_T,arc|Mercury_7270008|reference_T
arc,T,MDSA_2011_5_20,MDSA_2011_5_20,0.95,R,1,1,D,D,True,True,259.1611109673977,847.8118509519845,-588.6507399845868,588.6507399845868,0,0.9902914360236184,0.9682396962870816,0.022051739736536718,329.2822818252606,287.289942,41.992339825260636,1055.553451,726.2711691747394,32.183262053877115,226.86171205714345,0.11613685637712479,847.6985280867666,0.11332286521792412,-207.74160004801547,-60.42822994285655,-9.692940915006396,-137.62042919015255,True,True,True,True,False,arc|MDSA_2011_5_20|policy_T,arc|MDSA_2011_5_20|reference_T
arc,T,Mercury_7130603,Mercury_7130603,0.95,R,0,0,B,B,True,True,227.46059391647577,720.8891860209405,-493.42859210446477,493.42859210446477,0,-0.0085210150546919,-0.027005590291849166,0.018484575237157266,288.15613766759475,246.214173,41.94196466759479,897.236126,609.0799883324053,32.39389602094889,194.9524839874357,0.11421390809118748,720.7751329988241,0.11405302211642265,-176.34693997905947,-51.26168901256429,-9.433854738554714,-115.6513962279405,True,True,True,True,False,arc|Mercury_7130603|policy_T,arc|Mercury_7130603|reference_T
arc,T,Mercury_7246348,Mercury_7246348,0.95,R,1,1,A,A,True,True,228.19986892864108,656.4679790753871,-428.26811014674604,428.26811014674604,0,0.9914512905943889,0.9754077247565853,0.016043565837803527,287.41767391192604,245.700042,41.717631911926034,823.356857,535.939183088074,32.669221982359886,195.4160719178617,0.11457502841949463,656.3544480595738,0.11353101581335068,-166.88887792461287,-50.283970082138296,-8.933834901146653,-107.6710729413279,True,True,True,True,False,arc|Mercury_7246348|policy_T,arc|Mercury_7246348|reference_T
arc,T,Mercury_417146,Mercury_417146,0.95,R,1,1,A,A,True,True,227.4412780534476,857.0121531374753,-629.5708750840276,629.5708750840276,0,0.9914797085465122,0.9678950391661252,0.023584669380387023,292.505592331692,245.973699,46.53189333169198,1073.3948,780.889207668308,32.362507889047265,194.95472800917923,0.12404215522110462,856.8977790419012,0.11437409557402134,-216.38264686252478,-51.018970990820776,-14.045343287423613,-151.31833258428037,True,True,True,True,False,arc|Mercury_417146|policy_T,arc|Mercury_417146|reference_T
arc,T,Mercury_192290,Mercury_192290,0.95,R,1,1,D,D,True,True,258.314976003021,883.6753598880023,-625.3603838849813,625.3603838849813,0,0.9903231335086446,0.9668961954446011,0.023426938064043515,329.7473241540836,286.082292,43.66503215408361,1089.275396,759.5280718459164,31.93133999593556,226.26778786070645,0.11584814637899399,883.5569778457284,0.11838204227387905,-205.60003611199772,-59.81450413929355,-11.617844011769058,-134.16768796093515,True,True,True,True,False,arc|Mercury_192290|policy_T,arc|Mercury_192290|reference_T
arc,T,Mercury_7018148,Mercury_7018148,0.95,R,1,1,B,B,True,True,258.92851618118584,933.8628721889108,-674.934356007725,674.934356007725,0,0.9903001493732181,0.9650160959490789,0.025284053424139207,328.53833001506166,286.084286,42.45404401506162,1161.871833,833.3335029849383,32.46722393669188,226.34650697000325,0.11478527449071407,933.7431481108069,0.11972407810389996,-228.00896081108908,-59.73777902999677,-9.872034803879025,-158.39914697721326,True,True,True,True,False,arc|Mercury_7018148|policy_T,arc|Mercury_7018148|reference_T
arc,T,Mercury_SC_407695,Mercury_SC_407695,0.95,R,1,1,D,D,True,True,259.66500607319176,689.2763739451766,-429.61136787198484,429.61136787198484,0,0.9902725593570779,0.9741786730699077,0.016093886287170216,346.20417394458565,287.947684,58.25648994458568,845.907988,499.7038140554144,32.03994408249855,227.50901500694454,0.11604698374867439,689.1631919424981,0.11318200267851353,-156.63161405482344,-60.438668993055444,-26.100498878338456,-70.09244618342956,True,True,True,True,False,arc|Mercury_SC_407695|policy_T,arc|Mercury_SC_407695|reference_T
arc,T,Mercury_SC_400172,Mercury_SC_400172,0.95,R,1,1,A,A,True,True,228.39363291859627,941.6582009289414,-713.2645680103451,713.2645680103451,0,0.9914440319046658,0.9647240712409465,0.02671996066371931,286.6957379031543,245.283615,41.412122903154255,1160.46671,873.7709720968456,32.55984792485833,195.69808105006814,0.135703943669796,941.5428738575429,0.11532707139849663,-218.80850907105855,-49.58553394993186,-8.716571034626128,-160.50640408650054,True,True,True,True,False,arc|Mercury_SC_400172|policy_T,arc|Mercury_SC_400172|reference_T
arc,T,Mercury_7264023,Mercury_7264023,0.95,R,1,1,D,D,True,True,227.10794396698475,1107.1730870753527,-880.0651431083679,880.0651431083679,0,0.9914921957414153,0.9585236353221558,0.03296856041925951,288.4563554888712,246.669212,41.787143488871216,1389.988995,1101.5326395111288,32.36416098661721,194.6290680207312,0.1147149596363306,1107.0541150402278,0.11897203512489796,-282.81590792464726,-52.04014397926878,-9.308267542617678,-221.46749640276084,True,True,True,True,False,arc|Mercury_7264023|policy_T,arc|Mercury_7264023|reference_T
arc,T,MCAS_2000_8_10,MCAS_2000_8_10,0.95,R,1,1,B,B,True,True,258.2693400327116,667.2179349698126,-408.948594937101,408.948594937101,0,0.9903248431005496,0.9750050152831048,0.015319827817444783,328.7248700313876,286.470625,42.25424503138757,840.319386,511.5945159686124,32.35573507845402,225.79750791192055,0.11609704233705997,667.1058349311352,0.112100038677454,-173.10145103018738,-60.67311708807944,-9.782412910596491,-102.64592103151142,True,True,True,True,False,arc|MCAS_2000_8_10|policy_T,arc|MCAS_2000_8_10|reference_T
arc,T,Mercury_7207620,Mercury_7207620,0.95,R,1,1,A,A,True,True,259.57823311910033,1000.7640451658517,-741.1858120467514,741.1858120467514,0,0.9902758100021035,0.9625098776529885,0.027765932349115105,329.56765291618774,287.23021,42.33744291618776,1172.027068,842.4594150838124,32.11520379409194,227.34599001705647,0.11703930795192719,1000.6446819752455,0.11936319060623646,-171.2630228341484,-59.884219982943534,-10.105199814143894,-101.27360303706098,True,True,True,True,False,arc|Mercury_7207620|policy_T,arc|Mercury_7207620|reference_T
arc,T,TIMSS_2003_8_pg14,TIMSS_2003_8_pg14,0.95,R,1,1,B,B,True,True,228.19515108130872,630.7963910512626,-402.6012399699539,402.6012399699539,0,0.991451467332027,0.9763694209531218,0.015082046378905171,289.3962993129859,247.730235,41.666064312985895,791.538908,502.1426086870141,32.28488191962242,195.788319921121,0.12194924056529999,630.6834488641471,0.11294218711555004,-160.74251694873738,-51.94191507887899,-9.259233152798174,-99.54136871706021,True,True,True,True,False,arc|TIMSS_2003_8_pg14|policy_T,arc|TIMSS_2003_8_pg14|reference_T
arc,T,MCAS_2009_8_5,MCAS_2009_8_5,0.95,R,1,1,D,D,True,True,228.04653202183545,818.5427309945226,-590.4961989726871,590.4961989726871,0,0.9914570348249337,0.969336161426387,0.022120873398546737,288.8195311402092,247.45702,41.3625111402092,1018.390721,729.5711898597908,32.092761946842074,195.83794311620295,0.11582695879042149,818.4501871000975,0.09254389442503452,-199.8479900054774,-51.61907688379705,-9.153922234576704,-139.0749908871037,True,True,True,True,False,arc|MCAS_2009_8_5|policy_T,arc|MCAS_2009_8_5|reference_T
arc,T,Mercury_7215180,Mercury_7215180,0.95,R,1,1,C,C,True,True,259.3203689903021,1147.7150837890804,-888.3947147987783,888.3947147987783,0,0.9902854699791823,0.957004871309468,0.033280598669714376,342.45301201389697,287.759028,54.693984013896944,1422.079869,1079.626856986103,31.74273599870503,227.4618069641292,0.11582602746784687,1147.5961320102215,0.11895177885890007,-274.36478521091954,-60.29722103587079,-22.835421987724068,-191.2321421873246,True,True,True,True,False,arc|Mercury_7215180|policy_T,arc|Mercury_7215180|reference_T
arc,T,Mercury_SC_415354,Mercury_SC_415354,0.95,R,1,1,C,C,True,True,227.48712287284434,756.5690400078893,-529.0819171350449,529.0819171350449,0,0.9914779911308073,0.9716577888555576,0.01982020227524965,287.9973478210085,246.367152,41.63019582100844,948.275078,660.2777301789915,32.25834295153618,195.11405611410737,0.11472380720078945,756.4572009723634,0.111839035525918,-191.70603799211074,-51.253095885892634,-9.257129062271474,-131.1958130439466,True,True,True,True,False,arc|Mercury_SC_415354|policy_T,arc|Mercury_SC_415354|reference_T
arc,T,Mercury_7171938,Mercury_7171938,0.95,R,1,1,D,D,True,True,259.7976441029459,737.816076958552,-478.0184328556061,478.0184328556061,0,0.9902675905375171,0.972360302982124,0.01790728755539318,329.94479207425417,288.455954,41.488838074254154,916.286488,586.3416959257459,32.26020582951605,227.41565015166998,0.12178812175989151,737.7228529658169,0.09322399273514748,-178.47041104144796,-61.04030384833004,-9.10684412297821,-108.32326307013977,True,True,True,True,False,arc|Mercury_7171938|policy_T,arc|Mercury_7171938|reference_T
arc,T,MCAS_1999_8_22,MCAS_1999_8_22,0.95,R,1,1,B,B,True,True,227.59193019010127,686.5983351599425,-459.00640496984124,459.00640496984124,0,0.9914740648914846,0.9742789964200455,0.017195068471439184,287.18873993914406,245.854755,41.33398493914402,860.544404,573.3556640608559,32.549638068303466,194.92744700983167,0.11484511196613312,686.5057807881385,0.09255437180399895,-173.94606884005748,-50.927307990168345,-8.669501758874418,-114.34925909101469,True,True,True,True,False,arc|MCAS_1999_8_22|policy_T,arc|MCAS_1999_8_22|reference_T
arc,T,MEA_2016_5_7,MEA_2016_5_7,0.95,R,1,1,B,B,True,True,260.0516499951482,776.8230370711535,-516.7713870760053,516.7713870760053,0,0.9902580750957688,0.970899043743175,0.01935903135259378,328.25293700848556,287.55836,40.69457700848555,948.591976,620.3390389915145,32.212947960942984,227.72212396375835,0.11657807044684887,776.7062080092728,0.11682906188070774,-171.76893892884652,-59.836236036241644,-8.36505097709572,-103.56765191550915,True,True,True,True,False,arc|MEA_2016_5_7|policy_T,arc|MEA_2016_5_7|reference_T
arc,T,MCAS_2005_8_5,MCAS_2005_8_5,0.95,R,1,1,D,D,True,True,259.59082692861557,507.0970868691802,-247.50625994056463,247.50625994056463,0,0.9902753382191075,0.9810033824452715,0.00927195577383602,332.10874665313463,287.443885,44.66486165313459,619.970181,287.8614343468654,32.23877609707415,227.23188600502908,0.12016482651233673,507.00439303182065,0.09269383735954762,-112.87309413081982,-60.21199899497094,-12.305920729548099,-40.35517440630076,True,True,True,True,False,arc|MCAS_2005_8_5|policy_T,arc|MCAS_2005_8_5|reference_T
arc,T,Mercury_7141908,Mercury_7141908,0.95,R,1,1,C,C,True,True,259.0406748931855,1003.3843270502985,-744.343652157113,744.343652157113,0,0.9902959477396207,0.9624117179629935,0.027884229776627238,329.12160636805606,287.693091,41.42851536805606,1245.057977,915.9363706319439,32.05345897004008,226.86143103055656,0.12578489258885384,1003.2646120525897,0.11971499770879745,-241.67364994970148,-60.83165996944342,-9.249271505427124,-171.59271847483092,True,True,True,True,False,arc|Mercury_7141908|policy_T,arc|Mercury_7141908|reference_T
arc,T,Mercury_7027230,Mercury_7027230,0.95,R,1,1,A,A,True,True,227.86796814762056,997.6598089560866,-769.7918408084661,769.7918408084661,0,0.99146372409552,0.9626261669979747,0.028837557097545274,288.7701733445482,246.174592,42.59558134454822,1245.399322,956.6291486554518,32.088704872876406,195.66298509016633,0.11627818457782269,997.5386110600084,0.12119789607822895,-247.73951304391335,-50.51160690983366,-10.390598287093994,-186.8373078469857,True,True,True,True,False,arc|Mercury_7027230|policy_T,arc|Mercury_7027230|reference_T
arc,T,Mercury_SC_405973,Mercury_SC_405973,0.95,R,1,1,B,B,True,True,226.9568198826164,933.7933720089495,-706.8365521263331,706.8365521263331,0,0.9914978570763122,0.9650186995300752,0.026479157546237003,288.0455241619083,246.343812,41.70171216190827,1074.503375,786.4578508380916,32.0335510186851,194.80710104107857,0.11616782285273075,933.6749089416116,0.1184630673378706,-140.7100029910505,-51.53671095892145,-9.551993320370435,-79.62129871175853,True,True,True,True,False,arc|Mercury_SC_405973|policy_T,arc|Mercury_SC_405973|reference_T
arc,T,Mercury_7245053,Mercury_7245053,0.95,R,1,1,B,B,True,True,227.2339400369674,690.0388030335307,-462.8048629965633,462.8048629965633,0,0.9914874757396309,0.9741501113325617,0.017337364407069244,288.39804007403694,245.891608,42.50643207403696,865.617374,577.2193339259632,32.29612298309803,194.82258008792996,0.11523696593940258,689.9266631808132,0.1121398527175188,-175.57857096646933,-51.06902791207003,-10.095072124999525,-114.41447092939984,True,True,True,True,False,arc|Mercury_7245053|policy_T,arc|Mercury_7245053|reference_T
arc,T,Mercury_7198380,Mercury_7198380,0.95,R,1,1,D,D,True,True,227.12571686133742,847.782202064991,-620.6564852036536,620.6564852036536,0,0.9914915299421323,0.9682408069788637,0.02325072296326849,288.236273983533,246.606027,41.63024698353303,1054.923653,766.687379016467,32.36203105188906,194.6415170095861,0.12216879986226559,847.662336891517,0.1198651734739542,-207.14145093500906,-51.964509990413916,-9.1460471317817,-146.03089381281347,True,True,True,True,False,arc|Mercury_7198380|policy_T,arc|Mercury_7198380|reference_T
arc,T,NCEOGA_2013_5_43,NCEOGA_2013_5_43,0.95,R,1,1,B,B,True,True,259.130469057709,710.5379011482,-451.40743209049106,451.40743209049106,0,0.9902925839155202,0.973382184367125,0.016910399548395242,329.99898386432216,287.333562,42.665421864322184,889.02854,559.0295561356779,31.72943484969437,227.2818312048912,0.1192030031234026,710.4226450901479,0.1152560580521822,-178.49063885179999,-60.05173079510877,-10.81678401150441,-107.62212404518687,True,True,True,True,False,arc|NCEOGA_2013_5_43|policy_T,arc|NCEOGA_2013_5_43|reference_T
arc,T,Mercury_SC_402239,Mercury_SC_402239,0.95,R,1,1,C,C,True,True,259.542069863528,895.1971938367933,-635.6551239732653,635.6551239732653,0,0.9902771647319046,0.9664645702613338,0.02381259447057088,329.63823301381467,287.175954,42.46227901381469,1118.188284,788.5500509861854,32.02098188921809,227.40310709923506,0.11798087507486343,895.0842120684683,0.1129817683249712,-222.99109016320676,-59.77284690076493,-10.323316249521731,-152.8949270129201,True,True,True,True,False,arc|Mercury_SC_402239|policy_T,arc|Mercury_SC_402239|reference_T
arc,T,Mercury_SC_412337,Mercury_SC_412337,0.95,R,0,0,C,C,True,True,230.11519201099873,1027.315234998241,-797.2000429872423,797.2000429872423,0,-0.00862046028139298,-0.038484769746749053,0.02986430946535607,287.80415600497304,246.41145,41.39270600497306,1276.068543,988.264386995027,32.37144905142486,197.6265439298004,0.11719902977347374,1027.1960110403597,0.11922395788133144,-248.75330800175902,-48.78490607019961,-8.904057923774722,-191.0643440077847,True,True,True,True,False,arc|Mercury_SC_412337|policy_T,arc|Mercury_SC_412337|reference_T
arc,T,Mercury_7238963,Mercury_7238963,0.95,R,1,1,A,A,True,True,229.49345619417727,943.8592540100217,-714.3657978158444,714.3657978158444,0,0.9914028308749517,0.9646416164907978,0.026761214384153985,288.3213741598053,246.517811,41.8035631598053,1083.563052,795.2416778401946,32.32612391002476,197.0437210984528,0.12361118569970131,943.7389879021794,0.12026610784232616,-139.70379798997828,-49.47408990154719,-9.353828064080837,-80.87588002435018,True,True,True,True,False,arc|Mercury_7238963|policy_T,arc|Mercury_7238963|reference_T
arc,T,Mercury_412683,Mercury_412683,0.95,R,1,1,D,D,True,True,260.46714396215975,1442.0912719797343,-1181.6241280175745,1181.6241280175745,0,0.990242510068495,0.9459770977152582,0.04426541235323678,328.0396831029103,286.758055,41.28162810291028,1797.417738,1469.37805489709,31.967201037332416,228.3815920818597,0.11835084296762943,1441.9716470874846,0.11962489224970341,-355.3264660202658,-58.376462918140305,-9.196076222610237,-287.75392687951535,True,True,True,True,False,arc|Mercury_412683|policy_T,arc|Mercury_412683|reference_T
arc,T,ACTAAP_2009_5_5,ACTAAP_2009_5_5,0.95,R,1,1,B,B,True,True,227.00621304102242,577.0625560544431,-350.0563430134207,350.0563430134207,0,0.9914960067345052,0.9783823710165617,0.013113635717943547,286.9126519542531,246.228304,40.68434795425308,714.332618,427.41996604574695,31.889715930446982,194.99793485738337,0.11856225319206715,576.9454268738627,0.11712918058037758,-137.2700619455569,-51.23036914261664,-8.676069770614028,-77.36362303232625,True,True,True,True,False,arc|ACTAAP_2009_5_5|policy_T,arc|ACTAAP_2009_5_5|reference_T
arc,T,Mercury_SC_401244,Mercury_SC_401244,0.95,R,1,1,D,D,True,True,226.63256293162704,990.5539550818503,-763.9213921502233,763.9213921502233,0,0.9915100042281041,0.9628923629433745,0.028617641284729576,286.80923683241775,245.282057,41.52717983241773,1236.236109,949.4268721675821,32.42010995745659,194.09483205527067,0.11762091889977455,990.4361739754677,0.11778110638260841,-245.68215391814965,-51.18722494472934,-8.989448956061366,-185.50548001735888,True,True,True,True,False,arc|Mercury_SC_401244|policy_T,arc|Mercury_SC_401244|reference_T
arc,T,AIMS_2009_4_29,AIMS_2009_4_29,0.95,R,1,1,D,D,True,True,260.1545590441674,788.9663758687675,-528.8118168246001,528.8118168246001,0,0.9902542199684219,0.9704441360559706,0.01981008391245129,328.3528829545161,287.058942,41.29394095451605,973.086834,644.7339510454839,32.321444945409894,227.71058417856693,0.12252992019057274,788.8458999805152,0.1204758882522583,-184.12045813123245,-59.34835782143307,-8.849966088915586,-115.92213422088378,True,True,True,True,False,arc|AIMS_2009_4_29|policy_T,arc|AIMS_2009_4_29|reference_T
arc,T,Mercury_7018445,Mercury_7018445,0.95,R,1,1,D,D,True,True,258.90810205601156,665.7986959908158,-406.8905939348042,406.8905939348042,0,0.9903009141169696,0.9750581821042144,0.015242732012755283,327.20080834035747,285.872402,41.328406340357425,835.422397,508.2215886596426,32.20104007050395,226.58052504993975,0.12653693556785583,665.7049998175353,0.09369617328047752,-169.6237010091843,-59.29187695006027,-9.00082933428562,-101.33099472483838,True,True,True,True,False,arc|Mercury_7018445|policy_T,arc|Mercury_7018445|reference_T
arc,T,Mercury_7103215,Mercury_7103215,0.95,R,1,1,C,C,True,True,260.3786080144346,974.7953829355538,-714.4167749211192,714.4167749211192,0,0.9902458267579068,0.96348270269492,0.026763124062986754,327.44589887340237,286.324887,41.12101187340236,1200.192089,872.7461901265975,32.04373409971595,228.21873589418828,0.11613802053034306,974.6970781125128,0.09830482304096222,-225.3967060644461,-58.106151105811705,-8.961139753156068,-158.3294152054783,True,True,True,True,False,arc|Mercury_7103215|policy_T,arc|Mercury_7103215|reference_T
arc,T,Mercury_7032743,Mercury_7032743,0.95,R,1,1,C,C,True,True,227.43970504961908,831.0694498941302,-603.6297448445112,603.6297448445112,0,0.9914797674735953,0.9688668917454653,0.022612875728130002,287.79761415983904,245.888462,41.90915215983903,1037.95408,750.156465840161,32.508997013792396,194.81349899433553,0.11720904149115086,830.9543230570853,0.1151268370449543,-206.88463010586975,-51.07496300566447,-9.282946104555485,-146.52672099564984,True,True,True,True,False,arc|Mercury_7032743|policy_T,arc|Mercury_7032743|reference_T
arc,T,Mercury_7193043,Mercury_7193043,0.95,R,1,1,B,B,True,True,227.45474404655397,891.0795738920569,-663.624829845503,663.624829845503,0,0.9914792040902106,0.9666188224811776,0.024860381609033012,303.9245219623463,246.791237,57.133284962346316,1117.367634,813.4431120376537,32.15107601135969,195.1826720032841,0.12099603191018105,890.9614130388945,0.11816085316240788,-226.288060107943,-51.6085649967159,-24.861212919076443,-149.81828219215072,True,True,True,True,False,arc|Mercury_7193043|policy_T,arc|Mercury_7193043|reference_T
arc,T,MEA_2013_5_3,MEA_2013_5_3,0.95,R,1,1,D,D,True,True,260.22170507349074,719.5754840504378,-459.35377897694707,459.35377897694707,0,0.9902517045774398,0.9730436229546094,0.01720808162283034,330.1275331365601,288.680945,41.44658813656008,893.126578,562.9990448634398,32.66971814446151,227.43734205141664,0.11464487761259079,719.4848549552262,0.0906290952116251,-173.5510939495622,-61.24360294858337,-8.662225114485977,-103.64526588649278,True,True,True,True,False,arc|MEA_2013_5_3|policy_T,arc|MEA_2013_5_3|reference_T
arc,T,Mercury_176838,Mercury_176838,0.95,R,1,1,A,A,True,True,227.68294205889106,678.7091200239956,-451.0261779651046,451.0261779651046,0,0.9914706554503556,0.9745745382534049,0.016896117196950777,292.1225097186959,247.160594,44.96191571869588,849.032898,556.9103882813042,32.0073461625725,195.56214287877083,0.11345301754772663,678.5995939280838,0.10952609591186047,-170.3237779760044,-51.598451121229175,-12.841116538575648,-105.88421031619964,True,True,True,True,False,arc|Mercury_176838|policy_T,arc|Mercury_176838|reference_T
arc,T,MCAS_2011_5_17673,MCAS_2011_5_17673,0.95,R,1,1,A,A,True,True,260.5621728580445,928.7393679842353,-668.1771951261908,668.1771951261908,0,0.9902389501435053,0.9652080301021957,0.025030920041309513,330.0900357330991,287.974351,42.1156847330991,1156.113938,826.0239022669009,32.213311875239015,228.23169105686247,0.117169925943017,928.624311927706,0.11505605652928352,-227.37457001576468,-59.74265994313754,-9.78520293191707,-157.84670714071012,True,True,True,True,False,arc|MCAS_2011_5_17673|policy_T,arc|MCAS_2011_5_17673|reference_T
arc,T,Mercury_7090720,Mercury_7090720,0.95,R,1,1,B,B,True,True,227.52124816179276,827.3421321064234,-599.8208839446306,599.8208839446306,0,0.991476712746293,0.9690065226610266,0.022470190085266396,288.85581110468496,247.413562,41.44224910468495,942.298958,653.4431468953151,32.004601089283824,195.39831578731537,0.11833128519356251,827.2261749953032,0.115957111120224,-114.95682589357659,-52.015246212684644,-9.31931673020756,-53.622262950684444,True,True,True,True,False,arc|Mercury_7090720|policy_T,arc|Mercury_7090720|reference_T
arc,T,NCEOGA_2013_8_40,NCEOGA_2013_8_40,0.95,R,1,1,C,C,True,True,258.7692509405315,786.4529849030077,-527.6837339624763,527.6837339624763,0,0.9903061156880418,0.9705382914518078,0.019767824236234025,329.6513753328755,288.454057,41.19731833287549,969.876833,640.2254576671246,31.92824707366526,226.72475595027208,0.11624791659414768,786.3380790222436,0.11490588076412678,-183.4238480969923,-61.729301049727894,-9.152823342616081,-112.54172370464835,True,True,True,True,False,arc|NCEOGA_2013_8_40|policy_T,arc|NCEOGA_2013_8_40|reference_T
arc,T,Mercury_7164850,Mercury_7164850,0.95,R,1,1,A,A,True,True,228.8594578858465,1128.972328035161,-900.1128701493144,900.1128701493144,0,0.9914265814026231,0.9577070030554362,0.033719578347186786,289.39135797942413,246.742956,42.64840197942412,1377.85307,1088.4617120205758,31.92434017546475,196.81853894144297,0.11657876893877983,1128.8594261277467,0.11290190741419792,-248.880741964839,-49.924417058557026,-10.607483035020593,-188.34884187126136,True,True,True,True,False,arc|Mercury_7164850|policy_T,arc|Mercury_7164850|reference_T
arc,T,Mercury_7131828,Mercury_7131828,0.95,T,1,1,C,C,True,True,818.4869911056012,781.9860291201621,36.50096198543906,-36.50096198543906,0,0.9693382495262397,0.970705630316175,-0.0013673807899352993,1015.3034339983118,970.52634,44.777093998311756,970.52634,-44.777093998311784,31.81707998737693,786.5563880186528,0.11352309957146645,781.8747800774872,0.1112490426748991,-188.54031087983788,-183.9699519813472,-12.846490911363361,8.276132012872722,True,True,True,True,False,arc|Mercury_7131828|policy_T,arc|Mercury_7131828|reference_T
arc,T,Mercury_7245088,Mercury_7245088,0.95,T,1,1,D,D,True,True,869.5773729123175,832.2715139947832,37.30585891753435,-37.30585891753435,0,0.9674243271846632,0.9688218606210758,-0.0013975334364125073,1086.381704013264,1043.925286,42.45641801326406,1043.925286,-42.456418013264056,32.318269833922386,837.1329170186073,0.12618605978786945,832.1591420099139,0.11237198486924171,-211.65377200521675,-206.79236898139266,-10.011962119553807,5.1505590957297045,True,True,True,True,False,arc|Mercury_7245088|policy_T,arc|Mercury_7245088|reference_T
arc,T,LEAP_2006_8_10412,LEAP_2006_8_10412,0.95,R,1,1,B,B,True,True,260.11915202252567,837.6433139201254,-577.5241618975997,577.5241618975997,0,0.9902555463685656,0.968620624937802,0.021634921430763558,344.4975838800963,287.665779,56.831804880096314,949.266365,604.7687811199037,32.236116006970406,227.74258302524686,0.14045299030840397,837.5298120081425,0.11350191198289394,-111.62305107987459,-59.92319597475313,-24.455235882817504,-27.24461922230398,True,True,True,True,False,arc|LEAP_2006_8_10412|policy_T,arc|LEAP_2006_8_10412|reference_T
arc,T,Mercury_SC_415366,Mercury_SC_415366,0.95,R,1,1,B,B,True,True,227.64298785477877,954.8597070388496,-727.2167191840708,727.2167191840708,0,0.9914721521947758,0.9642295230188995,0.027242629175876235,287.90372285821763,246.591078,41.312644858217595,1173.882249,885.9785261417824,31.94669308140874,195.58076793327928,0.11552684009075165,954.7432390972972,0.11646794155240059,-219.0225419611504,-51.010310066720734,-9.250424936718105,-158.76180695771154,True,True,True,True,False,arc|Mercury_SC_415366|policy_T,arc|Mercury_SC_415366|reference_T
arc,T,Mercury_180058,Mercury_180058,0.95,R,1,1,A,A,True,True,261.1713239457458,829.1986119002104,-568.0272879544646,568.0272879544646,0,0.9902161304299912,0.9689369761431036,0.021279154286887723,330.28206890873054,287.335795,42.946273908730504,1023.190954,692.9088850912694,32.416122034192085,228.63799193874002,0.11720997281372547,829.0809320751578,0.11767982505261898,-193.99234209978965,-58.697803061260004,-10.412941901724693,-124.88159713680488,True,True,True,True,False,arc|Mercury_180058|policy_T,arc|Mercury_180058|reference_T
arc,T,Mercury_7081760,Mercury_7081760,0.95,R,1,1,B,B,True,True,260.5416141450405,886.0523358453065,-625.510721700266,625.510721700266,0,0.9902397203037339,0.9668071503596127,0.023432569944121174,343.3695208288779,288.234133,55.135387828877924,1096.92802,753.5584991711221,32.35018998384476,228.0696458183229,0.12177834287285805,885.9368590638041,0.11547678150236607,-210.87568415469354,-60.16448718167709,-22.66341950216031,-128.0477774708561,True,True,True,True,False,arc|Mercury_7081760|policy_T,arc|Mercury_7081760|reference_T
arc,T,NYSEDREGENTS_2014_4_28,NYSEDREGENTS_2014_4_28,0.95,R,1,1,B,B,True,True,227.31614392250776,872.4433837924153,-645.1272398699075,645.1272398699075,0,0.991484396258767,0.9673169621178808,0.02416743414088631,287.75072278650055,246.563996,41.18672678650057,1091.487745,803.7370222134994,31.892305007204413,195.30510599724948,0.11873291805386543,872.3289899062365,0.11439388617873192,-219.04436120758464,-51.25889000275052,-9.175688861242293,-158.60978234359186,True,True,True,True,False,arc|NYSEDREGENTS_2014_4_28|policy_T,arc|NYSEDREGENTS_2014_4_28|reference_T
arc,T,Mercury_7085820,Mercury_7085820,0.95,R,1,1,D,D,True,True,259.68317897059023,977.5410441216081,-717.8578651510179,717.8578651510179,0,0.9902718785730807,0.9633798461082093,0.026892032464871464,327.83565212750983,286.013856,41.821796127509835,1136.715985,808.8803328724903,32.412810949608684,227.15449100360274,0.11587701737880707,977.4281419813633,0.11290214024484158,-159.1749408783919,-58.85936499639723,-9.293108160522344,-91.02246772147237,True,True,True,True,False,arc|Mercury_7085820|policy_T,arc|Mercury_7085820|reference_T
arc,T,NCEOGA_2013_8_4,NCEOGA_2013_8_4,0.95,R,1,1,D,D,True,True,260.4434029199183,909.1581869870424,-648.7147840671241,648.7147840671241,0,0.9902433994435506,0.9659415705154727,0.024301828928077807,330.0032390355321,287.047628,42.955611035532115,1120.813679,790.8104399644681,32.19862002879381,228.12778409570456,0.11699879541993141,909.0641608927399,0.09402609430253506,-211.65549201295767,-58.91984390429542,-10.639992211318372,-142.09565589734393,True,True,True,True,False,arc|NCEOGA_2013_8_4|policy_T,arc|NCEOGA_2013_8_4|reference_T
arc,T,Mercury_7183015,Mercury_7183015,0.95,R,1,1,A,A,True,True,263.4144308976829,808.6347780190408,-545.2203471213579,545.2203471213579,0,0.9901321002787565,0.9697073282074614,0.020424772071295116,330.2374328525486,287.153558,43.0838748525486,998.452975,668.2155421474515,32.41524496115744,230.8711060322821,0.12807990424335003,808.5213161539286,0.11346186511218548,-189.81819698095921,-56.28245196771786,-10.540549987147806,-122.9951950260936,True,True,True,True,False,arc|Mercury_7183015|policy_T,arc|Mercury_7183015|reference_T
arc,T,AKDE&ED_2008_8_44,AKDE&ED_2008_8_44,0.95,T,1,1,A,A,True,True,1065.9010780509561,1030.9765599668026,34.92451808415353,-34.92451808415353,0,0.96006974669107,0.9613780715276886,-0.001308324836618551,1317.8147461376348,1276.757133,41.05761313763475,1276.757133,-41.05761313763469,31.94974293000996,1033.8314101099968,0.11992501094937325,1030.8604231104255,0.11613685637712479,-245.78057303319747,-242.92572289000327,-8.987945196675419,6.133095053481156,True,True,True,True,False,arc|AKDE&ED_2008_8_44|policy_T,arc|AKDE&ED_2008_8_44|reference_T
arc,T,Mercury_SC_LBS10598,Mercury_SC_LBS10598,0.95,T,1,1,A,A,True,True,722.2717860713601,694.5191090926528,27.752676978707314,-27.752676978707314,0,0.9729426154362667,0.9739822723468189,-0.001039656910552176,905.2199688817345,863.755497,41.46447188173449,863.755497,-41.46447188173454,32.44677418842912,689.708603778854,0.11640810407698154,694.4064979907125,0.11261110194027424,-169.2363879073472,-174.04689322114598,-8.90128958922839,13.711794903027226,True,True,True,True,False,arc|Mercury_SC_LBS10598|policy_T,arc|Mercury_SC_LBS10598|reference_T
arc,T,Mercury_7282608,Mercury_7282608,0.95,R,1,1,C,C,True,True,228.33376098424196,912.106801988557,-683.773041004315,683.773041004315,0,0.9914462747971388,0.9658311109743901,0.02561516382274864,288.7099858419962,246.497521,42.212464841996194,1030.687781,741.9777951580039,32.326108077540994,195.89149509556592,0.11615781113505363,911.990414140746,0.11638784781098366,-118.5809790114431,-50.60602590443409,-9.770198953320147,-58.204754153688896,True,True,True,True,False,arc|Mercury_7282608|policy_T,arc|Mercury_7282608|reference_T
arc,T,Mercury_7145513,Mercury_7145513,0.95,R,1,1,B,B,True,True,227.74919494986534,784.3972479458898,-556.6480529960245,556.6480529960245,0,0.9914681735176759,0.9706153024419687,0.0208528710757072,305.01006502845183,246.917705,58.0923600284518,967.80214,662.7920749715481,32.104993937537074,195.50265604630113,0.14154496602714062,784.2824030667543,0.11484487913548946,-183.40489205411018,-51.415048953698886,-25.845821124887586,-106.14402197552363,True,True,True,True,False,arc|Mercury_7145513|policy_T,arc|Mercury_7145513|reference_T
arc,T,NYSEDREGENTS_2014_4_22,NYSEDREGENTS_2014_4_22,0.95,R,1,1,A,A,True,True,228.8483150769025,706.0584840364754,-477.2101689595729,477.2101689595729,0,0.991426998828961,0.9735499900515648,0.017877008777396182,288.6349928519967,247.521163,41.11382985199666,868.102896,579.4679031480033,32.16689988039434,196.5664301533252,0.1149850431829691,705.9435478877276,0.11493614874780178,-162.04441196352457,-50.9547328466748,-8.831944928419354,-102.25773418843039,True,True,True,True,False,arc|NYSEDREGENTS_2014_4_22|policy_T,arc|NYSEDREGENTS_2014_4_22|reference_T
arc,T,Mercury_7284043,Mercury_7284043,0.95,R,1,1,C,C,True,True,232.34260687604547,850.9523009415716,-618.6096940655261,618.6096940655261,0,0.9912960974164864,0.9681220503195801,0.023174047096906344,290.3013650232846,246.644839,43.656526023284556,1056.812049,766.5106839767153,32.17674791812897,200.03069611266255,0.1351628452539444,850.8403808809817,0.11192006058990955,-205.8597480584283,-46.61414288733744,-11.344615259901644,-147.90098991118919,True,True,True,True,False,arc|Mercury_7284043|policy_T,arc|Mercury_7284043|reference_T
arc,T,Mercury_7192990,Mercury_7192990,0.95,R,1,1,A,A,True,True,228.5335350316018,836.7047111969441,-608.1711761653423,608.1711761653423,0,0.9914387909616498,0.9686557864037812,0.022783004557868577,297.6830911340521,246.394997,51.28809413405216,982.583961,684.9008698659479,32.22158597782254,196.194940013811,0.11700903996825218,836.5866800304502,0.11803116649389267,-145.87924980305593,-50.200056986189,-18.949499116261364,-76.7296937006056,True,True,True,True,False,arc|Mercury_7192990|policy_T,arc|Mercury_7192990|reference_T
arc,T,Mercury_SC_415348,Mercury_SC_415348,0.95,R,1,1,D,D,True,True,228.13454596325755,810.6592430267483,-582.5246970634907,582.5246970634907,0,0.9914537376906611,0.9696314887114356,0.021822248979225516,288.8688740570364,247.564385,41.3044890570364,1016.808754,727.9398799429637,32.15478197671473,195.8578759804368,0.12188800610601902,810.5401401408017,0.11910288594663143,-206.14951097325172,-51.706509019563185,-9.02781907421565,-145.41518287947292,True,True,True,True,False,arc|Mercury_SC_415348|policy_T,arc|Mercury_SC_415348|reference_T
arc,T,Mercury_7008120,Mercury_7008120,0.95,R,1,1,A,A,True,True,260.0268251262605,830.9524059295654,-570.9255808033049,570.9255808033049,0,0.9902590050725963,0.9688712763879519,0.021387728684644475,327.3540221844417,285.943954,41.410068184441684,1040.348202,712.9941798155583,32.266641035676,227.6448281481862,0.11535594239830971,830.8353570755571,0.117048854008317,-209.39579607043447,-58.29912585181381,-9.028071206367372,-142.06859901225334,True,True,True,True,False,arc|Mercury_7008120|policy_T,arc|Mercury_7008120|reference_T
arc,T,Mercury_SC_LBS10040,Mercury_SC_LBS10040,0.95,R,1,1,D,D,True,True,260.25742781348526,734.1939720790833,-473.93654426559806,473.93654426559806,0,0.990250366350013,0.972495992464316,0.017754373885697033,328.2529731101359,286.683661,41.56931211013591,914.707786,586.4548128898641,32.378559932112694,227.7611969038844,0.11767097748816013,734.0771129820496,0.11685909703373909,-180.51381392091673,-58.92246409611556,-9.073081200535057,-112.51826862426606,True,True,True,True,False,arc|Mercury_SC_LBS10040|policy_T,arc|Mercury_SC_LBS10040|reference_T
arc,T,MCAS_2013_8_29421,MCAS_2013_8_29421,0.95,R,1,1,A,A,True,True,260.8958939090371,812.6391437835991,-551.743249874562,551.743249874562,0,0.9902264484523304,0.9695573186590962,0.02066912979323421,329.5312229395981,288.114151,41.41707193959808,1001.258011,671.726788060402,32.187111210078,228.59324677847326,0.11553592048585415,812.5231068115681,0.11603697203099728,-188.61886721640087,-59.520904221526735,-9.114424809034226,-119.98353818583996,True,True,True,True,False,arc|MCAS_2013_8_29421|policy_T,arc|MCAS_2013_8_29421|reference_T
arc,T,Mercury_7044100,Mercury_7044100,0.95,R,0,0,B,A,True,True,228.97771699354053,840.2711560484022,-611.2934390548617,611.2934390548617,0,-0.008577848760948008,-0.031477817970267684,0.022899969209319675,288.2408100096407,246.371963,41.868847009640696,1048.242769,760.0019589903593,32.59715996682644,196.25572301447392,0.12483401224017143,840.1547379326075,0.11641811579465866,-207.97161295159776,-50.11623998552608,-9.146853030574086,-148.70851993549763,True,True,True,True,False,arc|Mercury_7044100|policy_T,arc|Mercury_7044100|reference_T
arc,T,Mercury_7241115,Mercury_7241115,0.95,R,0,0,B,B,True,True,261.02922507561743,913.421151926741,-652.3919268511236,652.3919268511236,0,-0.009778546333175592,-0.03421812654590983,0.024439580212734242,336.18402102495776,288.246942,47.937079024957775,1141.55911,805.3750889750422,31.781291123479605,229.1284198872745,0.11951406486332417,913.298191037029,0.12296088971197605,-228.13795807325891,-59.118522112725486,-16.036273836614846,-152.98316212391865,True,True,True,True,False,arc|Mercury_7241115|policy_T,arc|Mercury_7241115|reference_T
arc,T,Mercury_415263,Mercury_415263,0.95,R,1,1,C,C,True,True,259.9991138558835,978.7347859237343,-718.7356720678508,718.7356720678508,0,0.9902600431783535,0.9633351267496065,0.026924916428746948,327.3940390547743,286.258308,41.13573105477428,1216.81561,889.4215709452258,32.299162121489644,227.57918504066765,0.12076669372618198,978.6395370028913,0.09524892084300518,-238.0808240762658,-58.67912295933235,-8.715802239558457,-170.68589887737494,True,True,True,True,False,arc|Mercury_415263|policy_T,arc|Mercury_415263|reference_T
arc,T,MCAS_2012_8_23636,MCAS_2012_8_23636,0.95,R,1,1,D,D,True,True,228.5311701707542,1107.5844711158425,-879.0533009450883,879.0533009450883,0,0.9914388795528846,0.9585082242588946,0.032930655293990016,289.466097078337,246.551362,42.91473507833695,1296.661077,1007.1949799216629,32.146985875442624,196.26701390370727,0.11717039160430431,1107.4653889518231,0.11908216401934624,-189.07660588415752,-50.284348096292746,-10.650578811290025,-128.14167897657467,True,True,True,True,False,arc|MCAS_2012_8_23636|policy_T,arc|MCAS_2012_8_23636|reference_T
arc,T,Mercury_7245893,Mercury_7245893,0.95,R,1,1,B,B,True,True,228.44311501830816,958.897105883807,-730.4539908654988,730.4539908654988,0,0.991442178230984,0.9640782760017906,0.027363902229193347,289.29949093994924,246.354821,42.94466993994927,1199.97965,910.6801590600508,32.648035092279315,195.6723288167268,0.12275110930204391,958.779094973579,0.11801091022789478,-241.08254411619305,-50.68249218327318,-10.173883738367913,-180.22616819455197,True,True,True,True,False,arc|Mercury_7245893|policy_T,arc|Mercury_7245893|reference_T
arc,T,Mercury_7139790,Mercury_7139790,0.95,R,1,1,C,C,True,True,259.79976006783545,882.2471289895475,-622.447368921712,622.447368921712,0,0.9902675112702982,0.9669496991165022,0.02331781215379607,340.2592077115865,287.684631,52.574576711586474,1099.13223,758.8730222884135,32.035197131335735,227.64901584014297,0.11554709635674953,882.1331760846078,0.11395290493965149,-216.88510101045244,-60.03561515985706,-20.42383248389399,-136.42565336670145,True,True,True,True,False,arc|Mercury_7139790|policy_T,arc|Mercury_7139790|reference_T
arc,T,TIMSS_2011_8_pg63,TIMSS_2011_8_pg63,0.95,R,1,1,C,C,True,True,227.1407030057162,1013.1478910334408,-786.0071880277246,786.0071880277246,0,0.9914909685386836,0.9620459602101655,0.029445008328518034,287.3367528456092,245.866609,41.470143845609186,1270.509366,983.1726131543908,32.34588890336454,194.67961811460555,0.1151959877461195,1013.0155431106687,0.1323479227721691,-257.3614749665592,-51.186990885394465,-9.009058954498528,-197.16542512666615,True,True,True,True,False,arc|TIMSS_2011_8_pg63|policy_T,arc|TIMSS_2011_8_pg63|reference_T
arc,T,MCAS_2006_9_33,MCAS_2006_9_33,0.95,R,1,1,D,D,True,True,261.9648480322212,805.5109609849751,-543.5461129527539,543.5461129527539,0,0.9901864038273711,0.9698243510794986,0.02036205274787247,329.1933771013834,287.944983,41.24839410138345,981.817503,652.6241258986165,33.59649400226772,228.25103485956788,0.11731917038559914,805.3959950339049,0.11496595107018948,-176.3065420150249,-59.6939481404321,-7.534580928730129,-109.07801294586261,True,True,True,True,False,arc|MCAS_2006_9_33|policy_T,arc|MCAS_2006_9_33|reference_T
arc,T,Mercury_184258,Mercury_184258,0.95,R,1,1,A,A,True,True,228.4436048939824,709.3424329068512,-480.89882801286876,480.89882801286876,0,0.9914421598795065,0.9734269684007307,0.01801519147877566,287.75960215129373,246.385229,41.37437315129375,889.213026,601.4534238487063,32.65091101638973,195.6674000248313,0.12529385276138783,709.2278390191495,0.11459388770163059,-179.87059309314884,-50.717828975168715,-8.598168282142638,-120.55459583583752,True,True,True,True,False,arc|Mercury_184258|policy_T,arc|Mercury_184258|reference_T
arc,T,VASoL_2008_5_19,VASoL_2008_5_19,0.95,R,1,1,D,D,True,True,258.4281580056995,925.5626739468426,-667.134515941143,667.134515941143,0,0.9903188935410435,0.9653270338260966,0.024991859714946926,328.9176570849996,287.423117,41.494540084999564,1146.793955,817.8762979150006,31.90260799601674,226.40765900723636,0.11789100244641304,925.4699798766524,0.09269407019019127,-221.23128105315755,-61.01545799276363,-9.47404108653641,-150.74178197385754,True,True,True,True,False,arc|VASoL_2008_5_19|policy_T,arc|VASoL_2008_5_19|reference_T
arc,T,Mercury_7234483,Mercury_7234483,0.95,T,1,1,B,B,True,True,1185.3449000045657,1161.132027860731,24.21287214383483,-24.21287214383483,0,0.9555952019467159,0.9565022524582023,-0.0009070505114864309,1485.0347117975978,1444.61787,40.41684179759777,1444.61787,-40.416841797597726,32.244018046185374,1152.979584876448,0.1212970819324255,1161.0171520151198,0.11487584561109543,-283.48584213926915,-291.6382851235521,-8.05152666947997,16.203969653762897,True,True,True,True,False,arc|Mercury_7234483|policy_T,arc|Mercury_7234483|reference_T
arc,T,ACTAAP_2010_5_10,ACTAAP_2010_5_10,0.95,R,1,1,A,A,True,True,264.315095031634,702.3022251669317,-437.9871301352978,437.9871301352978,0,0.9900983600492405,0.9736907051434653,0.01640765490577506,327.7855267640541,287.353195,40.43233176405406,869.061396,541.2758692359458,32.71746612153947,231.4796580467373,0.11797086335718632,702.1874890197068,0.1147361472249031,-166.7591708330682,-55.873536953262715,-7.596894779157402,-103.28873910064806,True,True,True,True,False,arc|ACTAAP_2010_5_10|policy_T,arc|ACTAAP_2010_5_10|reference_T
arc,T,Mercury_7007875,Mercury_7007875,0.95,R,1,1,B,B,True,True,230.76130100525916,826.8992980010808,-596.1379969958216,596.1379969958216,0,0.9913553355064739,0.9690231118908944,0.022332223615579547,286.96089310090326,245.304508,41.65638510090327,1039.277521,752.3166278990967,32.52969402819872,198.09571304358542,0.13589393347501755,826.7872370779514,0.11206092312932014,-212.37822299891923,-47.20879495641458,-8.990797139229535,-156.17863090327512,True,True,True,True,False,arc|Mercury_7007875|policy_T,arc|Mercury_7007875|reference_T
arc,T,Mercury_180443,Mercury_180443,0.95,R,0,0,A,A,True,True,260.0231480319053,749.9225388746709,-489.89939084276557,489.89939084276557,0,-0.009740857177933172,-0.028093223241781855,0.01835236606384868,327.645363926661,285.988909,41.65645492666101,937.423308,609.7779440733391,32.441959949210286,227.46691503562033,0.11427304707467556,749.8068120330572,0.11572684161365032,-187.50076912532916,-58.52199396437965,-9.100221930376051,-119.87855323057352,True,True,True,True,False,arc|Mercury_180443|policy_T,arc|Mercury_180443|reference_T
arc,T,Mercury_7159268,Mercury_7159268,0.95,T,0,0,B,B,True,True,963.7869929429144,929.2089191731066,34.578073769807816,-34.578073769807816,0,-0.03610490650261136,-0.03480955998969857,-0.0012953465129127918,1191.6408139331215,1150.616002,41.02481193312144,1150.616002,-41.024811933121555,32.08805597387254,931.5837400499731,0.11519691906869411,929.092280799523,0.11663837358355522,-221.40708282689343,-219.03226195002685,-8.821559040180205,6.446738163313739,True,True,True,True,False,arc|Mercury_7159268|policy_T,arc|Mercury_7159268|reference_T
arc,T,Mercury_7221865,Mercury_7221865,0.95,R,1,1,C,C,True,True,260.00363286584616,645.7610460929573,-385.7574132271111,385.7574132271111,0,0.9902598738894615,0.9758088225272452,0.014451051362216309,328.07624421272135,286.837681,41.238563212721346,791.286647,463.21040278727867,31.920231878757477,227.96720289625227,0.11619809083640575,645.663833944127,0.09721214883029461,-145.52560090704276,-58.8704781037477,-9.202133243127463,-77.45298956016757,True,True,True,True,False,arc|Mercury_7221865|policy_T,arc|Mercury_7221865|reference_T
arc,T,Mercury_SC_401663,Mercury_SC_401663,0.95,R,1,1,B,B,True,True,226.8025898374617,957.1057269349694,-730.3031370975077,730.3031370975077,0,0.9915036347651595,0.9641453837444062,0.027358251020753344,289.31591994432404,245.335441,43.98047894432402,1197.550409,908.2344890556759,32.59601816534996,194.08247899264097,0.12409267947077751,956.988237099722,0.11748983524739742,-240.44468206503052,-51.25296200735903,-11.260368099503282,-177.9313519581682,True,True,True,True,False,arc|Mercury_SC_401663|policy_T,arc|Mercury_SC_401663|reference_T
arc,T,Mercury_184765,Mercury_184765,0.95,R,1,1,B,B,True,True,226.9509881734848,823.2907238416374,-596.3397356681526,596.3397356681526,0,0.9914980755408843,0.9691582944920173,0.02233978104886699,287.1120218799627,246.316743,40.79527887996268,1019.867233,732.7552111200373,31.99304803274572,194.8421630077064,0.11577713303267956,823.1787940021604,0.11192983947694302,-196.57650915836268,-51.4745799922936,-8.686453714184282,-136.41547545188473,True,True,True,True,False,arc|Mercury_184765|policy_T,arc|Mercury_184765|reference_T
arc,T,Mercury_7143518,Mercury_7143518,0.95,R,1,1,D,D,True,True,227.71698399446905,775.4190980922431,-547.702114097774,547.702114097774,0,0.9914693801883837,0.9709516374033303,0.020517742785053316,288.84613699113214,247.166518,41.67961899113214,957.892057,669.0459200088678,31.878782901912928,195.72401698678732,0.11418410576879978,775.2854970749468,0.13360101729631424,-182.47295890775695,-51.44250101321268,-9.68665198345041,-121.3438059110938,True,True,True,True,False,arc|Mercury_7143518|policy_T,arc|Mercury_7143518|reference_T
arc,T,MCAS_2010_8_12010,MCAS_2010_8_12010,0.95,R,1,1,C,C,True,True,259.37682786025107,1094.523860141635,-835.1470322813839,835.1470322813839,0,0.9902833549452218,0.9589974943378058,0.031285860607416074,333.12084277257793,287.362202,45.758640772577884,1278.217947,945.0971042274222,31.88823303207755,227.36891102977097,0.11968379840254784,1094.4068299140781,0.11703022755682468,-183.69408685836515,-59.993290970229054,-13.750723942097785,-109.95007194603829,True,True,True,True,False,arc|MCAS_2010_8_12010|policy_T,arc|MCAS_2010_8_12010|reference_T
arc,T,Mercury_7026443,Mercury_7026443,0.95,R,1,1,D,D,True,True,261.117901885882,769.9731069151312,-508.8552050292492,508.8552050292492,0,0.9902181317004906,0.9711556524021874,0.019062479298303178,329.8221059637345,287.313791,42.508314963734506,965.277341,635.4552350362655,32.18049998395145,228.8128670770675,0.12453482486307621,769.8600040748715,0.11310284025967121,-195.30423408486877,-58.500923922932486,-10.20328015491998,-126.60003000701636,True,True,True,True,False,arc|Mercury_7026443|policy_T,arc|Mercury_7026443|reference_T
arc,T,Mercury_7250023,Mercury_7250023,0.95,R,1,1,A,A,True,True,228.43282506801188,1145.994764054194,-917.5619389861822,917.5619389861822,0,0.9914425637079578,0.957069317067335,0.03437324664062272,288.9105468824501,247.475621,41.4349258824501,1423.093278,1134.18273111755,31.78214398212731,196.53576496057212,0.11491612531244755,1145.8776739891618,0.11709006503224373,-277.09851394580596,-50.939856039427866,-9.537865775010346,-216.6207921313678,True,True,True,True,False,arc|Mercury_7250023|policy_T,arc|Mercury_7250023|reference_T
arc,T,Mercury_SC_401714,Mercury_SC_401714,0.95,R,1,1,B,B,True,True,227.25261305458844,973.62703201361,-746.3744189590216,746.3744189590216,0,0.9914867762203801,0.963526470873063,0.027960305347317017,287.9342521809983,247.376224,40.55802818099833,1208.242216,920.3079638190018,32.03423600643873,195.101547986269,0.11682906188070774,973.5133189242333,0.113713089376688,-234.6151839863901,-52.27467601373101,-8.406963112678888,-173.9335448599802,True,True,True,True,False,arc|Mercury_SC_401714|policy_T,arc|Mercury_SC_401714|reference_T
arc,T,Mercury_7100695,Mercury_7100695,0.95,R,1,1,D,D,True,True,226.83801618404686,991.8014439754188,-764.9634277913719,764.9634277913719,0,0.9915023076410744,0.9628456301381021,0.028656677502972346,289.3231729455879,245.919023,43.404149945587875,1240.834353,951.5111800544121,32.4105410836637,194.31376201100647,0.113713089376688,991.6848749853671,0.11656899005174637,-249.03290902458116,-51.605260988993535,-10.879895772547485,-186.54775226304014,True,True,True,True,False,arc|Mercury_7100695|policy_T,arc|Mercury_7100695|reference_T
arc,T,ACTAAP_2007_7_25,ACTAAP_2007_7_25,0.95,R,1,1,A,A,True,True,228.2186239026487,739.934110082686,-511.71548618003726,511.71548618003726,0,0.9914505880049288,0.9722809582840981,0.019169629720830722,287.86786094708583,246.625657,41.242203947085855,922.54129,634.6734290529141,32.32734487392008,195.76889905147254,0.12237997725605965,739.8206871002913,0.11342298239469528,-182.60717991731406,-50.856757948527445,-8.792479095909712,-122.95794287287686,True,True,True,True,False,arc|ACTAAP_2007_7_25|policy_T,arc|ACTAAP_2007_7_25|reference_T
arc,T,Mercury_7135310,Mercury_7135310,0.95,R,0,0,D,D,True,True,265.25134802795947,844.9873230420053,-579.7359750140458,579.7359750140458,0,-0.009936713392445987,-0.03165449266042386,0.021717779267977872,328.48385677617455,287.155852,41.328004776174545,970.79001,642.3061532238255,35.33594496548176,229.79799308814108,0.11740997433662415,844.873369904235,0.11395313777029514,-125.80268695799475,-57.3578589118589,-5.874649836356163,-62.57017820977967,True,True,True,True,False,arc|Mercury_7135310|policy_T,arc|Mercury_7135310|reference_T
arc,T,Mercury_400905,Mercury_400905,0.95,R,0,0,A,A,True,True,258.9988599065691,890.1987159624696,-631.1998560559005,631.1998560559005,0,-0.009702485808255237,-0.03334817925943244,0.0236456934511772,335.8765608593125,287.325352,48.55120885931253,1102.447394,766.5708331406875,31.9851350504905,226.8970359582454,0.11668889783322811,890.0839709676802,0.11474499478936195,-212.24867803753045,-60.42831604175461,-16.449384910988805,-135.370977084787,True,True,True,True,False,arc|Mercury_400905|policy_T,arc|Mercury_400905|reference_T
arc,T,Mercury_7159775,Mercury_7159775,0.95,R,1,0,A,B,True,True,260.40690881200135,1030.9687489643693,-770.561840152368,770.561840152368,1,0.9902447665675768,-0.038621635860443176,1.02886640242802,330.4932748864842,287.509089,42.98418588648415,1279.401272,948.9079971135159,32.602070830762386,227.6843620929867,0.1204758882522583,1030.844314955175,0.12443400919437408,-248.43252303563077,-59.824726907013314,-10.261639167469504,-178.34615696114793,True,True,True,True,False,arc|Mercury_7159775|policy_T,arc|Mercury_7159775|reference_T
arc,C,Mercury_7207358,Mercury_7207358,0.9,R,1,1,C,C,True,True,226.23118292540312,188.63232200965285,37.598860915750265,-37.598860915750265,0,0.9915250405252349,0.9929335502560238,-0.0014085097307888837,291.1780159881537,248.045802,43.132213988153694,227.179582,-63.998433988153664,32.2622109670192,193.84613214060664,0.12283981777727604,188.52171394973993,0.11060805991292,-38.54725999034716,-54.19966985939337,-10.747163203357218,26.3995730724034,True,True,True,True,False,arc|Mercury_7207358|policy_C,arc|Mercury_7207358|reference_C
arc,C,Mercury_SC_LBS10915,Mercury_SC_LBS10915,0.9,R,1,1,B,B,True,True,258.9381360448897,535.9646510332823,-277.0265149883926,277.0265149883926,0,0.9902997889986933,0.9799219601883468,0.010377828810346483,329.3473458687613,288.301965,41.0453808687613,588.56198,259.21463413123865,32.0928618311882,226.7297471407801,0.1155270729213953,535.8359499368817,0.12870109640061855,-52.59732896671767,-61.572217859219904,-8.836991964651702,17.811880857153938,True,True,True,True,False,arc|Mercury_SC_LBS10915|policy_C,arc|Mercury_SC_LBS10915|reference_C
arc,C,Mercury_177398,Mercury_177398,0.9,R,1,1,B,B,True,True,230.43910902924836,242.74906795471907,-12.30995892547071,12.30995892547071,0,0.9913674053012055,0.9909062557740699,0.00046114952713564085,287.79664889229167,246.308752,41.487896892291666,303.311387,15.514738107708354,32.13378880172968,198.18997313268483,0.11534709483385086,242.63205798342824,0.1170099712908268,-60.56231904528096,-48.11877886731517,-9.238760995728136,-3.204779182237644,True,True,True,True,False,arc|Mercury_177398|policy_C,arc|Mercury_177398|reference_C
arc,C,Mercury_SC_400655,Mercury_SC_400655,0.9,R,1,1,A,A,True,True,226.9098050892353,178.3384911250323,48.571313964203,-48.571313964203,0,0.9914996183209978,0.9933191726024181,-0.0018195542814203568,290.40094005926665,247.41946,42.98148005926669,222.641662,-67.75927805926665,31.93736099638045,194.8553640395403,0.11708005331456661,178.22839389555156,0.11009722948074341,-44.30317087496769,-52.564095960459696,-10.927039009571672,19.18796409506365,True,True,True,True,False,arc|Mercury_SC_400655|policy_C,arc|Mercury_SC_400655|reference_C
arc,C,Mercury_414131,Mercury_414131,0.9,R,1,1,C,C,True,True,262.7192821819335,402.0259671378881,-139.30668495595455,139.30668495595455,0,0.9901581415924195,0.984939504204333,0.005218637388086628,328.9359987831144,287.055772,41.88022678311443,503.872275,174.93627621688557,32.379721058532596,230.2217308897525,0.11783023364841938,401.88779798336327,0.13816915452480316,-101.84630786211193,-56.83404111024748,-9.382675490933416,-35.62959126093102,True,True,True,True,False,arc|Mercury_414131|policy_C,arc|Mercury_414131|reference_C
arc,C,Mercury_7223038,Mercury_7223038,0.9,R,1,1,C,C,True,True,258.8445618748665,215.27482103556395,43.56974083930254,-43.56974083930254,0,0.99030329442747,0.991935482276927,-0.0016321878494568983,330.4519340250489,287.964959,42.48697502504885,263.019927,-67.4320070250489,31.647557858377695,227.08159708417952,0.1154069323092699,215.16346209682524,0.11135893873870373,-47.74510596443605,-60.8833619158205,-10.724010234361884,23.862266185746364,True,True,True,True,False,arc|Mercury_7223038|policy_C,arc|Mercury_7223038|reference_C
arc,C,Mercury_7124338,Mercury_7124338,0.9,R,1,1,D,D,True,True,258.82006622850895,504.53808601014316,-245.7180197816342,245.7180197816342,0,0.9903042120711277,0.9810992464561289,0.009204965614998898,329.83062889001883,288.068845,41.76178389001882,627.152269,297.3216401099812,31.79067699238658,226.91345098428428,0.11593825183808804,504.40741213969886,0.1306738704442978,-122.61418298985689,-61.15539401571573,-9.855168645794151,-51.603620328347006,True,True,True,True,False,arc|Mercury_7124338|policy_C,arc|Mercury_7124338|reference_C
arc,C,MDSA_2008_5_24,MDSA_2008_5_24,0.9,C,1,1,C,C,True,True,409.7176808863878,381.4879178535193,28.229763032868505,-28.229763032868505,0,0.9846513610692129,0.985708890339016,-0.0010575292698030443,507.819295821434,466.16759,41.65170582143402,466.16759,-41.65170582143401,32.18388301320374,377.4087340570986,0.1250638160854578,381.36176113039255,0.12615672312676907,-84.6796721464807,-88.75885594290139,-9.342758992144823,13.421942788565502,True,True,True,True,False,arc|MDSA_2008_5_24|policy_C,arc|MDSA_2008_5_24|reference_C
arc,C,Mercury_7018008,Mercury_7018008,0.9,R,1,1,A,A,True,True,226.1530770920217,246.8625670298934,-20.709489937871695,20.709489937871695,0,0.9915279664869175,0.9907521579281815,0.0007758085587360856,286.517343204298,244.790044,41.72729920429802,302.356093,15.838749795701972,32.17029804363847,193.8683041371405,0.11447491124272346,246.74090882763267,0.12165820226073265,-55.49352597010659,-50.92173986285948,-9.44252624941683,4.870740142169723,True,True,True,True,False,arc|Mercury_7018008|policy_C,arc|Mercury_7018008|reference_C
arc,C,Mercury_7011270,Mercury_7011270,0.9,R,1,1,B,B,True,True,267.8495969157666,346.00382996723056,-78.15423305146396,78.15423305146396,0,0.9899659523066642,0.9870381774998158,0.002927774806848362,328.4668948890296,286.131376,42.33551888902962,423.639777,95.17288211097036,33.58126198872924,234.1497230809182,0.11861184611916542,345.889083808288,0.11474615894258022,-77.63594703276942,-51.981652919081796,-8.635645054181218,-17.0186490595064,True,True,True,True,False,arc|Mercury_7011270|policy_C,arc|Mercury_7011270|reference_C
arc,C,Mercury_7082145,Mercury_7082145,0.9,R,1,1,D,D,True,True,262.3423160985112,698.7539720721543,-436.41165597364306,436.41165597364306,0,0.9901722633073797,0.9738236280270202,0.01634863528035956,330.62233677534255,288.110955,42.511381775342585,870.787682,540.1653452246575,31.968700932338834,230.25773791596293,0.11587725020945072,698.5957359429449,0.15823612920939922,-172.03370992784573,-57.853217084037055,-10.4268035927943,-103.7536892510144,True,True,True,True,False,arc|Mercury_7082145|policy_C,arc|Mercury_7082145|reference_C
arc,C,Mercury_SC_407314,Mercury_SC_407314,0.9,R,1,1,A,A,True,True,233.4100950974971,473.7709180917591,-240.36082299426198,240.36082299426198,0,0.9912561077064049,0.9822518307192256,0.009004276987179222,287.71987288744737,246.060473,41.65939988744736,589.167944,301.44807111255267,32.5507300440222,200.74149500578642,0.11787004768848419,473.62065594643354,0.1502621453255415,-115.39702590824095,-45.31897799421358,-8.99079979573667,-61.08724811829069,True,True,True,True,False,arc|Mercury_SC_407314|policy_C,arc|Mercury_SC_407314|reference_C
arc,C,Mercury_400934,Mercury_400934,0.9,R,1,1,C,C,True,True,226.83462407439947,377.5149618741125,-150.68033779971302,150.68033779971302,0,0.9915024347145902,0.9858577232297125,0.005644711484877621,287.80948112715913,246.623556,41.185925127159116,465.600198,177.79071687284085,32.00330398976803,194.71647404134274,0.11484604328870773,377.39294301718473,0.1220188569277525,-88.08523612588749,-51.90708195865727,-9.06777509410238,-27.11037907312783,True,True,True,True,False,arc|Mercury_400934|policy_C,arc|Mercury_400934|reference_C
arc,C,Mercury_7032340,Mercury_7032340,0.9,C,1,1,D,D,True,True,634.5687680877745,604.4905500020832,30.078218085691333,-30.078218085691333,0,0.9762281020505084,0.9773548772194003,-0.0011267751688918699,790.3735900492849,748.623056,41.750534049284816,748.623056,-41.75053404928485,32.01930597424507,602.413086919114,0.1363751944154501,604.3494858313352,0.14106417074799538,-144.13250599791684,-146.20996908088603,-9.594852880624295,11.672315963593519,True,True,True,True,False,arc|Mercury_7032340|policy_C,arc|Mercury_7032340|reference_C
arc,C,TIMSS_2007_4_pg90,TIMSS_2007_4_pg90,0.9,R,1,1,C,C,True,True,260.0757081527263,217.71435299888253,42.36135515384376,-42.36135515384376,0,0.990257173841097,0.9918440937501148,-0.0015869199090177318,329.9753530918333,288.109001,41.866352091833356,264.564934,-65.41041909183332,32.031208043918014,227.9273511376232,0.11714897118508816,217.5985958892852,0.11575710959732533,-46.85058100111746,-60.18164986237679,-9.717995076730254,23.04906393798956,True,True,True,True,False,arc|TIMSS_2007_4_pg90|policy_C,arc|TIMSS_2007_4_pg90|reference_C
arc,C,Mercury_7144795,Mercury_7144795,0.9,R,0,0,C,C,True,True,227.36673010513186,217.26557100191712,10.10115910321474,-10.10115910321474,0,-0.008517498775516765,-0.008139094203074924,-0.0003784045724418397,287.4472779524913,246.282953,41.164324952491285,264.24504,-23.20223795249126,32.37175499089062,194.88042104057968,0.11455407366156578,217.15019410476089,0.11537689715623856,-46.97946899808289,-51.402531959420315,-8.678015887939097,13.101078849276519,True,True,True,True,False,arc|Mercury_7144795|policy_C,arc|Mercury_7144795|reference_C
arc,C,Mercury_7183733,Mercury_7183733,0.9,R,1,0,B,D,True,True,228.75917982310057,284.34699308127165,-55.58781325817108,55.58781325817108,1,0.9914303379692775,-0.010652064900927826,1.0020824028702053,288.9757759264699,246.792976,42.18279992646992,346.741042,57.765266073530086,32.92395989410579,195.7184411585331,0.1167787704616785,284.214855870232,0.13213721103966236,-62.394048918728345,-51.074534841466914,-9.142061261902448,-2.177452815359004,True,True,True,True,False,arc|Mercury_7183733|policy_C,arc|Mercury_7183733|reference_C
arc,C,Mercury_7185133,Mercury_7185133,0.9,C,0,0,D,D,True,True,307.282815920189,337.8544580191374,-30.57164209894836,30.57164209894836,0,-0.011511275229790003,-0.012656534802388536,0.0011452595725985335,385.3067718599504,343.474725,41.832046859950424,343.474725,-41.832046859950424,32.13388891890645,275.02442291006446,0.1245040912181139,337.7335020340979,0.12095598503947258,-5.620266980862596,-68.45030208993552,-9.57365384982586,72.40368895889878,True,True,True,True,False,arc|Mercury_7185133|policy_C,arc|Mercury_7185133|reference_C
arc,C,NYSEDREGENTS_2014_4_17,NYSEDREGENTS_2014_4_17,0.9,C,1,1,C,C,True,True,338.64234387874603,309.97399892657995,28.66834495216608,-28.66834495216608,0,0.9873139498114274,0.9883879090178305,-0.001073959206403063,424.15882504063654,382.209787,41.94903804063654,382.209787,-41.94903804063654,32.227776013314724,306.29428289830685,0.12028496712446213,309.8510990384966,0.12289988808333874,-72.23578807342005,-75.91550410169316,-9.600977060197351,13.280693088470457,True,True,True,True,False,arc|NYSEDREGENTS_2014_4_17|policy_C,arc|NYSEDREGENTS_2014_4_17|reference_C
arc,C,Mercury_7141698,Mercury_7141698,0.9,R,1,1,B,B,True,True,258.7882149964571,247.48206697404385,11.306148022413254,-11.306148022413254,0,0.9903054052660595,0.990728950530981,-0.00042354526492151284,330.1572242341721,289.598794,40.55843023417211,306.664358,-23.492866234172084,31.8761367816478,226.79500910453498,0.11706911027431488,247.36666213721037,0.11540483683347702,-59.18229102595615,-62.803784895465014,-8.56522434224999,12.18671821175883,True,True,True,True,False,arc|Mercury_7141698|policy_C,arc|Mercury_7141698|reference_C
arc,C,MCAS_1998_4_8,MCAS_1998_4_8,0.9,R,1,1,B,B,True,True,227.4886998347938,179.50840294361115,47.98029689118266,-47.98029689118266,0,0.9914779320554471,0.9932753459507457,-0.001797413895298638,286.94096290518485,245.705643,41.235319905184866,221.975474,-64.96548890518486,32.209261087700725,195.15351299196482,0.12592575512826443,179.4023949187249,0.1060080248862505,-42.467071056388846,-50.55213000803519,-8.900133062355877,16.985192014002195,True,True,True,True,False,arc|MCAS_1998_4_8|policy_C,arc|MCAS_1998_4_8|reference_C
arc,C,Mercury_SC_400845,Mercury_SC_400845,0.9,R,1,1,B,B,True,True,260.36168495193124,211.66670904494822,48.69497590698302,-48.69497590698302,0,0.9902464607212139,0.9920706475645122,-0.0018241868432983404,328.38955688508963,286.99129,41.39826688508963,262.591547,-65.79800988508964,32.70031209103763,227.54383296705782,0.117539893835783,211.55645209364593,0.11025695130228996,-50.92483795505177,-59.44745703294217,-8.580414900216219,17.103033978106623,True,True,True,True,False,arc|Mercury_SC_400845|policy_C,arc|Mercury_SC_400845|reference_C
arc,C,Mercury_7205345,Mercury_7205345,0.9,R,1,1,D,D,True,True,262.76265387423337,471.5979928150773,-208.83533894084394,208.83533894084394,0,0.9901565168237655,0.982333231759628,0.00782328506413753,327.86901385937284,286.624097,41.24491685937286,585.518564,257.6495501406271,31.922122929245234,230.72299105115235,0.117539893835783,471.46794898435473,0.13004383072257042,-113.92057118492266,-55.90110594884766,-9.20525403629184,-48.81421119978319,True,True,True,True,False,arc|Mercury_7205345|policy_C,arc|Mercury_7205345|reference_C
arc,C,Mercury_7068863,Mercury_7068863,0.9,R,1,1,C,C,True,True,260.4208020493388,477.113967994228,-216.6931659448892,216.6931659448892,0,0.9902442461060653,0.9821265950550737,0.00811765105099159,328.8686040455967,287.183694,41.684910045596716,586.175464,257.3068599544033,32.07979793660343,228.22480602189898,0.11619809083640575,476.9804181996733,0.1335497945547104,-109.06149600577203,-58.95888797810102,-9.488914018156883,-40.61369400951412,True,True,True,True,False,arc|Mercury_7068863|policy_C,arc|Mercury_7068863|reference_C
arc,C,MCAS_1998_8_2,MCAS_1998_8_2,0.9,R,1,1,C,C,True,True,259.7025758586824,307.2067389730364,-47.504163114354014,47.504163114354014,0,0.9902711519365561,0.988491574726771,0.0017795772097851288,329.44385197211545,286.71534,42.7285119721154,381.255158,51.81130602788454,32.448959071189165,227.13717888109386,0.11643790639936924,307.0880169980228,0.1187219750136137,-74.04841902696359,-59.578161118906166,-10.163114994526865,-4.307142913530527,True,True,True,True,False,arc|MCAS_1998_8_2|policy_C,arc|MCAS_1998_8_2|reference_C
arc,C,Mercury_7158673,Mercury_7158673,0.9,R,1,1,D,D,True,True,260.9050089959055,408.9116759132594,-148.00666691735387,148.00666691735387,0,0.9902261069875031,0.9846815552245695,0.005544551762933698,328.6695059573632,287.445527,41.22397895736313,504.80193,176.13242404263684,32.59219788014889,228.18784695118666,0.12496416456997395,408.785258885473,0.1264170277863741,-95.89025408674064,-59.25768004881337,-8.506816912644268,-28.125757125282973,True,True,True,True,False,arc|Mercury_7158673|policy_C,arc|Mercury_7158673|reference_C
arc,C,Mercury_7014368,Mercury_7014368,0.9,R,1,1,C,C,True,True,261.40903402119875,474.51012791134417,-213.10109389014542,213.10109389014542,0,0.9902072254539833,0.9822241388105183,0.007983086643465032,328.8465650820966,288.817066,40.02949908209658,585.403452,256.5568869179034,32.05911908298731,229.23308610916138,0.11682882905006409,474.3784819729626,0.1316459383815527,-110.89332408865585,-59.583979890838634,-7.853551170059205,-43.45579302775798,True,True,True,True,False,arc|Mercury_7014368|policy_C,arc|Mercury_7014368|reference_C
arc,C,Mercury_7228603,Mercury_7228603,0.9,R,1,1,C,C,True,True,227.04266104847193,409.15873902849853,-182.1160779800266,182.1160779800266,0,0.9914946413374717,0.9846722998696609,0.006822341467810821,296.11585506901525,247.292229,48.82362606901526,506.621465,210.50560993098475,31.57489188015461,195.35341509617865,0.1143540721386671,409.02959601953626,0.1291430089622736,-97.46272597150147,-51.93881390382134,-17.134380116721985,-28.389531950958144,True,True,True,True,False,arc|Mercury_7228603|policy_C,arc|Mercury_7228603|reference_C
arc,C,Mercury_7138688,Mercury_7138688,0.9,R,1,1,D,D,True,True,228.10727707110345,378.95554793067276,-150.8482708595693,150.8482708595693,0,0.9914547592242664,0.9858037567150554,0.0056510025092110115,290.51418994976916,248.053756,42.46043394976914,465.667877,175.15368705023081,32.01300394721329,195.9760810714215,0.1181920524686575,378.8278379943222,0.12770993635058403,-86.71232906932721,-52.07767492857849,-10.32923795008719,-24.305416190661504,True,True,True,True,False,arc|Mercury_7138688|policy_C,arc|Mercury_7138688|reference_C
arc,C,Mercury_7026198,Mercury_7026198,0.9,R,1,1,A,A,True,True,226.26012400723994,409.1042070649564,-182.8440830577165,182.8440830577165,0,0.9915239563488958,0.9846743427188168,0.006849613630078918,290.0511676899787,247.702734,42.34843368997872,505.958142,215.90697431002133,31.994777964428067,194.15066111832857,0.11468492448329926,408.9777101762593,0.12649688869714737,-96.85393493504358,-53.55207288167142,-10.238970801067353,-33.06289125230484,True,True,True,True,False,arc|Mercury_7026198|policy_C,arc|Mercury_7026198|reference_C
arc,C,Mercury_7015435,Mercury_7015435,0.9,R,1,1,A,A,True,True,231.392502784729,178.82382799871266,52.568674786016345,-52.568674786016345,0,0.9913316897409689,0.9933009911550913,-0.0019693014141224483,287.8818489939667,246.732391,41.1494579939667,222.675237,-65.20661199396667,32.04260813072324,199.23649192787707,0.1134027261286974,178.7186509463936,0.10517705231904984,-43.85140900128735,-47.49589907212294,-8.993447137114764,12.63793720795033,True,True,True,True,False,arc|Mercury_7015435|policy_C,arc|Mercury_7015435|reference_C
arc,C,Mercury_7251685,Mercury_7251685,0.9,R,1,1,B,B,True,True,227.37860982306302,179.14279596880078,48.23581385426223,-48.23581385426223,0,0.9914820561924291,0.9932890421364579,-0.0018069859440286685,287.48487212603436,245.797827,41.68704512603438,222.367565,-65.11730712603435,32.471952959895134,194.79106087237597,0.11559599079191685,179.0387809742242,0.10401499457657337,-43.22476903119923,-51.00676612762405,-9.099496175347326,16.881493271772115,True,True,True,True,False,arc|Mercury_7251685|policy_C,arc|Mercury_7251685|reference_C
arc,C,MCAS_2006_5_29,MCAS_2006_5_29,0.9,R,1,1,D,D,True,True,260.62712888233364,511.7389161605388,-251.11178727820516,251.11178727820516,0,0.9902365167933969,0.9808294925569531,0.009407024236443743,330.064148880394,288.311832,41.752316880393984,630.282282,300.218133119606,32.15000010095537,228.36027992889285,0.11684885248541832,511.60107809118927,0.13783806934952736,-118.54336583946122,-59.95155207110713,-9.485467926953199,-49.10634584140087,True,True,True,True,False,arc|MCAS_2006_5_29|policy_C,arc|MCAS_2006_5_29|reference_C
arc,C,NYSEDREGENTS_2014_4_13,NYSEDREGENTS_2014_4_13,0.9,R,1,1,B,B,True,True,259.7041300032288,275.5242860876024,-15.820156084373593,15.820156084373593,0,0.9902710937159701,0.9896784469377241,0.0005926467782460086,328.1673160088353,286.667507,41.499809008835314,342.576896,14.409579991164662,32.497982028871775,227.08957898430526,0.11656899005174637,275.40647494606674,0.11781114153563976,-67.0526099123976,-59.57792801569474,-8.885257989911793,1.410576093208931,True,True,True,True,False,arc|NYSEDREGENTS_2014_4_13|policy_C,arc|NYSEDREGENTS_2014_4_13|reference_C
arc,C,Mercury_412551,Mercury_412551,0.9,R,1,1,D,D,True,True,260.086506139487,247.48405814170837,12.602447997778654,-12.602447997778654,0,0.9902567693323153,0.9907288759388534,-0.0004721066065380803,345.40862019940556,288.111574,57.29704619940555,303.39888,-42.00974019940554,32.53261698409915,227.43912413716316,0.11476501822471619,247.36636807210743,0.11769006960093975,-55.914821858291646,-60.67244986283686,-24.649664197081684,29.407292201626888,True,True,True,True,False,arc|Mercury_412551|policy_C,arc|Mercury_412551|reference_C
arc,C,Mercury_7044678,Mercury_7044678,0.9,R,1,1,A,A,True,True,227.63203503564,443.6033789534122,-215.97134391777217,215.97134391777217,0,0.9914725625038107,0.9833819519887378,0.008090610515072956,287.7162642011954,247.354496,40.36176820119536,545.727265,258.0110007988046,32.00700203888118,195.50860580056906,0.11642719618976116,443.47459683194757,0.1287821214646101,-102.12388604658781,-51.845890199430954,-8.238338966124417,-42.03965688103244,True,True,True,True,False,arc|Mercury_7044678|policy_C,arc|Mercury_7044678|reference_C
arc,C,Mercury_7270008,Mercury_7270008,0.9,R,1,1,C,C,True,True,226.25419381074607,377.37556686624885,-151.12137305550277,151.12137305550277,0,0.9915241785029522,0.9858629451758093,0.005661233327142811,292.1520227517097,246.504832,45.6471907517097,466.572254,174.4202312482903,32.04507194459438,194.09292307682335,0.11619878932833672,377.25201598368585,0.12355088256299496,-89.19668713375114,-52.41190892317664,-13.485920017786981,-23.29885819278752,True,True,True,True,False,arc|Mercury_7270008|policy_C,arc|Mercury_7270008|reference_C
arc,C,MDSA_2011_5_20,MDSA_2011_5_20,0.9,R,1,1,D,D,True,True,263.2754719816148,567.9790510330349,-304.7035790514201,304.7035790514201,0,0.9901373058882005,0.9787226527405477,0.011414653147652705,329.28209282526063,287.289942,41.99215082526064,706.133675,376.8515821747394,32.042637933045626,231.11456213518977,0.11827191337943077,567.829170031473,0.1498810015618801,-138.15462396696512,-56.175379864810225,-9.83124097883558,-72.14800312331931,True,True,True,True,False,arc|MDSA_2011_5_20|policy_C,arc|MDSA_2011_5_20|reference_C
arc,C,Mercury_7130603,Mercury_7130603,0.9,R,0,1,B,C,True,True,226.9641039893031,243.17713803611696,-16.213034046813846,16.213034046813846,-1,-0.008502415797250874,0.9908902196266861,-0.999392635423937,288.15595766759475,246.214173,41.94178466759479,303.028389,14.872431332405256,32.191649079322815,194.6585620753467,0.11389283463358879,243.04093304090202,0.13620499521493912,-59.85125096388305,-51.55561092465328,-9.636242753638385,1.3406027144085897,True,True,True,True,False,arc|Mercury_7130603|policy_C,arc|Mercury_7130603|reference_C
arc,C,Mercury_7246348,Mercury_7246348,0.9,R,1,1,A,A,True,True,227.94739599339664,242.3195200972259,-14.372124103829265,14.372124103829265,0,0.9914607486092699,0.990922347281163,0.0005384013281069645,287.417523911926,245.700042,41.71748191192603,302.116718,14.699194088073966,32.803884940221906,195.0273341499269,0.11617690324783325,242.20048799179494,0.11903210543096066,-59.79719790277409,-50.672707850073095,-8.79742006845629,-0.3270699842447016,True,True,True,True,False,arc|Mercury_7246348|policy_C,arc|Mercury_7246348|reference_C
arc,C,Mercury_417146,Mercury_417146,0.9,R,1,1,A,A,True,True,227.10819402709603,274.45153589360416,-47.343341866508126,47.343341866508126,0,0.9914921863737884,0.9897186337691906,0.0017735526045978569,292.505491331692,245.973699,46.53179233169198,343.003411,50.49791966830804,32.302775885909796,194.68994112685323,0.11547701433300972,274.33310402557254,0.11843186803162098,-68.55187510639587,-51.28375787314678,-14.113539431449176,-3.154577801799917,True,True,True,True,False,arc|Mercury_417146|policy_C,arc|Mercury_417146|reference_C
arc,C,Mercury_192290,Mercury_192290,0.9,R,1,1,D,D,True,True,258.3583570085466,441.42803200520575,-183.06967499665916,183.06967499665916,0,0.9903215083911032,0.9834634437485881,0.00685806464251518,329.74725415408363,286.082292,43.66496215408361,466.968352,137.22109784591635,31.840770039707422,226.40241193585098,0.11517503298819065,441.30047294311225,0.12755906209349632,-25.54031999479423,-59.67988006414902,-11.709017081387998,45.84857715074281,True,True,True,True,False,arc|Mercury_192290|policy_C,arc|Mercury_192290|reference_C
arc,C,Mercury_7018148,Mercury_7018148,0.9,R,1,1,B,B,True,True,259.5758489333093,273.99108395911753,-14.415235025808215,14.415235025808215,0,0.9902758993172798,0.9897358829893661,0.0005400163279136527,328.53816001506164,286.084286,42.453874015061615,342.356339,13.818178984938356,32.75768808089197,226.7021529842168,0.11600786820054054,273.87311309576035,0.11797086335718632,-68.36525504088246,-59.38213301578321,-9.580178065969108,0.5970560408698589,True,True,True,True,False,arc|Mercury_7018148|policy_C,arc|Mercury_7018148|reference_C
arc,C,Mercury_SC_407695,Mercury_SC_407695,0.9,R,1,1,D,D,True,True,260.69877319969237,439.23208699561656,-178.5333137959242,178.5333137959242,0,0.9902338328897972,0.9835457071427163,0.006688125747080936,346.1998149445857,287.947684,58.25213094458568,548.274545,202.0747300554143,32.27515402249992,228.30711980350316,0.11649937368929386,439.09994000568986,0.13214698992669582,-109.04245800438343,-59.640564196496825,-25.860477548396467,-23.54141625949012,True,True,True,True,False,arc|Mercury_SC_407695|policy_C,arc|Mercury_SC_407695|reference_C
arc,C,Mercury_SC_400172,Mercury_SC_400172,0.9,R,1,1,A,A,True,True,226.99120501056314,246.80945393629372,-19.818248925730586,19.818248925730586,0,0.9914965689578393,0.990754147624341,0.0007424213334982852,286.6955579031543,245.283615,41.411942903154255,307.27599,20.580432096845698,32.393456203863025,194.48152091354132,0.11622789315879345,246.69151287525892,0.11794106103479862,-60.46653606370626,-50.80209408645868,-8.902258806132437,-0.7621831711151117,True,True,True,True,False,arc|Mercury_SC_400172|policy_C,arc|Mercury_SC_400172|reference_C
arc,C,Mercury_7264023,Mercury_7264023,0.9,R,1,1,D,D,True,True,227.46265796013176,242.62639600783587,-15.1637380477041,15.1637380477041,0,0.9914789076231365,0.9909108512492165,0.0005680563739200358,288.45619548887123,246.669212,41.786983488871215,303.167643,14.711447511128767,32.37767587415874,194.966098992154,0.11888309381902218,242.50676087103784,0.11963513679802418,-60.54124699216413,-51.703113007845985,-9.290424520893453,0.45229053657533314,True,True,True,True,False,arc|Mercury_7264023|policy_C,arc|Mercury_7264023|reference_C
arc,C,MCAS_2000_8_10,MCAS_2000_8_10,0.9,R,1,1,B,B,True,True,266.6528709232807,209.6623710822314,56.99049984104931,-56.99049984104931,0,0.9900107834575143,0.9921457330712409,-0.0021349496137265758,328.7246900313876,286.470625,42.25406503138757,261.397632,-67.3270580313876,32.48019912280142,234.052917920053,0.11975388042628765,209.549468010664,0.11290307156741619,-51.735260917768585,-52.41770707994698,-9.654112028159858,10.33655819033828,True,True,True,True,False,arc|MCAS_2000_8_10|policy_C,arc|MCAS_2000_8_10|reference_C
arc,C,Mercury_7207620,Mercury_7207620,0.9,R,1,1,A,A,True,True,260.9411468729377,215.08310898207128,45.8580378908664,-45.8580378908664,0,0.9902247532084202,0.9919426640980321,-0.0017179108896119004,329.56745091618774,287.23021,42.33724091618776,263.536682,-66.03076891618775,32.21757709980011,228.60602103173733,0.11754874140024185,214.96946504339576,0.1136439386755228,-48.453573017928704,-58.62418896826267,-10.002115074987408,20.172731025321355,True,True,True,True,False,arc|Mercury_7207620|policy_C,arc|Mercury_7207620|reference_C
arc,C,TIMSS_2003_8_pg14,TIMSS_2003_8_pg14,0.9,C,0,0,D,D,True,True,405.94604797661304,384.2105350922793,21.73551288433373,-21.73551288433373,0,-0.015207347904277352,-0.014393102986861606,-0.0008142449174157464,504.0649283129859,462.398944,41.6659843129859,462.398944,-41.66598431298593,32.05034299753606,373.76376800239086,0.13193697668612003,384.06945089809597,0.1410841941833496,-78.18840890772066,-88.63517599760911,-9.483704338763715,19.930471428652197,True,True,True,True,False,arc|TIMSS_2003_8_pg14|policy_C,arc|TIMSS_2003_8_pg14|reference_C
arc,C,MCAS_2009_8_5,MCAS_2009_8_5,0.9,R,1,1,D,D,True,True,227.7064649388194,509.1221919283271,-281.4157269895077,281.4157269895077,0,0.9914697742479877,0.9809275189719586,0.010542255276029016,288.8193711402092,247.45702,41.3623511402092,627.259114,338.4397428597907,31.931539997458458,195.6601799465716,0.11474499478936195,508.9613199234009,0.16087200492620468,-118.13692207167287,-51.79684005342841,-9.31606614796138,-57.02401587028305,True,True,True,True,False,arc|MCAS_2009_8_5|policy_C,arc|MCAS_2009_8_5|reference_C
arc,C,Mercury_7215180,Mercury_7215180,0.9,R,1,1,C,C,True,True,260.8388848602772,279.33274395763874,-18.493859097361565,18.493859097361565,0,0.9902285840968145,0.989535776392963,0.0006928077038514849,342.45284101389694,287.759028,54.69381301389694,344.146229,1.6933879861030618,31.768974848091602,228.95424417220056,0.11566583998501301,279.21465295366943,0.11809100396931171,-64.81348504236126,-58.80478382779944,-22.809172325820327,16.800471111258503,True,True,True,True,False,arc|Mercury_7215180|policy_C,arc|Mercury_7215180|reference_C
arc,C,Mercury_SC_415354,Mercury_SC_415354,0.9,R,1,1,C,C,True,True,227.1095470059663,178.84621093980968,48.263336066156626,-48.263336066156626,0,0.9914921356891704,0.9933001526565418,-0.0018080169673714488,287.99720782100843,246.367152,41.63005582100844,222.104418,-65.89278982100842,32.196986954659224,194.7994469664991,0.11311308480799198,178.73586411587894,0.11034682393074036,-43.25820706019033,-51.567705033500914,-9.319955781541225,17.629453754851795,True,True,True,True,False,arc|Mercury_SC_415354|policy_C,arc|Mercury_SC_415354|reference_C
arc,C,Mercury_7171938,Mercury_7171938,0.9,R,1,1,D,D,True,True,259.7057519014925,215.92593798413873,43.77981391735375,-43.77981391735375,0,0.9902710329572282,0.991911090459313,-0.001640057502084804,329.9446310742542,288.455954,41.488677074254156,262.860304,-67.08432707425419,31.752172857522964,227.83736092969775,0.11621811427175999,215.8138989470899,0.11203903704881668,-46.93436601586126,-60.61859307030227,-9.620286102459431,23.30451315690044,True,True,True,True,False,arc|Mercury_7171938|policy_C,arc|Mercury_7171938|reference_C
arc,C,MCAS_1999_8_22,MCAS_1999_8_22,0.9,R,1,1,B,B,True,True,231.51058400981128,371.18302192538977,-139.67243791557848,139.67243791557848,0,0.9913272662411472,0.9860949271985384,0.005232339042608809,287.18855993914406,245.854755,41.33380493914402,380.706052,93.51749206085594,32.538066152483225,198.85593885555863,0.11657900176942348,371.056545060128,0.12647686526179314,-9.523030074610233,-46.99881614444138,-8.679159784891368,46.15494585472254,True,True,True,True,False,arc|MCAS_1999_8_22|policy_C,arc|MCAS_1999_8_22|reference_C
arc,C,MEA_2016_5_7,MEA_2016_5_7,0.9,R,1,1,B,B,True,True,260.2688779588789,539.3084010574967,-279.0395230986178,279.0395230986178,0,0.9902499374103906,0.979796698296584,0.010453239113806538,328.25271700848555,287.55836,40.694357008485554,665.936566,337.6838489915144,32.14232507161796,227.9963989276439,0.1301539596170187,539.1555349342525,0.15286612324416637,-126.6281649425033,-59.5619610723561,-8.421877977250574,-58.64432589289663,True,True,True,True,False,arc|MEA_2016_5_7|policy_C,arc|MEA_2016_5_7|reference_C
arc,C,MCAS_2005_8_5,MCAS_2005_8_5,0.9,R,1,1,D,D,True,True,260.41713496670127,506.63755601271987,-246.2204210460186,246.2204210460186,0,0.9902443834804818,0.9810205971604825,0.009223786319999289,332.1086666531346,287.443885,44.66478165313458,628.654345,296.54567834686543,32.67597500234842,227.60767000727355,0.13348995707929134,506.50106999091804,0.13648602180182934,-122.01678898728017,-59.83621499272647,-11.855316693706868,-50.32525730084683,True,True,True,True,False,arc|MCAS_2005_8_5|policy_C,arc|MCAS_2005_8_5|reference_C
arc,C,Mercury_7141908,Mercury_7141908,0.9,R,1,1,C,C,True,True,259.69728687778115,216.74658614210784,42.95070073567331,-42.95070073567331,0,0.9902713500697146,0.9918803477482866,-0.0016089976785720913,329.121536368056,287.693091,41.42844536805606,263.312924,-65.808612368056,31.95284097455442,227.62637492269278,0.11807098053395748,216.6350670158863,0.11151912622153759,-46.566337857892165,-60.066716077307206,-9.357533412967683,22.857911632382695,True,True,True,True,False,arc|Mercury_7141908|policy_C,arc|Mercury_7141908|reference_C
arc,C,Mercury_7027230,Mercury_7027230,0.9,R,1,1,A,A,True,True,227.17614099383354,347.42770507000387,-120.25156407617033,120.25156407617033,0,0.9914896409784892,0.9869848370025551,0.0045048039759342014,288.7700433445482,246.174592,42.59545134454822,425.431597,136.66155365545183,31.90218494273722,195.15879009850323,0.11516595259308815,347.3004070110619,0.12729805894196033,-78.00389192999614,-51.01580190149676,-10.578100449217914,-16.4099895792815,True,True,True,True,False,arc|Mercury_7027230|policy_C,arc|Mercury_7027230|reference_C
arc,C,Mercury_SC_405973,Mercury_SC_405973,0.9,R,1,1,B,B,True,True,226.915393024683,217.43102790787816,9.484365116804838,-9.484365116804838,0,0.9914994089885536,0.991854707533031,-0.00035529854447739973,288.0453521619083,246.343812,41.70154016190827,263.975656,-24.06969616190827,32.003115164116025,194.79829398915172,0.11398387141525745,217.31756487861276,0.11346302926540375,-46.544628092121854,-51.5455180108483,-9.584441126376987,14.58533104510343,True,True,True,True,False,arc|Mercury_SC_405973|policy_C,arc|Mercury_SC_405973|reference_C
arc,C,Mercury_7245053,Mercury_7245053,0.9,R,1,1,B,B,True,True,229.9948160070926,499.65587304905057,-269.661057041958,269.661057041958,0,0.9913840491842857,0.9812821414773076,0.010101907706978067,288.39789907403696,245.891608,42.50629107403696,625.975076,337.577176925963,32.45719010010362,197.41894397884607,0.11868192814290524,499.5315389242023,0.12433412484824657,-126.31920295094938,-48.47266402115392,-9.930419045790437,-67.91611988400501,True,True,True,True,False,arc|Mercury_7245053|policy_C,arc|Mercury_7245053|reference_C
arc,C,Mercury_7198380,Mercury_7198380,0.9,R,1,1,D,D,True,True,240.82048097625375,540.9606338944286,-300.14015291817486,300.14015291817486,0,0.9909785035352967,0.9797348031760493,0.011243700359247362,288.23599298353304,246.606027,41.629965983533026,667.281844,379.04585101646694,32.01312688179314,208.6890630889684,0.11829100549221039,540.799783077091,0.16085081733763218,-126.32121010557137,-37.916963911031615,-9.498548096247674,-78.90569809829208,True,True,True,True,False,arc|Mercury_7198380|policy_C,arc|Mercury_7198380|reference_C
arc,C,NCEOGA_2013_5_43,NCEOGA_2013_5_43,0.9,R,1,1,B,B,True,True,259.494120022282,442.41783884353936,-182.92371882125735,182.92371882125735,0,0.9902789610048858,0.9834263640996456,0.0068525969052402975,329.99880386432216,287.333562,42.665241864322184,545.708712,215.70990813567784,32.36024803481996,227.01506013981998,0.1188118476420641,442.28634308092296,0.13149576261639595,-103.29087315646063,-60.31850186017999,-10.186181981860159,-32.78618931442048,True,True,True,True,False,arc|NCEOGA_2013_5_43|policy_C,arc|NCEOGA_2013_5_43|reference_C
arc,C,Mercury_SC_402239,Mercury_SC_402239,0.9,R,1,1,C,C,True,True,259.5707541331649,507.1214628405869,-247.55070870742202,247.55070870742202,0,0.9902760901761357,0.9810024692848169,0.009273620891318713,329.6380730138147,287.175954,42.462119013814686,627.968761,298.3306879861853,32.04628895036876,227.40068309940398,0.12378208339214325,506.9829928688705,0.13846997171640396,-120.84729815941307,-59.77527090059601,-10.29204798005378,-50.77997927876328,True,True,True,True,False,arc|Mercury_SC_402239|policy_C,arc|Mercury_SC_402239|reference_C
arc,C,Mercury_SC_412337,Mercury_SC_412337,0.9,R,0,0,C,C,True,True,227.42569004185498,185.08392805233598,42.341761989519,-42.341761989519,0,-0.008519707503190385,-0.006933521583499356,-0.0015861859196910281,287.80404600497303,246.41145,41.39259600497305,224.19543,-63.608616004973044,32.15670702047646,195.15338586643338,0.11559715494513512,184.97704900801182,0.10687904432415962,-39.11150194766401,-51.25806413356662,-9.120291829551455,21.266854015454044,True,True,True,True,False,arc|Mercury_SC_412337|policy_C,arc|Mercury_SC_412337|reference_C
arc,C,Mercury_7238963,Mercury_7238963,0.9,R,1,1,A,A,True,True,227.90997801348567,185.5501220561564,42.35985595732927,-42.35985595732927,0,0.991462150342927,0.9930490140897944,-0.0015868637468674008,288.3212041598053,246.517811,41.803393159805296,223.780437,-64.54076715980528,32.18263597227633,195.6127870362252,0.1145550049841404,185.44273101724684,0.10739103890955448,-38.23031494384361,-50.905023963774795,-9.506202182544826,22.18091120247601,True,True,True,True,False,arc|Mercury_7238963|policy_C,arc|Mercury_7238963|reference_C
arc,C,Mercury_412683,Mercury_412683,0.9,R,1,1,D,D,True,True,260.3681900072843,377.39364500157535,-117.02545499429107,117.02545499429107,0,0.9902462170320824,0.9858622679417415,0.00438394909034085,328.0395431029103,286.758055,41.28148810291028,464.651565,136.61202189708973,31.766735017299652,228.48342289216816,0.11803209781646729,377.27368902415037,0.11995597742497921,-87.25791999842465,-58.27463210783185,-9.396720987794161,-19.586566902798666,True,True,True,True,False,arc|Mercury_412683|policy_C,arc|Mercury_412683|reference_C
arc,C,ACTAAP_2009_5_5,ACTAAP_2009_5_5,0.9,R,1,1,B,B,True,True,227.39814803935587,313.5991550516337,-86.20100701227784,86.20100701227784,0,0.9914813242615381,0.9882521052314017,0.0032292190301364443,286.9124909542531,246.228304,40.68418695425308,383.988181,97.07569004574691,31.913100043311715,195.36895002238452,0.11609797365963459,313.48152412101626,0.11763093061745167,-70.38902594836628,-50.859353977615484,-8.654988937281729,-10.874683033469069,True,True,True,True,False,arc|ACTAAP_2009_5_5|policy_C,arc|ACTAAP_2009_5_5|reference_C
arc,C,Mercury_SC_401244,Mercury_SC_401244,0.9,R,1,1,D,D,True,True,231.20228992775083,242.42726410739124,-11.224974179640412,11.224974179640412,0,0.9913388153999236,0.9909183110289187,0.0004205043710048788,286.8090968324177,245.282057,41.52703983241773,302.784667,15.975570167582305,33.43607415445149,197.63756380416453,0.1286519691348076,242.30568599887192,0.12157810851931572,-60.357402892608775,-47.64449319583548,-7.962313708831431,-4.750595987941892,True,True,True,True,False,arc|Mercury_SC_401244|policy_C,arc|Mercury_SC_401244|reference_C
arc,C,AIMS_2009_4_29,AIMS_2009_4_29,0.9,R,1,1,D,D,True,True,259.3244730960578,640.3820458799601,-381.0575727839023,381.0575727839023,0,0.9902853162332242,0.9760103279440954,0.014274988289128853,328.35271195451605,287.058942,41.29376995451605,790.889207,462.536495045484,32.24277892149985,226.9623300526291,0.11936412192881107,640.2280470356345,0.15399884432554245,-150.50716112004,-60.09661194737089,-8.931626911087392,-81.47892226158172,True,True,True,True,False,arc|AIMS_2009_4_29|policy_C,arc|AIMS_2009_4_29|reference_C
arc,C,Mercury_7018445,Mercury_7018445,0.9,R,1,1,D,D,True,True,258.3458172157407,242.47477296739817,15.871044248342514,-15.871044248342514,0,0.9903219781505522,0.9909165312757563,-0.0005945531252040405,327.20063734035745,285.872402,41.32823534035742,301.465977,-25.734660340357436,32.2793060913682,225.94835003837943,0.11816108599305153,242.33647412620485,0.13829884119331837,-58.99120403260184,-59.92405196162059,-8.930768162996173,9.863616092014922,True,True,True,True,False,arc|Mercury_7018445|policy_C,arc|Mercury_7018445|reference_C
arc,C,Mercury_7103215,Mercury_7103215,0.9,R,1,1,C,C,True,True,259.22684906981885,381.2623980920762,-122.03554902225733,122.03554902225733,0,0.99028897337569,0.9857173386475748,0.004571634728115096,327.44562887340237,286.324887,41.12074187340236,384.70787,57.262241126597644,32.15459221974015,226.95354488678277,0.11871196329593658,381.13663089461625,0.12576719745993614,-3.4454719079238316,-59.371342113217224,-8.84743769036627,64.77330789565968,True,True,True,True,False,arc|Mercury_7103215|policy_C,arc|Mercury_7103215|reference_C
arc,C,Mercury_7032743,Mercury_7032743,0.9,R,1,1,C,C,True,True,227.80289710499346,178.91166685149074,48.89123025350273,-48.89123025350273,0,0.9914661617543878,0.9932977005799019,-0.0018315388255140258,287.797533159839,245.888462,41.90907115983904,222.243444,-65.55408915983901,32.61794103309512,195.06862806156278,0.11632801033556461,178.8038050290197,0.1078618224710226,-43.331777148509275,-50.81983393843723,-9.174802116408351,16.662858906336282,True,True,True,True,False,arc|Mercury_7032743|policy_C,arc|Mercury_7032743|reference_C
arc,C,Mercury_7193043,Mercury_7193043,0.9,R,1,1,B,B,True,True,231.59894393756986,281.4007098786533,-49.80176594108343,49.80176594108343,0,0.9913239561457075,0.9894583072874703,0.0018656488582371375,303.92429096234633,246.791237,57.13305396234632,344.05722,40.13292903765364,31.9823888130486,199.5025312062353,0.11402391828596592,281.28130617551506,0.11940370313823223,-62.656510121346685,-47.288705793764706,-25.03664123101175,9.668836903429792,True,True,True,True,False,arc|Mercury_7193043|policy_C,arc|Mercury_7193043|reference_C
arc,C,MEA_2013_5_3,MEA_2013_5_3,0.9,R,1,1,D,D,True,True,260.84057497791946,570.3234318643808,-309.4828568864614,309.4828568864614,0,0.9902285207824724,0.9786348287178726,0.011593692064599771,330.1273631365601,288.680945,41.446418136560084,706.967811,376.84044786343986,31.873825937509537,228.85176306590438,0.11498597450554371,570.1901321299374,0.13329973444342613,-136.64437913561915,-59.82918193409563,-9.457606224545003,-67.35759097697849,True,True,True,True,False,arc|MEA_2013_5_3|policy_C,arc|MEA_2013_5_3|reference_C
arc,C,Mercury_176838,Mercury_176838,0.9,R,1,1,A,A,True,True,227.4616479407996,179.36118901707232,48.100458923727274,-48.100458923727274,0,0.9914789454599758,0.9932808608052649,-0.0018019153452890964,292.12235971869586,247.160594,44.96176571869588,222.009132,-70.11322771869587,32.17676398344338,195.17299393191934,0.1118900254368782,179.2560031171888,0.10518589988350868,-42.647942982927674,-51.98760006808067,-12.673111709815622,22.012768794968594,True,True,True,True,False,arc|Mercury_176838|policy_C,arc|Mercury_176838|reference_C
arc,C,MCAS_2011_5_17673,MCAS_2011_5_17673,0.9,R,1,1,A,A,True,True,259.50125395320356,603.2310761511326,-343.729822197929,343.729822197929,0,0.9902786937571321,0.9774020589991546,0.012876634757977613,330.0898447330991,287.974351,42.1154937330991,753.031521,422.9416762669009,32.086594961583614,227.30052494443953,0.1141340471804142,603.0951519496739,0.13592420145869255,-149.80044484886741,-60.67382605556048,-9.914764724335072,-79.21185406897189,True,True,True,True,False,arc|MCAS_2011_5_17673|policy_C,arc|MCAS_2011_5_17673|reference_C
arc,C,Mercury_7090720,Mercury_7090720,0.9,R,1,1,B,B,True,True,227.01340704225004,473.45531708560884,-246.4419100433588,246.4419100433588,0,0.9914957372364277,0.9822636536063394,0.009232083630088426,288.855641104685,247.413562,41.44207910468495,587.709931,298.854289895315,31.717393081635237,195.1820298563689,0.11398410424590111,473.3250131830573,0.1303039025515318,-114.25461391439114,-52.231532143631114,-9.610701918803812,-52.41237985195619,True,True,True,True,False,arc|Mercury_7090720|policy_C,arc|Mercury_7090720|reference_C
arc,C,NCEOGA_2013_8_40,NCEOGA_2013_8_40,0.9,R,1,1,C,C,True,True,259.79907205328345,441.4421101100743,-181.64303805679083,181.64303805679083,0,0.9902675370443554,0.9834629163616615,0.006804620682693895,329.6512143328755,288.454057,41.19715733287549,546.308004,216.65678966712449,32.18921716324985,227.49355691485107,0.11629797518253326,441.3113449700177,0.1307651400566101,-104.8658938899257,-60.96050008514891,-8.891642194443108,-35.01375161033366,True,True,True,True,False,arc|NCEOGA_2013_8_40|policy_C,arc|NCEOGA_2013_8_40|reference_C
arc,C,Mercury_7164850,Mercury_7164850,0.9,R,1,1,A,A,True,True,227.51119988970459,443.5871511232108,-216.0759512335062,216.0759512335062,0,0.9914770891696385,0.9833825599075999,0.008094529262038542,289.39121797942414,246.742956,42.64826197942412,546.114868,256.72365002057586,32.02049108222127,195.37522294558585,0.11548586189746857,443.4568169526756,0.1303341705352068,-102.52771687678921,-51.367733054414145,-10.512285035305382,-40.64769878706966,True,True,True,True,False,arc|Mercury_7164850|policy_C,arc|Mercury_7164850|reference_C
arc,C,Mercury_7131828,Mercury_7131828,0.9,C,1,1,C,C,True,True,215.66516091115773,182.9981580376625,32.66700287349522,-32.66700287349522,0,0.9919208595596505,0.9931446144900492,-0.001223754930398755,267.52226699831175,222.745322,44.776944998311755,222.745322,-44.77694499831176,31.90309088677168,183.66006901487708,0.1020010095089674,182.8919188119471,0.10623922571539879,-39.74716396233748,-39.08525298512291,-12.771853102031109,12.109942124816541,True,True,True,True,False,arc|Mercury_7131828|policy_C,arc|Mercury_7131828|reference_C
arc,C,Mercury_7245088,Mercury_7245088,0.9,C,1,1,D,D,True,True,248.33264504559338,216.32099989801645,32.01164514757693,-32.01164514757693,0,0.9906970866004949,0.991896290847399,-0.0011992042469040616,305.253848013264,262.797601,42.45624701326406,262.797601,-42.45624701326403,32.08522219210863,216.13541385158896,0.11200900189578533,216.2091808859259,0.11181901209056377,-46.47660110198353,-46.66218714841102,-10.259015819259645,10.444601865687105,True,True,True,True,False,arc|Mercury_7245088|policy_C,arc|Mercury_7245088|reference_C
arc,C,LEAP_2006_8_10412,LEAP_2006_8_10412,0.9,R,1,1,B,B,True,True,260.76963217929006,506.6341490019113,-245.86451682262123,245.86451682262123,0,0.9902311784061281,0.9810207247922181,0.009210453613909939,344.4974038800963,287.665779,56.831624880096314,628.771987,284.2745831199037,32.296137884259224,228.35604404099286,0.11745025403797626,506.4996271394193,0.1345218624919653,-122.13783799808868,-59.30973495900713,-24.418036741799114,-38.41006629728247,True,True,True,True,False,arc|LEAP_2006_8_10412|policy_C,arc|LEAP_2006_8_10412|reference_C
arc,C,Mercury_SC_415366,Mercury_SC_415366,0.9,R,1,1,B,B,True,True,227.42700204253197,573.1094148941338,-345.68241285160184,345.68241285160184,0,0.9914802433472961,0.9785304616144113,0.012949781732884863,287.9035718582176,246.591078,41.3124938582176,709.691354,421.78778214178243,31.948545947670937,195.36252808757126,0.11592800728976727,572.9713160544634,0.1380988396704197,-136.58193910586624,-51.22854991242875,-9.248019903256896,-76.10536929018059,True,True,True,True,False,arc|Mercury_SC_415366|policy_C,arc|Mercury_SC_415366|reference_C
arc,C,Mercury_180058,Mercury_180058,0.9,R,1,1,A,A,True,True,259.52699198387563,507.2177138645202,-247.69072188064456,247.69072188064456,0,0.9902777295718943,0.9809988635770772,0.009278865994817047,330.28185890873056,287.335795,42.94606390873051,627.002346,296.72048709126943,32.279215985909104,227.1314379759133,0.11633802205324173,507.0794348139316,0.1382790505886078,-119.7846321354798,-60.20435702408673,-10.550509900768162,-49.02976521062487,True,True,True,True,False,arc|Mercury_180058|policy_C,arc|Mercury_180058|reference_C
arc,C,Mercury_7081760,Mercury_7081760,0.9,R,1,1,B,B,True,True,260.3011359460652,345.3347668983042,-85.03363095223904,85.03363095223904,0,0.9902487289778014,0.9870632416060185,0.0031854873717827767,343.36935082887794,288.234133,55.13521782887793,425.190261,81.82091017112208,31.975921941921115,228.2116620335728,0.11355197057127953,345.2117368578911,0.12303004041314125,-79.8554941016958,-60.02247096642719,-23.045743916385533,3.212720781116957,True,True,True,True,False,arc|Mercury_7081760|policy_C,arc|Mercury_7081760|reference_C
arc,C,NYSEDREGENTS_2014_4_28,NYSEDREGENTS_2014_4_28,0.9,R,1,1,B,B,True,True,226.68760595843196,183.1599259749055,43.52767998352647,-43.52767998352647,0,0.9915079422337517,0.9931385544204571,-0.0016306121867053415,287.7505527865006,246.563996,41.186556786500574,222.699836,-65.05071678650057,31.736233038827777,194.8373089544475,0.11406396515667439,183.05272492580116,0.10720104910433292,-39.539910025094514,-51.726687045552495,-9.336259782516123,21.523036802974104,True,True,True,True,False,arc|NYSEDREGENTS_2014_4_28|policy_C,arc|NYSEDREGENTS_2014_4_28|reference_C
arc,C,Mercury_7085820,Mercury_7085820,0.9,R,1,1,D,D,True,True,260.2645279839635,212.14649709872901,48.118030885234475,-48.118030885234475,0,0.9902501003669761,0.9920526739843024,-0.0018025736173263105,327.8354911275098,286.013856,41.82163512750983,262.238994,-65.59649712750979,32.36101404763758,227.78682596981525,0.1166879665106535,212.03337400220335,0.1131230965256691,-50.09249690127098,-58.22703003018472,-9.343933113361594,17.478466242275317,True,True,True,True,False,arc|Mercury_7085820|policy_C,arc|Mercury_7085820|reference_C
arc,C,NCEOGA_2013_8_4,NCEOGA_2013_8_4,0.9,R,1,1,D,D,True,True,259.54217510297894,473.74780010432005,-214.2056250013411,214.2056250013411,0,0.990277160789477,0.9822526967537137,0.008024464035763276,330.0030790355321,287.047628,42.955451035532114,583.933383,253.93030396446795,32.112497836351395,227.3119972087443,0.11768005788326263,473.6179660540074,0.12983405031263828,-110.18558289568,-59.73563079125569,-10.725273141297457,-39.72467896312685,True,True,True,True,False,arc|NCEOGA_2013_8_4|policy_C,arc|NCEOGA_2013_8_4|reference_C
arc,C,Mercury_7183015,Mercury_7183015,0.9,R,1,1,A,A,True,True,259.30122286081314,281.4568530302495,-22.155630169436336,22.155630169436336,0,0.9902861872219135,0.9894562040807929,0.0008299831411205967,330.2372528525486,287.153558,43.0836948525486,343.077294,12.840041147451416,31.964028952643275,227.2196130361408,0.11758087202906609,281.3378900755197,0.11896295472979546,-61.62044096975052,-59.933944963859176,-11.002085027876255,9.31558902198492,True,True,True,True,False,arc|Mercury_7183015|policy_C,arc|Mercury_7183015|reference_C
arc,C,AKDE&ED_2008_8_44,AKDE&ED_2008_8_44,0.9,C,0,0,D,D,True,True,376.810341142118,345.5654699355364,31.244871206581593,-31.244871206581593,0,-0.014115880620687185,-0.01294540087582661,-0.001170479744860574,466.0187021376347,424.961239,41.057463137634755,424.961239,-41.05746313763473,31.854403903707862,344.83313700184226,0.12280023656785488,345.44010600075126,0.12536393478512764,-79.3957690644636,-80.12810199815772,-9.080258997359039,9.812591931053134,True,True,True,True,False,arc|AKDE&ED_2008_8_44|policy_C,arc|AKDE&ED_2008_8_44|reference_C
arc,C,Mercury_SC_LBS10598,Mercury_SC_LBS10598,0.9,C,1,1,A,A,True,True,307.50905303284526,275.0521400012076,32.45691303163767,-32.45691303163767,0,0.9884802495885986,0.9896961342383721,-0.0012158846497735169,383.38376888173445,341.919448,41.46432088173449,341.919448,-41.464320881734466,32.60311717167497,274.7885959688574,0.11733989231288433,274.93434003554285,0.11779996566474438,-66.8673079987924,-67.13085203114258,-8.743863817746636,9.007407850096797,True,True,True,True,False,arc|Mercury_SC_LBS10598|policy_C,arc|Mercury_SC_LBS10598|reference_C
arc,C,Mercury_7282608,Mercury_7282608,0.9,R,1,1,C,C,True,True,228.42763597145677,475.0187210738659,-246.59108510240912,246.59108510240912,0,0.9914427580992987,0.9822050861477254,0.00923767195157333,288.7098958419962,246.497521,42.212374841996194,588.132561,299.42266515800384,32.30360592715442,196.00849389098585,0.1155361533164978,474.8885079752654,0.13021309860050678,-113.11383992613412,-50.48902710901416,-9.793232761525275,-52.83158005559471,True,True,True,True,False,arc|Mercury_7282608|policy_C,arc|Mercury_7282608|reference_C
arc,C,Mercury_7145513,Mercury_7145513,0.9,R,1,1,B,B,True,True,227.39168512634933,378.3987979404628,-151.0071128141135,151.0071128141135,0,0.9914815663719542,0.9858246134048521,0.005656952967102125,305.0098240284518,246.917705,58.0921190284518,464.839317,159.82949297154818,31.746992841362953,195.52813400514424,0.11655827984213829,378.27420490793884,0.12459303252398968,-86.44051905953717,-51.389570994855774,-26.228567907246706,-8.82238015743468,True,True,True,True,False,arc|Mercury_7145513|policy_C,arc|Mercury_7145513|reference_C
arc,C,NYSEDREGENTS_2014_4_22,NYSEDREGENTS_2014_4_22,0.9,R,1,1,A,A,True,True,228.5666868556291,183.95762098953128,44.60906586609781,-44.60906586609781,0,0.9914375490445917,0.9931086715686116,-0.00167112252401988,288.63484285199667,247.521163,41.11367985199666,222.074284,-66.56055885199666,31.964099034667015,196.48933596909046,0.11325185187160969,183.847073931247,0.11054705828428268,-38.11666301046873,-51.03182703090954,-9.036328965458033,21.951492985898852,True,True,True,True,False,arc|NYSEDREGENTS_2014_4_22|policy_C,arc|NYSEDREGENTS_2014_4_22|reference_C
arc,C,Mercury_7284043,Mercury_7284043,0.9,R,1,1,C,C,True,True,228.00283110700548,411.61546600051224,-183.61263489350677,183.61263489350677,0,0.9914586719267576,0.9845802671920293,0.006878404734728389,290.3011640232845,246.644839,43.65632502328455,507.354415,217.0532509767155,32.11565385572612,195.77320315875113,0.11397409252822399,411.4883169531822,0.12714904733002186,-95.73894899948777,-50.87163584124886,-11.426697075030205,-33.44061608320874,True,True,True,True,False,arc|Mercury_7284043|policy_C,arc|Mercury_7284043|reference_C
arc,C,Mercury_7192990,Mercury_7192990,0.9,R,1,1,A,A,True,True,228.1100710388273,184.53679396770895,43.573277071118355,-43.573277071118355,0,0.9914546545580444,0.9930869748800496,-0.0016323203220053103,297.68303113405216,246.394997,51.288034134052154,222.445155,-75.23787613405216,32.145743956789374,195.83932193927467,0.12500514276325703,184.42713795229793,0.10965601541101933,-37.908361032291054,-50.55567506072532,-19.017285034499523,31.664599062933803,True,True,True,True,False,arc|Mercury_7192990|policy_C,arc|Mercury_7192990|reference_C
arc,C,Mercury_SC_415348,Mercury_SC_415348,0.9,R,1,1,D,D,True,True,227.77135507203639,470.9112939890474,-243.13993891701102,243.13993891701102,0,0.9914673433662576,0.9823589565277466,0.009108386838510984,288.8687130570364,247.564385,41.3043280570364,583.389556,294.52084294296355,31.837326008826494,195.81791199743748,0.11611706577241421,470.77976702712476,0.13152696192264557,-112.47826201095256,-51.74647300256251,-9.350884982437492,-51.38090402595253,True,True,True,True,False,arc|Mercury_SC_415348|policy_C,arc|Mercury_SC_415348|reference_C
arc,C,Mercury_7008120,Mercury_7008120,0.9,R,1,1,A,A,True,True,260.11192495934665,339.5765780005604,-79.46465304121375,79.46465304121375,0,0.9902558171051934,0.9872789519998086,0.0029768651053847647,327.3538621844417,285.943954,41.40990818444168,343.136807,15.782944815558267,32.47169591486454,227.52188704907894,0.11834199540317059,339.4572250545025,0.11935294605791569,-3.5602289994395733,-58.42206695092108,-8.819870274173972,63.681708225655484,True,True,True,True,False,arc|Mercury_7008120|policy_C,arc|Mercury_7008120|reference_C
arc,C,Mercury_SC_LBS10040,Mercury_SC_LBS10040,0.9,R,1,1,D,D,True,True,264.1771051567048,243.3516241144389,20.825481042265892,-20.825481042265892,0,0.9901035293569496,0.9908836831164509,-0.0007801537595013497,328.2528831101359,286.683661,41.56922211013591,301.037744,-27.215139110135908,32.935495022684336,231.11148714087903,0.13012299314141273,243.22928511537611,0.12233899906277657,-57.686119885561084,-55.57217385912094,-8.503604094310163,6.389658067870016,True,True,True,True,False,arc|Mercury_SC_LBS10040|policy_C,arc|Mercury_SC_LBS10040|reference_C
arc,C,MCAS_2013_8_29421,MCAS_2013_8_29421,0.9,R,1,1,A,A,True,True,260.52062097005546,184.84226590953767,75.67835506051779,-75.67835506051779,0,0.99024050673956,0.9930755314428797,-0.0028350247033197503,329.53103293959805,288.114151,41.416881939598085,223.563416,-105.96761693959806,32.12445299141109,228.277285117656,0.11888286098837852,184.7320799715817,0.11018593795597553,-38.72115009046232,-59.836865882344,-9.173546087198616,30.28926187908027,True,True,True,True,False,arc|MCAS_2013_8_29421|policy_C,arc|MCAS_2013_8_29421|reference_C
arc,C,Mercury_7044100,Mercury_7044100,0.9,C,0,0,B,B,True,True,376.2879320420325,338.515198091045,37.77273395098746,-37.77273395098746,0,-0.014096310392148297,-0.012681287116637881,-0.001415023275510415,465.2468560096407,423.378089,41.86876700964069,423.378089,-41.86876700964069,32.41221304051578,343.73845090158284,0.1372680999338627,338.3838920854032,0.13130600564181805,-84.86289090895497,-79.63963809841715,-9.319285869191049,4.096033058653234,True,True,True,True,False,arc|Mercury_7044100|policy_C,arc|Mercury_7044100|reference_C
arc,C,Mercury_7241115,Mercury_7241115,0.9,C,0,0,D,D,True,True,339.6916550118476,311.39697995968163,28.294675052165985,-28.294675052165985,0,-0.012725358957657678,-0.011665397986239244,-0.0010599609714184342,431.23825502495777,383.301336,47.936919024957774,383.301336,-47.936919024957774,32.14005404151976,307.42916092276573,0.12244004756212234,311.2715349998325,0.1254449598491192,-71.90435604031836,-75.87217507723426,-15.67442493587589,19.64224397279179,True,True,True,True,False,arc|Mercury_7241115|policy_C,arc|Mercury_7241115|reference_C
arc,C,Mercury_415263,Mercury_415263,0.9,R,1,1,C,C,True,True,260.6546620372683,275.3658520523459,-14.711190015077591,14.711190015077591,0,0.9902354853601114,0.9896843821143467,0.0005511032457645819,327.3938780547743,286.258308,41.135570054774284,342.501156,15.10727794522569,32.30086504481733,228.23562589474022,0.11817109771072865,275.2447749953717,0.12107705697417259,-67.13530394765411,-58.022682105259776,-8.716533912246227,-0.3960879301480986,True,True,True,True,False,arc|Mercury_415263|policy_C,arc|Mercury_415263|reference_C
arc,C,MCAS_2012_8_23636,MCAS_2012_8_23636,0.9,R,1,1,D,D,True,True,228.82276703603566,472.64832886867225,-243.8255618326366,243.8255618326366,0,0.9914279558968957,0.9822938845954837,0.009134071301411986,289.46594707833697,246.551362,42.914585078336955,586.180015,296.71406792166306,32.36548718996346,196.3409020099789,0.11637783609330654,472.51370712183416,0.1346217468380928,-113.53168613132777,-50.21045999002112,-10.432720052280189,-52.888506089026464,True,True,True,True,False,arc|MCAS_2012_8_23636|policy_C,arc|MCAS_2012_8_23636|reference_C
arc,C,Mercury_7245893,Mercury_7245893,0.9,R,1,1,B,B,True,True,228.0842529144138,181.89010210335255,46.19415081106126,-46.19415081106126,0,0.9914556217437138,0.9931861239275088,-0.001730502183794965,289.2993799399493,246.354821,42.944558939949275,222.187999,-67.1113809399493,32.3520009405911,195.61889907345176,0.11335290037095547,181.7815280519426,0.1085740514099598,-40.297896896647444,-50.73592192654823,-10.479205098987222,20.917230128888036,True,True,True,True,False,arc|Mercury_7245893|policy_C,arc|Mercury_7245893|reference_C
arc,C,Mercury_7139790,Mercury_7139790,0.9,R,1,1,C,C,True,True,260.6655228883028,216.11935179680586,44.546171091496944,-44.546171091496944,0,0.9902350784963396,0.9919038448877564,-0.0016687663914168314,340.25903771158653,287.684631,52.57440671158648,263.479797,-76.77924071158651,31.90041403286159,228.64550491794944,0.11960393749177456,216.0070009995252,0.11235079728066921,-47.36044520319416,-59.039126082050586,-20.55438874123311,32.233069620089566,True,True,True,True,False,arc|Mercury_7139790|policy_C,arc|Mercury_7139790|reference_C
arc,C,TIMSS_2011_8_pg63,TIMSS_2011_8_pg63,0.9,R,1,1,C,C,True,True,227.680946001783,406.7262141034007,-179.0452681016177,179.0452681016177,0,0.9914707302256491,0.9847634259023101,0.006707304323338987,287.3365928456092,245.866609,41.469983845609185,504.041459,216.7048661543908,32.43957506492734,195.12451300397515,0.11685793288052082,406.5947278868407,0.13148621656000614,-97.31524489659927,-50.74209599602486,-8.913550847801325,-37.659598052773106,True,True,True,True,False,arc|TIMSS_2011_8_pg63|policy_C,arc|TIMSS_2011_8_pg63|reference_C
arc,C,MCAS_2006_9_33,MCAS_2006_9_33,0.9,R,1,1,D,D,True,True,263.8131540734321,802.6292391587049,-538.8160850852728,538.8160850852728,0,0.9901171635104807,0.9699323047018922,0.020184858808588557,329.19320610138345,287.944983,41.248223101383445,992.757691,663.5644848986166,33.61448785290122,230.0800841767341,0.11858204379677773,802.4760920088738,0.1531471498310566,-190.12845184129515,-57.86489882326589,-7.515153204685447,-124.74839981334378,True,True,True,True,False,arc|MCAS_2006_9_33|policy_C,arc|MCAS_2006_9_33|reference_C
arc,C,Mercury_184258,Mercury_184258,0.9,R,1,1,A,A,True,True,291.5543110575527,180.2366420160979,111.31766904145479,-111.31766904145479,0,0.9890779381562066,0.9932480650226815,-0.004170126866474961,287.7595421512938,246.385229,41.374313151293755,222.335177,-65.42436515129378,32.483977964147925,258.95276200026274,0.11757109314203262,180.12797902338207,0.10866299271583557,-42.098534983902084,12.567533000262728,-8.772764094003797,-45.89330389016101,True,True,True,True,False,arc|Mercury_184258|policy_C,arc|Mercury_184258|reference_C
arc,C,VASoL_2008_5_19,VASoL_2008_5_19,0.9,R,1,1,D,D,True,True,258.9798239059746,375.83067500963807,-116.85085110366344,116.85085110366344,0,0.9902982273088824,0.9859208191422023,0.00437740816668006,328.91748708499955,287.423117,41.49437008499956,466.592417,137.67492991500046,32.03202108852565,226.83011088520288,0.11769193224608898,375.701803015545,0.1288719940930605,-90.76174199036194,-60.593006114797106,-9.344657064227818,-20.824078811337017,True,True,True,True,False,arc|VASoL_2008_5_19|policy_C,arc|VASoL_2008_5_19|reference_C
arc,C,Mercury_7234483,Mercury_7234483,0.9,C,0,0,C,C,True,True,214.66406318359077,183.21703909896314,31.44702408462763,-31.44702408462763,0,-0.008041637817759245,-0.006863585122843806,-0.0011780526949154398,262.99434579759776,222.577655,40.41669079759777,222.577655,-40.41669079759777,32.07653504796326,182.47974594123662,0.10778219439089298,183.10731300152838,0.10972609743475914,-39.36061590103685,-40.09790905876338,-8.232373555243612,8.969666712970138,True,True,True,True,False,arc|Mercury_7234483|policy_C,arc|Mercury_7234483|reference_C
arc,C,ACTAAP_2010_5_10,ACTAAP_2010_5_10,0.9,R,1,1,A,A,True,True,259.27035813219845,420.81125010736287,-161.5408919751644,161.5408919751644,0,0.9902873434609466,0.9842357793250762,0.006051564135870435,327.78536576405406,287.353195,40.43217076405406,506.468412,178.68304623594594,31.83747618459165,227.31986991129816,0.1130120363086462,420.6748139113188,0.1364361960440874,-85.65716189263713,-60.03332508870187,-8.48168254315376,-17.142154260781524,True,True,True,True,False,arc|ACTAAP_2010_5_10|policy_C,arc|ACTAAP_2010_5_10|reference_C
arc,C,Mercury_7007875,Mercury_7007875,0.9,R,1,1,B,B,True,True,227.55819582380354,274.8939278535545,-47.33573202975094,47.33573202975094,0,0.99147532863145,0.9897020611027524,0.0017732675286976527,286.96074210090325,245.304508,41.65623410090327,341.848093,54.88735089909676,32.42674097418785,195.0165298767388,0.1149249728769064,274.7724000364542,0.12152781710028648,-66.95416514644552,-50.28797812326121,-9.114568153838512,-7.551618869345816,True,True,True,True,False,arc|Mercury_7007875|policy_C,arc|Mercury_7007875|reference_C
arc,C,Mercury_180443,Mercury_180443,0.9,R,0,0,A,A,True,True,258.5476329550147,178.99331101216376,79.55432194285095,-79.55432194285095,0,-0.009685582169778457,-0.006705357932828825,-0.0029802242369496314,327.64519292666097,285.988909,41.65628392666101,222.049938,-105.59525492666097,32.267912989482284,226.16418288089335,0.11553708463907242,178.88460610993207,0.10870490223169327,-43.05662698783624,-59.82472611910663,-9.272833852539655,26.040932983810023,True,True,True,True,False,arc|Mercury_180443|policy_C,arc|Mercury_180443|reference_C
arc,C,Mercury_7159268,Mercury_7159268,0.9,C,0,0,B,B,True,True,216.35863999836147,248.28141601756215,-31.922776019200683,31.922776019200683,0,-0.008105119207222667,-0.009300994283267932,0.0011958750760452648,264.5383339331214,223.513702,41.02463193312144,223.513702,-41.02463193312141,32.34983584843576,183.90224408358335,0.10656006634235382,248.17002704367042,0.11138897389173508,24.767714017562156,-39.61145791641664,-8.568236018343327,72.9474079523221,True,True,True,True,False,arc|Mercury_7159268|policy_C,arc|Mercury_7159268|reference_C
arc,C,Mercury_7221865,Mercury_7221865,0.9,R,1,1,C,C,True,True,259.06851910986006,506.25544297508895,-247.1869238652289,247.1869238652289,0,0.9902949046534959,0.9810349116880681,0.009259992965427804,328.0760842127213,286.837681,41.238403212721344,627.567988,299.4919037872787,31.93096211180091,227.02073794789612,0.11681905016303062,506.1236550100148,0.13178796507418156,-121.31254502491106,-59.81694305210385,-9.190622050757405,-52.304979922049824,True,True,True,True,False,arc|Mercury_7221865|policy_C,arc|Mercury_7221865|reference_C
arc,C,Mercury_SC_401663,Mercury_SC_401663,0.9,R,1,1,B,B,True,True,230.07280007004738,275.9435451589525,-45.870745088905096,45.870745088905096,0,0.9913811277843059,0.9896627408639938,0.0017183869203121038,289.31573994432404,245.335441,43.98029894432402,341.818241,52.502501055675964,34.26662995480001,195.69072290323675,0.11544721201062202,275.82995197735727,0.11359318159520626,-65.87469584104753,-49.644718096763256,-9.598221777513388,-6.631755966770868,True,True,True,True,False,arc|Mercury_SC_401663|policy_C,arc|Mercury_SC_401663|reference_C
arc,C,Mercury_184765,Mercury_184765,0.9,R,1,1,B,B,True,True,226.87299107201397,539.8130738176405,-312.94008274562657,312.94008274562657,0,0.9915009974293064,0.979777792497945,0.01172320493136136,287.1118008799627,246.316743,40.795057879962684,667.486318,380.3745171200373,31.81235888041556,194.94394306093454,0.11668913066387177,539.6763479802758,0.13672583736479282,-127.67324418235944,-51.37279993906546,-8.866009868883253,-67.43443437441073,True,True,True,True,False,arc|Mercury_184765|policy_C,arc|Mercury_184765|reference_C
arc,C,Mercury_7143518,Mercury_7143518,0.9,R,1,1,D,D,True,True,228.44672086648643,505.4930439218879,-277.04632305540144,277.04632305540144,0,0.9914420431505022,0.9810634723002521,0.010378570850250101,288.8459459911321,247.166518,41.67942799113214,628.377928,339.5319820088679,32.5622649397701,195.76868996955454,0.11576595716178417,505.3536931518465,0.13935077004134655,-122.88488407811212,-51.39782803044545,-9.00139709420025,-62.48565895346644,True,True,True,True,False,arc|Mercury_7143518|policy_C,arc|Mercury_7143518|reference_C
arc,C,MCAS_2010_8_12010,MCAS_2010_8_12010,0.9,R,1,1,C,C,True,True,263.6185379233211,442.93487211689353,-179.3163341935724,179.3163341935724,0,0.9901244541234016,0.9834069952576401,0.006717458865761446,333.1206727725779,287.362202,45.75847077257788,547.630869,214.51019622742206,32.085743034258485,231.4164969138801,0.11629797518253326,442.80924601480365,0.1256261020898819,-104.69599688310643,-55.945705086119915,-13.556429763136862,-35.193862033849655,True,True,True,True,False,arc|MCAS_2010_8_12010|policy_C,arc|MCAS_2010_8_12010|reference_C
arc,C,Mercury_7026443,Mercury_7026443,0.9,R,1,1,D,D,True,True,260.3337320033461,211.8319720029831,48.50176000036299,-48.50176000036299,0,0.9902475078805992,0.9920644565661985,-0.0018169486855991665,329.8219259637345,287.313791,42.508134963734506,262.014734,-67.80719196373451,31.901217065751553,228.31504489295185,0.11747004464268684,211.71692688949406,0.11504511348903179,-50.18276199701688,-58.998746107048134,-10.489447853340266,19.305431963371518,True,True,True,True,False,arc|Mercury_7026443|policy_C,arc|Mercury_7026443|reference_C
arc,C,Mercury_7250023,Mercury_7250023,0.9,R,1,1,A,A,True,True,227.52667707391083,280.71405715309083,-53.18738007918,53.18738007918,0,0.9914765093711013,0.9894840303285963,0.0019924790425049762,288.9103768824501,247.475621,41.434755882450105,344.012805,55.10242811754989,31.724686035886407,195.68490097299218,0.11709006503224373,280.5993319489062,0.11472520418465137,-63.29874784690918,-51.79072002700781,-9.592979781531454,-1.9150480383698891,True,True,True,True,False,arc|Mercury_7250023|policy_C,arc|Mercury_7250023|reference_C
arc,C,Mercury_SC_401714,Mercury_SC_401714,0.9,R,1,1,B,B,True,True,226.31924413144588,477.4786909110844,-251.15944677963853,251.15944677963853,0,0.9915217416203588,0.9821129319874987,0.009408809632859977,287.9340811809983,247.376224,40.557857180998326,585.359353,297.42527181900175,31.83709690347314,194.3695261143148,0.11262111365795135,477.3452621884644,0.13342872262001038,-107.88066208891564,-53.00669788568521,-8.608139163867236,-46.26582503936322,True,True,True,True,False,arc|Mercury_SC_401714|policy_C,arc|Mercury_SC_401714|reference_C
arc,C,Mercury_7100695,Mercury_7100695,0.9,R,1,1,D,D,True,True,227.24184300750494,305.6716511491686,-78.42980814166367,78.42980814166367,0,0.9914871796824996,0.9885490814193907,0.002938098263108887,289.32300194558786,245.919023,43.40397894558787,382.03735,92.71434805441214,32.44207100942731,194.683674024418,0.11609797365963459,305.5406759958714,0.1309751532971859,-76.3656988508314,-51.23534897558201,-10.84580996250093,-14.284539912748471,True,True,True,True,False,arc|Mercury_7100695|policy_C,arc|Mercury_7100695|reference_C
arc,C,ACTAAP_2007_7_25,ACTAAP_2007_7_25,0.9,R,1,1,A,A,True,True,226.00423288531601,183.88571799732745,42.11851488798857,-42.11851488798857,0,0.9915335424141773,0.993111365162559,-0.0015778227483816468,287.8676599470858,246.625657,41.24200294708586,222.570939,-65.29672094708582,31.90970397554338,193.9775098580867,0.1170190516859293,183.77742520533502,0.10829279199242592,-38.68522100267256,-52.648147141913284,-9.215279919856549,23.17820605909725,True,True,True,True,False,arc|ACTAAP_2007_7_25|policy_C,arc|ACTAAP_2007_7_25|reference_C
arc,C,Mercury_7135310,Mercury_7135310,0.9,R,0,0,D,D,True,True,258.874085964635,215.83881205879152,43.035273905843496,-43.035273905843496,0,-0.009697811589220865,-0.00808564567282861,-0.0016121659163922555,328.4836857761745,287.155852,41.32783377617454,262.708093,-65.7755927761745,31.845864141359925,226.91392782144248,0.11429400183260441,215.7227941788733,0.11601787991821766,-46.8692809412085,-60.2419241785575,-9.367675632982014,22.74031887033101,True,True,True,True,False,arc|Mercury_7135310|policy_C,arc|Mercury_7135310|reference_C
arc,C,Mercury_400905,Mercury_400905,0.9,R,0,0,A,A,True,True,260.12277603149414,185.27008197270334,74.8526940587908,-74.8526940587908,0,-0.009744589392246641,-0.006940495188600039,-0.002804094203646602,335.8763818593126,287.325352,48.551029859312536,224.181931,-111.69445085931258,31.915724044665694,228.08789904229343,0.11915294453501701,185.1627908181399,0.10729115456342697,-38.911849027296654,-59.23745295770658,-16.516152870111824,36.84175680052178,True,True,True,True,False,arc|Mercury_400905|policy_C,arc|Mercury_400905|reference_C
arc,C,Mercury_7159775,Mercury_7159775,0.9,R,1,0,A,B,True,True,259.4604648184031,447.76320084929466,-188.30273603089154,188.30273603089154,1,0.9902802217793083,-0.01677388117950179,1.00705410295881,330.4931438864842,287.509089,42.984054886484145,546.591495,216.09835111351583,32.4412090703845,226.89055488444865,0.1287008635699749,447.6058960426599,0.15730480663478374,-98.82829415070535,-60.61853411555137,-10.414144952529668,-27.795615082624295,True,True,True,True,False,arc|Mercury_7159775|policy_C,arc|Mercury_7159775|reference_C
