group_sha256,representative,id,selected_unique
4857fff72b895607a8d634440047d8383446aa6505ea4d534346a8b86769e0fc,11-572,11-572,True
e02722517cfe18649e0c68b6718a0ee1953111bb4dc5a4eebe1e831611f060bd,9-885,9-885,True
123f60a48625e34ddc3eb319f109c8ca7cbc28be4965a8f69ce4c06ea8a7b8e3,10-965,10-965,True
da2ae37ba0b086b57456ef639f2c5abd8486db8305776a5595a6d827e5306522,45,45,True
c32f681f69eafcc7e0c1ad699272c9a916f5feb0d85967e42284edc0c344b8d0,9-667,9-667,True
55dc0ba9051c0947f0b79811595f19ca9ae17f56c181da8024ff7260a370ca10,14-889,14-889,True
35109117cb41148dba6b6e56a76f424d35a9c47598093d4417823eb52a90ded3,14-644,14-644,True
45b2412933dcefa24cc0ae0635f91fca80f5eb7b59870be43784144eaaf42d9a,12-337,12-337,True
98c6d28abed975e0af5795774954cf04c9ed3158cf59a51834466883daca7670,9-1174,9-1174,True
b471b27dca0798b595aacb306f5f962523c750c592677ab9f82de59146b14b9b,13-946,13-946,True
f595f1ab8c83f4296420d71c9fae89c41033aece99ee3786036d4dd7f3d1f82d,10-1205,10-1205,True
a2b99e481da6adc464c2dba30c27efff0b11a95bb2a9702e30e204218d1ec0d8,7-167,7-167,True
480bfa4e2324df5326bd8c7a5bbd9fdd45a1fe2f56bb8046b599d253079714f5,10-1107,10-1107,True
530371f0ca97772f571a9fbc6a47333419de585e36d7d9fa75e793e47068dbcf,10-844,10-844,True
741ed5ed14e2f933216fc1fb1cb95fdef9ee7768318f719a12ae2f31749ac64d,11-385,11-385,True
56e3d6977ab4ab21565617b84379470ae6c9aa892633b3f0d19c089ceb6b8d5b,10-733,10-733,True
47980b1242ea84be630d4c6f03c5c685034380ed1d15202c23f5b995acdfd5cb,12-881,12-881,True
c96adaf66ce48ddef1870751cc4285ee1d4f0dd5c7cd20c9ffaff586c4d26ff0,11-502,11-502,True
16692b69e2bec745fec6c49c32276721cc46a630eaa5f20d11f92e7c39990382,12-883,12-883,True
ebcc638b1c592e4baaadd57902af38fba08fc6933f8b67777ced2bec8757fde3,10-776,10-776,True
51d84c5574f13698776a077fd73a2aead6a2c6204cf56eafb7b1396bbd0dc702,11-571,11-571,True
a432b8175d4321b6f9fa14df18bac88cf23f61a3a3dab17922d4223f3d1b3f0f,9-314,9-314,True
507ac49ee26dc93767ee02a4ce959449d7f391bd8467e89e6fcf635eda7c168e,9-31,9-31,True
16a3c6c78258c112784c08732c83e4259f6e7372d983ae88d0be8e8ad395ba5e,13-692,13-692,True
18b22247d362ef486b68b1f99ac096811bf291779c4c3718fdeeeda07c8d1ae8,11-83,11-83,True
c08e4056c8025bfd12ce590e5d95d9541c8c3621be245903769f5400d1f7d461,10-898,10-898,True
6a5838165b5cfbe3f94cdfdd5172f7995549e61833545770b0da8cba964c6132,13-333,13-333,True
ae9b871586a761bacce5f3aef4edef4b9fa2b9d90beb255fc173648481d7beea,10-262,10-262,True
e93d8239a2b11142d2b50b6ab4b749453613f4781cc602b73197944c067a8714,1422,1422,True
135c2d4cf519e18e96f2720148e45fcdee269707a90177a82cf552590cf57455,10-1181,10-1181,True
5510ac97baeeb790d4923b67146fac897631517fcbbbad4e44907c396ce089c1,888,888,True
4f2971bf2a9460913174de86d0e5e0a3ec920aaa13424ff0bd024b8979fd2468,10-889,10-889,True
506444badef1650176bf4bbaf7b756635f579bda01eb525488e298ce526a3e9d,7-890,7-890,True
62c2819bc6278a3f08c6bd770da97ec2b198e7f3f58cf8498159d025d35eeb93,13-339,13-339,True
1c543799c35504f08385aad166bf04e4312482f1b916c2e28cc13553e00e7ae6,10-812,10-812,True
9b84a71a8601813191b833bb42279e2378fdc116a586694f3e5979cf03e4804e,12-95,12-95,True
1c5dd279732746ac04dbf5898c4a960ede810d186360785688d63188ad8563ce,11-93,11-93,True
b92ed143cd65e432608ad2ffcaa52eb87b979c49f00f45b55e0b0a048ada74d5,12-114,12-114,True
3f102f3f33cd4713c70ddb9082fe05332096158b28dc08a1f9b4f2aef6456939,10-371,10-371,True
1aac90df44fab77296ccf285acf341ca28f04f6cc99c54ca89037f60dad71bb4,13-952,13-952,True
896a2d1526e658938375c069ea15171280294cc3fa690b4bffb0ed80110b67da,10-603,10-603,True
3cfcdb2b6d5f1f54147cee55a1648a5422a13a0c3aa0f09d4497e289f83b9cbb,10-434,10-434,True
53592bd9bcfb2e4b72c7a5db0c90c0438963cae45b58d53647e70b2cc1095ab7,11-729,11-729,True
d2d0158c116ef62d2b6c2b3e2b59c26584e4bd29c6ec5b7a61c8119cd7d36e51,12-355,12-355,True
6454fee68722cf5bce9075486d154768d336cc9faefd42edac3980182da33c63,8-474,8-474,True
7c13bfe62ad416a54def014b49c235a79ae0991d6dc8015ee91c3ad1e87e9f74,12-535,12-535,True
e7acce35f896fceec1f35fe3e8066e9fb328f1d5e60b422e08b0e081b075b80a,8-313,8-313,True
ece319a3aa1f31cc8764a435690becff41505e0697a5eaa7aa1b38c24265522a,11-549,11-549,True
f64833e413c62b218e26c1a11ca4a265aa6527e94c2455fc8a6c39864b7a9a00,10-532,10-532,True
dbd618ca5c24b8f0d27d84c1d9d666a20767598f385f074f2d6a07bec4757f44,8-113,8-113,True
e8486cd37ab3d05bd9f7f9d6bcb7690766325bc4074ff6f42bc6aee9c277d8e1,10-1127,10-1127,True
4fd9e7fea409b47ccee1f663bc973e81a12f6456d9a87a3144f79750bfd99f51,8-243,8-243,True
ed8bd55a5321f949a93a63d76821544bd1f529d2ff6f7b2e50bb9f7969e66ba6,10-1077,10-1077,True
286a71e519e64b43c301d58bbeb3eacd2b17f29dd0dfe375229fa51dd13eb7a9,10-219,10-219,True
846ef7a8f0b3b3fb22b46238fc2645ca68c1419fd6e312c58d129a62a8055804,9-236,9-236,True
ddefcc117f186f199e668c60273207c6509a2ba672a62d3d067778e47e45c058,14-95,14-95,True
699f50238811bdc1437d2c9f87b1d8a0797b0fa88dca8fb0af98e2caf6bfd446,11-263,11-263,True
d29c188c959e5fe4cb261937c9c780e3cef77664687b7bd7d61eb665fa4e9249,14-1506,14-1506,True
e650a436860e903e0b2dc510116fe39d3b90ec28d3151b056dea8040263290bc,14-1088,14-1088,True
ac72001251ac7f59e534bb1b6a1652e3717db90b1f3b4d340270d1dd8460f361,9-963,9-963,True
5837d8fc06e264c48d7866becd287b73a4f2bdbd78b5cdc4eda19ba4b76140ea,10-1052,10-1052,True
a86f5a608bee94de26060ad770786d5d861f9ba3151bc5050d5bb707184ea8d6,13-472,13-472,True
5bed267ef65e758710bd3e89008ccb00333417098fc675c2b9f97835362ba10f,8-242,8-242,True
db2a215ad70de2e12755dd6e3eddd29e8df3bf89ee549c2f0643712db22de13b,11-96,11-96,True
9840a9e55e1b059eb4352906ff4568f13be47d699c940e4ef7fc9e91f5c56df3,7-774,7-774,True
8b3a65495c95e42228ad24df21a707176c131605e10afd7823fc85105f5076d0,12-678,12-678,True
f938fb5ee6730ababf8cd81933e2e8c9198fda3a0a00ae36700d855809606f3a,11-554,11-554,True
03b974eacc58c8e59beb7323e7a60b17afc73136f2345c868bacd05da7fe3e2b,12-133,12-133,True
98639f15dafc57e4889f6846958d89383f54dc14bacb0a17af42f5ee86a4c902,8-421,8-421,True
3a5887596423963eff2f28a0638a739dea9707a0d1032428ebea0e6336e86692,10-990,10-990,True
f4f74e9553eb52ad7dfff4b685ce42236ebeb95da5b8c624a2d3155e41db78e2,12-954,12-954,True
bd34c2867a17bac4a516fa7ee3be5bec42fc32fd8c4a72e17fac9b71be22ef63,14-770,14-770,True
dc35b40c8a7d431b48d981d7e6d3e83df06d06745ff27138f9ec15da08148c55,14-1156,14-1156,True
e626228c25499b93184bc2e611058464ba28ef619c220488a04b3bfb2c2c7713,10-589,10-589,True
a85268ae1e6227df9804d08afa7fa7b03e863a0e735a9e91507bbe43e05b652f,10-1167,10-1167,True
9aa7e9db469bf49df0091f6fdcba19afdf1406f93e6e64d4cd94300eef977e1b,14-1225,14-1225,True
4a261a89d00e05a83ea0f21b6b10b1f8d5763ddd92a4b10c6df4b3c19fa2a766,14-413,14-413,True
ff0d1ad7cd39593eba596728699df5ecfec115126498d6752421a1b42f04b4ce,10-727,10-727,True
55b7bdfe0af459263a8aae3a37934cce723405f225ee72fd6e4d71650680e8d3,11-78,11-78,True
4586ed2128e48d7dc61433df79d827a8519a4cf141d09909516512cbc80bb523,14-1015,14-1015,True
be40a0157ead0a73b005890b404c23debedb947298890e3ff1278b5359e713e1,10-1103,10-1103,True
9612b3f0491fa1775d5eb3b225c87f9659cd133e946a121406b9ebc64a02a87f,8-219,8-219,True
aff6adab4fdf07e0ee3dafc6de1361bc452885978395f95fed03562bc5477ee8,10-863,10-863,True
e612c73d011a449b7e3d51ed8c51096a0e7a1ef120a6e1d3534b8d4e08b34a97,9-295,9-295,True
2d3fd0cc864ab145779e59b5265be49f695767313d10e1d89f73340222df8758,12-422,12-422,True
68402ec7812d8c9013c0625c15e1288e2e193ed11aa8e2542d6d324b848e242e,14-406,14-406,True
dbd7bf1afd56afc68eba6118daf67a2bb8b975364ff15dfb8c796580367e39a2,12-238,12-238,True
6bd1b7ce0d2fac09e36a8e83f433aad56b0a2f6ed8387996dc65221cfb893c7b,11-48,11-48,True
6f498ed8438e37a72b940efede7bb757fc0d4dfc41acc6001e1370a9c4e8f6f4,10-1151,10-1151,True
6395584153a27d43e335adb8494141721c592d509f9266a5e28d170244fb21e4,10-835,10-835,True
1e69421d15e1b5369cc8f8dc3e0c31009f4520c3eca940bcd7c56665c2475789,11-557,11-557,True
61207835ee7dc152a209062c7cdbf579064b12c0efe21be834352cf004742c3c,1228,1228,True
981e5c37a4d9277abf6e0bad8c5938b9dcaaca5d57528e39f57fedd143095579,14-6,14-6,True
93fb9bc7c8d9e351026ed1b447be2b35f5191a1c33c5ed60b7cf15213dd6dafe,1770,1770,True
07eb225fa9bba0001b4570c5f892ade00c2183b3f44a10ec12a87f0f988226a5,1276,1276,True
ae07fdaf659ab916e6dd1c1035f52f17fb55556e9daa43ea3d76956733a19c90,11-500,11-500,True
3cb1a2139b7a782cd61e299525fc17dab6a51029eb75b72610e6cc6ce228dcbe,12-643,12-643,True
79acb79b9da3758ec1140e881d7ffa4721ec47af30f5e8d32c14ec488742e245,1172,1172,True
415925ff31d4660b48d428cdfb5e4297d7616e8260b4f0e7c0925b06e706e34e,11-269,11-269,True
7ec8c53a78fa698e6d69ca97661f708338747a536de710024fe6b7b7965334a2,10-237,10-237,True
db25b39bd002a456a15e8610f4b505207859ddb3c4aed96d84e347a2fb3a79c8,14-1298,14-1298,True
5cf4d5d75e76f520df9a28b6801ff0a8e4e4ad46365d0087325dc86397af0d7a,13-795,13-795,True
dd57cd119c803a8f1fa4b736205ed8ba84468fe31669406cd30821056587daa6,12-176,12-176,True
d17451768f4113286455e6839933cbeacc33de522f6a8d41cab88df986a79450,13-636,13-636,True
ab957e76fd20d717437214ec931a8b5f76be461132ee00fe44fd3d98ae64121a,7-783,7-783,True
4c74addae56a9f41b238eaaddc83b798f3540214a6209de55bf12f2a5f864dfd,10-1185,10-1185,True
c609f104b651913ba50b009341b334fffb7a75e87296bc23c99b8b68a4fce275,14-1141,14-1141,True
2b1a87840c0577216999f6943297f1b9daf661e06e95d0ab28decd70a85dddce,14-836,14-836,True
ed2ad98dc435c41fc28a540e5fa5d42193200f66012fb49d237b94fa0fe89656,11-97,11-97,True
28c77ced10c8c02c691c6af413924e535d9c4711fc572ff61f08a3cd5eff0379,10-1156,10-1156,True
12cf3bae43db102211419947ebfa01c1a3f3f13f7cb1df0468ef5f5aae28fc28,10-204,10-204,True
7defc3e5c445332a9b3828cb6a1fa5ab20a7462151ec2824fe6ab2a5d5ff1b91,14-952,14-952,True
0e221fe167419f80ef04561bbfbcf32fd72b7d77cf743d8a944ef36fc18a24b2,14-935,14-935,True
3f1c0c00667d45fcf118df4dafe7c004548197bb53f0724ee1b635c1ea893f72,14-1413,14-1413,True
c4a0a63dec752ef1e97a16f5c4cf5846a84f67e945438d097d39c4888d199d65,14-802,14-802,True
8f600e29b28bc3bf37e070e40c01aec67cc95bd0b870fec01bb7409636351bb9,11-513,11-513,True
df174d8523c97d001b85f87b257e9e68977a5fa5367cb5bc7b2510695f7e4899,13-865,13-865,True
3f2ff821fee54c04a16fc2879e1c83da3e8adc5d609259594bedd8ec8bd9ddcd,11-346,11-346,True
f7deae89b52fa6569ea7b368f985fe633acb70360726a30d6ba11a511d8d4a54,10-370,10-370,True
01db908aaadc59485ce02feb1a9b8004439ba4765fab28bd3570c2d6ba25c218,12-1031,12-1031,True
fcecdf66f06de622f2f3f4820ba01ad827afd33eb7369832df6a6d35722fc3ea,11-305,11-305,True
87a43ff3dff8590233f21b01bde8a23b6b7c780e32411d4d8f9ba49ddda27a6d,9-748,9-748,True
d378bf82720542632b342bb00f708d8bfa12835d467324893d49ad324a927457,13-1025,13-1025,True
236f3f1256c5b4ae146137e45cdebd0ac65f440a714e7977fdbde74dd7984156,12-517,12-517,True
bd3d284322d03b3db5583b4fd3d4b2ace0707d459768ed1825909f01c88f3f1b,11-272,11-272,True
e2ce2c85ddb6dc3b407c21a78141b39a45da93e9cf21e2e2cc7af753a0aba12d,12-24,12-24,True
75c770a1e367e3c91efff29af440721e2b36b548a1bc78a7bd13d16ae07b08dd,13-228,13-228,True
d4977d2a0dcea950600a63bb4bb1609fc1f615e55b35d1f2c3ab56aed81ce8c8,14-72,14-72,True
9aacafbff06153941554ebe880feb10c06f66560b9d0c5630f9fb14e3871c6f4,10-944,10-944,True
acab6c0d7ad57e211da19419ed308a89408889ed81476af7f6c1cb944ff0d9a4,10-1118,10-1118,True
bd9b7f06ea07f0508cc63c2fa16a9438c07f14a309a49cfa50d612f1e3dad1e0,10-595,10-595,True
a4d5e996dc93118a98295bdc3ba86015ca92454e31180e171fe5d0a98bb3de2c,13-1057,13-1057,True
c7184828874add8937111c6643f4f9eacc48595e9e6253f986f6d1e55fa3744b,13-805,13-805,True
68036474fc8cd2e771064c8e01d36ee7aa2d1694169b0312b3e99e7d42d5dc02,14-635,14-635,True
e8ab09c0a15d9aa90a38b2e44aadc29c8d706805ede7a55ad2860a774a59c951,1163,1163,True
8b05b3f3b2aa169492ea34a3bd8552b5fe0b86e8038ac46cd855f0f01ba3660b,12-779,12-779,True
c3979b7a5511b3acbcbc0accf16dc75faff980bcb3f7c40d36289045c5fc6fc3,10-1140,10-1140,True
813e98b9e64cf357c8855689d827e83071e0926d476b19ece3a71bc2eced42fa,10-6,10-6,True
d9941b4dc06450d2a6d16b71d817df41192dbcfb5d7bace17acc891e47650190,12-51,12-51,True
69181b2374666a54583b32bcfa0c14c24b721884b156be3284635b45ad8c9872,11-23,11-23,True
46ff19a5b1adbb75365d8cd71fdf9baa04f585980b391282abba8fc335a891cc,1722,1722,True
3c4da89f8bec9a5fff8e9145d7c4151ea66374ab955481c9c0641ad18406ffd2,1768,1768,True
223d76a0bc44a7ff30a27f4108ba223d66e40513f606fefe571c8c59777f00dd,7-521,7-521,True
ff32174e24be5ee00a5ac683f5dcce6946c915f0b5078337da011880abdae483,14-682,14-682,True
24792ee22e6b8110d00a4613ba2ef32f3e9f35c804fdbd620239d65403c2d61d,7-1110,7-1110,True
4e6a4c1437717692c68287fa538a3dd5056142b438e7f46dc65354de615751af,11-562,11-562,True
b88e36aa3a6e17e2f8e63f4dcd3a1468efde14affeb7a16b556ae9b624db1c93,11-165,11-165,True
36e5091913badea2fd1a01b25626b90acfe04310023b1b76e5246cde79d6a797,9-443,9-443,True
fd6bad082542432be11cd836ee8b7b826477b145669b64e46b55c7f1ecbdff44,10-138,10-138,True
135ee8d626d448f291d06f13532db84338a0b715ba3355981ccb2475e9a388b3,11-107,11-107,True
066c9bc2b3e71353b87e90116cfccd43aa08060da21ffe77be00261b9c4d6d89,12-471,12-471,True
cd2080814b6b45c52464fef011a4b1875715cae1c58707ddc4e5381e8f7a97fc,14-44,14-44,True
dbd5cd4273d9605f6d46f76f723b7cba9f5489c63486828d07f9bad700ad01c4,8-295,8-295,True
08c677fe7e7542eadffdc66c010932029158cc8d8faade1cc6c000c9c2ebcf0e,7-412,7-412,True
ecfb512b33c0e85eaca308104e68488c99a7c2a6386328691ded438415dd9e5e,10-145,10-145,True
ea7312817707b726ed564cb8a51c5a2801af69761566454c7c1809a067391235,10-197,10-197,True
08d123ac91bee17fda6df2f48b14050f1dbf042051a4706920a21a2052450b18,10-710,10-710,True
18e97eb625c6b3bb4b41aec00a6094ae3743f8c5ab25bb192d9000c7ce680be4,14-1363,14-1363,True
b88959a68f073c1eeddb96c4c96af840c4e5dd9f534f970c7c5de92bfda73b18,14-972,14-972,True
56cb897c25ee5c85e2b07a0a596c2c9cb5c33b5b4b75d883e50a0cc085caaa09,10-485,10-485,True
d34e61a024ef59bb51abe846fd64f0f3319abc5dec9f186cce6b6688aee26659,12-415,12-415,True
694c9da367c0584c26f2f8c9853b5372686566349afbc35f333bc7122a5c2485,7-824,7-824,True
ed970ed101c0e7556e4a9f660e8a7a2d33a533736ead44ac3fd6918299c997d8,7-532,7-532,True
b329fbf73dc8f79b715f48668bd797b6141b78e8e72c573d6cb61c9159e1d0d5,13-843,13-843,True
104fdf2c3db60296c24377f284bf6dce7fbdfacf391b2306bcfc75e0dd26009a,11-435,11-435,True
7270f4850cc35d4f61e56b45715b03f5a0a21eb1dcbb5047be9773dbdc5dbbe7,12-226,12-226,True
83e03c5121f16c356af613c62cf3f1f00a0e1f15253204d302914aad457dccdc,10-811,10-811,True
464d5844a402b7bab4556e89028498fd1f06c2d1cb6e62949f15bc6286259558,14-1430,14-1430,True
899e521358f9fea0b140925b54a58738da3c4bff9601e659366d253f0f979f9d,10-935,10-935,True
81d89cd8944ea20c7d0301acc20747573bd6c1326a5543e9e0abb59b841a26ba,9-1035,9-1035,True
f212a1c8bf24c349483f16194ecc935d9df2d0b918fb53ccda3c82a57165dbe1,10-1060,10-1060,True
e56550653bc75354b1e2f9f53e453d78b6ef6c9f25f85912e5528dde03c85725,14-509,14-509,True
56824d8c984d4eafd931eb0b8430c85395c4893395805c6576e9f37d78d2dc97,11-459,11-459,True
18c9e8c395be8bf9d7d9654600e9c729841504b7c2eac9e18dd4d45006f3b7a1,14-1386,14-1386,True
16b79a9e31fbd3eddb68bd4efe671c139a92497aa084b2bbdad6f958d0e3dab0,9-1143,9-1143,True
e3d5a823117a2da1d21aa241ec91130fcae0ed21578baefbe4387a1f8c7dc242,10-833,10-833,True
b7cf1e12738a7910b60740da9f9e61aed959cae9836528b06824b346e7296cbc,12-1147,12-1147,True
b16b0708cd448fe8037afb126378446ed7b7bfc81ed445e7f39774764a2bfb56,10-498,10-498,True
aa2f3ead6d06624ef66fffbddbee52be1a4f781e3e0271b219f6fb9c88cf72e0,10-985,10-985,True
9713778107d5150bd9f10ea5fb1a847eade742c6916d855855d815f236bfa468,12-735,12-735,True
08f1ef364ac7054c033dc6451a907d558545b41d3c3774973ae4879fe4b4af3a,7-190,7-190,True
4c707de9c5470b53af4d92dc353913769efd11458eda591b364449a235dc7583,13-615,13-615,True
6b0f5fba695cb0fa95008f80c444a60ab4b40093c6593bdadf2551a592e4a4be,13-574,13-574,True
7e3aa04fafe4b9a30c4172618f79513c4114eddd062c8f2c3e8770d5b8168e2c,14-178,14-178,True
cc84500358d6608a4349e4983c5d70727e4e13f46950960aba431bc29cecb76c,10-343,10-343,True
4e0cc7b7c6a1c40adcf1fe8c923d9b1b75dbbb2c426b9d93dfc559b3dbb83ea7,10-674,10-674,True
e251e8e184e948fa683f96847495b7f151f363984c72c90e2ba65dc1f8ed7fcb,11-614,11-614,True
d35e67d87c5e058895cdac735fb1d4139836bb84e071248a1185ce22fca3a778,10-482,10-482,True
7fa5603c34d25645d318e023180b1fb8a2d8c501ef92711f0627a6f777541d41,10-183,10-183,True
0c5bece5327bd7d92910e3bc01299442c95e6f395c1b70e050b65c4206fc5413,7-467,7-467,True
4c5b7c11f4ea672d89961bd5a06bf73a0be1a469e32baa91fca14b5bfd23842b,11-92,11-92,True
89d4b2ce9b94049b386346f6dd8d577c64617b74fc5e54442b4b6cc13b7e0cca,11-89,11-89,True
a7055f108201ea084aba5325a185ad9e98164ad08f53417365770a362499cda7,11-625,11-625,True
70ccdc5d5a516ed7993683d3cc9711876b9957cc6301e7996da3c2181227e9a0,11-658,11-658,True
0e8d3fe2607a431999c13309c2fe89ec88b8b927f12cdd6dec4cba722d4c7df6,11-530,11-530,True
a3b9e6ad5dd5cf05c267c7e2563572c91a4293a2c014fb6c61193a683fa7d069,11-28,11-28,True
b51603f62b5f8a20f7bd592729f38f459af65c6a151a8e2ce70e36a7721f5135,11-253,11-253,True
743c05e8563e19ff8288af72f12614b7302f0edb8f3be1cadd930775553c7b61,1091,1091,True
dfbbdae760e848183deb3b20a71d0e7331cc09aad45388bc99fe92458d495e58,13-809,13-809,True
48222943d1947a80c2d6c2754b14e6c8e6485c8cd55878492997b0ddf7dbef1f,8-427,8-427,True
88901aa69ae1a2f43474fec19ff9bfea348696c927835b99b88c43de339cb33e,10-519,10-519,True
574152b3f3cf7b63d13dfbd8a6c71bd7376f99a6d0f3d35db16d9ab090a7a4fb,10-1221,10-1221,True
17d49cf363ad697930536e743a6daa092c7ee3c75ec92e87d5555e8ed6e928bf,11-217,11-217,True
1000a04f039e9c8207fb126070ce6ead823c822b0f7f9959ea531d20cb0487f9,12-182,12-182,True
0a2745512b0b74954988d2f8b55eecd6113e8609bf09b58899ef6153fbb4e822,8-20,8-20,True
c525b57f2fc4460593d745990d6b14b03f6584a7f61fe000207b586f17cbd191,12-864,12-864,True
82996db3d0f76fe9eec0a10ee496924dff502169a9d83eaf1fd7eac14cf2a93c,7-368,7-368,True
103128d7ee3a32aec559ac205fee688ddbe3becfdad9c75011abcdf05b48a1e4,714,714,True
c2758316f1319e051cb42e118940974eb4b7aab601c68355f3bda3d6f7ad1698,11-408,11-408,True
5d6630ac38e047d6233f3fbb6e6f2c88678c0200ba2a604d1ccda45d310151dc,12-769,12-769,True
3faa9ab932cc0741951c8d2c42d8ebbc181605578f6863e8880675e067522efd,8-82,8-82,True
62d669745ec957c40c7b39234aed794e23897c93307f15f9b828d6c4e63476ef,12-776,12-776,True
79b8c6c1056725e13f4485725c4471c0cdfbfe0ccc1cbcadd7764581982d41da,11-682,11-682,True
97dd8380c0147df3a43daf8a34cd72d48b389fb634605a0425961f3c283ff237,9-1028,9-1028,True
ef9aa4ae680319ca6377dc498dda4e91e770f51cb494e963dfb703190ed8cbee,7-243,7-243,True
95dbfe1463a145541396e7a37ca88b10d62b5174ca33ffa3f951601ac4ae7a5e,11-746,11-746,True
2d25b4a8a26aaf9b83a054833dbdc28bc76ac60ae3fb9a6601e1a17a7f28add6,10-930,10-930,True
eb6270a80a2582d40bd41f6209034b00b0e0bef50e3808650f2fed494b98711f,14-307,14-307,True
64606f5c43a7756e66f3ff8dcbe9ddfef9198741ba0d3215cbd59cd487f82c3a,1210,1210,True
878a9030df144abbc7b48418dca9d04b6c6cf1b4239b906739b3be3a58f83f0f,14-990,14-990,True
9a584cefc5255e6972c1f047a96ff65ba4229353a360ba57d910d55314765ddb,10-297,10-297,True
5f8c56950942555678d0c7727a8cff28ad5f8c3e0ba61408ee99dbadaf5f1f1c,10-147,10-147,True
af2c7cde821181b811c2b790a4c97df2f4dbf243895fe022b6816fe04abf699d,10-618,10-618,True
f47bf20f649e68da54665bb7236533cc3f43ac93ab76d60420299b6d75d3cf78,8-184,8-184,True
6cc2535b4d9faf46449811d75b0aa060137db2149b62e16321e6ad2b1b5d341a,14-1194,14-1194,True
9b292baf7a24ef854cd85b141f8ed1ede36c26f850212e8db4793818bf8b1105,10-381,10-381,True
38665cf59cd37348286ce03ce07a9e98837fad4f44ff4731087432e7e2ef466a,10-831,10-831,True
902d39716b5dcab4140b8a77e73fe1cde0387118bddc4eb35790936ff5794e25,12-178,12-178,True
1052150c0a1af82c667c7cd7a54507954391aeac4d5bd29d685ad8a9b48da98b,12-714,12-714,True
170e301a5e77847ba31422d39e01c24d535ca6e9736591a6a4f217090321076c,11-44,11-44,True
95093118349f3de14fb8ae2dbd8a1e406aed7d86e3ab52724685ab38bfb42bb7,12-472,12-472,True
ab72292ea530bd5ee8b47bb47fa097143d0ea10c53918f0fadc854cf66f85ea1,11-39,11-39,True
836fd2b3b3aa2065eedf956a2b88efbd7807496e45056cbdc8ffd9d2f2df2916,1867,1867,True
14dfe96a8882956040c00d11236b2cb975c7241e3394faba61ec35a82de676a1,12-1145,12-1145,True
95609056e8fde4cae2820b9aa3a22a2be5d0da08b7a2ed27eff083ec0eda2edf,14-1416,14-1416,True
042a1350bb6cb9759e7c291b986675b430240470fa79323282c255bb6b5e9cb3,10-206,10-206,True
f28f879d0a0b7f368d32eb52c5caf5a7d645cedaa2cae473491a1c5b077b46c5,12-1162,12-1162,True
2a2812e569c385b93b4eb9d39cdbddae1ea65c9706fb9a0468eeae1f8d99c4e5,9-761,9-761,True
583480a5853bdd3bfa34ec7563255ac6d0180eb2e9355f63a0722849f9051d38,10-585,10-585,True
fde407f993bcb0ba949900551eaba9ea4217c34a9c3e7a473bc090cfa082a479,10-210,10-210,True
47392cb09025c1be69e892bcfe8b97afba92a78e1d272e055378e7615a384402,11-33,11-33,True
0d7fdd0f1422bcdf06e24f9154e0fdb11cb505c4ea3c1384467ed2c3fe35331d,10-74,10-74,True
506b4e29549be8db8c2ae645ab850e5b27e8cafdbaa1ee519d9ece39e7776153,14-1146,14-1146,True
f1edf6caa3c00314386e5eaf239c2ac7d602d7c94241937df5fa0639775bc801,12-780,12-780,True
91e99abaf7d87baa321f18a14999763c66e87eee86c5059b45a1457d4abe7c26,11-267,11-267,True
94b36a09ea3e3980d27900f03397587be354fc4c60c96f68077ae7a057960064,11-748,11-748,True
e82a74ad773a07a3fd086fc31b5d3da6b3447581571a1469563097b34f09fb78,14-1284,14-1284,True
295d53eef4fb367bc641995511a4c36b95ded6662a73364349627cfb28daf834,11-372,11-372,True
d28b4d0cd2ef75e5e65f779cd41dd0922b71a1bd04916beeba5922d8693c53ed,14-1009,14-1009,True
bdcc3b9ad5fab534c57ec2434f0fede78367e39feb28566a684f6cf4cae5c377,9-954,9-954,True
3c79f1893473a6eb78eebdbbd38987d1bd430519f24491b0e792abfc639bf53a,14-762,14-762,True
ddc88b25f96d7c65113fc3670acdec4aa57d1cf0c0650755bb65ed6983bc6157,10-73,10-73,True
a8160d634a0cad9492b597a0920630a11d12de5fd42e63eb65c99c88352b335e,800,800,True
bc0117eb8ae6f7c86d6f6c55388bca383051a65fa778b76176f2f478e902f71d,11-306,11-306,True
29718bbabd7aa8341c2e5ea54377a6b5346e32b6869eef39062bf829ad7f10d9,11-608,11-608,True
89d9be3131f25e34e7106ba949bcf15c9ee660a4b29e58102f965b7a6a85647f,12-594,12-594,True
627724685a4034c2810c12ad591378e1c7359d8f99fc70cfaba0b8585d9f18e9,12-665,12-665,True
73728e2602428fb5c560eb3db4c892e07f19593d9bf12691abc95590bb254c27,12-991,12-991,True
aef3352eaadaa7eb27525041fa02281e82c2edf224fbd38e4a586fa7b282578e,7-282,7-282,True
a866336080c33565394a56adb08a05d03c90dc95b88e74d090ca1b5ff68117a7,10-447,10-447,True
3d7512408107aa0ca215555788df1a043aa9ccb75ca9e45dc8547d74a33c8d46,13-788,13-788,True
73ea232d743f8e70121c4b3d113c22bacc3acbd993508b78bb50832409ab98cd,11-350,11-350,True
e0df4606a2bddddbc4fab77af836a53a38b56d4a533d2dc1cda3ce89c7a593d7,10-236,10-236,True
049e4bf4028d43717cab9fe6a3a97f8e15b7478a0dc1202b8144368a1cd25fe1,9-773,9-773,True
858eee03815514d24740818ec3296bee5bf30080a29ee85d713f6af519edbf97,8-81,8-81,True
15a139b0e876797e6cef76cafabdec7c55ee554111b6ed058d0372f686bd5191,9-97,9-97,True
b796a73cc4a41d950ad80c170a262db754c0dd7f1f895529433f6864fd5c823d,14-333,14-333,True
0ed3e452215373c6f11c59d2270f56d00e33d245df6621edc8a9ba90f82f4526,10-908,10-908,True
578707e2605829beefef4e633ff081eb41c726356439362921a0b1f0705fc328,14-232,14-232,True
5389c2c3a4e26d1cd3b9971a99bebd6aae500b2bea85f5edaca246851a64d66b,10-777,10-777,True
4a4e4fe366d71a506dcdf54b64af55d09ac31f3d75228f39b06808f6c92db59f,10-597,10-597,True
c33928582a52ecbdc5059e0b870d89307960b1ad569eea0a9b80ed762282d79b,13-51,13-51,True
c569b53f2e561e736e4deda01b5097513417fe33c1dda14c7c5e581c29064e0c,8-335,8-335,True
7a2d7bdbda0bd84688362955fd5d4df4940cb916cd31d91a35c56e118f2c7330,10-541,10-541,True
2ee215c1071d104abb1078347f512e29e629d8229fb00f606985a3195a6fed18,13-134,13-134,True
5033cf315f7334e20e7a174934b9810afa47dbdada38538678cdccc00ce53806,10-56,10-56,True
5a9f2b27bbe38b37a628fae73f88ad5e33ef046191594a9b4c7d958e77844ab9,8-476,8-476,True
fcc4c47b99ca7ce3c3e52c859fad9af9a1056c200d5a9e1c36581d6d48ff684a,11-468,11-468,True
57bef6138f2743d587e1dff0b7049ba51e2b3d7a35633736a0eec540c3da61ab,10-126,10-126,True
652389711942c4fe8a749f9a26bde9e2ae53fb6163b8218ba263dd3b51e97142,13-812,13-812,True
c8c0b5f85799e9fd67af98159b2f3cbf158d297328ca74bdec17e4a71b13796f,14-24,14-24,True
25147d8f2abcbda8ed33f302d0d8e5993ebfd6b663e41a8bf72912fdbf0f0d0d,10-621,10-621,True
38f70d22a1fea6c7426f3ff59b9f075bd66a6ccf3fcbeccfd943d9997a0ad08e,14-887,14-887,True
bd4856442cdb22f2dd6e8915ee79582eda2c9b18156a6ee5bbfdfd9a18d875c9,10-644,10-644,True
ea48b527e36cbb1d1c61b616be0a044df417da5e058095bfea8f4611134f52a4,10-472,10-472,True
7b387ad82d16583880cb8659ecb00a5cd47fc528a2ba54ddf9b3661b0a9387f3,13-904,13-904,True
07a2f03047093df806a67906b779c1c4385df7e1ac71096d096969685ad316b8,8-310,8-310,True
8aae51009069f761c1f775840812fa6e58bf73bdb5c7d5aa095802269cbb40bd,10-1163,10-1163,True
4ffef79c47950e3e852554813c86dd71adde4e86644228e50eb7839fd39d7080,14-1228,14-1228,True
f3f07db5934232da1448fcb11f092083acaa88ba298b43aea56fb1816c740ded,7-269,7-269,True
22256f3613637f41eea52b19f0f5b9ae37259f869976f7ffac3ace776b4edab2,11-697,11-697,True
7989ba27abb5ae367981dbd339dbe1635af11717f1dbc7dcd315a8e6b8589d56,11-231,11-231,True
266813e8c42e7c59cee1ef79989b1782a9041dc3553d3e0dca05a644162c1212,10-305,10-305,True
06ba1b4f8670cf7f787baab24ec100e9ce6345b2e5790ae4ae143441ed32db83,1885,1885,True
35edd2bfbd20e3012edf8972de4702a1d0ff5a3e07b0cdca6fec7efa614b61e8,12-647,12-647,True
1d282570a0efd3aceec3f499ed3026bf2c6b8866345d4d27c62b4285817c31da,14-559,14-559,True
642544db4b7bb8e27a11b814ac36ccccf4214afee34c307978cedd3544e5748e,9-248,9-248,True
55eb81d11508268339dadfade3bd1d448e6b3a8de410628a0cf6986efe603412,11-413,11-413,True
9008e41fffd55413310545fcf8565cada8bae0511e61b4cf308514b250f6c2fb,11-56,11-56,True
46aab02f33486f359d182e2cc8e146d4ddca05d3c17d1203c6de9620fad205c1,11-5,11-5,True
aeb33ba94d8d5a7ae16109925211bdd0fb7c4bb771b268e1ad2d463af5519d76,14-184,14-184,True
0a1302a79631085917bd1fac33b4c63f1a356e7a073c97f2880b20e1dbf9d458,12-433,12-433,True
f868fb77ca463a3b3a9d865b18f9303e4bbb4ca0992f7c3d0f6305ebc9515245,13-972,13-972,True
1905cceb919f6ceff85acd81b79578ae9ec5950b662086fb797818db52135408,10-252,10-252,True
b3f49c1634208ee70bec0e2aec47ab6a494345025982f7dc4bf119f713cae542,13-485,13-485,True
1ecef98c4cfb49770f6e247b021b52bdc1c6084bbad31701c273e45d1c5a8246,11-72,11-72,True
ea3b1b2ed2b9c1bba4ca5de309753773496b353971d15d89f69eaa5e55c46405,14-345,14-345,True
09c5709c3b947292e8e57da3c8c1462f8e1e05e3074f896e0c3fab9056e9b36d,10-918,10-918,True
75cb5c8cb0b25451dc650e039877772c431f774fdce6c9bd6a9c14de8211a8b3,12-412,12-412,True
8d59a21b1c456153ed792736d2b71b27fcf597bb7eacb2aba7f531c10b0d60a3,11-214,11-214,True
2889108a72064256fe6058303e7b65745324bb3582dceda0811f40924fd8abc6,11-308,11-308,True
88ba6e2b25a4c6626c305c9294d562909692d36466531afce13955ab3a247cbd,12-455,12-455,True
b1921e79eaf059b4b57f7d91088c8f65597c32e8cdd0e5a4dfb96e6d601b48ab,11-362,11-362,True
a29bf94fd0b3a2713624d3fe5401575255ae13f5cc6fdf67c274e79d8004338b,11-163,11-163,True
479baff9cfb32a070ddf19b92bf81d38f3f8f63a24603eeb1a4497fd028e89d4,10-267,10-267,True
b06aa3dd126e178d7572d81b78e95eaf0c4b9ed0a08b1b5adf4a0de4ef538302,10-992,10-992,True
156e429baa88737a1d9887fa9e8c3a463b1f398929cc3b7fc170af8742a2d64d,10-65,10-65,True
0c7c8bb766023817ceac6335de3d2b42f884c8681bd6c845b068fab7acf4413a,11-388,11-388,True
7dacaab2cc07df38b1c7f1fafc26414254a04f8813d8de47c92a93589b35d99c,11-157,11-157,True
9e54ec38e2e67124839f68532c1b0b94086408443553ab15888c17a034ab5678,10-807,10-807,True
233812f1bca5ca5bbb67857f6ed749e8d84e78586b0583c57c7522a1e9e4de6e,10-38,10-38,True
b79655dcca0b1fa1e2f8792fbb9bfd948497548686ad222c17d78b78f39fd6be,9-599,9-599,True
a82d66ebd186d28425cb0168ccd08b130c784d46ab16c1491f8bf4df25eae536,10-891,10-891,True
3f45499018f99395bbc27459756a793cedbcb48a9f362f7cab5865d67cbfa48c,14-1348,14-1348,True
c2e12007c0d2a133dabaf931e2f922c196e5be29b5b06cd4840fe2df6c776758,10-481,10-481,True
6f44ee8296ad5cc4e1abf8b27b902397377d13e4c1bdd1ae481858233938ab78,11-41,11-41,True
b8901ece2b615d47ead8aab803342088b6f54d58e704230f21a5e6a5ee0a52db,11-192,11-192,True
d81825943074a32e8469bf6501918594849d65d60af43f4ca8a753585d5c7a5e,10-76,10-76,True
c3c7a22c1e69a2233a4c4765a37b14787eeda313db2a8310b7c91aee571b117a,10-3,10-3,True
cd9c29c964d10448bf4ac1a43fb5b50fd3ab8d40983729e2453043d515921846,11-448,11-448,True
09e37ccf6fe8224f8cf76fcb7cd849336cebe79eeb72e67342cc8ec74504ce0b,14-928,14-928,True
e863a4ada478a56f2f27be629e55d8710ed3957b12bbfae1e63d503d0fd99f4a,10-234,10-234,True
5a24e626d055198079f8d9c824a8afd0c86d8f4a5b27d03e28264ecc6bfccf0d,13-561,13-561,True
1ab4864a863fe8750a1a7202519f8a87a8302b82110df717d7146130e64bf841,10-15,10-15,True
88a9bd9fc4edfb1e2fb95be2d2330d65a52a6b1b2fba89bb18858318f26f7764,10-566,10-566,True
b786e1b50b5f6993d623305b45d174ca64d52f9de2f3dd5fe7e4b8d0d872ceac,10-324,10-324,True
1fc2931b4190535587bc4ef3881501810e4b76c651759370ee547e21d6e7af12,7-1049,7-1049,True
d0c693cdcbf52e359de67e17aa901a377d523f78549de50289ba9637a2ad2bd6,10-428,10-428,True
19a302321197a811e579909e53081286a9a1fff31f7ca7012d41299b5df3e7ec,10-1001,10-1001,True
065201d1f672c107c3ddd480803abb0cfcc038163bde027592464057f738ee4c,10-591,10-591,True
0ebb70d07d2ea4c94ed75fb21ba7de1826fa0f6957c9e4a73ad3d40236b3e90f,10-590,10-590,True
5813c4d65e7b3512cd79f08d0c2c19ad21314c9b5e6ca86fd0f955a704244011,10-322,10-322,True
fca79795647e6ef9fe5a9215e641fd598e1a90f878eeb7ed860bccae56458c6c,9-872,9-872,True
5ed56391b7b288385bbc045d851a54501c3861ea89e669487bc6911b9d8965cd,10-874,10-874,True
10e61643b76067d6fbbf532d04855b1c472c6eb601ae7ec83e96c4e65681da57,11-187,11-187,True
cde7199bbdb11973a4a9122d2765e5de916c22869bafe4bac67d2b19e97bc016,11-433,11-433,True
7914c05bead1f464959682b1ccd04550fe159b52a58aae6f9604b85dd741d647,11-307,11-307,True
2851a3dc773482f7fc0921fb0b3ba688a3a254838d2129d40d7dfec5ba62f21d,10-265,10-265,True
864a0401ce537aa1186f426a44de101fa1c440204b4f0cd94c33ea41dd25a53c,11-227,11-227,True
dda2ffadc2e272932bbe9d7d5b8ed4a600324ae2ac9f39b643ce9a609a64df2a,14-397,14-397,True
b4d3139a1cd62e2d8ffa27a7fbe3ecffb743c13c37cdc71926340669044fbbea,11-405,11-405,True
b2503ccefb11c42739d2d016a850cb19afe07c896b210b213ade976e7e227d9f,11-691,11-691,True
a08347ecb6ec6fc2ddbaf9c3ac00912ad5bced5b8387d2c71f879488ddb08aa5,11-249,11-249,True
092f76c20cfa8b05345d0a36876ce74d868764c1aa56eb47399fa819d929882a,11-720,11-720,True
2dbcf59d679e59d21f37edfd4c68a72db004ef1027a9968204b78a4ed0712fb3,11-47,11-47,True
93e4c5865ccecb2e91a4cce9d936f5d58901fde9e930e3621812025b636c76bf,9-413,9-413,True
8d3826e6c550f868632b6764e67ec54ce28fb03da0028252d4245af82b52c142,12-1124,12-1124,True
dba8a3727ec1b9cbd16eb242feed2f69164fd0e41e99bd088871274f6dbcd1c2,10-122,10-122,True
945f36d89ce03bcf8f84aec52ac4db493e0a2103bc7934533dce4e00350f29db,10-922,10-922,True
4c6f3fa3a99cab29b9d6a5d359c9a27b8f428081e9d6999030a9a9b04807430f,10-491,10-491,True
fae2a5026e8010cd6fd716db90c9d6fe2615d6bc2b92c45d8c64d453cf8c7024,10-1013,10-1013,True
8cf271fe158c52e53259820b1bbd89b95516454eedbff27e3b32ec1da6bd63db,10-172,10-172,True
127f1c740904bdd7d5463c5f283f3b54edf2adf30b423c27f0e6e511b76b49af,12-308,12-308,True
485044431e5396703d46ab33ddf43ceb2e3bd1daec9425d51f85bf88b9115af9,10-1096,10-1096,True
7d25d7cd18d63bab6e79311571a83397ecee1e2f52bbe3b62d667abf8118e8af,11-167,11-167,True
4d3bbf1268bae3bc42f6ea1bc496c3a3a275b2e381c56205bcc9b02378ab72cd,14-498,14-498,True
d2a35e2db36b8fd5eaa585b92b6a2346383edde93c78a4f1dcc73e236d99fc6e,10-1200,10-1200,True
900d713a68179667a7c02087bc4440cda3a5e5014efa1d98a78c7cacc19b9e6f,10-553,10-553,True
ed3d12dfb9cd924a2deeb7786f1da98487b1c0ee9526eae65bcb5f19e8d1e03b,9-1037,9-1037,True
81fd6a219c6d71754e9ec6344eae851b6429743bf82ef800cb044a827f0fd3fe,10-657,10-657,True
b04ef3d7d90e7a482cee514e9975df603abc4e8fddc4467fa5b09534b4c9779f,10-430,10-430,True
33c6bb96467847446e2b036b7a9b3cab445ab6a2408e63b6026bb263f2e0ece4,11-239,11-239,True
fd1c3e3326b6632a8a574bda7636e5d7af538f94b0e6deacb7d7deb954fbbade,10-167,10-167,True
5e3ec4b1266e1a5f0c7e5d1eeff7ffbacaaa7d9704adfccb593e22dcb4273630,11-168,11-168,True
1c0436fa803f755a82c5162d66779413d8c1cdb788ead3a739b645f648cd5eba,11-365,11-365,True
73e24efa7e23f76375bce7138c00f99c4a44bdd952f62d2474477e57f5df36d0,11-445,11-445,True
7bca18518191e9e88d0deb94aea875a620b2b6567a43a0b4a9a4dfd27f69d436,11-630,11-630,True
2349cddb9af77e0809cbee7f9f5f69d88e952b077178d8013f9b4a0ed69d724a,11-155,11-155,True
857514604d124fecaae07a14cad232b62ec23446e6eb849d68806f7bf113e02d,11-538,11-538,True
2dd4780f3df65d921d24652953d82c978c8ebca86c3326fba4359f2e350b9929,11-153,11-153,True
4de04a4f6ac7c9b5b157da915ae4d9ea61db49b841dccde417e9c82363810366,11-580,11-580,True
2e9e6f13b29467726ee8e29e316582ab52b42e77aee3acdbdc69537b861bd437,11-266,11-266,True
cff347b4e910a3dc9736cf065736cf5f743da0e5d96fec55192f69d54dbae026,12-533,12-533,True
48404b6de17ee48223edee21c6041048fc1e87fdea110ffd33cc2e6eca037c72,11-610,11-610,True
151197f90a7253e1b93f001b1e58f861408f4200acfc14bf4fb2251cf12a6b71,11-221,11-221,True
51f549a0e8d847a481bfa74287fe1cab5bcddda9e814fa1c84fa27da04da994c,11-244,11-244,True
1b1efcdf7bbb453fbfc23aa48279fbd1319ab8ae041bc74c9901153e9a4a71ac,10-414,10-414,True
441e5b5105625328488f2b443f39effde80b0efdfbf531e03975e62f0875c1d9,10-4,10-4,True
eda980e2013be1995e6c6a0df62b117aacb78c50d3c8238e2dd4b477634c3d13,9-644,9-644,True
c66634fc4ffc23a650f2c12e681256c6206bd9744fc7356d12025ca166d0c01a,8-6,8-6,True
2c5188877d1fbbfb152741ab83c84e08f9671a3572eec27f383e57a6a8284346,10-678,10-678,True
a2ac44777b3fb39d769fa3834c3b6d832040ae1561b548a8cde19de96e1614d8,11-360,11-360,True
87d0411e547532173826d465cf51cef92737ce065850440143bd30a9215458f9,11-357,11-357,True
c050755289139a77c55accfcced5c5e617fd943206516df0a7f61e6000145dfc,11-623,11-623,True
d6511c5b94985d0eedefdf412ac379fd7b6734b00bf20df9ef1a8181b142aa62,10-900,10-900,True
c0a62b2c58c69872f9e39e11c949b11379b6554b6cb8a659b68434e1d79f194c,10-987,10-987,True
e96ad415b39a1583910f73a58c243095f27768b81981b0b814063fc6eb612f4a,11-341,11-341,True
190c97079650787165c6b572973f9dee3ffadc5841e9bb33a5e638a50195f6ea,11-574,11-574,True
5857ea5faafb15f0454ed5eec1531f83248b8be4bf5487460e647a8cc7da7ccd,11-38,11-38,True
c764ee7a5a207b344a1e0f91283cf0eef26012638223f9bdd1f9a8a69f6cf03e,10-387,10-387,True
091b028242f9efff43cafbbf30d421ef9a202a4712817a714243d4b9623a0002,10-137,10-137,True
70c9e868120f1f2e10689351fe1a485679ccae9f64e0f5e9bec3485dc8f58da8,10-545,10-545,True
eaf4b4a3ecb72234270c4562de377418dc51149120590996f722530043e26a23,10-604,10-604,True
9378aa87fecce12ca66c116278e0931d597572f31a60895662ddb2e4b54d495b,11-674,11-674,True
029ae3c4b7260f181439a9f01df6f9fcfeefc714784931e29d8d60496142bdd8,11-36,11-36,True
7e87fe85dea21a3212a7279a05d404d11831d9eba418e05602d9cad3ae0f7804,11-689,11-689,True
a33539caeca4dac69c5eff9038ebd3b1f1104186b7e681d124b247f21af2584a,9-92,9-92,True
a968a061e792b402eb948f71a86fec2806b7c39dfefb637cc38a8a0667b11aed,11-202,11-202,True
061c086aa0d89d1d2d7bd67d2182715985f6836ecde5a9974683dba5cc1b2315,11-276,11-276,True
0c3dea3def6e592d293aea4cf318d501b475dfeb109f162c773506b562f65a1c,11-128,11-128,True
cdb9597327d2ebf5e614d05800423c489e9f12790abd0a1482d42eee4b2fcbd4,10-509,10-509,True
fc641452758df6a0a0d38e6c868dfd80fe582a8b2d3811b262871cbc14e0e290,14-162,14-162,True
a0c75b0c45103dd332be872faf64932cb77af3380fd4539e38a88ce8dc33f28e,11-492,11-492,True
9ae0dc615d0cf8be926704253705052048d75ba51ca66bf31f36b746b9591ded,12-945,12-945,True
5f10d198c8254abeaeff3922ce3e463ac7d169e8e04f72db5fda7d3575a16de7,11-188,11-188,True
eb22701591e1d19868e0eb3db405707022dd53e348f762cbb562d55667006b38,10-742,10-742,True
2e8091631d450d490dd98acebb0e436c7e1eac0f8a94c0a1a57b7d7b32448c92,14-1053,14-1053,True
ef312d2e61b42a11c0a17a894240e6c7653d9f6585ad5d3395936d1637f4f227,12-942,12-942,True
85efb2b8dfced1661104ab7f8f6e5f0f7477844ae73c29c11f2fa80a78c85813,10-180,10-180,True
7904fb8565d3a0540de1f7b1128ae1578f58a4dc92a93b9e4ff9b1e16fa0467c,11-288,11-288,True
fe8e695a3b5943a40cedc364a9bb7351e97e4715a6621aba38ac17df2cb39022,94,94,True
01ebfd38869900cb1207fae57a7ade4a99fa62b92fb69951b0f6175e45db1c88,7-719,7-719,True
792327d16bd59c8002535bbc0396accc3c49748db04151f0a0ac903cdd4107e5,7-413,7-413,True
ff8c90bfbdf33b29dbbe093a0fa3e9832d7bfd77ad0d6c82e5a077208bfa6632,217,217,True
e02d725589e01d9fff74b66eca4fd2d7fe270f6d41e989c1b383652141e1fa94,14-152,14-152,True
3f4e0517919fb3b7bb7867e00e48fd44b5278d44149a89b76f694d46285db8ff,11-148,11-148,True
2352987e65ecfcadbf720de7bbe478b48b84874630548e9c5547ad15e2bc4314,11-2,11-2,True
39ccb6dae5d792576444fbc1e70736ef695c5dc5b3c91fdc68a95867d4d49711,10-321,10-321,True
ec65fbbf3c34a0aeca57e88fc4403e206f081da49e79a956db7cdacec3e2865a,13-928,13-928,True
b648a0696094a1add85042cc2e6c4698930b17817e6f440cc723e8f443c54203,13-794,13-794,True
6860dd48c653e67dbfbc4126e4ee5abe649f3bb732f3b7f2816d23ed642daf5c,11-478,11-478,True
409f2ff0b2a63efbfe125f58d0cf2a7ffa864cba0b6e0ac43acdecf3d7d508ce,12-898,12-898,True
873b6031382eb05aacf6421c8ed473fc939422c6fd0158bba79ab938f2c2912b,13-1044,13-1044,True
226222bdfe8228ef4773ecfd8009afddd1ff687cdb41dcd0ba3d93bdd15d3cb2,7-447,7-447,True
54fe95f27ee0b7922070b353fcf9db420300a856452971ed76bb62f46a706703,14-1322,14-1322,True
154556e8b3aac8b0e779ae5cc78819882f2b196907001487ea991c6f05707835,10-1198,10-1198,True
022cc6445f06cc85a631ee86a85fe0abfa43883f7cf3daf52671ef760cc2843d,355,355,True
9760b90f429ee6206556bd3f6468295fd3ab35553e8bb340ad00d09a03abfb2e,11-752,11-752,True
2ac0a6f84977ea1014c4a1c16183678b24ee6e19614ddd9b92fa87649aacee74,11-632,11-632,True
84d4fa48404ff00fe7ceb582e872e1c2fbbaf9529f8c85a98fa06b512e6b3279,10-802,10-802,True
8d352155b62def1307f1e2d63e263d95737a046f9da94f44398f7bcd81dbdb5f,10-927,10-927,True
002b1499f82eb62f99ef04480138edfee94719f4f37543388223ef8984900ac2,13-192,13-192,True
fa20b5c3c70478ecf034e00db3fb35924cb4aa956d62862563fff93f4b1ff0bf,10-1130,10-1130,True
3fff910db5fa5f77a7f23849ecdfe5af1d599d1c81bc75c176b3b1c6b7d468c8,14-1426,14-1426,True
16effef4990541876ab0abdb15d5f16a56bb662a4b97cac08b141d7be4f43612,8-99,8-99,True
3220f2d85a7858ca45ca5f0e865b9b4a5f85fd00ab89c5e534b8dce2362f8d80,10-22,10-22,True
1b8fdc3452fa692397d4ca384d551993922c2cb73338c4b2a942839c62ee4d26,10-720,10-720,True
a74d10507bea046e18533d25e49b0ca4f80d4ded65170db048b1fd4a72b6d22b,10-1049,10-1049,True
73af53b7a3d81c7b835f8bc83b91d9261bf6fd7dbc4fd0b2dc7bb60aaac1ddfb,12-444,12-444,True
cab4c8482754cdc9158758a6bf8c5a68de5d630b35ba52a06f6cce09afdd6f14,7-121,7-121,True
6b0cecf236796893e8fc1e6757d706f3d34e4b6a193289e3b1e39ab70aefd5de,7-29,7-29,True
0653986986cbab2e01169c801c00a32f5ddd0ca4c30f97647de4f6b6118dcd5d,10-893,10-893,True
160630a39ec4d38473877d7327d3132f60627bc60e2480f7e84bce0ae76ecb65,11-328,11-328,True
ab10461025db3f09a49a832a1bda09d4958bfdef9f0c99b0093ed273610029f8,10-543,10-543,True
b754fd4a36254256ee31ea169fd86c357f9eea441650c0f8ce7e5ace5388aab7,12-405,12-405,True
6c9e2db9120f09b5d9dbf3a5a2fc002f82b5eb4240dff68b7b868ab29d157e95,10-1100,10-1100,True
82fe1f0e304db9557286e1846af94e26f8bfb22fe3b94aae47e71b9cbcc550e5,11-29,11-29,True
1462781b0e6a372a880e227147913e02a55c50da07482de0a2b325317d82806a,13-27,13-27,True
7909d9d124058806104d8faef340d5517558ddebbae224849a5dee2d82dec24a,7-1009,7-1009,True
1a90cb0711982ce833322136a6f4850f74ae7b7d32e17ad81d96905422af13a7,14-37,14-37,True
c43134b40927a77e9d2488f54e5c3806cf592bcff6da61d153a8db1c63413c44,204,204,True
37f6ac58f50d3e3586595237982a27b25f0b60f96a2ce3b922730c7a46ba91e0,13-443,13-443,True
ce4f0cd6c92c6a38609e8b78509f8f8d6bb7503378f191bea791f0de42e1c14a,14-577,14-577,True
e4372e645693a8a6442aba26c60fbaa2776646551188c481bfe2d986ee5b083c,11-416,11-416,True
4333b2c7e0b98b909f261cb6ec20d1a607d1cf4724f46006edef576579a7b19c,10-779,10-779,True
0480b40cb5c2af6ac0f016edfeb5ad7d5ec1bbe23f0aaa0d8d558561cb40d3bf,10-163,10-163,True
966cfacee1b8ff01a4799f7b51a79b215a410927186639d56c55112738428c91,13-215,13-215,True
484dad888e26ba7fda8575b09f92dcbcaa1c0b5509b4dc106bbab8e06aa3a0f5,14-543,14-543,True
a361a1fd5eb960fba1b9265a74d429c430a460b7ccbc4c2febc99345c61a5b06,9-45,9-45,True
3dd0050458cd27dec5dbb8dff5f741c121170802756365cc47c8e21934d9883c,13-265,13-265,True
a05a1a4beb3078c48619124ff98b9af4aad9b2873e53b094b308703d4846a852,10-440,10-440,True
0a860fa470fe2d73ad02fb54da51d43e5f98a53f8041a081155262c8a998d1ca,10-168,10-168,True
819bd7f0cae590bfefb8df69daad7af64d75056cd3cc20bd06e8eb639f0637fb,10-63,10-63,True
5594e7cd271ec8504839d82a8126f7470ba1688de77ed11d4981105d9258c02c,10-825,10-825,True
5b2c2ddc0aed01be72d9c7a076cd7902a870a08e28785fff9227c1ea7d378056,10-432,10-432,True
3f655612d4fa2de4c4884414acd534893a6c47f85c63140835d4314b2b04904d,10-95,10-95,True
41a9078be00ff2e17177594bfd94a353b037b009c4698d62238b448b878cf580,10-152,10-152,True
51221cd46fd336e6b11dcc0e538bb0d1ba955d2ec3e411dccbb95aaa496eba4f,11-7,11-7,True
5008b3a2a136a05bfc9213808d0575e9f2fda3fc821c9b6c1d236972ffe21d9a,14-953,14-953,True
a99574a0f2dabbdbbc7b30e69777e6b993747047d0699ad91638089531f3fbdb,9-28,9-28,True
bdf7419c6250d5ae4f8c65d6a2cb05babed246da25fe17c21b0d1af0bb91af6e,14-383,14-383,True
a579591abad80fb595f5162b1b608bfc268ec5e1692608812f5d05f23feb978c,10-435,10-435,True
ff3dca14efd1ce5da49ffc8046f8b50877fc30e1a33ed26fb22f13c8f970ba26,10-552,10-552,True
d79e6a3829f4a8fcdb5d0457ee9d898d9a6e454f61acb96c8ee40f2a3fd9cfb6,10-925,10-925,True
8ab8745dd7177f8a3e6a3ce8812b1cb40127725f4db82a1b505f94b778298a64,1404,1404,True
efa46f6e2ac0e48727f6ef92ccb42f42cf87a2575dafe064c13b6773b9c61578,9-90,9-90,True
fb5c8b1ab2f11e88a280cf0d7589300605d89e4e783e2ed7e22136019ceff9c3,12-245,12-245,True
256b5465c52124434624b8207fed348481ff235a250de4a146ed4924fd0a04e8,12-361,12-361,True
766ac6ec05f975dcdc370137e2a672bc58aaf9c874cd4a4bde5467a1a4793789,14-711,14-711,True
ea6ce1a64b6d763a0a0276544117693d151bbacd8bbfab38a2ef6efe5fc2e258,12-329,12-329,True
e6e5b7a2abc75868406edd166b5b1a4c62b78f2405b75f35ec0946d56572530e,896,896,True
0736a4618775e141ba6b56ceb8d3c192fc70d6adf0df782bfac739f43132ae43,7-591,7-591,True
c4d24de4a1d1b6de2b726d44c9ba3e097160d0d98d270ad10bb03a285278ac37,7-742,7-742,True
7b5c81e7e1d4b7d4c98b616d97d35f9a968c3b98d255113ca65ff1c2132a0d3d,1567,1567,True
40888534b55dd249be3a142c70d830d0fa9c258b3028eb7dd07e1832ecc7f066,10-212,10-212,True
9bbf7a28447d4fcbfceccc9ad8ee869e5663d012fa4337c26d365006b84cfd67,14-1294,14-1294,True
909de2bf487b5c31cf078c5f2cb552560f4efbe0df5e9c900b03f3168368fd26,10-311,10-311,True
34d52584b4cd8ebb4999ef2e64442f33e5e51dcdc08adaa2ce77ded23e9b823a,14-302,14-302,True
2b6797deadbdfb598dcf71be700c21d33c601d1344aa0182e3d26b8b53f26af4,14-479,14-479,True
72d2772cbe6f2f4b6ed6c9e3ea0747f8d1001555f9e6fa0ef35f8de281d282f3,10-341,10-341,True
314bab04eb24ae0cd58bdd4f2e6997b63d7e18a3f67f89cee7b16f4b8dbefeb2,10-1115,10-1115,True
c2afb7604cfcca97ef497d91baa7c2af6ed1c24d728f1f79f0b3b9a0a676d2dd,9-1195,9-1195,True
6f691ff4ea67976d46dcc053fc51c0c65d5cbcf113937e87c5fc1b887e2e70a4,12-188,12-188,True
347058acf43f238107ab9d920d5180ed21accea7de4fe55aac3677f32faf6f71,10-1056,10-1056,True
a309fe049787bdb4a7bc69dfbf99a7959e2aa7db3a6676c5e68446bf1b30fca5,12-786,12-786,True
92ce5e18ddd09801f10d1b54d34a3b13539bb515d59ec97943f492ee9b9bf33c,14-1106,14-1106,True
f8a5819d989c04a7b764b478ae1c22b416d210af80900798f5f53db98aa340a6,9-1156,9-1156,True
8f8ec478985a987f301c63d35e84d9c7b1afb6f33467090365e0206cf3c706b4,13-616,13-616,True
36cedb1f153e479b36a89403bf42e13da60bc9516d975ba73d3234d36abb3355,10-612,10-612,True
f5840273224d0ad32d841d82861b8f5c793490ec85396ddad3c9ac603cbe0ed0,10-1067,10-1067,True
7699b41507fd9a7229018ea0b4361d58fcb5d6959670cdfb4bb5cf4764fdaf0c,12-23,12-23,True
5dcc935ab8cd911551d8ef9421b2f9b55489959c28789d76881c0488af04de00,12-537,12-537,True
4eb03b70aad2a7a61265e6d1a0ee672f4a2a223ab39d6dc05ea388af51c163f4,14-686,14-686,True
bde9f63afe2fc3fa4472d7860236c0a371d3bbbdbdfacb6ea78cfc57f4e41844,7-130,7-130,True
2b6886ff09960d6565241283173d7c399005b1ca2efa7bdaba3b3bd227e72110,10-296,10-296,True
2bf64957285229ed5d46930b2b1a042391a436117230067892e99f9f9aba0362,12-625,12-625,True
57ac12abdf0216866c39476353d448f8defba634deeb1115dee679033eac50bb,10-917,10-917,True
638d0d9f12c1ff4b6ae4a91c8947a8c073742f223795caa3edeb8e2b16a70211,11-550,11-550,True
8b21e974c02181946ed08682f78a7c6bae7b483b73a7e52ec3396ffa18d1fc63,13-297,13-297,True
0dd215570cb886c12fde30ce453e1a69a2457337da4a57289551a99620ac6731,12-339,12-339,True
871a4572e33f76245d4a99a591b308d35c4f6e365b8646c6b2a87dca5e6a7c0b,12-872,12-872,True
900af5c65bdc35217e7647544153fcfcc5100d738aca1a0f82990806f6c0ee11,13-232,13-232,True
0dd0faf705ba557c842a4124a7b48b80e9267d5bbab54aead7409cb665304b69,11-313,11-313,True
e0946b7c485f1f2fb681e37fae889be606a028e873bcb2e70de4d7603e7102b3,12-703,12-703,True
f8a72bd6662f0ff90ca98d1805fca7fc7ec0258351c7d48aca76a46d9d1a185b,10-367,10-367,True
7001b625f35ddf287cbb1b548fadefd5984237cd19b2e09f61b3560dfed99e11,848,848,True
70a0d8788bd65c984a48761832a7447b07bc5c44c919ea60e094625385f536df,7-1143,7-1143,True
caf886b5473db09a32793876db9a7aecf7cc21f257bce07bafabea3f639e85fc,10-396,10-396,True
e8ac4124baf39b5eccf8b1cb0eff497dfead0cf94ac23c7e21b481ca5c1facde,10-1226,10-1226,True
0d73ec0050dd11afe2218f3fa2f9b580d9084129a794e4c00ca0d9b35b319af7,14-1499,14-1499,True
ec044a028c60d93df94b99ee6b568f9ed50dfdfb23a98d44ac53ee52a405cc6f,12-1212,12-1212,True
d70264b698d676d20759faafc5ae5d6a94dd2108f8a88326578a46bd6cde77a2,11-195,11-195,True
c5b5d9cd512589938f2539906b4d080d063c288ade385cdff852a68d620f3cad,12-463,12-463,True
68162052d99286ae54d6eb3bc7833a266a3d7e2376d7c0c382505a3bc8550a10,7-24,7-24,True
914892a0f5f2ac39d315907c771e9cbf2c1e5d22b5c3c0ca53856fa3a555d7f1,10-244,10-244,True
f6d1183ee7dc45761a83f456337eb62d742be491f39e3131e723b4c069c74b46,11-641,11-641,True
a80e32ca27292bc4f05d6715b3daba955c8024e10c19d4579757034d4ff9e4b4,9-195,9-195,True
fcdbfcf97eb4f2c5ff5f6ec9e8163968fc7939fe3d41dd9c54386491d4d927fb,13-978,13-978,True
fd3c2ce37fe79e15da3494c1d71bd1ff55771b0d2ff1d4e8b38472867d7233b7,11-412,11-412,True
acad7287806d56ab4240857d944cd4c5caa244dfe0ec30236a9b74d8dafcefba,10-52,10-52,True
777775a278160231439c928c61805abda299fb72931d4ecbc71b6a59db46aa4b,10-631,10-631,True
645148e560b2f8f51bf04f5c0088b5009fa6fe760558835846372ff4a551ac1d,10-662,10-662,True
3d839a2d4aa0443e0bd654518385071be067bdf21ce3449744e2e7eb672e5236,12-887,12-887,True
58e4e204f48a2f7c54bc0722d902944f0e891a3bfe9d5ccea53a444b83495310,7-223,7-223,True
dd2736a43ff7c19fe8c30535c2023913a488dbcd8ca0b43491b5640a5283f4b3,14-723,14-723,True
6afc927142228027f07a7377e005fd6c55b2768b82a081263620e324e898930f,10-655,10-655,True
4808fadac3da2bc13a89cedb5a2d713c2fc93803f1d006526790c62c5197277f,893,893,True
b6967708293dd2abb817069ae5506f40a4656e80e3d503460688a61d0d4e9d16,10-382,10-382,True
0a5a7364bd327449afe9290ddb846fdb66dc5aef51db50c575d73f966b2394e9,11-119,11-119,True
1df0a9a985948cc7cbbde34b5497b0926cbbc08b58a4c50de594aa8eb0d1c355,14-884,14-884,True
c9b58a7e01fc3f66993c95292173afb41ce84f627f05f8d176106e129d870a63,13-726,13-726,True
44135982cdd4129f4a6b2a96e38bcdee0344350638c88314659eb3be9155ff38,10-577,10-577,True
387f41f621f989e994379a86bcba6a56d9146c929d90f9c4f0b419dd7ead369e,14-553,14-553,True
3d3037b00104d2a073d9497bd4d6fe6fa8f06996ac58604e392d940213a65d8b,7-770,7-770,True
620e84e85ea14e5d286e8557512337006c477d9a61325b5ad70e6455c0b66a95,11-75,11-75,True
009e851e3321516219eabad1c57312fddd5d53bd45d74115a51cb761d7fa0cec,10-193,10-193,True
e40b6678eef10242bb0a44e928f15d2a5a42844cc9e2ae87e6c133eb431084e1,8-14,8-14,True
a0877b95d8a79cc3981dc9f7a8a02b8d0b3746e05298729b9670ab530e85e258,13-403,13-403,True
6db9ed6025bd6c5ba6300e4bb1f0a24bec421571e6da4e60e72f0c3f355279ef,11-18,11-18,True
0b71f39d3dcc205304e1d1bf7025f66deb33625b8bbf930caf6e7890809dd776,13-351,13-351,True
43e3079e44f9432f30c6524b4faa26ad42f187240df997d09e361dad67e769bc,14-815,14-815,True
35075bdf885c4b4066844a0e9d59328f6e9d8939b9538dca5baada74e42c8c06,9-850,9-850,True
6598beb2bab3f90cf01e0c0344681db153da7132e54c93deb61fccbf83b279fd,14-116,14-116,True
6e2e80c299547f693e35d8bcb35af922fbe7bff76516971d6040fcb6288ffe3b,10-23,10-23,True
dc77e015c93104a096e69a541359540b2111aacf41822227c169ed27443cf79f,10-44,10-44,True
c0e1379f368d6f0c7fc9391e97d08aeb82ead23fc1f92b3e100be445b7962dcd,14-217,14-217,True
c6e26af238c235e40b0ec75196932f0d2e3660ed84e2fe9899734c60d29cba2b,7-209,7-209,True
05f4cfd80a33c6b2d7661921ddcb3d09621c8f213addb8685190d590a73c678b,13-335,13-335,True
b0461721987b1aa9730abaf5c84bb3209c5940315e88f46bff4a819de1a414c0,7-994,7-994,True
19b7c4705fd3f792d88a505f4948dbcb0548f3c91e5d29ff9fe65fea39be375e,12-934,12-934,True
1c71f8824c254d165464af41a46565284779c493d90efcd3782e0ce84d62744b,14-974,14-974,True
2be6cae0331559087b1b2e27c4686a0f83a19f1af33c3286033e20ae29f17366,13-566,13-566,True
d75c2a6f4ddecc900646b2eaeae4a9a3d7db3587eadd3af2d0ca073f3074db00,10-989,10-989,True
de9815d3654c32644e112e8d469d090386a555d21dd67f1526e0dab7554e25ba,11-541,11-541,True
ea201496ab279cbf1ef5e8136dd30b2f6ddeea9fd91f43d484a05d6844a5845d,13-934,13-934,True
1b4af135f868ec6ea905ffcc28a007bbc430378d81128c01bbfb57b18a38aa15,12-996,12-996,True
17d4186e5e6ca5d6c09458acea90b43eb2528f9fbc0f97ce4a5cc236309e160f,14-59,14-59,True
9363fb20a8215240e778feae45a5382b389a1db46808e2370060ab4f86cdd649,14-1436,14-1436,True
774f53b7022b810f96b4a86bf2e68abf16a3768d9e206f54581f1905cabda139,12-640,12-640,True
24ca5ed387ef196b3535f35746f73253e6a0a19bb20bbc867ab75f59ffb68141,14-1042,14-1042,True
af5931abc8dda5ce7389f69ea1cbd6c57a56c5acafedbd4e756d25bd8ef5f378,14-23,14-23,True
07eb15ca312d9aebff576b69424a2a7611cccb56bbcccf12814bede3830f19a1,14-1278,14-1278,True
008a6d9f80aac5e613a4240f5642f34ea94384327a6c11818c423e0143b01ee0,14-405,14-405,True
5ec4320dc2425f89af3949835f8f6ac9b36a31fd8a88531259751d381a8ce78a,14-277,14-277,True
0976d8b0a52f594a29c0946aaa683c7807fcf1b467e13e3b7055ee39a0c8a1d0,14-1407,14-1407,True
e6314e40455379d24b60d729fb01bc3832783ca195bd17bb3ac9a076d4dc6c6b,14-564,14-564,True
3d284cb21fe566ae5229cb8ad7aa25ab9a191880b5763e05828da2120810ccc1,10-467,10-467,True
0499dbff210b22d27ffd06182d14a6f3c2574d0233f47444e09140a90d5444c4,11-479,11-479,True
e05f633c7f2b908d16d278fcdaa813b88ff3e6217c62ae21ea0373f9571ba16c,12-8,12-8,True
484d7328399bef22978f32c008e8665f51cf85f5a2b722cd81a2e22df69d1e57,12-403,12-403,True
c38cff1f84f9f0087e6bfc608f5f0b2e5d8ac845264137157305a1886a4b1ee6,10-226,10-226,True
4f685b358e5fdfed0122fc361e1e705184ea9cc371c536d8bdbab9ae9e242bba,14-1045,14-1045,True
f37d3f4c8c678f7b3f19e8c87edfc9376114edd87f3ab9f5f98120b6a9252d10,10-1117,10-1117,True
b99a4bf9ae5cff5bcb93adbc4d2d877487790c0bf44580e7d65cf405768cf358,10-461,10-461,True
01bd2111961cfb7720d4e96afa09773d5f9f568dee9a90835b9730e6b9de267e,11-120,11-120,True
461db100bda3088e2a1ed255cb871df87b8b4cb6cbc9999fbae594917815f2a9,13-261,13-261,True
fd02719a580b574e7104150d285acda2bb0b38853d1fcd44c8e2a181edb48cbd,10-1126,10-1126,True
a740af2579bd59b00c70d48ede03997eef5b1ffc1b979bdbe639ed1d2a410c36,10-924,10-924,True
7166559b4b75efdebe246b85bc1986db35ee57d8fa6dea8660ce0e6f230bf209,14-622,14-622,True
86a442d27a7440152efe33ed8c22798393945957ee244beab12639ed5ddb7e67,8-436,8-436,True
c791bc6c3c2a4ef064dd029a57df5e14097fad0501e076b5456c1f62f897fdab,13-549,13-549,True
b183144f4c00e0a877ab8fdfff0ee9f6c8b5178094627813c98f78b266fb84ee,12-1112,12-1112,True
b3cfecc6724c499300438c18b82df605172f2730db3f1c3a624debbeba267aa4,12-483,12-483,True
ad60161dd9a4cef7373461359eaaa3e8177e601da9bed9b24d4e48ead1835b8c,12-568,12-568,True
c35e3763df9ac000e2b33a5a1e6be72eb150aaf49d193e2766d4849f38c6ebdc,12-153,12-153,True
89337a1afa18279533b8da3a46f46d53aee92cedc7e6708ace11bc34605bbdda,9-496,9-496,True
f166e6d281a351a823ab40faf5401d165531f7260375d695f310d913df68f52f,7-883,7-883,True
69bb549d1db16e38bcdb620f5c7272f2d3822ac668f1b7277115fcf8dc3fad82,11-333,11-333,True
c1863806e10209cb1d86fc76645c5e054e80800162a1136beb962017eeecc3c6,14-1440,14-1440,True
6e80bcc496732977f0e412b42b1e48da3c4d781740e8511bf831fab4cdf5802d,12-1126,12-1126,True
6b420f3e2acac55582bc823dc3122a646a3bf096ef6152484635420cc6670203,8-264,8-264,True
008c50d8a9b87fcff0df0969881ce3cc6255625fffedae415533d9fca533e132,12-614,12-614,True
f13042bdc4379a780e484857bc6d09de60a13f81faffdc4001f832a16f307851,8-357,8-357,True
6c8cd4811701063b1bb77c2fdc38583e29f7f7006e6c38131ef3e9de8f5f2981,11-384,11-384,True
5949be4f377d24eef876a09d511fa80756d7cd29726e3807764eec555a49a69c,12-381,12-381,True
28f5b1f0b2fa23d6b08da95c4248a339935f3fc89aec1b688d4a76882c56e63e,11-628,11-628,True
c33daa8ef45b740cf752349320d80156344b624e37c4fd0af61b25e03a00e8ad,14-873,14-873,True
afc23d8faefbdf80f424fe1bf8165a74d3424dc3bbe1b00b0d61884de8100546,8-187,8-187,True
4badc7ae2effea768bf78b7dbbacf9f61416f01e0e18ebd8cce7693d5f9753db,13-515,13-515,True
3f3f3e5edb4f8be7eccc778d256825803d77e6376f36680bb7e1549b101deefa,14-699,14-699,True
9befa2ce7b9f43375b541be0d4ec9881971a408a3f7b723fb5cb7c59de6de780,7-741,7-741,True
44756a9c05a866515437b2f49c16c453c092a3fbc0b65328d96423971c91f016,996,996,True
846d3d0a084a54a4dd445d2c01736c23bde842fcda2a6778c07734eded9ac315,12-354,12-354,True
8b61191e16b0a4d03e759102e3f21ef4ec43c421ab07f51c931095efb6d9afa1,9-231,9-231,True
82c11c45139b9865eeead2b806fe73f50e6fac89d85d07e244979a5dae352c1f,11-601,11-601,True
5f735b57a80fb106a4551b1e4984c858c417b73d4d25fd091d064c4c2c5b66d7,13-49,13-49,True
29c16f1bcd40c701dc571234fb2e47bf105f309dc6d31193fed81720e1882617,12-988,12-988,True
fb1f65f233ed116ff40023fb3bd3c866c228569847107a8539f501d3e33edd90,10-492,10-492,True
aa8ad2565db4ab9d9ab0b48eb2ddd6c81bcec762e57f1e0bd028c5161e0466a4,10-790,10-790,True
baad5c05176e26f518e1541c5c7f5b29ca0365ee49cddedc8309566d2d130ade,10-282,10-282,True
6bd01c6b39125125eedd4c0d331067e1a2501cb7ea4acc353029f941915cafd7,302,302,True
1d3f9423fd1878baea9d694240623ded05cb4fcf72a928c1691558b8ce37313a,8-480,8-480,True
55f0d1375a141ca56f27adec1feed4e1adbc9c5518d63d02545f879ca5acaf6b,7-804,7-804,True
847b6121525e6774f8cd1452b5eae683e5fe3d5947e8dd7682db78bf0dd5cc3d,9-992,9-992,True
b3b399f33e9fcbccf4924f3d294574524920770a226a85ab84ec85cdad3f0ed1,14-132,14-132,True
eca6c75862f19db615fe02685434cbd5584b8c8663ecc77252616648ff71895e,12-190,12-190,True
afedd6f22558f7f3a0c6a85202ea515ccb9c9a0b98977d56774a5cb9c155ce96,13-807,13-807,True
9c7da1bf56e182f452cea18c59588caea1ad13134853407ad6042955d5c60eb5,7-1090,7-1090,True
e6eb69dea025743ec7d364cbf55cac7ffcd3379ddc146990de12357f92f9d38c,14-57,14-57,True
f827f443350e056c01686b96ac0634ec52ab41d7f8855c90ee41da32cf542847,11-261,11-261,True
51a9589997699a66f249aac1109ffd48ba6d4ef02461d651e09ecf94922110c8,1187,1187,True
d0711b6dadde9033de7146c99bc6cbccc191263c40e4f1c5df7c0117e38c9e55,12-1158,12-1158,True
4debfbbda54967f2c00e9528c662cee3466e2fdc3ee7e7da2e9ab198f6e11605,12-1062,12-1062,True
062dabef03a1ee98f716d0a26414e8721072d0d2ffe51d9c48a2cdae2a4cb9d4,14-760,14-760,True
9e9309bd6d5663ef42bebb3d6dfbc707d25ede1d4987f6f62d92b61a22491d27,13-201,13-201,True
f89a7367e0752289c21a311d59f145a9b7e5de674f85de1c68324ccd33a82b19,7-714,7-714,True
bd85c30356b29d890d9609c67f8e99f78aebd4606951fd40c31d691047954fbf,14-539,14-539,True
cb80dc57c333d57f88eaefd3782c092ee456facdf53808bb6fc584e3d21367ff,9-1131,9-1131,True
76cd8a5a0f670b2e9774361fab9c0e27747d34944345a5b7471106766b4d8ffb,14-16,14-16,True
4a54f64583fa748d082087cbfeb5a2fd0cf5b05718598ffedf8c6df337f8f56d,10-1139,10-1139,True
0bb3835ad02b0f6401f512828a5a597e49f238895449ebe9501c1fd1030d17a6,10-157,10-157,True
fcd729e9997a188a9e827aeb2f88f150ec51de8e636cb756436428ab1dc8e406,14-883,14-883,True
ad9df70ad6678bd71ef4b958cca89be7ba834e8040ae766a0e3fd587b5391e5a,12-259,12-259,True
2c910c9459487f756518b18788c62f5a04f6178ea5ffb6455038214a8d179bf3,10-1137,10-1137,True
fd466b157ca1fd9f7961131f17838aeac876c9ef8343417dc4150469d99b4117,13-764,13-764,True
24903a1f79db9efd06e193b503c9166ca34dfd2ca1ba1d211f27286d706f76de,14-753,14-753,True
ad9a00e8f1662f06afc938d09c83a8786fd30401cf0c4e4db7d39e1ef69ff9f9,13-391,13-391,True
aa30e746c36fe470ff928d62be9c1e88dd43d74dda384fa25325920bb56f1c3c,14-551,14-551,True
51fcf302ad10d9e49bd45baaa13d1e11d3bfab9f9c3a818111e10fd5dc763906,12-558,12-558,True
491160c8d7f2e5239f29b3be51e75aa8c44736e7f48b41f8cec59ba8b1b0820b,13-1037,13-1037,True
c50bd44e1be760b50113c62c1b17bcc4b336a2dbf93b7fc3451a82172eed7420,10-834,10-834,True
49bababaca6197290790be817494e8513b012ce1a93bc7de445f829f62cadefb,14-1028,14-1028,True
5add169246948830286ad3a2b53976ac0cd6d2caa82f60995b52a53095c8f63c,10-1187,10-1187,True
c1dd232672f9091589392a1a3354126f14650c826d35add73dea2c5e4c197b69,12-641,12-641,True
b51ebd77e7311617917265f130bbf6ebf2708c533ef9dda7c73a1896f4ed2f14,10-290,10-290,True
e136246a6ce0ff160fa4d47daf879d9b0eddef681b95a254341857120fb3d152,14-187,14-187,True
f59c245ad2a1a962fa6b3260fe1a9c3ef7391017663116322ef399b3daa8f89f,11-510,11-510,True
3dcf84dbbf1182b7fc7cd4b8425daf3e3c39f27d30039d321348c719b15d083e,13-507,13-507,True
d6246cd807356d859a6da07544b167f17a7dac419ff8ae0278364dff4e3f9ece,14-588,14-588,True
e381c4951a851602c96c3c7a61ca7c524d0b25da1190b5b9c444532cb99c79f4,10-1153,10-1153,True
1f87d789ac5df1636287bfedcf1ca56223bb10ff54ba7b02cf5d569cff1f6dd7,10-676,10-676,True
55ba0b19f916d923aa4425a0fb355a56a70892c79e1822ca48ba87619dd3d725,1992,1992,True
0411937ef5ce6b5051a1d66f432aaf9a480446a7bb73c86ae0d87cceab6a40de,9-1187,9-1187,True
587862f30d63e86b973f6b9c157b5362948dc4bd0a6899825fd7b78d4d7b107b,10-680,10-680,True
db9379bf80d85d469f139dbb6cbf995eb39c6fff7fce901cbd2ecda3a8f22a6c,10-793,10-793,True
fbbd605fb3a8b784286d1d258e7cedc1e15a8f4d4b90d95f32c0f46a1cd9f504,1014,1014,True
b656df08af64ac743a97eb28077f9c45179dc38bb53ab0b33f9490c1ebfc9f5b,12-345,12-345,True
35f17ac0f3bccb9572df50325312320ff9a00289c6dec27780ea66e5940c8c72,10-1050,10-1050,True
4ab0a50036233517597492def329305d261c3609bdd5c7c67d25f8768beff0af,7-1146,7-1146,True
2c0bfaf3416ec2e227960b223988ef59aa4a018b93b9858a3a510d5d077d1058,74,74,True
d950223b0063210040e8b331b6f9d2132781f259b89db9e8c8c0f68f45a81184,10-865,10-865,True
b1c223694628272cb1d62d82a7b96227b4c8bb8c8539a74ab326b0a2e517b737,1432,1432,True
fb93665baebb586a217f1c386d3af84fd07a853ac5e5b265fb96ad71fed08023,13-243,13-243,True
2d36dfcddc078055835b42a54a862e26bdf7b6cb6b5809c8f95d482489fa2716,11-728,11-728,True
c7da831f7cd5a43d596cbde2e4e7c51c3c9b7eae1a7ae8aea3996ccfa1dd108c,11-375,11-375,True
67b781fc8ae39e97f7ff202c7de2ce1ee2a127618c2c49980ce7a467106f46be,7-405,7-405,True
ea76ac761128b3be36ec1c08216d4820da830d1f5386bde9397084fc2fc2bfc1,10-1089,10-1089,True
13db238b759f818bb908765291899d5877a9966de9017e25917744e71a124a8a,14-1357,14-1357,True
b2686941f56e70182404dc5f6d2fd23501b79f584f422c789ca1a33d6f5e5e86,7-296,7-296,True
c4e23a744043e30f0ea261749435b9fdfb9589639e6438a6ab76b23b0c9e2204,14-736,14-736,True
f018091240341215d29d59a415928d4404884cc660cb25f39e4e8d2c3dda4258,13-555,13-555,True
a8673b6941bce231549ea7ffb127aa70f5cc7018058b78899fdf5602c0bfdb56,9-702,9-702,True
298afeeb73b82fd58a0b649b0812003743d7c969e8bdbb801ae7ce99322708cd,14-1392,14-1392,True
4cac522476ef1574153de13d6bc9de72b8a5e23fbe65b34e6f70121d2def5c3f,11-230,11-230,True
a96d65e9cb0cb094d3a02f658006f53ebe9aa6f46cdfeec4092a369f05d02a22,12-966,12-966,True
59563ac3a09fab1a9ed4b4c0c060607ac157f4dc9e6a3221cc745ac5359e7efe,1175,1175,True
446c910c45c4924c005a66c1eb2013b4f413d8ee1ea0ef808e5d9521c529ed3e,13-494,13-494,True
2b3fabaa63e9f2720a4f6b5442cd281868e8694b2525a3a6f1cc5ba84b0ef286,12-1000,12-1000,True
90445fc9cebdd0b31c6ce7e3d437f8addaede9537e79ee1fb3a161fd746969e9,10-734,10-734,True
76fbaff47ac28e7c972176a2e187d66e72061e76c3cc56ac4f565490ebdf6a7d,10-445,10-445,True
1dbfe0f80b6529fd3aa36ab51c1ae08ad1335f7034e7c5d6c3321684ef9d49e7,498,498,True
80353d87370a10549860430a20f14b6cd5743f334e1139426ccdb78110725798,12-348,12-348,True
49602a3e0b3cd76c596f35b1d7a6e8b28b3e2d0796e195af5d47c8d299187e4b,7-749,7-749,True
018976af3dddf5a268cef1b2902af58a76c9dc0fb9540fb874c8d5639d87b0ca,12-1055,12-1055,True
3905641019608b20eab7c587ac951a865459dad6a4e9e38ea3eb1b4c7283682c,9-293,9-293,True
43ec0027989e8db9fd62d1397312a4fe9f5fc1eb489966917c888488a8fb5d35,7-898,7-898,True
bec11cbbcfa02727a4d6187490a120935ee1c4489bc3e333f5cb9c7e299d6561,12-932,12-932,True
be851e99405275db6d41a49c0bfa38507fbe3c3b23f06736cd1db74248fe1794,12-1102,12-1102,True
544878be941414d001a7a12d0fef00234c460bab424c8886f3644d6cae93e159,12-73,12-73,True
8de0f92ccde58a0a05cd990acf7ae98a74bba97b5279f8092e5835511229a941,13-41,13-41,True
31e59f75e5232813fc90aa66e80dabdea9ca2ef1756bbf2eb1f380f7f6263ae3,10-11,10-11,True
f05f82c4a7454fed5aa90b19e2c6024abf19fe3d282f91124f7f261847fbfe5e,13-30,13-30,True
31b457faa59990cc26182d6c09b64b3d6de982659cba043b7e8657991d83d22e,13-924,13-924,True
ba8244a17a9ea32a16b4a27ebb9a9f567172377b5380e0b71c8bf3529cc142e4,11-125,11-125,True
5372f36ed66c58efd38b1b5d44a603829caebba75133c0ac07015b786547111f,9-654,9-654,True
9500c717376faaffb4ef2ded2edf3465357df388ce87c1386fa9d1482253fad2,7-751,7-751,True
1691155403c07b0711bd056e31c542272343b7018aa667b3a3536bebdddae9c5,7-576,7-576,True
cc7ca1269c5456d719f330c6e595f83f0c6b72809fa693bd2743e914d58c9385,8-297,8-297,True
b733336d555971227ac34aa351b701ff47bf2fc9a810772aef5c4e71f380034c,10-564,10-564,True
0d45473d77e05afe7e21ea554e463f532ec79cc4b7f68fd2d02e64e29bc2b527,14-918,14-918,True
61ecad0e32a994a9640837662d8fce7c5e5b12d132ef3c25b43f79fb4758b1d4,10-465,10-465,True
d9bcf38b723df92c724a91667e449a4aa14603f64ae5d7f411ff0d511def8e62,14-1177,14-1177,True
2ab363e550333757e0dbdd65c4085c7651be54591fc57272c4ac4e94d646105b,13-281,13-281,True
286fdba505a796d84ab4564f52abd00fedf9d16f293258ec1707f80d9c00b011,10-548,10-548,True
7ac2e52e5e282a2c4880935dc7edca84f431778d48e8f73d958636b8d5f1a6e0,475,475,True
f969070756864ba492ca089b19c2aec995b39139949402b19496fed07a49957e,12-531,12-531,True
f6bad7cbadbdc7c333c8e3af0f50acd102ef9a73cfaf51e3fa614149950273c8,14-781,14-781,True
9f12e6251022ab316ffd785cb6347221f074cf5a8b7c298207888835a358a489,13-989,13-989,True
1c0d0e9fcdcc16f0c595c1f96b496ca22a36bb866baba8b0158ba64487f44319,10-1012,10-1012,True
21c9e9bfe648d05fa098ca91213024d02983d05f9ff4bb817724265d8638095a,1514,1514,True
84c76af574258c688c48db4097269e79777f22b3d2677de8a6a64ca0bf79c76f,12-117,12-117,True
0911efbd73a947752dd2222a185f62305f06a50de4f61dabdee55ac2872ba532,14-391,14-391,True
1bf9fbfc3cbe36f5bbe2800ba128220f68e7d824271f3709683e702ee7c55a55,13-313,13-313,True
09dbdef8c10fcf4fce52fde4ebf02b4576fcc6f42fa50b3ddd17376ccf519968,14-664,14-664,True
adb06c1544235e60eaa499b1667ca5dea17b2974b049f5a34cb374758eff0205,13-311,13-311,True
0f6284bf934b1940e2e2474adc599c1e74a1b7177204dcbeac6c286df2347bfc,1102,1102,True
fc225e287463ed2f52389a0c24f786525b7b7e1f7b99aafaae79832d50f53b1f,13-839,13-839,True
9d39ed599a7ece0b7e05661320343b859be425ea1e3d22c8586dcbd2bdc3bfa9,14-376,14-376,True
7d8c9079b74f53b942788d046093e804312c021d77a3f8c4a8ec04cd80a999d8,12-437,12-437,True
793a5f9b81ea8e20652518fffe21ffae47b92ec9f70350d50abd10bfbf11e12e,14-1012,14-1012,True
b86e81bf6c6824085ad3c344329afd2a65960dce82dca17a6f46441c77cb4a5f,10-1054,10-1054,True
dcec68276f60e6b1ba1084339bd6ec7571231c329f4b50cf2cc1b7e47ee64801,7-1066,7-1066,True
d3761d6ec0e875fc235d68a6bcab318aa7e432e8144e7d7375efb35801384f30,7-822,7-822,True
d2d0bd34d5303a1b291be720585a61b30b8a7fafa34620c408bf37bfb181619c,7-42,7-42,True
aa74da96d60e9c9d9064766f3289903dc9a4dd5b8bc7a5b92d085977786f87d3,9-136,9-136,True
f294352d29a650d93222f14ff3f3c7c3f934953050d1a0dcec611501662863f5,11-109,11-109,True
def40af9ce2a4bfc1e7f8728558e7f92ecde32769830d8cc6752a0a73631d3c8,10-578,10-578,True
97b00276a79baffc842522d28353eaae8408699a89c55e66df190b8eaa39b555,13-825,13-825,True
0a85359b03afed7f7de3ebe9d44dc72fb3a3145c8395d21f8f38e01e01c27b47,13-11,13-11,True
16467954bcf97133f199974cf183ef74fc28c8cc22b2c8048f64a6c86adcad96,13-933,13-933,True
bc79b102ed34292c6f6549b5d599ae016f5e5df09e0e67c65420bb7fb46112fb,8-452,8-452,True
096254de6a13d06aeb9112b9ca887c1c7aa37cf732ade251849bf2122276f616,13-982,13-982,True
a6d251429f31dca86bc0a8eca42f227874dc93c237424b6f0db3c47fbdbd2981,12-659,12-659,True
6ca37558728fb92ff7b733d91ca07b1bc8a321298e9ed856d7e9ef05b3e75aa6,7-248,7-248,True
3c0fbb85c2ef31843b4bfed88512b967b22b5a161ae17fef1c2c8b59efbc7086,14-255,14-255,True
0545c572a7bd1565d7a5438027c90677077803d7d71f9dcdb2db89c85ee2b934,13-1016,13-1016,True
3ca15370fbbfb82179cdc2845f9757741ac7320abc27083cc7cc278c588a2733,14-920,14-920,True
0aba358c720843ef4f750db69bb7783b863c6db3dd431af40249982015393cee,13-547,13-547,True
09fdcef99e7c72b0b2ca48d708cb0df396360a8be2710ab049f3b7a4ad70497d,9-129,9-129,True
d98c9068609fa3d86aab3ebc0a38a8830d4243330320d4a996be19f4472b5ab8,10-1088,10-1088,True
55cae4ba404947efb5c2bc610f81c348f1bd67d0fcc7de66ab73bbbf194247e3,14-924,14-924,True
4d30df72f246e69b2fa3d6b1baeab3fcd75adc4120113143c43baaabde764e9e,13-948,13-948,True
14d162a7d15240206df362907dd09103af4affe9e04bb987c78ac65372c700eb,11-79,11-79,True
b97956fc3cb7009fd52438d14b93dcf5c48c764e1c02f579536b49976dd7d85d,10-20,10-20,True
d33849965a1cd28712699e94c25e787a67641ada9e61ecb01335be47cb6afdaf,12-1028,12-1028,True
c873eb70dcfa79ce121b9e7f10cd52c42fefa9c8768422fcc78df17870e9e7fb,11-264,11-264,True
10231e1ca0d29cd5f5506874187349886e168c33227e64c0f7e7da5fba947865,14-438,14-438,True
d084c408e4ea9aea9111a303013317934f75f839b37dfaff3e145107a4f0dd05,14-590,14-590,True
5089626705f075a16674a66e208bc22584d0bc6599aaf2d93098c20fb55b64f4,10-1124,10-1124,True
f4f255df7e119bd6b65127fd5a2a132a67ed01504e892941e05d6be79960b118,12-284,12-284,True
4ce74b6967d7b119d63c335823ae4003d38d15062bfa4dd32aa2148ac9f405c3,10-250,10-250,True
9aa3e3c4b583196a62c43c0dfbb516db6deec384487b5d5e2426c02cb3490219,11-326,11-326,True
d1f7dff03d33387dbb82beb9f6f42c97b08779262164da20087f5f2dd73923e1,13-219,13-219,True
be04f30e32b3833f65cd8f5372cdb2665d3775a2144d2a09316175cdc0cc1286,10-355,10-355,True
f7c1a9002e2341e427119699ca85fd85af5164506af70ba20155613ebabee700,14-1509,14-1509,True
cecf4efbd9063bed36f575c700be9cdbddf225fafe201eb523277345664cba54,12-399,12-399,True
88c520e95478eda1ed7f509dca39bb4a7c4977f6748984ffd0c4abb9dba08f99,10-698,10-698,True
7404ea8435117e172355188e3bc6d7e0b6b7ad75fc61edeba913a791b92de396,12-637,12-637,True
d6205a3d85ada4a1e9507139452612f810aa6a85c621951948e7843c2fc6c2dc,14-1217,14-1217,True
03794e500aa189280e0b26538e5c1928ab320f788deb254d9cac56036d711aa7,12-663,12-663,True
53b6680d1ff38d5d3cfe5668301c6ae4e9232d9c811b2b9dd9a9a7b10e24704d,14-1476,14-1476,True
8342ed5553b86b55838389812f4adc366e8c5327be0e69f36b968dc7218c5d12,14-669,14-669,True
fd29a59dd84602dd918100755ec70ca14f52cc92f2cf9793207df8fb94099a3d,11-590,11-590,True
82cc1129177a55648ba1a7d997df9149be06e70e1db3a1927cd28acda5a4e359,12-684,12-684,True
0deecb0e3e836e030eadb793432ab2a9d86c1ab070edc951183ddbb69ab665c7,12-655,12-655,True
6c1b605d8b192f6ed38fa330f3850f26cabbfe0592b0a6e58f998f5a3cc3a25c,510,510,True
f2dbaa17dd1c15cda0fb680774b8868cf65dc8ec43b9a3effc21d2e124cd626e,10-613,10-613,True
d6440a85be8c53a6a78c88181054d2bf220a44bb73042d0b65d6487e8187010a,13-718,13-718,True
2aec82c5b58e969d5ab58b3150bd8a5547dfb6d68f47d67f169b504c5224b100,7-180,7-180,True
eb4f6468c6e4ea4c80bf6852fcfe4eb0c23d07de1a897bcc989f6f1279dbd708,14-518,14-518,True
1b55cc6a59a4d89ffc90c6fe96a2db66ced330c458999f04822c602937c292d5,10-557,10-557,True
67463e58651f2327d4b1119cdc810771a956d2549c32cba08a4e161df2ba854a,10-153,10-153,True
b5ab1f04c4bdf27c6d73def8353763987d0018c747bfa38b6d5c0ffb8847972a,10-438,10-438,True
b94feed65cfb6e4472ef4fa914273fc4ab312c7b62ec8f0d657a71c170689fcb,12-1125,12-1125,True
6abc77b26be6c0e43d7c9675436ec8255b6903cc975422b9c65192f6be0e4fc2,357,357,True
028c206c2f8bb12a726017c97b608690d67fc493d0bd4071c955454be22aab99,12-268,12-268,True
9bfbdaf83c2b563061e27ce4d6346f9cd84540fdefe3f1175491516d7c0536cb,9-938,9-938,True
12e6d3cf720c6f18cbe2de1968a231ec2b4422bad2bd34099dc67e0370ce2939,9-102,9-102,True
dcbb59a66b5903dfd68b0174f463c3f4f5dc16b6e7c78d5e044b2ed6634c79a6,13-34,13-34,True
0b435ef70c2611c1806f51820acf990ab904ed0ab080de082d688cbaa9e59906,10-1016,10-1016,True
c178ba277653c2439b3df84bad8ca899186fd70296187995864304eccc3cb85c,14-1417,14-1417,True
bfddfd00b1ae271e75d7e6f61c4146336d102de742e11253380644a00a1582db,14-139,14-139,True
ea16bb9290d0af0da1ca8effd9194040344a7edec7afe8f571c689e3176203e5,13-971,13-971,True
19b44f509c17cc5c645204edb344e3fe578427d2225a97eb5a7913e13449ad6c,7-812,7-812,True
529ab9bb56cfd09619628cdf0de535d5eb9399ca54302f17180042b208b77835,11-472,11-472,True
67d7453d5f1d05dcfd1d0435b08910698792cf24dfb5c052e9e07b1ab30777c9,13-505,13-505,True
a872745dc1916c25ed68727d2d683e781b0dcdab598bdcd0e81f455f08a16c9e,10-158,10-158,True
5e3bba609ad1dcb05bc3d05fe31457d9c421744f50bbe1a7a8486279f2946723,10-420,10-420,True
97dc33fa4454713d20ef2137fdafb6246fd3e20b3880f1d3d64f1ea0a6ac260d,7-69,7-69,True
34903e2ce1c80a481fbef35a91ed0bca91e13cc3ddcab970d614bc2c1e07c971,10-730,10-730,True
fad7239d0b967a3690abb4b9ac0299259c63148f8eab9975437ca9187a9afa84,12-466,12-466,True
bdf5524cd13b011082b3cbec7589ddf1157801f98ea8730c4da5804264dc2d88,11-61,11-61,True
983c632f6b4a4ad7b6ed1389782d44dd2ea5be0cdfdc4ade96811053ee95ec45,14-234,14-234,True
69cd0f8168176e73d83d21b8950c33a1c3be9c5ee8d13311cf4f37da64fd48de,10-501,10-501,True
27eda90402185a247f8fd2b58a6de11177f42b2249f869d56270bd5fdc4cef07,10-129,10-129,True
a8800cb7037f7de94e2ff1ffb2d0a913889e1965c9cc5d7238960302d2ec6824,12-255,12-255,True
2cfa8f94c2e9075046654267b5a3dca4173cafcb9517ca987588168111278c2c,12-107,12-107,True
014553435adb4542762e397ecfda8ade4fa9c79d26277586e1c06c272bc2d3bc,7-792,7-792,True
3eafbe425bcbbe2c66a663cf5d0daf6fc030cae29cf8942623599d9d8de392bf,13-602,13-602,True
a9b580f3786ab48e41832fe9424d12466db4ffe885a540345a7a87cc857697b6,10-283,10-283,True
eedcd8bd80759f67a9e5d2dfcd6c2c96017c87cccacdc53a7ca0b69ae5381454,14-704,14-704,True
e20a6c8a38c29ebf18bdf4e033bc93299a6c64f10698ef655f91dca0d4249fdb,10-682,10-682,True
a75df48f82dbd53197b133550d8adfed14cd07f044e869d060771e5c71492e6b,14-1102,14-1102,True
7e2b80e5eb82c28f0124307ec5b485b527e02bf3727ed6444622116a2f8537ed,14-787,14-787,True
bbaed2f6ed62f778abad848e1782b69a17d2d8e8c58e2b9dfc5691a2e92e7b31,7-675,7-675,True
ea171378b1bde3ec2c9d050264536766da884e4ebc3e2907dc9410a973332c45,13-198,13-198,True
d61eaae5253bab5963769069796b5f637923ebefe62d27c25056f2a07a5c372c,837,837,True
6eef0ddc79929e9be53b349d29af4170c2d70ec5c10de832ceaf0de9ba54db40,13-250,13-250,True
5aa911349ac407c2e67c12d8f6ccb9d17e7624ecfabbb85e643525756f282880,9-572,9-572,True
3d11294469eb6e28d96c1eec859b3ce6497f5121d8fb2871f520be715e273f05,14-819,14-819,True
4a9532152f429dcc0aa3c3cb5e04984c689ff69b03de913a15e761f1422b8b22,11-62,11-62,True
ecf9bf97af84ab012f4e54ef64d22db4464d36992a99348368cd29835b911034,10-41,10-41,True
814eb4a59ef02c6a9558e216e7f60411ff78bdd3228fb14b7444f8c38fe04173,9-156,9-156,True
31774bb95d5149697e863d819aa3bc78ec5a0d80a82990ddb907e543f29d927a,14-369,14-369,True
fac857f43b22687c4182809c8e067a80ab805f13c7ef5a25cb781aedb443896c,1792,1792,True
de3343eb61e570c53dc70d7966dbdde3a973940bfadcc5056fa0ab8334478a23,11-211,11-211,True
a824f6411fe3bcf016e41412c9dc1a49dc5b392a5cedb3e8f52be417731364ef,14-1161,14-1161,True
a00edd27750cabad7a4452031f7b54d8cf791ff1e70204ac6a9a5890e28269a6,8-152,8-152,True
709a4d027b1f5020e2e1c9a9c1038d5f23c4b2457a1e0bc4b171e98cf3af92db,14-365,14-365,True
c80cf41f4abc8ab43d94be26e3feb94fc4d10407d795ca748b42eb087a97b395,8-391,8-391,True
16a28ba8e3d4e8933d344cd71f36a83c93fb2c814c252a0937faab65b702bc4e,13-769,13-769,True
b55e1d61ee531a2dbd1af97f7eb0761b532adf2712584b72e1b693997b7d58fc,14-1000,14-1000,True
808b58183f39c7897c18ba765fe7438e274815e8b2d5e58bee17bab0bdf64e5c,13-959,13-959,True
73b69d88e886d7981bd329e229d5ab18a4806594191c11db62afd9d797046eea,13-854,13-854,True
7618e7752ad7400df2043f7d40d8d2ef12eec9e4af7c11fe58c91399943a6c60,13-626,13-626,True
098ea4be13c3a77f7355da888bbe3a145afb0a78d0f9805a76a924c9563b889c,10-622,10-622,True
672aed45fe56e27c89c8d34364fd81159f9ad9966d953fe9e41b724bb1720696,1703,1703,True
ce0a2fc64becf0af02bbbcb784d4d199550bfd2f90c81f27aaae626bbfe456d3,7-836,7-836,True
b999ad5f4735f571d4451db55d87dcad23a04df1cb4b55aa92a9d15b9ab8a3c5,12-71,12-71,True
003f966b2d5c72a0aab26c9e9e2a66d1082b9da95e0d831e46608413609c6225,10-37,10-37,True
1c879f88c95f5514a161e5703d859b5171027d62fd76c0a6434ce1d19235bff8,12-889,12-889,True
76a15b1b109b4ca28e440936f3bfb0f955ed11d35c77b60bac4068a197f3e33c,1443,1443,True
5bf25454b3e67bb2f1ecb6919d365fb99beb9961a9d22a59944f566a27b51231,13-966,13-966,True
701491aa740e2536cea55c9449df9d42dc73eb9db1e78f4189f2c8d7f54c5bc8,96,96,True
bb715c506c9a7fb4400d5077a00bba5e2e216049d5440b6d6be9843ffc4febf9,13-40,13-40,True
990cac96a4fe6336f2aca53c8b1a28eb90bbcb25ab4164f9cfd840bbbef8adcd,14-1043,14-1043,True
f0517c193e2e8c526136b954100816b63d761ac12fd0f8bb4f662b721760e84b,12-452,12-452,True
547d3cd79f399d284d2d713376dd4492a90538792a613aef367a0d80d530c64a,7-286,7-286,True
9420773eca831e2012e61e92bb342e272523e7fa184ea9d4967b888903843521,10-538,10-538,True
9519e7d191561562c40192769206acbfbcf9e59d706cc87de036ac74ff5eb5dc,14-285,14-285,True
170c2f854f619c8677c7478ba465831a1d29db0aa3eaa746c8cbcbbddb8e1e8d,10-112,10-112,True
5751d6c9861cb6e1c70255f9653e9f680750b611f0e048d00625c6d754bf5ca7,14-761,14-761,True
e822935595510520a953ddfc98e76ef0cee530ec6e7cc6671034176f348c7b53,7-3,7-3,True
3ad2ef1bfab9de13990d2facd0177015a016f79dafb251d2fdb32b7525fc2265,13-357,13-357,True
032762972c9f212008a516158191bb1060bb53a37fe63e81d2335d2af1e786f6,10-743,10-743,True
07bb3630bd932fd1b225d8f1d2c5c079647420b22c67c5382f3c6ad80c841a22,14-795,14-795,True
0b13ce6bcc7db9657f563a0d2a27b4cdf0539528854c8b416cbae22348e0143f,12-634,12-634,True
e93c8ef8b5e5acb0af156d88cace2150b6e7da1d2df77c16642e05b6ddf4dab5,7-1117,7-1117,True
f532263f1212b239471f7b7366156195fbc2a237ac2a2fad9787480b4e5d5006,7-313,7-313,True
6fdde20e8b88e212e812b04a029e5b2e066d5684bbdbef06da5dc916d7c0d7ed,14-148,14-148,True
3546dc1aee995d77638d905c48f6e1e9b1b446c5cc59546806fcefe21147d316,9-829,9-829,True
243ef2062206e1daf4dac5ba5490e1d4a4fbaa8342ff393fe8b777941ea22696,9-172,9-172,True
4effd0bc5a7f6a440f5ecf6ee9acb57263e646b8240f94f80b4dcf94809a1955,10-718,10-718,True
491bb883f383c1e9ef34317b694389dd50494460df496d17fa6e03cb606122c4,7-546,7-546,True
4a85445d348c4a00cd7e8a5073ee818c1249372aca33692930c57e575e72bc71,12-583,12-583,True
36a26749dee5bd298654ebde7da35d53e0fba731028cc37da27a1bc53664599a,8-451,8-451,True
efc18f915152f1d08b274cdf5bc03def76be7a297bdddf65cfaed053a1fa0604,207,207,True
66e5a80e43149059e0752b70546525fba628b36f8a459fc8eebd36f50b00eeb8,10-142,10-142,True
027008c1ac7af3a352e825e976226fe32b5e6f7f21cca63725f81a922fddf9af,1397,1397,True
df138ebcc88eb54eecba8b9a583dce50be86b9c48e1d0bc568879e642734ae89,12-825,12-825,True
d862ad23cd09c6c442f9d8fd1c461cbb31a8c97ca790fad7e4502ae87c89dace,10-521,10-521,True
205d2d5b5a7979fd8976528f322de89bc4b343655f6ae723be00d549bfe65f48,14-1511,14-1511,True
8b6e99a226227761bb77d85e7f165e25f89161ee466b1944a03910016095b75b,14-25,14-25,True
604b3e01d0df2f128d4980fb487ee1329176eb47e3808e3f06aa2c9be9d9c7b4,8-388,8-388,True
22e7922e638784b1d7dc37adfb0a50ec542a472c300f6cc7bfeac38c74ed288a,14-894,14-894,True
f84da31dfb6c29ec8300a70acd01aee0cae99d0f8a6894a396a1d51f41fef14a,12-487,12-487,True
94509b17bd17f9316ddc6fef9ebbf9a72d779c1de39ed76a1e8f6725fdb44781,14-324,14-324,True
80eb018d612ccd624a2f58a146b0cd97e767721d4007bb6364367fe53df8e1b2,12-656,12-656,True
bf6d004f1d7ca9641bcd6e6236b1aef932be1d615b0f2ad3728e9071a75d3297,12-90,12-90,True
291379662490ab5657f148818d9470bf6c7bc411d75efb3a11c7b9341d955791,13-590,13-590,True
3f3f389f7f2be7cd2118497a2cb718d2189a39e80c49a69158f44743919f5ff8,14-1423,14-1423,True
c74607cc3f4ffb13d739dc17c72c7cceb6359a658025fdaa488f850f4913709d,13-1000,13-1000,True
256bceda2a9770b42eff583d5c73d7d6f99f3c77efe14d0a3405849e04d97c7c,12-955,12-955,True
0d98c6e67cd75a538b47687165a8c5a2c09b015b62b9ce20f2408b131a3b39ce,14-981,14-981,True
aeb207898d2ebea06b436699f07a43b04b0dcd625dcabae88f212541c20da164,10-27,10-27,True
82a9acff78755c908cd8515e6b8e1d65a778b06f49119186c38ce6258876f3ca,12-993,12-993,True
77861ca67e659831700a99f728a9d9312eefd62e25198ffc43fea4cbfba2b5cd,12-357,12-357,True
b933702c605b1c5f19f4be9fa6e076ef7da472033d3bbe82ed4ed4664621bc6f,210,210,True
46c772fa9bc4d442aa67ad7d92bb3ef4cffbb6978111eb1012dee48614210874,10-731,10-731,True
40e55528e402103d8a5b9842fc9e17aa865de4520971c9704f5dc4b26044a6f2,13-15,13-15,True
22e67dc610aa6b9e4fac8f95dab29ff67010e82ccb665401d86f77475bdc112e,13-68,13-68,True
ef156343294db90336f3ea4d8f4058fe6b6425cc6d52317fe9b245dcff806480,11-254,11-254,True
d91ab53dbba14b0b6320a075c4e96e89e979fd18cd996aca3d55e7eedb2b92b1,13-512,13-512,True
20b5fb72a7eaeae8270f0d63debba615be853ff3b7f0e124949cd3dd431324a5,14-1452,14-1452,True
038b50deeae6c6b2fe802727cb3f174e81aa5ab0b1cf230bc239de10c7cdd5bc,10-1021,10-1021,True
fb173589587794468cc8a221623862a4c61e6f449e21aedc0bfa91237598d21f,10-1166,10-1166,True
67a4287e7040021a6c3db5069ccb0f0df401762c4670703279811d46e482d328,10-81,10-81,True
3b82a597537facb88c7802d9de9cc49be3366fbe5b269cfd9da4ec5a7a236cb1,12-185,12-185,True
4ba0109f7ece2f210771102f790ff1b142453e4519ead780535d0305a238a4a8,12-774,12-774,True
272d4da444c9bff0b85d004cac1d7cbe6ad86bef13bf4318e9aed7c1c8344fa4,7-926,7-926,True
f30355f009c8a1c3ad1f2614226d1c48f6c12318750556e0333d66c0e79ce6f2,10-774,10-774,True
1b061b31d9fe3569c1a39925cc1e2feafabe84b5d5359afe591d1e691d525777,7-530,7-530,True
2be54de65c08f0acefb78c9d9a4602889443bd0b06838ca25ab4e3f40b3c344f,1681,1681,True
3b8fa2537ed2fa42a4182c8aaa7534e156b05ba1c332046e6f5b4fffd7c77d63,14-965,14-965,True
74bf0ef737fe7e8befc69413593ff05bf6e8a4631a8938dff3020308abc0514a,14-239,14-239,True
bdfbca5f47faf90ac1385ae2e72adff8825917526723abc4b43b6a85fb464125,12-400,12-400,True
1cfe4be70b9b0eb9cdeb04a2c42b6f3149daa1c70515e2206b17c7e734a50d64,14-176,14-176,True
303086682a2e1f68c36f9229742f1227edb957f5d9a680e3656e72f1f7e29d48,10-1028,10-1028,True
1a63615c27defc384a88ea0b7914d54df4f83017b76a3e1b7e958befb40f6f34,10-1123,10-1123,True
d3f9bb130d524baa04a2397cd02e03ec66849a0178d9c23e8c1477af5e7a8c14,7-1111,7-1111,True
ff51455d46039fc294ec54b36cb5b35737b5e7bf2d5c0599344b1bb70f119af5,14-66,14-66,True
e7b3b6b060f1a9ef13ee2b857567d47c57675b12e96403718e71548b07c7db9c,7-1002,7-1002,True
f9e2664f1dd5f4e27751c4ec67e75f1e1579530a08c6431da9232e0a51a30e75,12-593,12-593,True
7a11b093f0a0b7b408f44eb453d02cc0b1637741ac8ec6fb76522ef6602b9b82,12-383,12-383,True
9d67ce68cc683c0e49f19ea57c47530fec765fa8c71e9cc3b60f6321a57fc1af,14-926,14-926,True
581e19ed7d2fbf9a39fdbf25b5d482b7a202b33f49024cd6d0b21c82f230974e,1640,1640,True
67f412d47fcf0c54ee5a4242cd9cf7175ae4e979518a6e22fa3f06bba34237ff,12-1131,12-1131,True
49ce52ebd82ab887d0010286622a7b70372ee679fdb72e150cb3171b92240b0a,11-58,11-58,True
29027640ba92777ba3127d842f9f3a3a2f094e0d6304b080c1224df6d2314b5a,12-1105,12-1105,True
1f90bd574902b48aaa9d7bc85c8369c878595c073e04d490ecd2b13dd7ab707c,12-598,12-598,True
1dc5994503582bb8b3898ab526da63636ed1f29d906b2198ed1b389eef32af2f,7-560,7-560,True
8994a58e1a88faf9ca97f47d94597111cfacf525785ebd2351c10886dc624047,13-617,13-617,True
a9e7a0767baa1e9e4a4d1d64bc74ac3ea4ac1baee2e8f1e5c8c0892ea4d410ab,722,722,True
8fe0e8b4157b0c775b57541f1cd5bd000f42700fa2a6318fec5b3d7ca996e0f6,13-941,13-941,True
dc7c68d8c6be4af956b9d640653dd135177266d9d0846759bc543ce559ac71dd,13-2,13-2,True
96164cbba64714e094887cc8b48d2d1db813a4e5f2effb6ceb8d838d65313352,13-965,13-965,True
e1ffe56e7ae4f5bca87d6756cd9129462f5d484179d44034a68e4b216b36d199,13-810,13-810,True
e183bce1251ca56cada00e655ca5cb28cb853f8a6263d318c2066e558b7a5635,10-606,10-606,True
f19d17f28e54b2ab541882bada3a3449f560bace7d2dd3a67fef41e02f811eb6,8-317,8-317,True
28247b19f794795dba9e02e0c7c57c3cedd8c08af7b6465267a6c9f5240091b7,172,172,True
de76ab9bf63de678402640c36d1231fe4adb84ce44850ee65a4f5d460b746617,11-420,11-420,True
5833ade01d8793aedff165cb30c5522b99b5ffee1461216b1628be843fe7449b,7-401,7-401,True
65d05716ebbd553640104bf9e1c16355f692ec77cf7a2bf775ededfe9bbaf768,10-1154,10-1154,True
ea841e3948d6250a1819b99d3d63394b3b63dda55d6fd20f5562d4b019b1155c,1944,1944,True
5fcdd91100d8bdb98f3248cff98212cd993e3ad249af5d319455d285e98861a8,1721,1721,True
3413e8dab2d3cf86e11aa2959f51c6fd1a7fd9892099464c8ec3b853beaee9eb,13-885,13-885,True
f06d2d54116c56cac5dae2f2c6befc760dfc775903d14ec46c5d6b5dbecf76b9,13-412,13-412,True
3a9173804b4abeee242b40002535c260cb2054366c8c0613305a287772d45f70,12-380,12-380,True
cefc164a6a3b6b51c1cce6dbe532d4697b9ee806aeee1ed0e6c3a0f9ee2c7cc1,8-439,8-439,True
e73fcdce48a83163e8e9bd8d2353d592e9c8b80536c5ac7e3532c6c48f2ff969,14-1016,14-1016,True
e3df4da94d57c79b770bbeefa51b8397b7b0f0733171edbad6543aa2ea40d6a0,11-476,11-476,True
3d734172afaa2088ccd637df161e8dfd22d7a0eb7942b35743d7b7c1502ce59a,12-822,12-822,True
d37105409b914bd8ca0c13dc3dafc31d40c561938981558eefe74fc7a0958f76,7-64,7-64,True
21aaf7f30ce864d640adcce59604b5ae06e9543567032a1c088cfd12e1d43dd8,13-958,13-958,True
2401f222db57bb64fab869074708875ed3a40de5afee60f293fa3e75aa4fb2d8,12-1182,12-1182,True
47f3573aa8e3875db8301906c77eb4f1726d1bb0e61513ae4370cfdaabb7c01e,7-563,7-563,True
d6c7fc8680f4aac1115bf62fa71903c349de75a4fb444eb795f7ce5f06777df0,826,826,True
f5aad36c9cec7c3aeb85394147155ad5f188819b39c5f872f9a226de3f7d27fa,13-664,13-664,True
5e94d5cd845a56b58219733102c190ab78aefc5ae9b062a6c50d74786da8f11a,9-98,9-98,True
cfd2d6c326024d3a1da8707d30780641ec2308d37935d45f37f55ac7e7811846,8-487,8-487,True
c1192e03b8308066662b9247fbcf73f8d16994fa3f9cd9dac26ae485c5cc14e2,1254,1254,True
5713a031784d439796f29dc86170777e65094ffeb50a9238675a67aa0399217a,12-847,12-847,True
31572a15915220952669d71c2cbff0830807d2845ecbf4c8670adda59237349a,10-912,10-912,True
315225401faef27db53fef79e2e2beea5f9bb8bc1e551b98444fb4f30fa6777d,13-366,13-366,True
d534fb6edfd95b809bfc098cde02ea902fe70e5bc7260f5e284d9cbc0f879a90,10-623,10-623,True
98f30af220c387cc2ac0f5420d6a973bc354c99c4f93d0f8f83a7d545941bc5d,14-1150,14-1150,True
cd8b221dfd82cfe28747e91c227224b43aaae33749f48064ea10f4958b82c6f1,10-628,10-628,True
fb3056e37a453b234e2fa2ba9565c1ec93de8f487bf7381fe464db7ae88d815f,7-192,7-192,True
e401d0ef4c12c68bbae03df6ec11ade619d23804753d2f46d250288c4583e8a7,12-14,12-14,True
b2db9c259e335c556b7cffabc497585f3ed325b8b09eb5261081743fa09f87dd,10-767,10-767,True
bb9c4289d31d0f59af3201ea8b1262f4feb8bceef97cc0da6469e78591c3d45d,9-841,9-841,True
56153a96dda7932399fee87c2b871246379a32d2c096b5f8b873d93d0bbd9cf0,12-336,12-336,True
6484f00c6328ff1feb4497c8760d8b7819f217731eee4332373a8d451864f2ea,8-278,8-278,True
748814d69b4aa7bf6e792b08a2b720153d9ad882ab45b0f64f5d867ba75175a1,923,923,True
156b7a201cb1dcbe9b0d8fce8c2820e571270ef67a401e4b3df27c0051105966,825,825,True
f59c6d8f5f900fe9d8f583c97760704eb440b2498f035e08bc502abe0ad63e5c,7-585,7-585,True
f60667de5f87988f773e04c0f1630730dfdbbdd488717622909b46b073f4cc68,114,114,True
f45c96d0ee5b5ee677bad6e66c68786cfd0302d61a6e59f299ac3fa8030f778f,12-639,12-639,True
eed34c3eb43cd122bbdb205a656d0c624030246e74c51eb2bb0858a48d95e229,10-1219,10-1219,True
a83d14cfc077420593da1b4809343571659428b16e62d0df89bff16233b9b2fc,14-1220,14-1220,True
655d902695c5c12e123833000ba995cc87392b7eb32621f3119f86a9cf0799b0,1364,1364,True
94f48520f79a3f3ed4a4dc82a5139c03361e8ae9f199563d2ed0d8c48384a3b3,1378,1378,True
0c95ac5332e3ba829b9f9f6d71b19bb7a961ee220718f6b74fd853a1f5d0a2af,14-32,14-32,True
62696681b62f1246c11fcb69dafb2bf3cc31ddb3b351bf127fe73b046d00e87c,13-326,13-326,True
790124ec2106035c5aeeba15c9bc988a689eefac52625ab3ab35d31305827734,14-821,14-821,True
42790b48b7cb10900828eadca622d0d5589134799cbff51263c5d6cea39f9ab7,12-642,12-642,True
96b3247117610259a2ef46efddc8bdd27c7418ff7a785c3fab6ba43954841782,9-737,9-737,True
71480b94df5c63be93ebdef6abec0151f3df9d72d8a2f557a40d662a75626589,13-393,13-393,True
123c3434cc8e749c2a1f17e339e8e4436da19a2972b1508ac58049e40b0cf14d,10-1084,10-1084,True
57c4702d7c5506260ffb47855f6a65a624a1dca6adda0c54869eed78ff79cfe0,7-122,7-122,True
fd7c17c6b3482fef16b3199c977a35fc7c9462d115f38f63655a2e8c426c47db,619,619,True
7a92436bc72cc008424dec8ddc7d2dc6b3d4f43f8192f854b160fdf5dd69d78f,10-956,10-956,True
6cc898db4fdc06f5735337ca58c8f3a33abb905d3938b8c68c00678d08f33b41,10-649,10-649,True
7dfe53fa639ca3b6d437c1447f24c0eb4a977f31c266c40a429d6cfc1b065e6c,12-819,12-819,True
87c365b25bb28e0e5a90af0894099e0c565855f816713df2d281b1a49f9ed9fa,14-1419,14-1419,True
3448454b4d4b22a7c50db05184bf093bf84f85cfbbe129a1ef354359dd51b13e,10-1201,10-1201,True
bc53b2e7d11903055482a55a1c8d875178ea4d1450af7b0dfcd331b01f144d98,10-884,10-884,True
44047a68fc4f3cc4a225214365e632a782bdaf4d3018e8c1a42047a1e8020cd9,13-176,13-176,True
9c856b9f2d55e003f56288123dd01071d7636b6ac74a13611d5d18f9d8b013de,13-538,13-538,True
594fcc7882fd0c95d1205fabef3fcf4ba75d0dfcf02dac3038df8c87e4dd4cf5,14-516,14-516,True
348cfd087d4344d0522cd8d602c3ca88f8bf1ba4d30b50411aab8d273dfea317,14-701,14-701,True
d7b842dd5a4e15e6c7201c164486a74e62ed197e0bcfd1fbe7ccabe648ba77a3,13-699,13-699,True
85f2a4f40654953ad1afb669dca614e691d00379aa8ae979226758b34fab1327,7-78,7-78,True
503a4fb1c2b63f2e92b903e01064f21b80f5bc225474f934e04d092c6564d90d,10-821,10-821,True
0e43aa08e6f6ffb750c359501a56db04c52889dabf22e90a1227f696fbb82fbe,10-937,10-937,True
0a2c1e894dbd76579d1d550f1e6d0d9c6a36eafc98da83ef98cb04caa9339ff6,10-721,10-721,True
65fcb7efa37b9a906801131eff7825bfde4f3173df6040260697c57620a36eb9,14-106,14-106,True
e7d2616231cd95e662fc740422b3b5b7579d75e63e6f557797263ac6275c0b93,325,325,True
908b8b9f84168d856df29ecb162b920bb981c627dfda2684db1e5a5b8fd6ade0,9-162,9-162,True
50cb319d478fa15839400ecef0560da6e565899dd4f05be51689c9f9e5422fd1,14-1438,14-1438,True
849c1116529b3e4b071fe65c34a48451fbdc080bd7e3d16fddf8bb59f6859ab8,7-641,7-641,True
da6e5690a0af045c45812a92cb7242906b5beebf5c340cb6d724ac94f5dccb68,12-967,12-967,True
a8556ae937f1a1f5acab189f55866cb11f5e83aeecf5ad479bc7c5de9d95990f,12-371,12-371,True
b917efda3a19be213ed62ba7a5616f686bdd245af2d131a2e3f37fc01fedf532,14-389,14-389,True
5b8dde28b95af26763639a99ba75306d21a9393fddea9309a8ddcc2eb47d522e,12-808,12-808,True
0b07f948844448719317b93e28740e1ce838c0d344960f422f621be3e318fe14,12-861,12-861,True
09e8fab20ba1525158349f7464d6facc84a3c824005367c6ab807ced19fd0c38,8-285,8-285,True
2a9c753721407be9afbeed39d456bd98a39d1b98029f95d9dc0f9dc2ee3cb5f2,14-853,14-853,True
12248669b2e12469702e756e2b302c1b24b6c8109e901c63d6e4d4646fb91c6b,12-1097,12-1097,True
522fb91c18d600d8c59aa20b857d222fe853cdc42989e27690fab89892715025,783,783,True
cbd07668c65b59888c749aed858bbbb57d8ca2e845f67fee2d841daf8519e437,356,356,True
8640bf023b63a85fc1ef255e70cd362f74c2622e63df1c3f5fafdc4e6076b419,11-278,11-278,True
4e580030f3a754c8e09f8ba5d95f0015c2ca50741d606471c10c55cebd35098e,10-169,10-169,True
71250bce3bc33d1c74b0fd68e83db3f3ef44d0c1767c8e6a219587dc48a3ef90,1157,1157,True
db4592817d0ab500c29aed91be28798eed42e00502737941bed5985bee785b27,890,890,True
c22d90bac5da8fee6a0ebad879695ab5ec97786696479aa2146b6a3e935319c1,13-196,13-196,True
16dfbfa2ea0eb100fe96970a7e67180c9316ebf23655968ff3ddae2e01d09401,14-1391,14-1391,True
53c3dfa325709e5c1472ce388c3ca46080ff04aea49345d67fa6691fc4c72f09,9-1142,9-1142,True
9b15e31dd4a0d533eaeb9940cbfe638085c6b8646c32ba46bf88576f1ef82314,10-253,10-253,True
28b9e7c4adc52efa748a7ffb00b1033701948bc46ad04b2b8aeeb2ba2ade86eb,12-918,12-918,True
c32fda134a361d63bc71e9a9aee0128fd748388f03904c6a2ca5dbef632fe591,14-1174,14-1174,True
2598644e2a92fb0fbf0c4aa2df230f44fddaf44eb606359925029534c307f12d,10-196,10-196,True
55a33d59fee50632b6f8ba6350c1a0c74c5050f8c417089fc44526f0a6fe7b09,12-692,12-692,True
0f5793cb9d7b6a52f3987b3f929ad41b8505d7d6a4d2b9cca79d28809065b01e,9-631,9-631,True
843b8b2b70d35522f8427d63666c1c0f649c74b53f2f76c4741f67f4f21c36a5,10-21,10-21,True
1ac33f9e1f10e4079c9787a2ebe3b63abb13bf686ec2d49fce2be51261f98512,370,370,True
865f4795bdce06a613e582758ac014e5a6f549386793d0e175d2c93fb6f8b27f,13-449,13-449,True
8b04949cd79526f1a24b709c40c157b344e4cd5d078a35f1d8d0ae94dbbb05c3,14-1273,14-1273,True
b51aece1b1d838714942b1e0e873954e308c3aa4ed92709e89b15debc1d153b5,7-885,7-885,True
5388bbbd758fe6a20bf6ca76cb39571736ad4f261045fcf034e012ecb3e4f905,1846,1846,True
f40cc2f120ac3a12a92d8729df1ea50e08975e0814bde78fa1b7450e4e8780ec,12-389,12-389,True
f45144b4c96133f2c4f68da606b021998415184335fa5bc4f9e7d8189812a16d,14-1111,14-1111,True
59a4f04bf3c845beefb1e385cd87c1a0150c4f71ce5777999d6c8a4a344924ea,14-183,14-183,True
be6fc3ef41a04bb8d72b8c14c1fa0bfb91c461ec3dba01632f317fbf55c3c704,10-1022,10-1022,True
5c584d84682791d12c3d3e2910cc11dbfe706f1dd20f7bf644486f86884e2061,14-1095,14-1095,True
ab415f896b3401030237be705c1ad26e5cc7c52a04443cd477715482df765eeb,1656,1656,True
40b51f723beaa1c03a3569b957d027c1b044e886f8424e3386c4ecf8e2420fa0,11-286,11-286,True
8af212f71f6554380867a0152ec9e970968586e57b896ddd1d6d0758178f64fa,11-257,11-257,True
d5bbed9d5d9f31d7ce52561660d92a2ee2575b41c6c96df38463cba7d0fca42b,9-512,9-512,True
85cd1d70ecdb82f8072d8d161db40b92c69f4e4cc87f15c5d40f52d3f0e0a2ca,10-227,10-227,True
dd32dc84a29bff9e8c9aa0030da43320805ef3823311c5fcfd8072d80537a07b,10-462,10-462,True
a1e38cee5a870a1f99be13280bc3935822a4a1d8ae66f16bc709aa8f282e6003,9-1052,9-1052,True
f39986eb84fd4e763d3a64e1455552915b4edd3e8f417bd875f85f3547bc94eb,10-719,10-719,True
0a4a143bd310b13ce4dc5f8b83c8b55481356ead8f1b49dccf92ca4148d43a4b,10-1101,10-1101,True
604c45612290a9b20e524ad687e76b4148ec77d155e7f59c61a824220230986f,13-1026,13-1026,True
ca1bebca303d36b3c010ee16b21a7e7f85fdcc49aff06dcda5eba2fae797bd4c,13-937,13-937,True
88da905df445642627fd6bbc06d74a77c2e399bb676b4cf73ce6a618d0a3243f,14-1381,14-1381,True
4185c6f979a622eccd1fbae4ffcb7361eef4d462322f714f98ad5aa6989cf662,7-476,7-476,True
960a7f49cff104f32d384187b9a20a136c70e525d3de04b0b88feaaecc7a6276,14-728,14-728,True
a79e2eac74a93a14c26ec97c820ec79f4aac1de5a0c03fbed52d9c077ed09ff1,9-1088,9-1088,True
86e6d5b915e8ab57776d5ebfa5e44bc6230832667d70724380ba1b21af696be3,7-88,7-88,True
ba8ea0c7c2122b1d5267aeece315eebc64a3dd8f9c2667a40dc092bf3a0ccfe5,14-219,14-219,True
49b41541fb102ed725c16b878ae935282c6a73ae42625a81cc0a49780b760230,9-715,9-715,True
333665c46f4fd4545ef5e7a62671562f3df5851c0a4512b8047f4f480f6b35bd,8-377,8-377,True
89c6f9aca644fbb3f422dba7ade97abb82def817404fd2083c1e20cf03c71d43,1094,1094,True
e6611027620eb768f7cfc90689b6cebfba0a551ddea7c5c1febd5cc805d5f41c,14-767,14-767,True
6b73b98aeef049177be3658bf77c6646b94294748fe4000773cd8d05f16eb6aa,7-1137,7-1137,True
460ede7c5c5316a23f9912d4ab8eb21812a216130c76bcd9b749d200af92c91c,13-640,13-640,True
b88bda59e50a03a883011128fd58e561a5ccd4a2e04fe765b959eed58d781e19,10-368,10-368,True
11e02ec19f143cead32e734e0e44fa082f48060a776717e5eb76a59ae24aee36,10-177,10-177,True
4d806b2e71d4ce7b4fb8831f08963b6466eb7821039a12441fb5ee9ef96ec7b6,8-80,8-80,True
df4b5d9868734a080fd6cc7152130c01db9193bd4f35f7b93c5951ec0fb06d3a,1027,1027,True
b97fbc3307c81f063a6f468f94940e91a59a4228835bd725fbf4af0e9586509d,13-193,13-193,True
3182664da525755e38e39b6611629d4bdc2c2879a3b911be74b069d569b3b9b1,11-514,11-514,True
35e62c1bc53f65b1b00854df33baa3138085c969ccd9121bbaaad42de0779d3b,10-964,10-964,True
ea1bd5f00e9b852a17539159e5496c87642d094c68b386a8ee891e7d2f3a25df,12-803,12-803,True
10f29fc00c3e47b3fd12f6289c8cabfe579151e98731c7458964483e97e4f0af,10-301,10-301,True
a48a12b79fe3c1f89bcaf745538bc52c4e796c43b4653f5cd34dea499692efe1,12-142,12-142,True
2ca174a86d3877d577297c1e4675700f8205e94140c42dd366ec9168aa82da52,14-1201,14-1201,True
74d137d0d0975254b1a631a79ffdc92988e0c93b79f4045a2f195a927320fdf8,7-905,7-905,True
20b19e5a11908e7f790383d28a77a0cf39661a0f3d32a94160bae89abf8d307c,684,684,True
8070576d3ca0e113fe8dd0cc06e8d6fde4e1196873e887e982653cd7fe7d7267,13-686,13-686,True
31d4c4fa2bbf8ec65ba7b20b8796f5071e1844a00d0ab2f2a5920148c06ba58f,1217,1217,True
d21a88d51b1e48b0fce747e43b8639ca70ee241f0f5174e09587c8050118a1b5,10-981,10-981,True
abbfa7c3a8e8e6050f2916df3c836713e9b17ad550f4b4f3e80875588adc3f52,13-302,13-302,True
d5f9b522a1de781a525569a15e22d41627d39e886b44ad4ebf93a857ddd5f07f,12-687,12-687,True
9074cfaf47dc1564740e267b0c77c40c55d0c63aaa0cab1640d58b90b11bd8d2,12-795,12-795,True
4e3305e4435c94608d04a826bad17e82e47373b3875c1ec5200fb21f78daa058,9-928,9-928,True
4ff43858d895671b002b5d57260d74b673ac6e8b46e9dc475ef281c77158f0a1,13-75,13-75,True
bcb414b6559fe7d2cdbc960bd2ced6db55878297d192c4ba4404f738377a22aa,13-557,13-557,True
88cd5d45ac30feea081499b3132b4ab15081496102f4cdc59a11dfe91881dde6,10-740,10-740,True
1172c2c456d31a93bf3d04281b2fb9a22157e3165e3da52384cfe5531ab13bef,13-882,13-882,True
b3a1f938910383d72019a116e697aeeb6dd8301eaaac3e39f23334a0f6681f23,11-427,11-427,True
e13934ff2dcc56ebbc4312b9558c0e8a4be5d2acee81880ff1c2ca61a7e3c74c,7-6,7-6,True
771c59a846749b379d1ac162be2e0cade36bcdee49eeadef2385134e567f4616,10-632,10-632,True
63e40fb2ed7a05a0ce23408a2c7ea9307654058f8183d768331ea669d38be170,13-572,13-572,True
4f513a63c98a38de61dbf4d024404ce18ea11cf237795b3ed0b7eb65c84b26bd,13-995,13-995,True
15d06c121931b459caf1b92303d52215f81cd13ca49fdc836f140d2183cf9da9,12-89,12-89,True
c441629a26f3f0793298be219787a804ae7ba859b55831eb99830c6bdff0388f,12-99,12-99,True
3d71e3b9ec7079bc10ac839cd3e607153cbf950468f7b7c5992923d71eab3df7,9-10,9-10,True
6c32902180ea6bc98054d28ad6cbef68cfb7dcc9a44fc1e667d2bb444bb8e49d,1241,1241,True
5afa9a00672d9320c244cdbf1e2156c4a92a0083161b6504e8022c0e4a3c49cd,14-213,14-213,True
8a0b1650553f7c1fda15488b1278d889dac807369c23d96e454ce3ca98f89242,7-1073,7-1073,True
ced113f6ce2cce102c13c91e3f90282e224d37cb1a523dab414e3a9daa66a7ff,10-658,10-658,True
99087767c91bb086b6771afb8891cfccfa356c48fe311ae116993625eb8adfea,13-1048,13-1048,True
773e0318f0bf03bc66065f53cd5191641db0b1763b1c02f181e3e29356e5ab93,11-67,11-67,True
b5cee7f448cef75bcc065653c46536d4804c3d4ad2a0f0e6334eba8d1361b45f,14-820,14-820,True
2e4fb2ee04fde5c3d154162af05575607da4141c5ffb82f234093dcb7c2c603f,13-947,13-947,True
4003b3d39fa0f7d74caee7959bbf057f114da2d3c4f49f6361aa294a7f9edc4d,13-299,13-299,True
84b7db799e71750a132c9648604cc22575b8ac72090fa7a2ee0598ee1fa75269,10-436,10-436,True
892bbc89ed738d96d09c3ccaffe8ebc75edfd8649565161f74a86e66b9331de6,14-1061,14-1061,True
526a25b97a7e94495134fc9647e2c62b98676f88c1b1781881dabc933b343bb4,13-126,13-126,True
7f1999db50b6722080c8ed1628d88f4ad8ba92669214dd6ce14e8f10d386dfa3,14-204,14-204,True
d7155c6006e3e42b99874283c142d8ca2c3714a8c809ac75fee45de2e4bba519,1575,1575,True
4e1422a39b45393b6e203223ff0f765622b3cf946c93aec09d4f2dcaf7bc6832,10-761,10-761,True
50a33405aa03cc03a2f140a40deb09c7873275806d3c194071d543b81d21b311,13-938,13-938,True
2eb5c549659cccebd291fb462abc805c671a4dcca1d82ca0ff7bb99e864efb19,12-698,12-698,True
1ab5c7242186b09d1ae089d7d36938c075aaafc40ce92f0c29ecc134358490ef,13-579,13-579,True
d621837963683e162d071af62f65018c9fc50a93dd25e14b9d9d1315ee45e333,10-100,10-100,True
c6fa675046c31c201b95a1fc91157247fd4a46a64205c696fb5ecf4e043e725f,1908,1908,True
6dd83d513cc364f0a7523e97aeee8d5471cbe639b2995a2f1e04de2bdf95df57,14-1512,14-1512,True
fb4e2ca812097ca2f904bc1e8616abefa0fdd255104e4ca53155baebc5a398c9,13-910,13-910,True
8c92647d4754dec41e756b8fa5b83b53cfc6a717bcc1b5c3cf66edc18c1142f1,7-56,7-56,True
397cc2ab2017abed9f8da523a042aa904e343be5f61449bf9456e9d2bd7f47f8,12-467,12-467,True
7cd47ccf399d25008d37fc66992e285e561f4d10dd4f888082efd39d64c0adeb,9-1070,9-1070,True
a854cba2b0ffa7ffbd9145fe7e459af749b6d1d90eab8d3189f8f6115b4881e1,11-11,11-11,True
b08d714afd086deed455cebfe0e3cd65351d52c3c670ed56c6ec0a39896284a6,14-263,14-263,True
ed5939eb2229c7b7c3f41b8602fa05a19cd6fa5bec7859420386155bfb69dff6,10-886,10-886,True
a3a33ee2abe12437fe1f1722f1ab54094bf80c01ce14e23ade49fb8d284c6de7,14-355,14-355,True
552950ad1c47778be10ea3e0d8709ecd10b58837c1825ee773e80c0dc95f4366,9-261,9-261,True
707b2b6efb2a0a8a7a8c6c89de0d5c0ed5b23cc3e18dd7a8e15992ddf9efdfed,1412,1412,True
a0afa0cb9775e4d0c004a73843afdaf796d5c42585ddee73a56a691a4e9487d7,7-716,7-716,True
33209a1c92c770e582ec73c89f5bbd30064810ff7016b94f48befad2f2702016,13-658,13-658,True
a1559fa146f7e67193039044c1511899df76922b28f1e741749976ba4b32b784,12-753,12-753,True
252af68567c25389df1d7a65577774d6169cf8add8ff9919291dff7713c481c7,12-984,12-984,True
d15f9d0bfbe39ec4d81e2b211995e81694b4599ecc77604dceb2cc28d904515e,7-1084,7-1084,True
380bd48cb916d4eb9a4fd60517c9627b55c6d6634e3dc58c16b257d479bcfbd2,12-651,12-651,True
d5592674ed27dd22dcad7e8ba8a1cb2aaafa33c10bb325da9d5b8305a56f3b4c,7-1064,7-1064,True
5b0467f1ea5968f7e93b0f15cc2b0659d02dfb2ddd3d76b177a0dca99c208ea1,10-1094,10-1094,True
b312e461191d0ac12bdb9c473da7d87901a45b1d10827d965c1b5c93cd9482f1,14-1480,14-1480,True
a41ac0ce5f05625adfe04e386e957d39aeb5c263ff2ea618cfb0325a18ea453c,12-874,12-874,True
e07ed2e70abcaa23242d43fd634d540e78161b61aa632f9b418b27963bbc74c7,14-74,14-74,True
3883773a6b5386701dad0d12b0aaff9b5847e9d42100d7acf4b32be87a60cb07,12-273,12-273,True
ecc53c0b9338fa9f7c3f7b0b046fb6906ef409d489e929ff28698cba77fd46e2,13-478,13-478,True
b9480620e97bb75e718358a30ca00fd2e0a4b01221959162ab5ece991b36065a,13-347,13-347,True
3e90f324ced9534971119b4de989e0fc8522c915a19b8d78243823cf3ddaa780,13-416,13-416,True
7c2d631ccec2bb101002ea1a9551157554b980aa4f4f9f884f043567f75300a6,12-675,12-675,True
f00114f67dc0fb51340f5ab116729e1d9760f2916b06ee79bdf8f10580e99a96,1000,1000,True
fd91e3cc462ea5b07b6015e9a2f8a1bf239d60d379fbbd8793bf42c4bd6bcc4f,1898,1898,True
092002bd4ff25c9547f486f9488d9cb91248674775284666abb817420d756744,1505,1505,True
88f949cd89da4aa10e3a00d83be9296e61fa6cd1229627962023914aa11c504f,12-1175,12-1175,True
982103b1ca866bc792c5eedc3a5dde0f4e2a4c61f35eefd894a96dd428f5aed3,10-1199,10-1199,True
62dbe100dcd83c97649323155be86b712e1c12b81aa9f500f3653435a6468160,12-1133,12-1133,True
24428a750f104f21c9adee1a70dbc4347b145348b4d66e483ffb23a46ae09e5e,12-930,12-930,True
e732acf8901b78039e07db8f1511003c7a1c14e81349a77f583abff97a1b420e,1738,1738,True
957b811778acd59a336ffec8ce16850eab97be5af3f0fe3146e4fbacf7b5b211,10-141,10-141,True
b658cebd73dafe67f854257c976e6e0db77fb5ff066d010df6d8a60b57814c45,7-1182,7-1182,True
44955bf3dd05d5a4b5b9564ff9544682e6c4edfb82228db48328e5164511de4f,12-784,12-784,True
fd957e121c15d492eae5df07730fc9e29f6832b18d4d0da8877216acad6690f5,9-706,9-706,True
4cdef2c697dfbc8f3999dfdbb435ad4cef49b974208e56cf3c3d65f7b0ab7ec2,13-661,13-661,True
4364dfb1ad5ceea40a8567b1c694933810d6bdd26ef358203e69ddc422a33209,14-1292,14-1292,True
87413a6319b15edd31c8132feebd774edca0c8406d9abf95e2a448cc363353e0,1573,1573,True
fc1e09ba44d77ae0660d175b7a11ecd555db3718852e33149956e40aace4745d,13-921,13-921,True
2bced3f870e1628aabb2b28c914b1a66853f6bf2ce9d0074572344958632f0a5,11-137,11-137,True
159e2e1c6eb66f87a02214997633236092b0d4ebd113b4c6d89b2eb12969fe84,10-849,10-849,True
b37012259789b75e1729ea1e11bdf012ccb1dcf2c8a396000bacbeb0cb1f7aff,7-439,7-439,True
0fd2cbf250420a0acd5d112674130e7e69178b90b4b3efc36e6d4bd9c0d2b8ec,12-551,12-551,True
79572b372319cc70be5fc12e62605963dadb7752227b2a503827c4c09655eee9,1489,1489,True
a23b620fe500553fe0ccbec1207020207ec58ff92ab5e06a0bb855d15e808cf6,13-922,13-922,True
b184285c80a5df3c13d69f9654a78875485291c5c3ada3d6eb3bd40c6afb62a6,7-1093,7-1093,True
f75edea9f5645e37d1b08714e73b87aeb1c720748043c1d9069e34b708b34e65,12-335,12-335,True
550ad7355b01e75b90fff05f884fe4a7c8eb2104b341298ea50535bb866512fe,8-105,8-105,True
25916c10550f3ed34e954a3317bd84436d9ffc2e71f0576b1e7c55a5e696ca10,12-317,12-317,True
8a9c17cdc61e1b8451351440a480ec3f7acf0c7972f96399a805d2e83ec8a0b9,10-1144,10-1144,True
3ee79a8065b48184768a0d979800cbbd57f878f9fb28432f90b5e62a472c69a4,13-142,13-142,True
d373f9108b0b62babdec9113bc61dd1882aed5e7a419a2c3f16fba8e2302a80d,10-861,10-861,True
33b6d70027c6ae4777ddf8c59dd204a67589d6c0f40ddd3d7f7c88189c1f65ac,10-47,10-47,True
ff7eb7f53ad961cf4612d07c62815f9d8da6432e82ccc5e8c04035644f2eb5b2,11-688,11-688,True
65827d99ecc82ab5abd228ade904322ee4e15ca8ed20bd24f99505594679cecb,118,118,True
e6f23ab2caec056af8137e5a96e022182912f484b93d80e08f426234431ed462,8-95,8-95,True
f26f442a2bb81fd3fdf8e6be41e33d2eb953eb0c91d3077d0d624ca6ce381933,9-319,9-319,True
326eadb67afa3cbba14e0c9f59212a33ef1f5e0fe0b2c76c4ab3109ed9803d5d,9-864,9-864,True
6b79a7d7cdc7a73dfc72c04d64b72d453ffb371135763ebe974a48b17e5999ca,1299,1299,True
58d1457c184ea5122305babf1abf4a1a80cbc29a8c8d2b962a8974d633859ff8,9-396,9-396,True
490b27f51688ae5c949008672b7aec32fb13a2220f0b5d2731228c2d27c242a9,9-939,9-939,True
50fe6550f408e3e5867d1f3f19741e953980a838405147b19d5131fc92b6ecdc,828,828,True
d0e79a2311f60546e7c7c8dce29f5c6a5915b6520b5904fcb43cc4d2e6eda14d,10-645,10-645,True
a35c30a91a1eccbc56d663fc1e4ebe88b0c047b8d72cbd0d6fedf3ba06e76d0d,14-934,14-934,True
13406adf2155593cf160c6153d7bc598ed00c1a3dd2ad6881927cd1d12c165e7,14-672,14-672,True
360e43230279a77589f02711e144f6faca0fefc48abe9ff132324a8658ed7965,10-550,10-550,True
3033a2f820239f101c37b5690b2b63d9396f36adc8ed592215401605631b4be7,12-453,12-453,True
7f662eb1c2b1c97fc77b42db62fb826f6dbfc564b5ff88b5a61b0c5cf40bd981,11-159,11-159,True
1faf1050d65e8f19854c64d84b68ef23bc23c75045edd3446836e335553fcaf1,1302,1302,True
5592a86aeb1463e63a50d8053a85967b69766d7de4b536fc70e6856bbfcaed95,12-646,12-646,True
677b88238b783e2bff4ae51b7d61d24705487c9c929ba3fab1e22dca08b6bb00,12-548,12-548,True
905c1ce08c9a742644fa7a164b16d6eac57a61acc79123ca4577f7523ba4f7ea,8-397,8-397,True
227a95130c4174197171c0f15d53697ac25c968c2be5d88d362006485981f80f,9-157,9-157,True
aebc19d2562e01b64b20294dad3caa98b48bfae22a0a740ef79bbd3be8fefc57,13-991,13-991,True
677507f70d73bb4235e7ebae5775bced7fc7c8ba385e9aed3f4519050f03b77c,9-608,9-608,True
da2ded760ae9313342367e175723f9b4f5eb94c7435afbb3ba5a7610bd56e8ec,8-383,8-383,True
2a4ced5be1780ab4b81eea5c51c8c08d39510a3a801165e793ab997369577568,8-8,8-8,True
1136b8bb2777db00ae6eb4358e078ebdc4991140ab67d5867dac4ebc92661a1d,10-487,10-487,True
94a4ae062e5d34f9d66470c7ebe860610f11836a58f24c172f8d65562f0fd77b,8-174,8-174,True
a3766319289dddcaa730d6fee1ff4c8cd5e81edd7c0bc20cc4c1408547471459,9-174,9-174,True
30d98230de3f75695a542f2efd55a4aa7e03c0fe5448ad15c01daac76c55d55c,8-137,8-137,True
976eba4bea41015d8c696040b31770b3c6284872edbce26025009aa1e3bb0956,10-915,10-915,True
a53d740cec4f83e4040242d820c7c5700d4fccdc4cd8bf3c93c5151a7e19f523,14-534,14-534,True
0fde6a2fe8050b9a42f8dbb5efb77eacd3fedc65eb105c5362765e0afab0483c,12-469,12-469,True
da40696b8be6c91426c59370a9ab7f8f304ee531775fc3a695b301e3f03c34c8,13-871,13-871,True
0b2848013fd0d6f74e7a2b8f586de5dd517d3512a99d95beb209bcecaf3c986e,12-126,12-126,True
a0124c3339ecf20ac2947f1bde7fbf292a0c09b02209e1199914c3ac7b1ea11a,12-377,12-377,True
06d387de95e371606f0e9a06f22485dea7b8a3916c908c87bf67217166fb70ae,7-743,7-743,True
b1b475cdb6670e5714aa20d644da9b0d25c4ae8f0c77e9c4bc8b2d64bb00158f,10-1042,10-1042,True
b08754808e42f9a91d15062508a0703b5211a0dd2679a142351051268ec0152a,14-1346,14-1346,True
fdde7bdfd72dbc6e5eb01b6396bf8877d482ec5b75f576b6c18db23471c41159,12-1119,12-1119,True
3577fd48a3ffc5d91b953e61caa8fc2bd8450aba8ef74a3b8ff9c82facade6e3,14-661,14-661,True
e463ca28c636b960d189e45a6c65f75568e1c459e4dcfd93516ad992a4e0e4bf,12-937,12-937,True
6544b43cdfa98df3549cfc4cefcc77731e6b9cd863ee7585c815b1d430a766ae,10-344,10-344,True
74537f1c1c69457b9d26cd69ccd7fa91585311cbe3d81aefcc73f2d60f170d73,12-12,12-12,True
c00ea926b030d3687edab12db1a50fc53c5197c4442cf85d0eadfafbbef40d27,13-7,13-7,True
a9b23f6388527a766877c28fc8b5ebadf45a2894baf1217a7df0f95a60b20767,13-642,13-642,True
2dd6c1c1d02fbc94cfd0ba9630b20723489d1a24d85faa838945ee5333fc86a6,9-818,9-818,True
cc2502a678258a7f608f9680e51686b891a2871a7c729503a43199fdadf31161,12-729,12-729,True
94bb24a084d27f9b2b02d87531211e555d135e95359695193507b4131c01649c,13-19,13-19,True
ed1d0c21c560b68b219b82524eb45d4f71d2dea36f5494a55050d3480ea4380b,13-458,13-458,True
e0e78d7f81de6d8a3f45891dd7a922effa6c63722beac3f16531b9b9acf62ed7,8-207,8-207,True
8e2d72d8e3927c8796f244148640a4e6edc27a30edc459ebb61cdd457da5a94f,11-337,11-337,True
9c718fea1e72c41a7910c28bbed79a50ae32d95386ec03742254e21d94a4bb5c,306,306,True
e803388aa636e9398a6e014051578d0ea5cdf6425f193f033bb7a18cc5a9b4a9,12-1167,12-1167,True
d40fb0d039ea131eaaccd17497d1a6077ab04ee301e6b92285c86a181d3c2481,12-836,12-836,True
12e68c49c68b45f02fa47ab30bdea084b2b42054e29080cd7780181bc821fcc7,12-344,12-344,True
9ce82f5c797138610632980ea11503e48c224b4500906a68b39dd334c9e8a17b,12-373,12-373,True
3786de1812f3c2303fb99dfca833ad238bdb65999f99da77bd43ab1b9760ef47,14-667,14-667,True
1f5b78fe91d79e0ca1f158e337d988d2e2628b58f79793958e2d3c9ec20c1701,13-318,13-318,True
33205d8bf57127c042621db59a0dce229f175b147ee12724f5a1b77aa9c44424,12-328,12-328,True
5f30b9b360c946b7b3ffb22c5e5b107c5e649fd55355c0d52dc9cf7671ccd1a5,7-350,7-350,True
c5f3ee16aa61ce5222a016803bb5ff06c4262456da2528f959c46be779cf7c33,12-622,12-622,True
4fe4e052a4c51723f8120c9cf0f134064baa4bd7201e0e5b098483f33868797b,12-356,12-356,True
ee6e70365ed08ef2de440939342c13643c0e92f49605f2e6c13c2b1db09973a9,12-143,12-143,True
eae559640526a98ffe86e26704ae1f70dd2fe0f92d488a684c11c902440c1e31,12-638,12-638,True
bb887ab8c1bbf6483a299a7cc75057cc813d4e57447637c8f0dfbabb687f1584,10-722,10-722,True
cc497bce320b9862f960be351e9c0d4358d52ab47127e66e0013427b34ac9516,13-151,13-151,True
cd01c62c3e18ccf04c6dfc99d03094bfbb9e048c309d23a4e651e587d29a86e2,7-1091,7-1091,True
437cff5c3a721891ae4337e57621f1081e0e72fc349990eeff51120375349840,12-1140,12-1140,True
dcad0b27512b7d0c143334fa44a9256d388bb9e0befc3fb7c6c1b64fb64db347,7-271,7-271,True
3ad4fe8c514857cfa004e7aba44c1a86e48603918d12a5b2d2ec35dc89303832,8-254,8-254,True
459e3b46b52434185534427bfdfb9d91f1d4757cdfbb4fc042ecb4246b99d215,7-1175,7-1175,True
eaa6cd3eb7e705ca35ea9713509b26dab8bc7ad78a980c62b3425f8f75e0b61c,12-75,12-75,True
ccd6ea1a995e4bcadc70051ea3534b600c92582e6f2d94ec87cc506c7f23cc16,13-693,13-693,True
fa874c19098073b54e5f251c6c6a4a9d443c8e9e1a9a0ad0984f836d567611c5,7-1070,7-1070,True
ea474f523ee554150a40383ed348ed6023a07e22be25362639e73917bffc1e9d,13-595,13-595,True
f5326be7c7516b3a8022c14cb1aeff466f21b4f7aa59efbad16bfb3dbef68b30,12-798,12-798,True
33b840d02dbc5a45909b3d58d780fd8685666a574a42158da8f7ca41184e9e10,13-857,13-857,True
b1b0b800d7c2afb71ea5d39f74ccc71b29fae3174d7209b4383fc17dc20a6e09,7-76,7-76,True
cb13b256213dc18f76760758dc9f880b3ef710ce68f4abfc229f61de4272f1c0,12-839,12-839,True
37ed67831709b070f933b0ee024076a2f5826b213d56b1f86a85dc97777fd3c9,12-407,12-407,True
81da559758f62e1cc570448c2f047dda321744c48370ee1daadcdfd0721d871e,13-500,13-500,True
3d27e24a48969424f6af92dda73a7cf792d8a70ce7c9c1a8cf18c0db0c9ce5b9,14-188,14-188,True
17994b430b9bf090eb7d1139ca7f1de1cb93bc6a7cbe534ca35d2c5e8f1e2b25,12-365,12-365,True
19b47f7dcb7f2e65747d2352b3e589361dd3a2d52fb3efe486c0d747611580c8,12-896,12-896,True
fd82d65f4540ba3a713ebd524f80d3ba3f7d95c00ad338abfbb8d2770ce496c5,12-772,12-772,True
689eaf309f269b00b04d12d010c4f22f7ef280f74c3ff6d18e03b9ec250aa879,1453,1453,True
9ab7bd0467305b972846e7e335e6b7814c2d06d9c81ec8e2ec4d02c2ce3c2382,7-436,7-436,True
4f1fae87bdbe4941a8ede681ecc8634f1b85226028c26cfddd76106f8fbf9ee4,12-1184,12-1184,True
d94ebdb899edc8d231ca0dfa3961eeb52a62e914e51f8cb5fa9a07d64f54ae35,7-701,7-701,True
441545b3eb2611fb68a3960fc31bc3b1b829ebf665df095562d094592dec0ae9,13-262,13-262,True
8233c8b0619bc994861d6e230e0e29bbce145886ed6298742be160b002be25c8,14-615,14-615,True
98cd6475dc873ab77c28fcf16d3ccbb2edb83304a14bf2e6ae22c44230f7994c,7-1168,7-1168,True
bac7bede4d3b06cf711197f4e4387bebd52187dae617391c9149dd0e4b2a1317,12-632,12-632,True
5bcbf53aafc24b3a60a99460b0686ac0919308176e28e828df5b426bd39246a8,13-511,13-511,True
f1f43549d61b93ddde79ed977ccea8cdd717d449a2de537f5e6fcc11463f35de,12-969,12-969,True
69033210752a7aa3476c1c7234154950e647159ac6cfbcc5dfdff3019dc30512,13-881,13-881,True
66c7ec01982d3786802080f4e50b090ccba7fc6f4c26a717526686d5b7e2d1e8,13-61,13-61,True
def3527df64708ab1884454c9edeff88bdae13f27c75c15f4298ec33403b0dcf,12-691,12-691,True
9e56b2eeca7487105e5a445564a841d7956f9408d5660dc49fb02673f91f8b8e,7-622,7-622,True
f7e7970918010585b5284a816b2f01be388ab3fc08e4b239985cb15e9a9a17f6,12-897,12-897,True
203d0ec394050fe522dbbd14f39a65ee1fac2d58f768843d8cf2f05dad2afb3b,12-6,12-6,True
863bdb42105f198119305a59c443576a5f956e1aec1c04da3d43d294338270b0,12-330,12-330,True
49369bc06ff3f52fe099d8fee50d1b55c6421a1236fa63285a896c6232203be9,12-1088,12-1088,True
b5e6055b0124d6f71a75e3aad6be71fb592453e30f0a514975db96ede3e40e0a,13-5,13-5,True
2d9a9a029984f1a4edfe4ce3cffd3a1183fa498eea9551fac1ef570488aebef0,12-285,12-285,True
28885d60aef0246cdfaf15869d2988b258ce4a9075007801c1e7862c470f6d67,14-1458,14-1458,True
e14efc3e9af78a966c0608c12fd31c47a148bd02d10e94e8d4f9d05a7376f943,13-883,13-883,True
b07bdd3e307eb12e1cc6c62f8874e1439a69e7cd62522b4d537b2420e5f3a539,14-71,14-71,True
c6de3707311d47d77f560aa24a328f521285410d7e7e63679bb5ff1269e98241,14-1470,14-1470,True
69c926c3a6e7b899850ee41af65330d7900d7539fa85a2de6e9de423a9fb6370,7-943,7-943,True
e45392803e53fb0cadfcbe639e67e906bb95d23d55f39bdac2f5d5572d983aaf,14-950,14-950,True
57a099ba41ec8b272b263ef5c5891795a0e38b6190aae8624c8d6c467a50663e,11-115,11-115,True
c42830134b87b88e7f18644c786c2dc5d88d3579849f91f6cd882ef81289e0f0,13-864,13-864,True
b8387a921a19280bd0c21b8fcb367860f948bbecb9a6c7055a26bd78598c1967,10-637,10-637,True
f9ec6cdad2aa31bb32489dbd6f18de679a37b1128bde527bd66ddc0831d17f51,13-86,13-86,True
3219621947a426e03805cf15cc9bef1b5378133c295ecddf7f9c5c11ea10a400,14-1145,14-1145,True
3b3d6d0f529923e7c81b70c9d404d201310dd5ff101bcc36503a5d18954c3924,13-109,13-109,True
00a5018f705cfeea21fc71300b3e4d17a83ff60e8b2e43374fcc40833e3cb5b5,11-294,11-294,True
22fc06266d9410bdca243369ec074d454cdf8e225b39dd73e0ed8c5ffc5864a9,13-235,13-235,True
fbed8290f7f05d4de17a49f7fd9e38ea9cd6c3d04b059be289ebde96bc6b26fa,12-821,12-821,True
ccaa351f578d6d975535699c3190c36e90aa7953821ed419ca18c738180ec4c4,12-929,12-929,True
e0ba26f175a2032bc03989e97e6c318946a21dd48918a9b1b86b4754a9f5eaac,13-203,13-203,True
d71ec771c17157304a7a3adc34515fd313537671267a5ca77c81bf745fc24c63,12-899,12-899,True
20d4aaede0bdb7d810b8e16d3e241b2c5affdf2540ae5393702a63792965e1a3,10-1106,10-1106,True
4258672d16c7cdb9d22b3b2373b795d7ae1a8a3d62577eb9a6c9aa42ebe465ee,12-957,12-957,True
584ffd51c583ddf4f476f489d29f0f3872b8f5861e44c9c5af492f92ed62ffdb,12-457,12-457,True
c36f75176510710c6c23a6661e0e37d3670cd1de64d42f4b20a9318031367209,13-735,13-735,True
eb86efd81d25cc76fe569e7dd023143ce4958401992511dd48c4151f460f2812,13-170,13-170,True
f13656029d940327150d576c0eb3e83ca4d067e7301c6bdcff454e602941bec7,12-1037,12-1037,True
bb4168bc4ba944967f400b3d97be9bf0366a3f866ee867e68086707e4e53c3a0,14-46,14-46,True
ac34518dd326fb36bcf624688283b64e9e7b86889c3c0e59c27875a41267794d,13-31,13-31,True
e416357fa9623deda69d1dffad434ac431d7930a5ae130153402328f16b1be47,12-1050,12-1050,True
c4277dbf8fc6f643af2585a0c5fe25d09b4cd4fe1bd56c23fdb8a9b425cc0371,13-493,13-493,True
93594896c8198d336dcbfde3c32417783051bd4253108e37cc8d1deaac0e622a,14-281,14-281,True
19c8f379fdb1b8d90e89d07fc1175aac923c5ab90cf1596ea90dc2ec5d82b462,14-608,14-608,True
5a2d94f58c018d98b5d0f8b375187456c1759f4a2263e03387d51d0a3450eb45,12-1111,12-1111,True
4bca48b32c1bbcf6cb008a8df2b1d409e0184c54a55c638de4c10edaf8940dac,14-1167,14-1167,True
0566f650838aa84d0db1cdb058c7d3d450b9d1e741d6f7039d9de453b5c07985,12-223,12-223,True
f4d835a6ef9f872b187db936799e8a371bf5bc40d41c34008c3ab2e1ad73c727,10-480,10-480,True
b7b94a6b1b659bf81dd4a4b0ecebac08bbc8fdae065eace55a28e212fe4584fb,12-544,12-544,True
5a8802dcbcb78cdab49a28b7c2cb39fd7f99e20a82be1029bfe8b1fae4890619,10-1175,10-1175,True
131a1ba4bab1095fefb019b72ad0358ef4b19049b652f6195f31805c8489dcf9,12-511,12-511,True
345ed48e636514238b4bb7acd12915bde84679dc60c653a3cf16aa93656bacef,12-207,12-207,True
789f5c89d4cd493c447e9460dc7615291148f90cdcc1047d920f4085d6bf7c90,13-861,13-861,True
dca73278521e97fcd66ec7b24116b8422bec756d8849dcfb3d859ed98e2c1026,10-692,10-692,True
9ec5bbc587e487a4123f58d3e571956c6c3a9c94275dff4c34880a04872a1ca1,12-731,12-731,True
cc62d4f0d306efe3acc957c38386c22710be4fd810cc68898289b82d9335194a,7-579,7-579,True
8232dabf8d3953d0b4a56febaec178d84b03740ff88eca58326220ba4425676b,14-964,14-964,True
845b82f23ab6fd6b3d146013edd0c3181d80e48d47817620ebff97575ce4f435,7-721,7-721,True
45dcfde642c7e00228ad148ff143682028f4764e365d1664f96511b9fe8d026e,8-146,8-146,True
0cf914fdfe159a145bbc15b5311b03839d4d4ef21f92e21d6caa80f6bc0fe570,12-1093,12-1093,True
16e94dc26432a7168e9c0f7f68487aa6b1981fb4271b46ee21a55ea010fcfdc1,12-52,12-52,True
e61c4d708a61abbef31fd3d6a98ca08221c744b3a82b4bb8c13502a17cdbb53e,12-863,12-863,True
d4eba035c82cd7d2048498d1141095e90a972068a4c369a1122b61e23980adb0,12-732,12-732,True
26256a9d2f95d06e55e18aaa2fdf097d75276e697f9deac7c34c25820c87e1be,7-513,7-513,True
c0455c571c537ff8bd99aa8e316c81d52ad0448b22c4d452889b5ea0e394c12c,10,10,True
d7b629ee941679ab6e02fd74e7e1efcbf5574e10872f03ec0d76de10fea84753,14-1369,14-1369,True
94ce363f265f3bd6101c5d0d95e1cad15f633c3015af9ede8ac20889093df7c8,14-1134,14-1134,True
02fbe128b31aa44026257710400cbf2eb4be857f422d4d1b0755e9a231317037,14-840,14-840,True
77aecbd510ce17758622f2343fe3ae975e11d5fc50afa19e8be27120c01287d9,12-257,12-257,True
aace4ed559a5587a8aef1a3a0d5ff19512a3d15f800a495580450ef68c2ddddf,1844,1844,True
6300ac0673aed7daef712cc078bb557143f08f0b4e98dfadc89caa551918b45b,12-807,12-807,True
c7801b086a4ffb377a42ea8e92cbaa2d6301775f69e86f3a6629319ab6bfa805,12-418,12-418,True
6f53187c3214f979aabfbc8302fe01cb37afe4fdae21f5156b111fd21ea6d9de,12-997,12-997,True
d258c97784357b78f0ab1c5d7aefcf717e4ae36f403b7a0e2e2ec4caf8e6ee89,13-167,13-167,True
b3af09f81378ab45a8f8b6d69f8491bb23081f078ea97b4270b30598f8a7bfe6,13-417,13-417,True
173f64b55f7d6a81c5b3df5f0414b0e4416afa360e9a0a433ea716e69317eae8,12-804,12-804,True
ce97d79a6273d270b2d8900b7abf628cbd2d9bef9c90b62b57f437063dae9584,13-604,13-604,True
0520ba92979a9729c2ba7261cd5ab8dc0a5386ac47c5c2fe2d3e2523549c2e21,13-1,13-1,True
0ac9fe01fac670510e804451e1e7abcc4ba38a814c59448b60ce95d03ac83678,13-352,13-352,True
7868733893edf774a42bba69f19668b2aca0f08e358999b98742141cf41fe83a,12-884,12-884,True
a5e1dc5c5ce87460d9b2ad3e057a0dd428bccda4caca6f090d4bb42d015098cb,14-987,14-987,True
dd4a3ad024ef6e2f3cd3e90b78031aee502ca0c8d4edf6a3e16abafbfb393c0e,13-383,13-383,True
4592ab2baa3f7b16635904a272f8633c820627cfc2248bbcf66f84aa70e0c97e,14-27,14-27,True
b7a0c6e9d20385791c65f0ee622a41ec1fbb6093d4a4c6e79454f54dd2d90879,13-137,13-137,True
fcb5409e163ca1cb75031cdcae9200e5750a6a2a702674bc3e55bd7e1dbc6c41,10-406,10-406,True
122f5ddd8495d45a444c17256adca275358456cbb578fc7b689f8b66f9f5d0aa,14-601,14-601,True
484232fc1bdab27f594f7251cf393fce51b4493ac714853756b65e7b84b8615e,12-316,12-316,True
4e3953f7e58eb193bc06a7ab8917f2291504280642f31bd433845e521a3a7194,13-799,13-799,True
cbc610c6596765ff8afde77217441b59d66ff5d71e499a1b65090f5210ff89c2,12-992,12-992,True
e8620f6e3e97e90d20b765a8d69b88617dbef9542d7d3215bd578a53983eff67,13-984,13-984,True
d88ac1fc184e49da0a382ecfc7541e78d831f3054b8d100807daee22a23d94c5,13-83,13-83,True
feb99b0a59f36ae96bb5fa549c15cff4196b2cf56ab19b1d6cdfe7516289ba33,14-40,14-40,True
ad47ea9f63645f8701a935bc3f123bd93027f80022716cdebc5a789f6bbc814a,14-1361,14-1361,True
0ffd6c342436b13aaf6de2035d785efbdb14b2b996d437dd267b0fa3742486bf,13-358,13-358,True
e31022c3d558dc4696c3919ac0dd06a90373bb5018b6e9caa326f7f06e4d4042,12-109,12-109,True
e24c44e65eb3cc3a315b0e799438601cd141c149b3459779f7262be58d735edb,13-37,13-37,True
325a500e4f4271bef965d844ad49afc808457081c35f56c793d860fcc25b468f,10-79,10-79,True
34df739b361c7b0854441f74a31952d7c8207837fdf06e1d4c16baf8a5669c60,10-995,10-995,True
b9e94b5a724fbf9b697ebd8c7b9b51a37a6815cf2490c07fabaec68dc1932a70,12-303,12-303,True
492ed9df5bc1f2781ce50d6919780bd74f8c7a336bd9a4771f593055e27e4b04,14-114,14-114,True
2ed5356dd2edc535053858fc6ac004d0a43a38243940288ced8d304b784377ff,11-215,11-215,True
77a3137584b2783ccf6f734c6635042d0c20650790cbf712ec5f89ff9433f5fe,12-1186,12-1186,True
d33307991b77aad395adac44d18e9038be59f201b0074f5e4df4fe905156533d,10-82,10-82,True
a6242d2796451259ce89b68b71f6445b7ebebe35de730118196026e380749d55,14-1353,14-1353,True
fceb7ce6627737b120d8023b1719cff571038848153e27a8836de004d8e7bf34,14-721,14-721,True
53a4f0818a007483c3a185c3946269462d07e9cec3f8ed25f02b88d040b5c3d5,13-606,13-606,True
c7cf15daa79d13046bab2fc8c7fc035e7d7d85bd450cb144f11bb1ecf25d279e,14-284,14-284,True
6170961b90b31515d6f7970bf94c4d8190c3db31bd851b8e017be222a008da5f,12-563,12-563,True
4d3cedaedb988342ff20e6b66917581be1055d118fb84888746a6a245ffb7943,13-1043,13-1043,True
e45bd16a5b3002656a5573c3baa4c88457adf80839cd92167c582e7ab098c25e,13-334,13-334,True
37161a6522ea35a782c64b8690980db6be4f672307235afd7ab00ed456289e7d,7-674,7-674,True
1a2756b15e2f64ef6aa8af037e27659b66f3815c72a3705c64ea69f452705b48,10-1146,10-1146,True
c7e65522607a5a598f4fd72943bcb968ca3d271faf0b37a06ab883d745da461b,13-797,13-797,True
e5bba28d96fa23eaa337af352c3f0e462f43db86c9ce4aad16fd80408dd1c475,10-929,10-929,True
933fa2f812ffcfeaa88248b64384d06450a3dbda220d1287a23f5a28c9aa484a,12-485,12-485,True
8c76b93bc1b3fa441f8b241af51ec1976be5a9cab72d85f3cbb25c9b5066b6f5,10-573,10-573,True
618ef9fa902c354a9c724863264d5c5f48cd20ff77979c2a317344ab8f711765,10-1183,10-1183,True
1c79560b643a5b53ef279ecce7df430f7d816f79d1b36790e80a1f99a883f520,10-539,10-539,True
4bc2535d7cd32cf190353ab47e1f2b2962acba4024ebfce05f559cca1b182117,12-319,12-319,True
2d597777ddb3b56f03557b2a683c9d22b2215b177424565c3614b410608a0c40,14-980,14-980,True
63a5d06b0e9a9c8b2027a9c1a072073a4cc10f46c416c2168b58a1bb731bd19c,7-1142,7-1142,True
407c6c0b3e7ed860f773c1dbb5ee078df7b2ac9ef38cbebbd0a84e8a3357cef4,11-553,11-553,True
c1824bf6a409bf257da496ce5510feee2e25e42ffeda9b4f894552d1d081cb43,12-734,12-734,True
2b47642112f4442ddc88fb327a4672eb0534697f37a9e1ab5ffb5a51603183b8,10-257,10-257,True
9a0b68464a5ece939f0028e4ad5c82069713661925ff119e3d2146611e337b0b,7-11,7-11,True
5c4da033a944bc0e86f85711c607d5a95c41e92f660c0f33d141f25a1960ba75,14-151,14-151,True
c64d9d2059fdc2e9748240ca27837e1ac4ec38ee704757968331447f5cc28aad,12-890,12-890,True
dfa36200ffbf7015253bb5b0e9314ef16141a8ef0f20fb234bc4e02b1a5bea78,11-517,11-517,True
f2901c6858ac67f7c9e2e97a41c4d500f79205cf89b798845425e537ab9fea12,12-876,12-876,True
356e7f006a158e3d9e7ab7b7fc5fff1b67ff26956c57c9ec13e1304d26b0b59f,7-149,7-149,True
92e3fd33035d648f663e38fe720ccef44e3b262664d6dc57329ff3a1cf0ee064,13-77,13-77,True
18ff038d74c556ca8957697226c6c2161f096d635b6ce2e172f77b86953443c0,12-1080,12-1080,True
90f4334e733f5fc587111244a8753a3d90ad30214d1158edf78ac4e8784d0d42,13-691,13-691,True
0529f3c3d18a67ff8cb60b6cc02e5659147924ea8d944e54b29899f4fa53f01a,9-1148,9-1148,True
0cd775c39280f1a8a7dde289284776411dff26385c04ed900cd20d69195d1ecf,10-393,10-393,True
cb1d670e10e6e189dec23878feb229232e7dab546a67b764e6c00c9148c4b1a6,12-823,12-823,True
c5dab33d817258e6c93fed56f6f7a23ec40eb304ff3bc2ce0e01241cdb0f0fbd,12-136,12-136,True
84b90e2778902b53ca9d0dd92f0fd98ea1f873b7a343d60b9e3f7b301db6deb9,9-243,9-243,True
a1b81ea52b889936f8724e42560d0ad7aecf471ff11fe5965a38bb4dfe0e7fe7,13-625,13-625,True
9ffb5b7264070ff78beeb775509b87b82eefc3855fd312e87590716ffa34ad63,14-1030,14-1030,True
49ed4479b282a3f640e076578b867a809215a1d1dba9155e3576a49f84992d35,10-315,10-315,True
42e095e53c037f852c137a03d7cef5d01dd50dee956346e31b66b6ea75239985,12-302,12-302,True
d848e1e9fbd1484086b46ef3ba35a1bd4cd706da1f5004afdd7a7eccdb342eb0,14-135,14-135,True
270cc4db14735f66fc56bfe5d5750bd2eadcffed712d09fd2656383510affece,12-98,12-98,True
0a1f29d8c199865e4d25edc0a150ef4aa32d4d43103e4cd97a97a515b161e574,12-379,12-379,True
e35c405068e308194a99413a79a91870b3c556af5a6494dd8890dd08d2ddec3f,12-323,12-323,True
cbe2a3f3af0f52b58d28f0a2f8617aae5ff60b8d74144b32400d356ec979c298,7-856,7-856,True
fe45cb910cb2144fd0e3f1b29e483df462ff35c4001d2e944297ca3e6bc5e420,12-332,12-332,True
2a0abc235c567119677edc2a9afa24c3e13cb9df829bfd1a0308e14a5436570c,12-586,12-586,True
25c233e84e425f999eb064371577646db6251b7e1344c702b9a21cdf1937d0c1,12-1089,12-1089,True
3bcf26edbd066f7417ad3d047c072ad3e3bc18fd59a7ec9bc118bd2bf2ffc8bd,14-636,14-636,True
d03ebe242656f343a31bc94b3f66d1036e5d4edea01e97c265bbebebe599a73b,14-1420,14-1420,True
3f67b0cec4c82f1bd8b7e75ca78157b0265884280f035d6a451f809114a350ec,10-26,10-26,True
a8e5f1b235171554c7f769bf47b55c66f08c96d21a285eef847cdbd3bfaf1e23,12-56,12-56,True
6c262af370a8812d57068e4a32ab95f557340cd1edeaf343a75846913788d2ae,14-1449,14-1449,True
4f9aa9292b89f86b0f6821a060f628cd61aabb9cfeffff34cb5199903078836c,7-145,7-145,True
4abb85e172c8de207d2a4341aa727bc4ff9f5bce61756a2a951acd1bfdb18326,10-39,10-39,True
25fc3cba6008e30a041ad100460db7729771583cde55320bfe25b3d39dd4fcbc,14-475,14-475,True
71b7b8ccd8d636be86896fb4af20719a5e3953bdea88b3051eb983e285f1faaa,9-486,9-486,True
a116318435aef4ab5ae6f62b291a5654294c9d1ea9e2763bed0a7d9087488a02,14-1184,14-1184,True
f290d7b9d3cf40996fdf2576cfcaa44882f8aa657d80e32d2f129cdbbcd9c972,8-40,8-40,True
107e68f9ba4c2bcabe097ce827403aa7e02102c2313d3ffd11a2d4d1f3693af0,7-189,7-189,True
9b592eadaa6f3f17ab49c7065ce7000d0e335e50e2be8866da9b40bbd636e9e5,14-1125,14-1125,True
cc27c65ecf318b3b97fc6379575033685c20c3cce50b8a247d5d5214f13c6924,12-595,12-595,True
4ec90361ee1a78d4939599b7b335404558f61890c2c092ae08100985eef0820e,12-962,12-962,True
4d14ec08cc0f99f3aa1636df84a5208520e6a640a19498e118f360080c59085d,12-364,12-364,True
2d75774e35d01b3de17bf8e0432565053c517631200919efcbffbdf393c7c38c,14-11,14-11,True
d633e5edf645245ea1e48632ed10038198dd18aad3ab8ebf19d27778575b2569,13-94,13-94,True
eb9aeff45a5d5751cd5f8e37125fc0c2da7c30057906ffa03f33086676434d09,10-135,10-135,True
c996bde4bb3897e93f3d0b15337d8b25b7d29c23827e499681335905109f520f,12-16,12-16,True
a79deead3ae0d7dd181fe7f09d3d4edd74fa9963e5daba922b41cc6c37c44263,161,161,True
7d67c6f92df90b18cade03b0094842b1ec9ed89a416771f2161cac8430bda9e2,14-1034,14-1034,True
dd7d36b7526366c7b30bda522b15d30eefb76321b87c38171b52d4343c02c3d0,13-186,13-186,True
aeb067ff22489f655ef8a372218e0a83992186ae2d5df53e64b6970d0cc138ee,14-97,14-97,True
bcc5347ce17ff961ddaa026dbc72b60fc6b9a75382e83d699777f14e80e4f744,9-200,9-200,True
7284b92eac6b5101a9011eb91e497ca10c4bff786f9b7c4c88fdd01761e1baab,8-294,8-294,True
fa7af0f3cbd7f5aee07e8879bbff3719d902c4a903c9adbb31e89a08b3314a3d,12-712,12-712,True
2ece00eb10fc2e739b58c1035874a994c7a1cb48f05f5b518c1fe80619ecff35,12-269,12-269,True
f6dccfe7cb2636a9b14245ea48e1e49ee911d6870627de0030aa45ba4cf1571d,13-687,13-687,True
b46f942d8a8f3be9563faebba6a3ab4b75155de1a90d3e41502369e2678031c6,12-110,12-110,True
f96bf3bcc7b1af626f5bd968cfe9bcc873b163ce737f5836b57b8254b1efb1eb,12-1204,12-1204,True
6fff93d1266a7f0414eb1bf0a1e17a6418d53d24c92ef3c67131f2d90b608cb5,10-736,10-736,True
8080094aa17352925d0eef8ecc955fe12cc1a932569bc14e40855416941f8d3d,12-15,12-15,True
dda863452aecd9fb04a9a6994db81910d75e74482f489f75700b68012086d1af,12-406,12-406,True
380f8b64f0f5c7e212a1d55942b3c94cfaac5a79b39cc4c835cda8a58f10f81c,10-1136,10-1136,True
285d584808592de951d771a8eb8788fbaafc644df913bb4b6a8d92673c10ce0a,13-445,13-445,True
3efcd99cad642665498a378239962865a4842e945b776976bb1a65bb4de9a8f8,12-1087,12-1087,True
ba826f37238d348b668637678a3a631ba0f9dcf43317a6527d7e2f6ad653decb,7-956,7-956,True
f91bc402692d3ed5bd0181d74ade18c2374d79da9e756cfba63e87506d947c9f,10-1174,10-1174,True
84c92a4f0832a870e827435cc82af08bb8306cb28842f59456192f82eaf64c0a,7-959,7-959,True
c108e8dfde0949bfe1120fafdd00a070c782bb26e56846aede16d222ad8503d3,13-143,13-143,True
6565de04b0f1eb64206c0e8a5ffb82d8785eface096c938b182384489659663b,14-485,14-485,True
699d26b4596497e71fc322cf5a4c0136841e7a8afc80896df9dc328f8dd69529,681,681,True
7a3d7e217fd8518a88ff0b0e0d23e2cd20a5e9c6e9db59a5523fe5c632356ce8,14-1335,14-1335,True
ee981c6db386528a73e53b3df5dc401d45fc7b417e6f0bfdf6e5bcbe89c7f6ef,14-1159,14-1159,True
64940db6b431d8a074a880c5936d20b376b8558effa1e19d8fe0b72ef3e77b7f,10-1020,10-1020,True
73c4f22585835eedb03f6c3c99ff97ecd871f404f105941680c8ef1e00344020,14-549,14-549,True
921117eace8db143227b1ed678b8b3b3a28ab0aa49aafc8737289c310a3808db,12-481,12-481,True
d09c52a79b883efaaae74dcacb6882db1d145aa990151a9fd396a3d63f6839cb,14-259,14-259,True
2ba9374d9dbb15c7dea3fe43ee2ec2ef0bd5541affd6da98e8122ea41cfb8309,1952,1952,True
8bd035499dc0cea4adfcc790fa86cfe9c234f19df45a8bda6c853c9b07590137,12-837,12-837,True
d4b041ddc73512f0a7201752669673c02259f8b66b75a3b17c8f811244de8b7a,12-1109,12-1109,True
151c92817daf8e758a6d056f5f08abff7bd1fa920cac69ee00ce8f8a0b3cf2c6,8-87,8-87,True
bbfbb02ef3d9b8028565e1f6c467d820118d0b9f006e8a77a5c0482ce618479f,13-114,13-114,True
cb4f09857edcd8bb8a26df130214bd48e925046e73c55c5b2a87d9d228ca66c3,10-868,10-868,True
cbbe17bad3b73bc80b71a2f354a721db553f32af0015d8a29d31dc2edd3f893d,13-404,13-404,True
a56fe3afdf2a8bb74eb48c21ce607b26c1bea7bf2fbe71ca5339ef28da9dbe03,13-560,13-560,True
e3e68542d947735e1d3147b4d9d114732c612f3c9738516cd7e9d7b1ac33bab8,12-1096,12-1096,True
69735701246ae4a27bfec0d2ecdf4e3f495bfc3743e98e1cb6f13040a743361a,14-196,14-196,True
02f86a8e3abf2c294d3702f2dc573a5179b70bf7ee924085c0ed04383f4154a7,13-894,13-894,True
41cd28da4e2d9671822832b29358c33afb8e723d986d86ba075ca7c5f7e58526,14-579,14-579,True
a519c63e63a6d96679c1cf9af606daecd0b0ada7473a4b74cc1f10e26c21e24f,12-294,12-294,True
e8282753c13f8e9569286b420170b91e99627c5035bf8dc3ddd23505f133f831,14-1314,14-1314,True
3638982067be1cf26bbf37f0b35cdb600d67f34498487c079a349781a9082a91,13-789,13-789,True
6fb15dd0f5c3bf1d23e92a8cfa85b806d2503c5d1db922bae0897c732eb19489,14-1050,14-1050,True
2c3c2a789e84b3468d172492ae9ea2e5723ab0808e0a17df86728eb5315a46a7,10-140,10-140,True
ff62b1717ccb17dbb14783c1805f6db3c54a48a0f66ded7eb3fa5a08109727bf,12-820,12-820,True
8972ca820fe6c4a5731f3c54995066e7fb7d2e3d89aac3298eeb0258de762ea6,14-356,14-356,True
0012adb9acac2a32fde30762765b6ba8b6399950e8d712697d5a600756675a27,12-562,12-562,True
b3b37ac28297799b9b33436ee51cc4f0d8b03380c57c243e31e6fe4f9d6548b7,13-398,13-398,True
e5b4c751087858f72017a79d3b74f9f2f2cde2ff5e5b445f3f55e0717d52c58d,14-1147,14-1147,True
42116727206b575c585e7f3d68e4c2971c177c492fcd88304eabc23bdc61be90,13-541,13-541,True
e305a9495cc098333ce6c4c30c9bce082fa4c3ad53583e8cc7408a6cac3cceee,12-304,12-304,True
67ddab94c528993017b4143fa94770dcec0e1fb787d24d4e8ed18bb44485ee0e,14-1202,14-1202,True
1b988beb2ead56e4624570477b503469846672ec04300e99b6b30a2f06625445,13-913,13-913,True
4511bdef728c53a3d1cbe5963f61cc0ca68f2724f0fa8ea06f8bc39fdab9baf3,12-671,12-671,True
6d2b0d4337d27f414e0c6ed7f3c2f362dd9e0049d94dd3b3cbaf757f76363f49,14-10,14-10,True
0eaa5320526d84cd9fdb4b9283a2f2478f3b4a6a540710d9ea8e03132042d43a,13-173,13-173,True
a1657d6318a5fbd4a15d79fa9ef4ec34488f5da67fced96d2e1c49d9e738099f,11-20,11-20,True
b689c43d5a8a67b8186f50629bc99ad8825b3d52ab1af9726011c8dc5c8b2678,7-1126,7-1126,True
ad56fbb250af8abb634eae0f250a54e36cb4d96d6cf92e666866b42de5600281,10-231,10-231,True
069031235760ae96c993dfb0da0207362e52b544f3341673711d02c8a5936e2d,12-1116,12-1116,True
4b3973bb5e82bfe2f71987011091b41671bbc518ed1dfbe9b0f1e62dce716dab,7-826,7-826,True
17fe6311819b6bd6c6b2a1d9d2a0be12e065f3d3ca1bb4376c4c4c0db679dc9f,10-1075,10-1075,True
1edcfdbadaf7df46403c6ab1680c31cdff5a0d186f2be488a3cf003dc723f19c,7-340,7-340,True
7fa30641a9f10bcf29d10381cba00c445f45778eaec52df4db1f2c620be5f634,14-220,14-220,True
3b672191fc505bb07be57eefdd626cc5c572b9919bf92e3c47060b97ff42f86d,7-1029,7-1029,True
5f562ecdca056cbdbaed2d89dc57bf6f99d966594654b36a240af56aad51399a,7-568,7-568,True
18463b5348d82ae659a05db1572ca56a75121a4d0717aa4647b6441996073cb2,12-479,12-479,True
eecd7d0337a675e92bf9cc31c0aa8ba3132bf74b7853860758ef535a64a078df,12-1026,12-1026,True
7184bcef765c9dc01ab16f3d73fea85de10dcd131f12a65014ccd9c1d75d57f4,12-286,12-286,True
dbcb60bdb8b7c6c11e33d5e5221e94f9a5be3757813e6b1d664dc823aa0f81ea,14-431,14-431,True
566c59a7d1413baa57103476ccca81588c5c615c9c351aa42c9b0cff0ca451cd,14-986,14-986,True
39b79279d9832d5868e06636c4b53fd09ad2dc6d094952059c0bf7e3bf040b6e,12-856,12-856,True
bc5259ffaa1109ecaa147562d82f63d26a8ed73bc05ad39e8ed9c2b18c9bb3a9,14-49,14-49,True
46ddb7649bfff068d842857ef718ef09cbd4c800319a39473b498643b76038c0,12-297,12-297,True
c5805c3957760d19f27288a17adaa66e522dd7382fc4af369ff05f668403d929,10-1070,10-1070,True
e97e4ea218c5d920f1a7d84e5d264d8c922bb3bc8abd3a09a743003c41746da3,9-233,9-233,True
6fa20c8f400f21f910517d0a33620ef980a3c1e99bdf798894bcbd94108b4b7d,7-958,7-958,True
b3881272bb76e952d7c46ad77267860a5e99ec71ca33325a65c190b064dc1162,8-348,8-348,True
bb8f180d5ff2f2e29c02346eb6c95c7a93ea6dc2972288d3cdd150ae3ee556c2,7-143,7-143,True
62c631ac0b3369d9b44c8accda410ec7311f6c68e605ce47a01b3883b8f77a9a,14-1293,14-1293,True
553e87797a5802605277786512b77bb21610f3893cf30a9dc3c1d34d17d4af5d,12-501,12-501,True
9f9c54620f25a8158eee1f793c79d970d02ed5ccd1a1b9feccb4cdc9887efd07,13-1055,13-1055,True
fee3be93fc6ce4e0b57ef92b2a0d6833155bb467bfc9926f78d4e6ae0dfd0f32,9-48,9-48,True
c78db41752c4c3dd7bd2deb3092b2c775f6f11b36b0888e5eacdc42d9fee4b43,13-145,13-145,True
5741c475060f2c5f8e1742dda925a64acfdb6dfdffa4f192eba8ec655b02a75c,7-317,7-317,True
ff91c82e613e64b920b658b69139595b32b6432f818748e051f5ce0c2aacfdc7,7-235,7-235,True
bfc438863bce36d3d479b5f7f9a3981eed0de407cbe09f3ead5a518dba706e3a,7-186,7-186,True
70215ece29ef5539aea853e74cab671ebfab5b8c0027bd27422ab1dbb81192a7,12-180,12-180,True
14949ad213e09215d6d9100d5910013cd85af51e051049fd44edb242adc5b1e4,13-683,13-683,True
fa6fb92f11dcca35b98ff22f22331d45cc6e886064e25fa7061f2ff6a6be3cdd,14-780,14-780,True
4dbaf1cb7c45464ac0871fb3acddd906b10496f8f5850d4bdbe9e0565bef647c,10-1043,10-1043,True
bea0f51e703d766331d3f5902f98fbedf4aa734c596aed1ec5883bd7bd9a407d,14-571,14-571,True
1c16015d4a300a39c2001993d6e16e1ce37d6001e1de77fd57818e5fe3b6d6ee,14-967,14-967,True
37270e7efe8d07fb4d363b6a02dc5d84f3e70f34c972308fe7217725aeb1cb89,1695,1695,True
e640e9c11eeb789e05292cd6c0683420fc87a6a82d4651736d406e172ea98f6d,14-105,14-105,True
d7f2d9b49549472fbd2f1303823d18202105c2708f4cf092259fcd9d0b5ad712,1860,1860,True
e655b03d9fee722489d52560de59e4779f6ed0d5cb9d14fc6c337a1702b82859,14-203,14-203,True
1e6a706d287c4f26935744a3689cfdad9cb3c6060e58192fcc25a1529f844074,13-628,13-628,True
13fa67c0158f105cbd6042899d498a9a889e6b671b2c08e79531666621ed6943,12-363,12-363,True
99175d5999cf3f9e3a03678e3671fbc7434fc3a18d27c2ad8bea2ce072567b1a,7-816,7-816,True
52610a9ba87794919740f8858c0fe389fb50593c8dad815d655733490fe5a271,11-490,11-490,True
f9a55e9b7207ac2c392e64f7418d928212dbf02b9522123f5f11c18f31a07420,573,573,True
467a90237402566a157083a6ecc744a3242b1bbcd734a7908a11d716a352be81,12-941,12-941,True
3534093ec4a86149717a9f7f5f6be405ab914b00386908eac96338d579d604de,586,586,True
f106a0c1f72106ac1e5ac5bcaeec3da94b1109c4ff4309cd049e06d45a4fef9b,14-482,14-482,True
047a1ef8b7e99827cfb90cdfd55263d038c64d02705c5037107c8f3f91245551,10-66,10-66,True
744709b083daced00b1e8c90b7bfda5b5103b5a45536c8d555138b051125d354,7-700,7-700,True
89f9c0392d7c79379e75fa0d0b52591bcb71e389ebf2474dec6888eea1238a8c,14-1055,14-1055,True
8f23d093fa8681a2368aeced3831590d66cbd9d01bf07fefe9908c07e3510129,14-1274,14-1274,True
dee6e3408531d68aff5c2738eddcf8a91d86155df4329e9bc696699b9117d559,12-168,12-168,True
2b1af2f001e7df84696399b375be43e966bfd94fea2a178be06fd12d2a2a8645,14-1442,14-1442,True
b99be4d9f3e98ed9f14da78907fc480520fa3d792fb5e3cda425d789ae8690a0,7-138,7-138,True
101171464979fe99f7bce586cc642a475011e72eea06e65793e001db70865bb5,564,564,True
3843a8f0186c2a82eae63a2d4453c455f37bbf7fd17641900e845778b4fedb39,12-47,12-47,True
34cc2b359c8988ac391dffdc7feee46cdaa8d542d7b40967bbad17627c9e5810,14-633,14-633,True
d834eddeee42dfb0208023b8a48d996c3e0819d0c3c1a1588c376d022a0f06ad,13-80,13-80,True
813197565fa2d1a34161e0832dbb88bfd52a503b39ce275451efb231aa33d304,13-632,13-632,True
7dae1781915a7deec6b1e424dd8de6b0a0f997dc3ae6499f424183bc0e4818b7,14-490,14-490,True
dac620741f101f40943ff1d6dc0f12e3773d929322dc4e53b264d9d75eb15b3e,13-826,13-826,True
26cf795ff6d086a119c2f082db08761f22da4532b86c3365844bb704eeaed1f0,13-673,13-673,True
74bf844fcebbca7066f661337755b99075b91d89cebaf93fd698f02d91dbf80c,14-1153,14-1153,True
f520117d1b83c53dd8636ba001797fa2d55feea46b5b89a3d48016040e03a0f3,14-1264,14-1264,True
09d03f749ab1bbf527bd7175e43101abf96476395e6e2168ad667826aef97fe5,14-1457,14-1457,True
beb92551284c695a787bb21a8860c8a63be047c2e4c8cdbd02ad6a2e9f3392af,12-38,12-38,True
514ace3f4fde8aa883430ccb7f2442f4585a6c18146d270761ac9e1514e3f17d,14-1333,14-1333,True
b3d3a9c821120362a0df978b732ba76c7a949465aa8f97d1ec91c2b783bb32fc,13-723,13-723,True
e97c0fa4e7121344d844f76c8c2763a2435cdadcafe04f77a959cfcb18eb3a0a,10-928,10-928,True
80df1213ea92a76c664232b53557a035855c08fff827e72a24dc7069b2ce0772,10-72,10-72,True
48042a33721afa2c9778fada6d696e4055941b552afbd9422bb625719aac7c6d,13-552,13-552,True
e8617ee82d5bb902ce3e5f6b23cd1fb525aae51450e3910af44c1e0724849426,13-700,13-700,True
1c33803da21c2ccf968ab066baa23049c4d299b15ac47b43110c77687add01d5,14-528,14-528,True
fd6d74caa49054705b7b3c78e5d05bfb96575e1d5159e68acd97104c2ea06763,10-302,10-302,True
cd73f39b273afcf3e615ca5b344b99aa50af5fdb312142e57be63c54331050a1,14-936,14-936,True
f39a60cdfe33460a225a258329728b137aa1b87e3fc7caa61b46ce0305b4b272,10-636,10-636,True
0efbfc459f0652c16283bbb7258b8586b022f227159e041447875c2c01710110,13-303,13-303,True
8480f1199fd6ff47cb50d15e89a2576f0ed5b9dea38db86040a9276681287642,11-219,11-219,True
3a1c09e82cfa8bf21b745158a528ba008bbd6d69f0c6168a0616162da26b7718,14-100,14-100,True
b61050e3dcbdf03f25936eeaca8d77c1be2864dc5490243a0e86fa29c369a465,9-232,9-232,True
9560c33e4472f6c11d21d55c73ea9c9120b59016ca0bc668d09e17eae3a37e91,11-53,11-53,True
77bd68fc20c4e128e50bc45b955510a0bda2e8fa833a905e7e7bdd5c7f200d85,9-632,9-632,True
62208ddd589834b5a99f5e569343492d114ab4fe7821c2a82a018fe1ba156b13,11-446,11-446,True
0505d3f94c5de0ead681c50ef07c61891c2edb95e3226e50a31e6b86215a2724,11-144,11-144,True
bbf66e1e618fa06b56fc7418e647c8fa9449ff9d14102244acd0105262bcc2d9,10-350,10-350,True
4653339c722b39bf15821d4675589d3f25319887cccac2851a5d0b5c4d18cbca,10-59,10-59,True
8fcff4426ceaa4f23f8a2d3a2b66f3d49298610a5a0fe24f31dba2311297f2d5,12-486,12-486,True
441dc4336354e9500238315982adc9b840f67b34307387a18fcf5359aecc711a,12-1027,12-1027,True
c71c5015a84326d09b5bbc0cf9e33f6005139b16e51b9365240a2ce8e0703665,11-540,11-540,True
ddb4f449538069a5d8fda24fc80067bd6f69c005b524c3e9a5ea6487497bbca8,10-247,10-247,True
77ac4a0280834657fa802d90a17fcf863b3de9599332ba97d0dd7e94d06fdb97,12-289,12-289,True
ef1739b3615df86245c927fceb7c1c3f037def7422a2b8e3feee536a0e11c89c,14-960,14-960,True
7eaf397164ba514e7db950fe747548f708e45ea13f5b912cae79e42e5fb6cf38,10-690,10-690,True
0e571b5b7baea273a9d0a5a63a857ac07176669ebb1acdb8d4dbe02af03f5ff5,9-81,9-81,True
f4efa30bfc481a51239c67905e1be35660146025fc0336a18f101476f58c6a45,14-876,14-876,True
b978fa80678f10bae31af318fc9003cc6ce983292ce2690362fee99365d9e568,10-1019,10-1019,True
9af91b81a790f75ec917effd8611dd4c512d2cb5af672e7021a84cf6bafe2598,10-599,10-599,True
ce26bf75352af57f8991ed10706abd7010daae68e78ae62e1500cce9e228f4d8,14-15,14-15,True
52a60cd60fe2d842651cf7c7a8462bfee9dcf0bc06eae61d175c5ddc5543005c,10-5,10-5,True
91b531e8b8ebcd680bc9de44c2cba3e302a4aa990a9b78824b9579fb5b1deab9,14-646,14-646,True
a6fd460963c07c9bd5b8315156d87ef73db12e0535357d9b015b1c95cd304d88,11-331,11-331,True
7859140620500f32a466196399cc22f1f90a71ef1500bb0062eaca0211f097bb,11-106,11-106,True
b0b5e9f6403c3fccf87066a86fe57723107be083fba095120579740320ca2822,9-976,9-976,True
9ab0b6998dce4ad3d5f920be60ff059ef092aa7915406e92377af8f982f9680c,7-1023,7-1023,True
8f822adacc9fcfa138f006a2b55f9d5188620a8c8c4e92e85b02e32ca49c0244,10-258,10-258,True
7a0027991b3a8ca4f7ec16d9a0f1b08c2d00eea45512f922d8a98c2fc70976e1,12-198,12-198,True
4754a21e1818e4911c4abd5d036ea678b65400cc7f948cfa584b6671faae80fe,12-762,12-762,True
aab3d0e204ddf4ace2f865ef0c2b961410d5b712b8aacfdc33fa117ea40c9f20,10-906,10-906,True
f27377db73cdcc6ca06b83ec9ad9a29916ea0ed2cf3362ec270740c39c045501,14-881,14-881,True
06599c49da21742d55b21456d9bc1d944fb9dd6cd139654761aff096f174b0a7,10-1092,10-1092,True
53aa20f676961f1e12b824a00bcaf0527e6333f88e098f36f10e9848b01f691c,13-903,13-903,True
604734a88f3cb64e708395b1bc1b130f793eeb75128a12ff91ff6fbb0a81d8d6,9-1149,9-1149,True
b31049a9ad300dc091cec62dc8db6e859d6719d2db54c3dcf7998c45e07bc0ba,13-139,13-139,True
e92fcfe501fe3874620326f6afb5a033e4a6f97ca9ad5f391ce6c73578a177d2,7-165,7-165,True
4a59f8d6250bfae6ba8ce60656f9651898d30a23da058d391e93b158a6d98ad0,14-1336,14-1336,True
de9aa1622a2b3567dc579c536c922371b9d954a1fd1ec024bde062e2887c26e8,7-1130,7-1130,True
12ea745a820f348cd212e044b9813aa7f099884c485ad61132cf8c96c5c363f9,10-1038,10-1038,True
d10fad043d490c464ae42f1bae09b29e2f7ba982981317af603467eb96c6c347,14-999,14-999,True
a187d829122774aa06f62bbc944f719cf8b57d70b8755adf180b633624722dca,13-454,13-454,True
296e9cf69e0a018507e536d62277e29a81bcefee66334e5d4d94a41154db1755,14-466,14-466,True
bda4760c133f949aa5d60dced5b42fa49e8799a328936d8c4f46943b9831caed,10-626,10-626,True
9dbe31e933097e7592899b6d2f1e2ffaafa599babe6bda157353d4705cd71dce,14-141,14-141,True
8c7ac7ae7546090ce7b580baa9e5c9be4c5c591f559568212c8a975f73f863a4,10-1220,10-1220,True
01f2e769e970cd4dda0fcaf8b613e896de51c564e9879a2d685196e6066d9db1,11-336,11-336,True
6b0103b70f6e037aa7a5a1ef606495e5799bc038ec5fd5d82f264b4f97bde0a8,11-31,11-31,True
834d165fb1fe81cfedb4367d423cd08bf1951a788f9f6a54edbde121a9bc86c8,12-235,12-235,True
e23245bcace2236ec2e633351db85b74b393bc7fc7cd00eff15f37feb8d3e53d,14-1276,14-1276,True
b25e2df6b19aecb7b2c5e05af3c4acf7e08c43a5b45736e21697b7c094fe75db,11-698,11-698,True
3509e5f69949e019c83ac519d425552e02213701e996da5825ad79f95b311eea,12-65,12-65,True
4b75a2788b40d3cab3c6133d34ee783818045f1764406c5db3fb87a4199e0c12,14-1011,14-1011,True
c1192526ff5b14e140091afbf7f2058c3c2932d1f2a0745bf9000ce45ddf2edc,14-212,14-212,True
701bfd503f2ce387a40bbf90deb96ffcb30852322c50347bebb5d0c868e6928c,13-717,13-717,True
c65c5c77cd9206fa6a8aa1807442335c21fb32331d6842c71543543024f673fc,14-270,14-270,True
7364c43f8da49deeaa555fdc200cdcd3ea22376ca85884725f564431c92cf940,10-513,10-513,True
d46a11de95cf4861c766674cc5240e6bbf934b953706e4f6ccd8c174285edde1,10-575,10-575,True
1aa0eeef350649198b74ff7fd93ca2e2ebd864d7ed1596b77260568c25a4dc09,1054,1054,True
e27b183effaf89bed56db28bcd004edb57179c60c0e84765ce9a85b7798bca39,12-186,12-186,True
bb52f76356a1c511897df0b084d72189cecc5b41dc03c42990a6f93543740ec4,12-611,12-611,True
d03c63039859e796965e02a91a44a0bf427aa5270c783570d8ecdd576f5777d0,8-145,8-145,True
0e9de3c3860a7add4c2b4546ba6e8aea81c5d86d7c0bbfe5ab756fb917d44770,12-10,12-10,True
df17598aab046ca84d5c37fb7d99846498104fe46e0522d899d8696a5e5276db,9-770,9-770,True
be74e67cccd2af574be65bebf4f96f2eeace349da413c5c62f1e64c47569ea47,14-1367,14-1367,True
e3792fcbfcf64b2c5339d94f02494266a4b528682529603958782aa30bd270fa,10-546,10-546,True
66aabfd97e7934a44aa5f1335d87f283d0ce0482e1c89d23deb0b2e281b46bf6,7-335,7-335,True
5af9ff09b17738d431f6833e6ee9ae5df5a92b75b905ca83ec5aa1b2cd73b7f2,7-1133,7-1133,True
5eab5021f757dbe3e62130e01dad1216e5b4744bc7e2150a7e9030d8c80bb725,13-163,13-163,True
a9ef4c41b45b0fb1ac22fdb708a66f73401ec54bab59e151bb345afe85027e4d,7-443,7-443,True
8b2d9093dafc604842b1c8cc165eef11c3cf4ad77ebcdcb28b153dbddee5ce06,24,24,True
f3e14d3b7d1bcecb56913567a41033583fb94cc37d61a25e02f63e63ea98b06c,13-344,13-344,True
a3e89c6b7aacf5a5d7f9169e72a59e6726d2d7fdc20a15c833fb676676dd4805,12-1036,12-1036,True
498508a3a3ea95559a47acea3a729f1069797019b9db7d1c8aac2f139753a89b,13-845,13-845,True
e265232ea30d3c21b72edb7b4b865f34cb77b37d7cb4e9b516e53e3042c91e1b,14-692,14-692,True
5c2e9d28b38416216d52e95f00220ca246b828d7e28cfccd4d777a61ca8ea54a,10-772,10-772,True
bb7852e3b241ee16a0a134531621c518f75b6bdd9d433d7c506a764863bc8e8f,14-857,14-857,True
bd412b48000167b1778a9252e59ce2bafcb12a51e84910c8cd6cd9ba9edfdea4,10-1033,10-1033,True
fbabc52701105ae3487d0861485a75d02160d5a98ec02a2b61d25dc715934c36,14-681,14-681,True
f0a90a7ecfe89b845a606c131cc7eed6d126f445fa877123b3c290e0ee39edf1,10-454,10-454,True
a816cec3a2ca50002138da6014e44e3eaa2eef5fb66d31388cccac8342d48ccd,1962,1962,True
c36d3122cf56d93d9b1ddc9307c1f3b8f6910dc48fd14c87398456b3727c33db,12-619,12-619,True
1be335e9fe30cc1b44f7add87aa9c1bcd220254e9e130c6c68aa8255dc24a860,9-845,9-845,True
908ef2976d1b16e0053cd17bcac0a7356b1cba0a636950d225bd5d1481d9d972,13-956,13-956,True
060fa0f3784a00375d9799d78152379997ac5645333e2d7cc3702cc0cd1d3b4f,7-312,7-312,True
f3aa9ffcc0598ef96425dacaabd3be689593dc3483f278c85dd45b4a00188975,10-1064,10-1064,True
970328a982102d4243a750708dc3a1d163bc7c35e876cbbd78e449b505e6251c,14-886,14-886,True
97fc6a90f2729859c2fe5da45d386a4127622fa128f77a28c9b307d2c3928833,10-1083,10-1083,True
956f22ae6854c2a37d2a93ead8310ade47cb32e8a57cd25a8d47fcb97f6bbc9b,10-349,10-349,True
8a7a4ca78bb3e8c522a8a165102ab30cd7fff242850e25b4d4d8c029ca822a6b,10-120,10-120,True
94253649b17c9f27c2209ba1638017055e16e2aab858ec542d8e114fd7a21115,9-1050,9-1050,True
1f6c16b65ff25f93c0f5ddbc666d4b4d7c109be1ad106ec59c5c676e6e6098cf,11-509,11-509,True
3ea16236792396cda459d6b11632ea42f48fd5e2b6486fceb1edbf770657098b,9-121,9-121,True
df313431ae847f7b33b1a455ece8c0098ccfba239a8f8f4da5dbfdab0c74a2d5,10-587,10-587,True
123abdfa4a3c384a2c658a49b092090bc5303df3b6d4b58c2b8c67871386b14b,8-232,8-232,True
1fc95209e3205f924c9f4b1b326e3da31799441abd3227269c28ff31b8e6f0c5,12-93,12-93,True
8a9221af4c54c18ab1e083dc5f7d5dde9304b828d4b1ae88b43b950f63950661,14-619,14-619,True
937cc4c06356e11cd01adf53c64cb6c708cab45d968f007209dac14b6f5603aa,7-617,7-617,True
1df30deddfcd9eaadb41bac9658f1d6337adef3549e2634397f6c19cb5cd39f0,14-1032,14-1032,True
8dc48ccf07359ed0ea7e16c04da378124eeeb44cccf25d1229ee6d4e19f6ee43,14-5,14-5,True
3e50ff8c681e5992914f81a779aaeecce2fd237d46108f5c0689caf0ec0e3751,14-895,14-895,True
cb4327fd533eba37a919638e8168fd2106a22c787bb15e86157d36ad50aa0287,12-209,12-209,True
13d4604e3a97e09259c84612080e587c041209c1ad710a7d6534e0b326c9d668,13-914,13-914,True
bc0f9cea219cea029f25e3a0d70372ddecb92fd60de8fb502daafa8d9670ff4b,10-653,10-653,True
b5fe78c1294f8c94f50200d9a210a3fcef79073e65317789874ca077a2c88d39,12-451,12-451,True
948d38ff1865b20ddd21125bc10159459772087d8e482cfc7b23f757c85fb167,7-889,7-889,True
5d56bda7624cdbd212372f7b84a18d91c20915fee857ab9bbbe75a82df12c9f5,7-722,7-722,True
19441b1c4aac50bb04d9a93fc421133274c94dfb8d42a4483af80f31fd37e29f,14-512,14-512,True
973b014b10652eccc2595791eb4901c69829489ab52bbcd025d4305fbaf14239,1427,1427,True
2057ec20b0fbffb20b526c2e8700a7d63b53c1f5a746d3d0022b2337981212a2,14-171,14-171,True
e8cd6a370eaf1c973682c2f5a0644f00c0f988a4c4bb341ea6c31715baf033d5,12-58,12-58,True
cacc2a504a2f64a8c37cd36be11eccb2794be27675fc3f0a6dcf756fc35b6dfe,12-503,12-503,True
1e8b4103c34d397042aed37f7b96579c535b70a3bb23739dacf284a9e0a7b523,12-1157,12-1157,True
975b9872402c87dba6d06ac5122c2c7ff34b8ba7f0f86c9030828fa6f4a9f3a1,11-197,11-197,True
f0c15c40c85b1ba6cc38e5d78acd870e0cd13dfc227a7be72e3586c16a653c8c,12-404,12-404,True
478d82ebe68b5c8ff8d2703ddf146a286187155b366a3b6c36e8474bf348630f,12-696,12-696,True
81825abfe998b4f301af9aa76635564ab818d254c6d28f37fe8b12127207f4b9,9-208,9-208,True
dab4e2cb92c8c093d4afa068574842d2334505fe07094f7e419d3e51e45195b9,13-229,13-229,True
13980d6357d4bac3fbb8e480d2d1c2a3e428e3ee3f6c3d28467cc12da2945dd7,14-423,14-423,True
26dcfc82d92f553987be821792b9b5d43f1e2e8417d8b7aed6526e4332791082,12-701,12-701,True
ec9b9e68d16d8aa4117a3d34783083a1d35a3a9474933a72ad804a40a6b61b17,12-1074,12-1074,True
c64fb2f0c6e0453ca9c4bff44bf0f7aaf746c739af76f76f93bd4bfe908af466,13-859,13-859,True
ca4e214b4ff9d7f3672e3a8b88d78dd8199897049a28028b8a90aa170f739799,13-377,13-377,True
8be52bd3a971d55c38fb7114e5c4ae572dc37784ee5f570c57190c2334c33bfe,14-929,14-929,True
d05608464f79e1330cfc7a2a6384c7bc26904c8ed64dd9fe54d9208d91baf18e,13-744,13-744,True
5a2e76e21ead87678c85b3cdd006f8e0a3244bce620eeb16db87d434e2f19f20,10-809,10-809,True
20d0fccda6ef5f4f11e9ef964c6140bc8b03816b9fa3a192ead771e31000594e,9-1091,9-1091,True
3e5517647fcf74bb27276df924bf03ca3b22530b6df48266955102f5ace29329,12-917,12-917,True
d6f0097adb31b5a9bba0810a8e91ab8f536c8c88c04f3503eecbf8a01605bfb6,14-864,14-864,True
4e6598381906f71dfbab21f9b274fd02d0e91b299981a9f96672734824167593,12-250,12-250,True
10d72ebb0462123f0fbf6f5aedf16f1e937dc4786acf45278016cd7e2ec47980,12-1063,12-1063,True
88e49acdeedd81ecc5bd401ad08aeea20d4d05b4719af233eff1af8433521d46,9-234,9-234,True
cce5b23baba50dd3fb3b9898716aa6e20f4ee33cc7ac7e0e59b54e4fd1585666,7-872,7-872,True
2c722db5db8e2b2808a2924d2dab2876e500920cb21477a3243d286a9d14a2c9,10-115,10-115,True
971e8092bc906fcdb6e4b309a17aeae9229e9425038f8f27ba050095c8a6a15f,13-912,13-912,True
626e6f88ab674654ec5670c104520bd44b2937f3603e88bb300898c8daee3dad,11-265,11-265,True
542b64c48c461ddcaa745b16574de92afc82fe86308dadbb6a6643ac2b0b3d89,9-128,9-128,True
0609a1e56afaf74ef3debd0509979da48c48d43be771e0562dd2823e5f5a4a0d,13-330,13-330,True
b857d385bc159871360a20281ee47eefd77c4e9d719324cb584daa3037ae91b3,12-1138,12-1138,True
fcad801ed13c9521a37511e3a6e9c93f796b960969d0d977cbf6805d5a1b20b9,10-652,10-652,True
b8ff0b031d12e745baeb7769789cba7c031ad293f6812cd91311a1c6c059f35c,10-771,10-771,True
e331cc978755a9e232801a8d8bff4c3453942a334a18c0d55fe12717cb3b7a0f,10-840,10-840,True
c2dc9f4f1d24b10b0e02d4008b18b0d7eba6b0f1e99b8d314af750d63bb912c1,10-661,10-661,True
1a3183f3daf5c3d54e8c4c1975f23e9e01bf0972aed328779431c2061626a57b,11-181,11-181,True
039eda181a1fe2bdbb42513b04ea711d16567d09bf5c1962d997ff9a0801ae56,958,958,True
aa3ba4d3b15ad9e3e41441d000db7e8dbd29f7fdf13519119aab3a74943ec8ce,13-900,13-900,True
8531b99799dc0635a16b1b4427c65af62d0d8b2c8ec702a5e3ca074cfb269714,8-366,8-366,True
cb0965fb850941976d379f319fe656b2a77840eb6eaca4b1c5ebc0bdcda106da,9-382,9-382,True
54c4ecb615cbb7ea9564ff49dcaadea321cc303f7ef1e9ea4d918277d4967d8c,14-480,14-480,True
9149f76b839712b282182c83d94729a63197c7ba9b3130ad68189a84fb4952b1,13-666,13-666,True
02419879d754544e81cf39dfae38a0eab55decc550a1c58cc8e1294e81582921,10-383,10-383,True
c3b84ca21bd4bd20290af438c7443b456d6b2c016e2a8b5647cf332c2aad7d37,10-190,10-190,True
1f89c0fc6b7de0fe56dfc6f60b07d4cb84408abb29f3b3cc0ab5ab15b9cc374b,10-392,10-392,True
d7186fa3fb0426265eb52a3b38361679b3c5137ea7176bb4da499802f06c94d0,13-136,13-136,True
5698c62d7e48f16f78bc7645c81f54a8bf4dfa0b6c3c75db16c5a4cdce6d7cbe,12-1076,12-1076,True
a9375f26c8be12458e0aa6231a311e5e0b05d48b54df4ea34b86f355ab2af363,13-580,13-580,True
1eafbb9a7b4a319c1861124413b97ebbc2540e2d6011e7aa2219f38f29956a47,13-3,13-3,True
029e224c3954c337bdabca6d0abbd79936c1ecabe88fe4446251ccd78ad1b8e0,12-18,12-18,True
fa85772b7d7e237d645863aa70a17c3d7cdce032379816ebcb0f64225385ab05,11-201,11-201,True
150008513867cada70ec8613527b913c9cdc567c60cb46bdf487c3a7b0913d4a,12-392,12-392,True
5558adf50ea0cf9c7b19c4e2063a06cee9e824a77e181b8c8f6b95769cf107db,1466,1466,True
b5aae38805fbfba3f2cb0a4328aa5c445035287f282559a45e390923239cf931,13-244,13-244,True
a6ab31eb625aae2191737d80b7ba5dd880e8863877446cd860f5d12fec6ebe06,1440,1440,True
74171f6442133484998b29691cf29290cf16e5d29c1dd21d7eccc4668f5b459a,7-418,7-418,True
c77b0b8b165746ef954313256536599c4afd5da7b21b435546a3f1f04b2e458e,10-647,10-647,True
e80ff417570598ced3f989ef3e9ee07391943e1d26c36d850bc62b5287901966,14-825,14-825,True
7a51d75fb0b1610cb45eca076fc9a14e12d1b296158efa73b40c8f3836564490,12-305,12-305,True
a7dde86f8edaf4422354a7edb0161f3ee2240f13c944235241a2808c05510a44,11-457,11-457,True
5840abbda3ce8a40df3f28ef6334528559619bd58e14f85c95e5f922edea4ce2,12-842,12-842,True
3940feee9c1b6d48bb5fa92289482af97e60d83221c9b533aba34422141d0881,9-210,9-210,True
c2a3f0388752dc1a6488f53a1c3e05633afab6d0c53abefbc14941d4f0451576,8-42,8-42,True
3e8c2fa4ac91cea61b2b253593be927acc5621dae43049bd7334c3917f675b76,14-3,14-3,True
532a84a168de5c8f118d28f9ef04a0baddc6989c497303ec2ef6c87df852377f,8-339,8-339,True
16b6ae18164be9365a289f7a1932ab5e6aed390c737b7815183a4d57a52514f2,299,299,True
33dd49d037287f088ed1375ffbcfbd17e5420067978b6db288173d318456a31d,10-816,10-816,True
16e2cfef2f521a7acff95f69cd7190540e66153002731a79fbd5d7cbca36d7f1,1589,1589,True
5562ab00e1bf45fda25544eaf3fd801df28611b3a9e49a4b5721dc6e2d189556,8-300,8-300,True
a41f6e6c419c4835970499b51a910e99a94e99b411d7233f5347f9c2ed43b553,14-768,14-768,True
191bc48689d15796703ae6aafeeff1319e6b9772d1641422ad1bfd56a9b18e73,10-272,10-272,True
385d6dc25c0e17f5569cf490e20e4c59f9c4ffe1195554fc413f8d0353b71c8f,7-21,7-21,True
ccda07baf276663176032893088790a8d677766fbf7e5be4efd70dac127fd842,10-139,10-139,True
21ce4f0e5b908bc55fcbcf3da09e7bf0e48e6f273291e96891e247a3b884d1c9,14-611,14-611,True
46f38c8b49c34444bfcfe48f28f98261372eed21c12e0b1c55c796e034ce2f57,8-90,8-90,True
15f3f2693f0fb7a5e6313757a40e79024437d14f0a4adb887aefaabf378955d1,14-1464,14-1464,True
fbf630d6dcd4818f5af7bf531735043b8f48fe8391127e293227ced6ea78d17c,10-544,10-544,True
420ea619002463a893d8f3fbb8ef45a9e03c600db82c053bbd627bf28affbd37,10-1125,10-1125,True
7aa94741f23a99c63f1d696d4bcb42118ab6adf7f63102a8ac0b21c7451a7bb5,1494,1494,True
ccd75b1298db1be0b7cbdc4636896e1478ba0b728171ce8df565b43a43380f84,1895,1895,True
bb3de70ac35df4648886d23e542653fea28cbdc9b4ab9b8f24d48f7236f9e79e,10-1210,10-1210,True
885573179d64c9693fab37d72b2ece1cce263e948337404a987c93927063df3c,14-1460,14-1460,True
4a151b56af19eab60fc935abc8a7875c48cf51ff80391627c5a16d279599006a,10-238,10-238,True
d43cdc949a32f140c613c70cf1aa6703eccc5f7d407683a9ef1159e0609d8917,12-448,12-448,True
e8660c5b8382e5b5642da166a729038a67aa9e2b1754ca889b71b3498a3fa796,252,252,True
7c34c197a40609aa100cc59c0b73db392ea79c177e65a54b80d36660bf289c03,10-822,10-822,True
49bf9cba938d210c52442a19f53b0f5e7cad57ffe40cbd41c2286f7eea05d75b,13-184,13-184,True
99d6af1c0bfb5ad6ca40bc1342e339ab7c5848d0e17d4abeb0ee5309b9ded439,14-1295,14-1295,True
28ed57bdbd3f931d3a26983faad5c2f87c77bff3fa887d35e091c079a21108df,12-44,12-44,True
b3fbdc7287ffab7df669cf87f27e1e840a8d0266c3b4503faf968278a877f290,10-1168,10-1168,True
855c2d346647fd18f2f8431e986b843916cd509073f936617e64a93927535e57,1222,1222,True
a746326625f0675dd8ef3277c96ee1079be009d1ac133caecda0512bc6a102f8,10-746,10-746,True
b9d568893e6b938608b05d825a76a252c894bcee254700e1d7f00c05f2db2b10,13-427,13-427,True
8bb164002edceeedef52cb9adbbcd17a2ad2085d18d9e6d7ff4dc142577be631,10-1061,10-1061,True
a58405d29a0d2336a35505439f367ec6052e29ee4e256995a62ce8415d4bd670,1552,1552,True
6071647d58f6bcd2aae936a2a039ac8a77b24cd4de53917bea355ae8484eede5,1891,1891,True
906a3feb28b9f529e7fe54a7105bbe4a9c0a271e21ada94c9e7202b6dcaa5119,12-309,12-309,True
8fd45a9f61a3c990d666de3f47e8514f1ced1b85b64a8a7df1d1c41a0a08f778,14-827,14-827,True
568432424240d839f3fd5c8e47783d9d173c3fb4572bf67f63e31879720f4672,14-1355,14-1355,True
8e5d9c89ea1c1d1e4c243d447e9b16be5bb5cf5f7fb2a9c837f9d4f916e57088,10-796,10-796,True
823834219c7e72180e46e0b89d188c1578249c45f3b46b1995be31674b008838,7-109,7-109,True
b3b006a41470c802e676c6ae7861c70ca51b1abb65b9b522c59bad50883b1ab5,14-1144,14-1144,True
1cc675262c60e46891a43c8ccf0a85ca6204f8e92452010fb348bbd630b9428a,12-94,12-94,True
69ff2e13c58b2eb58d62e9b7aa948de0c746192d4eb6acf828778ec72c4ba6a2,12-1160,12-1160,True
a2293955518da7a4b4f1505509152de5c6253cc95225cd818271596634737706,14-408,14-408,True
8d1acaacbeb8254daff4677283eefa033decb0af37ea176f2af75135fe916c47,14-718,14-718,True
e5a87cef3912a8410f4d9c5d03ee81433ba20872d53720a9e765d96f3e21a0f3,13-476,13-476,True
a75e8d35303559c008bcaf766486910b07a46911a42f66471b1eda28a5df6976,12-1047,12-1047,True
db5de52acca6f5c0d28955313446a6351ad8d94be4cb6b497c7990e91311ec78,14-20,14-20,True
775045f6d06c9a7e9721e444dec26e3667227a2997e46f48e52fbecaa5076621,14-21,14-21,True
448dbcf6fa52c550c7792012b48663e881e7c1af8dede38edb4a8b55ad6227c9,13-85,13-85,True
b986021347ab4e7de3a871f059c9cff62382d298299dc3c2281ac8ea789b8377,254,254,True
faea2b307e65821c52a9cb41862a2cb9c0b8c35bb7f541adbe4a7790129cce43,14-12,14-12,True
b410fee882d33263c3090cb9f501d0a993ba2c103972d7dbe48984c539cdb915,10-1041,10-1041,True
fa5477a8ab4cd1512d010d25cbaffe7105904002ceb526237df282d581ec5198,1167,1167,True
e2ac820615ad775bf6e545917a6d23953bec29b926cd4f317c9a437b04a0c1bd,11-544,11-544,True
9e76d2897115b96a04f65fb6f747ddb2531f358083b92b40d5d13033f8997cc2,10-946,10-946,True
d46e6b2f9e62bd92f815904ff4016e100da55f6c4dbf588717fea7a7dbdc85f5,1435,1435,True
32b1e9550e916b8db68509dad7516ff3da34e26c0b43e5c498fb4e0838b7d37a,7-446,7-446,True
843baf8a98c9ce449a6af69d9da52026dfdb9fc558c97a1fa5576d89f7667fe7,10-202,10-202,True
774b7207ff9494ac5cfcdb0a8ef78b97c27af2494a9bcabfbeeb47b4ccc89d10,8-245,8-245,True
9394d27f0f58b7d80d0c9cbe53d5b5ebab97789f025b1a0016ee1d36ce3f7dcc,13-218,13-218,True
0a4e1889dbf338e7578a69675ea2cbb99a353dcd707d6b0f9c291facaf854bd4,8-275,8-275,True
fb6bd736ef36d4c270e7c0cca02c093aad3896fc37fe10dcc7eda1391cc868d0,7-555,7-555,True
4c27a2f8bd31134d4a20165e5e363b4af85b1564334990dbfbaf538246892c94,10-34,10-34,True
d5368a48588a3e5e27fc8fb7cdaa8aa7a3176adad88cf564dd731773b321e820,7-950,7-950,True
9f7e8703a7c96b3e6e7fbdbf58a866ffe39e085546e983f224a011ae43678514,12-1043,12-1043,True
a536d650e06c4f46d042c2a3a914044de3ace9cae92b8a4a9a9ec57de93a41f2,14-1268,14-1268,True
3b3c4f5e7f843fa89749408c14f0c772265ecf2913e33911738a188c546a872e,10-803,10-803,True
faaade035a9ddbfd549e86fb848c70664dc2871f213a25d94f9fd8fbdbfffe52,7-16,7-16,True
9180a3b6cc840e9ad6d8deb768382d5e3a9f6b14d66f18d651748183e472a072,10-728,10-728,True
4d66734fe324ca97c16fbd9ea88444d113bca2cd018083f73095ee55767cd8eb,13-251,13-251,True
173dd17fd8404c5e986e127279961e975f424e8f44ff63c208f6faea502a97f6,10-1155,10-1155,True
2ea47d35f6bc83e2487db8f89b213a024e9ffe765fe71e327dce6543607193c4,10-475,10-475,True
1f6a88402f6c72164a22a862a6bdf2d5faa668571aa645797a27978600e748e5,12-888,12-888,True
729aceffd92b7d018cb9f115f300fb1c69ebf23dd6f8ed1eda52c5a17eed3502,10-473,10-473,True
42167737e894730316b096d6d521b0be3b1fe4131527ac1042c1ad8cd4b2a77a,7-550,7-550,True
4adea7320255a980d24f759f0f780428ced3f5d604775a622c606f4c8f9d35bb,12-493,12-493,True
d1f1584e1da96388e12d13705dc31c9634831cdf0c22b93d1d50b1475bd86365,1570,1570,True
598d9c8138688ebd09e8e39ba5973317f6cfa1fb13ddd072cec8218c846998d4,7-337,7-337,True
c164d153a50e09424a10761e6f371f7c312f2622e377fff2799f524bce1357a2,864,864,True
7da8680adbc78dff356e25310e166363999ab2b7872805e444b00fcdc2bc15ba,12-893,12-893,True
a0113a3d8649c5713659d9f32c9279bb2e3ee524423a96ad1500a81f739ba93d,12-636,12-636,True
584255e823fe811f6ee90c3c3af396ccdab004bf7a26fd065b46ae5b851bce3c,13-99,13-99,True
ab1be9322efa1366bf5438067c46195872be26bddd28f6b8201b092330332969,10-1023,10-1023,True
197446fd47eabc8fd0e88874056acc09048ef15e0b4b56a77dbdd3e163edda2e,12-624,12-624,True
3a904225b9a8405ac6c005a59c95ad400983901efb2edae6fd23a7830de7d4a6,12-813,12-813,True
dfe6f75f832e0431be6b6a58ab9c9aced4c4e82882773789891522ec72f0a537,1658,1658,True
61d1e9b6c0f8e6b500be5ac730c4e580896c7ad2eb1c3348e165b730b08456f9,12-965,12-965,True
b4b780efd0271dec4ab38dac08bcd82b0c8a32cf56633b0676fb14a8a23ba32a,10-910,10-910,True
c6398c79ed0a661c7d7642498d3cfcfe8575897bc1b5d533870ce820c6d5f206,13-750,13-750,True
a97472c470e2e07c1714399d98cfc8bbb280417bbea403d1ff63d038f89bb8ba,11-432,11-432,True
63ea2df94d4a71ad08364109fa73d186374966d09a1e35bad10b025188e5adf5,13-8,13-8,True
6271a85d30fb74811334d58d5979e61bb9eed2b08a2f595405d84476eb8086b0,9-353,9-353,True
6acd900a780aee311dc20bc6d3500fdc92ebed50587005b1eaa37762ab04138b,7-659,7-659,True
faa93d4297809a75c3570a3ea5df8e0d8be99ba8908f3b0d40a938c6dbc0201c,12-886,12-886,True
061c2287c23d3bf8a16ab2105cca7b661422c0529c3f16d09c72aadcfca455ba,7-499,7-499,True
163b952067cbba615838701e9625f49ed7ee6705f3c5f9ad124acef2483f45da,13-130,13-130,True
4d4a3a5d06c4e2a13863e22eec647d01826774df5bfbd2f3a067569e8778d1d7,14-300,14-300,True
146ad2c11f0d4cfcef2e0deb39d3c4fcb80eae179d0d48be2c9ea21a7ae4053f,7-363,7-363,True
3f4438a703d67255103d0eb4ec329bdfc8632aabe2a1152d66eade02c18b5376,14-957,14-957,True
543db3458d69f11317272e6f372275455dd569b8aa45239af961a9caaf6626bb,13-249,13-249,True
b71f095312f506645a644ad3dddb43e26cfe1924d346093e141d96ba3d061523,7-332,7-332,True
c071400264b8877f4bae4b37a3212f32b284069e056a0ed91d5eed69b51b0072,13-818,13-818,True
50bf35969f34b6a881c8563b2ad44dabd2eb784cfca383e677f85cee51021369,7-784,7-784,True
dbd558ff47c6083354374505e515d74429474e328caa0870b70a7dac683d4a50,10-1004,10-1004,True
cce73f9ca8ddd92c3f8b1e8cf3d0e3c955a0bc876a7f59e23b48763e2012f7d9,13-559,13-559,True
8714c5d78cafd36e1dd8ec95628f811c546ac6bbfdc81d0c46483966828ed7f8,14-805,14-805,True
4692177222f0cb44ebbc4b4a0162c1d099fbf294d9a85fc9ae220fa4144e6af9,10-452,10-452,True
02df750e825b14d63a5043197d67253f4368698e12dd233d48dc0039eeb0a592,13-790,13-790,True
32b2f0f17d29ac8d72ae90b5a94f06b61a201ec6f0d93e9a0ec0f4fcfdaa456d,10-357,10-357,True
c56faace6d43b4e01d1fda4d5b8a481e9c78bf83ff115c18090037a8d83b0c95,7-293,7-293,True
f9ec447b060cbf2f37494ee98744732ed27dd0f83b46c3b1ac42dfa030e5fedf,13-360,13-360,True
29c6e594560b9e99672698c8329ef861859a96e47a29e251892e11ae9b18274c,14-93,14-93,True
2d13ceac866b4086be287c3b8ed49b8741553d3a4614b941bf050e3ea248d738,13-432,13-432,True
3e0d6820d76c55b0dc9241e09500c902c9d53196e90b7c1f75be56b894e8f5e0,9-1095,9-1095,True
f0e7e63c94027a377c9078f4dfbde8b0f178d706a1be8db7c09b2bfea8f9c16e,14-568,14-568,True
db76e580252b2c274eab67fc04cbd6171013beee261be96423c2f9f1ff43b5c7,11-626,11-626,True
a034fd7c1ecb2c91e3f676a26f73ad7e670956548a3e25427089e3ffcbdecd35,14-414,14-414,True
14033a50f63ce080c6b6716e4fca583b30bd9da2543f2ce3d7bd874d6f79bc05,7-542,7-542,True
e668e465f1b6ed56551081ef73965374b2cbcd4cc20ab5dc8cd0bd9fb05a87b5,12-155,12-155,True
dba32fae6fc10c9eca8718994739fcf7a09d1cfaaf8cab287c42d354423b27a2,10-869,10-869,True
a43269678537a8721ff525632e3bcd761ca1644d11e649408552c328c1bb7a67,13-82,13-82,True
82c7ca8b0729d9d86d2855a351ba509b0f864d99eb15677894f26cdbb0f88072,13-651,13-651,True
d6c7cf490fd557b90bc28e4683d573209f030f37caaada4e6a921b379b618305,11-673,11-673,True
cea66d3af5bff18da76be57f81e1f8113262233ee87ef2e87375e914e300910b,11-396,11-396,True
62ee099b7893012361c60045f5c7af41f5bdbf4b2001a40635d6103c7da03c85,10-1131,10-1131,True
3677556dcf6948c0fb0f0401940a4b3f06e28ef2f9262158b5815b4aa283ad88,7-525,7-525,True
54bfa0891d93a6689e2063e9c87d34520c1b8a3166ecb1eb183c23fccc61d449,13-851,13-851,True
7cb3c930eb12d95c4365752ae9b11473f055e3a5317217934e63501cb0134e43,7-531,7-531,True
a758382e5c5b38378c5eed637556569ad40523aa19fa90472555456b8b7969a5,10-764,10-764,True
31a9977607e3b99023fed77955929ddb9772c548a940cf9ac6c54407b8d4965e,12-46,12-46,True
cddcd6483602f8968bd0d34756b7d475dc50c85f40713d6ccb315e9ed40cbb1d,14-517,14-517,True
434f08539a999064a752f5efc30e84e0af53f68b1c4ab5f9e1cde1641481d715,13-231,13-231,True
989cbffd5bce0bd81722697b11b5310bd9dcd5750901b166cf6ce00de1b5b047,12-833,12-833,True
5a8769e81aed7f5d7a880d5677144111e19dc5e366ab02ccad8ddca68015e784,7-612,7-612,True
cec7eb23f8e7338154a8213c951daccb8c5f2040c7eb34cd82ebbe6a62b59077,10-1108,10-1108,True
6c7d2a3093283ba09c2e005fb07053c1cf348724434a0b46faa84a79d6c03fa6,14-339,14-339,True
4c972a0e283b8a2001fc9ce705efc3e5c7c535735e8165bb343b80f2c26913a5,1176,1176,True
d22e52e04a0a25b6e18da9fdd3bd7e263a0b3101426ad57e43bb073b1a130f35,876,876,True
eb27da46be14c367acb80be6ea5601710e201f58d249bc6e19662c76e9cfbe80,9-708,9-708,True
d14fb9ea3160e5321b7f74cd561fe6c5626be8c29ae102661349228af552e2d9,12-681,12-681,True
604d3a6862a72ad63e8698d8b250f876cc8f9bf3a32d399816aaa9fb6832caa7,7-1081,7-1081,True
063d76696a2fca0dd4e79b5ebdd271260a7e9cf8e9c17f0e98a21d614fa36095,12-648,12-648,True
a9c91d024979e0561689154b3998933edb4b5c5f7895cdfa377fab8983327b92,7-666,7-666,True
f085214dce045af8ca0e1620e1b65fdbf829a8fee3afddcda0c2ba45ab976d8e,1284,1284,True
4ba1b950af151dca8c472f8f3176d1345b6d5611530d464e39193b8d857a4bd2,14-1270,14-1270,True
d99f1e70626aeef1b84171a86e2b08ce4ddeee0e12da940585c1811cc295ff21,10-549,10-549,True
613cda33151b0195b8db591080eeaa97830cb7542dc07d2af768d983cf88285c,10-175,10-175,True
8ec7546654f28f2453571c4a1d267ad0e2d058e1e877336ebd86a33baf66d1c9,14-1399,14-1399,True
2f56de30ae174e0c3841eba0c46cb6a0e2175922bdf2bed7a4323bed78d42988,14-838,14-838,True
8bf7420bfd4d02b3cc3c052058df25997a8188dfc5798b17ae0bc5ed8e7927da,10-634,10-634,True
aa3fb1be0660f92842a1b6d91016e4f5814bb92cfff5ee1b1cfc59de01d1be03,14-1188,14-1188,True
1fee0c9fec47e367d22613b3ff1e34bcb781dadba5f732a869ffb345d5184b9b,11-443,11-443,True
b781342d89232b37951ac9ee3ff439b2f53424eea9c78ae3971975fc735c5060,13-985,13-985,True
82ffcfcfdc2f0f6bf491450a7f06fbf71ce735cec5290d98c87c390ff8acb4f7,10-312,10-312,True
f87d1f4aeacb7e64e72755627a256c4c3e017f222176d645ebd982a082a964b9,10-201,10-201,True
6c5ce739d92956b872e97d45bdf2188e5d3dfe76d82bbcdabcae46e5bff44031,14-248,14-248,True
264563af34f74ef51a7cf2d04b18e615785bff5054868667ccc141203298ab74,1333,1333,True
e2aa76a1296f6c8d3090392a86a7685aae98030808357786fbd530266d6bd610,12-118,12-118,True
d1a74cef341fa9104c8f6def092128cf57311112764204b242fca744313a9892,13-520,13-520,True
7d9413682ca183ea157995a0014638e1bc059503a962a888b396345d7e568ec5,12-490,12-490,True
6f9e9f039a510e6234d58e68338e713e1d26bdc4fd5e32de925eff572c85a194,12-338,12-338,True
5bd12ac97bca62cda512471ca6d0d08b2bfe468596a1f85d3e3f4acae5f9b377,14-22,14-22,True
7abdd33e2f738cd9130ad1c1b395631310d7b5eb46842949f52e5b4cce172531,7-460,7-460,True
acef6703185faca774900f0620cb311ee246884da30452b489bc3b9da3eeab8d,12-388,12-388,True
1a0132ad603094be4c8e255934a97e31a94117f078f3a365b9580b9643ea03a7,13-341,13-341,True
df0cb2f8b485654c57ccec1a15b69d368e517d648e7f2def44e08d6e52155f60,14-1158,14-1158,True
2c6082ffb85d68cc7fbdb311ace5c2ccd23c6ae42dd5953eeef9c2023ae3d1a5,10-520,10-520,True
8b358ed0c3974c73be6f42ba6a5d014c3f6a60a6c8f621487b2b36091c53d2ae,13-131,13-131,True
eb8bf35455059fe5725665c0e56909a81bf1f4755ab115e41a79b3511d52ece0,14-86,14-86,True
6b194814ff2cd20bf3bd2adbea7806d06ce11d2ffd9c5e1e0c9c5b3ebed54164,14-1340,14-1340,True
44da094ad206d5e6bfde0578764994ad5f47d5e349bb533ed1f1c773a84df509,9-723,9-723,True
f9b4e039121df5a4b9b475886fffadd810e89a98139989d4d82a50382076cfe2,7-466,7-466,True
090ed72fa5fc7403539a0ddba2208c939a116e044385ab1226465207703a978f,10-1212,10-1212,True
94da83ed0b5854e92a7ca077a10bf9224aa10ad960e73f61e42f56899aa78707,10-630,10-630,True
f37deff59aa23f34d1abbd578c4585b3fef4e7dfc8ed8de60d28db2aeb642938,13-17,13-17,True
740c31058c346fbbf0e1e33da3a573fcc4ad211379c7ee9057ecfa245b8fb471,9-828,9-828,True
c8a119e2059dce7462203d959f6c5b1229fee51ec8cd3a81156a862744153323,7-507,7-507,True
19cff44f3d53ad256569ae14053adec37ce38367d0c7e9cf3a769f0fd0cd9fc8,9-917,9-917,True
f8de815259c90096a44c7f9a7713957fd3c0b574e0db402762ac1c005dd7e59b,14-724,14-724,True
f76641a4a314a1f0ec2e0f4004552fcffb7850ae6721b0e1e5cb734f58ad5734,7-931,7-931,True
4d29c4efb523e6364c347518a1ff013d8513b01324e82ef42c4d9673a5984d46,7-629,7-629,True
d67a88d010bc1570ce357d19597377b7274fff19354ec60363892aeaf406e9f2,14-1025,14-1025,True
ab1061fa9141c35b2975ff066967f735b64a6bdb845b0db970d7285aec3e28fd,13-304,13-304,True
cd72d293563a97d3203f1b9e4aa9bfaaee7617023a5f44e7c8a67d23ccc458f5,10-836,10-836,True
bde62f443b576511e6ff1abfbeb86b22f4585ef8b939212bf94873128372448e,12-299,12-299,True
df7b457d29291486a7f0fcae51f36040d42f1d2b5b5b84d8e97b63ba36bec643,11-496,11-496,True
4f3d19022c4a1f4b1f78a40f35dc43d60dc6285790a68a62144a3af6dea7798b,14-731,14-731,True
4755957e41abff5d1342bcd2e3e3f0d98a731fed875abad00c3742120d1da19f,7-1083,7-1083,True
8cde81c203028c46ad7fde72f20e17b15ba452e1e0d977dfb5d80be7ba6515d3,13-10,13-10,True
33eae162617f5a6c4a4a9a41b6a2d6a23783c2eae9f5e6558e64ccd539dc4425,14-1429,14-1429,True
e840d616e77cfd14a63f5f06ed44374b64ead732ccb000c1ccef61106fb76aa1,10-304,10-304,True
6cd87b0c4f398669148950bbfd60782b9252c39eae91c2b03138b429a17cf3a3,10-86,10-86,True
7e050a2bdc3e6e7cb2fb363f20e8f85e322069593dd94d60e91c7cdc70e90a94,7-733,7-733,True
84d7d4cc392721d0fd8614dbeee8ebadc3777549c8b00d091302a92fac44830c,7-842,7-842,True
ad362bb356c7ed259538005847d57812e2d2cdcd43a88fd89f48b2039b99f571,14-214,14-214,True
4d333f37268f4c58c5faddf386b1368f53b6182a4cc20deb40a5dfa9bc92d8ec,14-1213,14-1213,True
799564e0a7f62149f5e351ada3c3151df668547270d9b0a8559d9f511a9fb549,9-1093,9-1093,True
e69e7007358e14ca18d3f52c7922bce0716288970fa9b5505d6bddc0dd977644,13-646,13-646,True
2497aba59d716b392cd6f92faced93bfbe1acbcf7b6ef244a085368d77f8f10e,10-706,10-706,True
774114a9ceb0e81e80df1098003d2b0fe875fec929a1f0c25162e1879cd44978,10-9,10-9,True
c490d115de0b800fb10cb234b7e491880b08781a038526a7afac22645c7e172f,12-575,12-575,True
761f48b210266e3e42bbde58dcbde1140f73784021b4db2daee4c5fca032bc37,8-415,8-415,True
1e743128eecda2bf067b373eda87e5998dbfbe9cf532a165e6d4114294af278e,13-382,13-382,True
2a5c2084d866bbcab62e527a7540b847321fe44bdde828292895e4f8c3410e4d,13-710,13-710,True
b410e06d32ba4bb4017a56325501669d21ec7eae53559c8ad87693cd8cf5bb4e,10-1129,10-1129,True
3637c49f81c740e3526589ee51f2c3894343b5efcdfa8cb355b3a05f6b6d8c68,14-638,14-638,True
5b871bb4a14f105276515e1b5770756970ef2c9978bb6cb80aa01d36ecfe0552,7-705,7-705,True
be3bb723ff963270fa8d8e151a2c5decabef7edb31e8cb1ac01f4bd7cd3adee0,14-1265,14-1265,True
98ce4be764a224381983b0a3262e0e29d5d53e19e8018f8e1bb7c259959dccc2,7-1027,7-1027,True
f82ee743b90f2ff0aa280f6a785b4dc7bd6ecbcd591a8aaef03013e40f9ba68e,11-456,11-456,True
4a3bf74c9f45e88142b56394fe5125094d5f6a7427e55b93c4322d1c510c0085,10-972,10-972,True
4752b29ac2d000aa6a60174eba40f73e05443ec7afb6d83d15dca29b14eebfaa,9-536,9-536,True
d8d0364760818a5494d63d2405aa16ef14eeda6888ac33f09381ff5d3f2d7e47,9-403,9-403,True
5790cc06af0b4718663eda6d23aad8354108f86b99d1774f3bc48aba01b9f79f,13-698,13-698,True
2797270df68513d929953dd87d2a0a06629ae4b074ab3fdc93e805b43e7dcf32,14-287,14-287,True
59f3f0dbfdba4a64c5d23d37c13c13e08e72c5cd627702e7382767addd3daec9,7-409,7-409,True
c23937126297de4bf8330af058720487d87722c953d2ea8b89c6e4907d1b256c,13-584,13-584,True
9a5b9789f0222c6e541ea969873b8b041f64f9c5c5cc1b20d00485fbdd48b19c,1030,1030,True
2106b9867d71681367afe5094d43649d2c59ec6197b6c4d20f2c064c762f0a5f,7-892,7-892,True
0f46182eedc0da00e7dbbdc173c035afd0bc6b353aec1e813f666b4ffc50dba1,13-47,13-47,True
4e98249daba4c6c1cd04b829bb92583559a14aaf0f5b1b4bc44d471605d0dac4,10-695,10-695,True
62bd529e659d11d907a75ec4b7a01f930d0483296c80e95ef3c8c7b1617f3174,13-38,13-38,True
e65a9cb7beda9f1550992b710e55ad8e05c8cd32720f371be7c3f4aac7839f8c,13-582,13-582,True
2f063cf08753b0faa4eef4a70c444143349eabcea6df4e91880a5f56924e5076,10-683,10-683,True
0ea81b37ec025a22a74d1c188be77394e878f3cca92b539fda432a9311cf7f08,10-932,10-932,True
822030d27dd0a59136244a13ce35024adac3c4e8c37ef22cf720873ade645a6d,9-256,9-256,True
e72c615c28e3365c0ec2ab1101731fef67277cfa79d5c9eca820a334bf6aede8,12-219,12-219,True
211c7e4a3c23828b84ed7d8518d9aaaaed01aaabe6df2f495f6bd8559bd9d0a5,13-657,13-657,True
1389cac4cde7e0f0c74d74bdb6e53f58c514972a408ec48e210b377ad3c82e47,13-543,13-543,True
09c35602b8798e4573b48793aa556a17ba79df42af4f2ce964677ff4206241da,7-1079,7-1079,True
3a663af915e138871774fa6ac65aef15d329c053e519edfdaebb6237b4eaf482,12-172,12-172,True
98fbbb7606a619f2de4c508a4cd903ead342099186491c9aab26ef3c173ff263,10-980,10-980,True
b2248e9959258f5eadd8c478218e9ceea07eb80fe6db7f2d807403903b1de4a4,12-1209,12-1209,True
1cd173ad6dd4da92268b7c785e76b3b46603d8731e5fb05af57d1979c8b24d2a,14-1493,14-1493,True
7bf5b9fb40d6add736341e4136d90663126ba75d9214e73ed85a9fd4bad19b63,12-26,12-26,True
a4d43fb241ee1b77c8aa33b321d03467d75bd18182d2a2c05f53e57ab157e926,11-304,11-304,True
9b7528d2b41e136d734461d6d1d01e8c8bd389b95d664ab0fce23b5c9b55db71,12-746,12-746,True
86442e5d1be1e0595fa4a7604df81683a90889a5ab65042f024f9dd1a530fcbe,14-1256,14-1256,True
bb754594f085cc9062b1094f3b1c5e16649c16b8e074e07b54cb56f0ac3c66a0,14-828,14-828,True
6ebbf57176f2d8a76621c7fb361e171f11f7233c0dad37afb988e305a6be017e,7-1190,7-1190,True
79af8ddc70bfec009d93f444e78e27d30ef22a6dc15aa24b1ede668295d46d1c,7-1177,7-1177,True
8d888336e57f2d199d5072d9d0aa8c1805912047eaa29147bc0af1a40104899a,12-64,12-64,True
c54e341555e40f18c6b9298d0115811cb824b3a907b629dbedac21ceadc72d36,13-95,13-95,True
4f87485dc8c0e95d38a2805577d03eafdd44dabe1c2bb17393dccb93709def3e,9-307,9-307,True
c8af04b1514cd3495690a97a70ad7fd8da595eabb54aa903fb5000669e8d6bfc,13-200,13-200,True
fa0a44cc3c14209d5c8f17cf91090e5e8bba3e1a08056948bc16a5ee75285b89,10-469,10-469,True
09e419e8dcbda0039469628de43f18b5a68a3609845251ae29d4a7c843ce05ae,13-798,13-798,True
e8576f70903fdc8e7eaaafd4b5e9b75b52eec08e8af0dcd971f9898ca3f9b9d8,781,781,True
d957743a831eeac72123638416362b9e2b050717d49f30852afe19cbf5a581c9,14-439,14-439,True
e8185bb2782acf3fb3a74784c22a6830191e7e810da85a3d9d7b3bebb42dae67,9-639,9-639,True
b2e8f8a4a4e2c59ce06b966b5c67d1b4d7d553de46477e7497efb98e022cf2ad,14-1406,14-1406,True
9ee2e603a84515df6377d29cabd08951ab9b714023ada9e9fcc958dcff949c37,10-490,10-490,True
1f9ef9f48f09f151f6f48dc9265f76d73b9deb784c9b60a8322cd4531b8900c0,9-946,9-946,True
aa87429b264de5ac7fafbfe1110a8397c9c8e33acb39ca52407b1b0bbfc2885f,8-178,8-178,True
b28650bd5bb88613c29168987094da3a4e00157d2e9d5d201b94a0f2e5468233,12-313,12-313,True
f3b87eafcd0a064fd8e4e0feb64f50f485268a63301aaaf83e19edf82de25b3f,10-277,10-277,True
a3045305cd7b9a97c9bd1abfb288d565741b99b97148fb9263ad3ca39274e2f9,10-106,10-106,True
c9831d80a82f9a93038782ea29f465e79a41dd1a9e97ab36917038025fc12018,12-767,12-767,True
0c67b4a95a7f911dbb3797983c863298aea935f5c5a313a345f50a85743d73b0,14-1241,14-1241,True
5cd3f61a2de9571d99f7a88e55e604d33c0ce124f09e24367361eedb0b2f7e8e,7-835,7-835,True
f9fa616dd7cfcc524b33234babccb9d50be6199bdeff3eb5c1085f68f91106f6,1669,1669,True
67cafc50be62d21f6052c85243530a16e85ce3ef4b0cf8ec21c8c65d0ef381f1,14-169,14-169,True
f01593ad5aec3e50eb40b80c5caef378b9eb5b84e9b71841632fcf021ff38225,14-312,14-312,True
1cf47b4691d6843ce7de086cca926c0e918268b3da3830e9c19d314850c2b78a,10-799,10-799,True
55a1baaa986128d4603784e3222919c8078909322f12bff26dce22600cc4c9b9,12-227,12-227,True
b3c315c889853b7c46488be5e3c8bd6889819272b3687eeb721a1084e0ce6ae4,9-1006,9-1006,True
f4c1e0b3f5132c64c77d738d77720544a081167034f536696a5456ca05c4a26a,7-421,7-421,True
fd5beac7daacfb94f587e7955ad83b5700b3561506e672d444aa2ecd6746e5dd,12-719,12-719,True
b292f0a1f0e48f54f05914a6bd6ba51845f91d9f5ec710eb3d60793e7f61ef75,13-780,13-780,True
476450ccd47b8ba927f7fc5a89f94f3eb97b3b3de2b27f1c30e17bdd43610c65,13-123,13-123,True
b73e9fd031684201312d78624eb0ff29df9e10fd087925fcb7e8d13a4b4c52bd,14-1257,14-1257,True
da39399589697ddca764242d02511ac92d08d0a8c3e164ac9d5ed3fc0ed60a30,84,84,True
d1508ad3791008790a1885b142c2c51507f6ce2358471b746a8281955374eef1,12-459,12-459,True
c1e6bfd2f68340e41d7ae123886fd70ae45569ee32158a198555f0ab7a80a3d3,12-1101,12-1101,True
4a1b7a1ee7e8b62694244960a5b4c3a323a3de11f2da8122652ecc391a55a80d,7-574,7-574,True
66a557c00df60a16b1a0c8bf361d48fd715c59c6c5382ba114337b64cc3001ad,14-541,14-541,True
594a82320520f4f0ff255a39880bb998b9281a8ca3a41d8e1cd240623a41b9b4,7-47,7-47,True
80c3c2bd5d060f4ae10073a1583d7ddc54f8b0cf33a5c4421e4d002c6410471a,10-230,10-230,True
1d549cbf03fa1ee6626968a63a7c0d9361c6c162319df985f353cf1d69f6d9d9,11-123,11-123,True
f2fa9d471377c0d54ef4730f49f59d843727320594fd122fc4a2ee70674554b0,12-629,12-629,True
b4fd625bd2d47c637f7ced72ad45870145f7510ddc7a9553f97776f3fdf8cffd,13-177,13-177,True
475d0c4afc1c78f01617e9d8a7653b8fe8f8f98319a318af5144fe35244891b5,11-612,11-612,True
5706c736cb80e08e04dbdfdfef5aef0a76ca5a70352c2aea07fd5f2e5a1be134,52,52,True
07311c3556edc149833b813e0cead7f668821fa5a9d20020bfb0a8f9eddce7e5,1564,1564,True
3d1baa3ce0aef64a8306c696955286f2850b2476bcf63d9f73e2e48264eb4249,14-1126,14-1126,True
bd71f484876628d4c82eae3c6c28fed6870d152c6bfd23e1f921317061005cb1,581,581,True
4a4d33521e8dad129b6a5bd9a524384da53fee8afdc603c698d8fbee4379950c,12-159,12-159,True
5470b548b89605a7c87834f7bf75952ed98f7075360b5d005f748a4561b2b6f7,9-36,9-36,True
9745c0a2d508087bd725debbe81ca7bfd2007b82dd485de868fd3db16c0a3f1a,12-547,12-547,True
bfbed864230c6aef31837835b2f01433f7622f44b8d25c7db52b9fb62701a511,10-131,10-131,True
b03cd885616e24a4b21c4ab6611b88976917798d50a3bf232d49ebe3f2dde975,13-221,13-221,True
d9857019820a0f6a0924ff380689a372d55c6493ae9ce939793445464afb71a2,14-1008,14-1008,True
a7aa7ce1b04779616f397b2f84c85bcd0e80a570ba3974b4fcc40c2c093280b3,11-367,11-367,True
bf37b105cc301a33114c01edb720e91289817403799255c0d2cfea5b0016fa60,9-619,9-619,True
0ae10f0c502cfcae7a733b0a34b862316bd074c2c895ccbaa0ffb17e0aea6eb9,14-677,14-677,True
44d03931d2a862b55a3e4732fde8b20af03c86174baeeb8d5f05d04d2c7d8016,13-902,13-902,True
c6dab1eb4c962b18832fe07c43b22b8b509d7ad0204b7daadab1d11b59111750,10-123,10-123,True
ac7f147183284f0a286da8e3f8014db3797995d6baed089f918e71581aed72ae,10-502,10-502,True
7440ed84ae456b3adc34d538fb61975fe0a18588cff0189e49ac57a4948229d5,14-600,14-600,True
78f1459a373f7525a34bc8e33a96dfd66829d0ec0953c2fda5675a648c9d9261,13-841,13-841,True
37748068657d7d5ea0042ccf9d141dfa69ac2154b72173434440df561d8142a1,13-760,13-760,True
21cad206a378b90631f4ca21ad96458a12edd257f91f758681c3632b3ad5c4f5,10-824,10-824,True
2fdf903947927d242083d0154aad92f96008060c5f3b0233c500add658826142,12-1191,12-1191,True
20280d1aa0f784036b34b3a5bd559813082439a3731bcd706992900fb89aa719,13-117,13-117,True
57f2e537384c4d6d588001dc53e8e6ca8c00593a2929d6db30222dbab39ce18b,11-233,11-233,True
7fca8e238050bbb9dcd58cb40541d57feb2a16e2b99b1380ca562c7cfac532a2,9-623,9-623,True
7a5b3cb57a92bf984c6c557ef876189493de674c01e5ce60d1221e234176dc2c,13-613,13-613,True
5ec5e3959abeda4aa2b2e8065cf7a45b595198a77bfe56476e8a8a064c9e5463,10-1178,10-1178,True
0a72e19ca13e18984bad059f2cbc5150e11e9cb35e8b3b34adb284d068afc903,14-1332,14-1332,True
c7e3b0c86e0589f2894340c2cbc18a2f78cf3556ab8671625e4ec87ce78d8795,13-182,13-182,True
fe83f8626fdb4e0c228c5278aa3a69d3f3027d6843404ce1ba3b7686b316a739,14-1316,14-1316,True
ffee59839dcb894c21302e69a8f272f4ae1a08f945243bfb824ce1ba5ee99d26,9-375,9-375,True
a2133eec8241bdb1af602c92ddef50a7b01796a58c4793821071f8f43fb9822a,13-675,13-675,True
e4bae42bffb62a450aedcfc92aa5c80574abd47df470cdf35116c3f108656b54,14-893,14-893,True
cc1810a32f7dd485e3bc21688f4d43ea62cac4d3bb064ef118d0d3f3fd659182,14-983,14-983,True
369710a4269f92a1ce8d7e7016c221c94805397de7e5e16bb89c7039a3eaf4d3,9-459,9-459,True
6c22e1e832c5f7cdca21f0b6bc550450d1be7112f52b8c2dafd40a8ea854382a,9-373,9-373,True
70b2cb335e8ad179288d8979b825abbd8a68a7d2a840a7316256e7628ed6a07a,10-278,10-278,True
16f00d931e4c9bb6d5f583d905d6a0f2c862ce74f1f7e99ae79a0ec07aaa0a59,11-527,11-527,True
e37d5970ad6d59ba8f37a2b4751f00cea523818efde546beb668a9976ed545f3,12-1056,12-1056,True
da47f2a8a42b69456e8dabf1cb6f175751409feb79af287a5ac621382c237c83,14-1259,14-1259,True
3d1d415b9e3cbef3a26b03a77b549e034015592d77229bbc995c2b2d55deef18,14-606,14-606,True
6e81f4acfcf3e10922829fdd5f78c951260ee120acb832755ab90788faab862b,13-888,13-888,True
6d4c3a066940a3913f71bf5244d6f29e12ba95febba230f44f2608e5f8a47f54,7-1065,7-1065,True
d2823dd18da2f6bb9a7476e7dece10bc46f782c4de7a0ee7ad4b855819ed1d68,9-86,9-86,True
e47001190a36274b0101627b941e6199f2ca14f59b2189c1ec6b826ee8df0925,8-347,8-347,True
954a1efbc1700daf73fb80fe393e381c960c2444b272dbcb9e8f953cb996f44b,7-754,7-754,True
bc6ab289fc53625f509ce360dbb7e9cce5f2311f1e2e442fae1c7262b8cc41d0,11-111,11-111,True
17720df439ae61ae94bbb368bb0b42fd6c304078c182f305b5314221916746e8,9-1113,9-1113,True
cb1e3c1c99f2f6ac59a0bd09671336cec00aa7aa2778a0da0bc973260984e9b1,7-1115,7-1115,True
60296ca056d80c22c437c2404e6e09c6a566802a35c9e50ae5ac903a1d67ada4,12-353,12-353,True
a09924c121eaa7834db8f81bb9bbfe92b5c1360ce1c0586df1b267d38af35884,12-688,12-688,True
3f371b1c842132ffb3a22028e50f80d04d85e7cf7e2e3f03516f03728781176c,9-274,9-274,True
6aa212d21efc24d8f5048d8709f0ffe7bd3ea7252e571bc4e32de609e84faad6,10-514,10-514,True
17a1169b51510ab791cc61dd0c9bd847105cdc143d3f68c7ebbdbc387131ae7a,10-505,10-505,True
125134cb295963ae2621b9202587e1292e1010e85367acc91b03a4fc4706e933,10-132,10-132,True
c5b10b289fe2231bf873290f0015b5e8a0287da3da51b631f92c66fe962ae106,831,831,True
477e0feb051ba867a2aac3f3ca8e24eae014ab4b3ce741276891bb045ec0217e,12-1044,12-1044,True
27262dee4ceaeb3a2a4586bbcf331eb0c36d8bc534d9994cc0509008b73769c9,9-492,9-492,True
7119ac4fe2273fb75ed46aa2cec2df0d28f3ed253b8f5ac739337471fdbf7fde,10-643,10-643,True
5b2ec1de096e2f3dc973c2f345d4e1475021cbb83aa7db71f8efd10dff00fb2e,10-358,10-358,True
cb3cf958099d1ce304799ea618e4b0b2c798a4dabf52ba04732a477afeb69eeb,8-200,8-200,True
35258d2e5161231db2002ec71784ff1bf39a09e3b8d8d4eab2f671a0c91cb8ac,7-30,7-30,True
386d75858355bfb3b767a814d5e5701f77370a9ce60f89fbcec0e85288540c37,10-1076,10-1076,True
34ea7f453c125c52ab0030f413bd3205e283704a55cff68df41b8197ac183645,14-998,14-998,True
db8eba0223ce90bcdd6a63b8ec5c6964862aa395ea15801a663d75d4158ab6ce,13-118,13-118,True
02d9dbe6e5b46708bf1e61d6cf8e7c718577fcc52539d9b4aff23de73a5b1ab0,14-273,14-273,True
dd9021934ad7b5f2dd7468cb4560a669d250fe37c4ba127871e9bd1902a33bd4,11-298,11-298,True
b0891167d6db9e9a72822b760f2e39d4e217ffaa21c6f79f149a451c0c71acfd,14-1402,14-1402,True
89c66ef1c487332f5a6c77779ee34e306f594284659f0838852703580036fb9f,1383,1383,True
686a5b36d7092f5e45104501aa792e21a62f558d5aff14f4640ef1b73eb0b6d5,12-370,12-370,True
52e0c934fed70af7e2d5081e4aeb640f0b580e2f2ee11dbdf1822ce3c7d4c6c4,7-233,7-233,True
5c54623296900d80c1cfee38f1c905a55cd896cbf34a8cd91996d4e69696d40c,11-645,11-645,True
df18c3351f258970defe018077425ee5493a11e3bfe06bedcab6e875c9174aff,752,752,True
57811e0d6c17719008ff98956077d4fd1f39abe234142164d53085057730652e,12-9,12-9,True
bbaa640b117cc360a7b3bc08ae161e0518baf9ef493738f06c1ec2587559339a,13-842,13-842,True
5643e06a570695968b919d43793645e9fb8cc2d9e3e5f666f65d1531ae4478a7,11-651,11-651,True
2eb04f9b062dc75e6cb73f3cb6972e426b6feb8054615c50a2b5dc4f8e8f4f34,14-1510,14-1510,True
ef04f8de7fa2d8ceb8afb7de8a5fe2c16f40722f07d0c1dca263d50a652e7ce9,7-348,7-348,True
1036da0730b416ab52058c37941fc138befb9079140362ef278b7c5f030fb77a,1386,1386,True
84211dd0d5d5253bcfa52a78b83049c0bdb8f3302f174af5979797c94d51cae5,13-716,13-716,True
6b59a8da1d20d1c9400a5552a9fcd119729ad1e0652c6cf8056c34dddd2fc41b,12-167,12-167,True
1fa3547fd9dc00b8e19a1083e313ffd094700bf0b4956675c3ad080e1a8ae209,14-597,14-597,True
d10e693154c23fef5927bcd788c2c829e2d31b8cf4b6211b1c9472569f53c572,7-342,7-342,True
ebb4eb6cd2e5235fc15e2a7bd96534e5697def641b62c26fcb39238789417429,14-1324,14-1324,True
c935f0633d7e12a8f69d195ea3a93fdcfb612d662f05e7b17f8f30fad62e21ce,11-483,11-483,True
a0a09eb9f095ac9f438ef1b5f45c9a801acfcc05cc27335c38c41ef68e0617e4,14-309,14-309,True
4f66225e678bc42a05982ce9b2ebb42909c89dfd83fe53fdcc8f3670fe4f7ae4,8-484,8-484,True
ec9114ad260b1818def2a217f467752b5063f0d37fa6c2be2ac3d23cf32a2190,14-717,14-717,True
a1a58779764c6ac3558493bc69902a4bbe95143708f46d61a0d6fa291cf5760a,12-1006,12-1006,True
ba3cbedf5f5da111609fbd0d743b21477979d2fd6b8611881a999d1f80536497,10-895,10-895,True
7ce8c6cad1e910132caf166df627b70c38aec185b0bc8c07e4f8c0b52653c2fc,9-269,9-269,True
74942d94a0cdd126a1604b493737ba6ab7345f1b40ed0f233dcf604b866ce84f,13-679,13-679,True
70667c4175ca08c4937ce9f31f425fc7aaeac1c85b9078d429d6fa635d46a799,9-388,9-388,True
228bcc2e1f15ee20ac9a0645b597672dc67c55ef8a2665330b50aa98102852cc,12-115,12-115,True
a942cf422cbce7b80551cbdef1b91a26eb4686def5455a53cc6fe05a9628575d,10-271,10-271,True
cde131d17e3ce04270806a94753ee390d103a1f7aafc3a89344266643fd3e1b7,10-986,10-986,True
40727ed9ed74ef966fe663ac666e455222e6fcb87bd47aa883941c56cd679de1,14-1262,14-1262,True
1472d1ce9e4666bf38bfe547b55c2a8476b6bfd76d715e5c77dbf6221c4d4620,246,246,True
6fcfd55ffc6872d342e59f69db4d4352035baa973d52b7190b9e98d4141ff6af,1696,1696,True
1ee7b68d90338282f840f4a9591842ac9c25183ed30a4ce0411e60e61b9019d1,7-830,7-830,True
da1a11e6224a83e1145d0423676f8ed2b33dc7afd04aed9fe3fc79aa52be2c44,10-1114,10-1114,True
18ea86bf543451f5fe798996e79e9b019bb3b31f6ce66e3df0b0afb17b8250a0,7-449,7-449,True
be74a38eb17d03d6a9c86054e7d3b05d633c6bf1043ffb2ca4ea30dd983a864d,7-729,7-729,True
16b5c817605bb89ddbc162e8c374d857ee0445d106aba918b578e6cff4888516,7-670,7-670,True
3f9f15b5051242cd792e1bc362c3545b572dc11b7581898f1dc739c71287d992,1766,1766,True
a92900826c2ce61790a51abdbda0db4e5c4ae08af971e5c7610f00c749573e0b,12-904,12-904,True
4e659a953b240238bb2fcee7816ba41fe6a5c0c9d9b59d27fc2fa7dd5857f1e1,9-62,9-62,True
45a6d05ae11f7ea251cb757dc5f2ec6c4ab6aa422e53a99f901241865611b051,9-857,9-857,True
6bab248e52537594a4a92850a515d720cf3dc1f41e8d3e6e06c2ce996c299a61,1784,1784,True
06c708e7c182438f1018d0dbd4841086fb7b2cc2d753967651983bb1e83d65ec,13-536,13-536,True
4f3d2b0933bb2ba711f2dd3f704335ec3b8b63947c559002fc2e9694573127b7,13-630,13-630,True
3fd1a2d7131905a9a471512b9d6776f44336b502b3687845172597eaa4e6dfdd,7-947,7-947,True
0659c2860cad0eeafa3778640793a2c3337248368fb0126044871c787e794a81,1946,1946,True
3ac01ad8a74f7e1f7c46ff891c1e1c45e6ebcbab443da303585977e7cacfb37a,12-1188,12-1188,True
857da9f26a347de77ad6f4f529abef78670d581036ab44b33133b42e6a1bb5cd,12-1085,12-1085,True
5c095259fe809d56af9944a8287327350663549d76c2138c9c7006324ba88cb6,13-724,13-724,True
58a4a6929ac921a50e7c1464cfda6f04f341c17a26eeb2518b504902bc346ce7,9-558,9-558,True
cd04e6a322d73fb06614febd6fd715f7cbfb4ba412717949585aed0c9ea3286c,506,506,True
7b250f20d008220e7fccfe4de5866130c17442c585a768af66a24053d6c73352,11-315,11-315,True
62a7b9522712adaf7c75045785d7004fa6608ffd5ea5046ee904189934457cfb,14-384,14-384,True
52a90e55e1546b764bedc936ac05f9b97346e8c512869b911655e5a344239aa2,13-853,13-853,True
fa27a3ad243f918af385f3d99a13315abad0bbc8b474fa9a596e496fce191cf5,1938,1938,True
d9e091093fc3f7c8c018071cd47ef3637928632ddee9629618ae01c9665bd0b6,7-980,7-980,True
c7f6e0e7061778714986e7316da89a676ed79648fc643e552cbb800e4a6523a7,14-326,14-326,True
350804ccb7bcb64ec054591a3ef1173048050746f9a5a3e28b2820c37f457f2c,11-750,11-750,True
4b96b0d0a34922789a30271242f1167793570a4949f7034beda41b848b987c13,812,812,True
34bfd64628b7b2a4c1bb115cc36d4b4b901a3c94ba8dbb740261affcd080358f,7-389,7-389,True
590e244b888c3372aede64643597b9a7c3c5dcb1bf6bfe4aa3480fea807442cc,14-396,14-396,True
2ad3881b2dfd49e709a6fa591b98cac35ebb961d8956fc43a2dde0be62f7b2ba,10-588,10-588,True
9579b37a57e851306de46b8a3225dd846ef2b2880d2e8d9a5520ed52dfdfb035,12-408,12-408,True
d1c1dbc22adfcff43ae53a45f5d4ce99b3c4ab168012499b4dc2760a23d1e189,11-273,11-273,True
e1784a555ad34cfe2d0f4bfc67d096eed631f22cb859158e1d35feac1fc2a635,11-213,11-213,True
ad3fd52c6e94349967f9de1a45529db36ece3598fad4edbf9543ddad0dc8dfd0,11-627,11-627,True
bad85b820f6e0a0fe2b4789c740402ab6fa0fbf8f4491013f98c50232dda1816,7-45,7-45,True
1d2f1a1961d0ed7a20be1f3b60495103ba1471c030e3d94161f3c0683aed56e0,274,274,True
4cf27109ecf82ad423553707aa4dcb7df8c0a3567129de63edfdaa8c2fc88f1d,7-1082,7-1082,True
f9dac2392591828eb62ee9e8a5c04bd4b70d614727706c828eb9a35ff2e605f1,12-673,12-673,True
95d131b6a7b3b826c92624728b82d0917a3fadf3f907b963510f4381ab019b37,12-987,12-987,True
203a6828a2e9b21d1f2b9c316fdb3494aa4026f48c33205ca8b811d12d9aadff,7-874,7-874,True
42acb6294336e0349cfae73870f09579fb6e1c0ad5049e5655978d27254414de,14-1234,14-1234,True
594aebe4e4054626f06242ffcdf41f9c9a55c113c4f9e24bb33576ec456b100a,12-554,12-554,True
22118eeeea5d48a7897eb238a734d3eefe0a87ba79ae1c8740809199598184d5,14-1051,14-1051,True
41b330a67fda02499bd07bc29c8e444d203b8161c53505ad75f4c68b635f09ea,7-744,7-744,True
05b3fc4d4732cdd692a8934fc09a8894d1c4cdf6af638cda0eae128a7b4de7fd,10-892,10-892,True
41215f5d76ee1dcbb1eac5bd6941db935ff9dc9c7c76d609605dad1f360c087e,10-455,10-455,True
fe5aae06a4858f655d6cdee666fd61c954cd5f0fc19aae44b70e8dc4deed3a8f,884,884,True
455512c84fa1606cad2a675884fdf974c3bce7c659b22a5130864322aea5ab37,7-117,7-117,True
728387b9b343a7545d5aae13454ee990a4190f936253540faf276d1b776307c2,7-423,7-423,True
69b3da53e975225818ba32b09845c6568d879e5072e9aac23f4afae0189d9c10,8-485,8-485,True
7b1388b7b75540e42505203e67820fe6eaa02bb2f6e708adfd239dd772832187,14-387,14-387,True
ab65d98ea17665248ec0756d7be37e8cc9c6e2545d32770041eed0fcc3b04dda,12-267,12-267,True
01375e9106c8746c05b590dbba158d2858c9760cbe89e9622c370ae11f8e406f,10-786,10-786,True
f4e324a38affd2421950d049c10bb39d2a99ae66e63ba678329dc8ccf6fdcede,14-771,14-771,True
4a18d88052c690aac05178dace7bdf4d3a743110a8baeb0b3990427674c2b964,14-726,14-726,True
d2c3bddb8a6aa7b5cdec35b7483f286ce970c50f7da3cff97f12ab379ad014da,14-1494,14-1494,True
de57e91b6246145124d4e04739a5dede341c8d4e4cb51ef1dbcb42ff112d3a08,712,712,True
4b3311c0003429585e1746c92cefee279393f60f0206c468fb4123db88e5459e,14-153,14-153,True
f906734b3c573c5673877609950bb7a4323b5381c5ac638b9a5f8a5f0b202334,8-4,8-4,True
4eb6667f143d9434904b88d68498da45fc20d81ed457c9ecb7a06626b99e22f9,12-672,12-672,True
8e0ad5a938d0665e39dbaebf81824bbe59e163ff1c0a2bfc760ca2aec72a17fa,822,822,True
aae32022303482e2ab292653b841bd4131bcc1994474e5c02cc9fb774bb640e6,13-880,13-880,True
a9b3c426b75c7b92513e74ec246f6364e9820f05b82a4500c1e9b496d680861c,14-1024,14-1024,True
86ac574da0dbebddafde7de0d6352acd264558824c1cd3f30bf39bc6aaf103ef,14-1022,14-1022,True
2f9083bf54f84018f2d07dad7d5994f9b65c60960dbc3564b8178b54fe4dde43,7-408,7-408,True
6995b9d2e140a576e1ec7bebd41816d0fc3aef410dd066c9a55aacb714df4bae,14-31,14-31,True
e2fb5aef8f1f46d9d497087af1f24c1c68c7b8ecd4be6837bb5f12c83168d88b,7-662,7-662,True
e5c4eb5bd77e6d78fc8a1a55bb124f3ab5566cf396a4fa345d8ec5366726514d,14-803,14-803,True
db8aa42bd91f4b0da3f4b253f592c33f4e135b3a3c61a288a6a391d7b853166f,14-1140,14-1140,True
e6279aa0995b1355fcb7ea63d6b8f3ce72750caa46583fd91b41a758e7ad6b16,12-590,12-590,True
29fb3489c62dc33aa86193fdb54eaf7274c1cb89c6940cbf907edd7974b9cdeb,10-1017,10-1017,True
9b11d76f4646f983eb6197daa76ac42008708b13b9f6cbbaa8e7067d64244c29,14-816,14-816,True
2745d771299c106f473aef974753e7ab9c48d02bbf7ee2d085179c56649acda6,12-1113,12-1113,True
2fa42c74e462ce971c90ee0e16cf02cd2ab127e99a4f927d2a50d81d6410acfd,14-659,14-659,True
6a3150cc14201fa1ec943ef6be00ec9b41a0c548ef526272ba885f405ebc35d0,14-1412,14-1412,True
c42865621938f88a577457aecb555c588950dce29519494f8005466330508067,14-642,14-642,True
499eec0ce1ba0d8adcc17db9c37771d6704280a6972fa7b5a05f12c3d0fac0ed,10-975,10-975,True
a2fb0324d6de5a56ba156e0804280e8538992d3f8f746f07a4c44070d71825dc,9-1121,9-1121,True
5a76d83310abbd5c25b0f8f8de7f447e936cec1199b1de8d6425f8379c3c2635,14-492,14-492,True
90c64de6647a354db2a8f6436ed6d20d66b5b86baf923122c0c69e4f009e1e11,14-959,14-959,True
a7476dc2be2066e11525a8f50b57033d12e51e0d2638e89b7acab912723d93cb,12-203,12-203,True
5e7357d712b40725fc4190c1ce406aaa0cff6896f755c4379b724362f2d53b7d,7-778,7-778,True
ab1e359b70674f1ed51a6b2ed4c42836ad66b6b0d394bcc54ccfaa433d65e6f5,8-212,8-212,True
24628ad70f81a68f6d1f23f714c045ae655d8a77d21e032d55c7865796c58b99,10-316,10-316,True
010a97497929eed59f46e537bdbc231574259c59963e6f42bc15d81f727b423f,12-504,12-504,True
44b2044d8f66accb94f91a7dfe52ab9692fce6e47e1197a7142b632b94dd2783,11-225,11-225,True
d1462d946b4a4b3d81b91888ad7631b27f0aebafaf03f0dcfc8ede91f6ce4d64,7-12,7-12,True
8a16f3330b4cc609bfb674fa64b53e41a490146acbe534ef211d032c2f46574e,1877,1877,True
e5dab7747a6f8b448fc1730eec8d9568a218432376b6390ee222d41c2b35fab0,10-949,10-949,True
0ad00afd3262eda8982d6fe521ced5d41232816a1cb24ad5c5de814cc8c9a9f4,14-1020,14-1020,True
ba8c3c40453bd43327d9b3ad5b3dcb698115dcee6fbad41301cff615b3af8332,14-1297,14-1297,True
8b0d3ca326aa73e6566571d88349f2e21467aac44d00820e8f8035bb81b52849,14-505,14-505,True
5c2313f63695256131a687110fe57664f7bf7cb165c6c011704048659fb2217b,14-445,14-445,True
cfedcefd13f7865b5ccf21e3cf45334457b78ab6b22cf3991a7abc20a156397f,13-260,13-260,True
37879082b13c5e3aa35956f4418d967514fb9428220aa4591924ac6f5f63a333,10-817,10-817,True
c37a65aa9c3067050681d5ee0a068e1aec0c142bf835248d9996f369380c5ed7,7-708,7-708,True
8d52a8d11ab523578fb5b7c4936647fd31fa85ed117f828c649feed214a4416c,13-777,13-777,True
c896bfcaa6c0cc74df7f118d2ca65af42b9cb3074449ea6545b39f329b8ecbaa,1081,1081,True
2d25b8bca48fdf1a144aecf73c470ba590689bacd8fb3720da712564f0057535,12-398,12-398,True
aca108a3d8bb11fa176c529fcc33dba54da0de0965bfc75aac07b312ccf8551a,12-913,12-913,True
e516ac3916f85002cd457f108091096eef2047df3d5fa2e6544eb08d30811cb5,13-858,13-858,True
59c84a3cefa94d8d2d38752e2e66e77d97b3bfccd0e05b92820b6d2248cfd8c0,13-668,13-668,True
ee38b6c0d1322fb88a2c81d438fee47bdd0511d496ad70f9f599741ed6175dd1,11-595,11-595,True
efaa5f117ddece15d2794390dc0adddb61567f732a2cdb0358fce05cbb66e253,13-268,13-268,True
ffe5d86dfd94971fe0cb7e320d26895c188a2a3428dcf2db9f5ffe20cd506b71,7-901,7-901,True
612bfdb8609b81c583a97d34a534fb4c9a5cedbae402af891280c97a5fc10678,13-413,13-413,True
be197b6f3be47902c7a2e21c8bfd2dcfe2cb63880f18cad904677b311b6cc7c2,8-210,8-210,True
244ada0717fc45583d55112db9f22adbdf747a055859b373b08777c75ddb21d9,12-978,12-978,True
f240f31c19d2e0e64445fd985caf1a84011ca85525ceefb395fd9fc6fb716cd5,12-256,12-256,True
ee8cb1f596d8efc8c6589a6344844eb62f841df5386b0426142beacc484bc396,14-1248,14-1248,True
567a3b640d1db526a01ca0b403601ff6616c0381ddf51cf361fc810738491afe,10-223,10-223,True
48edf24bf6fe916fade79a66992cdbb772454496bec9e2aa358a97f9029f8df4,12-7,12-7,True
4249d3f7972709566f7ee19c63d9cc7d2110cc9c619319d9d48a1211b31e6cd9,1646,1646,True
dcb9624130a30af271273eab3c56ff1e7cb7c41a4fb6fd912ccc39fc6615d925,741,741,True
f578b00b100880e26681d44c53cbc832c976346778a8d6e2fda5d4678906398c,12-1010,12-1010,True
917b4c45ec96959df3e13c1e466041e6c0ff4c28d950c2289964e40a14416ec2,10-1189,10-1189,True
c8bf3cbaf6f9a8d1ac23dd4de9bcae02473819cc1cd5351df9e80d8a825f5839,7-273,7-273,True
a62e868064762aedab54d7e287e232a9c2bf6ecb2e517ed9c142d5af3cc24d8b,12-506,12-506,True
ac3abff0c3538ea4b2d95b7763bf8d53b9e9376054008038e501cbd353589260,11-534,11-534,True
96fecc9b0f3dcd9c98b81deb38c932e4130164a6e9ee7d8f0497312c35ffea55,8-217,8-217,True
5320327f1fc17f712db2053a24ddbf9a86829b546dde69418aa1f3e1fc4aaf26,13-164,13-164,True
520aa3568323af4acaadeaed20a0807c2dfbe9563113f8fe2d3848db2d658ef4,12-972,12-972,True
67471d64c2bf36135b309f8d4be9173075abc2af4c0db585eefb99b4d3f54827,1365,1365,True
5ce7001386d889aeb0cefe8c5c7414c6a695db3a2977279763421710c2711937,12-1095,12-1095,True
394eb83e46b95cef73c1bfe26ec527849367a7f450964014a030b3152bc38fd3,14-1304,14-1304,True
ab9c07b95c68a272b0168c5fcf0e43d6bf4e55455c6485999af097b1725e345d,12-999,12-999,True
046603646f8c6fc4cbac2fa6f37751914df520055b0ff299d2591ca00516fba6,12-515,12-515,True
7c718bf743888597ccdf33b7b11e740f6045ca8142504b8075c39fea829d5308,11-624,11-624,True
339b9a7b922a35cab4029b8b5d181bf2adf4e15fdf995d15758afcba566d05d2,14-308,14-308,True
11d47ef8e726ab997461c4abea8d570b49b60f26d48357bc95804f8878a76a96,11-229,11-229,True
2005c797b89108780c782bcb11f34dec6261cfe6cab2b8797fe41d1c283ebda6,14-801,14-801,True
a42715a6247b9482607cad8dde7d2282ed3bc0237b8f0ac89f4adb47c7399dbf,11-323,11-323,True
e57faf81277322c218e5f1fb6990d0048d2fe42fc0737b8704e416e4786ff197,9-441,9-441,True
c6fa7a30277ba9d2dbb318ca5d4550c29cf945ea667d07a2dc347e37acdb742d,12-233,12-233,True
cd83bf18abe0d0c9de425bc59fdd766e2ef7df8b1e67ca88396642b55f2745e0,12-456,12-456,True
3c43d01c8ba798557e40295838470dec86516b46503010a884f6822c12282147,13-4,13-4,True
94d1fa5f9f3976389107e158f7b7d1db63d1834848568b33bd0e51678c99a183,10-1113,10-1113,True
63462522e07e096330ec2db7060e870ea07b812769fa522b9286f9bffd2cc788,9-9,9-9,True
e74c7686cdafe31eb049b620c26b26c21ed7e7cdba233b95ae79b9752d9f96f9,792,792,True
3d71bffd6bef2c5d3a9cdc5837f3fb81d289b477ea4bb0928b52794414179803,12-841,12-841,True
4f1a0502949192642a3809eedea01d562edd8a30519415503dac574edc71acab,9-678,9-678,True
6b5ecff6cf0ddf6dd33b7f1ee6b4ab36820d20e7e4016090ecc4c031f9015bda,7-764,7-764,True
d608df7c4db89d4acd63fbe279a3e6a1b7bd6e62f2772033a31fe5a72483a545,7-274,7-274,True
5a54e9e1f75b249fe3ee7d036021761109505be4590f7943476f2601527fd69a,11-577,11-577,True
7e85ba43eeff929167a63d885fcb2469d167d55ab7c9a230ffd730b15a883488,413,413,True
c1693b5a22398014253821228eea85c47c330715c48508245595611fa8d6bf89,7-1183,7-1183,True
6e7c1cd13e45759d1e01f8421655df9e1b4c80cfb55d4ccff69a81eb3c339048,14-700,14-700,True
504725187a3097b5611c647a52f664fd01431e4471a722db4547f52bd0c72b1d,14-695,14-695,True
89be7419f4471321bf1ce46f874c18b6a4dbffe6cf2f9dd505284ef76f8f93b4,9-521,9-521,True
2b1b82c5dd557df190dc3536cf3c2833503cdba12133febb13e07b9a87ba4932,8-267,8-267,True
91ecec9801c0fa3c85b47f96d5a45183262696f518601ef7682ed9e90387c04d,10-409,10-409,True
3216a875ed984584208c4f4c6e8036c3791503dd18d3b64ccbfb76a411687472,12-476,12-476,True
bae99bc30f49d8e2ba577c488a411da7d254ae6556e218f4a394a01fb45ec6ae,9-1165,9-1165,True
70073effa9f9cdfeba006a3240cf15aa6ae63a760f46477957cc2b41ea4e266a,1544,1544,True
bd590afe1cb9a928b71cfe6bb790d4e5352a4beb8685c051cd323131cd15f666,10-418,10-418,True
0c21ab37dcca0ebbf0d3193dcaeafcea202d503fe5f93909ed9c15da61805af9,9-1171,9-1171,True
ce2e05186b7e277280b2676d94897c0523da225cfec47c8039c365eb1ee296e8,8-172,8-172,True
8130eec3972dabb33f3fc16421e6f7a09692b91b8ef0b569bf2e1e51735375b1,12-272,12-272,True
9cdb46d4a7f4d0c0ed5f3f9fe56c41cc2d30ebae2640e93e3cc58b537799d657,9-616,9-616,True
89997f349c1974ab784d62d5d2431cd75e03f36000da889e4099bcbdc7498e8a,13-486,13-486,True
eb45c0cf39b3d2dcf3262b9999b37e0026cd7e85a70f9e955057e31714dc88e7,12-658,12-658,True
22c6cb6d0d08efad7829465eada6616ba57837ded5032ebceb44a8f4fc8d19be,10-1047,10-1047,True
b6787e65c80ca8352701e0fdd0ad2b2b40e67b1a20673ce50d79e40b291c89ae,10-331,10-331,True
03661ab601b2b519352fe8cf34596989a82502cfdae57f817cf38a21f3ccd767,12-748,12-748,True
0d36e1d308c80710b12d4345ed1f8092fcee4a069b9ec14b6574c9cdce64b775,14-1307,14-1307,True
7b739b9e20ed4f2b46b3c89859d824349405a4b26572a2cc5403904863870410,12-441,12-441,True
8adf702fe7a7de66542eaf42018a7582763fe0d85b51c1bdf665e94365dcaff7,12-80,12-80,True
7cff3fbef3e943ad65fe3e794bb519875acf165a52e4e83b2bf27c1fb54aefd2,608,608,True
0233ddf6a481d9df5cb38c4a0d427ff98ab9ea833d607f0eb1fcbf34691ca1ae,12-677,12-677,True
80ddac059e27ebd487b0160f6c07b8dd71b4fad9af0f8535f8a2653570dcc336,9-721,9-721,True
970a5f61cafd301abd9a1041302921bf7d3651bde549f6482ffba65ef076cef5,11-414,11-414,True
72fd6ed3a916e4916c6d0b3dfadb25463234d6f1a4e352eac607b7350caeaa55,12-951,12-951,True
1f904d5ababe1fe9a51b2872f3f93c95a1bd2ec5a1a9bf007e30e1b42552eaf8,13-25,13-25,True
37078845a172118b4d6dcd86362b03afbc3bb14b191473aa6bea290b4edd9137,10-13,10-13,True
bf9f9961a698ed3f5051b0f1bb6f05a59ca9eff94fa91ac54c0993064e611511,10-642,10-642,True
a27cf5b59d7fb6904cb892853ac9d4589ecd6f60eba260dfe12aedd381a76e5f,10-36,10-36,True
3be34654d70bb98a3b57efc0278e4f9ef9213a3faea40be947b81cff3132d3cc,14-1229,14-1229,True
a8856a1d8cfd896900e4a91b6d9a41f5aaf0188ff80f9ba8000bbdb88051450d,12-686,12-686,True
cb64f5861e7bb79781686d75059af76508144de258fead098696c2335a74dd86,10-939,10-939,True
9d16530ae3c601a0837e4329547e8266cb1ebb784a7b6b0621ec233169b36e62,571,571,True
ee6b94081360a07f1eb0bea5926f71d22040a2218497eebc1b779c273b97adeb,12-959,12-959,True
76b8aa57afb4580427657788bc639680713ffa95fcb49beded52ef4fa13d9d14,12-814,12-814,True
3b15a09af4f141f6925ce2e315040d23cb30368c3e489081c97b637002147bf3,334,334,True
9f7b9445f146d7c183593bf9070b7a2d7f702c8ed0f88b7d43e5d47d4d0d66af,12-982,12-982,True
6a8de517acc99ddd7b81a4642f7d1af2a8a40972b8a11d2925c05f71541b3203,579,579,True
001d6154b42d31709e417555303204818759953a281055a4525a0ecdcd9235fd,10-714,10-714,True
2d27f147a1e3e026121f37bedf650817981d1956db0222ec2c26079ae3848794,11-234,11-234,True
01373a03ab4dd3dfd2c486f0780f61962213885b5ccb9edd167a8fafc4d75903,10-309,10-309,True
bd6cfdfe9839e3a85c0b3022abec60f441748242ddd0e5d6682f293e91b1580f,7-995,7-995,True
736b65b94636c2ade4072e898b9ad4fd9af404c26a062db1012f179b130d90ee,12-919,12-919,True
61b89aa63501e00e5b1b49264c524112b419ef4ece26f54efaa548acef5eec82,8-319,8-319,True
4bb1916ecb1ce98e6a617aeb69fcf9ecb85dbaad61d6deebec4b72d1660246d8,8-419,8-419,True
3dd18a23eeca50ad688f2e841fa5a476bf318bc61ffb860be4913b8897d83193,9-1106,9-1106,True
802cbc5ab8e49ced42018d2c3e166d0b2e167832b27597841c906f582133bd9f,9-899,9-899,True
4b6315aaa6b8823c1e73f7b4ca7d04f2e031ae5aefcfc4c707dc3dcbbf3a97b6,10-685,10-685,True
38e5e8fc347c870ae73ff8552b85443813650a4581ba529001c683df02b0e4f5,593,593,True
bb2d41ace295e309ed007896da88704b4673f0e47ce7970daed394df4fe40cbd,10-1010,10-1010,True
301dc4c890a4ac08088fa1ce33a292578701bfae30ff8706d28670f399ffbcd2,1705,1705,True
8d4e0a9d9e4470154b96af4c2725573edaf12ea6048d236bd4816e5cd86ece51,10-42,10-42,True
4c087a652da7c74ce50ec0074cd9fb5d4942b34c04fe63dc5fc9cc428bba8a82,12-1168,12-1168,True
819925697d3a610503d42982242f5cca854d5a08ebbc3983fd22fde5adb2b7d8,13-1002,13-1002,True
52eacead5554287d2752aa862bbd27f4c3a4a2fd00cb4cf62ffca56bbaae3bd2,930,930,True
ddf73d4d8215ba74e7b8b0c949b4192299adc4a3a517df4e030db639e76fbb9f,10-362,10-362,True
144312467cbd98498dcdbe2b45919dc0aaa033f3825285ec9dfefce9351b913d,13-722,13-722,True
e2498f72a449d83de7d7d5833f64cd069b94e713a58b2dd053a95a2d7b42e546,1929,1929,True
44167e76b19282c026789fcedaecb32b45ae654a91a9e8cb744d88457630788c,14-330,14-330,True
595164fb0b7e4c37403002fe48dc5122de3db1b4a7d899681f547873a35af16b,12-1023,12-1023,True
e143a7bfbb2ef32ff481c072cad9015308629eccfa2e32a62a1f3d073ff11202,13-1033,13-1033,True
22deac7c1cb0034012ed55296bab1711b5185cc448551e27b064682be585c5be,14-798,14-798,True
1970a323aef9f34be997d4e80de7889f10ef6fb155be42e8ee4db41f8a6258e9,10-398,10-398,True
0f5a33b16751056026b17e4438e9bf5b97f0aa2e11aaba3b9c2a82c26eacf4b9,14-581,14-581,True
fd7fe6172261b67de83ab95270779a944dec4ea0c1349f1bb9bf500cd2f1c416,10-806,10-806,True
a912f61b8903ea548eedae683b8a0e1bc2bb2a185a48f444359ab8ec5b88d707,9-356,9-356,True
bc6eaa55e7d3f4bff0dac572c4fddb69dfe732b26f8d6f009386308ad1865e80,9-442,9-442,True
4c34883c3e962e6e920d09b1b528761fd2f17320995770778c33e5412710607e,9-126,9-126,True
261e4ff45510184aac1c8b3adcc13438764c5d723b8f30b498027764896c97b1,13-388,13-388,True
b5652c25c96fdd9877f88cf29f58b3ad357982c2b7ad97c68f094344309b011d,14-938,14-938,True
43a204084fe72a0508d7f1f89efd24c5fe5a105e519da893c617c24dc1861a41,10-287,10-287,True
5cb9bf5e61fce72cf25d432d3264bedb1f75ffaad47ac6dd05f9bd69b8b44e69,14-238,14-238,True
5bf0b6df3c14f60c54688913d489d9892658f2b86cd3ad559c8e9fddf9e33890,10-1046,10-1046,True
c2ce568be8ceb4069bd9fce609c27a88d369e613d0e245465fbf8b28118f1a83,1111,1111,True
79b326b57a7090d3ebe4b0fc4ecdca50fe5283c543e4354dad9fa023f6eeb770,319,319,True
44507280c53960d50679ba9f6909ce773221eea22dd4a0f1a1d9f4f083bf67c3,13-517,13-517,True
eaa2d826a99730d8d9e44b185d0ec78102e2d5e4b2ddb0a74652f596baaccc5b,12-212,12-212,True
b95670efb6c5d8319d920bcfbd2c198ba0440b126f3ccc463d8ba790cb9c7852,8-433,8-433,True
75afe735e26ce31fb9b71d408c6a7b94a79c28a9a447d7701d68a89664678a89,10-940,10-940,True
5743f119870f5705cebe12d2280326ca3a310e89a9bab7eb9663740ed3794054,11-609,11-609,True
a519f420ed1b754b6800f039c1006ecca4d2d20908b26284f5f13b54335bd49a,588,588,True
79511d2ca4b01afd6b47abc9e08c5b5c723684a2062d6ba6ad49f7bb0266885c,12-790,12-790,True
bb1f34b1093da90682b964f3e78d17606a8ab36c756d85fb1f4878c3d8459635,1034,1034,True
2ccd5eba7db057b9bcdfdf2e3d3df8abb6165cc10178dab8acedcc6e4bfea01a,10-268,10-268,True
161a15d321f6e0e5172ba8b2b52b5935507bf96de8e3d6a63f2d04a5e0e7e4dc,7-420,7-420,True
bf2c150368be2c0f4c7c47c4dfa33ed1c1da9526befa9bf927689292593bb623,10-810,10-810,True
d1efdb48a250151df8798b192e997c6b1a4d34b404c319d1e5ca552825c94594,12-975,12-975,True
45c9477d2c6cac1dbe4363906a64767f89156aedd2ac4126ff9198edc935fca2,10-439,10-439,True
5cdd21512e37aa39ea8c116a4560ee5d8431ed3b543ff47576335f028b3f43cb,396,396,True
20c8fa0bba7ce2a7b5f1ecc6abf9d2728609ae37bd81b483a635f5e22145984d,13-84,13-84,True
e72908747f791de3074a7b78b5130953cf7df1010c5f289d28fddea668f40bb6,9-207,9-207,True
c01029b6050d9ab7608cadcc4c0bb17718cdce1e6bec36b6c322c29761fd509b,1879,1879,True
2a62d8e345caa0ba34b7b2b467f937a263db67976da370f3aa35d49afed51e1a,9-1041,9-1041,True
8c8e185af9031953630e43a03c13c6e36b97c18474f585103209aedbaf66f4e2,8-233,8-233,True
b6f958740d68247134080cac551b40db3d013f3555de43fe3a8ade4c4f8e1b5e,13-999,13-999,True
b2564071b312dbefc1000a27818030fc30399b0148bce57ac8317c846722b26a,10-794,10-794,True
5b8d324bd3684ff1a5cb7bc0c7846a7eb3afdd5c4f0696f0273f0239d15311be,11-248,11-248,True
1bce00fa9fef49e7f1f72957bf104bdaf45eea1df71548092c4eea361b2bfe3b,13-783,13-783,True
847f7a90c8472340993573e6d16eaee15bfbdcdffd40bd18697d42ebd564d0af,10-1090,10-1090,True
4e01d229416aee996df45b46a4906d7e553833b18e3dd97e3afdf8da8fea4b3f,14-567,14-567,True
df310f2d3ae5e5a8664bdc91e41f940756ff21d84e5af231f6d0c5f4dca2ea3c,10-1218,10-1218,True
5b2ac13603df0a441d664c9b4f00bfde19b51f960aa2388f61ddbc393c1c0891,10-586,10-586,True
08369a575a022909dd3737a59e4d5ca9f98c238f5e4dc5f04ac76c1e2f345819,1826,1826,True
4b4c70d71e33edbaf4d3ccc4544689fa9c574427b869eee4a14070f1abc9b6f1,196,196,True
447ab15585f8c8aaa12b4c714a4f67d2ea7e3111baad2ca1498a7b0660fc126d,13-508,13-508,True
e328f7175e43ef329e85d9b1b6e91c4c3460a656cce889bfc1b35b34192d53a0,9-1185,9-1185,True
60fd5a4ed3605d7a0815aea7e8f1b24893d8e6a1cd94edf02fbe23abcbf86324,10-310,10-310,True
3a925edf2de310ea955993e4450edda5afc32f51caa24f51f75ce993b7aadb28,623,623,True
eebbf19f1483baec994d66d8ba4ef4fffa9b4cd2013483ecd9f1765207424ad7,1093,1093,True
abe8f54130efbb974353574bd566f89dde2876406ad98c99a9a1eab305cb0220,13-74,13-74,True
eeeae327e246789c156366aa053915a61a4531e13ba6946a9cbb6e5152b2a4ff,9-733,9-733,True
455c9a3fe241a261996a15aee75c5c9c41daffe8bfa5eb289efe350d8c336e55,10-572,10-572,True
162395954358f881608d8f3ec28554d5f58c9a7c2519a33d11a5d2e04a308914,10-582,10-582,True
3ee64c29bd3e5347dd785965a8621c85dbe7afee72b5dfd1956593b9117ad711,9-139,9-139,True
07aa9925d601efde2b2cd36044ae89598905ffbc94d2cb672960f1c1c28b4839,13-497,13-497,True
afd5bb70c059f8d8a93a88a9aed3029abc9e84f9fa855485f307ae2f6f50658c,13-892,13-892,True
c4b4d86354ffadff791e45aeef08a727bef2226d8efecbdb6d66933172c11b15,14-1396,14-1396,True
21a7e7c25261fdbe61d8aba0cd341d4d22e439f996702705330a16c594f3a3d8,13-92,13-92,True
e3ee6ca93b43e61bfd6bd263f5c3329f0d98f721dc7f0d46760eca279bf448fc,155,155,True
aa6dad3e4bb3cf79309d96a3bcd7e4f805326beeb896bd64127b26d5f0c0f1be,14-751,14-751,True
f07934c4eb80b4bf790f1283dac3755ab16000c0e5baa01d6fcc162f47a3724c,9-1109,9-1109,True
8616ee75138cf9cc92d8aae09ff1ab816bfc36770af2389234d6481379222187,14-41,14-41,True
0d92b7d13d75a6c091069f1b99daa25e43f76dd2f3deb97e58021aa879181ae5,10-1055,10-1055,True
b4f5277ad29a5c98ccd576c5f1f41294f89c84161f090a760e36f6394aa48ba0,14-1083,14-1083,True
2ccded7aa0bc81efb807f4b96ecced4383c657279684e36da3ab7eb173ec4c6f,14-165,14-165,True
7daf9e4d924088ad7548f0c8a19c48dd4a4c3fb9566b841e6bd355283ac51741,10-782,10-782,True
d06f719f1bf8af65d4b506e7709234020b21f034b689983efae3af7e3c4577f7,14-1070,14-1070,True
b407ceef308ec5c6b1706819f067e175c921030d985b1d122ad307e319f625a8,14-943,14-943,True
422b5861ae0126f37f21c8fc116a756637d81ce46143c144c6b79aae143ff3f8,7-475,7-475,True
c5a05ab31bc0d51a294db8e3d0667a60b20b57145c5174421bdf5a1a363ed5bf,9-446,9-446,True
4a70f1b12eecc1a3458c605b11033226d4a31817b8141d7fbdc469e4b9f8c10e,13-211,13-211,True
f7ec33c9d4a81129ef88eb72b9e6284c728335676db11ec71757715526a76b6d,10-429,10-429,True
ab710692da2c60e0bbcd491f8d4d70e22ac74352f578e22bdcd6926e83405b42,8-461,8-461,True
4c87c2244379c9fc7d84fd99da6feece39ab9f5013da4d264a3677b53133619f,7-406,7-406,True
5251770344e79bcb87e8ff4cb62d9f740647d487ccf3a3dae6394f82ae030b21,9-1051,9-1051,True
d2a9f8f8b7768a6d38c2725617044e940cddfffa8d0dac5e78d4c93950ea80dc,13-918,13-918,True
af9e1c9f39f6a0773206a88657cbc23d3ee06a717e14340f84c34b48bbd10695,10-1034,10-1034,True
8f7b731b8731efd4618b6a76c0b288bea1e22c3e362de4ec08c56b2bb91f39b6,731,731,True
62070c84b7c27c718e041e186379824765aa7f4cdd62c65d3e040812d607c192,8-72,8-72,True
3c4e15b959c1952c7cec625de1d69740806c51f893057281f500aa8bc7dddaba,12-442,12-442,True
b5f68e142234e1360e7db88c1060e41b9f4f5f3ea5a9459f0d18197f81fd9bd4,13-124,13-124,True
d0fce24f63eb3bf6f709c966f3723ae258aeeef06edadb2cca5b6f8ba066b623,13-453,13-453,True
bd5e710de926854dc000ce5f47743829d40b7fdf9f3f22223fc8565beb3ae322,10-758,10-758,True
e1a54ffedfb2f2e7b72632f2dd10818d66099febbbcd75fc95143245d2a60257,1542,1542,True
e472eb55260389929c5bbc10dfe1f4ab4ebdc64be88100775f6da3542cb66c42,14-643,14-643,True
7f77a7048c4295081b38babaa2e3a554dd09867c8618c29994c76f0318906f2f,9-180,9-180,True
fe03abd861278344ed99cd061158ffe4c9e6ca2c200c754bc210af20ee935708,9-379,9-379,True
a6f92ced6d277d544210adcf2226e8ae3aa07f814a17217b451dbb31f0da53ac,12-540,12-540,True
9f7c3a36354856211331c13ff139a7063d82063d929f435fa44999a95e5c160b,13-875,13-875,True
7fa8af1c4c7bcc88666dfa177995e4df8fec313b67a1b2e2c30036ba2b73db63,14-826,14-826,True
6b87fb300d16ff2528e78899439ec32ec1a16f267a1761a566c826e740ac52d8,12-1077,12-1077,True
10be27733a0f77e56d0ee25987d0f19fa3e31f1e4efdf2aa8eb3a045d89b7c58,13-961,13-961,True
c977481f3a347732a5d425937c2db4b5c734b6a53738fc21e160626e7f5e6727,10-1121,10-1121,True
a619a68306b73c033e6d2db47b540f8a68707c2b8d84a9bd3b3c163f69ff457c,12-1135,12-1135,True
c49e8c0b39f44f9ce1df4af26364036582ad75e01439a359e07bf33cc8dcf6bc,13-986,13-986,True
dc67c456416cd4e3c3aca286fb801c24f28c44a7dc5997be75808b8e12270b66,9-760,9-760,True
055512ef743e75ffd7bbe1ef0b560426b73f9b5235cc831f029add8ed3e59b5b,768,768,True
b8505c2725176e90c458b3d3401ce97acad3e93a3a7b4ac0d0c582a0f5f72d9c,14-1178,14-1178,True
2b9a2048d37a0e9325f1b0acffc1dd2223d8c2c5592a89ba7bc674c8f5c78e1e,1351,1351,True
7ae64f66a0c163b4af090bac33c9a34419eb036fbdcf088d80eaef68b7e043e6,1433,1433,True
2c9008bd42503c7a88fb1cd7a649a3abadaed72b10f057a0483646ffd510e028,1806,1806,True
eb10e9a2d609d8817c7db00733e5f9277d332d85b4121dacd0d3b8503a348782,12-1118,12-1118,True
af23b94a50c6518142e9595b772d6382f0380db3c9d459950e6870155c263e02,1529,1529,True
f834f42cd6494c75ca83e3c72f04ac2f162ac246530becf558b706eda21b8229,7-975,7-975,True
802b947eb367aa57d3b0579209b36a5457c4f4b7b66509ffcdf836a0362749c8,1921,1921,True
f6dd162510c0c6b6ae0666308bf3306c1ec5658ed1e4d8c2e11b5dd3f0364e52,10-669,10-669,True
acd201ed3c6fd06f68ce525be1584d275ee01229dcc3c6bd50395afd1ba8be85,1442,1442,True
4e6bd40d8e1615c130f1ba8391c6c5bd1acd045e51c8d4dfc25dee1308fb18f1,1509,1509,True
2d916eece2b5b84951ba47ca950c47a59c9525f1192bbe094677df6fa0898610,1579,1579,True
6a2c59d63fc7f5078c2257f89e1df8ea4a4944fbaebf88855445d9b5bc9e2c34,1989,1989,True
be373da54f9396f5b44e9976e051a3067413959e25af1f80798b72ef56bf55eb,287,287,True
edee123f6ce204ed71652ff53b9dfdbc446d960cac106a02c1c0bd7936552113,14-1151,14-1151,True
5ca9b66b63583697c6609894b603f64a2f7c99f09206b14f209a0d5d23b71268,12-351,12-351,True
0118212a2a451c89e11dc518fde12b8d23036405f25bf850f758394ee219c60e,12-66,12-66,True
bf5ca2fd0f1845c3b15a4e1539b1e5ce1332a0dc881265116c86ce7419e1584d,634,634,True
049b56d59b5a9722af956b68eb9c768e6d5fe069ce94552be473b290af255cae,12-1128,12-1128,True
d677faf7bf4f5da119683db84fef74db4bd32db58374222b2327687adbc93952,100,100,True
0d0658d3ab20ba250ce7004c74e347046e56e60d7c01a1f559ae1e3f9232b1e6,12-149,12-149,True
72e719b052123b96a203c453d4bc443717d0150f75e4ffa557e1fb55800a1e34,13-796,13-796,True
0f1704f67ec43feb5d41cd4c8b0c02e101df0ae6dcb1b42bf5b684a00355c7de,1001,1001,True
8a5d1c785eb94ec7a4afc39ec57b7923eb175876f99f98d17e1155aadbc34a69,14-120,14-120,True
375aa1e77cee6de72bff391040efec4aac4ffe2890b2bbfe2ecfe23836a32109,12-960,12-960,True
da3a56c6bee62cc55260ddcd8f9593bbbe472a5d1ad2cb81e4c899ad32a129ad,1082,1082,True
214ebc8941fcfce063aa67ba6045cc270832e714358236d93b3d2797787425a1,76,76,True
89a94bc631d20bd0449d9a1ff3740901b01a1cc49c54cf0436aeaef553baca6c,10-611,10-611,True
5dec244745bb5a0eda4a527728d8e33896d50d7d65328ed876d7d8d149dc6d8c,1058,1058,True
d724cfe161384c1b12b53c3a4ef00b37c9d0f500b55d13d72dee6672984fa65b,1115,1115,True
675b1a4cb14f28a1b7d86f51de5e6b5f46dc47d3f4d3fc31e7ea62ae94e04db8,13-936,13-936,True
bc6a026644255e7325abb1cfbc896d0cf892cb5c154a06f9821ff8a6b3b58275,14-554,14-554,True
9b1e0b463c83906d1d02ef7280108239ccb7f79c1ca6b307540a404ca9aeaed3,12-1164,12-1164,True
b6dc4d88af2bf159a7762e15c928db6c74940d4651cdf27c954b4ffa1c37ef0a,12-1103,12-1103,True
b3c0eaaef9da4a0d6cc95e54ebae2498905c4956f6f5b953921bbffe0a2b62ff,384,384,True
8f00c36577fcf3b8068671c1253568ffe105f0a3e07edb391caaf75dc15a39cd,10-332,10-332,True
b225b9448c6c32b6d5d368df2712cfe832c96a81291ad92584d63d5fbb224e46,11-637,11-637,True
e170c157f88dfee02510e90d90b85d7c7ec8471aa7304598523b34656f33c5be,9-343,9-343,True
cf23611f2fc25a95b02001fa98beb66ba8c5401f0bc0e9fa06f6619c0953dc8f,10-579,10-579,True
4b097547765c538c7bc985758f93c192b409c17ae95f55fbf9422443dffce68f,12-386,12-386,True
104f6dc5b330e2a3ea20cd0dde70be7e7416866f0dc86040fd72a670f20bda0c,13-106,13-106,True
b7f12e5540c72cd0388e4db8b1a56d88b80a6abf56af76bb3f765e4e68aa0c80,14-569,14-569,True
f939c90a40cd2cda9fd3cd56d9bbada2c71edc6ab2cb2f19d18fef0a566da40e,10-1073,10-1073,True
ff2af664f1d7341e97e930c84faedf14cdbea90f621ddb3702a9820c44c067ad,10-1173,10-1173,True
2f8ec7c0589ef32b9cc5dd33ac60f480254e3ca386816cf181e83fb39a2bb1b8,12-1104,12-1104,True
c066781f73ee314fb19986342534ea4aca6743b3ec88b1bc7415db55f1d11dd4,7-285,7-285,True
e08cc7d00d068d79273e90990f5ed69f74575bfe1a2a84baa4a90d2767b61936,12-240,12-240,True
03a3bf5d9c05916a7943a586c89b8e0b26b802282d0ab4fd33b49fd6de959514,7-1193,7-1193,True
869216cffb876c2df96814247331c9a4cce4cc64a2db63db0faf723e4273ddb5,13-93,13-93,True
0f4fdb2d4e912243a9580592708793eaa5933526aec0d7a2ba05348628e43c02,9-913,9-913,True
40d83f11caa5f67a7eb83896efc8f81a580918fc528269afd2b94ef81c9ae180,9-1127,9-1127,True
0c987e18e5c77d12095a06f3308daa4c906b788a4160a4a657862582b12a9d9d,12-147,12-147,True
5e94d6b441b1bdadec51ec34c0cc524c9e1eb61681617000eeb743d9565bda54,148,148,True
e1647e96588361eb132eafd45a45e3d9b6515505eed8799de324f9fef0802f53,14-1275,14-1275,True
75ef346b51b0ffc4c5d7a2f4abe9ba9fe3b021b938bf4a3e9af386a3fba8a10c,13-719,13-719,True
f37b4c1968f3632a03ff95845f8d8cf79507ba4f07f334cd045d27b56e0cfb5f,9-475,9-475,True
249bbd2c070de1ea4554a72d7603e917be9dc207ba69c2f48152d3fa51d6b15f,13-867,13-867,True
bac5895eaf87df3e29ea7eecc75e6fe4ee566cb30653edeaf07c80774bb545c0,14-118,14-118,True
4400cb97ed08e04b87d4bcd7daefad0dc1462e35503f7616c23baf78ec41db62,9-679,9-679,True
1a98c583944c829bcd0e32d650635c4ebabb3182b404987ca5cdfe735cd4f2f6,13-48,13-48,True
d33436951e43242a4324669eb2a0585e9b4438bf3159eba683e35b58ce837184,12-160,12-160,True
574ddee336319c703e16ea7e1c3c1b22d633758d733e6318d58e545d750bf329,799,799,True
b8a744ccda0d1c95cf5857848b33df97f223dda8ffa1e82f03957c2810b9fde6,12-796,12-796,True
54b4c9f8d3feb436aabed48c6e95f84e23cae6fbea79ea5fa31b07727d36502e,11-154,11-154,True
66a1ac0f9427f034ded693f2c1bbc9ca9b3e4906b021b7a3b6fe17ee5f2aa3b3,9-951,9-951,True
f59d85eb425e7c4ea4041c422e1f374dd35c6ac7b7cd924a4a80cd0ee7cd8cc4,12-113,12-113,True
77792305e04adee9f2200b059259fff9b86f02a49c46c3d58a82478a1329074e,13-1027,13-1027,True
2f828fab3e00fc87118bc318bab1485c61112eed67eef60d8ab1e342e87e0947,12-664,12-664,True
8132d3350ddec0de31b76a85c5347a484245b573feaaddf112423110ff24405c,12-1005,12-1005,True
491527e2a74d7462a93122f73e27b89715bf7abcf75f9a863cc7a755822b3a09,14-1463,14-1463,True
bb9bb7cc62646329f9a4f2050cce5178164384e0c6c9e1a941735382d499028f,13-45,13-45,True
0aa8c4857e1910c65ebf88de0541945d2885dc6c33368305ad6b2a80ee99939a,911,911,True
9c89ca270621ca3efc9d4041da304a95cfdd9256cd4056cbc9f093cd34c6ab73,14-1060,14-1060,True
24d8cb7cd9c965a6cef0e54401be9f899ed97fbd2e3334d3a122f0e196e461af,10-775,10-775,True
a14a8c832b34528f315bf55f31b16ac06aaf0a3003c1d4593df219bd25e732ce,1248,1248,True
60702196a89edc4e391d5a64c9201a0fce24d0916547f815f9396f67ae206bd7,12-124,12-124,True
6aa71a0ec9ff08a4a660c030289da1eb0ced7a7f7ac1217fee4c21bcae559a2c,11-508,11-508,True
b627b5f07c2558358c951331677027ad1422974ad83f702c71f1080bdf7c6ea3,14-1474,14-1474,True
e94c71e7396ed143e8c0defb25dcc8f42d176280105899478b508e69eb6f25c0,10-919,10-919,True
22700b7774a91c8205a239c331cb73116d34b7553ec2e1a90f63702c34cd0c77,14-687,14-687,True
ad8e2c4e80875e833aada2b72517b61d168f866990ba09e030be1256e2f46d3e,10-753,10-753,True
86517433f36079cc51cd78834c25f825b7526fd7820cf153e7a8d5188ccbf708,12-334,12-334,True
fd11feb9519703d26dba0c34e78cd0e14a8344c18af17f69ecd383b4eb7d92d2,12-1079,12-1079,True
e3f796b2d873ef1aa9371ed939d90e2967e572378aeb855b3c4bbc24f43054e6,14-1319,14-1319,True
609f3f427f100daa599aff8ee735aaa88bc9269c1c012a0b43edd750d8e0712b,13-307,13-307,True
c9a122eba368881f4835cc50e92113f78c175c0a4f0c0874e1f53b76848fcea4,14-465,14-465,True
9b29ff67488c635456a1ecf0b3b153b641d5cc2698c5fd82c9eae18355f342fa,14-1469,14-1469,True
e0d65b1bf4ca3b50e97df9a186d48809425c5e77eacd3e8ab82fd4299681a23c,13-1060,13-1060,True
9b89e6ba446a3cc75d481d92f5c003be8d93b9f6be99af73cadbd03879747bd6,12-697,12-697,True
f1601a78ffa397d1fab536aadc82fc8fb20a451a092d601b75d8085b5b0cb415,14-130,14-130,True
2175c74459883b60de31acf55d52ae96e2183eabda16e295412da941e295b556,12-775,12-775,True
100d2d280329153031c0c58010a1bfd38ccf8855765cbb9340e4fc844e44e01b,12-296,12-296,True
2505de270ca7f159e8f8b41a618f1fbe2cb595f21e1a488ff14370af69a9d031,14-17,14-17,True
b4f034f9bfdad9b26260e322090a9fc123d8250f65621c4783c9b1f82305d23f,14-19,14-19,True
df0dec0af740bb495dc44b2eedc99a1c69c95d6fb3088e5e0ef1e4fc9bba08a7,14-488,14-488,True
86458a3f27866250e7e990ed112b1b790f4d37b2e85f51619219cef6945abccc,206,206,True
f4892703c13b723ada85618fb9975cb480d3d14f9e266002654e214e1144fbca,14,14,True
cd46f80a21860e80b4741004ced4772e0eaa4f3afaa94328e3b0a762a2403c8d,405,405,True
833606022ee139a8a03eb26cf0c55398c901ff43b105a70cec2a628dcdc53dce,1155,1155,True
ea0a425cc28336f8da43b88370ca5e5af52f16606943906c5e82cb6ffa10256a,1757,1757,True
18bb28bef347fe5e8dde4a262b663686979b1e07079e4dad01c408baf919259f,1644,1644,True
011e08f4888d5f6b1efca2b4cbb9599bdf0affdc91e470d48304bcf60effaf0e,1950,1950,True
adce4cb9bcf85a2c4e27292d00047f9647ca54778fe72c186e837f9579c7833c,1827,1827,True
e73ff607b0682667a249641e0ad41acd66dc621be3da96a4bb774c2df38b63bd,585,585,True
1dfb09b2e078f53d4e94adf7b624179e09df1db5e057ab862d2404b449ffb5f2,9-527,9-527,True
30134391fd980af91fb1799662b752d660be38d85371a3a201fee7f6db9fae54,12-597,12-597,True
761cd2a158eab16dc26deac4d02e2372bc9ca0f1087ea0fe45c2107f91dd126e,14-749,14-749,True
67b664502a6ab1c4a930ddb13f9a1bab4323f8efce87bdd599e4492dbb3c7824,8-492,8-492,True
83cabe3cc9e4ed78a556d2dfb64f5525b2032a1a2110074bac255acf99ef8a56,13-778,13-778,True
d3c092f944f95f79ab5895ed0c0ba06da1a61f180729ac8bf28d88aaf8d41fc1,14-866,14-866,True
325e80674012e85437c906970637b8e9fbb7d8bf4398ee32438cfd51b4d765c6,707,707,True
94d2fb7d6ca642033a1b153a78a28dc7dd5f4db8bed4e541ac9e6164f9c882fd,13-621,13-621,True
2e8b808e5f1fd58c915da6838238c5c84cc51f6b57f7b96252e866ef74f583f6,9-406,9-406,True
f1bbb5540bdc98b0e7a16f1f30cd952f6bee9683688f094b8390ae58c2ced769,14-1379,14-1379,True
225faa5d46d75a40240658d088846ce4450070466ed6b582cb4a60cede4e1511,12-744,12-744,True
9844fbe7c068786ac34814b969827b3c6f794cc6ff3b3e11d19efd0fd06d4b9e,13-308,13-308,True
4556d4769d1f592a427ee9f2e3f482ec4f734a39b33839b2a3a373a66844f571,14-1138,14-1138,True
684d90da25bcf15a04764288b70b526ee7afbd101cc8fa1d7bb991778e841116,14-436,14-436,True
d243af2b25cc45a3726a0e464fa44fafa3e132f09758cdbfc441e791899c1790,13-1024,13-1024,True
f651c0b256936f85939e10c4f5e3deb55543202dc5f1d7f91aead576d75e6a52,10-664,10-664,True
d575356b557fabd4ba67d6e39e6e76915e9124f97b3d7e606e2ef5b3f40e85cd,14-58,14-58,True
a436f8dd5310fec722d8304a7338e6efd52cf5325097542320d6146185d854c5,14-848,14-848,True
56bea3f7113bc93e26cfd13a6dd8c11ccb49bf5a5ff581c424e13339cef8d860,10-105,10-105,True
d0b038924962caf6f3bcb32aa068f66b694e0a37f4d445fcb557a1c75e14b90b,14-1370,14-1370,True
6d4111e439603c31cdf693f64ea31314d60888807f06918a2acdaed11123b897,13-751,13-751,True
5c2b765f76e715f6f253d93f08df4a3b7930d41feedb5e19c0b2c79bd6aec083,13-874,13-874,True
31a58fce5464c9ab5a03755f06928cdc475e1ae084d042dc29b5c12065e69c24,14-272,14-272,True
50bbc8670f69b0b25eb53d4c805f3668309f13244edb5da5e9a4d1d85faf9656,8-164,8-164,True
52ef4b7d9ab4d122fea01ce5dbb8ae69f6b418d6f469d694021721c1a6d8d9c8,13-132,13-132,True
fadf946b7a036b797cc5a2c4ab10301eb446bf34aee76995298d8079b930c041,14-1478,14-1478,True
491c94cf2169876c37f6651e8baa243be9398c760749b0bc9fea12107f2e5fb3,10-1176,10-1176,True
a3867b231987f5e446b175f7d4d29884b2844347b5e04510b5d463ad69841cb4,14-1428,14-1428,True
eae6353eda38e69ad8e0edeaa28aa83a265bb46cbca1f720644bb71827b0a87b,13-746,13-746,True
53c4b8bdee0f66a7cb7ea11cf84c8bf8cdd5cf69a3e023c4ed2e0bd1cbf1ca4c,11-88,11-88,True
8933e093e0a98d638838d89c50905180358607e7e05b78743f25c79d0b0182e2,1336,1336,True
dff4f3a293f29543eedf9eb8b28754321fe6311b47a3ac354533970b80fd8c6a,9-333,9-333,True
6d0b8148a5901c715187b29a11254f4e21e3db189679b94365ca387383748e52,11-142,11-142,True
f41380f492d33033d0cf444535cd06b9d162ae484a4c4addc20a40a50ded6f41,12-865,12-865,True
93ce7a9d98aea0e30271e24813e9708d998c23367aba3aee79aa051661df07a7,11-440,11-440,True
95f0418789c2d382b8ca3596ea992a994d580b05bca432358a24633537aa03d9,12-925,12-925,True
500a51f542ff670fc51be9402afba6bbef590ce6af90a71fd4768e016456eace,9-781,9-781,True
9d7a3349a60bc27c4a8f181febfcba48a4c2ceca9869a550a1fbb92ba5f3351e,14-817,14-817,True
6b3d98582c4b3e81df0de0d26b8b5d1a0b1ba09aca3de91722f7de42d887616b,12-797,12-797,True
3a54c7b208d9c71e2b5de09ae84663a5a5b0044cdbd27faa9bb5f9b82bab4d64,12-1161,12-1161,True
9a389666d54aee056980575185e2fb8853cdb029764c314de082b4d3c4e84667,12-192,12-192,True
9d80345198b2597d8c53196c4806c0616e06ed79bc1139b6f85711a81100b627,10-292,10-292,True
18c99ef765482374e0cf899e65b8abe14b77b0b4416f2275325b7b84a83a2765,14-133,14-133,True
5684e396b35525722d360613e59ff5e4b456d74155ec65181eabce0485d73ba9,14-865,14-865,True
08d3b30a2b83591d56d1a2cb7ad1ba6a8cf5acd2e89d92c5a291c7b81a9d0db2,595,595,True
c9009ff505a4bd04cf469983dc6cf68e78573c165b4f2ee896d540be08b12f4e,14-892,14-892,True
b46c239a9adf90725e06b0b5f399942806b040ff09a3b59bcb98dd8b7c7d7abc,13-295,13-295,True
489ae1619d8f82bf8c7a6716528a03c0e2240435ce284d145ed8da3e4e78e66e,14-294,14-294,True
1ee8003b1b7c9f55e64a9ebe81f1317ac0dd71b55d9a57dcd1e4e1b002536694,12-1061,12-1061,True
aa64e30d1392d12a770b0caae885570d037b6feb123a6a27c796be0230ae3bee,8-472,8-472,True
8fd047d30410243aaed93109c3ed7859dd4e475ae0dec0202d55bb3ad87f9dfe,12,12,True
89196cbc9cb38f292d4893ffb40606c7477176ce7b5c8598867bf99824269188,9-96,9-96,True
6e2ac4f2473229e4c0d3c59b050fb667e9af847094a5589d8d9c6936cf84db40,14-1382,14-1382,True
5384309101cbf7c6336b3f0bec168e7a47e2aaee48df6575c73e62825831607c,9-997,9-997,True
b3fa8ebb0d8b474ff702bc3e3f5b637d2e90cec74eed6540067092bf74ed0c75,14-521,14-521,True
27e5c0131c4c76423c69d7987d1164aa151eb535d8f63bdd3291bf54250ac98b,12-438,12-438,True
9c2150717a8ee9c75c5a944c5416d0c7ed357ed6c1949b0dcd26596e6d3d7202,12-873,12-873,True
20dc2594370b73e64182f7d46d6ce40ece67bf21b698ab532cad12647c0cca49,7-934,7-934,True
769653d8be7945fbc80dbb2cf1a1ade12e12c3ad7fd2314aaaaaf64c0870f186,10-1211,10-1211,True
50ceaf1eb90c74a77f02769ef4f075661eb5594a0933ffc90ad6ccd5d296b0c7,10-308,10-308,True
53edb75aa28e63107e66d819b990f0120554ebd49e3f273b3e2cc0bc97d6e8f1,7-939,7-939,True
5d2214666520503a6d12ee43474ad21dc064403eed016c101da07da5be273d7d,7-745,7-745,True
3a10c9fb79cf47993f1f6fa8efba9ce54307ec49c6f517a20671714c0ec09b2c,12-232,12-232,True
29395aedc43fe0a88a5ec069735bfffab1126ece4b3f7632984423a1e69393fe,8-17,8-17,True
ca404a5eed546586f163c4d5f60f3dc752289633560d9252f0c577b83698bf85,9-344,9-344,True
d67acd40c7b882cbab20b4136128864ed2787dcaaac6553cb35400c48dc8bed7,9-78,9-78,True
343fd9561941d5069ef3ade8863ee54584cac6a75c8550ead918638f46c53a96,12-101,12-101,True
955fb83a0ade5c91653544e099492c19afdac19f2e5f112576f4e6e323889c3c,10-1122,10-1122,True
2d7f7a61b36881f191a87bfb3cd43c0c8e9d73c2a671694d692b367ee00899ed,7-529,7-529,True
d282325fd198124d7371477bcfc541187cc2780d917c4b786eefd212b7a13332,14-9,14-9,True
518ea860d4e6df22b1741009ae2d61f059cb381924cd90167607d6a49b429a19,14-879,14-879,True
b5175cbb0db359b5dabdf082ea05c44718d6033ad3289f8adaa05253f4e967c4,9-780,9-780,True
6a6843160d3660909150766fc188245c83efa2fec7179bedec23aae7ba1cfc0a,10-1036,10-1036,True
d0032d2d1074fd08ef48fd1b57036785f4a73a9e25cdd25526510445ec54f6b7,9-173,9-173,True
b92679d2501f110d30d5c6f80eca0bb5bff82518681feb0dcde13fef1bc458c2,14-1433,14-1433,True
925bd83c8d0c2b65c65175728932898ff944a8ff7ebad357060bf613c1fbb4b2,11-520,11-520,True
7cf0ad8980ed575b8e5d6e701038ad5dff0c0c166045b203d940cf28079a87f8,10-328,10-328,True
d2c0bc6d925a708acf2d9dd3ac49299821c7805ca4e270507a09b27cbc694863,7-94,7-94,True
6a4224e54bed97e2ccbb2cb4be028bc3995911f0014b8f7080388e123d7f6f03,9-13,9-13,True
ebf0d9bc3b79290adca9aa552fe3575a703c806ee8aa435798e11c6e00dfe986,7-752,7-752,True
e50c4915beee9f936dc45e4c178ae8df4c684a49fc0e025cfc280d0b701fb031,7-245,7-245,True
c459a2fa2355405acc810a62e31af8dd087ecc7aa285adbbd4d1dd1b8500a995,10-279,10-279,True
619eff14fc47d71428feae16bc61d31df4d44501ca3482105bca966d92183197,9-767,9-767,True
d4c822c4705b5b863a281a1dfc453661582961b80ef8fae1189bdd88322b6a78,9-651,9-651,True
78d416a37d4dd62c83ec8b59041f2a440398724454289622efa136211c60ba95,14-847,14-847,True
4b97c26f9232a44716d0151f1c1d9ff1e9aff3ae3fe4742b9572704e23e5934b,7-834,7-834,True
af9023ac50b1644f43b4e5bd7b021875b2a5eb6acd2844b96da1b737e2ff6a0f,14-995,14-995,True
3db6e106529d6eb7eeb010e242d1054723e301b6aa733447f61b12c7c8c6feba,7-1085,7-1085,True
c791223234cd781fe2de5449fbbcd5d30a0032bda282b0494d277554a67eb429,14-1152,14-1152,True
c661b1156c70585d6da3d5fd3c525205cba9454272a43cb8841b3a68221d8894,13-217,13-217,True
8dcab46fd188a78ddb0b0ca1b9ed30502fe425529ce9cd9d11daa04daea8f3a3,657,657,True
179373f8228a840a01a66643e64d35fc0b7a9680c0d1036e10fd0fb808a0dcae,7-110,7-110,True
e81bed5c85ea25666dbc62b90a537af61b0d9b292a92286ee68589565805f40d,1269,1269,True
ed759b7d1809c04506ccf761d1ee7131b8788613c02b7d73cde6961c789d4c61,10-668,10-668,True
7c2b247eddffd6accf120901ac5ed0b3d826ebeb2decf0f402a600acf6d64a30,14-63,14-63,True
9df7820e1b0e1ec0bc4e33933c3642a4c11d6d15cbc0b7acc95ce335257262cf,14-110,14-110,True
5877ddd0e015bfbc1e8ff3f67d839a745938649ad82f547708dc2aa431161799,11-232,11-232,True
e8e26781e8ae980f072c45e0876e988c8f45e612b38affee23c7c09cbe91bd3d,9-936,9-936,True
2e894088f163d12cb0b75dabdae0738c71297ba8bcb5ecece2afefc740b8051e,13-835,13-835,True
615b510b60988aba5f78d05a646cf8b4d7b342a47876e1e70fd8bece64a81848,12-183,12-183,True
ec31b436943f9f3e0faf0b1d668ba3d5a0acbb27347b3d13f83204ef4487b71d,11-724,11-724,True
a697f6cdf7513d851396018e3493f162fe5d9100d2fe6d180bbd305a3c259019,7-632,7-632,True
6d6b7cd0e430987269124dea468c1ff00da6a02277c569e23c5ec7f996559ea8,7-584,7-584,True
ffc49ed9e6a77c50cc62209c03b0b021c40c5b8023654202b81c3f066ff2b9b7,7-1005,7-1005,True
050e828da19f8b043042dd6d7a571cd0baf229a021ad5158daef01cbe28ca8af,11-467,11-467,True
7ef0d41a9f4b95ac7183fee27b37b83b6059b45c94e06860d2505842c7b068be,12-666,12-666,True
d7df91f48e96ac35d81776426c02006e94b2411416fe2b14239bed602b53dac0,14-522,14-522,True
11e7795b836dbc3051a5e09d944a80ace600b8ad475649c06c5a5c6aab1fc0b5,12-120,12-120,True
3622e61725d955a610e5b7d65d2600e0072e467b0c7704959f5ac2c44e52ee1b,9-516,9-516,True
1898a884a9f34b914312325dedb1197261a2086cd7f4707e69bd153a9ead8a67,12-653,12-653,True
38b42851ecf146d7b321d6ead5564646781d3527ec7a5996293601bdd68f6639,1295,1295,True
d03b1d0f9005cb67712dffb649eb0d9b4c21854c555fb3150a61994d9b46cce2,7-1037,7-1037,True
59ac24fd1a0ad6d7fee1e4813998c705784e10f5c07b00279a9aa308e4c559d3,852,852,True
8c0881362acb5f7048669aed3f3b36d4586133d19e1728fdcd85fde2fed534d6,1005,1005,True
3caf4eeed794f8f66dabfc270a7a00f11a9ed0087b067bdbd35f6ce99542fde4,1261,1261,True
30641e0ce41a93aa36cf1b4ad88c87be97124bd1b80bd185995dd76613b23d04,14-180,14-180,True
2d6529f00823957ec857b0806820b39153a5c93df5962453027f450657d6c984,14-250,14-250,True
1ce6103419f3de2a5da1e907a528e644dcd7abcc28ecf7d0e5d6c1a255214abb,1159,1159,True
92394e4f4e5f379d61d7e0991dc8d109921bcce9ed0bd660050f96008e8e8f9d,9-355,9-355,True
c0da093b67b66ea4ab58cf41977c8e8f1f3e0a5fdb76af81eced575c621c6e18,14-172,14-172,True
213534963810dea1fe56bcd535f6cca055239a8fd457b4a2426a83c9c3f6fd65,14-1364,14-1364,True
c5244ee76892fbf6fe94ee817b21d3f0afd52fca5edeef2f84716bf855771a77,10-547,10-547,True
7d7a7f78830cd24470727dbfcac381cf04d6abcdf1ff583cab221ac1d7c8ec53,11-501,11-501,True
a9ef1eafaed288722b096b40e4648ee75097ff8956397d3c369fb02f6dfecaa7,7-362,7-362,True
899c418a1a84f3dfe2935313788ff75e9338c41f9bb006af87d4e50550b06038,7-451,7-451,True
8ff8ba582db137f0c136d5121e966bf92083dcd7e4365ecc6d63b3711d41c8a4,10-984,10-984,True
733d099c0eac06ce1ac1a197ca3e6e021776fecf0d7d3f73c6cdaa34c55d438f,7-592,7-592,True
98ae925439aeb877644bcfe1501a51bf926a70cc0dd267108e841974e63a0577,12-1117,12-1117,True
d9538ce704f380278a512881a7dbfc427f195d8cf8a5f57cf8197f76eaab674f,873,873,True
f4d599a3659cf92918934d621178aec142146e889d28ce505977abb90628852f,9-660,9-660,True
caca3e4b6929681418c2a321433db0af00b6165ef0c2729434c37ea944a13f6e,13-79,13-79,True
6fe42705ded0ca791347ec7e6a7230e1f21ec90fdccb45d985b628615af535f1,11-555,11-555,True
8eea74728a06888637116612016d47a40f62bfacca1ddc694f7a88c0f4520e7e,12-491,12-491,True
1e086e9b2a7f939935d02ca6fb02d56aef1898df2de690516bc1e2d8d0b5dc8e,12-29,12-29,True
e8d4603810cfc7e2fc69ed05ebe52beceb476c4f60760002730bf27e8887e5c6,9-546,9-546,True
b0df6a89927225a32d7fedea8def8e4a40011e45c162eaad5bf1ea78f02dd63f,10-61,10-61,True
a0baf9de197506433d16cf6f27d43e27a1ad65d52c1ad95d4d946fcdf7b0b49f,10-560,10-560,True
f3b097a27cf30482fcbb5dda1b71403c0e3d69a600687aa920ac0d6c9f9ddca6,14-1486,14-1486,True
1b0e8c6a095dc51a56423bb3ca95d385de76c5c36290b46e3aa817f46ad56acd,13-39,13-39,True
4bf5e1dd2f08e6e06f9d7bc758d5a780a21a2ac291772aadd2141e9feb771ead,10-957,10-957,True
acc4487443bf1b6b3e31c4ed6de1026970a67e6ec92e60c6e08ea1d7988c5538,116,116,True
3af93f1fa736571ed1126a08fbc616e540b3646eb525d3d7b4fcfe374780b235,13-931,13-931,True
627c38cc7d9285b64ed0e846a87ac485fec4d24e1e8c6a18116ee17064b1349d,8-360,8-360,True
d36f5afaafb988435d79dd5e4e4bc7f6ab2e4a01962d2310d70a2dec51a19b80,13-535,13-535,True
4a8477fd23c72d0c36621dfea13991421d7046508d7e4b1d137036fdaa037e79,12-277,12-277,True
46b268ef7970265a168c8c2e0e556173569b7c5dcd4ee9c2f258cfc296a4219b,14-1414,14-1414,True
45d357da9834e72e0dad456ebf6ddb42c228daf94d5ed897f97dc7ccd2dd07d3,12-853,12-853,True
995f5a8c87d53b8ffcaa0399969e802f5b3c4a04376dc9c75eb2da842b4bd51f,14-88,14-88,True
1dcab0f339a679ff9efe65f541d9b0a6de11e4e2d4f0b788c231afcc515bde7c,9-912,9-912,True
e83860fb6698472a1451eb725a1965c297bd29412ed37c1a55f69de2d81ac240,867,867,True
fba9612b43958add4aca8bd0635d5131f0631f6eccd4f6119ec82bc15fed007c,13-1034,13-1034,True
95a92d54d21a4919718ec37a1e32de6fd595a7f50a8656987799fc99e6a318ad,12-947,12-947,True
4d92f5a9356f281902ddfc1f3c70fa69442374263648cd9762199607fa29d7cc,288,288,True
5e52ab8fbe72577e98668424a05151a6d358d15c2f8e1d020e4273a743eae4b9,14-359,14-359,True
04f8a7dbbbf08fbb829715af82f5f8cd28d4354c2dea50d64476365e71e26556,9-291,9-291,True
42209983b9d3d2298416782e5158e3c4ca76a33e6ba2869e74b71ab0f0513ae0,10-887,10-887,True
167e8b2e10ab462ffb63a87efaf4274e137ca7909f71393f1e79d0554806dcf1,1045,1045,True
5635f4d2cbd853d580e180ce4516a85623d9de03bc6df6e64e7e9ce40c407932,14-215,14-215,True
a65c25f2abef2924dd804405a1db1e2e24f0a1017f5192d6e056120882d14e41,14-407,14-407,True
e91673654ee31a26a6a56a6beb50f38da14afed43bd2c815997efe1b88388b18,12-293,12-293,True
618d8ccbd17f43abd7ebdafbcab64db0d5e012411b7151c9cc4ed3898ba1e615,11-21,11-21,True
173cb6f6f25d50c14d7ca5f162c8a124f2db6c4a9480b70e2c132bc1077c151a,11-576,11-576,True
270f3782bfd907d159e6b9ab7b5ef2e4b3630f303b58f38739650b1d1cb438db,13-386,13-386,True
a66b423f36e5326dfbbb1cd9676ca084ace08b46fac78d126af17f1c525791bf,11-662,11-662,True
6d86187ef074cbeae792a56b5a6187acfd530d4ff060eaa6f0e8f542685ea3e8,11-695,11-695,True
bc99c75a581cba3d70c9614b6a86ff16049588f4036e9c9f976f128f4a53961a,10-747,10-747,True
a4cb2e7efd3d5a1998e27619ba4ae51e83d9ef4887c05c103f6c2d7a15f4e291,12-717,12-717,True
478aa232c39627d7094b71dc1f2f09aedea29ec2d2f316c2c36f9b5e622e002a,12-215,12-215,True
c8164bd7050a6581b4aadab3248acbf35ec49ace8b70bd1f96d59e08ebfa3299,10-839,10-839,True
439740dcd8c4d2fefa6724a1de849fa577be7f3056769ec464b5b14efaf9a6b4,11-27,11-27,True
5309ff38dd94135f10e959308bb889713a6d5807e621610afdbae98ede23e0dd,12-214,12-214,True
09378879e842be822518efd23fc133e0805051b9f4049fb45269acd621984f32,12-588,12-588,True
4b47ef98773bfc9b639481a196ddaea09b2b648c11596a950ea3d0158be03144,11-659,11-659,True
4df83af70147db8edc520f51a0c1cf3ecfcd2646fe40b89111ab13ebdd1e71d6,110,110,True
bf3917ad9599242eb60b08438d9fdb0a36403e49896e1d752f28a4c1215f470c,1128,1128,True
88ca52339381321898e2c502c066bb635983da7b681805bfccf88c9ddc058f0b,272,272,True
2be7b799d490b918751259a0af95dbe90c98345f02e4c98808547cb6864f7872,11-400,11-400,True
49e9b8170a2372b4bbdfeef1062e9e52da8410d22ccf7329fc1398306c6e01f2,14-464,14-464,True
1769c06eb3324d90619f0a8594b0b6f9b811635dd0a56d55a985fe9178e59509,7-948,7-948,True
25884ad00dc2795695ba585a21d81ecb2828c75bc896d4af516d62e5aa75a4a5,14-919,14-919,True
21e49b1a3d62088237f2bc8488011eeac6159b76deaa85ad98786eaedd2df392,13-653,13-653,True
8d3f741f2b60fde51eab71889f56aef169d71938408fe497a7f26df38da667fa,9-1065,9-1065,True
eaadd9af7168ce72916bcd70f9e7eb5379718b6bc280f7fa9023a0a07853e9c3,11-437,11-437,True
cab7cdda006f1d629b8337e008a38ac06fb1106baa2e326cad9770f74a1940c9,9-1116,9-1116,True
283561d3cdd4d33185c5d0705ee0f638c10d33d3fc6d87aa0dcce4c3d111278b,21,21,True
ced361f2329aead88322bd326110ab62a118234d8a9bd47e8b95cb5226e472e5,14-1041,14-1041,True
239915893671bec6381d6d2d13dc34d50d09da608859a94295cd04c945539edb,13-838,13-838,True
b670bfd29a78eb4078965988500f74000ab61c20bbcd536124da731074741700,12-1004,12-1004,True
b39b06278bc6d318b061ee348c6238b9b4e2650374750c4f7362f5d635257cc2,11-287,11-287,True
75641c4667e7c11ec285e999178fb759d8be6e8392b1a8e26983ff93f0e844f6,14-265,14-265,True
fff7455e2bcce036e2336674016daeb927e0747fd29483e2f0a4e735d6af8458,814,814,True
ba07cc574460777c8bdebf2baafb51741f38e6c93583ad47b9189824b4daed47,12-108,12-108,True
6851db2f043eae5c7abb06d7ae3e18509059b07fdac26028b3ae8d372b55eb25,10-325,10-325,True
9cc03a1f22fcdee3743d2bee04a1dc043cf70265b9feb2dc88845f08c6d08f8c,1873,1873,True
b137c8b909c362ca3a28960f2e1ff44b688ef58f641d4b603e46030cac5c34a2,13-425,13-425,True
c8568110f3400e67941064582ba0ec5f4c75f8a2826a725890ed2392dfaccb3e,11-684,11-684,True
f9f711f12c05372ea41be5cf2c1a7b5e0ed6d193ab75944cb09d77792f43e61d,14-1235,14-1235,True
7f437c2be70bf31148bc301cbd09581be741e5d79a4e6c794cf4870b6227e424,14-1157,14-1157,True
e9d05dc685f06887f3304428d78de604d2bdee0f5a1e7b06c665ef08721be03a,12-197,12-197,True
9ca20393777435e961a4c722b2022f554a77b032f181d669d5919dd5dfe61457,13-662,13-662,True
8d054d6c0e96be8dbf7a10f926b20c293e23925a04a349c40c073f8d5c557dba,13-479,13-479,True
78e71c429a9f99bd6569375934b2eff9c278ba42b2d179845c25fa77233be9e4,13-206,13-206,True
eb7436babc613aa78ca4a0370aa465799a176ae5e7d7955a7f9e0e3f94f56adc,14-1252,14-1252,True
6c59353531f1ae594f8d23434237c0658a5bbb6dcb67691c35cd1b2493d1ce2f,14-566,14-566,True
03e2d64850cf7b9ec51f22795e6cfbdfcbed17470b80802dc24dbc1d5e4e1d44,11-395,11-395,True
e7105897474f8a25632df8f8250f9e4d5854b25a365acaac3f32072d0f260024,14-382,14-382,True
b07113929334f3f11fb5bf69df7c717f7a9fb0c64a34c2e20ad1d8c02703fd95,12-747,12-747,True
33d0912809fd747654f7725c05fb6879177ae439e1920d89c2c7b92ba354842a,13-467,13-467,True
24ff8e14dec07b3466e5de940481da9057d96ac676637e83b8e3787dc0e27f3b,14-402,14-402,True
c3f895c97677034e5124c03ce72ca92e0bb18ef397f7a9f22bf96413d063a374,12-25,12-25,True
97095808875e5f4b9070c8fbf462ddf9a763e4eaec83ae252f4d90ad22d2a8e8,773,773,True
3378455914475609e160cd40e724bb4754c08367165838a7d98a3e144e086d2f,779,779,True
b5c5b4509923cb786dd41ce8f73846c0d31917384d8f0cf02bc971d72a8af132,9-328,9-328,True
f650541e0f9ad285b18c72505b52fe0d14d80887076b72d7864259db000e4dc5,770,770,True
6712fd9f434ff8fc25ef501ae9ea2e85f7bfd5f8c62e4496f15db669a6e72e2c,205,205,True
c78eeccc187c2854a249cecbc7852524391f62704134855e9f98e0e4a2203e01,13-336,13-336,True
e73ae8fb3b6b9f93e98a171fecc03ffa79092c22600d76253e3cea103f55fdb0,14-428,14-428,True
13082144ee3c7f2a651d9eb52888b90e04a10c313c858711cfeea0ff02e26923,723,723,True
b8299ecbf3f5509f83e6b072127ba940039c61aebaf249be8ff9b17eb92aa062,14-416,14-416,True
3b6d5244145e6cfb29453160867ff26a11adf3362f7ed99c2bacaed35b356739,12-1084,12-1084,True
926fd75126da93c2fef3747e66a3fcc2d34b11180d33f9bc32dc4a9b16bcd279,11-105,11-105,True
56567c0cf0ba7ad1701e5644b457ce327e3708522befccf57301109a4010f1ff,11-685,11-685,True
c670f49830b853bab7b9cc2e9f0e94c83250bb1d1e0d2f71bf8a8d0d980a78a5,14-575,14-575,True
6ed9ef4eed8710de4b721a6d67c7f751a3010dac97a277dafa34884fee6b6237,168,168,True
1b7dd4a469f28f6adba7f5735cb25a8fdd167bb656aba9b2559daab8be4c18b4,323,323,True
c55b065205702eeeeef5e7ad39204120573ff0f77b2009d0c569db87c0165a7e,12-121,12-121,True
cf94451a6b8e5fd2b7776d2ca8de4af417ac61f5ca0914bdd08a7f6bc04d7289,14-381,14-381,True
9cccc9bf98f775c49c1435e0d55e3ff0e03dc78c01e04f4600b995015dfbd865,14-1287,14-1287,True
580f31739cc2e6c699b178150873f33a619e2020d0657943374db8d4b8bfb1d3,14-1456,14-1456,True
c6cccdb40204b7397ae03feff550644d708e6fef9413b9b5fdf507402630ecc4,336,336,True
d3f02298d8c01aa65334b1d0bcbe0e444461ff3f495ee4bb3a56cadc57f0b367,14-1384,14-1384,True
a61f43544aa7681c15fb1ca760c2f22bfdfdfbbdef906d66d2c7253fb3d4cadc,13-247,13-247,True
59f38824ae3005d5f9400b5a5791a194b24ba85b1e14ad0f8149cb479db12f25,10-1214,10-1214,True
4de12c8fad51eb1f68d0834ad4be086c641a09d68e9ed84187d74aff77c29278,14-1196,14-1196,True
ccf40e0870ff7329422f86f949c67c24e84e5e39144302f94396e41b3e07fbf1,11-422,11-422,True
d57307e4a859a23dba9c0905b74698ac9808001e736d5c800136882cb6628489,482,482,True
7a19991af442c37283879404bcb1659ee33fd1513aaff7006e6717ea2c10f522,10-829,10-829,True
71341068088a5709bb97d6b6d50064cccd1a5676dde2533ec6b1a62f0c3402ba,13-1022,13-1022,True
3dba045c5c4abe5d588cc934007895d44de2812b0ce4bea0c411bdf2910e28bb,1154,1154,True
2a5ce918e8f21a9813fc8521fe1b4b84804a730a1b1b84d3a620290bd76be76b,14-99,14-99,True
9eeebbfb2db688080559e4f0939e97eaea7f9c1e69737abc5b61f035acedc8bc,1191,1191,True
38ee026eb72416762e2055ac9adbeadaea01977835c07b6de8a88ff56fe2cd76,11-290,11-290,True
04e9eba73e2a8cd46c4ce538da07eea2d6af4e566613fb6b2744b335a1f58ced,14-658,14-658,True
cd9b6b8dca4ef32892ea36aae31a866c204ce947d1419d9f8add5c9a9a63fb64,14-1137,14-1137,True
193ff37393b1d77d4e61ce0dc91d3a14410f1a6b581dc7c6fa05ddd01504b02a,14-1446,14-1446,True
5f956e5ade18dba23131776703c2601f80c3e1c06dd28e9372bf72bcced4bb49,203,203,True
dd8138d6ef5bed744fabca9f4dff98a30c4647b0672837df417cbdcfbd9c668c,13-563,13-563,True
d5e44182d704ef258cbe45772e2bbe5069cfc64b684ef098991f558abd9b8e2d,12-325,12-325,True
139312348d09e35fc41d281220fc722f85adc51645efb11c59488a1986cbb4ae,12-530,12-530,True
53cc6beba9b85fcc978ead91db5fff8c4261f214a7ab5f23b6e8125935afe868,14-714,14-714,True
0621e2a2b5ac8f78a44b659ae986fdc972c6cfc41d7e55f510b90c87205bd3e6,12-210,12-210,True
bacf96f51d28078c759c60ff3d41affa88d43538cf0af075bd654a92fc18067b,11-130,11-130,True
d1b91d10c502d2fb3ca727891a588aaaf23abb4c840fe821a17dfce1ac9ba2bc,12-391,12-391,True
9a614a17fa3be8541b80ba3bb8dfa7ee15e24a555a3f5cbee12846555eac9e3c,11-245,11-245,True
914548c30295f4a9ef322b26fba5cbb924b07221fcfa4890755a619ee712dc1e,14-1468,14-1468,True
0b257d5c9e50a2e442e6003838933071912433119f05627bb92f5246cc6f95e7,11-327,11-327,True
b8f33e6702d4a75713f7fba2fa742b2aec6ccf8a6649ef23755c93c4b3f8d5aa,12-169,12-169,True
26b3dcd73ba94600819986bf5d2b7a01f8d458480238abd66fdfc7cad7fee9ba,14-1087,14-1087,True
cdf076c73e412208c9e1a15ce47c7da5989a3d5012ea960cc9379cb5b32dbcfa,12-878,12-878,True
70b5e1e95c0db31c9d6770c8592030173cc38e3c5222e7a99340f3702b82a9ad,12-1190,12-1190,True
013eb37bbb5b90729f6ce6224a8da70bf5d91bf625f875e0ba4367dab9989f97,14-1047,14-1047,True
5520eb9a0179a6147f6bd51b7c74369ba2804993bd01cec2d21bb74844fcc9e1,12-1196,12-1196,True
743f40cc1bd11072fe5e64b04792f15463e64ed85911362904aeba09e9639d14,13-1036,13-1036,True
9f9f3a19786d2f3d83173c7c08edbf66814fc675ca153919fa28174a4a32a184,14-47,14-47,True
f8bbc05e67fb0e6f51fbfdda3b8301a9c2fdc8ba702c101c04c8071719b8ea8e,11-314,11-314,True
e7dbc2b18959410e28720f876609a5ab0aa75594a20e35b4e1482073ca372f05,14-1315,14-1315,True
5c57ac83a1f91e5663f62126a773a331b410fc118c4b64ac299431893632d5ca,13-996,13-996,True
d780980275763833d152f0df533b9b9da445c708aba8f9f112e8d89df772aab7,11-661,11-661,True
bfd0f9099869a687962c1a0d0d15effa0da22d38f81ba7a5161287f471d4150e,11-13,11-13,True
506a95a20e587132adc749c1a7611a8df6db5018f9f63406dd854100db18585e,12-1064,12-1064,True
d085a3dd7f4535720a79bbb750945a281ff00d5b2674a843a772b28cfd38885d,14-623,14-623,True
2f7ab317a887571e6a83ec3a26fb0a9591aa936742b8724d5c289fcdb1043fbd,14-1063,14-1063,True
a25be6c9592bfa81a9384575c95d33f71042e48419fad4d4035d6c463e25c4c5,12-916,12-916,True
34143d772fd3861ef489023db66d68abc0103011775b0bf20aa2b8854b9d012d,13-623,13-623,True
9498fac24734907da8ad59a69a3c427d8a41d63b76947d1ec85869fa7dfea216,14-404,14-404,True
cf57c881d53cdf1afd920f6411713c26c92902b840343888d2fe235e47812d9f,12-266,12-266,True
a664100c89077de6f5bf84f1a72a317015fefe0f520308d95f8eb715d80b8fd0,14-442,14-442,True
bfee96ded1fdc67dafcbd71bec435956736c1e7a94c2e51cb0476029c0b979ea,14-742,14-742,True
10feae8bc4c4e0438e7724204c091c5e3b7117081a645fa14ac495a6d9081762,12-582,12-582,True
d65405f4f2e77085a696306a02a60d264f11e88f36a3e3b52d5733af97b5021a,12-616,12-616,True
fbd8c3a9be33018a85d4282a8a28e7fbc7cafce312190a0f459390fa36d2075d,13-96,13-96,True
e96f8ed6479a9bc4a9697d628094813229d09814ce393cec29a31ace431c04f5,12-524,12-524,True
8431eaa4775440f17271b8bb209838b098fce17f7fa43e0f7aebd1e0c9a178f1,12-627,12-627,True
455ea4bbdd7a5a961471027589685bdfe90f6e7e9b77173bb6985a3ae9f87ee6,11-475,11-475,True
d3f74172f189b985ff664ef550265c903862c77d2f029c54074eb3608fb5c07c,14-266,14-266,True
f6aa772b61d7065e0d045806f9e6cddcadd615fe7747b3445db4577e26380a00,14-845,14-845,True
daeaffb6a4d0c8c6003cdcefb466604c63022b972c10c5f87b484cafa81a7096,12-1137,12-1137,True
b976960082cc2b1f275c6e8da8366f7f9ff670f0bd2cf64bfb8208cbac217eeb,14-831,14-831,True
71a3cded51e318a4a70ef412e18dfb685a96ab4290c7299f9e7c171f690ef4b0,13-988,13-988,True
36a3f6d2c371b18dcff58c2eaed514f7e54d7360842052f4850db8bf16595f9c,11-339,11-339,True
ad33b8823b346092536ca621589f608ab2b70aefc0dc6398f6c1af3d5f7ea400,12-509,12-509,True
e9729d25a77278b96a95ae8826dc3e5d2ad4da415ff7d58084dec5a4a97d23f6,14-850,14-850,True
fea40f507d565cf1c852ec1f91546f1850073b6edb2ec1ffd99edfdc63700ce6,12-1071,12-1071,True
bdbe195b2963dca0e8a5b000ce367511e4e2d7d97659903fc13a685727fb205d,1011,1011,True
6743102d99c121abaafb2a7dc0cdd8cbb0fbdd656a2e187651118475d38fdb97,833,833,True
56f732c6d6974655b8ee2e9353757204776f7911a5e21b30dd1e219195a43135,11-274,11-274,True
9a87dae163d015b5cdfb71bc0f389a804e1481234e712e42e20ffb8f552fcc7d,282,282,True
e888040dcbf43df202d3219ba90b88009a4fc13885414c80b6b337e2e9c3ba16,12-249,12-249,True
d20040b012bfe31f98627df9222cb4358f594b996ad7ef86f54d1a1a6f9de09b,12-171,12-171,True
8430be3182e407e04c9f0e33d0d97dfad235e9f7f2770d91f0d50c14e6b8e8a2,14-1323,14-1323,True
e9dec8468e01b1074ebed01d0c8b36aae750ff165619bc12ecd3017806557e3d,12-312,12-312,True
f9d6f209ca28ddb11848ee142c4e56a60cd595b42b5f17025ef48d97766372db,12-532,12-532,True
6080230290baa670411a5f29d6ce2a523d5c158792820d71a9857bbe6fdddd48,14-1044,14-1044,True
ede0b6814fb2d29af3d88df69dc75aea8dad23784da5920d7470377d7f6e3fd8,11-594,11-594,True
92d4677c0003734177372c0edc20dc6930364e71ef59a6803a2b72d5e760a109,11-8,11-8,True
3bd3efd733c2c2d75087cff6b2424174b5cb172c515265066030cdb681bdcc65,11-134,11-134,True
9185d9f035444cdfe162f4158085a6308b155512e6f3d3bfd568f8c36231a618,12-261,12-261,True
77d1f0b0fa370ad89206ccea1c46173704a1d1fe390abe24c05d1ca3294eb4d4,12-603,12-603,True
e884a60aa24934e6a6476b1dd19467b75fb02a773830f3809b19095ceb420489,12-87,12-87,True
f7291a4151f1e2474ccf705efcb1b440ccff383cba271bc6aff108e4e65fa258,12-623,12-623,True
6fd8495784064d61973327486995b87352db609cdb7441bef3706739788518df,12-1035,12-1035,True
7c2022aa4449f9946979f978c5cb8e5242d57c280c853f8da58bb432533da720,11-426,11-426,True
79a8a692c5cac054b26a15164a37869baaaa7eded7ac677992184a07befc40df,14-558,14-558,True
d372e4dd91bbd46bff5bd463adf4613c553da47ed6a62ea6d26e8af6dfc08fbc,12-892,12-892,True
cd2cd6da79e546fd842bc3543c3164a1d74cdeea7a965e584da9ebe55dd24fdf,14-937,14-937,True
d3d6ff6813664482f5492975b971494b30ce442f96b9885e4a3809c101721eb4,14-1283,14-1283,True
e601cb248407e3c9c5ff6a2fddb73dd62d8949616bdef867011379cb0a320868,13-581,13-581,True
60e0bf55d651da815941b732bc68042cf67357c1b65d41df5bc7b7cb1b6aef70,13-529,13-529,True
402dab0e0c18af3600b28533a2d05efd7e6619ddf3f281a6968d99aebd7eeeb0,14-360,14-360,True
2807965ff948bc3186c742773f386e5778b26b3e09bebf57ee0edb8e6e9080f6,10-526,10-526,True
14fa744ef68daa60f1cce0c95b86ce176e6f33a9571c1a88dab4df3e52d750b2,7-786,7-786,True
0039072dbcd86f578d448b3986b0567aee3b22b549ac101194d03a1eaabdf627,8-173,8-173,True
ccb5f39c94686e1cef8f01e0109090dc4d4da3f918d97186565b71731fbe0124,10-857,10-857,True
547237567b6e7d62977442c40871b828c986a8dda7622979b33fe021d8d199a5,14-719,14-719,True
0a18283d26be0de5071abb9fc554f839b31dfcabe1c3b4b14584863b330a981d,13-146,13-146,True
4b600426b1cb70a08c16ef3f3589f6d3fb68d345035bcc25dc3b8fb9daddc6be,14-1492,14-1492,True
44dead2197747cc8812798a3a2ca1dfbb743ac23bd91f67383ba7777b5e4ec5f,14-325,14-325,True
fdd8cab2151711498584c5879877a4ebae03faebb01338e30537a8ededdb7f94,14-1354,14-1354,True
030eeb9cae9883c6940c29079123868031a3740358d469ca624a8830d3e5406b,14-910,14-910,True
f3154bb5a7bf3c83c425fe7e9d816732f8614201c17e3eb31b645e98f817ed4a,14-822,14-822,True
7fe527099f8469c2da89fc54753e0abe5fc03d0512ab9028a20727aacc30e166,14-462,14-462,True
bbbf1af0f424882510808c336962025d9cafe0b54bc6279d9c9e12130b454d80,14-874,14-874,True
09b9cc36e722a734789c16345d687d2a89ec80879e677c73c55916b6c32d9119,14-1358,14-1358,True
69e5c7f15a2d6ac8673d2980ca394ebc27dedbe2f360f9b459bb75b2d03bebc2,12-526,12-526,True
d5af555fd9977e6a6050fd462c764968efc863c065f3a8a872db838e3b8ed92e,14-42,14-42,True
abd98a567679ec07dd85b3f9de950cefd6b2c42a35b3eb9551dd0a556dffc0e1,11-129,11-129,True
37d78663414cb0743ff8ba8ea33f3daabdfa5a3bd7f1a4f5f0c7e498bde6fc3b,12-635,12-635,True
0eca8f9dda432e6d7688f2e3af09580cbb946f60d813ebe9732e044f8b4447ff,121,121,True
90dfc2e4de4549f2f1a3be1b48f84a29a5a077b0f68001a7bf29a83e1a073193,105,105,True
e833beebd1bef24ba6544021ade2f5fa637843a42b187090472a367a47a69ed0,11-321,11-321,True
df8878626203b1e5028d82ba2545f590e34fd8c694e41f76def081c6823669cc,10-976,10-976,True
96ce9c264e1db6c004b3dcf119833b028adec891cb989fae8a289daebc1e1cae,332,332,True
597aadb61bc13c77abfa95edc39b54139963543e61b148a3dfe958ed9da7dbd2,14-674,14-674,True
e0b23b692bf14cd98da8968a012ac35ca76340c6bb04f1b9450a076672e8cfd9,14-858,14-858,True
e0b65e920d62a69234cf17fab82ecd5e0adbbfb4ddb51b7f06c78a8ee65a2f72,11-464,11-464,True
e2a63c46e68b1a118278502ac01eac66bd5566c77ed275305adb9d3a4a54536e,7-224,7-224,True
cb7a4de5a35daafcc1cd116b510eb4caf7b9202ed2e5c4243cc997350c7f66da,11-52,11-52,True
707204f34567f1d991a8ac7dc0c87cf8f1414fe611054d6ccb39102f071dd6ca,13-674,13-674,True
df27b9d4367637f74e853e0e39393ce29255e879aa008603b35f0167ce479bf5,14-656,14-656,True
61ca96db9e1121c7e813a24cf65595074afe3a4065c007465532e8ec6be16c1c,14-1302,14-1302,True
cc13851b0c4656556839dff7bee54b57ea70761337cd5e00e33ac042950a935d,11-212,11-212,True
3b6b16acb4271757e79006e75daad60446d619eb4f05e2563938da1703348c85,9-170,9-170,True
a9d379b15603e9e99e3cec847ca70e29110f0813d6264f37f2e9a00f581fa27b,11-118,11-118,True
ed55c595bb5524b35bba5d63686e7d68162d565961c694df9c2203c5e689dbb1,11-421,11-421,True
b924ef881d07bc6c8c367fc2f40a2f0425756845e365a72aa9a1cdb4a25b07e5,11-399,11-399,True
6079fa1b5e297d9e029d90add2f82ced5302e0398a77d3e83257383833beb620,11-161,11-161,True
9c8f61a3cbc080e4ee6d5407adb1501f66bd52a08e7a36bcee577786e1b4ed0e,12-690,12-690,True
9d8d7c4f1f2f76917754d4d882f839f29f07bcf4f0d7609b26cd9069ca57ea2c,11-477,11-477,True
5be95e9b1fd583a687b7c6e21eb28af06a562e9642da2b2453483e7ab9d2f2e6,8-21,8-21,True
cd20395aeb4188da9ee5acdb24bedc51f5539d383d2c12597173043b16f571bb,11-325,11-325,True
d1e1651e27909f2f65043ecc78d59270e8a771aa50ba23ee17c5dc8ff4afa3c8,13-697,13-697,True
3593158204dd2a33de105a5dccd3f46874a082becfd1f5c0f5187f1fb7ff2fad,11-204,11-204,True
0def6414b46261e0676bae907e39bb498c8749d07ce5fbd960644623bbdf1c2d,11-621,11-621,True
28cfc9466c218a2b477803cb1b2e454816e2cff94405ecf2db4e582edbb1bc73,11-332,11-332,True
a6871210cacfa942f593176fe0675d6c1fcbfc8c33a98db5514390b1d51a6c2b,12-906,12-906,True
815f5f6ed9bd97d418d3f9ef930652fdaf013fc4fa2fe872b68a9e3be5fca8e0,14-1505,14-1505,True
06f44b185170bc4c3734fe52ead29ac890443b6d62706eabdbf8ed6e43c033f9,12-683,12-683,True
e54e7397cc2f330a5cd2356338c5ed9ababbb06b85f5455c5e991b1c384ae816,11-469,11-469,True
bda606c785ff4ddfd691b438536d001e14f581b380ed7697c3dcaa14e6237aa5,12-667,12-667,True
083ce48e063d86ea228128860abf3ea3d0e6e4e8748bf18ccc4eccb6077143ed,12-290,12-290,True
6e89207119e0618435ec34df78fcf52b8f78276a1e803e344b092a2874931721,12-986,12-986,True
5e77bbe794a3b9f13f0b5a151357e19b6cc2ae43d78b82e4a0b2de59e646999a,12-148,12-148,True
1a02a253d489d84b8fdba9d306586b2c68b9b4684d2597c209ae6c46ff899c90,12-189,12-189,True
e5cfc8eb3a0d3cfe2b9de82c20eb071c2facd0fe222c9f5189301c5435d42a07,12-253,12-253,True
d234d92e2719ec6d1e434e1982fae100ea319cc244eab56d854c550cb70cb1be,14-377,14-377,True
57485572e6f769da0a30fcb91bafec45a9bf9ec9b9c5acc4b29078aed49a652a,12-194,12-194,True
c1de6001016fe59cabb44b63352149d9819fc2693c4b468c590dae1c6069a4a5,14-540,14-540,True
86d87ea077a34048c05a74651c1c765bbbc52f2670c97d4aa0264f9fb1f2672a,14-79,14-79,True
e97bd015d5575934827f34981a777cbbc5a652d310a66d1664c6862a1daaabbf,12-237,12-237,True
68800d8b9afd8214b45532901aeb2c215331eb51d51a856e0fdaee0dfcbd992b,11-634,11-634,True
231eac5f421e377b68751a272bbfa34cd34cbc347f074b0343f3ff2eb445fff4,401,401,True
b74120b7cb4457a9b18d3b5aabdfffb60642e03a246aa5a93711dd6f12923cf6,12-1068,12-1068,True
d06e7f9b895f93adc1131f64080876e789ad58a74293f491d1ea75f235b60e35,11-271,11-271,True
c20db4d99054f47c2aef869b71d9d78277628a24001b95aa51e2a01a910a4c2b,11-374,11-374,True
c884b742dcaa820c3cdc989d204aaf36cad26bdb251728ee34f19cd2bb76b183,12-157,12-157,True
32274024ddc7accc8bad79e22f0ec799a4b0f56f9a6b089e42bf71f16c9d45df,12-989,12-989,True
e296e017be78f2ffa777a9aae04b9003d6eb604990b67cd3e8990147041969a5,12-600,12-600,True
68266780feb072b792baccfdd9303f89db7e3a07fc12a01a67732f7647628633,12-346,12-346,True
a7ed9bce7e10d70a44697bb40687d9454c7d423a9f1bd434ccd5e5c298d2ed10,11-343,11-343,True
52733a7f22c5026552631bf5881c22414ebc1877fa080d09a37928995b2a3b69,12-340,12-340,True
02352d5494f59973574953dfaf5400899398ed0e94b784d8edab37debb3b5a68,13-156,13-156,True
a848bcbae72f36b9881074504adac7f06c2cce9d36a456f61639406a83e5fe7a,11-177,11-177,True
92e471adf331fe6c89a46377caba4816abda40c7bc05e3df166d8d9149410ece,10-289,10-289,True
8a6dddc0c6c020295728f8b93c80acb603c5c74d139423246233bf71fe38715f,12-50,12-50,True
cd15542d31c942ba01dfec6e85d589ef83f1b519430fa29739868d60c1734b41,11-210,11-210,True
ad1a143bc1854b2678e8586e8d6104f7f8cd7f83947543ad7653ab17cbfcfb19,10-614,10-614,True
3d41d9735e8f2e1bcc433d0060f77da38e57b581dc86c65218c9685e6826f529,11-151,11-151,True
dda6269b3f5dafaadc302a1020f3cd785526d88ba8ff3b626c4110ff56c2810d,11-703,11-703,True
d301cedffc32261daca301a9dc18da310735870bf0be4432127634a416ad1c08,12-1059,12-1059,True
687055abc6d7b03eb1e138e414a0da7518481cbc606f48ac1317411cd024b8b9,11-528,11-528,True
ba9357597fd866b509103154c22073d781f372ac4ab0bdaa4091a27bfa67ce78,11-124,11-124,True
6661be3d01dea9e957fbbf67fd0ccf56ef992d7801c7f2e34af8e797021a8920,11-424,11-424,True
c1fbb4702aa5745bb2199b69f3cbecdf63141f9a51e6379f51c736b6af910aa0,12-331,12-331,True
88cffc510edeef7e75f940d7886c4c05a842264a272501e0a1b848898377367f,11-604,11-604,True
434cf07d93a4c8f6e2e616c129e71c4e07625ed2a6ba3ccd2089111b64dc7351,14-268,14-268,True
30195d8191567bad78033748f29c5f10c18ea66626bd183895395651e970c005,11-531,11-531,True
3d40e13a512d980c1130d635bd5a1a32783c7484e5a8224df502955b87c1148f,12-758,12-758,True
803dea9212e109bcb0e39ee1f187e8f8e9e34ee828e6427dbb4be1b893340f72,11-218,11-218,True
aa9ac0c85426484174606f3d24f55f2dfcdb17e23cadc4ae7b3ab5e9c8631eff,30,30,True
72215281eb5377a8459c59ca792b8cf2456f4198af83531db065bbd175a93c01,13-647,13-647,True
89756d82c1667d4ed50b6dfd49c053d9c5a05ccac63dd753e97eb9d57f8e682a,9-191,9-191,True
f72eb97220ae0e01379a800d992583c9b4fc772aa4852d4d7e7111bcab13d3f6,11-330,11-330,True
bb550b02be80a16f85cc61419beb8ca64fc82ee647668935e5bc721a3aad7a34,12-1203,12-1203,True
9ec223d8ea8e10d0ae5b8ce6aae892ad37c4aad6450a9ad813065170fdfb40e3,14-925,14-925,True
ed97b78ca73c341ae51eca9794e6d4f97c0a5a43f0b509dc2d60850d2d9f6229,13-28,13-28,True
866afaa12ff4b995756fe70f480482211184e8a67a5f526b5c235c76d11dcbc5,13-967,13-967,True
9f9caacaa911e4c4d3aba1c0acce6cc57e6530ddc4de33068ba9c73aeb9ff319,11-734,11-734,True
39d03060c8105830e6e611c981d529be420f785064de22dfe60c104ad7c80e1e,13-583,13-583,True
2df43513a347eb401bf4994a15bb9d9cf82b7c5662c4561fb49d374a8eccf897,13-949,13-949,True
c453dc78941e7b0f6e3993e091c199c83b6a64065c30bb92e6ee613843ca1933,14-1421,14-1421,True
713c91815b12ea9074029a3b0c5187b11d22ad3d67b8111ad3cfe1c5a45f1d51,11-191,11-191,True
f7cbbca633af956a185feb56c4cba44e7beccef6e4c0cea97a28c9428f70e09d,14-939,14-939,True
77f1175135a086ef689b78e4117a5b83a50cce9093f29c85c80cd3516fe46695,10-1208,10-1208,True
de7e9ff11a91d018aa8ee2728e3443a8e69962c35db12f8fd5fa62c0d2546b25,11-9,11-9,True
5ad0ba48bf5b318ce92abcbaa8510efbbea701f3231cf81c227fa8424551488c,11-329,11-329,True
e88f73a4c70f605ef10a93da64f7af72bd33b55cb4962aee0649da782d5528ff,9-1068,9-1068,True
4acd69f8c42d60bfbe9138b1c97e861bd3f31061e435c016b51da1eb299b39cd,14-1214,14-1214,True
6fe6e122659571e43f48e28d6c75f6551fe5545331f0457a5076880a321e46bf,10-667,10-667,True
3b1220b3b420aaff23b59bdb3b3712db7145aaf1c43918afdd8e8a749e97c225,9-787,9-787,True
39bc44517d20aa4c32bf73a6d98a6a0e669569eca8e21778338b69dab9b0e7cc,13-120,13-120,True
9c92b7c5b0bc4e07d4dd0d52aef0f9b31a2f0dd578c4e52f1b61c363f75524d8,12-145,12-145,True
c4b6c1f2f778a2d4b7afbdf582af4482a7a2c9a64c8b875a1c5019cc16e97e64,9-725,9-725,True
c18c0efe46314877e50995f46e231e8dd32769cbf84e2c1de1dcdd6b3aa67bdc,9-1128,9-1128,True
f1bb4950c64a24696d3b03037aed8525ed13093dd5847e437f49d97fe09ffe72,9-444,9-444,True
8eb393ec1be10111a829e08244ee543091ee36d976e57fbc859251daa3cfe9cf,12-668,12-668,True
8568e9c2852d3492d44d55ce53c59f5805e3134f05883f15bc81b7c9f75d64c1,14-1052,14-1052,True
7b2e88cb8d45ba66a204b4be612b5d6e2060fdf13290d50363b9e98edb0b9b9f,13-609,13-609,True
8d203bf56bd3bc0632712e1772cc95d1a7211b031d32e6f554143cc66ad24712,14-483,14-483,True
0f6ff32a1230b9d78471ccdd0aa38fc36a853031d1355c1e3fc5f1d08d388457,11-450,11-450,True
dfaf9fe4a2f191cc194a00a012c65d8ffe04ee63ef502b9afaa86ba8009cf9aa,12-866,12-866,True
0fd12b523d9c11e7df9d56ea8c25e3a4ebcc6b8f112a4db20d9e9f544c0030a4,13-343,13-343,True
d50834ff0517278227e2c3be579ca99f83bf2cd9f2485159f1587c2f6d62697d,1591,1591,True
8b2a772777b142e94ffc64e2bd95db7ae291bfab954bc3cc0c494c61091d7e68,12-375,12-375,True
aec89c943f248f33ec138a43d696307885cc2f33693b9ab15cfa2f15968d49b2,14-323,14-323,True
626336f05b547a628c03c1e775a60452cfa51872222c1a692f373e3da90ed8bb,13-502,13-502,True
cd283b90bcadd1ae32421a5b38bba7fc62d2793b68b8fc3df8d874bdadf38187,8-50,8-50,True
d6c2c399bfcfe7355bfdae6d31e058a07845c976f2347b12cec3c5e1096a498f,13-239,13-239,True
89b3add92acf530e8ee3bba712bad21f6ff5cb9386c087201141e374c775a627,14-552,14-552,True
a8e8d05c9c8cf3984e4550f6c42f8a9d23bf2a8b73672ad703eb611b55c95279,11-489,11-489,True
69d028405a0a58d213a8d3d1a9583d3151cb79c71638ae841ee3d51f641a1ae7,14-1309,14-1309,True
e7a34ab81916f0722ee8452080208421066f1fdb26cb448f866df876477a84cf,13-105,13-105,True
8ad59c1315ffd217050768c2c32cbf9207708fb9e1948306594f906bed3b66ed,10-395,10-395,True
1bd7f973288d1e20e4d2901a00347a6749704ac2051dff35294563a7f3cebbcd,14-809,14-809,True
159db1c2322d84d661a11676fe748ccdba52782e2869cd234bc45e623ad10dda,11-25,11-25,True
697fd10d6c4f9a0952ba27bed37b9dc61a58bfb83a09fddadcb9e2f09631c6d6,13-222,13-222,True
0ba50cb658f01b861881f6f71a554e314f0dbe6e4eed8fd8c6874df6911cd55c,13-207,13-207,True
8aabc5998ae6df5c7241236af967b3443c44bd714ab6ac4a813d921730e364ce,10-404,10-404,True
af12c12ef4de3c3f32e4274c6ca8919018a5cfdc1fdd22f6eafc6d6bb290abea,11-132,11-132,True
c0fbf923138cdc6051a43d4f6b8550d1eb9de4c7a4d9ff01531a9125dbc43084,13-419,13-419,True
8343946dc03271b086576ee286f1762bcc99efdbfca7dedcd238a081fd509ccc,14-1371,14-1371,True
51e8d958f96b812077bbbacdc7ee8d13f6251527189c2ba60708996103333817,13-1050,13-1050,True
b8f8f8ab7c7538579ff04a37bd719aa7a91753bc399c49e7429a97767b8b59ce,9-959,9-959,True
2e073eeff986999532f6a6b71c642d722ab0933418ec9be75dfa7914eb737fba,183,183,True
7f46e2a7d099ab9b983b1491597590b43c04089adb48ed642079af3895aae43c,14-1006,14-1006,True
0deeec45037588bfbbbea85a0381a8985a78424e07adb052246eed1129727fbc,11-243,11-243,True
7c1ea82d93908e4897f07ac1a44a1f777eb8b79bbb59b05a68a321ee4dc7265a,12-799,12-799,True
c2465ab3d88aa3841fbb3611f3fee36cba390657d6024811f7979d1c598676ea,13-430,13-430,True
818bb606a4d319d7aa2d2ce6d4214dfdbb5b311a55bf645f0247792d2c46244c,14-694,14-694,True
9af2ad323a507e76cce2b8b45284a032f43642bdd42e97a7a37cc4e447349966,14-1444,14-1444,True
9b85471b00a05c30c54dbf6f0c7a5bde5aa80dc70bf2911dd24bffc7fc0cedf6,14-1180,14-1180,True
89944bbcb52a516531b29c21fe2160a42947e1554575fc80b484e97618567424,14-295,14-295,True
fdf57c8848ab4be65cc2d260693a33d4792d3c4f53dc36b05af3a3c9ce82ba1d,14-1207,14-1207,True
0cc4682ce17d45085fd8d69e60095a811333249b4de36626bbee14597456e086,7-1136,7-1136,True
955162b880cd6206d9cd214a14a6ccb643c0592e77759bc02479fe2e348d8eae,11-545,11-545,True
9231d554258be074eaabffc05b982ec8e825030fc7ecf52b1653fc046808d576,12-1141,12-1141,True
c5194cfd49911b8c6070b29d56339dd95e209badda08c61585c7626765784283,14-346,14-346,True
ebfb4b8a0d06890b29e76e4ddb3f2f52cf9ac8be66f414137f20e6d171fb66b0,14-620,14-620,True
edf016a978a40686a01152904a556ee62535457c9defc8e912097e105172861d,11-497,11-497,True
5e250554628f641bbe3131ea06f374cd105abb4f4e93ab109772c69bd058ffe5,9-625,9-625,True
0b098b32a0c60b4ab0f64e001e8bf0a4a42f67866aead50769d83ab93c8145ca,14-166,14-166,True
ff53a53eaa95a3f08fefe81caf3eb403222eb149f1b30ded46eaeb05b423aa70,11-740,11-740,True
b33daa86574ae0352e42db4fd0fa03e1571917d6e3e8d74a29fbf61ffd735929,9-83,9-83,True
6ec215ae08461ef3723759b079deba6762a3bc3a7e5e31bbc9428952e70221b6,11-241,11-241,True
ff6a4633294c5752adabd30dc6c00433f5ba5b238c6f2bf267c3979f6b1f41d1,12-33,12-33,True
30853f96d10da4f83ace26b245055ff5f46440fab1f05cf39c3638b41a1c343a,13-860,13-860,True
cb87faf9c1fce8207f4be73c52ecea546d41c57a0d95d570ea42762a7dbe69c1,750,750,True
fd744850092ad8da127da388347673c4c5b8092af1169c9f6687890c2abf5df7,14-1231,14-1231,True
ce4ef6cbf1ed3b01a1361e16779c94b886590d1c35fedbdbd1a619faa7149f8a,14-982,14-982,True
fa1c1b2d50c68a73ca45af7c9f6903aea591d11170187fbc555a7238f019f014,11-602,11-602,True
aee15316539709dc76e622845dc2b8ec9589075ca304f28a9452be6a5a4be353,9-1074,9-1074,True
a25b057577a898d2e030b06cba9de71ebe1aa8562d47136b95e46f1dcf953a36,12-891,12-891,True
57503cd2224000392004f943954b5d8b511fec45bae25f89be653952b80e6f5e,14-862,14-862,True
9f2b9be50d19b8f63769d416e2c077cbb6933b21b6e17dd1da7cbc516b279ec1,12-1022,12-1022,True
4f6ffdc6e6a6cc3295ec6d24677323b4149799d2db46965e268b3199772d11af,1337,1337,True
464bb9fbc779f6e7712d2e0e7537a380fee23111f3cd1053df4f26c03e7f11d3,14-366,14-366,True
575bbe5f3f80ba5bcbc03987197494d392dee017e007762c480cabb821f3e7af,11-383,11-383,True
ff23a8b5f9b723536af5e76923d21ec0f5cd54c3418db3c10a34f6f0d4d14f5f,14-1490,14-1490,True
e244fc57ab5490cebfbb6bdd16834436a6c2d1e1ed19586c646034879bf91ad1,12-733,12-733,True
3aefa6a600491ea5268a3ef7532af7b3f1279bd793b4827b6be4f487e4b35f61,11-184,11-184,True
b3c81f8910a4e026f0c4a5a406e51bb4f353585ec306b8209b367dc171ca9211,12-1143,12-1143,True
83ed8d86280369f5d101ce8914fdff88315e3c08e948bb972ff81496cb7cc0c7,14-1175,14-1175,True
90d7bbe686fabd0cb7701d3e8d87cf97e0d10f33e30a04d37a498a167c1e3548,11-575,11-575,True
cf95f742330ad878c8eb5a39d3ed66de3a859990db100e131df833ab4b84b3d5,1875,1875,True
648388fc9080bc66dd468fcad7bafd97e9309a644bcad3c32adf3ef44c7587b0,11-447,11-447,True
16925d22bffb7117d5cb585c93b4b9deffc73c1c1a47ab0e26d99df070f71bb9,11-1,11-1,True
dce46a7ec25f06693c8d97d7a566415021505b960b6bbb95e4f91d3d970a2fe0,12-265,12-265,True
76360ccd625200c52f59bda27eed3c74d7437b8b490d76c0982e6ce0b7e87047,14-1013,14-1013,True
d6911ac754bf307e5ff0d7e5ab8b764ce0b005cd835aac30cbee4392b8455d92,10-855,10-855,True
453272032048319cb87577a50328159552631503796d0844949b9ea36c57c6a8,11-588,11-588,True
8c0b587e3900f9298d219a3d1be4b4ef01f262b89e4949a86a902e9691d62d6b,13-461,13-461,True
64902ecc439a6ca44ce98e9d447fedca3d24661c56cf66aa592150a208d45800,12-292,12-292,True
38ba0249eab82cc066314e7900aa737e44407d054d447600a16c16ac854de371,12-596,12-596,True
3740507d1539858fe0f31fcdfee39c33959461c3aedabcd0ac0b6bc9f2bc8da4,14-452,14-452,True
2afcf819f2688771e39f78f4cf1f603e64cf9126a188189191fdb4b56159892e,14-449,14-449,True
2bfe2b6134e74fef6acb83f41dc408fef0d2d366d400c81a381d3caa3ef1e1ba,13-465,13-465,True
3329e95d524952fe8c5df4ab8c3ea1256172e425782d1ee408525ebaec29f566,14-614,14-614,True
7877089909998a3849f9b5e4bd9832d28bad93d8a53da66a1547b5392f05b2e7,14-725,14-725,True
8e02d71482995d5a37815bb2d3b3321543a73c2fae4c4d505a8ea1d24cce17d1,14-763,14-763,True
e28a85e4fce5010834349232bae14936e829bbe053c80420e09659204801bb2b,14-1347,14-1347,True
1e824ce1413c2c955e5c84cb46621c3bb5fb1ab67801a36a7ab322e1b1261b11,14-970,14-970,True
fde01fa41f6be75c2206b3c84005b05c1dc87f703e7a221959a042ba9de295b1,14-891,14-891,True
ee882ed43b7c40976c5ed3ea23c63aa8c74013b2ad2c951a049e68687d2fe60c,12-67,12-67,True
36a6a2c9bdaa20e8e7ede25af9b761b8781f110572375ec7ddb4353340c1b754,11-363,11-363,True
2cdd9c13d9d5bacd0ca30b750f34173d1c335dbe4abdd7d42b975ff18a74cd95,12-705,12-705,True
3ab6721008366362e16a8f6863f8b3c83c8d50af1244aac05a15d2c21d498834,14-966,14-966,True
6dfbbb8c920b560dae49e922ad96c2c38a327b05984a48eadb50c5a3bbf2635b,14-101,14-101,True
f00e7c42af17a7d7b5775012cf3e447602591c5302f7d188c7a6f9948dd9f6cc,14-1119,14-1119,True
251b8412918a34629d13226777edede93c1ef79ef9f376ad3df683cc5b0210c0,12-752,12-752,True
8b95583e146b72474ef4eb3b91a05ddd2a7bd067b45fada062b94fbe17dd8306,12-1114,12-1114,True
d361abb015b6c850d3074a2f0e344a04bf476e46797a93fd21d3ae862b651d13,11-94,11-94,True
0279b470e9d1b5fc9a4c7bc3aa9ca4f352a3f8c420684c78899e38f88e2845ab,11-30,11-30,True
551cf749a4a6057bf3723869109b4f1e9ec61c5de72ca7c776c5ab14b6a39017,11-226,11-226,True
12801161ee274780be100bb7a31b4a3b21fd66c9f0c9b0a262267f9b014b318f,13-315,13-315,True
d18023447f6912ac3fe543ab121476f13908ea0bbfc9346fbe1329eda3e675b4,14-198,14-198,True
6dab0b0f3cf30ec6e3c7f0aca43badc2bdd5da628d59a32b008ed579825edc52,7-261,7-261,True
8c2944727a1a4f2318dd5f5f383eee7c975c40d58fbbe0199a2628a7d6a3fb52,7-474,7-474,True
a4a30e859486640f6684d0b677aed1529efd655e60d81597d0e9814c7db2ea20,9-76,9-76,True
4384512d0c8780aad11b5a731cff07113aa4f35dba702cf459233e2e43c974c8,12-103,12-103,True
a1af095b14f9cd9ab0ddcb1590d5d4c7c77fe32ca216564ce55ac7c1a95725e3,14-43,14-43,True
9208222688e0e2e3f7bbcb0a615812276dc846a980e63886559e8f236f8df9df,13-1058,13-1058,True
d8a489de05c9e8691621bcc8a808f5cbc3c8606cdb89f5ac4c77dc1510cc6f1a,791,791,True
f2d21d3d7d97907377112584d2de826080687dc664fb76acd8ed41799ed3b633,13-435,13-435,True
8124e89e3e9e8e5f996e35bd9615bc5e05376cfa72c8521f4a58f551e8b0800b,12-464,12-464,True
92a1d09ae19a2a2b293f54a661be044ac187d07054da1f487624c2bc1caecedf,13-610,13-610,True
8032cdc4df08c136d33fe34bd532ceaed25ba8f9f4b65ff3deec439cec716fcd,14-1281,14-1281,True
ba924356e1a4501e6189cf6e9e5813f141c313a4955c2435bd7cf045baf959f7,12-935,12-935,True
408e4fd93a7b6be0c7409f78d3f96ec535323cfcb6df2143899344ad0e7a1aa5,12-589,12-589,True
b2166a3f12a2930df582f20bc407152dfdb804c83cfb1405143bf4bce21a6d4f,14-944,14-944,True
51bc0f52d6ca3fddd5c02c9832b63dbb0ed448868999d65ec406c6624c6aece6,14-712,14-712,True
9be7d7794cac397edeb66003932f78f66b70815c9d6519909618f37dddd44090,1936,1936,True
7aa59ab28cd554e135ce52d7028704bcccfa040e2344fe386526650057a09e78,9-541,9-541,True
910fddb03a18360f6ebf28228c43595bb915c17056fdb2c0b0b1ec35f1b35a64,14-1143,14-1143,True
d63e1e0b2ca8f0b0b37e78675ae6d3d8212ba1a2d6a8851f3ab8576fa4397492,13-440,13-440,True
98346666dc203e946e5935510d3d28fb4d0904d1118fe8fcaafecd82a885a6ef,10-60,10-60,True
82026a51887d79ec29f0902720fd5cb88c1dbb4fddda3cb0c01439245e6ea072,13-482,13-482,True
c63f164967da63ae7162128736cb0ccd335b36b0e1199b05bbafafa10ced0612,77,77,True
841adbf01550cbcbf010ee5ad40a8023bd3d5f3ffbddc3172816177de0542b21,12-1073,12-1073,True
e675e3bf9544074a751c8a0b555dbf62e395ec3976e09d46a973bbe13efae1bf,12-432,12-432,True
39d4fe0833dc63ed411811c789983b44fe919fd5ff3f871ea3e012ed47e9ca9a,8-117,8-117,True
499a294d18fd0f6b935bb1e21a289ba057adaa6493cdb898627bb9c7de84bfde,8-83,8-83,True
6787ef98a7667398e2cf107135765ecc26810e6461f7661dc6b6183bf777bef6,12-228,12-228,True
53a92460064dc7a6b8f132cc2d3aed892bcd54a0131f4ec4c4eec99146579e88,14-651,14-651,True
9efa5a05c19ebec435985e0d23f09381dcf1c03ac968e92568f17c0ebd7abc89,13-380,13-380,True
0676898ed610d19efcdcd13cbe98b45369b95dbfbb7b81078b1ee39fdbde1327,10-903,10-903,True
35589d898c8b8c172b8e57472575022c7d4bb3735b170eb32b141103ec0d0714,10-342,10-342,True
448203963e6835567e6ea38d325ebd7193d17015a57bbc26471697cffb1615b1,9-33,9-33,True
928d2eabf90a060b9db821819b325cd1fd87185b884d664801cc1cd3fc8b44b8,11-258,11-258,True
c8944ab7a5eaa0e24c614d3cc3a693af2883646d88fb75b64c3db624cb32e99c,1413,1413,True
0523b0d3a47ce08d82062c36e5ded9a04d0512ec0643b525c085a7288e9e15dd,13-195,13-195,True
2e4ed4e5ad97212f008a2de8baa4a1de1e2e5c87da08abd2d0b570bb7fe08582,14-922,14-922,True
8178393e802bd0702d3f72b999df92a442ca5ca90187fbac18adc94d81585d33,9-734,9-734,True
4ade4ba828e7b251d17a25572fdbc8f8affa1595710c584936d158198c6f4469,13-91,13-91,True
71f0aa12040292c771f7876699b6173d940aeb757a1abe3db158ae5f5858ef12,14-1366,14-1366,True
dce189b143e1c5fb62763ec2ca24029bd0a27c5b63958d01dbd4d7efdc874e22,12-521,12-521,True
ddc57a7dad25ed4893f19a211470b487938fc86ea71832b0ba86255412882104,11-293,11-293,True
a047685ecf7ebde8a821f7907d5b8600cbb03ea96195910de68ba450186d3869,14-55,14-55,True
e0eb79821d65f63836179e82fa64c22e501dce68cdf2b6db66d95021f7553feb,12-1058,12-1058,True
c4abc270e3f13ee9322e070c79129e1f6b4944513e0605319d5dd98518718863,12-434,12-434,True
08028269c5bc153726266eac895006a19fef62d0d9a0a6f2a4b04d0401352a60,7-795,7-795,True
54b92043bf83bbf97297be26dcd034c8cc5e6ae51d12040dc9f0235df3aadee2,14-1107,14-1107,True
a6853881352a223ef68466b4a0f8c923c00f76f262b033ec4cccd322493a8acd,11-190,11-190,True
240754c83f21af6db3a306d4c038daa6006c4da539c5b1fce04a5b3f93f23813,14-1054,14-1054,True
6007dcf319c9ddb1e8a748632c11288bd2da2547dfe66e9d86c2081d34e7a832,14-1424,14-1424,True
f46e340e39168f9101be1adf39d6384f0aff7828df0031bfbc73f71d28292789,12-179,12-179,True
018024c411605d2b49cc6857ec2ffc565d5ad68cbec94ae3c2bb8efdfabd7793,11-718,11-718,True
34051898c794715adb2ba8c804b7a7023c665e4dc0186044e42721545a877d0e,14-709,14-709,True
a354ccdbb1937f8761b126c16923a12f621b31b916722f8381e09229aeed80e0,834,834,True
140cdee48257ecfd7b77ed5bb9f5dd393c957884404abf120caf52b7e01f8edc,14-557,14-557,True
8031d564a1c73d2768f79f6c5d471f86f4e6429b57e4863621a193ee4168350a,14-573,14-573,True
5dc33bcd19965c2a3e24f3a6cc48426f073f688fd82508b44eb1a33773b0781f,11-471,11-471,True
ff3c98ac6d6e63dd2115129fbbe08936f45bc49c25c9adf47a2305746d24c031,13-1014,13-1014,True
d22681ad2d1cc4ddc003d40c00429a01b6f799030847ebb6a7a842cdfc803567,11-600,11-600,True
33cc701a713c8f5e0cacffb65ad46a0cae8f1e64f6354e98bf856069fc4724e6,7-588,7-588,True
9912d5e14037ab80a1f637ccf9edef40df0d63bb08c7f1ecbea0562eca854000,14-705,14-705,True
1b50538ed3bd1d1d86e7996cb249b5087cb25dc82164c933dae8b085fee2d09a,12-1033,12-1033,True
d5dae2fdb80fc8ce77e3cb9e554d469b3b432be8a6de8e1f9f7ab919d6a09ab0,12-741,12-741,True
f2b38f9036462628653d0919d42229f864e8d0e88239d22d4bbc8af1475f3f7b,7-982,7-982,True
6adebf1cbf5594d1aa7aa2730c7c8ee6dcd2cbf06cd7cd3d3b78222c87c70ea8,13-66,13-66,True
d89ca64efb3d8e5f2f20712aa50c43e96153f06814cc5aed3c10173841616293,12-91,12-91,True
658afc6791c894ee875f0050665cdaa2ba3ccc0980d79f9a2bad46c072a7f0e3,14-53,14-53,True
6495f992a741ca335141dea83283aac78586c4965afc7b9924c00aa2384060d9,14-693,14-693,True
ee86a91d8e57d03c80055b0f56a270a086e9a7732b5640e1362d4e3fddc5ceb9,12-32,12-32,True
9215d6134d2aaf10ab5df3a5eee37605550586b22f44d70f81a47f0a197ffb35,12-1127,12-1127,True
a1517aa7f5bb79f2128d15980747dacc98976f0f5d621133cec98506660ac0c2,12-812,12-812,True
b5635ee33328a88413a629e46b510200c2ca7f369f63a46f47096bb086d6f0c1,13-568,13-568,True
63fed0e1d0cfa050ec0ecb55a96f4ffc005fb42223610d4ef64019306339cc5b,13-204,13-204,True
7f89621f1b98767f05d4bbbf9bc9490a077cda478281d31ea7a490781eeeb7c4,9-568,9-568,True
131e2823ec151b3c1108f49c7aff43e5254e8355b01a41c27b3de65e080a61d0,12-382,12-382,True
e676c4dd8ed136fd3d600492ace17c875efe123d928935b374f0b5a36013396c,10-856,10-856,True
cfd3008cfcc10329e154820b036f0d5816f540da074a8a94f93bcca1d69a46d6,13-296,13-296,True
516de37d926973bfbba570f4eac921f3fb38e664eedbf1a30d5ac6c55a8173f5,1388,1388,True
e7d2499856986e4f9f7e49f5b34a6fcc1d2ea2eb09f1be83f5ce4773ffa04f2b,14-13,14-13,True
236015c3fdf32c38c6927a2dec6f48946d2e8a286842f6540a809b0192662a80,13-587,13-587,True
14245f66de60e326e1316f04f53f30045aceed073be3243d68a69c2359251db0,13-1035,13-1035,True
84e479ef57c85900177274f0210a6a7a63c785cad0dd69f3300822a2ec9b76bf,699,699,True
6ab3ed46d711bc552899f93c342278d2e708fb0c068d9270d17df26e3fcb68b0,10-1040,10-1040,True
d2edbff9d1402f63276a137a235a99c841daf031d41f1139bcf0093ccd230702,10-608,10-608,True
d09aebb98f73366db1766137af9ec719aac7b992e1b0073e5bb5159edd230c84,13-743,13-743,True
a750a352120fd43063ee464e63e5568e1fc5e41667396b2b2c6ca6394330867e,10-50,10-50,True
95e801c2ef784062f3937362a7d88e36f0750e62b1a499831f34b0c2968ff2aa,12-35,12-35,True
5947aec2785581ca880b1e7f96a6e27e32812383502116dd7530ea2a7c412605,13-127,13-127,True
46a710c11c681efe1f982e181e9e3b79d98060b177f84bc0cf79b008f8fe0ee1,14-104,14-104,True
02552b5f43adcd3e5e55c31e13d10a493c9c811de4fbf34ce20c2e7c90edd5ae,1380,1380,True
0b36917fd39913fa1390bb5a093ae2d88c3c785a1fba15641b4e960649240188,14-343,14-343,True
5337d627f0b25572d2cd614f0c7007d380ddf73ceffd90fee5d1b7fe5807491c,14-1418,14-1418,True
87b6acaded22c3e58667124ec5b3cab385178daad957900c1dba30284f7625ad,12-258,12-258,True
f88c205f83c3d0fe68bf198619a61f8198e3631990aba3ff914f812c5b18aa85,13-437,13-437,True
abdcbf7fc918169dfcc4c7161ebe4de4ffc954d13484fc7a8eff33356380ea6e,13-101,13-101,True
ba8a9342226e325652ca2c82d0616e2c29fab41838811d7686d9435434cc803f,11-100,11-100,True
06664187d9759f5da66e59ef9606c1ddd824f9325d78e099712b62950fad7b76,12-574,12-574,True
e2cadd6e46aac8aa73111b54c219c8c929f0cc68f3629220af2ff28cffb7b56a,14-702,14-702,True
7c3c0a9c98de691f8f23ee859b8a52993dd140bdd2f4c16082256e855fd4ce9f,13-294,13-294,True
a8bde29b5b499eee94d990657a02125d626b1aaf8541f0d59194d3090e6fff8f,10-379,10-379,True
5fba7f6e2f5688db2a90ed1c49150e4be21e717e33157b142c61687e5bea0303,12-63,12-63,True
0a9f0b033783afe0a7f3d03f0c26e435aae235e05916fd5aa25cf63f8acbf58c,8-458,8-458,True
ab48d92e3fc1356752f271029505cca6c9b0b44ae226d04c0c8c8fedad46ee54,12-875,12-875,True
b2e4a81dbf9f0d8499c13b2ffd2ae20d383c1da2107279cde3d0fdb6bb873464,8-124,8-124,True
bb3c8cd2f4c8afa292ce369c3cdcc0a573b8858a578e4f38c8514127dd06f6ad,13-434,13-434,True
2ebb1621f66f6997e99cb314df105d272bcc5ee6058667b12c2aa753c6ddfa29,13-98,13-98,True
1b745bccf273140095b05c3176b25b0f6cfed3e6849c0da90c38adfcb90b9e6b,13-624,13-624,True
cc12438da4c00a281780ca196de63889ddd58f9432cacf2efde27b3a6e07836d,10-159,10-159,True
b0a8fc813aae0929d0a869946e8facc6525426d9831c1f6823e469b26a0b560e,9-178,9-178,True
4fb7c8678438d128a30e038353f26baf19c6823a66918bba5a03c4c71c9003b0,12-1003,12-1003,True
f95a479c41f76128c7c010b4ffcb07122a811ed255a0c628e67de6fd6dbb0a39,8-208,8-208,True
c54ded0515bbcab7f6de6c19cebc8f1fe6704a18aecd0f9401248d71d2a12521,13-754,13-754,True
391ca2f9dd15f76e4244c2089bfe3ea0771d58e57b837cceb372d92e68f832ef,13-637,13-637,True
af96bcae0b5970f16ed93fb8a5b5871db0f976b0a30c7c95982c903386e62796,13-773,13-773,True
717fb5ba4049a12bf78301dece64f0d943dbb932391b14698b3b1f32a42eb7a5,13-12,13-12,True
4cc06ecc435d37be9bc14a57b7fe16848782ab280e458ac796c64157f95a9307,13-1006,13-1006,True
d5e45767088f10f43f3815a3bd24c863de0417ebe540edfc41749f8492915f17,13-930,13-930,True
7500b2134ce2177050978f89b1d2ca772de0e8264698d04cdaf243389c9572d2,13-614,13-614,True
de5cbe63bf8c64a91ff378e7b918f17c30ee6a8b9e701394494e6bd0d338b750,13-474,13-474,True
4ddfc8c7f4fd0e07729f8b6c6a6ab5a644a8bc556964416d24419e2c60dc7d80,13-108,13-108,True
9f9974ecd7d6ac12972019937ceeee99113848a4b8685c18558e7524c6cf2ac2,13-969,13-969,True
c0e132a6eb6a8822220c944b0a35e7ef4c04b0c270b07eb45f543bdf372f8c53,8-78,8-78,True
f483169372987c4177f07ce9b37a15dc43e0151b465d14bd6af36c15dae66bfe,10-70,10-70,True
ce9d1997ba9ba1fed47d7bc1ffc2844dd1fb36211215e98cca5c0331ec66ccf3,8-30,8-30,True
48dc02153bd40d2e37b5c571680c9a78adab1e48cf192a1fe7e9478a4d21181e,12-36,12-36,True
c527fa2eabf9c5c14efad6f9e96d89a1807154c612be3b147d68f002af492f7e,10-479,10-479,True
342913d8e70ac3146a38e96a01ace862de5dfff67cbc5f2347169778ba16fe6e,9-1080,9-1080,True
7977c14c61a0ba9f3012de560dfd05e2cb23a49c4c111f4cd98f529dfa1d3536,8-286,8-286,True
669dd6745c8cbe42ab93d88167419dbe921e0e2200fc0978179b45e41232d9e7,10-744,10-744,True
97e87cb781b662e0c3b8698ab1b460370efdbcac78065003fc92036b3ef5405b,12-602,12-602,True
899ebac4ba75c19f959a089ad1237e4c2a73660e55a94d2344412708ba7947af,13-320,13-320,True
309a121a6ef3b99dc70d2eadef7c573b9f90289f4893641944543cac5427df6c,9-262,9-262,True
6aa3a58310e0ed87ad0f55607e0e1f9124b57c6ffa4967a0a3355bc878e2af38,9-854,9-854,True
f2482589b2c24631d956dd4be042daa29865d83eb8bc19fa004db65693c729ee,10-1093,10-1093,True
9d609cd8c55287e89d1d82d81f57976c8b351ac6382948defca22eeeffe527a8,10-1048,10-1048,True
9c4aa5438e1eba5ee935ce4c2b23cdd9b35fb7442d3007faec928cc723390762,9-439,9-439,True
4a3ae1d1d65dc11c470add3b446092ad4873dd4b18f50ade81d96e92abd2f59d,8-103,8-103,True
92de9ce356f78abb75cde08d623ddd7c8f7d67fd48cc77365a24bcaba7da0a0f,9-87,9-87,True
6f228d2467e8f537e1a2099b71c77d8449ce0f6a95a0386afe3711fad80f7ae9,9-140,9-140,True
a64b5eb6eff3e7018dcc0843f63ce2f55cf5b5bcb16c482eea7e669c112b6b16,14-473,14-473,True
faac2e9e60679dba728a622d2f2cb1651e580728d4acc4a437a918e51eac088b,12-578,12-578,True
80d6df98852ee3d8ea53498ff0825471a428a7cbd9f22bfe803de38d51182256,558,558,True
1c6a9cf37bebde4e551f763ebbd80273a4e93f09ac402d079be6d24301bbc097,9-209,9-209,True
a01e43e0115defe6a736556ac4cc2a68be052db0d6969544e00074744756c342,13-154,13-154,True
57d3b7fcca1c485c3f5404035d333724ad3b48b9946238244e0fff49950b358e,14-997,14-997,True
880e2039152a0d795a5af4675c9bd524495ad96fdf8817eb5634c52b3295cfae,14-140,14-140,True
7546131060be6b1ec0c1cba8ebc10a3f1880a6e0a718d468a22ca1ef7114e40a,9-5,9-5,True
ee1900c7b3d8d2be72e948efa94e953876d817be4b07878dd5519325b744378d,10-400,10-400,True
7bda206d0a002b288ae593335c097b2d2f33246fa8a6fe49c2c41676c0cc4fb7,13-567,13-567,True
3921c63a84e5dea07d3b7d6be98b85f41d45401aaf398692832c68d2f9046a35,9-171,9-171,True
f5c384fa222fad09d357be99ad77c6cb3bf4979a3b65fd547f00f38e63a7a7a9,13-340,13-340,True
2dca699bdedd3e75d04a62336b67486f51ef32930c4db644cb773699fbff2c00,13-26,13-26,True
6f24fecc964bb20122747376337a8da1594929180978f0ee1d861af7a331bf17,13-468,13-468,True
60dc39a9d7386473e93c74087312ee2c383929140055524aab749f843e081abb,967,967,True
9d30ae89d31b83e110e4bfffcce06c95b5bb6e38872c25c3d1bac7e9a5572165,10-666,10-666,True
e70fcb99a0adae9f8b9e24e522d33038ce95b3f87ab1d04ab2da8dc03bec3e3d,9-923,9-923,True
5b623f123729d695ef32edf27ee42d5966c20c59f370829c0dbf77cca912c370,1878,1878,True
4a2be2f4e4266559a68f0c8b90126925a3fc89241d0ca374a29cdf9e411da6d1,14-1118,14-1118,True
78c4eac874c25032068ba4487ead2ff0aea6eca6c186357f240a562bf4ee22b7,9-742,9-742,True
43dbfbd04795555c951323364669f4dfc52e52391856db7c11d37679f814f839,13-284,13-284,True
97a70436860d37d9d0505a3e797e46b59eb1998761555c5e634cc27b12aa3a6e,13-362,13-362,True
51374e18a2a4f8db8f404ff9c0fa43cf48cf08d1ab54b174db9b0efe8f159c52,13-822,13-822,True
faccdf141dbff451e5e98fed9f3068b268134b9756ef24ca181098b6178530cf,13-765,13-765,True
f3a8278d7e4646f6d9f5bda872728abf02ccaccbb6249bd50117466620daced8,14-1485,14-1485,True
89698f47ced3f00c72b53644a4394dfa1f52c62c1d5aac323d18e73b5bb57895,12-1001,12-1001,True
201776f7497f49f313d925ee7795d3ef04fe42a4bb03cba43f24fffc16369ba5,14-90,14-90,True
c86f8c566621fa726840298278846cbd99a36c0f2e44dff8eff6844f9ec56e63,12-460,12-460,True
ec277f6ff4a589c43f123cef565c15e16444ce0b42d35a9cd0812281cb398a5c,9-649,9-649,True
bd00ac0426ffed4cfb7580e508456fcb59ba231f511e43c7c2de4e922bf1d183,10-778,10-778,True
09f4eb8b9ffb0cfaaab2b8365c0e1cbcee54f5518dbe0f2eac28a1414227fa47,14-1064,14-1064,True
a12cabeffadd83a850dfd872834e2730fd2735ffb63c62f1494145a7d1b3527a,13-487,13-487,True
5c481ed80c96cf5f36717332ecd6a1dbde9775a5211876f4d5c914f0cd27c415,13-319,13-319,True
0eac6a11d74bbd05e1ce636d8e04d0572652a103d11ee61675b574b32b2c3e98,9-769,9-769,True
8fcbd972c838d173420dcc31047b20eb65fc0929e22dec8daac3aef66d163a24,14-399,14-399,True
8be014c4cb4a4d0be75529bf55868d0321c1e7476e4f1a33902a918e49944b2e,8-301,8-301,True
44b56244f4baedbd799fe2fa0117816487bc9acfca19c966c0f0c6b8ec85f40d,14-670,14-670,True
bb60462198ec45452cd6d786dd5b510a63e6c8ae209b2ce19a738a2f2301ee91,13-950,13-950,True
852d4a94d291f6a69dcce1766e581801725c1f11bff9f8c5d38fefa10595ee90,14-1501,14-1501,True
db848c925049e386a17c94712eec573850361341937f0a96c0ce403eb8e04a72,12-1107,12-1107,True
18191ab5345120b2e6b312bfcec5fe4fdc876945ce347997b92086e96eb34f67,14-625,14-625,True
bfac9123285c51e6038787d2edfaceae9eae83d13f8acc2bb59fd70745ce02b2,13-712,13-712,True
6c9a590cef6278cd84fbf9e51512193a3db92d5481b107f368031680db2158ff,10-345,10-345,True
caca7fdfa58767300039b56bb58d7f1123941fd3d7c495eac9724698be3ceca1,10-534,10-534,True
c13e17802afec505854ec7f61daae43330c1c0be0d388b830e2af8ed4799f28e,13-510,13-510,True
21038d2c260e305d2f3fe5ab77dfa609ff2a2f25547ea77e51a1d10bfc2b6854,14-951,14-951,True
b56cfe68d68cb691a235d004c5fc899a6aa9e691e6c0500eee915f4c46e33c39,13-329,13-329,True
7f95c3063758c37613f49bb31e84f48598dc7e0ee2be832945ff33b1afb125fe,9-1072,9-1072,True
d5cbaa29973f844c21fa8605e12074cf934ff9187fed8174e737d035a44dc28a,12-1171,12-1171,True
0bc5072e375055a752b0364841e283060172e678df17f32858164eb61cf2d3d6,9-465,9-465,True
525ca43544bef5493865cac8aa53b8430ab30600ef08eb14f3d86a7c3dc2e20f,13-455,13-455,True
20b19f6633ed640602a69a175ef1a0ba4780898d8cf1f2e6563fd62ad0fa4475,12-1149,12-1149,True
73df3721bfbd0347b358cee42d46c12c19368cb84234012eb46e16a1f5ca7861,12-350,12-350,True
54928f57e10f9b1688b2b37ac47a51468567c923ebeaa69f4bb4953637b7f3ca,14-1359,14-1359,True
ad595cefd925d34e2612fbf355fdca9599aaaa7d29d0614357a9bce79dc69eaf,12-800,12-800,True
c0a9fbc01dd20e2a3d2616b1e838a2ce0461d36e5a7bae1f4a55137843cb377b,12-512,12-512,True
8e85a07919f3066a444dc820b4407e91b7d332fd59d75cc4594c10b51fa6d8f9,12-724,12-724,True
ee122c397242ffc5b0ef44cf61eca45975fcc5281048022c518fb2e74f86afb9,12-649,12-649,True
9d9443d74142f2a3e09ec4e437baed7c856ce06fca0343b744907ae3e5ddd076,9-219,9-219,True
cf615aa67b5bccb6a4adfb18e0254979a55b0c12f0bc50fe4126916e15b6630e,13-585,13-585,True
24385030038840605403fceceae02acac1ea6650de40f1f7dd030d5426ff30c7,13-63,13-63,True
a20375e3cafb25a4cb62384d8b6ee270185d38c6e0be3c7dedffe7c4bfeae0bc,12-1176,12-1176,True
55151af943c8c4db043b11e9af66e343a813323853062e637f78a4cd1870f97a,9-166,9-166,True
6940ab0eb2fe9ef7828340ad4d62cac82222214080fc7ce22f090eba1d1582ca,12-445,12-445,True
931610a59e16d26636d11bbbbd05d2e05a5780b14e78dedfd5903b7a3165af01,8-407,8-407,True
5fddf2092e6c8e1b638a492f576ff1f92105ae17699f87725acadeb79bc24a84,9-467,9-467,True
b58943ca2790ed16edff80b054b67305d77df493a5c42d3c1342964a8a922f47,12-778,12-778,True
1a6c103f335348ccfe7dae640ef57276a20749a68445bfe4b833802cda74d9f2,9-417,9-417,True
97f5189d1c310d81b8fc1602162003b4e4557f59c19a920170c8247bbe3cc77e,8-120,8-120,True
4671fb7c0cd6b6fb69c9cf864da68a541cd067554ed202f3d0afc8e11adbadb0,12-915,12-915,True
185d9369657e62150a060b009e22865aea8c180ea50fc9a43f258672ce6ec767,9-494,9-494,True
9a3c560a3350872a5da9bd3c46db37450418e3ae69fb66556a2811cd4cac55f8,13-891,13-891,True
74dc378c990f39979bc35f24760127f45f64fae0ee6bce3633c2591844f945ff,12-1012,12-1012,True
9e71fe10ebd6461292536471b5b65574b00caf2b33fd22fe0ff9ff15d23f0a47,13-747,13-747,True
5432374fd7cd3a397b3b50d7dd9f68ade094c9096fed65d5a8f351d96a157882,13-513,13-513,True
ca0bec0b7480014726b487c045e81f387fca2c76fe46115c93143860b20448dd,13-23,13-23,True
3397d3724ff4ba5716689cf81079b30dbba85f41ef7033e9f6abbf31b7ad8dbd,8-432,8-432,True
217807680c9b94f881a91b6425bd5a42981f1700b175fbd9193591a9f42cc6f9,8-215,8-215,True
16fb07029d417c3c92a4f995a32ca8e5331d9a051cb91aed65f483b28408c928,9-556,9-556,True
dcc6c2ec74a89dff834d09653326320635177d064872016cec9e85341088ea82,12-903,12-903,True
c8b82d088c514077e16d7308ea849459f34f1a13bca96ac104c464fa8a871225,13-787,13-787,True
9093f13f6d02f6495476a1ea305b732141250434a209b07862cb14c47a089028,12-216,12-216,True
180d4137ff4ef58a357349207f74bcb86a632d506910e12eb05de730410f3585,13-1028,13-1028,True
6971c0f67e13dbf8c80707b2e5dfb1ed991ce0025350fff5f3a44169f111a438,14-645,14-645,True
66dcf21a4f0feec1b5331a7af6c82446c2876731cbc8012422b05fcfff4201c0,13-519,13-519,True
585f36920747d2ae4525b644c7ec3d84b96b7ef66caad1458c9d7508544c174b,9-968,9-968,True
f076c3d42bfba33ccdd6673e4acba62b4399ab5c1c96d34e27eb78f2d07adf3e,13-786,13-786,True
65a72ffc4b94a6c25aec0d4a88460bc5a305c8eeabc40b15270222d84723ca11,14-905,14-905,True
786e9147cc864775088b679ed96c6c85f8f473f22b78914b76b08319eff0263f,14-1289,14-1289,True
ab1320e3b7985aa27c1be6d39b08f6d495fbb9948b8ae201f79b74eb3bc94696,8-252,8-252,True
0b01b27b24f527066ed4068ab004b53559e9836d044907d5433244fa02aad4e0,9-650,9-650,True
c586e74dcda08fe0a111a0315d9e075690a8433573cf5d765a14923c344a5339,12-870,12-870,True
ab604f78f14b5af517be2890ada2a71b8a43d39d98a0cf06455f9fbded149997,12-1139,12-1139,True
44fa782a5ac0a08ee1690a8d0d0095a23b6ffcacf32a9fefb171741d3eb2c0e1,14-538,14-538,True
60246403be6624dc768b6d27057c0124340dfe4d840c0eb635c460dac05cbc19,13-350,13-350,True
0e209198683ae931255de8b0dcae29a113b9a802006ddcee8e78f2721947be4e,13-370,13-370,True
6acb9b292dba599bb98c7d0cb5ab07e1016781ee5bb0f257089f2ef0d9c5b55f,9-495,9-495,True
250bba8b61c82665bc7e75014962c1413485cf449c11d7db0be2fe58fb81af5b,12-742,12-742,True
820a17ef8e78a7a3ed8c9e4877c6cb4ac176bdbe435835aad689b55df455d45e,13-527,13-527,True
0444d8eafe57976ddaf6d981e436216721a3614cdee81147aeae4104d3aa9607,9-613,9-613,True
9045bd66ceda858aac6abf5ea7d1f45903f9dd8e02529b00c7cac69f063e6a48,9-415,9-415,True
2e1156d904733c34ada4eda3fbb7057ac7a0057ef3aa71e68138e4e3ad61d7fa,12-711,12-711,True
3b63e2cca2eb67b7959d9c00472eb7d886d6fee37531ad90ae1bc4530e146c9e,10-220,10-220,True
84b8fa942c41fd4ea7913db7b1e80416aaedb157677e931209dc14efe5a318a5,12-1053,12-1053,True
f417ad756005318e77c67628205b5022adf7150c58368212c4333f24259f6e4d,9-635,9-635,True
fbed089fa848f98e35d9b265005f8d719ecb06fd15e38f2fc7958ca042c5ba96,13-594,13-594,True
5c923edd3ea9cc000e525e2908b2ab978f67d64b3ab20a288c79ad460c8ef5bd,12-218,12-218,True
4c1399ff10b21ab1a809829ab08ca795263efd5e2fb117fba5aa0a9eed74dd3a,13-833,13-833,True
7c7deb6197906e0b51bf55fc4750b02086ca76f87c70a2921e10f503ed60f902,10-934,10-934,True
04b497c9a1c586d68a0c83df9d45b31729269bceb1a5067f27066bc02c7428c2,14-1372,14-1372,True
b88592e4690147b79c29278b5d192fc4026481472e5fec65a80b2d2412acd675,10-933,10-933,True
4de4df25e659db77bb2bad77c3ce4aa52eb97858f690aa69aa45d286c24e44cc,13-705,13-705,True
eb6be7bea3e505bcf224b71e53cd84fedf510acd16afff2747a317c11703904f,13-65,13-65,True
e7c8592a6eedebad826fd80fc0d016756ce204e98ebd7db92d6132739b38da21,13-405,13-405,True
f6304e462da49dbc55d7bc23caa7dee30e0e01d0053f556212071f44fae528be,13-166,13-166,True
fc760d9bffcfa41fcbc175b751495061d042728e1c7954072594d52fa1a60024,9-601,9-601,True
a6a8b7d2f5b707659dcabdc099a193afa509d757498f67061817044b858518b0,13-766,13-766,True
dedd18e4ea7e14a1708df87cc5f5183a4eee1e1a55a739ba77bb3b9ea069f4c6,7-51,7-51,True
79128f15c861765d7e0fb0792f0dddc3c8687bc9fc041f6915faa1e22b7226a1,10-446,10-446,True
621103168eb158b3ec168e73de5d5da1964f50836f20fc11a271a7fc95557a59,12-311,12-311,True
187ea9b389f49545bb7246870932b83b1459930d3644c08cea508130c1ef954a,14-177,14-177,True
17db4e27b4ab7bb0dbd72e1a89e96a2ad0cbf2e2a0a815da91d75b3472a485e9,13-253,13-253,True
3e66ec63e71a98eea62ff576d62020e5162c6cc18bf736340a5f695f16e5775b,8-462,8-462,True
2119ad7daef74c76ef9a9b317c825d3bbbfba1693d6895d25d736d177a97112c,14-616,14-616,True
d5705067058d3b5fdb8fb3e97b271cf55b80d55b6072f1788aefa477b83fbfd5,9-1176,9-1176,True
a7986c4c1b2594328e3fd8ddfb98da3fd30d5bf4d756a8e8361addf3b7daf26b,12-173,12-173,True
1d3d13b05a0f7358f5c91281786cb70c3f51d14780ed44cef8a35ad15ffb5f0a,12-394,12-394,True
5fdc8aa27b627df6b85a4d18aa5bd3e7d523b3bd55e22ae03e25e73f62a568c6,13-736,13-736,True
d7470326beb68bc80510dd9779fe54ef11f7d40959fbba36fb2edd12893db514,10-156,10-156,True
f1238848714111edb30c9bc99c0fc1e4fa59111fa965a47ec67905d5ba2e262b,13-327,13-327,True
acaca0de7c78f9f22031307d085401d485de6de636c2bae6f70c7b88d7813267,13-926,13-926,True
547a3f471192472190082ae2a3bbf0e53c4278f23cdb4f204a0b424f778c5de1,13-241,13-241,True
a02ac305b57fa66bcc6ab0497814fab47ae890c56baa33d81960b5e59a4bb06f,10-449,10-449,True
1ce2c8be8f7bec6675526f2c83a187120e519596936df482a2e967cf2c10a745,13-305,13-305,True
14c10e7c694a245117cf5d3437eb8da331ef7df2bf65ace9643e7feebe7a44c2,14-578,14-578,True
84d439ca3d6f1576910c778bfdf5b218bd91f9996303a9c3ccfab26ec52d7383,13-782,13-782,True
2f97368511c978ecb58916f007ea56b4cdad57d6d442eb0ccf6e204dfcbde1f7,14-842,14-842,True
8921fc1cb98351576a136b75c8e66b08828d4f761f792eaae4bb9cfeccabb6ae,13-338,13-338,True
e62787aa34fc8ea3302102d7de3c2949ea9a6c3925d43d8641d98e2ca61f5b33,14-1326,14-1326,True
94db3356859e8d1f235e58f78c5c0f31086ac9bd6d41473ee46ab0c16a88b595,10-493,10-493,True
98821fe2b8d82f5357a6f8e3cbb3a9fc3a87d69ffe8f4f49d7b36b813950b5b0,13-480,13-480,True
4b7d67871878c884c59adeab25c9ef69910e45ffc4972c917ff51bef39bab35a,10-486,10-486,True
dacc0a1d4aef4fb2e405423589bb0891c96e495063d3a910515bcdc75fe54651,12-566,12-566,True
98cb2c773b4dc69575cf62af36ff0c5d57cbdab80fef421821d8230fe2f0c5d4,9-1158,9-1158,True
46cba4245cc08e4f4ce05a14530b96951f66c0622c5e84f1f4fa238d20a01c77,13-97,13-97,True
72ab82bb474c2fac61d8922ca1693c06d8f6cb9bf35a20b3e725715bbc68c3bb,13-654,13-654,True
a5ed6449f594bb0efb83a0fb5790e87af98274b8176e81d4907623f1ab6a831a,8-413,8-413,True
02b08a8afedee109d69d53859286ceacbb9c594020da8c71bc261b91988ac16e,12-131,12-131,True
8d6d2318f4aba630255e3621fc121fa4d3c53fac3cf89f0bc98fe3ef2aaa0dd8,13-814,13-814,True
68bf87b437b99074dcab73c1a465a98d9f5ca987d41cbfb50f28eaac2efe5cc3,9-880,9-880,True
9264fc38e86d4aa96911b9706320a9f07d58a1ede10d3e7e178afc9ac9cfdff4,8-405,8-405,True
b8e84a9de516c311268451c3bf3c8f1afdc62e7b4ec9325544c7830976996518,14-1385,14-1385,True
f95d1b36aefa1c602dfa38cb58df2fdde597ed85850b5edb6a6cbf70fb0a848b,10-1003,10-1003,True
daf70d8a1e9b0e350e94805f23b728d442779a84327b1cccc9effd04f1d0ce45,13-233,13-233,True
ab1423c1fdf859fc60c2183fa25b6a2491f0498da5c45cd8e269030087cf5f2e,14-673,14-673,True
7798434e1530c976854fcc6d6f1d8ffcb8403ac7bf48bdf470ec0c5543b4396d,9-1107,9-1107,True
54af8723adceab02c3ef641326877e3657929bf3eb7b02eedc832fb2ab931237,10-173,10-173,True
b00dd940e1c0d58a86098f463eef60988035283fa24c7faa2202b2159f064038,13-387,13-387,True
85dc6c0bd169aed3fb71042f899971ad66a3306671a9603efabc1d447f9ee45d,9-69,9-69,True
730cdf69d7a209bdb19cd406dcb0326c99eb5b9d8f37d41b5226848c18ab7e08,10-144,10-144,True
ab8038142d5ce6f2934278b7b8fbe282b8c0fda8abd57b956c287590fadaa54b,10-615,10-615,True
6d5372ac6b3bb9b6df28970f3881a47da39e7a37ce994866b13969fee3de9163,14-319,14-319,True
d6359f509f7fb2141054864f8fe73fdcb8b6895af7c60fcab96ab2d3b174bb52,14-1356,14-1356,True
b65f11c45dade161f2869b4ccb08729b92dae83331ebfe3e912671a01d11fb61,9-309,9-309,True
78f7fea4f5cd85b6208346c934414dbbd6b22e693c2361f9b0744ca38b03e0ee,12-546,12-546,True
c79d8cabb66622c7a68abb8db8d5e66961ffb3e943d979b0a8ebdc8a5aa6244f,10-896,10-896,True
ad3bf6feddb8a7f868b2028e1325af3ff3f5f3e282a0f8e051572152975cc29a,13-121,13-121,True
99031ff2610f0a7c6f6eb9f43599f7ce43e1f19042672e01db80819decf5221b,14-337,14-337,True
bc89cc755848db0203bff5df6a6eb6f9888179224e8b264b2134175a95d84ec6,12-613,12-613,True
283c7755e3bc6d33ffccbb94a15e9e672ac23acd986999d6f7d39dd84aa32b47,12-910,12-910,True
18946554d150b70e2b91b1969605675a10d0ab2ca7dde47c9d18aa1136506254,10-1209,10-1209,True
4f6750f130f33014a178445274f73d34eeee3dca2d1e21ed623994b27b5cc9c0,8-159,8-159,True
f8468a2b3a1704e219f6ab7fa987ba22c978ce72f54e6a5ce4952f53ba4f7b44,13-410,13-410,True
c1703a160c182b298910aa49fdd80c93bd5e6f67262359a99bfc030a26bffc50,9-762,9-762,True
094f5cb27eed014ab926891cf771c98a038d7c1611b942e1a0269b5338f768aa,8-283,8-283,True
e30d894619a90d57b00d809ac4bf79c3d951506de155c25111a2e6d18bbd2aae,13-255,13-255,True
7e1152d77ad4e5354fedaa03ca755963e925e2d1af93d5254f3dc923caa625b9,12-620,12-620,True
e04c9ec4978ee168968a0f4b8707d91216919d2897e82a0adac71e1199e73c02,9-392,9-392,True
358f70cd8a5081cd9cffd4f169d8cf58b2f138122ea7009c6f273b56924fe649,9-412,9-412,True
a5699967c8c109358bb118c4aab25c895ec523ff00e43a7151f7d5c22f582dac,13-575,13-575,True
3b915399418f342b373ba2fbd540d3bf0f3d311c78e6439b218e17144ac13ddd,14-344,14-344,True
c6fe0839aaa7d6bb2f5f656d893d8eaf69dd80bf8e93342f587a43d59a1eda8a,10-624,10-624,True
293f28981836dc082befdbf3ed73e7880f8a4891e683a957b9be7f729d9a1eb8,10-554,10-554,True
5589b647f0936b26cd9df992c719a723c9a251c447eaf798e63bea266cfbb40a,13-89,13-89,True
22de0c3a6a58b0a290e431c7a61d986968071e726bbbf81ece507c8cafd3626c,12-654,12-654,True
9e0406145c7ff02c925ab77c9d413028cfc989f0ad1fa1f26cfc329781b5a109,10-181,10-181,True
7ef3d5917efb0b8970635480d6cd4b2ea94d6dbab917007dd6b9f64a5d248004,10-1008,10-1008,True
191eba2fa6424851a2eab3330d1d9f84b7d06eff63e36865744591ad1e337857,9-404,9-404,True
c0daaafacc765a613cb0bed15fe6e22bb85df0883f130948b316bf3b2465abb5,13-957,13-957,True
999fda9fb6ffc61248550846e0c8763f3b7949a5dedfe923dd3657e650b6cb8a,7-1014,7-1014,True
10c17cf4d0d16cb89888db9f9f41219e52e7d5358b168160d4574fa4463ef303,14-955,14-955,True
4d7919c72d415db8a6feeb4bb6c6d7f87317d10337d992632a924b488ce8a6df,10-136,10-136,True
2ebcb37de7bedc23609ff2628679d44c65f17911d2953098a5c33a040a344975,14-923,14-923,True
d106e53625e4874948c1e7bfafc4095fb663d6a9a5601210fca5c75cdabaa1ee,12-196,12-196,True
ce1360704a1e3ea789bd357039a79956b3ad22f1beee86c23b45d5daf33abfba,12-751,12-751,True
5417cb1be96594e9fc75988645e710d50a8a42e5fc04571128dffc250a647870,10-781,10-781,True
6eb7d30476ef4248ea03db13347d7ba6ba8894cb19067ef78ddd40680ea7ff73,9-182,9-182,True
7b13d8d2f9b8ee876035bbe80518589a26bdf65d4f6121a0bef512f48099fb1c,13-503,13-503,True
24b5e1355bf7c53f7ec5735792394673602cc024c81c1016ca4433594fff9bee,12-756,12-756,True
80f59bd00e9a0fa0402c15e2a30c89a3139988694911122581bee167e9954a5a,10-143,10-143,True
b180370f710840befb25e28eb48bb2ea8edf6669101038861c2468dc2dccf5ac,7-748,7-748,True
3468227faed231920327378e2b6db59c6577cf78a25ad0534c0bca4caf628db3,7-1107,7-1107,True
2cc1d1f38ef0fbea489f04e789448e82273cfc1f5eb7ca7fc8aae29d90407380,9-213,9-213,True
784013159b5d781b25095ddb2c7ac698179d6c341221ce82c5119cc54b278b2f,10-687,10-687,True
576a59071d0efc1f4ef5d727740d1c292187e99a9c3a3f3b18b64cd92e51ddcd,7-178,7-178,True
b1892fa695124ba89652da199ea32f1960246003dd87158fc07a6af0ff2faaf6,656,656,True
f7f0d289b2a8947fa31f783d20a9a4c624092d23a74e25e75bbb2ab23fafcde7,10-559,10-559,True
715253487e119992bc34ab7ed13b96469586ec2ad717148116a488e697d99031,10-791,10-791,True
355416d200fdd42ae42b06cd96120b89e0dbd7492cb83672e8e92a915876e63c,7-1147,7-1147,True
76804d940f2890e929b64d337e5c449a5f3ee60aa8636b1aba9f054fe20fe73b,7-514,7-514,True
b4ac72bddb3bd8861d0ac954bfb817b0b1da62046e28faeef752c55ee0a51a7d,9-827,9-827,True
e2437cc0ec966ef0acd5a2d4402dabf8a2580f65b6b4b9974c25f9999b2c13ae,12-994,12-994,True
98324490de4f8ac71ec3409f9bd379be48281a804e1d7039f53e65fbee2e6208,14-1066,14-1066,True
1feecbb14a2f155286bb28323e6c908179a597934c2dabe79779be2363c98b30,10-14,10-14,True
84d5d88714fa6d4d0bf0ddb63515b53fb9785d5e495217a1adca9e6058724a5e,9-1177,9-1177,True
f39e55644dae0e90de2c39e837ff01ef8d7311c2cc3397f922e8a4a5503fc61a,7-712,7-712,True
36bf1d36e458f6e506724b3dae1000637cd47dad647ae64688cadd2fe8e2569a,7-74,7-74,True
c4679ed908e8cd723925a79c24c618156ae6477731a878bd5d9711f6a26e9438,9-445,9-445,True
3c189a724da7e4e132cdc9150eda9814a53614a7e7a3f3ef1bae27e4fac18d05,267,267,True
1ce8f6efd47197f403962b00817f87a706e403db3b46e5df9fc8a63864a18935,9-666,9-666,True
b2b5630a2ad555fc91cbc447541037751d716bb3d0bf020c1f7de953e9edaf85,10-221,10-221,True
bd3dccbab9dd8e3b1e2796346d9d46c937b9dc2e5217725f9169efdefd9d1ea0,12-660,12-660,True
0e170974014586f8304e65ffaeda8eefda3b8c1fd74edd78bafa27a4d966fc38,9-848,9-848,True
6a56ebeb45709e2fac020c5f79ad7aecc46ebcb6e25d492697c0e1862fbc34a1,7-398,7-398,True
3975eb2a984ac8a0d4dd02c872da8eee4257fdf963ba0a620bd4de194c5b8bdc,9-1133,9-1133,True
114ee2c7cb1c11f0a6cd733c07056f51508bdbe29cf9789756b5189b7f8490ee,14-808,14-808,True
385fa1c5fafdc2cb55a42bc1b4028852c5edf4fcde9b1ac90bc5f3ed94f459fd,8-156,8-156,True
00dad03f3f0089466d2643f60bdd294f23a03a34774cef6a0b06198c673fedf6,9-836,9-836,True
49fca82dcae8696351dad5f907a3d363cb3c7fb98a885cc1a746d834bb5c1db8,13-283,13-283,True
3701a4dc1684313ab1fd2573f4bda19a5ef2b47a42cd253d9c680976b8df3c0b,12-396,12-396,True
6a14ffde37bf027b1ecace113b399dede04d32460d47ff2ffe21789f25e712e2,12-948,12-948,True
cf8acfdbe18af9811db8fa20873ed2bf7d9aab704c05fa307f8ca94424a9dc06,9-184,9-184,True
d5647bf026653607a73e7d043847a0bde586cf75eb9b0a8e6b165ea9f8d80e6f,12-1166,12-1166,True
df2d3c92480d26b3146ba94a5e18d292a1026306eede7f8c5ea83ae5a150b8dd,12-869,12-869,True
16c87e30599154055fc4ae4ffe8078032b6d4bbcb6c18ac607f6a32cf3a5c325,12-1144,12-1144,True
aed8026392a560e14c68b25ba1590482367bca3af76dd7f465cc527caee582bd,9-914,9-914,True
0e32d66d75069aaf28ba5b3bb3ae65f34011a8cb2e62e0a601fb72cb385c71ec,9-809,9-809,True
894f41cf1a4615cb54b3ae727d1b070eb3a7e22d4a0eb85e02dd69249d61ddf0,9-497,9-497,True
37f299918252a67c86ac7fd24e97dc54f7ed1027a5187a29305c206852045ad1,12-1072,12-1072,True
9eef89a61db2c5c6bb7072ec2d3193db12d646b48fa94d836006a963069cc24b,13-470,13-470,True
1cc2ac733705eb172b9f81ee53965d681eab274319e141721f58ddee8a90f15d,13-1061,13-1061,True
eb12baff87c9eab5f44f5f5dbe3eb5a4ca7a1348549b34134d7128df93f1ec95,8-345,8-345,True
2ec33eaa654b779596367d192e9d928ca83697ff0a447a38d9d6502cc534fb6a,13-1039,13-1039,True
48fc23747169799ccf839210ddf9de2869f2cdd3943f6d523f76e8343b91e363,8-73,8-73,True
e5d8fedb07eedad6e592fdf4191460123b365b6a2fe3a7b6a3ff72e365e6ed92,8-320,8-320,True
2a32a511d87bf7cd1734cbbabdc05a1ec3d2da2a4abf8254f91b29961deda760,8-330,8-330,True
337adb47b63f4f17bc809b9695a666865b91589744f170ed361049a4fd9d88fc,12-1039,12-1039,True
3c7edb2810c68a3ae6302701a215816019a42fabc671fe41218c0aa3235b5b00,13-275,13-275,True
3953f945b0deea9d545211eddde07ef6e773c4799df91d11d598955b67509124,9-672,9-672,True
6f229c7913557109591ef4a46e98d749aea014ecab3f5e3ef35a6a57cc6932e5,13-1011,13-1011,True
7efc6ee160c5b2307b8dbcc6703ac13c64fa5f4f9f3926ed82570e2987026a8d,12-495,12-495,True
972b73ed213afcd73395945e669a8c92157bcc952af8cac6105b3fe5d26d29c9,13-591,13-591,True
b042a942c5afaadd7424b7f21b071804ff0d1c2270012743879c46ddf1aaee55,12-608,12-608,True
22c32feb4fe730636362b423ec6782263df7dde376f6f63fbf0817c9fd5850ea,13-1031,13-1031,True
a08fa5a4a566e622d32c32002b310917f38c7ba919fbe598e5203a3436cbf033,13-901,13-901,True
b2894f207acc942493db1c83dab78a857cec81124aa3db2af67b978a41e976c1,8-229,8-229,True
675d3342325b67b9ca293ac9590c0b64f36d23ec65c93057b10e00ead601df63,13-589,13-589,True
5f66f641c4725e5f9eec479252730251f839b09b8932bf52bb059a1ff4e547c3,8-44,8-44,True
35bf825b06f95752164b99f1a60425e7c06c650cfa03a1cb95b12b0a05e52c91,9-451,9-451,True
7f3995254593955d8a8e873ee01cce19072eb15966fc61672aba4476099f77cb,13-577,13-577,True
040787506b91b82ade388908edc769161219053488a5d4bb76dfba3627976a46,9-1157,9-1157,True
572926d55e982ad64ae8f5b023bf16d8238119d0616d1462dd2eb45445b06ae9,13-323,13-323,True
