pair,action,official_index,id,gold,official_raw,official_parsed_v2,official_pred_official_evaluator,ours_raw,ours_parsed_v2,ours_runtime_error
small,R,0,8-343,B,The correct answer is A. make more phone calls.,A,A,The correct answer is A. make more phone calls.,A,False
small,R,1,1129,A,The correct answer is A. a marsh.,A,A,The correct answer is A. a marsh.,A,False
small,R,2,880,C,The correct answer is A. lions,A,A,The correct answer is A. lions,A,False
small,R,3,7-999,C,The correct answer is A. roots may be split.,A,A,The correct answer is A. roots may be split.,A,False
small,R,4,8-464,C,The correct answer is A.,A,A,The correct answer is A.,A,False
small,R,5,9-794,C,The correct answer is A. oxygen,A,A,The correct answer is A. oxygen,A,False
small,R,6,9-1163,C,The correct answer is A. gas,A,A,The correct answer is A. gas,A,False
small,R,7,9-322,B,The correct answer is A. moons gravity,A,A,The correct answer is A. moons gravity,A,False
small,R,8,7-1140,D,The correct answer is A. May,A,A,The correct answer is A. May,A,False
small,R,9,7-903,B,The correct answer is A. microorganisms.,A,A,The correct answer is A. microorganisms.,A,False
small,R,10,7-511,C,The correct answer is A. a cave.,A,A,The correct answer is A. a cave.,A,False
small,R,11,9-937,B,The correct answer is A. fruit,A,A,The correct answer is A. fruit,A,False
small,R,12,8-201,C,The correct answer is D. a deer.,D,D,The correct answer is D. a deer.,D,False
small,R,13,1618,A,The correct answer is A. parched foliage.,A,A,The correct answer is A. parched foliage.,A,False
small,R,14,758,C,The correct answer is A. shortage of crops for the food supply.,A,A,The correct answer is A. shortage of crops for the food supply.,A,False
small,R,15,7-414,D,The correct answer is A. wind power will be expensive.,A,A,The correct answer is A. wind power will be expensive.,A,False
small,R,16,9-675,C,The correct answer is C. panels collecting sunlight.,C,C,The correct answer is C. panels collecting sunlight.,C,False
small,R,17,9-163,C,The correct answer is A. Lake Michigan.,A,A,The correct answer is A. Lake Michigan.,A,False
small,R,18,1032,A,The correct answer is A. weasel,A,A,The correct answer is A. weasel,A,False
small,R,19,889,B,The correct answer is A. rat,A,A,The correct answer is A. rat,A,False
small,R,20,1160,A,The correct answer is D. Phoenix.,D,D,The correct answer is D. Phoenix.,D,False
small,R,21,9-298,A,The correct answer is A. gasoline,A,A,The correct answer is A. gasoline,A,False
small,R,22,1189,A,The correct answer is A. keeping warm,A,A,The correct answer is A. keeping warm,A,False
small,R,23,8-395,B,The correct answer is A/B/C/D.,INVALID,A,The correct answer is A/B/C/D.,INVALID,False
small,R,24,7-238,B,The correct answer is A. make a lot of bright lights shine,A,A,The correct answer is A. make a lot of bright lights shine,A,False
small,R,25,7-372,B,The correct answer is A. its snout.,A,A,The correct answer is A. its snout.,A,False
small,R,26,8-35,D,The correct answer is D. a wheel with dry brake pads.,D,D,The correct answer is D. a wheel with dry brake pads.,D,False
small,R,27,9-271,A,The correct answer is A. the circulatory system.,A,A,The correct answer is A. the circulatory system.,A,False
small,R,28,9-409,D,The correct answer is A.,A,A,The correct answer is A.,A,False
small,R,29,530,B,The correct answer is A. wings,A,A,The correct answer is A. wings,A,False
small,R,30,1426,C,The correct answer is A. acid rain.,A,A,The correct answer is A. acid rain.,A,False
small,R,31,8-466,D,The correct answer is A. The surroundings they are born in.,A,A,The correct answer is A. The surroundings they are born in.,A,False
small,R,32,1577,B,The correct answer is A. eagles.,A,A,The correct answer is A. eagles.,A,False
small,R,33,8-257,A,The correct answer is A/B/C/D.,INVALID,A,The correct answer is A/B/C/D.,INVALID,False
small,R,34,378,B,The correct answer is A. remains of ancient ponds,A,A,The correct answer is A. remains of ancient ponds,A,False
small,R,35,8-41,A,The correct answer is A. Water animals.,A,A,The correct answer is A. Water animals.,A,False
small,R,36,9-540,A,The correct answer is A.,A,A,The correct answer is A.,A,False
small,R,37,266,D,The correct answer is A. nerves,A,A,The correct answer is A. nerves,A,False
small,R,38,1309,D,The correct answer is A. plants,A,A,The correct answer is A. plants,A,False
small,R,39,7-1197,A,The correct answer is A. refrigerator,A,A,The correct answer is A. refrigerator,A,False
small,R,40,7-891,D,The correct answer is A. transformed,A,A,The correct answer is A. transformed,A,False
small,R,41,1180,D,The correct answer is A. Mother,A,A,The correct answer is A. Mother,A,False
small,R,42,1204,A,The correct answer is A.,A,A,The correct answer is A.,A,False
small,R,43,7-52,D,The correct answer is A. eggs with shells.,A,A,The correct answer is A. eggs with shells.,A,False
small,R,44,1759,A,The correct answer is A/B/C/D.,INVALID,A,The correct answer is A/B/C/D.,INVALID,False
small,R,45,9-655,A,The correct answer is A/B/C/D.,INVALID,A,The correct answer is A/B/C/D.,INVALID,False
small,R,46,132,A,The correct answer is A. they get bigger.,A,A,The correct answer is A. they get bigger.,A,False
small,R,47,8-79,A,The correct answer is A. expand,A,A,The correct answer is A. expand,A,False
small,R,48,1835,B,The correct answer is D. tropical,D,D,The correct answer is D. tropical,D,False
small,R,49,9-149,C,The correct answer is C. born.,C,C,The correct answer is C. born.,C,False
small,R,50,695,A,The correct answer is A. a bear or person.,A,A,The correct answer is A. a bear or person.,A,False
small,R,51,8-179,D,The correct answer is A. weekly,A,A,The correct answer is A. weekly,A,False
small,R,52,7-50,A,The correct answer is A. strain the resources of an ecosystem.,A,A,The correct answer is A. strain the resources of an ecosystem.,A,False
small,R,53,508,D,The correct answer is A. high risk lifestyle,A,A,The correct answer is A. high risk lifestyle,A,False
small,R,54,1674,C,The correct answer is A. date of birth,A,A,The correct answer is A. date of birth,A,False
small,R,55,163,A,The correct answer is A. commercial plane,A,A,The correct answer is A. commercial plane,A,False
small,R,56,7-49,C,The correct answer is A. meat,A,A,The correct answer is A. meat,A,False
small,R,57,8-393,D,The correct answer is A.,A,A,The correct answer is A.,A,False
small,R,58,788,B,The correct answer is A. 3pm,A,A,The correct answer is A. 3pm,A,False
small,R,59,9-29,A,The correct answer is A.,A,A,The correct answer is A.,A,False
small,R,60,9-368,C,The correct answer is A. grow,A,A,The correct answer is A. grow,A,False
small,R,61,7-671,C,The correct answer is A.,A,A,The correct answer is A.,A,False
small,R,62,1272,A,The correct answer is A/B/C/D.,INVALID,A,The correct answer is A/B/C/D.,INVALID,False
small,R,63,648,B,The correct answer is B. Clearing for farming.,B,B,The correct answer is B. Clearing for farming.,B,False
small,R,64,9-1180,B,The correct answer is A. steak,A,A,The correct answer is A. steak,A,False
small,R,65,9-227,C,The correct answer is B. water.,B,B,The correct answer is B. water.,B,False
small,R,66,1582,A,The correct answer is A. four boxes.,A,A,The correct answer is A. four boxes.,A,False
small,R,67,8-125,A,The correct answer is C.,C,C,The correct answer is C.,C,False
small,R,68,1923,A,The correct answer is A. roots,A,A,The correct answer is A. roots,A,False
small,R,69,9-229,D,The correct answer is A.,A,A,The correct answer is A.,A,False
small,R,70,1702,B,The correct answer is B. kittens look like their parents.,B,B,The correct answer is B. kittens look like their parents.,B,False
small,R,71,8-260,C,The correct answer is A.,A,A,The correct answer is A.,A,False
small,R,72,9-491,C,The correct answer is A. melted,A,A,The correct answer is A. melted,A,False
small,R,73,75,A,The correct answer is A. inverse.,A,A,The correct answer is A. inverse.,A,False
small,R,74,1215,C,The correct answer is A. will turn into a tree.,A,A,The correct answer is A. will turn into a tree.,A,False
small,R,75,8-93,C,The correct answer is A. The color of my hair.,A,A,The correct answer is A. The color of my hair.,A,False
small,R,76,7-988,A,The correct answer is A. an uptick in the number of leaves.,A,A,The correct answer is A. an uptick in the number of leaves.,A,False
small,R,77,9-1139,C,The correct answer is A. ice cube,A,A,The correct answer is A. ice cube,A,False
small,R,78,1545,B,The correct answer is A. Oxygen,A,A,The correct answer is A. Oxygen,A,False
small,R,79,7-664,C,The correct answer is A.,A,A,The correct answer is A.,A,False
small,R,80,8-53,C,The correct answer is A/B/C/D.,INVALID,A,The correct answer is A/B/C/D.,INVALID,False
small,R,81,7-1044,A,The correct answer is D. none of these.,D,D,The correct answer is D. none of these.,D,False
small,R,82,7-1122,A,The correct answer is A. the mountain pass.,A,A,The correct answer is A. the mountain pass.,A,False
small,R,83,9-79,B,The correct answer is B. they let in less light.,B,B,The correct answer is B. they let in less light.,B,False
small,R,84,7-157,D,The correct answer is D.,D,D,The correct answer is D.,D,False
small,R,85,9-1164,B,The correct answer is A. blood,A,A,The correct answer is A. blood,A,False
small,R,86,8-63,D,The correct answer is A. to give birth to live young.,A,A,The correct answer is A. to give birth to live young.,A,False
small,R,87,8-308,D,The correct answer is A. sensing shapes by light and shadows.,A,A,The correct answer is A. sensing shapes by light and shadows.,A,False
small,R,88,326,C,The correct answer is C. A Season,C,C,The correct answer is C. A Season,C,False
small,R,89,1184,A,The correct answer is A. life sustaining elements.,A,A,The correct answer is A. life sustaining elements.,A,False
small,R,90,359,A,The correct answer is A. ecru,A,A,The correct answer is A. ecru,A,False
small,R,91,9-350,D,The correct answer is D.,D,D,The correct answer is D.,D,False
small,R,92,7-140,C,The correct answer is A. a radio recording.,A,A,The correct answer is A. a radio recording.,A,False
small,R,93,591,A,The correct answer is A. malleable and nutritious.,A,A,The correct answer is A. malleable and nutritious.,A,False
small,R,94,7-391,C,The correct answer is A. gold,A,A,The correct answer is A. gold,A,False
small,R,95,1672,C,The correct answer is A/B/C/D.,INVALID,A,The correct answer is A/B/C/D.,INVALID,False
small,R,96,9-464,C,The correct answer is C. Rainfall.,C,C,The correct answer is C. Rainfall.,C,False
small,R,97,9-983,B,The correct answer is B. dirt quality.,B,B,The correct answer is B. dirt quality.,B,False
small,R,98,9-179,A,The correct answer is A. rubbing it.,A,A,The correct answer is A. rubbing it.,A,False
small,R,99,7-942,C,The correct answer is A. fast,A,A,The correct answer is A. fast,A,False
small,R,100,7-100,B,The correct answer is A. sunlight.,A,A,The correct answer is A. sunlight.,A,False
small,R,101,9-30,B,The correct answer is B. snake.,B,B,The correct answer is B. snake.,B,False
small,R,102,1709,A,The correct answer is A. enable plants to continue flourishing.,A,A,The correct answer is A. enable plants to continue flourishing.,A,False
small,R,103,8-491,D,The correct answer is A.,A,A,The correct answer is A.,A,False
small,R,104,44,B,The correct answer is A. genetics,A,A,The correct answer is A. genetics,A,False
small,R,105,1023,D,The correct answer is D. electricity.,D,D,The correct answer is D. electricity.,D,False
small,R,106,1911,B,The correct answer is A/B/C/D.,INVALID,A,The correct answer is A/B/C/D.,INVALID,False
small,R,107,429,A,The correct answer is A. 1000,A,A,The correct answer is A. 1000,A,False
small,R,108,8-49,D,The correct answer is D. turning on the hose.,D,D,The correct answer is D. turning on the hose.,D,False
small,R,109,520,C,The correct answer is A. only happen in California.,A,A,The correct answer is A. only happen in California.,A,False
small,R,110,7-1128,C,The correct answer is A.,A,A,The correct answer is A.,A,False
small,R,111,7-394,B,The correct answer is A.,A,A,The correct answer is A.,A,False
small,R,112,9-1166,B,The correct answer is A. wither,A,A,The correct answer is A. wither,A,False
small,R,113,7-884,C,The correct answer is A. music to be loud.,A,A,The correct answer is A. music to be loud.,A,False
small,R,114,9-501,A,The correct answer is A/B/C/D.,INVALID,A,The correct answer is A/B/C/D.,INVALID,False
small,R,115,9-757,C,The correct answer is A. old,A,A,The correct answer is A. old,A,False
small,R,116,7-725,D,The correct answer is D. stones to weather down to pebbles.,D,D,The correct answer is D. stones to weather down to pebbles.,D,False
small,R,117,1300,D,The correct answer is A/B/C/D.,INVALID,A,The correct answer is A/B/C/D.,INVALID,False
small,R,118,9-230,A,The correct answer is A.,A,A,The correct answer is A.,A,False
small,R,119,9-988,B,The correct answer is A.,A,A,The correct answer is A.,A,False
small,R,120,9-393,A,The correct answer is A. reservoir,A,A,The correct answer is A. reservoir,A,False
small,R,121,7-823,D,The correct answer is D.,D,D,The correct answer is D.,D,False
small,R,122,9-24,A,The correct answer is A.,A,A,The correct answer is A.,A,False
small,R,123,570,D,The correct answer is D.,D,D,The correct answer is D.,D,False
small,R,124,9-124,B,The correct answer is A. telescope views,A,A,The correct answer is A. telescope views,A,False
small,R,125,9-199,A,The correct answer is B.,B,B,The correct answer is B.,B,False
small,R,126,767,A,The correct answer is A. a cabbage cell.,A,A,The correct answer is A. a cabbage cell.,A,False
small,R,127,28,D,The correct answer is A. reverse.,A,A,The correct answer is A. reverse.,A,False
small,R,128,9-1134,B,The correct answer is D. release energy.,D,D,The correct answer is D. release energy.,D,False
small,R,129,9-1030,C,The correct answer is C. sensing views.,C,C,The correct answer is C. sensing views.,C,False
small,R,130,9-18,B,The correct answer is A. breaks for birds on the road.,A,A,The correct answer is A. breaks for birds on the road.,A,False
small,R,131,8-378,D,The correct answer is A. the woman makes more money.,A,A,The correct answer is A. the woman makes more money.,A,False
small,R,132,7-677,C,"The correct answer is C. arid, parched, and sun-baked.",C,C,"The correct answer is C. arid, parched, and sun-baked.",C,False
small,R,133,9-786,A,The correct answer is A. Our Planet,A,A,The correct answer is A. Our Planet,A,False
small,R,134,9-463,D,The correct answer is A. tile flooring.,A,A,The correct answer is A. tile flooring.,A,False
small,R,135,7-71,A,The correct answer is A.,A,A,The correct answer is A.,A,False
small,R,136,9-1053,D,The correct answer is D. H₂O,D,D,The correct answer is D. H₂O,D,False
small,R,137,9-437,B,The correct answer is A. Yelling really loud.,A,A,The correct answer is A. Yelling really loud.,A,False
small,R,138,1787,B,The correct answer is A. the creek water getting colder.,A,A,The correct answer is A. the creek water getting colder.,A,False
small,R,139,7-107,A,The correct answer is A. Australia.,A,A,The correct answer is A. Australia.,A,False
small,R,140,769,C,The correct answer is A.,A,A,The correct answer is A.,A,False
small,R,141,9-73,A,The correct answer is A. Brazil,A,A,The correct answer is A. Brazil,A,False
small,R,142,9-1194,D,The correct answer is A. dogs,A,A,The correct answer is A. dogs,A,False
small,R,143,9-416,D,The correct answer is D. the environment.,D,D,The correct answer is D. the environment.,D,False
small,R,144,470,A,The correct answer is A. humans throwing a spear through an animal.,A,A,The correct answer is A. humans throwing a spear through an animal.,A,False
small,R,145,1297,D,The correct answer is D. orange juice.,D,D,The correct answer is D. orange juice.,D,False
small,R,146,8-346,A,The correct answer is A. Sweet,A,A,The correct answer is A. Sweet,A,False
small,R,147,7-807,A,The correct answer is A. stone,A,A,The correct answer is A. stone,A,False
small,R,148,8-463,A,The correct answer is A. the freezing point,A,A,The correct answer is A. the freezing point,A,False
small,R,149,9-110,A,The correct answer is A. children,A,A,The correct answer is A. children,A,False
small,R,150,1611,C,The correct answer is A. it loses its magnetization.,A,A,The correct answer is A. it loses its magnetization.,A,False
small,R,151,9-942,D,The correct answer is A. luck,A,A,The correct answer is A. luck,A,False
small,R,152,9-1102,B,The correct answer is B. A school notebook.,B,B,The correct answer is B. A school notebook.,B,False
small,R,153,9-774,C,The correct answer is C. it is an unsustainable habitat.,C,C,The correct answer is C. it is an unsustainable habitat.,C,False
small,R,154,8-333,A,The correct answer is A. water and soda.,A,A,The correct answer is A. water and soda.,A,False
small,R,155,9-573,B,The correct answer is A. spider bites.,A,A,The correct answer is A. spider bites.,A,False
small,R,156,1955,A,The correct answer is A/B/C/D.,INVALID,A,The correct answer is A/B/C/D.,INVALID,False
small,R,157,8-45,C,The correct answer is A. 5 p.m.,A,A,The correct answer is A. 5 p.m.,A,False
small,R,158,9-674,C,The correct answer is A/B/C/D.,INVALID,A,The correct answer is A/B/C/D.,INVALID,False
small,R,159,898,B,The correct answer is D. water.,D,D,The correct answer is D. water.,D,False
small,R,160,7-1159,C,The correct answer is A.,A,A,The correct answer is A.,A,False
small,R,161,568,A,The correct answer is A. It's dead.,A,A,The correct answer is A. It's dead.,A,False
small,R,162,9-877,B,The correct answer is B. snow fox,B,B,The correct answer is B. snow fox,B,False
small,R,163,406,C,The correct answer is A. a vitamin that prevents blood loss.,A,A,The correct answer is A. a vitamin that prevents blood loss.,A,False
small,R,164,7-1132,A,The correct answer is A. magnetized.,A,A,The correct answer is A. magnetized.,A,False
small,R,165,7-479,C,The correct answer is D. none of these.,D,D,The correct answer is D. none of these.,D,False
small,R,166,609,A,The correct answer is A. Chickpeas.,A,A,The correct answer is A. Chickpeas.,A,False
small,R,167,1568,C,The correct answer is A. Window,A,A,The correct answer is A. Window,A,False
small,R,168,9-418,C,The correct answer is A.,A,A,The correct answer is A.,A,False
small,R,169,7-1050,B,The correct answer is A. only happens in the summer.,A,A,The correct answer is A. only happens in the summer.,A,False
small,R,170,9-510,C,The correct answer is A. air,A,A,The correct answer is A. air,A,False
small,R,171,9-519,A,The correct answer is A. friction,A,A,The correct answer is A. friction,A,False
small,R,172,9-637,C,The correct answer is A. the Sahara,A,A,The correct answer is A. the Sahara,A,False
small,R,173,473,A,The correct answer is A. Atlantic menhaden.,A,A,The correct answer is A. Atlantic menhaden.,A,False
small,R,174,8-445,B,The correct answer is D. blossoms blooming.,D,D,The correct answer is D. blossoms blooming.,D,False
small,R,175,9-575,B,The correct answer is D. all of these.,D,D,The correct answer is D. all of these.,D,False
small,R,176,7-284,B,The correct answer is A. add more fat to their diet.,A,A,The correct answer is A. add more fat to their diet.,A,False
small,R,177,8-135,A,The correct answer is A.,A,A,The correct answer is A.,A,False
small,R,178,397,D,The correct answer is A.,A,A,The correct answer is A.,A,False
small,R,179,9-32,B,The correct answer is A. counties,A,A,The correct answer is A. counties,A,False
small,R,180,48,C,The correct answer is C. fossilization.,C,C,The correct answer is C. fossilization.,C,False
small,R,181,8-69,C,The correct answer is D. none of these.,D,D,The correct answer is D. none of these.,D,False
small,R,182,9-159,C,The correct answer is A. some water is around it.,A,A,The correct answer is A. some water is around it.,A,False
small,R,183,9-317,C,The correct answer is C. electricity.,C,C,The correct answer is C. electricity.,C,False
small,R,184,423,D,The correct answer is D. stone,D,D,The correct answer is D. stone,D,False
small,R,185,8-304,A,The correct answer is C. none of these.,C,C,The correct answer is C. none of these.,C,False
small,R,186,785,D,The correct answer is A/B/C/D.,INVALID,A,The correct answer is A/B/C/D.,INVALID,False
small,R,187,9-1087,C,The correct answer is C. decrease.,C,C,The correct answer is C. decrease.,C,False
small,R,188,485,D,The correct answer is A. marble statues,A,A,The correct answer is A. marble statues,A,False
small,R,189,9-908,C,The correct answer is A. bike helmet,A,A,The correct answer is A. bike helmet,A,False
small,R,190,1231,C,The correct answer is A. crystals,A,A,The correct answer is A. crystals,A,False
small,R,191,810,B,The correct answer is A. leads to longer drought of resources.,A,A,The correct answer is A. leads to longer drought of resources.,A,False
small,R,192,158,D,The correct answer is A.,A,A,The correct answer is A.,A,False
small,R,193,7-445,A,The correct answer is A. a change in the direction of a stream.,A,A,The correct answer is A. a change in the direction of a stream.,A,False
small,R,194,1502,C,The correct answer is A.,A,A,The correct answer is A.,A,False
small,R,195,1200,B,The correct answer is A. Jul 4th,A,A,The correct answer is A. Jul 4th,A,False
small,R,196,437,A,The correct answer is A. Eucerin pH5 range,A,A,The correct answer is A. Eucerin pH5 range,A,False
small,R,197,8-205,A,The correct answer is A.,A,A,The correct answer is A.,A,False
small,R,198,9-270,C,The correct answer is C. fails to grow.,C,C,The correct answer is C. fails to grow.,C,False
small,R,199,8-130,C,The correct answer is A. heat,A,A,The correct answer is A. heat,A,False
small,R,200,229,D,The correct answer is A. axial planetary rotation,A,A,The correct answer is A. axial planetary rotation,A,False
small,R,201,9-390,D,The correct answer is A. River,A,A,The correct answer is A. River,A,False
small,R,202,8-107,C,The correct answer is A/B/C/D.,INVALID,A,The correct answer is A/B/C/D.,INVALID,False
small,R,203,7-527,A,The correct answer is D. make their own food.,D,D,The correct answer is D. make their own food.,D,False
small,R,204,7-333,C,The correct answer is A.,A,A,The correct answer is A.,A,False
small,R,205,9-44,C,The correct answer is A. giant fish,A,A,The correct answer is A. giant fish,A,False
small,R,206,7-160,D,The correct answer is A. water splashing.,A,A,The correct answer is A. water splashing.,A,False
small,R,207,1942,D,The correct answer is A.,A,A,The correct answer is A.,A,False
small,R,208,9-597,B,The correct answer is A. insects,A,A,The correct answer is A. insects,A,False
small,R,209,9-35,A,The correct answer is A. millions of years.,A,A,The correct answer is A. millions of years.,A,False
small,R,210,1161,B,The correct answer is A. change the moon into cheese.,A,A,The correct answer is A. change the moon into cheese.,A,False
small,R,211,7-171,B,The correct answer is A. they would be scalded.,A,A,The correct answer is A. they would be scalded.,A,False
small,R,212,1139,D,The correct answer is D. eat alfalfa hay.,D,D,The correct answer is D. eat alfalfa hay.,D,False
small,R,213,1924,B,The correct answer is A.,A,A,The correct answer is A.,A,False
small,R,214,9-440,B,The correct answer is B. a community.,B,B,The correct answer is B. a community.,B,False
small,R,215,9-528,C,The correct answer is A.,A,A,The correct answer is A.,A,False
small,R,216,170,C,The correct answer is A. rabbit and hare.,A,A,The correct answer is A. rabbit and hare.,A,False
small,R,217,395,D,The correct answer is A. toad,A,A,The correct answer is A. toad,A,False
small,R,218,9-633,D,The correct answer is D. a reproductive companion.,D,D,The correct answer is D. a reproductive companion.,D,False
small,R,219,9-504,A,The correct answer is A. a quarry.,A,A,The correct answer is A. a quarry.,A,False
small,R,220,8-192,A,The correct answer is A. Heat,A,A,The correct answer is A. Heat,A,False
small,R,221,7-1108,D,The correct answer is A.,A,A,The correct answer is A.,A,False
small,R,222,7-852,A,The correct answer is A. blood moves in a body.,A,A,The correct answer is A. blood moves in a body.,A,False
small,R,223,761,D,The correct answer is A. Arizona,A,A,The correct answer is A. Arizona,A,False
small,R,224,8-318,B,The correct answer is B. light is more easily seen.,B,B,The correct answer is B. light is more easily seen.,B,False
small,R,225,636,C,The correct answer is A. flutes.,A,A,The correct answer is A. flutes.,A,False
small,R,226,7-444,D,The correct answer is D. toes are wiggled.,D,D,The correct answer is D. toes are wiggled.,D,False
small,R,227,8-57,B,The correct answer is D.,D,D,The correct answer is D.,D,False
small,R,228,9-187,B,The correct answer is A. invertebrates.,A,A,The correct answer is A. invertebrates.,A,False
small,R,229,1345,B,The correct answer is A. provide nice scents.,A,A,The correct answer is A. provide nice scents.,A,False
small,R,230,8-59,D,The correct answer is A. the plastic water bottle.,A,A,The correct answer is A. the plastic water bottle.,A,False
small,R,231,178,B,The correct answer is B. mud,B,B,The correct answer is B. mud,B,False
small,R,232,9-1186,A,The correct answer is A.,A,A,The correct answer is A.,A,False
small,R,233,82,C,The correct answer is D. reverse,D,D,The correct answer is D. reverse,D,False
small,R,234,8-165,C,The correct answer is A.,A,A,The correct answer is A.,A,False
small,R,235,404,B,The correct answer is A. waterfalls,A,A,The correct answer is A. waterfalls,A,False
small,R,236,279,A,The correct answer is A. horseshoe,A,A,The correct answer is A. horseshoe,A,False
small,R,237,9-532,A,The correct answer is A. warm,A,A,The correct answer is A. warm,A,False
small,R,238,268,C,The correct answer is A.,A,A,The correct answer is A.,A,False
small,R,239,7-1018,D,The correct answer is A. moving a rope sideways.,A,A,The correct answer is A. moving a rope sideways.,A,False
small,R,240,1756,A,The correct answer is A. emus,A,A,The correct answer is A. emus,A,False
small,R,241,1137,D,The correct answer is A. clothes,A,A,The correct answer is A. clothes,A,False
small,R,242,7-203,D,The correct answer is A/B/C/D.,INVALID,A,The correct answer is A/B/C/D.,INVALID,False
small,R,243,745,B,The correct answer is A. wood,A,A,The correct answer is A. wood,A,False
small,R,244,7-902,A,The correct answer is A. get bigger yields.,A,A,The correct answer is A. get bigger yields.,A,False
small,R,245,1095,A,The correct answer is A. feathers slows heat transfer.,A,A,The correct answer is A. feathers slows heat transfer.,A,False
small,R,246,7-163,A,The correct answer is A. a charge for appliances.,A,A,The correct answer is A. a charge for appliances.,A,False
small,R,247,9-858,C,The correct answer is A. weight,A,A,The correct answer is A. weight,A,False
small,R,248,1530,D,The correct answer is D. music.,D,D,The correct answer is D. music.,D,False
small,R,249,9-993,D,The correct answer is A. chips,A,A,The correct answer is A. chips,A,False
small,R,250,8-340,D,The correct answer is A. cirrus clouds.,A,A,The correct answer is A. cirrus clouds.,A,False
small,R,251,3,B,The correct answer is A. Walking.,A,A,The correct answer is A. Walking.,A,False
small,R,252,1074,C,The correct answer is C. metal.,C,C,The correct answer is C. metal.,C,False
small,R,253,9-431,A,The correct answer is A. combining,A,A,The correct answer is A. combining,A,False
small,R,254,9-638,B,The correct answer is A. life cycle,A,A,The correct answer is A. life cycle,A,False
small,R,255,9-352,D,The correct answer is D. iron and carbon.,D,D,The correct answer is D. iron and carbon.,D,False
small,R,256,226,D,The correct answer is A. a bicycle.,A,A,The correct answer is A. a bicycle.,A,False
small,R,257,9-132,A,The correct answer is A. reprocessable,A,A,The correct answer is A. reprocessable,A,False
small,R,258,9-222,D,The correct answer is A/B/C/D.,INVALID,A,The correct answer is A/B/C/D.,INVALID,False
small,R,259,9-105,D,The correct answer is C. all of these.,C,C,The correct answer is C. all of these.,C,False
small,R,260,7-459,B,The correct answer is B. dirt,B,B,The correct answer is B. dirt,B,False
small,R,261,9-881,B,The correct answer is B. decomposition.,B,B,The correct answer is B. decomposition.,B,False
small,R,262,280,B,The correct answer is A. gold jewelry.,A,A,The correct answer is A. gold jewelry.,A,False
small,R,263,187,B,The correct answer is A. sunlight.,A,A,The correct answer is A. sunlight.,A,False
small,R,264,8-253,C,The correct answer is D. none of these.,D,D,The correct answer is D. none of these.,D,False
small,R,265,9-482,D,The correct answer is D. It will pass out.,D,D,The correct answer is D. It will pass out.,D,False
small,R,266,496,A,The correct answer is A. solar-rechargeable battery.,A,A,The correct answer is A. solar-rechargeable battery.,A,False
small,R,267,630,C,The correct answer is A. The Amazon.,A,A,The correct answer is A. The Amazon.,A,False
small,R,268,9-16,D,The correct answer is C. the praying mantis.,C,C,The correct answer is C. the praying mantis.,C,False
small,R,269,7-986,D,The correct answer is A. media is mainly in English.,A,A,The correct answer is A. media is mainly in English.,A,False
small,R,270,7-787,C,The correct answer is A. they consume plants.,A,A,The correct answer is A. they consume plants.,A,False
small,R,271,9-181,A,The correct answer is A. our celestial fireball.,A,A,The correct answer is A. our celestial fireball.,A,False
small,R,272,1240,B,The correct answer is B.,B,B,The correct answer is B.,B,False
small,R,273,474,D,The correct answer is A. an organism that releases carbon dioxide.,A,A,The correct answer is A. an organism that releases carbon dioxide.,A,False
small,R,274,1274,D,The correct answer is C. on a stump.,C,C,The correct answer is C. on a stump.,C,False
small,R,275,1531,D,The correct answer is A. leads to more habitats for animals.,A,A,The correct answer is A. leads to more habitats for animals.,A,False
small,R,276,8-321,B,The correct answer is B. resistance,B,B,The correct answer is B. resistance,B,False
small,R,277,1321,C,The correct answer is C. because it's blanketed in crystalline ice water.,C,C,The correct answer is C. because it's blanketed in crystalline ice water.,C,False
small,R,278,9-51,D,The correct answer is D. An insulated room.,D,D,The correct answer is D. An insulated room.,D,False
small,R,279,7-685,B,The correct answer is A. fleas.,A,A,The correct answer is A. fleas.,A,False
small,R,280,7-59,A,The correct answer is A. nutrient making process.,A,A,The correct answer is A. nutrient making process.,A,False
small,R,281,7-270,D,The correct answer is D. needs required for creating chlorophyll.,D,D,The correct answer is D. needs required for creating chlorophyll.,D,False
small,R,282,7-736,C,The correct answer is A. length of hair,A,A,The correct answer is A. length of hair,A,False
small,R,283,8-186,D,The correct answer is D. living organisms in ecosystem.,D,D,The correct answer is D. living organisms in ecosystem.,D,False
small,R,284,224,B,The correct answer is A. in a tree.,A,A,The correct answer is A. in a tree.,A,False
small,R,285,8-206,A,The correct answer is A.,A,A,The correct answer is A.,A,False
small,R,286,8-190,B,The correct answer is A. frigid waters.,A,A,The correct answer is A. frigid waters.,A,False
small,R,287,7-334,B,The correct answer is A. certain things may be featured.,A,A,The correct answer is A. certain things may be featured.,A,False
small,R,288,9-853,B,The correct answer is A.,A,A,The correct answer is A.,A,False
small,R,289,8-367,A,The correct answer is A. community concerns over environmental impact.,A,A,The correct answer is A. community concerns over environmental impact.,A,False
small,R,290,1047,A,The correct answer is A. causes puddles to become dried out mud.,A,A,The correct answer is A. causes puddles to become dried out mud.,A,False
small,R,291,9-454,C,The correct answer is A.,A,A,The correct answer is A.,A,False
small,R,292,1572,C,The correct answer is A. airplane,A,A,The correct answer is A. airplane,A,False
small,R,293,8-373,A,The correct answer is A.,A,A,The correct answer is A.,A,False
small,R,294,9-772,A,The correct answer is A. water,A,A,The correct answer is A. water,A,False
small,R,295,1852,A,The correct answer is A. is nutritionally self sustaining,A,A,The correct answer is A. is nutritionally self sustaining,A,False
small,R,296,9-1090,D,The correct answer is A. food,A,A,The correct answer is A. food,A,False
small,R,297,7-769,C,The correct answer is C. loop endlessly.,C,C,The correct answer is C. loop endlessly.,C,False
small,R,298,9-478,C,The correct answer is A.,A,A,The correct answer is A.,A,False
small,R,299,448,A,The correct answer is A. richer,A,A,The correct answer is A. richer,A,False
small,R,300,7-417,B,The correct answer is A. in freezing cold.,A,A,The correct answer is A. in freezing cold.,A,False
small,R,301,7-108,D,The correct answer is D. combusted items.,D,D,The correct answer is D. combusted items.,D,False
small,R,302,1506,D,The correct answer is D. fewer clouds allow for more sunlight.,D,D,The correct answer is D. fewer clouds allow for more sunlight.,D,False
small,R,303,1712,A,The correct answer is A. a wick,A,A,The correct answer is A. a wick,A,False
small,R,304,8-312,C,The correct answer is A.,A,A,The correct answer is A.,A,False
small,R,305,9-776,A,The correct answer is A. iron saw,A,A,The correct answer is A. iron saw,A,False
small,R,306,8-279,C,The correct answer is D. all of these.,D,D,The correct answer is D. all of these.,D,False
small,R,307,9-621,B,The correct answer is A. frozen streams of water.,A,A,The correct answer is A. frozen streams of water.,A,False
small,R,308,1823,C,The correct answer is D. everyone's trash.,D,D,The correct answer is D. everyone's trash.,D,False
small,R,309,9-735,B,The correct answer is A. swimming in a lake.,A,A,The correct answer is A. swimming in a lake.,A,False
small,R,310,7-1170,B,The correct answer is A. using heat to produce motion.,A,A,The correct answer is A. using heat to produce motion.,A,False
small,R,311,1500,A,The correct answer is A. H2O,A,A,The correct answer is A. H2O,A,False
small,R,312,342,B,The correct answer is A. Organic corn,A,A,The correct answer is A. Organic corn,A,False
small,R,313,7-356,D,The correct answer is D. it shows direction.,D,D,The correct answer is D. it shows direction.,D,False
small,R,314,78,B,The correct answer is A. flowers,A,A,The correct answer is A. flowers,A,False
small,R,315,9-520,C,The correct answer is A. all of these.,A,A,The correct answer is A. all of these.,A,False
small,R,316,7-653,C,The correct answer is A. closing the sails quickly.,A,A,The correct answer is A. closing the sails quickly.,A,False
small,R,317,1112,B,The correct answer is A. chicken,A,A,The correct answer is A. chicken,A,False
small,R,318,9-152,B,The correct answer is B. quick.,B,B,The correct answer is B. quick.,B,False
small,R,319,9-552,B,The correct answer is A. prey,A,A,The correct answer is A. prey,A,False
small,R,320,7-262,A,The correct answer is C. the ocean.,C,C,The correct answer is C. the ocean.,C,False
small,R,321,7-683,D,The correct answer is A. it stays large.,A,A,The correct answer is A. it stays large.,A,False
small,R,322,276,B,The correct answer is A. light waves.,A,A,The correct answer is A. light waves.,A,False
small,R,323,7-855,C,The correct answer is D. more water.,D,D,The correct answer is D. more water.,D,False
small,R,324,664,D,The correct answer is A. a feeder at this house.,A,A,The correct answer is A. a feeder at this house.,A,False
small,R,325,9-883,C,The correct answer is C. sea life.,C,C,The correct answer is C. sea life.,C,False
small,R,326,9-550,A,The correct answer is A.,A,A,The correct answer is A.,A,False
small,R,327,8-493,D,The correct answer is C. in sand.,C,C,The correct answer is C. in sand.,C,False
small,R,328,9-257,C,The correct answer is C. blend in.,C,C,The correct answer is C. blend in.,C,False
small,R,329,1239,D,The correct answer is A/B/C/D.,INVALID,A,The correct answer is A/B/C/D.,INVALID,False
small,R,330,869,A,The correct answer is A. ramen,A,A,The correct answer is A. ramen,A,False
small,R,331,7-1105,A,The correct answer is A/B/C/D.,INVALID,A,The correct answer is A/B/C/D.,INVALID,False
small,R,332,597,D,The correct answer is A. a part of the nervous system.,A,A,The correct answer is A. a part of the nervous system.,A,False
small,R,333,385,D,The correct answer is A. an animal herded by sheep dogs.,A,A,The correct answer is A. an animal herded by sheep dogs.,A,False
small,R,334,1301,B,The correct answer is A. a snake.,A,A,The correct answer is A. a snake.,A,False
small,R,335,9-893,D,The correct answer is A. radiation.,A,A,The correct answer is A. radiation.,A,False
small,R,336,9-369,B,The correct answer is A. where you're going.,A,A,The correct answer is A. where you're going.,A,False
small,R,337,9-1026,A,The correct answer is A. weaken,A,A,The correct answer is A. weaken,A,False
small,R,338,7-424,B,The correct answer is A. a dinner jacket.,A,A,The correct answer is A. a dinner jacket.,A,False
small,R,339,9-259,A,The correct answer is A. B and D,A,A,The correct answer is A. B and D,A,False
small,R,340,9-783,C,The correct answer is A. floods,A,A,The correct answer is A. floods,A,False
small,R,341,1088,B,The correct answer is A. catching prey.,A,A,The correct answer is A. catching prey.,A,False
small,R,342,1387,C,The correct answer is A/B/C/D.,INVALID,A,The correct answer is A/B/C/D.,INVALID,False
small,R,343,7-1062,A,The correct answer is A. directing oxygen from lungs to other organs.,A,A,The correct answer is A. directing oxygen from lungs to other organs.,A,False
small,R,344,676,D,The correct answer is A. in the ocean.,A,A,The correct answer is A. in the ocean.,A,False
small,R,345,1998,B,The correct answer is A. poison,A,A,The correct answer is A. poison,A,False
small,R,346,1698,A,The correct answer is A. a simple alcohol.,A,A,The correct answer is A. a simple alcohol.,A,False
small,R,347,490,A,The correct answer is A. heat energy.,A,A,The correct answer is A. heat energy.,A,False
small,R,348,844,A,The correct answer is A. reproduction,A,A,The correct answer is A. reproduction,A,False
small,R,349,1795,C,The correct answer is A. hamburger,A,A,The correct answer is A. hamburger,A,False
small,R,350,1508,B,The correct answer is A. coal.,A,A,The correct answer is A. coal.,A,False
small,R,351,9-289,D,The correct answer is A. trees,A,A,The correct answer is A. trees,A,False
small,R,352,9-668,C,The correct answer is A. mate,A,A,The correct answer is A. mate,A,False
small,R,353,7-364,A,The correct answer is A.,A,A,The correct answer is A.,A,False
small,R,354,1271,B,The correct answer is A. June,A,A,The correct answer is A. June,A,False
small,R,355,9-1117,A,The correct answer is A. Scorpion,A,A,The correct answer is A. Scorpion,A,False
small,R,356,35,A,The correct answer is A. January,A,A,The correct answer is A. January,A,False
small,R,357,1660,B,The correct answer is A. decreases the distance it will travel.,A,A,The correct answer is A. decreases the distance it will travel.,A,False
small,R,358,7-710,B,The correct answer is A. come from old age.,A,A,The correct answer is A. come from old age.,A,False
small,R,359,8-52,B,The correct answer is A.,A,A,The correct answer is A.,A,False
small,R,360,9-1167,D,The correct answer is D. weather.,D,D,The correct answer is D. weather.,D,False
small,R,361,8-43,D,The correct answer is A. happens for some species.,A,A,The correct answer is A. happens for some species.,A,False
small,R,362,9-57,B,The correct answer is D. open,D,D,The correct answer is D. open,D,False
small,R,363,1411,A,The correct answer is A. frosty environments.,A,A,The correct answer is A. frosty environments.,A,False
small,R,364,9-206,C,The correct answer is A. a plastic zipper.,A,A,The correct answer is A. a plastic zipper.,A,False
small,R,365,7-740,D,The correct answer is A. it eats all plants.,A,A,The correct answer is A. it eats all plants.,A,False
small,R,366,1774,B,The correct answer is A.,A,A,The correct answer is A.,A,False
small,R,367,7-93,C,The correct answer is A. white blood cells.,A,A,The correct answer is A. white blood cells.,A,False
small,R,368,8-97,B,The correct answer is A.,A,A,The correct answer is A.,A,False
small,R,369,9-813,B,The correct answer is A. all of these,A,A,The correct answer is A. all of these,A,False
small,R,370,9-686,B,The correct answer is B. egg depositing.,B,B,The correct answer is B. egg depositing.,B,False
small,R,371,9-799,C,The correct answer is A. wind,A,A,The correct answer is A. wind,A,False
small,R,372,1179,B,The correct answer is A/B/C/D.,INVALID,A,The correct answer is A/B/C/D.,INVALID,False
small,R,373,1954,A,The correct answer is A. attractive to various objects that contain iron.,A,A,The correct answer is A. attractive to various objects that contain iron.,A,False
small,R,374,8-403,C,The correct answer is C. all of these.,C,C,The correct answer is C. all of these.,C,False
small,R,375,9-576,A,The correct answer is A. minerals,A,A,The correct answer is A. minerals,A,False
small,R,376,9-866,B,The correct answer is A. shrinks down to nothing.,A,A,The correct answer is A. shrinks down to nothing.,A,False
small,R,377,7-208,C,The correct answer is A. ponds may dry out.,A,A,The correct answer is A. ponds may dry out.,A,False
small,R,378,9-771,D,The correct answer is A. Gold,A,A,The correct answer is A. Gold,A,False
small,R,379,998,C,The correct answer is A.,A,A,The correct answer is A.,A,False
small,R,380,433,B,The correct answer is A/B/C/D.,INVALID,A,The correct answer is A/B/C/D.,INVALID,False
small,R,381,9-508,A,The correct answer is A. clumps of flaming gas.,A,A,The correct answer is A. clumps of flaming gas.,A,False
small,R,382,7-561,D,The correct answer is C. water.,C,C,The correct answer is C. water.,C,False
small,R,383,7-976,A,The correct answer is A. shove each other away.,A,A,The correct answer is A. shove each other away.,A,False
small,R,384,1635,C,The correct answer is A. birds,A,A,The correct answer is A. birds,A,False
small,R,385,7-875,A,The correct answer is A. sweltering.,A,A,The correct answer is A. sweltering.,A,False
small,R,386,7-1053,B,The correct answer is A. they get low sunlight.,A,A,The correct answer is A. they get low sunlight.,A,False
small,R,387,9-957,D,The correct answer is D. The Gobi Desert.,D,D,The correct answer is D. The Gobi Desert.,D,False
small,R,388,1150,C,The correct answer is A. large,A,A,The correct answer is A. large,A,False
small,R,389,8-240,A,The correct answer is A. energy,A,A,The correct answer is A. energy,A,False
small,R,390,9-554,C,The correct answer is A. they are much bigger than the cub.,A,A,The correct answer is A. they are much bigger than the cub.,A,False
small,R,391,9-135,B,The correct answer is C. a dry paved road.,C,C,The correct answer is C. a dry paved road.,C,False
small,R,392,7-1096,B,The correct answer is D. bat.,D,D,The correct answer is D. bat.,D,False
small,R,393,841,C,The correct answer is A. helium,A,A,The correct answer is A. helium,A,False
small,R,394,7-146,A,The correct answer is A. is removed.,A,A,The correct answer is A. is removed.,A,False
small,R,395,1554,D,The correct answer is D. aid in feeding what grows from them.,D,D,The correct answer is D. aid in feeding what grows from them.,D,False
small,R,396,9-731,A,The correct answer is A. consumption,A,A,The correct answer is A. consumption,A,False
small,R,397,1780,A,The correct answer is A. Bees,A,A,The correct answer is A. Bees,A,False
small,R,398,7-1077,D,The correct answer is A/B/C/D.,INVALID,A,The correct answer is A/B/C/D.,INVALID,False
small,R,399,8-494,C,The correct answer is A. none of these.,A,A,The correct answer is A. none of these.,A,False
small,R,400,936,A,The correct answer is A. bush,A,A,The correct answer is A. bush,A,False
small,R,401,8-478,B,The correct answer is A.,A,A,The correct answer is A.,A,False
small,R,402,9-669,C,The correct answer is A. maybe.,A,A,The correct answer is A. maybe.,A,False
small,R,403,7-732,A,The correct answer is A. produce energy.,A,A,The correct answer is A. produce energy.,A,False
small,R,404,7-658,D,The correct answer is A. wasp,A,A,The correct answer is A. wasp,A,False
small,R,405,1003,B,The correct answer is A. fossil fuel,A,A,The correct answer is A. fossil fuel,A,False
small,R,406,8-62,A,The correct answer is D. would be endangered.,D,D,The correct answer is D. would be endangered.,D,False
small,R,407,7-386,B,The correct answer is A. light,A,A,The correct answer is A. light,A,False
small,R,408,257,D,The correct answer is D. ice,D,D,The correct answer is D. ice,D,False
small,R,409,147,D,The correct answer is A. distance,A,A,The correct answer is A. distance,A,False
small,R,410,7-599,D,The correct answer is A. wood,A,A,The correct answer is A. wood,A,False
small,R,411,8-92,B,The correct answer is A.,A,A,The correct answer is A.,A,False
small,R,412,354,A,The correct answer is A. poodle,A,A,The correct answer is A. poodle,A,False
small,R,413,9-966,B,The correct answer is A. majic,A,A,The correct answer is A. majic,A,False
small,R,414,9-612,B,The correct answer is B. nutrients.,B,B,The correct answer is B. nutrients.,B,False
small,R,415,9-548,A,The correct answer is C. all of these.,C,C,The correct answer is C. all of these.,C,False
small,R,416,9-429,A,The correct answer is A.,A,A,The correct answer is A.,A,False
small,R,417,7-95,C,The correct answer is A. water is warmer than the air.,A,A,The correct answer is A. water is warmer than the air.,A,False
small,R,418,1560,A,The correct answer is A. rip off a corner portion.,A,A,The correct answer is A. rip off a corner portion.,A,False
small,R,419,9-461,C,The correct answer is A/B/C/D.,INVALID,A,The correct answer is A/B/C/D.,INVALID,False
small,R,420,9-490,C,The correct answer is A.,A,A,The correct answer is A.,A,False
small,R,421,9-301,C,The correct answer is C. gas.,C,C,The correct answer is C. gas.,C,False
small,R,422,60,C,The correct answer is A. twice.,A,A,The correct answer is A. twice.,A,False
small,R,423,9-894,C,The correct answer is B. any object.,B,B,The correct answer is B. any object.,B,False
small,R,424,9-895,A,The correct answer is A.,A,A,The correct answer is A.,A,False
small,R,425,9-281,A,The correct answer is C. all of these.,C,C,The correct answer is C. all of these.,C,False
small,R,426,202,C,The correct answer is A. a fish.,A,A,The correct answer is A. a fish.,A,False
small,R,427,1937,C,The correct answer is C. mechanical energy.,C,C,The correct answer is C. mechanical energy.,C,False
small,R,428,620,A,The correct answer is A. concrete configuration.,A,A,The correct answer is A. concrete configuration.,A,False
small,R,429,8-142,C,The correct answer is C. travels to the seaside.,C,C,The correct answer is C. travels to the seaside.,C,False
small,R,430,7-1138,A,The correct answer is A. adding salt.,A,A,The correct answer is A. adding salt.,A,False
small,R,431,8-471,B,The correct answer is A. used motor oil,A,A,The correct answer is A. used motor oil,A,False
small,R,432,9-433,B,The correct answer is A. 13,A,A,The correct answer is A. 13,A,False
small,R,433,1458,C,The correct answer is D.,D,D,The correct answer is D.,D,False
small,R,434,57,B,The correct answer is A. flute.,A,A,The correct answer is A. flute.,A,False
small,R,435,605,C,The correct answer is A. kilowatts,A,A,The correct answer is A. kilowatts,A,False
small,R,436,9-889,A,The correct answer is A. igloo,A,A,The correct answer is A. igloo,A,False
small,R,437,1890,A,The correct answer is A.,A,A,The correct answer is A.,A,False
small,R,438,9-618,A,The correct answer is A. xylem,A,A,The correct answer is A. xylem,A,False
small,R,439,9-523,A,The correct answer is A. humongous.,A,A,The correct answer is A. humongous.,A,False
small,R,440,1126,C,The correct answer is A. when a pot of water is placed on an off stove burner.,A,A,The correct answer is A. when a pot of water is placed on an off stove burner.,A,False
small,R,441,644,C,The correct answer is A.,A,A,The correct answer is A.,A,False
small,R,442,8-365,A,The correct answer is A. seconds,A,A,The correct answer is A. seconds,A,False
small,R,443,9-727,D,The correct answer is A. water,A,A,The correct answer is A. water,A,False
small,R,444,7-461,D,The correct answer is A. broccoli,A,A,The correct answer is A. broccoli,A,False
small,R,445,9-1071,B,The correct answer is A/B/C/D.,INVALID,A,The correct answer is A/B/C/D.,INVALID,False
small,R,446,1918,B,The correct answer is A. a tropical environment.,A,A,The correct answer is A. a tropical environment.,A,False
small,R,447,1038,D,The correct answer is D. second,D,D,The correct answer is D. second,D,False
small,R,448,9-197,D,The correct answer is D. H2O,D,D,The correct answer is D. H2O,D,False
small,R,449,1393,B,The correct answer is A/B/C/D.,INVALID,A,The correct answer is A/B/C/D.,INVALID,False
small,R,450,7-244,A,The correct answer is A. shrink,A,A,The correct answer is A. shrink,A,False
small,R,451,9-916,B,The correct answer is A. destroying,A,A,The correct answer is A. destroying,A,False
small,R,452,9-1046,A,The correct answer is A. liver,A,A,The correct answer is A. liver,A,False
small,R,453,167,A,The correct answer is A. Jupiter.,A,A,The correct answer is A. Jupiter.,A,False
small,R,454,9-566,B,The correct answer is A.,A,A,The correct answer is A.,A,False
small,R,455,8-28,D,The correct answer is A.,A,A,The correct answer is A.,A,False
small,R,456,7-179,B,The correct answer is A. foreign,A,A,The correct answer is A. foreign,A,False
small,R,457,389,B,The correct answer is A. doubled,A,A,The correct answer is A. doubled,A,False
small,R,458,1528,C,The correct answer is A/B/C/D.,INVALID,A,The correct answer is A/B/C/D.,INVALID,False
small,R,459,1457,D,The correct answer is A.,A,A,The correct answer is A.,A,False
small,R,460,1208,B,The correct answer is A/B/C/D.,INVALID,A,The correct answer is A/B/C/D.,INVALID,False
small,R,461,1170,C,The correct answer is A. is ancient,A,A,The correct answer is A. is ancient,A,False
small,R,462,8-409,C,The correct answer is A.,A,A,The correct answer is A.,A,False
small,R,463,8-307,A,The correct answer is A. on a sunny day.,A,A,The correct answer is A. on a sunny day.,A,False
small,R,464,1948,C,The correct answer is A. eat foliage and vegetables exclusively.,A,A,The correct answer is A. eat foliage and vegetables exclusively.,A,False
small,R,465,661,C,The correct answer is A. the light in the hall.,A,A,The correct answer is A. the light in the hall.,A,False
small,R,466,7-435,C,The correct answer is A. love,A,A,The correct answer is A. love,A,False
small,R,467,8-332,C,The correct answer is A. a koala sitting on a tree.,A,A,The correct answer is A. a koala sitting on a tree.,A,False
small,R,468,948,B,The correct answer is A/B/C/D.,INVALID,A,The correct answer is A/B/C/D.,INVALID,False
small,R,469,381,A,The correct answer is A. seeds,A,A,The correct answer is A. seeds,A,False
small,R,470,9-759,B,The correct answer is A. lakes that are frozen over.,A,A,The correct answer is A. lakes that are frozen over.,A,False
small,R,471,8-350,B,The correct answer is D. all of these.,D,D,The correct answer is D. all of these.,D,False
small,R,472,7-727,C,The correct answer is A. I am the water.,A,A,The correct answer is A. I am the water.,A,False
small,R,473,850,B,The correct answer is D.,D,D,The correct answer is D.,D,False
small,R,474,970,D,The correct answer is A. fresh briny sea water.,A,A,The correct answer is A. fresh briny sea water.,A,False
small,R,475,7-381,D,The correct answer is B. outer space.,B,B,The correct answer is B. outer space.,B,False
small,R,476,9-436,C,The correct answer is A. empty space.,A,A,The correct answer is A. empty space.,A,False
small,R,477,9-411,C,The correct answer is A. they will increase.,A,A,The correct answer is A. they will increase.,A,False
small,R,478,9-692,B,The correct answer is A.,A,A,The correct answer is A.,A,False
small,R,479,1334,A,The correct answer is A.,A,A,The correct answer is A.,A,False
small,R,480,9-1160,D,The correct answer is A. The moons orbit around the year.,A,A,The correct answer is A. The moons orbit around the year.,A,False
small,R,481,9-89,A,The correct answer is A.,A,A,The correct answer is A.,A,False
small,R,482,9-1034,D,The correct answer is A.,A,A,The correct answer is A.,A,False
small,R,483,8-293,B,The correct answer is A. cold air.,A,A,The correct answer is A. cold air.,A,False
small,R,484,9-652,C,The correct answer is A.,A,A,The correct answer is A.,A,False
small,R,485,1391,C,The correct answer is A. Tile Floor,A,A,The correct answer is A. Tile Floor,A,False
small,R,486,9-948,B,The correct answer is A. from a live cow.,A,A,The correct answer is A. from a live cow.,A,False
small,R,487,8-213,D,The correct answer is A. Grass,A,A,The correct answer is A. Grass,A,False
small,R,488,162,B,The correct answer is A. 1 pm,A,A,The correct answer is A. 1 pm,A,False
small,R,489,1359,B,The correct answer is B. providing nourishment which enables some growth to vegetation.,B,B,The correct answer is B. providing nourishment which enables some growth to vegetation.,B,False
small,R,490,9-743,A,The correct answer is A. a thicket.,A,A,The correct answer is A. a thicket.,A,False
small,R,491,9-645,A,The correct answer is A.,A,A,The correct answer is A.,A,False
small,R,492,8-250,C,The correct answer is A.,A,A,The correct answer is A.,A,False
small,R,493,283,C,The correct answer is C.,C,C,The correct answer is C.,C,False
small,R,494,8-183,A,The correct answer is A. UV rays are harmful.,A,A,The correct answer is A. UV rays are harmful.,A,False
small,R,495,9-284,A,The correct answer is A. scalds,A,A,The correct answer is A. scalds,A,False
small,R,496,7-1186,C,The correct answer is A. the water is warm.,A,A,The correct answer is A. the water is warm.,A,False
small,R,497,926,C,The correct answer is A. has no impact on a population.,A,A,The correct answer is A. has no impact on a population.,A,False
small,R,498,7-519,B,The correct answer is B. tiny lifeforms in dirt.,B,B,The correct answer is B. tiny lifeforms in dirt.,B,False
small,R,499,7-7,C,The correct answer is A. cold,A,A,The correct answer is A. cold,A,False
small,C,0,8-343,B,The correct answer is C. Buy less with monopoly money.,C,C,The correct answer is C. Buy less with monopoly money.,C,False
small,C,1,1129,A,The correct answer is A.,A,A,The correct answer is A.,A,False
small,C,2,880,C,The correct answer is A.,A,A,The correct answer is A.,A,False
small,C,3,7-999,C,The correct answer is B.,B,B,The correct answer is B.,B,False
small,C,4,8-464,C,The correct answer is A.,A,A,The correct answer is A.,A,False
small,C,5,9-794,C,The correct answer is B.,B,B,The correct answer is B.,B,False
small,C,6,9-1163,C,The correct answer is B.,B,B,The correct answer is B.,B,False
small,C,7,9-322,B,The correct answer is B.,B,B,The correct answer is B.,B,False
small,C,8,7-1140,D,The correct answer is B. July,B,B,The correct answer is B. July,B,False
small,C,9,7-903,B,The correct answer is B.,B,B,The correct answer is B.,B,False
small,C,10,7-511,C,The correct answer is A.,A,A,The correct answer is A.,A,False
small,C,11,9-937,B,The correct answer is A.,A,A,The correct answer is A.,A,False
small,C,12,8-201,C,The correct answer is D.,D,D,The correct answer is D.,D,False
small,C,13,1618,A,The correct answer is A.,A,A,The correct answer is A.,A,False
small,C,14,758,C,The correct answer is B.,B,B,The correct answer is B.,B,False
small,C,15,7-414,D,The correct answer is C.,C,C,The correct answer is C.,C,False
small,C,16,9-675,C,The correct answer is C. Panels collecting sunlight.,C,C,The correct answer is C. Panels collecting sunlight.,C,False
small,C,17,9-163,C,The correct answer is A.,A,A,The correct answer is A.,A,False
small,C,18,1032,A,The correct answer is A. Weasel requires energy to move.,A,A,The correct answer is A. Weasel requires energy to move.,A,False
small,C,19,889,B,The correct answer is B.,B,B,The correct answer is B.,B,False
small,C,20,1160,A,The correct answer is D. Phoenix,D,D,The correct answer is D. Phoenix,D,False
small,C,21,9-298,A,The correct answer is A.,A,A,The correct answer is A.,A,False
small,C,22,1189,A,The correct answer is B. Flying.,B,B,The correct answer is B. Flying.,B,False
small,C,23,8-395,B,The correct answer is C.,C,C,The correct answer is C.,C,False
small,C,24,7-238,B,The correct answer is B.,B,B,The correct answer is B.,B,False
small,C,25,7-372,B,The correct answer is A.,A,A,The correct answer is A.,A,False
small,C,26,8-35,D,The correct answer is A.,A,A,The correct answer is A.,A,False
small,C,27,9-271,A,The correct answer is A.,A,A,The correct answer is A.,A,False
small,C,28,9-409,D,The correct answer is B.,B,B,The correct answer is B.,B,False
small,C,29,530,B,The correct answer is C.,C,C,The correct answer is C.,C,False
small,C,30,1426,C,The correct answer is C.,C,C,The correct answer is C.,C,False
small,C,31,8-466,D,The correct answer is C. Just take a random guess.,C,C,The correct answer is C. Just take a random guess.,C,False
small,C,32,1577,B,The correct answer is B. robins.,B,B,The correct answer is B. robins.,B,False
small,C,33,8-257,A,The correct answer is B.,B,B,The correct answer is B.,B,False
small,C,34,378,B,The correct answer is B. Many collisions that have occurred.,B,B,The correct answer is B. Many collisions that have occurred.,B,False
small,C,35,8-41,A,The correct answer is A.,A,A,The correct answer is A.,A,False
small,C,36,9-540,A,The correct answer is A.,A,A,The correct answer is A.,A,False
small,C,37,266,D,The correct answer is A.,A,A,The correct answer is A.,A,False
small,C,38,1309,D,The correct answer is A.,A,A,The correct answer is A.,A,False
small,C,39,7-1197,A,The correct answer is A.,A,A,The correct answer is A.,A,False
small,C,40,7-891,D,The correct answer is A.,A,A,The correct answer is A.,A,False
small,C,41,1180,D,The correct answer is B. Fertilization.,B,B,The correct answer is B. Fertilization.,B,False
small,C,42,1204,A,The correct answer is A.,A,A,The correct answer is A.,A,False
small,C,43,7-52,D,The correct answer is D.,D,D,The correct answer is D.,D,False
small,C,44,1759,A,The correct answer is A.,A,A,The correct answer is A.,A,False
small,C,45,9-655,A,The correct answer is A. Someone would turn up the room heater.,A,A,The correct answer is A. Someone would turn up the room heater.,A,False
small,C,46,132,A,The correct answer is A. They get bigger.,A,A,The correct answer is A. They get bigger.,A,False
small,C,47,8-79,A,The correct answer is A.,A,A,The correct answer is A.,A,False
small,C,48,1835,B,The correct answer is D.,D,D,The correct answer is D.,D,False
small,C,49,9-149,C,The correct answer is C.,C,C,The correct answer is C.,C,False
small,C,50,695,A,The correct answer is A.,A,A,The correct answer is A.,A,False
small,C,51,8-179,D,The correct answer is A. Weekly.,A,A,The correct answer is A. Weekly.,A,False
small,C,52,7-50,A,The correct answer is A.,A,A,The correct answer is A.,A,False
small,C,53,508,D,The correct answer is D. A spa trip.,D,D,The correct answer is D. A spa trip.,D,False
small,C,54,1674,C,The correct answer is A.,A,A,The correct answer is A.,A,False
small,C,55,163,A,The correct answer is A.,A,A,The correct answer is A.,A,False
small,C,56,7-49,C,The correct answer is B.,B,B,The correct answer is B.,B,False
small,C,57,8-393,D,D. The wildlife environment is destroyed,D,D,D. The wildlife environment is destroyed,D,False
small,C,58,788,B,The correct answer is B.,B,B,The correct answer is B.,B,False
small,C,59,9-29,A,The correct answer is A.,A,A,The correct answer is A.,A,False
small,C,60,9-368,C,The correct answer is A.,A,A,The correct answer is A.,A,False
small,C,61,7-671,C,The correct answer is B.,B,B,The correct answer is B.,B,False
small,C,62,1272,A,The correct answer is B.,B,B,The correct answer is B.,B,False
small,C,63,648,B,The correct answer is B. Clearing for farming.,B,B,The correct answer is B. Clearing for farming.,B,False
small,C,64,9-1180,B,The correct answer is B.,B,B,The correct answer is B.,B,False
small,C,65,9-227,C,The correct answer is B.,B,B,The correct answer is B.,B,False
small,C,66,1582,A,The correct answer is B.,B,B,The correct answer is B.,B,False
small,C,67,8-125,A,The correct answer is C.,C,C,The correct answer is C.,C,False
small,C,68,1923,A,The correct answer is A.,A,A,The correct answer is A.,A,False
small,C,69,9-229,D,The correct answer is D. Surfaces to reflect sound off.,D,D,The correct answer is D. Surfaces to reflect sound off.,D,False
small,C,70,1702,B,The correct answer is B.,B,B,The correct answer is B.,B,False
small,C,71,8-260,C,The correct answer is D.,D,D,The correct answer is D.,D,False
small,C,72,9-491,C,The correct answer is B.,B,B,The correct answer is B.,B,False
small,C,73,75,A,The correct answer is A.,A,A,The correct answer is A.,A,False
small,C,74,1215,C,The correct answer is C.,C,C,The correct answer is C.,C,False
small,C,75,8-93,C,The correct answer is A.,A,A,The correct answer is A.,A,False
small,C,76,7-988,A,The correct answer is B.,B,B,The correct answer is B.,B,False
small,C,77,9-1139,C,The correct answer is B.,B,B,The correct answer is B.,B,False
small,C,78,1545,B,The correct answer is B. Juice.,B,B,The correct answer is B. Juice.,B,False
small,C,79,7-664,C,The correct answer is B.,B,B,The correct answer is B.,B,False
small,C,80,8-53,C,The correct answer is B.,B,B,The correct answer is B.,B,False
small,C,81,7-1044,A,D. none of these,D,D,D. none of these,D,False
small,C,82,7-1122,A,The correct answer is A.,A,A,The correct answer is A.,A,False
small,C,83,9-79,B,The correct answer is B.,B,B,The correct answer is B.,B,False
small,C,84,7-157,D,The correct answer is D.,D,D,The correct answer is D.,D,False
small,C,85,9-1164,B,The correct answer is B.,B,B,The correct answer is B.,B,False
small,C,86,8-63,D,The correct answer is A.,A,A,The correct answer is A.,A,False
small,C,87,8-308,D,The correct answer is A.,A,A,The correct answer is A.,A,False
small,C,88,326,C,The correct answer is C. A Season.,C,C,The correct answer is C. A Season.,C,False
small,C,89,1184,A,The correct answer is B. Essentials for photosynthesis.,B,B,The correct answer is B. Essentials for photosynthesis.,B,False
small,C,90,359,A,The correct answer is A.,A,A,The correct answer is A.,A,False
small,C,91,9-350,D,The correct answer is C.,C,C,The correct answer is C.,C,False
small,C,92,7-140,C,The correct answer is B.,B,B,The correct answer is B.,B,False
small,C,93,591,A,The correct answer is A.,A,A,The correct answer is A.,A,False
small,C,94,7-391,C,The correct answer is C.,C,C,The correct answer is C.,C,False
small,C,95,1672,C,The correct answer is D. Collecting twigs to keep warm.,D,D,The correct answer is D. Collecting twigs to keep warm.,D,False
small,C,96,9-464,C,The correct answer is C. Rainfall,C,C,The correct answer is C. Rainfall,C,False
small,C,97,9-983,B,The correct answer is B.,B,B,The correct answer is B.,B,False
small,C,98,9-179,A,The correct answer is B.,B,B,The correct answer is B.,B,False
small,C,99,7-942,C,D. slow,D,D,D. slow,D,False
small,C,100,7-100,B,The correct answer is A.,A,A,The correct answer is A.,A,False
small,C,101,9-30,B,The correct answer is B. snake.,B,B,The correct answer is B. snake.,B,False
small,C,102,1709,A,The correct answer is A.,A,A,The correct answer is A.,A,False
small,C,103,8-491,D,The correct answer is D.,D,D,The correct answer is D.,D,False
small,C,104,44,B,The correct answer is B. Skills.,B,B,The correct answer is B. Skills.,B,False
small,C,105,1023,D,The correct answer is D. Electricity.,D,D,The correct answer is D. Electricity.,D,False
small,C,106,1911,B,The correct answer is B.,B,B,The correct answer is B.,B,False
small,C,107,429,A,The correct answer is A.,A,A,The correct answer is A.,A,False
small,C,108,8-49,D,The correct answer is D.,D,D,The correct answer is D.,D,False
small,C,109,520,C,The correct answer is B.,B,B,The correct answer is B.,B,False
small,C,110,7-1128,C,The correct answer is C.,C,C,The correct answer is C.,C,False
small,C,111,7-394,B,The correct answer is B. The moon is brighter than stars.,B,B,The correct answer is B. The moon is brighter than stars.,B,False
small,C,112,9-1166,B,The correct answer is B. Persist.,B,B,The correct answer is B. Persist.,B,False
small,C,113,7-884,C,The correct answer is A. Music to be loud.,A,A,The correct answer is A. Music to be loud.,A,False
small,C,114,9-501,A,The correct answer is B.,B,B,The correct answer is B.,B,False
small,C,115,9-757,C,The correct answer is C.,C,C,The correct answer is C.,C,False
small,C,116,7-725,D,The correct answer is D.,D,D,The correct answer is D.,D,False
small,C,117,1300,D,The correct answer is B.,B,B,The correct answer is B.,B,False
small,C,118,9-230,A,"The correct answer is A. Measure the altitude of the bird using a reference point, such as a tall building.",A,A,"The correct answer is A. Measure the altitude of the bird using a reference point, such as a tall building.",A,False
small,C,119,9-988,B,The correct answer is B.,B,B,The correct answer is B.,B,False
small,C,120,9-393,A,The correct answer is A.,A,A,The correct answer is A.,A,False
small,C,121,7-823,D,The correct answer is D.,D,D,The correct answer is D.,D,False
small,C,122,9-24,A,The correct answer is B. Melting into sand.,B,B,The correct answer is B. Melting into sand.,B,False
small,C,123,570,D,The correct answer is D.,D,D,The correct answer is D.,D,False
small,C,124,9-124,B,The correct answer is B.,B,B,The correct answer is B.,B,False
small,C,125,9-199,A,The correct answer is B. Corn syrup or,B,B,The correct answer is B. Corn syrup or,B,False
small,C,126,767,A,The correct answer is A.,A,A,The correct answer is A.,A,False
small,C,127,28,D,D. direct,D,D,D. direct,D,False
small,C,128,9-1134,B,The correct answer is D.,D,D,The correct answer is D.,D,False
small,C,129,9-1030,C,C,C,C,C,C,False
small,C,130,9-18,B,The correct answer is B.,B,B,The correct answer is B.,B,False
small,C,131,8-378,D,The correct answer is B.,B,B,The correct answer is B.,B,False
small,C,132,7-677,C,The correct answer is C.,C,C,The correct answer is C.,C,False
small,C,133,9-786,A,The correct answer is A. Our Planet.,A,A,The correct answer is A. Our Planet.,A,False
small,C,134,9-463,D,The correct answer is B. Human flesh.,B,B,The correct answer is B. Human flesh.,B,False
small,C,135,7-71,A,The correct answer is A.,A,A,The correct answer is A.,A,False
small,C,136,9-1053,D,The correct answer is D. H2O,D,D,The correct answer is D. H2O,D,False
small,C,137,9-437,B,The correct answer is A. Yelling really loud.,A,A,The correct answer is A. Yelling really loud.,A,False
small,C,138,1787,B,The correct answer is D.,D,D,The correct answer is D.,D,False
small,C,139,7-107,A,The correct answer is A.,A,A,The correct answer is A.,A,False
small,C,140,769,C,The correct answer is A.,A,A,The correct answer is A.,A,False
small,C,141,9-73,A,The correct answer is A.,A,A,The correct answer is A.,A,False
small,C,142,9-1194,D,The correct answer is D.,D,D,The correct answer is D.,D,False
small,C,143,9-416,D,D. The environment,D,D,D. The environment,D,False
small,C,144,470,A,The correct answer is A. Humans throwing a spear through an animal.,A,A,The correct answer is A. Humans throwing a spear through an animal.,A,False
small,C,145,1297,D,The correct answer is D. orange juice.,D,D,The correct answer is D. orange juice.,D,False
small,C,146,8-346,A,The correct answer is B.,B,B,The correct answer is B.,B,False
small,C,147,7-807,A,The correct answer is C. water.,C,C,The correct answer is C. water.,C,False
small,C,148,8-463,A,The correct answer is A. The freezing point.,A,A,The correct answer is A. The freezing point.,A,False
small,C,149,9-110,A,The correct answer is A.,A,A,The correct answer is A.,A,False
small,C,150,1611,C,The correct answer is C.,C,C,The correct answer is C.,C,False
small,C,151,9-942,D,The correct answer is A.,A,A,The correct answer is A.,A,False
small,C,152,9-1102,B,The correct answer is B. A school notebook.,B,B,The correct answer is B. A school notebook.,B,False
small,C,153,9-774,C,The correct answer is C.,C,C,The correct answer is C.,C,False
small,C,154,8-333,A,The correct answer is B.,B,B,The correct answer is B.,B,False
small,C,155,9-573,B,The correct answer is A.,A,A,The correct answer is A.,A,False
small,C,156,1955,A,The correct answer is B.,B,B,The correct answer is B.,B,False
small,C,157,8-45,C,The correct answer is A. 5 p.m.,A,A,The correct answer is A. 5 p.m.,A,False
small,C,158,9-674,C,The correct answer is C.,C,C,The correct answer is C.,C,False
small,C,159,898,B,The correct answer is B.,B,B,The correct answer is B.,B,False
small,C,160,7-1159,C,The correct answer is B. Prey will experience an increase in population.,B,B,The correct answer is B. Prey will experience an increase in population.,B,False
small,C,161,568,A,The correct answer is B.,B,B,The correct answer is B.,B,False
small,C,162,9-877,B,The correct answer is B. snow fox,B,B,The correct answer is B. snow fox,B,False
small,C,163,406,C,The correct answer is B.,B,B,The correct answer is B.,B,False
small,C,164,7-1132,A,The correct answer is A.,A,A,The correct answer is A.,A,False
small,C,165,7-479,C,The correct answer is C. They are young frogs still growing.,C,C,The correct answer is C. They are young frogs still growing.,C,False
small,C,166,609,A,The correct answer is A.,A,A,The correct answer is A.,A,False
small,C,167,1568,C,The correct answer is A. Window,A,A,The correct answer is A. Window,A,False
small,C,168,9-418,C,The correct answer is B.,B,B,The correct answer is B.,B,False
small,C,169,7-1050,B,The correct answer is B.,B,B,The correct answer is B.,B,False
small,C,170,9-510,C,The correct answer is A.,A,A,The correct answer is A.,A,False
small,C,171,9-519,A,The correct answer is B.,B,B,The correct answer is B.,B,False
small,C,172,9-637,C,The correct answer is A.,A,A,The correct answer is A.,A,False
small,C,173,473,A,The correct answer is A.,A,A,The correct answer is A.,A,False
small,C,174,8-445,B,The correct answer is B.,B,B,The correct answer is B.,B,False
small,C,175,9-575,B,The correct answer is D. All of these.,D,D,The correct answer is D. All of these.,D,False
small,C,176,7-284,B,The correct answer is B. Cut back their caloric intake.,B,B,The correct answer is B. Cut back their caloric intake.,B,False
small,C,177,8-135,A,The correct answer is A.,A,A,The correct answer is A.,A,False
small,C,178,397,D,The correct answer is B.,B,B,The correct answer is B.,B,False
small,C,179,9-32,B,The correct answer is D. southern hemisphere,D,D,The correct answer is D. southern hemisphere,D,False
small,C,180,48,C,The correct answer is C. Fossilization.,C,C,The correct answer is C. Fossilization.,C,False
small,C,181,8-69,C,The correct answer is C. Significant supplies accumulated prior.,C,C,The correct answer is C. Significant supplies accumulated prior.,C,False
small,C,182,9-159,C,The correct answer is C. natural waters weathered it,C,C,The correct answer is C. natural waters weathered it,C,False
small,C,183,9-317,C,The correct answer is C. electricity.,C,C,The correct answer is C. electricity.,C,False
small,C,184,423,D,The correct answer is D. stone.,D,D,The correct answer is D. stone.,D,False
small,C,185,8-304,A,The correct answer is B.,B,B,The correct answer is B.,B,False
small,C,186,785,D,The correct answer is B.,B,B,The correct answer is B.,B,False
small,C,187,9-1087,C,The correct answer is C.,C,C,The correct answer is C.,C,False
small,C,188,485,D,The correct answer is D. exposed topsoil,D,D,The correct answer is D. exposed topsoil,D,False
small,C,189,9-908,C,The correct answer is A.,A,A,The correct answer is A.,A,False
small,C,190,1231,C,The correct answer is A.,A,A,The correct answer is A.,A,False
small,C,191,810,B,The correct answer is B.,B,B,The correct answer is B.,B,False
small,C,192,158,D,The correct answer is A.,A,A,The correct answer is A.,A,False
small,C,193,7-445,A,The correct answer is A.,A,A,The correct answer is A.,A,False
small,C,194,1502,C,The correct answer is A.,A,A,The correct answer is A.,A,False
small,C,195,1200,B,The correct answer is B.,B,B,The correct answer is B.,B,False
small,C,196,437,A,The correct answer is D.,D,D,The correct answer is D.,D,False
small,C,197,8-205,A,The correct answer is A.,A,A,The correct answer is A.,A,False
small,C,198,9-270,C,The correct answer is C.,C,C,The correct answer is C.,C,False
small,C,199,8-130,C,The correct answer is A.,A,A,The correct answer is A.,A,False
small,C,200,229,D,The correct answer is B.,B,B,The correct answer is B.,B,False
small,C,201,9-390,D,The correct answer is B. Sea,B,B,The correct answer is B. Sea,B,False
small,C,202,8-107,C,The correct answer is C.,C,C,The correct answer is C.,C,False
small,C,203,7-527,A,The correct answer is B.,B,B,The correct answer is B.,B,False
small,C,204,7-333,C,The correct answer is C. Genetic contributors had long ears.,C,C,The correct answer is C. Genetic contributors had long ears.,C,False
small,C,205,9-44,C,The correct answer is C. Whitetails.,C,C,The correct answer is C. Whitetails.,C,False
small,C,206,7-160,D,The correct answer is A.,A,A,The correct answer is A.,A,False
small,C,207,1942,D,The correct answer is D.,D,D,The correct answer is D.,D,False
small,C,208,9-597,B,The correct answer is B.,B,B,The correct answer is B.,B,False
small,C,209,9-35,A,The correct answer is A.,A,A,The correct answer is A.,A,False
small,C,210,1161,B,The correct answer is B.,B,B,The correct answer is B.,B,False
small,C,211,7-171,B,The correct answer is A.,A,A,The correct answer is A.,A,False
small,C,212,1139,D,The correct answer is D.,D,D,The correct answer is D.,D,False
small,C,213,1924,B,The correct answer is A.,A,A,The correct answer is A.,A,False
small,C,214,9-440,B,The correct answer is B.,B,B,The correct answer is B.,B,False
small,C,215,9-528,C,The correct answer is A.,A,A,The correct answer is A.,A,False
small,C,216,170,C,The correct answer is B.,B,B,The correct answer is B.,B,False
small,C,217,395,D,The correct answer is A.,A,A,The correct answer is A.,A,False
small,C,218,9-633,D,The correct answer is D.,D,D,The correct answer is D.,D,False
small,C,219,9-504,A,The correct answer is A.,A,A,The correct answer is A.,A,False
small,C,220,8-192,A,A. Heat,A,A,A. Heat,A,False
small,C,221,7-1108,D,The correct answer is B.,B,B,The correct answer is B.,B,False
small,C,222,7-852,A,The correct answer is A.,A,A,The correct answer is A.,A,False
small,C,223,761,D,The correct answer is A. Arizona,A,A,The correct answer is A. Arizona,A,False
small,C,224,8-318,B,The correct answer is B. Light is more easily seen.,B,B,The correct answer is B. Light is more easily seen.,B,False
small,C,225,636,C,The correct answer is A.,A,A,The correct answer is A.,A,False
small,C,226,7-444,D,The correct answer is D. The toes are wiggled.,D,D,The correct answer is D. The toes are wiggled.,D,False
small,C,227,8-57,B,The correct answer is B.,B,B,The correct answer is B.,B,False
small,C,228,9-187,B,The correct answer is A.,A,A,The correct answer is A.,A,False
small,C,229,1345,B,The correct answer is A. Provide nice scents.,A,A,The correct answer is A. Provide nice scents.,A,False
small,C,230,8-59,D,The correct answer is A.,A,A,The correct answer is A.,A,False
small,C,231,178,B,The correct answer is B.,B,B,The correct answer is B.,B,False
small,C,232,9-1186,A,The correct answer is C. Drinking water.,C,C,The correct answer is C. Drinking water.,C,False
small,C,233,82,C,D. reverse,D,D,D. reverse,D,False
small,C,234,8-165,C,The correct answer is C.,C,C,The correct answer is C.,C,False
small,C,235,404,B,The correct answer is A.,A,A,The correct answer is A.,A,False
small,C,236,279,A,The correct answer is A.,A,A,The correct answer is A.,A,False
small,C,237,9-532,A,The correct answer is A.,A,A,The correct answer is A.,A,False
small,C,238,268,C,The correct answer is A.,A,A,The correct answer is A.,A,False
small,C,239,7-1018,D,The correct answer is B.,B,B,The correct answer is B.,B,False
small,C,240,1756,A,The correct answer is A.,A,A,The correct answer is A.,A,False
small,C,241,1137,D,The correct answer is A.,A,A,The correct answer is A.,A,False
small,C,242,7-203,D,The correct answer is B.,B,B,The correct answer is B.,B,False
small,C,243,745,B,The correct answer is B. Rubber.,B,B,The correct answer is B. Rubber.,B,False
small,C,244,7-902,A,The correct answer is A.,A,A,The correct answer is A.,A,False
small,C,245,1095,A,The correct answer is B.,B,B,The correct answer is B.,B,False
small,C,246,7-163,A,The correct answer is A.,A,A,The correct answer is A.,A,False
small,C,247,9-858,C,The correct answer is C. Hotness.,C,C,The correct answer is C. Hotness.,C,False
small,C,248,1530,D,The correct answer is D. music.,D,D,The correct answer is D. music.,D,False
small,C,249,9-993,D,The correct answer is A.,A,A,The correct answer is A.,A,False
small,C,250,8-340,D,The correct answer is D.,D,D,The correct answer is D.,D,False
small,C,251,3,B,The correct answer is B. Landfills.,B,B,The correct answer is B. Landfills.,B,False
small,C,252,1074,C,The correct answer is C. metal,C,C,The correct answer is C. metal,C,False
small,C,253,9-431,A,The correct answer is A. Combining.,A,A,The correct answer is A. Combining.,A,False
small,C,254,9-638,B,The correct answer is A.,A,A,The correct answer is A.,A,False
small,C,255,9-352,D,The correct answer is D. Iron and carbon.,D,D,The correct answer is D. Iron and carbon.,D,False
small,C,256,226,D,The correct answer is A.,A,A,The correct answer is A.,A,False
small,C,257,9-132,A,The correct answer is A.,A,A,The correct answer is A.,A,False
small,C,258,9-222,D,The correct answer is B.,B,B,The correct answer is B.,B,False
small,C,259,9-105,D,The correct answer is B.,B,B,The correct answer is B.,B,False
small,C,260,7-459,B,The correct answer is B.,B,B,The correct answer is B.,B,False
small,C,261,9-881,B,The correct answer is B.,B,B,The correct answer is B.,B,False
small,C,262,280,B,The correct answer is A.,A,A,The correct answer is A.,A,False
small,C,263,187,B,The correct answer is B.,B,B,The correct answer is B.,B,False
small,C,264,8-253,C,The correct answer is C.,C,C,The correct answer is C.,C,False
small,C,265,9-482,D,D. It will pass out,D,D,D. It will pass out,D,False
small,C,266,496,A,The correct answer is A.,A,A,The correct answer is A.,A,False
small,C,267,630,C,The correct answer is A. The Amazon River contains large amounts of salt water.,A,A,The correct answer is A. The Amazon River contains large amounts of salt water.,A,False
small,C,268,9-16,D,The correct answer is C. The praying mantis.,C,C,The correct answer is C. The praying mantis.,C,False
small,C,269,7-986,D,The correct answer is B.,B,B,The correct answer is B.,B,False
small,C,270,7-787,C,The correct answer is A. They consume plants.,A,A,The correct answer is A. They consume plants.,A,False
small,C,271,9-181,A,The correct answer is A. Our celestial fireball.,A,A,The correct answer is A. Our celestial fireball.,A,False
small,C,272,1240,B,The correct answer is B.,B,B,The correct answer is B.,B,False
small,C,273,474,D,The correct answer is A.,A,A,The correct answer is A.,A,False
small,C,274,1274,D,The correct answer is D. Under the ground.,D,D,The correct answer is D. Under the ground.,D,False
small,C,275,1531,D,The correct answer is A.,A,A,The correct answer is A.,A,False
small,C,276,8-321,B,The correct answer is B.,B,B,The correct answer is B.,B,False
small,C,277,1321,C,The correct answer is C. Because it's blanketed in crystalline ice water.,C,C,The correct answer is C. Because it's blanketed in crystalline ice water.,C,False
small,C,278,9-51,D,The correct answer is D. An insulated room.,D,D,The correct answer is D. An insulated room.,D,False
small,C,279,7-685,B,The correct answer is A.,A,A,The correct answer is A.,A,False
small,C,280,7-59,A,The correct answer is A.,A,A,The correct answer is A.,A,False
small,C,281,7-270,D,The correct answer is D.,D,D,The correct answer is D.,D,False
small,C,282,7-736,C,The correct answer is B.,B,B,The correct answer is B.,B,False
small,C,283,8-186,D,The correct answer is D.,D,D,The correct answer is D.,D,False
small,C,284,224,B,The correct answer is B.,B,B,The correct answer is B.,B,False
small,C,285,8-206,A,The correct answer is B.,B,B,The correct answer is B.,B,False
small,C,286,8-190,B,The correct answer is B.,B,B,The correct answer is B.,B,False
small,C,287,7-334,B,The correct answer is B. Certain features may be predicted.,B,B,The correct answer is B. Certain features may be predicted.,B,False
small,C,288,9-853,B,The correct answer is B.,B,B,The correct answer is B.,B,False
small,C,289,8-367,A,The correct answer is A.,A,A,The correct answer is A.,A,False
small,C,290,1047,A,The correct answer is D.,D,D,The correct answer is D.,D,False
small,C,291,9-454,C,The correct answer is B.,B,B,The correct answer is B.,B,False
small,C,292,1572,C,The correct answer is A.,A,A,The correct answer is A.,A,False
small,C,293,8-373,A,The correct answer is C.,C,C,The correct answer is C.,C,False
small,C,294,9-772,A,The correct answer is B.,B,B,The correct answer is B.,B,False
small,C,295,1852,A,The correct answer is D.,D,D,The correct answer is D.,D,False
small,C,296,9-1090,D,D,D,D,D,D,False
small,C,297,7-769,C,The correct answer is C.,C,C,The correct answer is C.,C,False
small,C,298,9-478,C,The correct answer is C. daughter.,C,C,The correct answer is C. daughter.,C,False
small,C,299,448,A,The correct answer is B.,B,B,The correct answer is B.,B,False
small,C,300,7-417,B,The correct answer is A.,A,A,The correct answer is A.,A,False
small,C,301,7-108,D,The correct answer is D. Combusted items.,D,D,The correct answer is D. Combusted items.,D,False
small,C,302,1506,D,The correct answer is D. Fewer clouds allow for more sunlight.,D,D,The correct answer is D. Fewer clouds allow for more sunlight.,D,False
small,C,303,1712,A,The correct answer is A.,A,A,The correct answer is A.,A,False
small,C,304,8-312,C,The correct answer is B.,B,B,The correct answer is B.,B,False
small,C,305,9-776,A,The correct answer is A. Iron saw.,A,A,The correct answer is A. Iron saw.,A,False
small,C,306,8-279,C,The correct answer is C. The sun that shines all day.,C,C,The correct answer is C. The sun that shines all day.,C,False
small,C,307,9-621,B,The correct answer is B.,B,B,The correct answer is B.,B,False
small,C,308,1823,C,The correct answer is D. Everyone's trash.,D,D,The correct answer is D. Everyone's trash.,D,False
small,C,309,9-735,B,The correct answer is B.,B,B,The correct answer is B.,B,False
small,C,310,7-1170,B,The correct answer is A.,A,A,The correct answer is A.,A,False
small,C,311,1500,A,The correct answer is A.,A,A,The correct answer is A.,A,False
small,C,312,342,B,The correct answer is B. Conventional corn.,B,B,The correct answer is B. Conventional corn.,B,False
small,C,313,7-356,D,D. it shows direction,D,D,D. it shows direction,D,False
small,C,314,78,B,The correct answer is A.,A,A,The correct answer is A.,A,False
small,C,315,9-520,C,The correct answer is C. The nearest star sulfur burning heavenly body.,C,C,The correct answer is C. The nearest star sulfur burning heavenly body.,C,False
small,C,316,7-653,C,The correct answer is B.,B,B,The correct answer is B.,B,False
small,C,317,1112,B,The correct answer is A.,A,A,The correct answer is A.,A,False
small,C,318,9-152,B,The correct answer is B.,B,B,The correct answer is B.,B,False
small,C,319,9-552,B,The correct answer is B. Predator.,B,B,The correct answer is B. Predator.,B,False
small,C,320,7-262,A,The correct answer is C. The ocean,C,C,The correct answer is C. The ocean,C,False
small,C,321,7-683,D,The correct answer is A.,A,A,The correct answer is A.,A,False
small,C,322,276,B,The correct answer is C. Photosynthesis.,C,C,The correct answer is C. Photosynthesis.,C,False
small,C,323,7-855,C,The correct answer is C. less water.,C,C,The correct answer is C. less water.,C,False
small,C,324,664,D,The correct answer is A.,A,A,The correct answer is A.,A,False
small,C,325,9-883,C,The correct answer is C.,C,C,The correct answer is C.,C,False
small,C,326,9-550,A,The correct answer is B.,B,B,The correct answer is B.,B,False
small,C,327,8-493,D,The correct answer is C.,C,C,The correct answer is C.,C,False
small,C,328,9-257,C,The correct answer is C.,C,C,The correct answer is C.,C,False
small,C,329,1239,D,The correct answer is B.,B,B,The correct answer is B.,B,False
small,C,330,869,A,The correct answer is C. ice cream,C,C,The correct answer is C. ice cream,C,False
small,C,331,7-1105,A,D. the thing loses energy,D,D,D. the thing loses energy,D,False
small,C,332,597,D,The correct answer is A.,A,A,The correct answer is A.,A,False
small,C,333,385,D,The correct answer is A.,A,A,The correct answer is A.,A,False
small,C,334,1301,B,The correct answer is A.,A,A,The correct answer is A.,A,False
small,C,335,9-893,D,The correct answer is A. Radiation.,A,A,The correct answer is A. Radiation.,A,False
small,C,336,9-369,B,The correct answer is B.,B,B,The correct answer is B.,B,False
small,C,337,9-1026,A,The correct answer is A.,A,A,The correct answer is A.,A,False
small,C,338,7-424,B,The correct answer is B.,B,B,The correct answer is B.,B,False
small,C,339,9-259,A,The correct answer is B. Double Fur Coats.,B,B,The correct answer is B. Double Fur Coats.,B,False
small,C,340,9-783,C,The correct answer is C. Chill.,C,C,The correct answer is C. Chill.,C,False
small,C,341,1088,B,The correct answer is A. catching prey.,A,A,The correct answer is A. catching prey.,A,False
small,C,342,1387,C,The correct answer is A.,A,A,The correct answer is A.,A,False
small,C,343,7-1062,A,The correct answer is B.,B,B,The correct answer is B.,B,False
small,C,344,676,D,The correct answer is A.,A,A,The correct answer is A.,A,False
small,C,345,1998,B,The correct answer is B.,B,B,The correct answer is B.,B,False
small,C,346,1698,A,The correct answer is A.,A,A,The correct answer is A.,A,False
small,C,347,490,A,The correct answer is A.,A,A,The correct answer is A.,A,False
small,C,348,844,A,The correct answer is A.,A,A,The correct answer is A.,A,False
small,C,349,1795,C,The correct answer is D.,D,D,The correct answer is D.,D,False
small,C,350,1508,B,The correct answer is C. lithium batteries.,C,C,The correct answer is C. lithium batteries.,C,False
small,C,351,9-289,D,The correct answer is D. turf.,D,D,The correct answer is D. turf.,D,False
small,C,352,9-668,C,The correct answer is A.,A,A,The correct answer is A.,A,False
small,C,353,7-364,A,The correct answer is A.,A,A,The correct answer is A.,A,False
small,C,354,1271,B,The correct answer is A. June.,A,A,The correct answer is A. June.,A,False
small,C,355,9-1117,A,The correct answer is A.,A,A,The correct answer is A.,A,False
small,C,356,35,A,The correct answer is A.,A,A,The correct answer is A.,A,False
small,C,357,1660,B,The correct answer is A.,A,A,The correct answer is A.,A,False
small,C,358,7-710,B,The correct answer is D. Are created in a year,D,D,The correct answer is D. Are created in a year,D,False
small,C,359,8-52,B,The correct answer is B.,B,B,The correct answer is B.,B,False
small,C,360,9-1167,D,The correct answer is D. Weather.,D,D,The correct answer is D. Weather.,D,False
small,C,361,8-43,D,D. commonality among all animals,D,D,D. commonality among all animals,D,False
small,C,362,9-57,B,The correct answer is B.,B,B,The correct answer is B.,B,False
small,C,363,1411,A,The correct answer is A.,A,A,The correct answer is A.,A,False
small,C,364,9-206,C,"The correct answer is B. A plastic zipper is not attracted to a magnet, while flowing water is attracted to a magnet.",B,B,"The correct answer is B. A plastic zipper is not attracted to a magnet, while flowing water is attracted to a magnet.",B,False
small,C,365,7-740,D,The correct answer is D.,D,D,The correct answer is D.,D,False
small,C,366,1774,B,The correct answer is C. A cat eating food then throwing it up.,C,C,The correct answer is C. A cat eating food then throwing it up.,C,False
small,C,367,7-93,C,The correct answer is A.,A,A,The correct answer is A.,A,False
small,C,368,8-97,B,The correct answer is B. Run a continuous current.,B,B,The correct answer is B. Run a continuous current.,B,False
small,C,369,9-813,B,The correct answer is A.,A,A,The correct answer is A.,A,False
small,C,370,9-686,B,The correct answer is B.,B,B,The correct answer is B.,B,False
small,C,371,9-799,C,The correct answer is C. Frozen water.,C,C,The correct answer is C. Frozen water.,C,False
small,C,372,1179,B,The correct answer is B.,B,B,The correct answer is B.,B,False
small,C,373,1954,A,The correct answer is D.,D,D,The correct answer is D.,D,False
small,C,374,8-403,C,The correct answer is D.,D,D,The correct answer is D.,D,False
small,C,375,9-576,A,The correct answer is A.,A,A,The correct answer is A.,A,False
small,C,376,9-866,B,The correct answer is B.,B,B,The correct answer is B.,B,False
small,C,377,7-208,C,The correct answer is A.,A,A,The correct answer is A.,A,False
small,C,378,9-771,D,The correct answer is B. Car,B,B,The correct answer is B. Car,B,False
small,C,379,998,C,The correct answer is B.,B,B,The correct answer is B.,B,False
small,C,380,433,B,The correct answer is A.,A,A,The correct answer is A.,A,False
small,C,381,9-508,A,The correct answer is A.,A,A,The correct answer is A.,A,False
small,C,382,7-561,D,The correct answer is C. water.,C,C,The correct answer is C. water.,C,False
small,C,383,7-976,A,The correct answer is B.,B,B,The correct answer is B.,B,False
small,C,384,1635,C,The correct answer is B.,B,B,The correct answer is B.,B,False
small,C,385,7-875,A,The correct answer is A.,A,A,The correct answer is A.,A,False
small,C,386,7-1053,B,B. deserts get surplus sun,B,B,B. deserts get surplus sun,B,False
small,C,387,9-957,D,The correct answer is C. The Amazon.,C,C,The correct answer is C. The Amazon.,C,False
small,C,388,1150,C,The correct answer is B.,B,B,The correct answer is B.,B,False
small,C,389,8-240,A,The correct answer is A.,A,A,The correct answer is A.,A,False
small,C,390,9-554,C,The correct answer is C. Their mother teaches them to keep their distance.,C,C,The correct answer is C. Their mother teaches them to keep their distance.,C,False
small,C,391,9-135,B,The correct answer is C. A dry paved road is most likely to lose control.,C,C,The correct answer is C. A dry paved road is most likely to lose control.,C,False
small,C,392,7-1096,B,The correct answer is B. swallow,B,B,The correct answer is B. swallow,B,False
small,C,393,841,C,The correct answer is C. silicon,C,C,The correct answer is C. silicon,C,False
small,C,394,7-146,A,The correct answer is A.,A,A,The correct answer is A.,A,False
small,C,395,1554,D,The correct answer is D.,D,D,The correct answer is D.,D,False
small,C,396,9-731,A,The correct answer is A.,A,A,The correct answer is A.,A,False
small,C,397,1780,A,The correct answer is B.,B,B,The correct answer is B.,B,False
small,C,398,7-1077,D,The correct answer is B.,B,B,The correct answer is B.,B,False
small,C,399,8-494,C,The correct answer is B. A trip to Mars is the quickest to go visiting from our world.,B,B,The correct answer is B. A trip to Mars is the quickest to go visiting from our world.,B,False
small,C,400,936,A,The correct answer is D.,D,D,The correct answer is D.,D,False
small,C,401,8-478,B,The correct answer is A.,A,A,The correct answer is A.,A,False
small,C,402,9-669,C,The correct answer is B. All of these.,B,B,The correct answer is B. All of these.,B,False
small,C,403,7-732,A,The correct answer is A.,A,A,The correct answer is A.,A,False
small,C,404,7-658,D,The correct answer is A.,A,A,The correct answer is A.,A,False
small,C,405,1003,B,The correct answer is B.,B,B,The correct answer is B.,B,False
small,C,406,8-62,A,The correct answer is D.,D,D,The correct answer is D.,D,False
small,C,407,7-386,B,The correct answer is B.,B,B,The correct answer is B.,B,False
small,C,408,257,D,The correct answer is D.,D,D,The correct answer is D.,D,False
small,C,409,147,D,The correct answer is A.,A,A,The correct answer is A.,A,False
small,C,410,7-599,D,The correct answer is A.,A,A,The correct answer is A.,A,False
small,C,411,8-92,B,The correct answer is A.,A,A,The correct answer is A.,A,False
small,C,412,354,A,The correct answer is A.,A,A,The correct answer is A.,A,False
small,C,413,9-966,B,The correct answer is A. Majic,A,A,The correct answer is A. Majic,A,False
small,C,414,9-612,B,The correct answer is B.,B,B,The correct answer is B.,B,False
small,C,415,9-548,A,The correct answer is C. All of these.,C,C,The correct answer is C. All of these.,C,False
small,C,416,9-429,A,The correct answer is A.,A,A,The correct answer is A.,A,False
small,C,417,7-95,C,D. moisture always tries to rise,D,D,D. moisture always tries to rise,D,False
small,C,418,1560,A,The correct answer is B.,B,B,The correct answer is B.,B,False
small,C,419,9-461,C,The correct answer is B.,B,B,The correct answer is B.,B,False
small,C,420,9-490,C,The correct answer is D.,D,D,The correct answer is D.,D,False
small,C,421,9-301,C,The correct answer is C. Gas,C,C,The correct answer is C. Gas,C,False
small,C,422,60,C,The correct answer is A.,A,A,The correct answer is A.,A,False
small,C,423,9-894,C,The correct answer is B. any object.,B,B,The correct answer is B. any object.,B,False
small,C,424,9-895,A,The correct answer is A.,A,A,The correct answer is A.,A,False
small,C,425,9-281,A,The correct answer is A. The body of the pot is of high temperature.,A,A,The correct answer is A. The body of the pot is of high temperature.,A,False
small,C,426,202,C,The correct answer is C.,C,C,The correct answer is C.,C,False
small,C,427,1937,C,The correct answer is C. mechanical energy.,C,C,The correct answer is C. mechanical energy.,C,False
small,C,428,620,A,The correct answer is A.,A,A,The correct answer is A.,A,False
small,C,429,8-142,C,The correct answer is C. The class travels to the seaside.,C,C,The correct answer is C. The class travels to the seaside.,C,False
small,C,430,7-1138,A,The correct answer is A. Adding salt can help reduce ice buildup on a sidewalk.,A,A,The correct answer is A. Adding salt can help reduce ice buildup on a sidewalk.,A,False
small,C,431,8-471,B,The correct answer is A. Used motor oil.,A,A,The correct answer is A. Used motor oil.,A,False
small,C,432,9-433,B,The correct answer is A.,A,A,The correct answer is A.,A,False
small,C,433,1458,C,The correct answer is D.,D,D,The correct answer is D.,D,False
small,C,434,57,B,The correct answer is B.,B,B,The correct answer is B.,B,False
small,C,435,605,C,The correct answer is A. Kilowatts.,A,A,The correct answer is A. Kilowatts.,A,False
small,C,436,9-889,A,The correct answer is A.,A,A,The correct answer is A.,A,False
small,C,437,1890,A,The correct answer is A.,A,A,The correct answer is A.,A,False
small,C,438,9-618,A,The correct answer is A.,A,A,The correct answer is A.,A,False
small,C,439,9-523,A,The correct answer is B.,B,B,The correct answer is B.,B,False
small,C,440,1126,C,The correct answer is C. When boiling eggs on a stove top.,C,C,The correct answer is C. When boiling eggs on a stove top.,C,False
small,C,441,644,C,The correct answer is A.,A,A,The correct answer is A.,A,False
small,C,442,8-365,A,The correct answer is A.,A,A,The correct answer is A.,A,False
small,C,443,9-727,D,The correct answer is C. air.,C,C,The correct answer is C. air.,C,False
small,C,444,7-461,D,The correct answer is B.,B,B,The correct answer is B.,B,False
small,C,445,9-1071,B,The correct answer is B.,B,B,The correct answer is B.,B,False
small,C,446,1918,B,The correct answer is B.,B,B,The correct answer is B.,B,False
small,C,447,1038,D,The correct answer is B. minute,B,B,The correct answer is B. minute,B,False
small,C,448,9-197,D,The correct answer is B.,B,B,The correct answer is B.,B,False
small,C,449,1393,B,The correct answer is B.,B,B,The correct answer is B.,B,False
small,C,450,7-244,A,The correct answer is A.,A,A,The correct answer is A.,A,False
small,C,451,9-916,B,The correct answer is B.,B,B,The correct answer is B.,B,False
small,C,452,9-1046,A,The correct answer is D.,D,D,The correct answer is D.,D,False
small,C,453,167,A,The correct answer is A. Jupiter has more gravity force than Earth but less than the sun.,A,A,The correct answer is A. Jupiter has more gravity force than Earth but less than the sun.,A,False
small,C,454,9-566,B,The correct answer is B.,B,B,The correct answer is B.,B,False
small,C,455,8-28,D,The correct answer is B.,B,B,The correct answer is B.,B,False
small,C,456,7-179,B,The correct answer is A.,A,A,The correct answer is A.,A,False
small,C,457,389,B,The correct answer is B.,B,B,The correct answer is B.,B,False
small,C,458,1528,C,The correct answer is C.,C,C,The correct answer is C.,C,False
small,C,459,1457,D,The correct answer is A.,A,A,The correct answer is A.,A,False
small,C,460,1208,B,The correct answer is B.,B,B,The correct answer is B.,B,False
small,C,461,1170,C,The correct answer is C.,C,C,The correct answer is C.,C,False
small,C,462,8-409,C,The correct answer is B.,B,B,The correct answer is B.,B,False
small,C,463,8-307,A,The correct answer is A.,A,A,The correct answer is A.,A,False
small,C,464,1948,C,The correct answer is C. Require prey to survive,C,C,The correct answer is C. Require prey to survive,C,False
small,C,465,661,C,The correct answer is A.,A,A,The correct answer is A.,A,False
small,C,466,7-435,C,The correct answer is C.,C,C,The correct answer is C.,C,False
small,C,467,8-332,C,The correct answer is B.,B,B,The correct answer is B.,B,False
small,C,468,948,B,The correct answer is C.,C,C,The correct answer is C.,C,False
small,C,469,381,A,The correct answer is A. Seeds.,A,A,The correct answer is A. Seeds.,A,False
small,C,470,9-759,B,The correct answer is B.,B,B,The correct answer is B.,B,False
small,C,471,8-350,B,The correct answer is B. Soil with worms burrowing around is most ideal for plant root growth.,B,B,The correct answer is B. Soil with worms burrowing around is most ideal for plant root growth.,B,False
small,C,472,7-727,C,The correct answer is A. I am the water.,A,A,The correct answer is A. I am the water.,A,False
small,C,473,850,B,The correct answer is B.,B,B,The correct answer is B.,B,False
small,C,474,970,D,The correct answer is A.,A,A,The correct answer is A.,A,False
small,C,475,7-381,D,The correct answer is B.,B,B,The correct answer is B.,B,False
small,C,476,9-436,C,The correct answer is A.,A,A,The correct answer is A.,A,False
small,C,477,9-411,C,The correct answer is B. Nothing will happen.,B,B,The correct answer is B. Nothing will happen.,B,False
small,C,478,9-692,B,The correct answer is B.,B,B,The correct answer is B.,B,False
small,C,479,1334,A,The correct answer is A.,A,A,The correct answer is A.,A,False
small,C,480,9-1160,D,The correct answer is B. One rotation on mercury.,B,B,The correct answer is B. One rotation on mercury.,B,False
small,C,481,9-89,A,The correct answer is B.,B,B,The correct answer is B.,B,False
small,C,482,9-1034,D,The correct answer is C.,C,C,The correct answer is C.,C,False
small,C,483,8-293,B,The correct answer is B. Water vapor.,B,B,The correct answer is B. Water vapor.,B,False
small,C,484,9-652,C,The correct answer is C.,C,C,The correct answer is C.,C,False
small,C,485,1391,C,The correct answer is D. A Picture Book.,D,D,The correct answer is D. A Picture Book.,D,False
small,C,486,9-948,B,The correct answer is A.,A,A,The correct answer is A.,A,False
small,C,487,8-213,D,The correct answer is B. Water.,B,B,The correct answer is B. Water.,B,False
small,C,488,162,B,The correct answer is A.,A,A,The correct answer is A.,A,False
small,C,489,1359,B,The correct answer is B.,B,B,The correct answer is B.,B,False
small,C,490,9-743,A,The correct answer is A.,A,A,The correct answer is A.,A,False
small,C,491,9-645,A,The correct answer is B.,B,B,The correct answer is B.,B,False
small,C,492,8-250,C,The correct answer is A.,A,A,The correct answer is A.,A,False
small,C,493,283,C,The correct answer is B.,B,B,The correct answer is B.,B,False
small,C,494,8-183,A,The correct answer is A.,A,A,The correct answer is A.,A,False
small,C,495,9-284,A,The correct answer is A.,A,A,The correct answer is A.,A,False
small,C,496,7-1186,C,The correct answer is A.,A,A,The correct answer is A.,A,False
small,C,497,926,C,The correct answer is C.,C,C,The correct answer is C.,C,False
small,C,498,7-519,B,The correct answer is B. Tiny lifeforms in dirt.,B,B,The correct answer is B. Tiny lifeforms in dirt.,B,False
small,C,499,7-7,C,The correct answer is A.,A,A,The correct answer is A.,A,False
medium,R,0,8-343,B,The correct answer is B.,B,B,The correct answer is B.,B,False
medium,R,1,1129,A,The correct answer is B.,B,B,The correct answer is B.,B,False
medium,R,2,880,C,The correct answer is B.,B,B,The correct answer is B.,B,False
medium,R,3,7-999,C,The correct answer is C.,C,C,The correct answer is C.,C,False
medium,R,4,8-464,C,The correct answer is D.,D,D,The correct answer is D.,D,False
medium,R,5,9-794,C,C. carbon,C,C,C. carbon,C,False
medium,R,6,9-1163,C,The correct answer is A.,A,A,The correct answer is A.,A,False
medium,R,7,9-322,B,The correct answer is B. human planet rotation,B,B,The correct answer is B. human planet rotation,B,False
medium,R,8,7-1140,D,The correct answer is B.,B,B,The correct answer is B.,B,False
medium,R,9,7-903,B,The correct answer is A.,A,A,The correct answer is A.,A,False
medium,R,10,7-511,C,The correct answer is C.,C,C,The correct answer is C.,C,False
medium,R,11,9-937,B,The correct answer is C.,C,C,The correct answer is C.,C,False
medium,R,12,8-201,C,The correct answer is C.,C,C,The correct answer is C.,C,False
medium,R,13,1618,A,The correct answer is A.,A,A,The correct answer is A.,A,False
medium,R,14,758,C,The correct answer is C.,C,C,The correct answer is C.,C,False
medium,R,15,7-414,D,The correct answer is D.,D,D,The correct answer is D.,D,False
medium,R,16,9-675,C,The correct answer is C.,C,C,The correct answer is C.,C,False
medium,R,17,9-163,C,The correct answer is C. Bay of Bengal,C,C,The correct answer is C. Bay of Bengal,C,False
medium,R,18,1032,A,The correct answer is D. poison ivy,D,D,The correct answer is D. poison ivy,D,False
medium,R,19,889,B,The correct answer is D. pig,D,D,The correct answer is D. pig,D,False
medium,R,20,1160,A,The correct answer is D.,D,D,The correct answer is D.,D,False
medium,R,21,9-298,A,The correct answer is A. gasoline,A,A,The correct answer is A. gasoline,A,False
medium,R,22,1189,A,A,A,A,A,A,False
medium,R,23,8-395,B,The correct answer is B.,B,B,The correct answer is B.,B,False
medium,R,24,7-238,B,B. summon a brilliant wave of color,B,B,B. summon a brilliant wave of color,B,False
medium,R,25,7-372,B,The correct answer is C.,C,C,The correct answer is C.,C,False
medium,R,26,8-35,D,The correct answer is B.,B,B,The correct answer is B.,B,False
medium,R,27,9-271,A,The correct answer is A.,A,A,The correct answer is A.,A,False
medium,R,28,9-409,D,The correct answer is A.,A,A,The correct answer is A.,A,False
medium,R,29,530,B,The correct answer is C. air,C,C,The correct answer is C. air,C,False
medium,R,30,1426,C,C. shafts of sunlight,C,C,C. shafts of sunlight,C,False
medium,R,31,8-466,D,The correct answer is C.,C,C,The correct answer is C.,C,False
medium,R,32,1577,B,The correct answer is B. robins,B,B,The correct answer is B. robins,B,False
medium,R,33,8-257,A,The correct answer is A.,A,A,The correct answer is A.,A,False
medium,R,34,378,B,The correct answer is B.,B,B,The correct answer is B.,B,False
medium,R,35,8-41,A,The correct answer is A.,A,A,The correct answer is A.,A,False
medium,R,36,9-540,A,The correct answer is A.,A,A,The correct answer is A.,A,False
medium,R,37,266,D,The correct answer is D. cornea,D,D,The correct answer is D. cornea,D,False
medium,R,38,1309,D,D. a microscope,D,D,D. a microscope,D,False
medium,R,39,7-1197,A,The correct answer is B.,B,B,The correct answer is B.,B,False
medium,R,40,7-891,D,The correct answer is D.,D,D,The correct answer is D.,D,False
medium,R,41,1180,D,B. Fertilization,B,B,B. Fertilization,B,False
medium,R,42,1204,A,The correct answer is A.,A,A,The correct answer is A.,A,False
medium,R,43,7-52,D,D,D,D,D,D,False
medium,R,44,1759,A,The correct answer is A,A,A,The correct answer is A,A,False
medium,R,45,9-655,A,The correct answer is A.,A,A,The correct answer is A.,A,False
medium,R,46,132,A,The correct answer is C.,C,C,The correct answer is C.,C,False
medium,R,47,8-79,A,The correct answer is A.,A,A,The correct answer is A.,A,False
medium,R,48,1835,B,The correct answer is B.,B,B,The correct answer is B.,B,False
medium,R,49,9-149,C,The correct answer is C.,C,C,The correct answer is C.,C,False
medium,R,50,695,A,The correct answer is A.,A,A,The correct answer is A.,A,False
medium,R,51,8-179,D,The correct answer is C.,C,C,The correct answer is C.,C,False
medium,R,52,7-50,A,A,A,A,A,A,False
medium,R,53,508,D,The correct answer is D. a spa trip,D,D,The correct answer is D. a spa trip,D,False
medium,R,54,1674,C,The correct answer is A.,A,A,The correct answer is A.,A,False
medium,R,55,163,A,The correct answer is C. bus,C,C,The correct answer is C. bus,C,False
medium,R,56,7-49,C,The correct answer is C.,C,C,The correct answer is C.,C,False
medium,R,57,8-393,D,The correct answer is D.,D,D,The correct answer is D.,D,False
medium,R,58,788,B,The correct answer is B.,B,B,The correct answer is B.,B,False
medium,R,59,9-29,A,The correct answer is C.,C,C,The correct answer is C.,C,False
medium,R,60,9-368,C,The correct answer is A.,A,A,The correct answer is A.,A,False
medium,R,61,7-671,C,The correct answer is B.,B,B,The correct answer is B.,B,False
medium,R,62,1272,A,The correct answer is B.,B,B,The correct answer is B.,B,False
medium,R,63,648,B,The correct answer is B.,B,B,The correct answer is B.,B,False
medium,R,64,9-1180,B,The correct answer is B. blood,B,B,The correct answer is B. blood,B,False
medium,R,65,9-227,C,The correct answer is B.,B,B,The correct answer is B.,B,False
medium,R,66,1582,A,The correct answer is C.,C,C,The correct answer is C.,C,False
medium,R,67,8-125,A,The correct answer is A.,A,A,The correct answer is A.,A,False
medium,R,68,1923,A,The correct answer is A. roots,A,A,The correct answer is A. roots,A,False
medium,R,69,9-229,D,D. surfaces to reflect sound off,D,D,D. surfaces to reflect sound off,D,False
medium,R,70,1702,B,The correct answer is B.,B,B,The correct answer is B.,B,False
medium,R,71,8-260,C,The correct answer is D.,D,D,The correct answer is D.,D,False
medium,R,72,9-491,C,The correct answer is D.,D,D,The correct answer is D.,D,False
medium,R,73,75,A,The correct answer is A.,A,A,The correct answer is A.,A,False
medium,R,74,1215,C,The correct answer is C.,C,C,The correct answer is C.,C,False
medium,R,75,8-93,C,The correct answer is A/B/C/D,INVALID,A,The correct answer is A/B/C/D,INVALID,False
medium,R,76,7-988,A,The correct answer is A.,A,A,The correct answer is A.,A,False
medium,R,77,9-1139,C,The correct answer is A. ice cube,A,A,The correct answer is A. ice cube,A,False
medium,R,78,1545,B,The correct answer is B.,B,B,The correct answer is B.,B,False
medium,R,79,7-664,C,The correct answer is C.,C,C,The correct answer is C.,C,False
medium,R,80,8-53,C,The correct answer is B.,B,B,The correct answer is B.,B,False
medium,R,81,7-1044,A,The correct answer is A.,A,A,The correct answer is A.,A,False
medium,R,82,7-1122,A,The correct answer is B.,B,B,The correct answer is B.,B,False
medium,R,83,9-79,B,The correct answer is B.,B,B,The correct answer is B.,B,False
medium,R,84,7-157,D,The correct answer is D.,D,D,The correct answer is D.,D,False
medium,R,85,9-1164,B,The correct answer is B. water,B,B,The correct answer is B. water,B,False
medium,R,86,8-63,D,The correct answer is B.,B,B,The correct answer is B.,B,False
medium,R,87,8-308,D,The correct answer is D.,D,D,The correct answer is D.,D,False
medium,R,88,326,C,The correct answer is C.,C,C,The correct answer is C.,C,False
medium,R,89,1184,A,The correct answer is A.,A,A,The correct answer is A.,A,False
medium,R,90,359,A,The correct answer is A. ecru,A,A,The correct answer is A. ecru,A,False
medium,R,91,9-350,D,B,B,B,B,B,False
medium,R,92,7-140,C,The correct answer is C.,C,C,The correct answer is C.,C,False
medium,R,93,591,A,The correct answer is A.,A,A,The correct answer is A.,A,False
medium,R,94,7-391,C,The correct answer is D.,D,D,The correct answer is D.,D,False
medium,R,95,1672,C,C. stockpiling pecans for the frigid months,C,C,C. stockpiling pecans for the frigid months,C,False
medium,R,96,9-464,C,C. Rainfall,C,C,C. Rainfall,C,False
medium,R,97,9-983,B,The correct answer is B.,B,B,The correct answer is B.,B,False
medium,R,98,9-179,A,The correct answer is B.,B,B,The correct answer is B.,B,False
medium,R,99,7-942,C,The correct answer is D.,D,D,The correct answer is D.,D,False
medium,R,100,7-100,B,The correct answer is D.,D,D,The correct answer is D.,D,False
medium,R,101,9-30,B,The correct answer is B. snake,B,B,The correct answer is B. snake,B,False
medium,R,102,1709,A,A,A,A,A,A,False
medium,R,103,8-491,D,D,D,D,D,D,False
medium,R,104,44,B,The correct answer is B.,B,B,The correct answer is B.,B,False
medium,R,105,1023,D,D. electricity,D,D,D. electricity,D,False
medium,R,106,1911,B,B,B,B,B,B,False
medium,R,107,429,A,The correct answer is A. 1000,A,A,The correct answer is A. 1000,A,False
medium,R,108,8-49,D,D. turning on the hose,D,D,D. turning on the hose,D,False
medium,R,109,520,C,The correct answer is A/B/C/D,INVALID,A,The correct answer is A/B/C/D,INVALID,False
medium,R,110,7-1128,C,The correct answer is C.,C,C,The correct answer is C.,C,False
medium,R,111,7-394,B,The correct answer is B.,B,B,The correct answer is B.,B,False
medium,R,112,9-1166,B,The correct answer is B.,B,B,The correct answer is B.,B,False
medium,R,113,7-884,C,C,C,C,C,C,False
medium,R,114,9-501,A,The correct answer is D.,D,D,The correct answer is D.,D,False
medium,R,115,9-757,C,The correct answer is B.,B,B,The correct answer is B.,B,False
medium,R,116,7-725,D,D,D,D,D,D,False
medium,R,117,1300,D,The correct answer is D.,D,D,The correct answer is D.,D,False
medium,R,118,9-230,A,A,A,A,A,A,False
medium,R,119,9-988,B,The correct answer is B.,B,B,The correct answer is B.,B,False
medium,R,120,9-393,A,The correct answer is A.,A,A,The correct answer is A.,A,False
medium,R,121,7-823,D,D,D,D,D,D,False
medium,R,122,9-24,A,The correct answer is A.,A,A,The correct answer is A.,A,False
medium,R,123,570,D,D,D,D,D,D,False
medium,R,124,9-124,B,The correct answer is A/B/C/D,INVALID,A,The correct answer is A/B/C/D,INVALID,False
medium,R,125,9-199,A,The correct answer is D. honey,D,D,The correct answer is D. honey,D,False
medium,R,126,767,A,The correct answer is A.,A,A,The correct answer is A.,A,False
medium,R,127,28,D,The correct answer is D. direct,D,D,The correct answer is D. direct,D,False
medium,R,128,9-1134,B,The correct answer is D.,D,D,The correct answer is D.,D,False
medium,R,129,9-1030,C,The correct answer is B.,B,B,The correct answer is B.,B,False
medium,R,130,9-18,B,The correct answer is B.,B,B,The correct answer is B.,B,False
medium,R,131,8-378,D,The correct answer is D.,D,D,The correct answer is D.,D,False
medium,R,132,7-677,C,The correct answer is C.,C,C,The correct answer is C.,C,False
medium,R,133,9-786,A,The correct answer is D.,D,D,The correct answer is D.,D,False
medium,R,134,9-463,D,The correct answer is B.,B,B,The correct answer is B.,B,False
medium,R,135,7-71,A,"A. large, bowl-shaped cavities in the ground",A,,"A. large, bowl-shaped cavities in the ground",A,False
medium,R,136,9-1053,D,The correct answer is C. CO2,C,C,The correct answer is C. CO2,C,False
medium,R,137,9-437,B,The correct answer is A/B/C/D,INVALID,A,The correct answer is A/B/C/D,INVALID,False
medium,R,138,1787,B,The correct answer is A.,A,A,The correct answer is A.,A,False
medium,R,139,7-107,A,The correct answer is D. Europe,D,D,The correct answer is D. Europe,D,False
medium,R,140,769,C,The correct answer is C.,C,C,The correct answer is C.,C,False
medium,R,141,9-73,A,The correct answer is C.,C,C,The correct answer is C.,C,False
medium,R,142,9-1194,D,D. bees,D,D,D. bees,D,False
medium,R,143,9-416,D,The correct answer is D.,D,D,The correct answer is D.,D,False
medium,R,144,470,A,The correct answer is A.,A,A,The correct answer is A.,A,False
medium,R,145,1297,D,The correct answer is D.,D,D,The correct answer is D.,D,False
medium,R,146,8-346,A,The correct answer is C. bitter,C,C,The correct answer is C. bitter,C,False
medium,R,147,7-807,A,The correct answer is A. stone,A,A,The correct answer is A. stone,A,False
medium,R,148,8-463,A,The correct answer is A.,A,A,The correct answer is A.,A,False
medium,R,149,9-110,A,The correct answer is A.,A,A,The correct answer is A.,A,False
medium,R,150,1611,C,The correct answer is C.,C,C,The correct answer is C.,C,False
medium,R,151,9-942,D,The correct answer is D.,D,D,The correct answer is D.,D,False
medium,R,152,9-1102,B,The correct answer is B.,B,B,The correct answer is B.,B,False
medium,R,153,9-774,C,The correct answer is C.,C,C,The correct answer is C.,C,False
medium,R,154,8-333,A,The correct answer is B.,B,B,The correct answer is B.,B,False
medium,R,155,9-573,B,The correct answer is A.,A,A,The correct answer is A.,A,False
medium,R,156,1955,A,The correct answer is A.,A,A,The correct answer is A.,A,False
medium,R,157,8-45,C,The correct answer is C.,C,C,The correct answer is C.,C,False
medium,R,158,9-674,C,The correct answer is C.,C,C,The correct answer is C.,C,False
medium,R,159,898,B,The correct answer is B.,B,B,The correct answer is B.,B,False
medium,R,160,7-1159,C,The correct answer is C.,C,C,The correct answer is C.,C,False
medium,R,161,568,A,The correct answer is A. It's dead,A,A,The correct answer is A. It's dead,A,False
medium,R,162,9-877,B,The correct answer is B.,B,B,The correct answer is B.,B,False
medium,R,163,406,C,The correct answer is C.,C,C,The correct answer is C.,C,False
medium,R,164,7-1132,A,The correct answer is C.,C,C,The correct answer is C.,C,False
medium,R,165,7-479,C,C,C,C,C,C,False
medium,R,166,609,A,The correct answer is A.,A,A,The correct answer is A.,A,False
medium,R,167,1568,C,The correct answer is B.,B,B,The correct answer is B.,B,False
medium,R,168,9-418,C,The correct answer is C.,C,C,The correct answer is C.,C,False
medium,R,169,7-1050,B,B. is like nature's disappearing water trick,B,B,B. is like nature's disappearing water trick,B,False
medium,R,170,9-510,C,The correct answer is C. Runoff,C,C,The correct answer is C. Runoff,C,False
medium,R,171,9-519,A,A. friction,A,A,A. friction,A,False
medium,R,172,9-637,C,The correct answer is A.,A,A,The correct answer is A.,A,False
medium,R,173,473,A,The correct answer is A.,A,A,The correct answer is A.,A,False
medium,R,174,8-445,B,The correct answer is B.,B,B,The correct answer is B.,B,False
medium,R,175,9-575,B,The correct answer is C.,C,C,The correct answer is C.,C,False
medium,R,176,7-284,B,The correct answer is B.,B,B,The correct answer is B.,B,False
medium,R,177,8-135,A,The correct answer is A.,A,A,The correct answer is A.,A,False
medium,R,178,397,D,The correct answer is C.,C,C,The correct answer is C.,C,False
medium,R,179,9-32,B,The correct answer is D. southern hemisphere,D,D,The correct answer is D. southern hemisphere,D,False
medium,R,180,48,C,C. fossilization,C,C,C. fossilization,C,False
medium,R,181,8-69,C,The correct answer is B.,B,B,The correct answer is B.,B,False
medium,R,182,9-159,C,The correct answer is C.,C,C,The correct answer is C.,C,False
medium,R,183,9-317,C,C. electricity,C,C,C. electricity,C,False
medium,R,184,423,D,D. stone,D,D,D. stone,D,False
medium,R,185,8-304,A,The correct answer is A.,A,A,The correct answer is A.,A,False
medium,R,186,785,D,D. to measure minutes and hours,D,D,D. to measure minutes and hours,D,False
medium,R,187,9-1087,C,The correct answer is C.,C,C,The correct answer is C.,C,False
medium,R,188,485,D,D. exposed topsoil,D,D,D. exposed topsoil,D,False
medium,R,189,9-908,C,The correct answer is C.,C,C,The correct answer is C.,C,False
medium,R,190,1231,C,The correct answer is A.,A,A,The correct answer is A.,A,False
medium,R,191,810,B,The correct answer is B.,B,B,The correct answer is B.,B,False
medium,R,192,158,D,The correct answer is D.,D,D,The correct answer is D.,D,False
medium,R,193,7-445,A,The correct answer is A.,A,A,The correct answer is A.,A,False
medium,R,194,1502,C,The correct answer is C.,C,C,The correct answer is C.,C,False
medium,R,195,1200,B,The correct answer is B.,B,B,The correct answer is B.,B,False
medium,R,196,437,A,The correct answer is A.,A,A,The correct answer is A.,A,False
medium,R,197,8-205,A,The correct answer is A.,A,A,The correct answer is A.,A,False
medium,R,198,9-270,C,The correct answer is C.,C,C,The correct answer is C.,C,False
medium,R,199,8-130,C,The correct answer is C.,C,C,The correct answer is C.,C,False
medium,R,200,229,D,The correct answer is A.,A,A,The correct answer is A.,A,False
medium,R,201,9-390,D,The correct answer is D.,D,D,The correct answer is D.,D,False
medium,R,202,8-107,C,The correct answer is C.,C,C,The correct answer is C.,C,False
medium,R,203,7-527,A,The correct answer is D.,D,D,The correct answer is D.,D,False
medium,R,204,7-333,C,The correct answer is C.,C,C,The correct answer is C.,C,False
medium,R,205,9-44,C,The correct answer is C.,C,C,The correct answer is C.,C,False
medium,R,206,7-160,D,The correct answer is D.,D,D,The correct answer is D.,D,False
medium,R,207,1942,D,The correct answer is A.,A,A,The correct answer is A.,A,False
medium,R,208,9-597,B,The correct answer is D.,D,D,The correct answer is D.,D,False
medium,R,209,9-35,A,The correct answer is A.,A,A,The correct answer is A.,A,False
medium,R,210,1161,B,B. alter the way the moon's facade looks,B,B,B. alter the way the moon's facade looks,B,False
medium,R,211,7-171,B,A,A,A,A,A,False
medium,R,212,1139,D,The correct answer is D.,D,D,The correct answer is D.,D,False
medium,R,213,1924,B,The correct answer is B.,B,B,The correct answer is B.,B,False
medium,R,214,9-440,B,The correct answer is B.,B,B,The correct answer is B.,B,False
medium,R,215,9-528,C,The correct answer is C.,C,C,The correct answer is C.,C,False
medium,R,216,170,C,The correct answer is B. mule and hinny,B,B,The correct answer is B. mule and hinny,B,False
medium,R,217,395,D,The correct answer is D. skunk,D,D,The correct answer is D. skunk,D,False
medium,R,218,9-633,D,D. a reproductive companion,D,D,D. a reproductive companion,D,False
medium,R,219,9-504,A,The correct answer is A.,A,A,The correct answer is A.,A,False
medium,R,220,8-192,A,A,A,A,A,A,False
medium,R,221,7-1108,D,The correct answer is B.,B,B,The correct answer is B.,B,False
medium,R,222,7-852,A,The correct answer is A.,A,A,The correct answer is A.,A,False
medium,R,223,761,D,The correct answer is A/B/C/D,INVALID,A,The correct answer is A/B/C/D,INVALID,False
medium,R,224,8-318,B,The correct answer is B.,B,B,The correct answer is B.,B,False
medium,R,225,636,C,The correct answer is D. gloves,D,D,The correct answer is D. gloves,D,False
medium,R,226,7-444,D,The correct answer is D.,D,D,The correct answer is D.,D,False
medium,R,227,8-57,B,B. energy is accessed underwater from tides,B,B,B. energy is accessed underwater from tides,B,False
medium,R,228,9-187,B,A,A,A,A,A,False
medium,R,229,1345,B,The correct answer is D.,D,D,The correct answer is D.,D,False
medium,R,230,8-59,D,The correct answer is D.,D,D,The correct answer is D.,D,False
medium,R,231,178,B,The correct answer is B.,B,B,The correct answer is B.,B,False
medium,R,232,9-1186,A,The correct answer is D.,D,D,The correct answer is D.,D,False
medium,R,233,82,C,The correct answer is C. direct,C,C,The correct answer is C. direct,C,False
medium,R,234,8-165,C,The correct answer is C.,C,C,The correct answer is C.,C,False
medium,R,235,404,B,The correct answer is D.,D,D,The correct answer is D.,D,False
medium,R,236,279,A,The correct answer is C.,C,C,The correct answer is C.,C,False
medium,R,237,9-532,A,The correct answer is A.,A,A,The correct answer is A.,A,False
medium,R,238,268,C,The correct answer is C.,C,C,The correct answer is C.,C,False
medium,R,239,7-1018,D,The correct answer is D.,D,D,The correct answer is D.,D,False
medium,R,240,1756,A,The correct answer is A.,A,A,The correct answer is A.,A,False
medium,R,241,1137,D,The correct answer is D. castles,D,D,The correct answer is D. castles,D,False
medium,R,242,7-203,D,The correct answer is D.,D,D,The correct answer is D.,D,False
medium,R,243,745,B,C. water,C,C,C. water,C,False
medium,R,244,7-902,A,The correct answer is A.,A,A,The correct answer is A.,A,False
medium,R,245,1095,A,The correct answer is A. feathers slows heat transfer,A,A,The correct answer is A. feathers slows heat transfer,A,False
medium,R,246,7-163,A,The correct answer is A.,A,A,The correct answer is A.,A,False
medium,R,247,9-858,C,The correct answer is C.,C,C,The correct answer is C.,C,False
medium,R,248,1530,D,The correct answer is C.,C,C,The correct answer is C.,C,False
medium,R,249,9-993,D,The correct answer is D. trees,D,D,The correct answer is D. trees,D,False
medium,R,250,8-340,D,The correct answer is D.,D,D,The correct answer is D.,D,False
medium,R,251,3,B,The correct answer is B.,B,B,The correct answer is B.,B,False
medium,R,252,1074,C,C. metal,C,C,C. metal,C,False
medium,R,253,9-431,A,The correct answer is A. combining,A,A,The correct answer is A. combining,A,False
medium,R,254,9-638,B,A. life cycle,A,A,A. life cycle,A,False
medium,R,255,9-352,D,The correct answer is D. iron and carbon,D,D,The correct answer is D. iron and carbon,D,False
medium,R,256,226,D,The correct answer is C.,C,C,The correct answer is C.,C,False
medium,R,257,9-132,A,The correct answer is A.,A,A,The correct answer is A.,A,False
medium,R,258,9-222,D,The correct answer is D.,D,D,The correct answer is D.,D,False
medium,R,259,9-105,D,The correct answer is C.,C,C,The correct answer is C.,C,False
medium,R,260,7-459,B,B. dirt,B,B,B. dirt,B,False
medium,R,261,9-881,B,The correct answer is B.,B,B,The correct answer is B.,B,False
medium,R,262,280,B,The correct answer is D. steel pole,D,D,The correct answer is D. steel pole,D,False
medium,R,263,187,B,The correct answer is B. oxygen,B,B,The correct answer is B. oxygen,B,False
medium,R,264,8-253,C,The correct answer is D.,D,D,The correct answer is D.,D,False
medium,R,265,9-482,D,D. It will pass out,D,D,D. It will pass out,D,False
medium,R,266,496,A,The correct answer is A.,A,A,The correct answer is A.,A,False
medium,R,267,630,C,The correct answer is A.,A,A,The correct answer is A.,A,False
medium,R,268,9-16,D,The correct answer is D.,D,D,The correct answer is D.,D,False
medium,R,269,7-986,D,The correct answer is C.,C,C,The correct answer is C.,C,False
medium,R,270,7-787,C,The correct answer is D.,D,D,The correct answer is D.,D,False
medium,R,271,9-181,A,The correct answer is A. our celestial fireball,A,A,The correct answer is A. our celestial fireball,A,False
medium,R,272,1240,B,The correct answer is B.,B,B,The correct answer is B.,B,False
medium,R,273,474,D,The correct answer is D.,D,D,The correct answer is D.,D,False
medium,R,274,1274,D,D. under the ground,D,D,D. under the ground,D,False
medium,R,275,1531,D,The correct answer is D.,D,D,The correct answer is D.,D,False
medium,R,276,8-321,B,B. resistance,B,,B. resistance,B,False
medium,R,277,1321,C,D,D,D,D,D,False
medium,R,278,9-51,D,The correct answer is D.,D,D,The correct answer is D.,D,False
medium,R,279,7-685,B,The correct answer is A.,A,A,The correct answer is A.,A,False
medium,R,280,7-59,A,The correct answer is A.,A,A,The correct answer is A.,A,False
medium,R,281,7-270,D,The correct answer is D.,D,D,The correct answer is D.,D,False
medium,R,282,7-736,C,The correct answer is A.,A,A,The correct answer is A.,A,False
medium,R,283,8-186,D,D. living organisms in ecosystem,D,,D. living organisms in ecosystem,D,False
medium,R,284,224,B,B. under a mountain,B,B,B. under a mountain,B,False
medium,R,285,8-206,A,The correct answer is A.,A,A,The correct answer is A.,A,False
medium,R,286,8-190,B,The correct answer is A.,A,A,The correct answer is A.,A,False
medium,R,287,7-334,B,The correct answer is B.,B,B,The correct answer is B.,B,False
medium,R,288,9-853,B,The correct answer is B.,B,B,The correct answer is B.,B,False
medium,R,289,8-367,A,The correct answer is A.,A,A,The correct answer is A.,A,False
medium,R,290,1047,A,The correct answer is A.,A,A,The correct answer is A.,A,False
medium,R,291,9-454,C,The correct answer is D.,D,D,The correct answer is D.,D,False
medium,R,292,1572,C,The correct answer is C.,C,C,The correct answer is C.,C,False
medium,R,293,8-373,A,The correct answer is A.,A,A,The correct answer is A.,A,False
medium,R,294,9-772,A,The correct answer is B.,B,B,The correct answer is B.,B,False
medium,R,295,1852,A,The correct answer is A.,A,A,The correct answer is A.,A,False
medium,R,296,9-1090,D,The correct answer is C.,C,C,The correct answer is C.,C,False
medium,R,297,7-769,C,The correct answer is D.,D,D,The correct answer is D.,D,False
medium,R,298,9-478,C,The correct answer is D. father,D,D,The correct answer is D. father,D,False
medium,R,299,448,A,The correct answer is D. harder,D,D,The correct answer is D. harder,D,False
medium,R,300,7-417,B,The correct answer is D.,D,D,The correct answer is D.,D,False
medium,R,301,7-108,D,The correct answer is D.,D,D,The correct answer is D.,D,False
medium,R,302,1506,D,The correct answer is A.,A,A,The correct answer is A.,A,False
medium,R,303,1712,A,The correct answer is A.,A,A,The correct answer is A.,A,False
medium,R,304,8-312,C,The correct answer is B.,B,B,The correct answer is B.,B,False
medium,R,305,9-776,A,The correct answer is A.,A,A,The correct answer is A.,A,False
medium,R,306,8-279,C,The correct answer is C.,C,C,The correct answer is C.,C,False
medium,R,307,9-621,B,The correct answer is A.,A,A,The correct answer is A.,A,False
medium,R,308,1823,C,D,D,D,D,D,False
medium,R,309,9-735,B,The correct answer is B.,B,B,The correct answer is B.,B,False
medium,R,310,7-1170,B,The correct answer is A.,A,A,The correct answer is A.,A,False
medium,R,311,1500,A,The correct answer is A. H2O,A,A,The correct answer is A. H2O,A,False
medium,R,312,342,B,The correct answer is B.,B,B,The correct answer is B.,B,False
medium,R,313,7-356,D,The correct answer is D.,D,D,The correct answer is D.,D,False
medium,R,314,78,B,The correct answer is A.,A,A,The correct answer is A.,A,False
medium,R,315,9-520,C,The correct answer is A.,A,A,The correct answer is A.,A,False
medium,R,316,7-653,C,The correct answer is C.,C,C,The correct answer is C.,C,False
medium,R,317,1112,B,The correct answer is D. duck,D,D,The correct answer is D. duck,D,False
medium,R,318,9-152,B,The correct answer is B.,B,B,The correct answer is B.,B,False
medium,R,319,9-552,B,The correct answer is B.,B,B,The correct answer is B.,B,False
medium,R,320,7-262,A,The correct answer is A.,A,A,The correct answer is A.,A,False
medium,R,321,7-683,D,The correct answer is A.,A,A,The correct answer is A.,A,False
medium,R,322,276,B,The correct answer is B.,B,B,The correct answer is B.,B,False
medium,R,323,7-855,C,The correct answer is C.,C,C,The correct answer is C.,C,False
medium,R,324,664,D,The correct answer is D.,D,D,The correct answer is D.,D,False
medium,R,325,9-883,C,C. sea life,C,C,C. sea life,C,False
medium,R,326,9-550,A,The correct answer is A.,A,A,The correct answer is A.,A,False
medium,R,327,8-493,D,The correct answer is B.,B,B,The correct answer is B.,B,False
medium,R,328,9-257,C,The correct answer is C. blend in,C,C,The correct answer is C. blend in,C,False
medium,R,329,1239,D,The correct answer is B.,B,B,The correct answer is B.,B,False
medium,R,330,869,A,The correct answer is A. ramen,A,A,The correct answer is A. ramen,A,False
medium,R,331,7-1105,A,The correct answer is D.,D,D,The correct answer is D.,D,False
medium,R,332,597,D,The correct answer is D.,D,D,The correct answer is D.,D,False
medium,R,333,385,D,The correct answer is B.,B,B,The correct answer is B.,B,False
medium,R,334,1301,B,The correct answer is B.,B,B,The correct answer is B.,B,False
medium,R,335,9-893,D,The correct answer is A.,A,A,The correct answer is A.,A,False
medium,R,336,9-369,B,The correct answer is B.,B,B,The correct answer is B.,B,False
medium,R,337,9-1026,A,The correct answer is A.,A,A,The correct answer is A.,A,False
medium,R,338,7-424,B,The correct answer is B.,B,B,The correct answer is B.,B,False
medium,R,339,9-259,A,The correct answer is B. Double Fur Coats,B,B,The correct answer is B. Double Fur Coats,B,False
medium,R,340,9-783,C,The correct answer is C.,C,C,The correct answer is C.,C,False
medium,R,341,1088,B,The correct answer is A. catching prey,A,A,The correct answer is A. catching prey,A,False
medium,R,342,1387,C,The correct answer is A.,A,A,The correct answer is A.,A,False
medium,R,343,7-1062,A,The correct answer is A.,A,A,The correct answer is A.,A,False
medium,R,344,676,D,The correct answer is D.,D,D,The correct answer is D.,D,False
medium,R,345,1998,B,B. its appearance,B,B,B. its appearance,B,False
medium,R,346,1698,A,The correct answer is A.,A,A,The correct answer is A.,A,False
medium,R,347,490,A,The correct answer is A.,A,A,The correct answer is A.,A,False
medium,R,348,844,A,A,A,A,A,A,False
medium,R,349,1795,C,The correct answer is A. hamburger,A,A,The correct answer is A. hamburger,A,False
medium,R,350,1508,B,The correct answer is B. windmill,B,B,The correct answer is B. windmill,B,False
medium,R,351,9-289,D,The correct answer is C. lakes,C,C,The correct answer is C. lakes,C,False
medium,R,352,9-668,C,C. hide,C,C,C. hide,C,False
medium,R,353,7-364,A,The correct answer is A.,A,A,The correct answer is A.,A,False
medium,R,354,1271,B,The correct answer is B.,B,B,The correct answer is B.,B,False
medium,R,355,9-1117,A,The correct answer is C.,C,C,The correct answer is C.,C,False
medium,R,356,35,A,The correct answer is A.,A,A,The correct answer is A.,A,False
medium,R,357,1660,B,A,A,A,A,A,False
medium,R,358,7-710,B,The correct answer is A.,A,A,The correct answer is A.,A,False
medium,R,359,8-52,B,The correct answer is D.,D,D,The correct answer is D.,D,False
medium,R,360,9-1167,D,The correct answer is D. weather,D,D,The correct answer is D. weather,D,False
medium,R,361,8-43,D,The correct answer is D.,D,D,The correct answer is D.,D,False
medium,R,362,9-57,B,The correct answer is B.,B,B,The correct answer is B.,B,False
medium,R,363,1411,A,The correct answer is A. frosty environments,A,A,The correct answer is A. frosty environments,A,False
medium,R,364,9-206,C,The correct answer is A.,A,A,The correct answer is A.,A,False
medium,R,365,7-740,D,D,D,D,D,D,False
medium,R,366,1774,B,The correct answer is A.,A,A,The correct answer is A.,A,False
medium,R,367,7-93,C,The correct answer is C.,C,C,The correct answer is C.,C,False
medium,R,368,8-97,B,The correct answer is B.,B,B,The correct answer is B.,B,False
medium,R,369,9-813,B,A,A,A,A,A,False
medium,R,370,9-686,B,The correct answer is B.,B,B,The correct answer is B.,B,False
medium,R,371,9-799,C,The correct answer is C. frozen water,C,C,The correct answer is C. frozen water,C,False
medium,R,372,1179,B,The correct answer is B.,B,B,The correct answer is B.,B,False
medium,R,373,1954,A,A,A,A,A,A,False
medium,R,374,8-403,C,The correct answer is C.,C,C,The correct answer is C.,C,False
medium,R,375,9-576,A,The correct answer is A. minerals,A,A,The correct answer is A. minerals,A,False
medium,R,376,9-866,B,The correct answer is A.,A,A,The correct answer is A.,A,False
medium,R,377,7-208,C,The correct answer is A. ponds may dry out,A,A,The correct answer is A. ponds may dry out,A,False
medium,R,378,9-771,D,The correct answer is D. Pine Needles,D,D,The correct answer is D. Pine Needles,D,False
medium,R,379,998,C,The correct answer is C.,C,C,The correct answer is C.,C,False
medium,R,380,433,B,The correct answer is B.,B,B,The correct answer is B.,B,False
medium,R,381,9-508,A,The correct answer is A.,A,A,The correct answer is A.,A,False
medium,R,382,7-561,D,D. air,D,D,D. air,D,False
medium,R,383,7-976,A,B. are attracted to each other,B,B,B. are attracted to each other,B,False
medium,R,384,1635,C,The correct answer is C.,C,C,The correct answer is C.,C,False
medium,R,385,7-875,A,The correct answer is A.,A,A,The correct answer is A.,A,False
medium,R,386,7-1053,B,C. deserts get little sun,C,C,C. deserts get little sun,C,False
medium,R,387,9-957,D,The correct answer is D.,D,D,The correct answer is D.,D,False
medium,R,388,1150,C,The correct answer is B.,B,B,The correct answer is B.,B,False
medium,R,389,8-240,A,The correct answer is A.,A,A,The correct answer is A.,A,False
medium,R,390,9-554,C,C,C,C,C,C,False
medium,R,391,9-135,B,The correct answer is D. a dry gravel road,D,D,The correct answer is D. a dry gravel road,D,False
medium,R,392,7-1096,B,The correct answer is D. bat,D,D,The correct answer is D. bat,D,False
medium,R,393,841,C,The correct answer is C. silicon,C,C,The correct answer is C. silicon,C,False
medium,R,394,7-146,A,The correct answer is A.,A,A,The correct answer is A.,A,False
medium,R,395,1554,D,The correct answer is A.,A,A,The correct answer is A.,A,False
medium,R,396,9-731,A,The correct answer is A.,A,A,The correct answer is A.,A,False
medium,R,397,1780,A,The correct answer is C.,C,C,The correct answer is C.,C,False
medium,R,398,7-1077,D,The correct answer is A.,A,A,The correct answer is A.,A,False
medium,R,399,8-494,C,The correct answer is A.,A,A,The correct answer is A.,A,False
medium,R,400,936,A,The correct answer is A.,A,A,The correct answer is A.,A,False
medium,R,401,8-478,B,The correct answer is B.,B,B,The correct answer is B.,B,False
medium,R,402,9-669,C,The correct answer is C. this is sure,C,C,The correct answer is C. this is sure,C,False
medium,R,403,7-732,A,The correct answer is A.,A,A,The correct answer is A.,A,False
medium,R,404,7-658,D,The correct answer is D. butterfly,D,D,The correct answer is D. butterfly,D,False
medium,R,405,1003,B,The correct answer is C.,C,C,The correct answer is C.,C,False
medium,R,406,8-62,A,The correct answer is A.,A,A,The correct answer is A.,A,False
medium,R,407,7-386,B,The correct answer is B.,B,B,The correct answer is B.,B,False
medium,R,408,257,D,D. ice,D,D,D. ice,D,False
medium,R,409,147,D,The correct answer is A.,A,A,The correct answer is A.,A,False
medium,R,410,7-599,D,The correct answer is D. sand,D,D,The correct answer is D. sand,D,False
medium,R,411,8-92,B,The correct answer is D.,D,D,The correct answer is D.,D,False
medium,R,412,354,A,The correct answer is B. hummingbird,B,B,The correct answer is B. hummingbird,B,False
medium,R,413,9-966,B,The correct answer is D.,D,D,The correct answer is D.,D,False
medium,R,414,9-612,B,The correct answer is B.,B,B,The correct answer is B.,B,False
medium,R,415,9-548,A,The correct answer is A.,A,A,The correct answer is A.,A,False
medium,R,416,9-429,A,The correct answer is C.,C,C,The correct answer is C.,C,False
medium,R,417,7-95,C,The correct answer is B.,B,B,The correct answer is B.,B,False
medium,R,418,1560,A,The correct answer is A.,A,A,The correct answer is A.,A,False
medium,R,419,9-461,C,D. ice forming on the road,D,D,D. ice forming on the road,D,False
medium,R,420,9-490,C,The correct answer is D.,D,D,The correct answer is D.,D,False
medium,R,421,9-301,C,The correct answer is C.,C,C,The correct answer is C.,C,False
medium,R,422,60,C,The correct answer is A.,A,A,The correct answer is A.,A,False
medium,R,423,9-894,C,The correct answer is C.,C,C,The correct answer is C.,C,False
medium,R,424,9-895,A,The correct answer is A.,A,A,The correct answer is A.,A,False
medium,R,425,9-281,A,The correct answer is C.,C,C,The correct answer is C.,C,False
medium,R,426,202,C,The correct answer is C. an octopus,C,C,The correct answer is C. an octopus,C,False
medium,R,427,1937,C,The correct answer is C.,C,C,The correct answer is C.,C,False
medium,R,428,620,A,The correct answer is A.,A,A,The correct answer is A.,A,False
medium,R,429,8-142,C,The correct answer is C.,C,C,The correct answer is C.,C,False
medium,R,430,7-1138,A,The correct answer is A.,A,A,The correct answer is A.,A,False
medium,R,431,8-471,B,The correct answer is A.,A,A,The correct answer is A.,A,False
medium,R,432,9-433,B,The correct answer is B.,B,B,The correct answer is B.,B,False
medium,R,433,1458,C,The correct answer is D.,D,D,The correct answer is D.,D,False
medium,R,434,57,B,The correct answer is B. cello,B,B,The correct answer is B. cello,B,False
medium,R,435,605,C,The correct answer is B. kilobytes,B,B,The correct answer is B. kilobytes,B,False
medium,R,436,9-889,A,The correct answer is A/C/D,INVALID,A,The correct answer is A/C/D,INVALID,False
medium,R,437,1890,A,A,A,A,A,A,False
medium,R,438,9-618,A,A,A,A,A,A,False
medium,R,439,9-523,A,The correct answer is D.,D,D,The correct answer is D.,D,False
medium,R,440,1126,C,The correct answer is A.,A,A,The correct answer is A.,A,False
medium,R,441,644,C,C. heat,C,C,C. heat,C,False
medium,R,442,8-365,A,The correct answer is A.,A,A,The correct answer is A.,A,False
medium,R,443,9-727,D,The correct answer is A. water,A,A,The correct answer is A. water,A,False
medium,R,444,7-461,D,The correct answer is D. toast,D,D,The correct answer is D. toast,D,False
medium,R,445,9-1071,B,The correct answer is C.,C,C,The correct answer is C.,C,False
medium,R,446,1918,B,The correct answer is B.,B,B,The correct answer is B.,B,False
medium,R,447,1038,D,The correct answer is B.,B,B,The correct answer is B.,B,False
medium,R,448,9-197,D,D. H2O,D,D,D. H2O,D,False
medium,R,449,1393,B,The correct answer is A.,A,A,The correct answer is A.,A,False
medium,R,450,7-244,A,The correct answer is A.,A,A,The correct answer is A.,A,False
medium,R,451,9-916,B,The correct answer is B.,B,B,The correct answer is B.,B,False
medium,R,452,9-1046,A,The correct answer is D. blood vessels,D,D,The correct answer is D. blood vessels,D,False
medium,R,453,167,A,The correct answer is A.,A,A,The correct answer is A.,A,False
medium,R,454,9-566,B,B. huge rain storm,B,B,B. huge rain storm,B,False
medium,R,455,8-28,D,"D. CO2, H20, and sun rays",D,D,"D. CO2, H20, and sun rays",D,False
medium,R,456,7-179,B,The correct answer is C.,C,C,The correct answer is C.,C,False
medium,R,457,389,B,The correct answer is C.,C,C,The correct answer is C.,C,False
medium,R,458,1528,C,The correct answer is A.,A,A,The correct answer is A.,A,False
medium,R,459,1457,D,D. beaches shrink,D,D,D. beaches shrink,D,False
medium,R,460,1208,B,The correct answer is B.,B,B,The correct answer is B.,B,False
medium,R,461,1170,C,C,C,C,C,C,False
medium,R,462,8-409,C,The correct answer is C.,C,C,The correct answer is C.,C,False
medium,R,463,8-307,A,The correct answer is A.,A,A,The correct answer is A.,A,False
medium,R,464,1948,C,The correct answer is C.,C,C,The correct answer is C.,C,False
medium,R,465,661,C,The correct answer is C.,C,C,The correct answer is C.,C,False
medium,R,466,7-435,C,The correct answer is C. earth,C,C,The correct answer is C. earth,C,False
medium,R,467,8-332,C,The correct answer is C.,C,C,The correct answer is C.,C,False
medium,R,468,948,B,The correct answer is B.,B,B,The correct answer is B.,B,False
medium,R,469,381,A,The correct answer is C. flowers,C,C,The correct answer is C. flowers,C,False
medium,R,470,9-759,B,The correct answer is C.,C,C,The correct answer is C.,C,False
medium,R,471,8-350,B,The correct answer is B.,B,B,The correct answer is B.,B,False
medium,R,472,7-727,C,The correct answer is A.,A,A,The correct answer is A.,A,False
medium,R,473,850,B,D,D,D,D,D,False
medium,R,474,970,D,D. turning on a stove top,D,D,D. turning on a stove top,D,False
medium,R,475,7-381,D,The correct answer is B.,B,B,The correct answer is B.,B,False
medium,R,476,9-436,C,The correct answer is C.,C,C,The correct answer is C.,C,False
medium,R,477,9-411,C,The correct answer is B.,B,B,The correct answer is B.,B,False
medium,R,478,9-692,B,The correct answer is D.,D,D,The correct answer is D.,D,False
medium,R,479,1334,A,The correct answer is A.,A,A,The correct answer is A.,A,False
medium,R,480,9-1160,D,The correct answer is D.,D,D,The correct answer is D.,D,False
medium,R,481,9-89,A,The correct answer is A.,A,A,The correct answer is A.,A,False
medium,R,482,9-1034,D,B. leave them where they're found,B,B,B. leave them where they're found,B,False
medium,R,483,8-293,B,The correct answer is B.,B,B,The correct answer is B.,B,False
medium,R,484,9-652,C,The correct answer is C.,C,C,The correct answer is C.,C,False
medium,R,485,1391,C,The correct answer is A.,A,A,The correct answer is A.,A,False
medium,R,486,9-948,B,The correct answer is B. from a live plant,B,B,The correct answer is B. from a live plant,B,False
medium,R,487,8-213,D,The correct answer is D. Sand,D,D,The correct answer is D. Sand,D,False
medium,R,488,162,B,The correct answer is B.,B,B,The correct answer is B.,B,False
medium,R,489,1359,B,The correct answer is B.,B,B,The correct answer is B.,B,False
medium,R,490,9-743,A,The correct answer is A/C/D,INVALID,A,The correct answer is A/C/D,INVALID,False
medium,R,491,9-645,A,The correct answer is D.,D,D,The correct answer is D.,D,False
medium,R,492,8-250,C,The correct answer is C.,C,C,The correct answer is C.,C,False
medium,R,493,283,C,The correct answer is B.,B,B,The correct answer is B.,B,False
medium,R,494,8-183,A,The correct answer is A.,A,A,The correct answer is A.,A,False
medium,R,495,9-284,A,The correct answer is A.,A,A,The correct answer is A.,A,False
medium,R,496,7-1186,C,C,C,C,C,C,False
medium,R,497,926,C,C,C,C,C,C,False
medium,R,498,7-519,B,The correct answer is B.,B,B,The correct answer is B.,B,False
medium,R,499,7-7,C,The correct answer is C.,C,C,The correct answer is C.,C,False
medium,C,0,8-343,B,The correct answer is B.,B,B,The correct answer is B.,B,False
medium,C,1,1129,A,The correct answer is A/B/C.,INVALID,A,The correct answer is A/B/C.,INVALID,False
medium,C,2,880,C,The correct answer is B.,B,B,The correct answer is B.,B,False
medium,C,3,7-999,C,The correct answer is C. parts may break the concrete.,C,C,The correct answer is C. parts may break the concrete.,C,False
medium,C,4,8-464,C,The correct answer is C. electrical conductors.,C,C,The correct answer is C. electrical conductors.,C,False
medium,C,5,9-794,C,The correct answer is C. carbon.,C,C,The correct answer is C. carbon.,C,False
medium,C,6,9-1163,C,The correct answer is A. gas.,A,A,The correct answer is A. gas.,A,False
medium,C,7,9-322,B,The correct answer is B. human planet rotation.,B,B,The correct answer is B. human planet rotation.,B,False
medium,C,8,7-1140,D,The summer solstice in the northern hemisphere is four months before July. The correct answer is B.,B,B,The summer solstice in the northern hemisphere is four months before July. The correct answer is B.,B,False
medium,C,9,7-903,B,The correct answer is A. microorganisms.,A,A,The correct answer is A. microorganisms.,A,False
medium,C,10,7-511,C,The correct answer is C.,C,C,The correct answer is C.,C,False
medium,C,11,9-937,B,The correct answer is C. food.,C,C,The correct answer is C. food.,C,False
medium,C,12,8-201,C,The correct answer is C.,C,C,The correct answer is C.,C,False
medium,C,13,1618,A,The correct answer is A. parched foliage.,A,A,The correct answer is A. parched foliage.,A,False
medium,C,14,758,C,The correct answer is C. powering the lights in a home.,C,C,The correct answer is C. powering the lights in a home.,C,False
medium,C,15,7-414,D,D. gasoline will be needed less,D,D,D. gasoline will be needed less,D,False
medium,C,16,9-675,C,The correct answer is C. panels collecting sunlight.,C,C,The correct answer is C. panels collecting sunlight.,C,False
medium,C,17,9-163,C,The correct answer is A. Lake Michigan.,A,A,The correct answer is A. Lake Michigan.,A,False
medium,C,18,1032,A,The correct answer is D. poison ivy.,D,D,The correct answer is D. poison ivy.,D,False
medium,C,19,889,B,The correct answer is D. pig.,D,D,The correct answer is D. pig.,D,False
medium,C,20,1160,A,The correct answer is D. Phoenix.,D,D,The correct answer is D. Phoenix.,D,False
medium,C,21,9-298,A,The correct answer is A. gasoline.,A,A,The correct answer is A. gasoline.,A,False
medium,C,22,1189,A,The correct answer is A. keeping warm.,A,A,The correct answer is A. keeping warm.,A,False
medium,C,23,8-395,B,The correct answer is B. Lower Life Expectancy in Countries.,B,B,The correct answer is B. Lower Life Expectancy in Countries.,B,False
medium,C,24,7-238,B,The correct answer is B.,B,B,The correct answer is B.,B,False
medium,C,25,7-372,B,The correct answer is C.,C,C,The correct answer is C.,C,False
medium,C,26,8-35,D,The correct answer is B.,B,B,The correct answer is B.,B,False
medium,C,27,9-271,A,The correct answer is A. The circulatory system.,A,A,The correct answer is A. The circulatory system.,A,False
medium,C,28,9-409,D,The correct answer is B.,B,B,The correct answer is B.,B,False
medium,C,29,530,B,The correct answer is C.,C,C,The correct answer is C.,C,False
medium,C,30,1426,C,The correct answer is C.,C,C,The correct answer is C.,C,False
medium,C,31,8-466,D,The correct answer is C. Just take a random guess.,C,C,The correct answer is C. Just take a random guess.,C,False
medium,C,32,1577,B,The correct answer is B. robins.,B,B,The correct answer is B. robins.,B,False
medium,C,33,8-257,A,The correct answer is A.,A,A,The correct answer is A.,A,False
medium,C,34,378,B,The correct answer is B. many collisions that have occurred.,B,B,The correct answer is B. many collisions that have occurred.,B,False
medium,C,35,8-41,A,The correct answer is A. Water animals.,A,A,The correct answer is A. Water animals.,A,False
medium,C,36,9-540,A,The correct answer is A.,A,A,The correct answer is A.,A,False
medium,C,37,266,D,The correct answer is A. nerves.,A,A,The correct answer is A. nerves.,A,False
medium,C,38,1309,D,The correct answer is A. plants.,A,A,The correct answer is A. plants.,A,False
medium,C,39,7-1197,A,The correct answer is B.,B,B,The correct answer is B.,B,False
medium,C,40,7-891,D,The correct answer is D. used more times.,D,D,The correct answer is D. used more times.,D,False
medium,C,41,1180,D,The correct answer is B. Fertilization.,B,B,The correct answer is B. Fertilization.,B,False
medium,C,42,1204,A,The correct answer is A. plastic bags floating in the ocean.,A,A,The correct answer is A. plastic bags floating in the ocean.,A,False
medium,C,43,7-52,D,The correct answer is D.,D,D,The correct answer is D.,D,False
medium,C,44,1759,A,A,A,A,A,A,False
medium,C,45,9-655,A,The correct answer is A. Someone would turn up the room heater.,A,A,The correct answer is A. Someone would turn up the room heater.,A,False
medium,C,46,132,A,The correct answer is A. they get bigger.,A,A,The correct answer is A. they get bigger.,A,False
medium,C,47,8-79,A,D. fall,D,D,D. fall,D,False
medium,C,48,1835,B,The correct answer is B.,B,B,The correct answer is B.,B,False
medium,C,49,9-149,C,The correct answer is C. born.,C,C,The correct answer is C. born.,C,False
medium,C,50,695,A,The correct answer is A.,A,A,The correct answer is A.,A,False
medium,C,51,8-179,D,The correct answer is C. annually.,C,C,The correct answer is C. annually.,C,False
medium,C,52,7-50,A,The correct answer is A. strain the resources of an ecosystem.,A,A,The correct answer is A. strain the resources of an ecosystem.,A,False
medium,C,53,508,D,The correct answer is D. a spa trip.,D,D,The correct answer is D. a spa trip.,D,False
medium,C,54,1674,C,The correct answer is A.,A,A,The correct answer is A.,A,False
medium,C,55,163,A,The correct answer is A. commercial plane.,A,A,The correct answer is A. commercial plane.,A,False
medium,C,56,7-49,C,The correct answer is C. peas.,C,C,The correct answer is C. peas.,C,False
medium,C,57,8-393,D,The correct answer is D.,D,D,The correct answer is D.,D,False
medium,C,58,788,B,The correct answer is B. 2am. Owls are nocturnal animals and are most active during the night.,B,B,The correct answer is B. 2am. Owls are nocturnal animals and are most active during the night.,B,False
medium,C,59,9-29,A,The correct answer is C. Plants under the tree will get cooled off by the shade.,C,C,The correct answer is C. Plants under the tree will get cooled off by the shade.,C,False
medium,C,60,9-368,C,The correct answer is A. grow.,A,A,The correct answer is A. grow.,A,False
medium,C,61,7-671,C,The correct answer is B.,B,B,The correct answer is B.,B,False
medium,C,62,1272,A,The correct answer is B. dogs sit on command.,B,B,The correct answer is B. dogs sit on command.,B,False
medium,C,63,648,B,The correct answer is B. Clearing for farming.,B,B,The correct answer is B. Clearing for farming.,B,False
medium,C,64,9-1180,B,"The correct answer is B. blood. Mosquitoes are attracted to the blood of humans and animals, which they feed on during their life cycle.",B,B,"The correct answer is B. blood. Mosquitoes are attracted to the blood of humans and animals, which they feed on during their life cycle.",B,False
medium,C,65,9-227,C,The correct answer is B.,B,B,The correct answer is B.,B,False
medium,C,66,1582,A,The correct answer is A.,A,A,The correct answer is A.,A,False
medium,C,67,8-125,A,The correct answer is A. asks for milk.,A,A,The correct answer is A. asks for milk.,A,False
medium,C,68,1923,A,The correct answer is A. roots.,A,A,The correct answer is A. roots.,A,False
medium,C,69,9-229,D,D. surfaces to reflect sound off,D,D,D. surfaces to reflect sound off,D,False
medium,C,70,1702,B,The correct answer is B. kittens look like their parents.,B,B,The correct answer is B. kittens look like their parents.,B,False
medium,C,71,8-260,C,The correct answer is A.,A,A,The correct answer is A.,A,False
medium,C,72,9-491,C,The correct answer is D. salted.,D,D,The correct answer is D. salted.,D,False
medium,C,73,75,A,The correct answer is A. inverse.,A,A,The correct answer is A. inverse.,A,False
medium,C,74,1215,C,The correct answer is C.,C,C,The correct answer is C.,C,False
medium,C,75,8-93,C,The correct answer is A/B/C/D.,INVALID,A,The correct answer is A/B/C/D.,INVALID,False
medium,C,76,7-988,A,The correct answer is A.,A,A,The correct answer is A.,A,False
medium,C,77,9-1139,C,The correct answer is A. ice cube.,A,A,The correct answer is A. ice cube.,A,False
medium,C,78,1545,B,The correct answer is B.,B,B,The correct answer is B.,B,False
medium,C,79,7-664,C,The correct answer is C.,C,C,The correct answer is C.,C,False
medium,C,80,8-53,C,The correct answer is B.,B,B,The correct answer is B.,B,False
medium,C,81,7-1044,A,The correct answer is A. They could harm living things.,A,A,The correct answer is A. They could harm living things.,A,False
medium,C,82,7-1122,A,The correct answer is B.,B,B,The correct answer is B.,B,False
medium,C,83,9-79,B,The correct answer is B.,B,B,The correct answer is B.,B,False
medium,C,84,7-157,D,The correct answer is B.,B,B,The correct answer is B.,B,False
medium,C,85,9-1164,B,The correct answer is B. water.,B,B,The correct answer is B. water.,B,False
medium,C,86,8-63,D,The correct answer is B.,B,B,The correct answer is B.,B,False
medium,C,87,8-308,D,The correct answer is A.,A,A,The correct answer is A.,A,False
medium,C,88,326,C,The correct answer is C. A Season.,C,C,The correct answer is C. A Season.,C,False
medium,C,89,1184,A,The correct answer is A. life sustaining elements.,A,A,The correct answer is A. life sustaining elements.,A,False
medium,C,90,359,A,The correct answer is A. ecru.,A,A,The correct answer is A. ecru.,A,False
medium,C,91,9-350,D,The correct answer is B.,B,B,The correct answer is B.,B,False
medium,C,92,7-140,C,The correct answer is C.,C,C,The correct answer is C.,C,False
medium,C,93,591,A,The correct answer is A.,A,A,The correct answer is A.,A,False
medium,C,94,7-391,C,The correct answer is D.,D,D,The correct answer is D.,D,False
medium,C,95,1672,C,The correct answer is C.,C,C,The correct answer is C.,C,False
medium,C,96,9-464,C,The correct answer is C.,C,C,The correct answer is C.,C,False
medium,C,97,9-983,B,The correct answer is B.,B,B,The correct answer is B.,B,False
medium,C,98,9-179,A,The correct answer is B. seeing it.,B,B,The correct answer is B. seeing it.,B,False
medium,C,99,7-942,C,The correct answer is C.,C,C,The correct answer is C.,C,False
medium,C,100,7-100,B,The correct answer is A. sunlight. Grey clouds can bring sunlight.,A,A,The correct answer is A. sunlight. Grey clouds can bring sunlight.,A,False
medium,C,101,9-30,B,The correct answer is B. snake.,B,B,The correct answer is B. snake.,B,False
medium,C,102,1709,A,The correct answer is A. enable plants to continue flourishing.,A,A,The correct answer is A. enable plants to continue flourishing.,A,False
medium,C,103,8-491,D,D. contain their necessary nutrition,D,D,D. contain their necessary nutrition,D,False
medium,C,104,44,B,The correct answer is B. skills.,B,B,The correct answer is B. skills.,B,False
medium,C,105,1023,D,The correct answer is D. electricity.,D,D,The correct answer is D. electricity.,D,False
medium,C,106,1911,B,The correct answer is B. discharge of liquid petroleum in the surrounding sea.,B,B,The correct answer is B. discharge of liquid petroleum in the surrounding sea.,B,False
medium,C,107,429,A,The correct answer is B. 250.,B,B,The correct answer is B. 250.,B,False
medium,C,108,8-49,D,D. turning on the hose,D,D,D. turning on the hose,D,False
medium,C,109,520,C,D. make bridges much safer,D,D,D. make bridges much safer,D,False
medium,C,110,7-1128,C,The correct answer is C.,C,C,The correct answer is C.,C,False
medium,C,111,7-394,B,The correct answer is B.,B,B,The correct answer is B.,B,False
medium,C,112,9-1166,B,The correct answer is B.,B,B,The correct answer is B.,B,False
medium,C,113,7-884,C,The correct answer is C.,C,C,The correct answer is C.,C,False
medium,C,114,9-501,A,The correct answer is D. Niagara Falls,D,D,The correct answer is D. Niagara Falls,D,False
medium,C,115,9-757,C,The correct answer is B. dead.,B,B,The correct answer is B. dead.,B,False
medium,C,116,7-725,D,The correct answer is D.,D,D,The correct answer is D.,D,False
medium,C,117,1300,D,The correct answer is D.,D,D,The correct answer is D.,D,False
medium,C,118,9-230,A,The correct answer is A.,A,A,The correct answer is A.,A,False
medium,C,119,9-988,B,The correct answer is B.,B,B,The correct answer is B.,B,False
medium,C,120,9-393,A,The correct answer is A. reservoir.,A,A,The correct answer is A. reservoir.,A,False
medium,C,121,7-823,D,The correct answer is D.,D,D,The correct answer is D.,D,False
medium,C,122,9-24,A,The correct answer is A. mimicking other things.,A,A,The correct answer is A. mimicking other things.,A,False
medium,C,123,570,D,The correct answer is D. pluck the strings of a fingerboard with your fingers.,D,D,The correct answer is D. pluck the strings of a fingerboard with your fingers.,D,False
medium,C,124,9-124,B,The correct answer is A. telescope views.,A,A,The correct answer is A. telescope views.,A,False
medium,C,125,9-199,A,The correct answer is B.,B,B,The correct answer is B.,B,False
medium,C,126,767,A,The correct answer is A.,A,A,The correct answer is A.,A,False
medium,C,127,28,D,The correct answer is D. direct.,D,D,The correct answer is D. direct.,D,False
medium,C,128,9-1134,B,The correct answer is D. release energy.,D,D,The correct answer is D. release energy.,D,False
medium,C,129,9-1030,C,The correct answer is B. viewing sounds.,B,B,The correct answer is B. viewing sounds.,B,False
medium,C,130,9-18,B,The correct answer is B.,B,B,The correct answer is B.,B,False
medium,C,131,8-378,D,D. the woman makes less money,D,D,D. the woman makes less money,D,False
medium,C,132,7-677,C,The correct answer is C.,C,C,The correct answer is C.,C,False
medium,C,133,9-786,A,The correct answer is A. Our Planet.,A,A,The correct answer is A. Our Planet.,A,False
medium,C,134,9-463,D,The correct answer is B.,B,B,The correct answer is B.,B,False
medium,C,135,7-71,A,The correct answer is A.,A,A,The correct answer is A.,A,False
medium,C,136,9-1053,D,The correct answer is C. CO2.,C,C,The correct answer is C. CO2.,C,False
medium,C,137,9-437,B,The correct answer is B. soaring the skies.,B,B,The correct answer is B. soaring the skies.,B,False
medium,C,138,1787,B,The correct answer is A.,A,A,The correct answer is A.,A,False
medium,C,139,7-107,A,The correct answer is B.,B,B,The correct answer is B.,B,False
medium,C,140,769,C,The correct answer is B. pool.,B,B,The correct answer is B. pool.,B,False
medium,C,141,9-73,A,The correct answer is C. London,C,C,The correct answer is C. London,C,False
medium,C,142,9-1194,D,The correct answer is D. bees.,D,D,The correct answer is D. bees.,D,False
medium,C,143,9-416,D,D. the environment,D,D,D. the environment,D,False
medium,C,144,470,A,The correct answer is A. humans throwing a spear through an animal.,A,A,The correct answer is A. humans throwing a spear through an animal.,A,False
medium,C,145,1297,D,The correct answer is D. Orange juice.,D,D,The correct answer is D. Orange juice.,D,False
medium,C,146,8-346,A,The correct answer is B. Salty.,B,B,The correct answer is B. Salty.,B,False
medium,C,147,7-807,A,The correct answer is A. stone.,A,A,The correct answer is A. stone.,A,False
medium,C,148,8-463,A,The correct answer is A.,A,A,The correct answer is A.,A,False
medium,C,149,9-110,A,The correct answer is A. children.,A,A,The correct answer is A. children.,A,False
medium,C,150,1611,C,The correct answer is C.,C,C,The correct answer is C.,C,False
medium,C,151,9-942,D,The correct answer is D. inheritance.,D,D,The correct answer is D. inheritance.,D,False
medium,C,152,9-1102,B,The correct answer is B.,B,B,The correct answer is B.,B,False
medium,C,153,9-774,C,The correct answer is C. it is an unsustainable habitat.,C,C,The correct answer is C. it is an unsustainable habitat.,C,False
medium,C,154,8-333,A,The correct answer is B.,B,B,The correct answer is B.,B,False
medium,C,155,9-573,B,The correct answer is A. spider bites.,A,A,The correct answer is A. spider bites.,A,False
medium,C,156,1955,A,The correct answer is A. damage to local foliage.,A,A,The correct answer is A. damage to local foliage.,A,False
medium,C,157,8-45,C,The correct answer is C.,C,C,The correct answer is C.,C,False
medium,C,158,9-674,C,The correct answer is C.,C,C,The correct answer is C.,C,False
medium,C,159,898,B,The correct answer is B. light.,B,B,The correct answer is B. light.,B,False
medium,C,160,7-1159,C,The correct answer is B.,B,B,The correct answer is B.,B,False
medium,C,161,568,A,The correct answer is A. It's dead.,A,A,The correct answer is A. It's dead.,A,False
medium,C,162,9-877,B,The correct answer is B. snow fox.,B,B,The correct answer is B. snow fox.,B,False
medium,C,163,406,C,The correct answer is A.,A,A,The correct answer is A.,A,False
medium,C,164,7-1132,A,The correct answer is C. compass.,C,C,The correct answer is C. compass.,C,False
medium,C,165,7-479,C,The correct answer is C. they are young frogs still growing.,C,C,The correct answer is C. they are young frogs still growing.,C,False
medium,C,166,609,A,The correct answer is A. Chickpeas.,A,A,The correct answer is A. Chickpeas.,A,False
medium,C,167,1568,C,The correct answer is B. Rubik's Cube.,B,B,The correct answer is B. Rubik's Cube.,B,False
medium,C,168,9-418,C,The correct answer is A.,A,A,The correct answer is A.,A,False
medium,C,169,7-1050,B,B. is like nature's disappearing water trick,B,B,B. is like nature's disappearing water trick,B,False
medium,C,170,9-510,C,The correct answer is C. Runoff.,C,C,The correct answer is C. Runoff.,C,False
medium,C,171,9-519,A,The correct answer is A. friction.,A,A,The correct answer is A. friction.,A,False
medium,C,172,9-637,C,The correct answer is A.,A,A,The correct answer is A.,A,False
medium,C,173,473,A,The correct answer is A. Atlantic menhaden.,A,A,The correct answer is A. Atlantic menhaden.,A,False
medium,C,174,8-445,B,The correct answer is A. flowers blooming.,A,A,The correct answer is A. flowers blooming.,A,False
medium,C,175,9-575,B,The correct answer is C.,C,C,The correct answer is C.,C,False
medium,C,176,7-284,B,The correct answer is B. cut back their caloric intake.,B,B,The correct answer is B. cut back their caloric intake.,B,False
medium,C,177,8-135,A,The correct answer is A.,A,A,The correct answer is A.,A,False
medium,C,178,397,D,The correct answer is C.,C,C,The correct answer is C.,C,False
medium,C,179,9-32,B,The correct answer is D. southern hemisphere.,D,D,The correct answer is D. southern hemisphere.,D,False
medium,C,180,48,C,The correct answer is C. fossilization.,C,C,The correct answer is C. fossilization.,C,False
medium,C,181,8-69,C,The correct answer is B.,B,B,The correct answer is B.,B,False
medium,C,182,9-159,C,The correct answer is C. natural waters weathered it.,C,C,The correct answer is C. natural waters weathered it.,C,False
medium,C,183,9-317,C,The correct answer is C. electricity.,C,C,The correct answer is C. electricity.,C,False
medium,C,184,423,D,The correct answer is D. stone.,D,D,The correct answer is D. stone.,D,False
medium,C,185,8-304,A,The correct answer is A.,A,A,The correct answer is A.,A,False
medium,C,186,785,D,The correct answer is D.,D,D,The correct answer is D.,D,False
medium,C,187,9-1087,C,The correct answer is C.,C,C,The correct answer is C.,C,False
medium,C,188,485,D,The correct answer is D. exposed topsoil.,D,D,The correct answer is D. exposed topsoil.,D,False
medium,C,189,9-908,C,The correct answer is C. friction.,C,C,The correct answer is C. friction.,C,False
medium,C,190,1231,C,The correct answer is A.,A,A,The correct answer is A.,A,False
medium,C,191,810,B,The correct answer is B.,B,B,The correct answer is B.,B,False
medium,C,192,158,D,The correct answer is A. squirrel.,A,A,The correct answer is A. squirrel.,A,False
medium,C,193,7-445,A,The correct answer is A.,A,A,The correct answer is A.,A,False
medium,C,194,1502,C,The correct answer is A.,A,A,The correct answer is A.,A,False
medium,C,195,1200,B,The correct answer is B.,B,B,The correct answer is B.,B,False
medium,C,196,437,A,The correct answer is A.,A,A,The correct answer is A.,A,False
medium,C,197,8-205,A,The correct answer is A. It is made from rock.,A,A,The correct answer is A. It is made from rock.,A,False
medium,C,198,9-270,C,The correct answer is C.,C,C,The correct answer is C.,C,False
medium,C,199,8-130,C,The correct answer is C. lithium-ion.,C,C,The correct answer is C. lithium-ion.,C,False
medium,C,200,229,D,The correct answer is A. axial planetary rotation.,A,A,The correct answer is A. axial planetary rotation.,A,False
medium,C,201,9-390,D,The correct answer is D. Rain,D,D,The correct answer is D. Rain,D,False
medium,C,202,8-107,C,The correct answer is C. passed down inherited characteristics.,C,C,The correct answer is C. passed down inherited characteristics.,C,False
medium,C,203,7-527,A,The correct answer is D.,D,D,The correct answer is D.,D,False
medium,C,204,7-333,C,The correct answer is C. genetic contributors had long ears.,C,C,The correct answer is C. genetic contributors had long ears.,C,False
medium,C,205,9-44,C,The correct answer is B. enormous crabs.,B,B,The correct answer is B. enormous crabs.,B,False
medium,C,206,7-160,D,The correct answer is A. water splashing.,A,A,The correct answer is A. water splashing.,A,False
medium,C,207,1942,D,The correct answer is A.,A,A,The correct answer is A.,A,False
medium,C,208,9-597,B,The correct answer is D. erosion.,D,D,The correct answer is D. erosion.,D,False
medium,C,209,9-35,A,The correct answer is A. millions of years.,A,A,The correct answer is A. millions of years.,A,False
medium,C,210,1161,B,The correct answer is B.,B,B,The correct answer is B.,B,False
medium,C,211,7-171,B,The correct answer is A.,A,A,The correct answer is A.,A,False
medium,C,212,1139,D,The correct answer is D.,D,D,The correct answer is D.,D,False
medium,C,213,1924,B,The correct answer is B.,B,B,The correct answer is B.,B,False
medium,C,214,9-440,B,The correct answer is B.,B,B,The correct answer is B.,B,False
medium,C,215,9-528,C,The correct answer is C. The heart.,C,C,The correct answer is C. The heart.,C,False
medium,C,216,170,C,The correct answer is B.,B,B,The correct answer is B.,B,False
medium,C,217,395,D,The correct answer is B. snake.,B,B,The correct answer is B. snake.,B,False
medium,C,218,9-633,D,D. a reproductive companion,D,D,D. a reproductive companion,D,False
medium,C,219,9-504,A,The correct answer is A.,A,A,The correct answer is A.,A,False
medium,C,220,8-192,A,The correct answer is A. Heat.,A,A,The correct answer is A. Heat.,A,False
medium,C,221,7-1108,D,The correct answer is B.,B,B,The correct answer is B.,B,False
medium,C,222,7-852,A,The correct answer is A. blood moves in a body.,A,A,The correct answer is A. blood moves in a body.,A,False
medium,C,223,761,D,The correct answer is A. Arizona.,A,A,The correct answer is A. Arizona.,A,False
medium,C,224,8-318,B,The correct answer is B. light is more easily seen.,B,B,The correct answer is B. light is more easily seen.,B,False
medium,C,225,636,C,The correct answer is C.,C,C,The correct answer is C.,C,False
medium,C,226,7-444,D,The correct answer is D. toes are wiggled.,D,D,The correct answer is D. toes are wiggled.,D,False
medium,C,227,8-57,B,The correct answer is B. Energy is accessed underwater from tides.,B,B,The correct answer is B. Energy is accessed underwater from tides.,B,False
medium,C,228,9-187,B,The correct answer is A.,A,A,The correct answer is A.,A,False
medium,C,229,1345,B,The correct answer is D.,D,D,The correct answer is D.,D,False
medium,C,230,8-59,D,The correct answer is D.,D,D,The correct answer is D.,D,False
medium,C,231,178,B,The correct answer is B. mud.,B,B,The correct answer is B. mud.,B,False
medium,C,232,9-1186,A,The correct answer is A.,A,A,The correct answer is A.,A,False
medium,C,233,82,C,The correct answer is C.,C,C,The correct answer is C.,C,False
medium,C,234,8-165,C,The correct answer is C.,C,C,The correct answer is C.,C,False
medium,C,235,404,B,The correct answer is A.,A,A,The correct answer is A.,A,False
medium,C,236,279,A,The correct answer is B.,B,B,The correct answer is B.,B,False
medium,C,237,9-532,A,The correct answer is A.,A,A,The correct answer is A.,A,False
medium,C,238,268,C,The correct answer is C.,C,C,The correct answer is C.,C,False
medium,C,239,7-1018,D,The correct answer is D. yanking string up a wheel.,D,D,The correct answer is D. yanking string up a wheel.,D,False
medium,C,240,1756,A,The correct answer is A.,A,A,The correct answer is A.,A,False
medium,C,241,1137,D,The correct answer is A. clothes.,A,A,The correct answer is A. clothes.,A,False
medium,C,242,7-203,D,The correct answer is D.,D,D,The correct answer is D.,D,False
medium,C,243,745,B,The correct answer is B. rubber.,B,B,The correct answer is B. rubber.,B,False
medium,C,244,7-902,A,D. get smaller yields,D,D,D. get smaller yields,D,False
medium,C,245,1095,A,The correct answer is A. feathers slows heat transfer.,A,A,The correct answer is A. feathers slows heat transfer.,A,False
medium,C,246,7-163,A,The correct answer is A.,A,A,The correct answer is A.,A,False
medium,C,247,9-858,C,The correct answer is C.,C,C,The correct answer is C.,C,False
medium,C,248,1530,D,The correct answer is C. automobile.,C,C,The correct answer is C. automobile.,C,False
medium,C,249,9-993,D,The correct answer is D. trees.,D,D,The correct answer is D. trees.,D,False
medium,C,250,8-340,D,The correct answer is D. direct sunshine.,D,D,The correct answer is D. direct sunshine.,D,False
medium,C,251,3,B,The correct answer is B. Landfills.,B,B,The correct answer is B. Landfills.,B,False
medium,C,252,1074,C,The correct answer is C. metal.,C,C,The correct answer is C. metal.,C,False
medium,C,253,9-431,A,The correct answer is A. combining.,A,A,The correct answer is A. combining.,A,False
medium,C,254,9-638,B,The correct answer is A. life cycle.,A,A,The correct answer is A. life cycle.,A,False
medium,C,255,9-352,D,The correct answer is B. sticks and stones.,B,B,The correct answer is B. sticks and stones.,B,False
medium,C,256,226,D,The correct answer is D. a blender.,D,D,The correct answer is D. a blender.,D,False
medium,C,257,9-132,A,The correct answer is A. reprocessable.,A,A,The correct answer is A. reprocessable.,A,False
medium,C,258,9-222,D,The correct answer is D. sit under a lamp.,D,D,The correct answer is D. sit under a lamp.,D,False
medium,C,259,9-105,D,The correct answer is C.,C,C,The correct answer is C.,C,False
medium,C,260,7-459,B,The correct answer is B. dirt.,B,B,The correct answer is B. dirt.,B,False
medium,C,261,9-881,B,The correct answer is B. decomposition.,B,B,The correct answer is B. decomposition.,B,False
medium,C,262,280,B,The correct answer is A. gold jewelry.,A,A,The correct answer is A. gold jewelry.,A,False
medium,C,263,187,B,The correct answer is B. oxygen.,B,B,The correct answer is B. oxygen.,B,False
medium,C,264,8-253,C,The correct answer is D.,D,D,The correct answer is D.,D,False
medium,C,265,9-482,D,The correct answer is A.,A,A,The correct answer is A.,A,False
medium,C,266,496,A,The correct answer is A. solar-rechargeable battery.,A,A,The correct answer is A. solar-rechargeable battery.,A,False
medium,C,267,630,C,The correct answer is A. The Amazon.,A,A,The correct answer is A. The Amazon.,A,False
medium,C,268,9-16,D,The correct answer is D.,D,D,The correct answer is D.,D,False
medium,C,269,7-986,D,The correct answer is C.,C,C,The correct answer is C.,C,False
medium,C,270,7-787,C,The correct answer is A. They consume plants.,A,A,The correct answer is A. They consume plants.,A,False
medium,C,271,9-181,A,The correct answer is A.,A,A,The correct answer is A.,A,False
medium,C,272,1240,B,The correct answer is B. Sandstorms create ripples in sand.,B,B,The correct answer is B. Sandstorms create ripples in sand.,B,False
medium,C,273,474,D,The correct answer is D.,D,D,The correct answer is D.,D,False
medium,C,274,1274,D,The correct answer is D. under the ground.,D,D,The correct answer is D. under the ground.,D,False
medium,C,275,1531,D,The correct answer is B.,B,B,The correct answer is B.,B,False
medium,C,276,8-321,B,The correct answer is B. resistance.,B,B,The correct answer is B. resistance.,B,False
medium,C,277,1321,C,D,D,D,D,D,False
medium,C,278,9-51,D,D. An insulated room,D,D,D. An insulated room,D,False
medium,C,279,7-685,B,The correct answer is A. fleas.,A,A,The correct answer is A. fleas.,A,False
medium,C,280,7-59,A,The correct answer is A. nutrient making process.,A,A,The correct answer is A. nutrient making process.,A,False
medium,C,281,7-270,D,The correct answer is D. needs required for creating chlorophyll.,D,D,The correct answer is D. needs required for creating chlorophyll.,D,False
medium,C,282,7-736,C,The correct answer is A. length of hair.,A,A,The correct answer is A. length of hair.,A,False
medium,C,283,8-186,D,The correct answer is D. living organisms in ecosystem.,D,D,The correct answer is D. living organisms in ecosystem.,D,False
medium,C,284,224,B,The correct answer is B.,B,B,The correct answer is B.,B,False
medium,C,285,8-206,A,The correct answer is A.,A,A,The correct answer is A.,A,False
medium,C,286,8-190,B,The correct answer is A. frigid waters.,A,A,The correct answer is A. frigid waters.,A,False
medium,C,287,7-334,B,The correct answer is B.,B,B,The correct answer is B.,B,False
medium,C,288,9-853,B,The correct answer is B.,B,B,The correct answer is B.,B,False
medium,C,289,8-367,A,The correct answer is A. community concerns over environmental impact.,A,A,The correct answer is A. community concerns over environmental impact.,A,False
medium,C,290,1047,A,The correct answer is A.,A,A,The correct answer is A.,A,False
medium,C,291,9-454,C,The correct answer is A.,A,A,The correct answer is A.,A,False
medium,C,292,1572,C,The correct answer is C. mammal,C,C,The correct answer is C. mammal,C,False
medium,C,293,8-373,A,The correct answer is C.,C,C,The correct answer is C.,C,False
medium,C,294,9-772,A,The correct answer is B.,B,B,The correct answer is B.,B,False
medium,C,295,1852,A,The correct answer is A.,A,A,The correct answer is A.,A,False
medium,C,296,9-1090,D,The correct answer is C. nutrients.,C,C,The correct answer is C. nutrients.,C,False
medium,C,297,7-769,C,The correct answer is D.,D,D,The correct answer is D.,D,False
medium,C,298,9-478,C,The correct answer is D. father.,D,D,The correct answer is D. father.,D,False
medium,C,299,448,A,The correct answer is A. richer.,A,A,The correct answer is A. richer.,A,False
medium,C,300,7-417,B,The correct answer is D.,D,D,The correct answer is D.,D,False
medium,C,301,7-108,D,The correct answer is D.,D,D,The correct answer is D.,D,False
medium,C,302,1506,D,The correct answer is A.,A,A,The correct answer is A.,A,False
medium,C,303,1712,A,The correct answer is A.,A,A,The correct answer is A.,A,False
medium,C,304,8-312,C,The correct answer is B.,B,B,The correct answer is B.,B,False
medium,C,305,9-776,A,The correct answer is B.,B,B,The correct answer is B.,B,False
medium,C,306,8-279,C,The correct answer is C.,C,C,The correct answer is C.,C,False
medium,C,307,9-621,B,The correct answer is A. frozen streams of water.,A,A,The correct answer is A. frozen streams of water.,A,False
medium,C,308,1823,C,The correct answer is D. everyone's trash.,D,D,The correct answer is D. everyone's trash.,D,False
medium,C,309,9-735,B,The correct answer is B. building a new subdivision.,B,B,The correct answer is B. building a new subdivision.,B,False
medium,C,310,7-1170,B,The correct answer is A.,A,A,The correct answer is A.,A,False
medium,C,311,1500,A,The correct answer is A.,A,A,The correct answer is A.,A,False
medium,C,312,342,B,The correct answer is B. Conventional corn.,B,B,The correct answer is B. Conventional corn.,B,False
medium,C,313,7-356,D,The correct answer is D.,D,D,The correct answer is D.,D,False
medium,C,314,78,B,The correct answer is A. flowers.,A,A,The correct answer is A. flowers.,A,False
medium,C,315,9-520,C,The correct answer is A. all of these.,A,A,The correct answer is A. all of these.,A,False
medium,C,316,7-653,C,The correct answer is C.,C,C,The correct answer is C.,C,False
medium,C,317,1112,B,The correct answer is A. chicken.,A,A,The correct answer is A. chicken.,A,False
medium,C,318,9-152,B,The correct answer is B. quick.,B,B,The correct answer is B. quick.,B,False
medium,C,319,9-552,B,The correct answer is B. predator,B,B,The correct answer is B. predator,B,False
medium,C,320,7-262,A,The correct answer is A.,A,A,The correct answer is A.,A,False
medium,C,321,7-683,D,The correct answer is A.,A,A,The correct answer is A.,A,False
medium,C,322,276,B,The correct answer is B. eating wheat.,B,B,The correct answer is B. eating wheat.,B,False
medium,C,323,7-855,C,The correct answer is C.,C,C,The correct answer is C.,C,False
medium,C,324,664,D,The correct answer is B.,B,B,The correct answer is B.,B,False
medium,C,325,9-883,C,The correct answer is C.,C,C,The correct answer is C.,C,False
medium,C,326,9-550,A,The correct answer is A. sitting on the table.,A,A,The correct answer is A. sitting on the table.,A,False
medium,C,327,8-493,D,The correct answer is B.,B,B,The correct answer is B.,B,False
medium,C,328,9-257,C,The correct answer is C. blend in.,C,C,The correct answer is C. blend in.,C,False
medium,C,329,1239,D,The correct answer is B.,B,B,The correct answer is B.,B,False
medium,C,330,869,A,The correct answer is A. ramen.,A,A,The correct answer is A. ramen.,A,False
medium,C,331,7-1105,A,The correct answer is B.,B,B,The correct answer is B.,B,False
medium,C,332,597,D,The correct answer is A.,A,A,The correct answer is A.,A,False
medium,C,333,385,D,The correct answer is B.,B,B,The correct answer is B.,B,False
medium,C,334,1301,B,The correct answer is B.,B,B,The correct answer is B.,B,False
medium,C,335,9-893,D,The correct answer is A. radiation.,A,A,The correct answer is A. radiation.,A,False
medium,C,336,9-369,B,The correct answer is B. distance traveled.,B,B,The correct answer is B. distance traveled.,B,False
medium,C,337,9-1026,A,The correct answer is A.,A,A,The correct answer is A.,A,False
medium,C,338,7-424,B,The correct answer is B.,B,B,The correct answer is B.,B,False
medium,C,339,9-259,A,The correct answer is B. Double Fur Coats.,B,B,The correct answer is B. Double Fur Coats.,B,False
medium,C,340,9-783,C,The correct answer is C. chill.,C,C,The correct answer is C. chill.,C,False
medium,C,341,1088,B,The correct answer is A. catching prey.,A,A,The correct answer is A. catching prey.,A,False
medium,C,342,1387,C,The correct answer is A.,A,A,The correct answer is A.,A,False
medium,C,343,7-1062,A,The correct answer is A/B/C/D.,INVALID,A,The correct answer is A/B/C/D.,INVALID,False
medium,C,344,676,D,The correct answer is A.,A,A,The correct answer is A.,A,False
medium,C,345,1998,B,The correct answer is B.,B,B,The correct answer is B.,B,False
medium,C,346,1698,A,The correct answer is A.,A,A,The correct answer is A.,A,False
medium,C,347,490,A,The correct answer is A. heat energy.,A,A,The correct answer is A. heat energy.,A,False
medium,C,348,844,A,The correct answer is A. reproduction.,A,A,The correct answer is A. reproduction.,A,False
medium,C,349,1795,C,The correct answer is A. hamburger.,A,A,The correct answer is A. hamburger.,A,False
medium,C,350,1508,B,The correct answer is B. windmill.,B,B,The correct answer is B. windmill.,B,False
medium,C,351,9-289,D,The correct answer is C. lakes.,C,C,The correct answer is C. lakes.,C,False
medium,C,352,9-668,C,The correct answer is C. hide.,C,C,The correct answer is C. hide.,C,False
medium,C,353,7-364,A,The correct answer is A.,A,A,The correct answer is A.,A,False
medium,C,354,1271,B,The correct answer is A. June.,A,A,The correct answer is A. June.,A,False
medium,C,355,9-1117,A,The correct answer is A. Scorpion.,A,A,The correct answer is A. Scorpion.,A,False
medium,C,356,35,A,The correct answer is A. January.,A,A,The correct answer is A. January.,A,False
medium,C,357,1660,B,The correct answer is B.,B,B,The correct answer is B.,B,False
medium,C,358,7-710,B,The correct answer is A.,A,A,The correct answer is A.,A,False
medium,C,359,8-52,B,The correct answer is A.,A,A,The correct answer is A.,A,False
medium,C,360,9-1167,D,The correct answer is D. weather.,D,D,The correct answer is D. weather.,D,False
medium,C,361,8-43,D,The correct answer is D.,D,D,The correct answer is D.,D,False
medium,C,362,9-57,B,The correct answer is B. closed.,B,B,The correct answer is B. closed.,B,False
medium,C,363,1411,A,The correct answer is A. frosty environments.,A,A,The correct answer is A. frosty environments.,A,False
medium,C,364,9-206,C,The correct answer is A.,A,A,The correct answer is A.,A,False
medium,C,365,7-740,D,The correct answer is D.,D,D,The correct answer is D.,D,False
medium,C,366,1774,B,The correct answer is A.,A,A,The correct answer is A.,A,False
medium,C,367,7-93,C,The correct answer is C. rotavirus.,C,C,The correct answer is C. rotavirus.,C,False
medium,C,368,8-97,B,The correct answer is B. run a continuous current.,B,B,The correct answer is B. run a continuous current.,B,False
medium,C,369,9-813,B,The correct answer is A.,A,A,The correct answer is A.,A,False
medium,C,370,9-686,B,The correct answer is B. egg depositing.,B,B,The correct answer is B. egg depositing.,B,False
medium,C,371,9-799,C,The correct answer is C. frozen water.,C,C,The correct answer is C. frozen water.,C,False
medium,C,372,1179,B,The correct answer is B.,B,B,The correct answer is B.,B,False
medium,C,373,1954,A,The correct answer is A.,A,A,The correct answer is A.,A,False
medium,C,374,8-403,C,The correct answer is C. All of these.,C,C,The correct answer is C. All of these.,C,False
medium,C,375,9-576,A,The correct answer is A. minerals.,A,A,The correct answer is A. minerals.,A,False
medium,C,376,9-866,B,The correct answer is A.,A,A,The correct answer is A.,A,False
medium,C,377,7-208,C,The correct answer is A. ponds may dry out.,A,A,The correct answer is A. ponds may dry out.,A,False
medium,C,378,9-771,D,The correct answer is D. Pine Needles.,D,D,The correct answer is D. Pine Needles.,D,False
medium,C,379,998,C,The correct answer is C.,C,C,The correct answer is C.,C,False
medium,C,380,433,B,The correct answer is B.,B,B,The correct answer is B.,B,False
medium,C,381,9-508,A,The correct answer is A. clumps of flaming gas.,A,A,The correct answer is A. clumps of flaming gas.,A,False
medium,C,382,7-561,D,The correct answer is D. air.,D,D,The correct answer is D. air.,D,False
medium,C,383,7-976,A,The correct answer is B.,B,B,The correct answer is B.,B,False
medium,C,384,1635,C,The correct answer is C.,C,C,The correct answer is C.,C,False
medium,C,385,7-875,A,The correct answer is A.,A,A,The correct answer is A.,A,False
medium,C,386,7-1053,B,The correct answer is C. deserts get little sun.,C,C,The correct answer is C. deserts get little sun.,C,False
medium,C,387,9-957,D,The correct answer is B. New York City.,B,B,The correct answer is B. New York City.,B,False
medium,C,388,1150,C,The correct answer is B. wooden.,B,B,The correct answer is B. wooden.,B,False
medium,C,389,8-240,A,The correct answer is A. energy.,A,A,The correct answer is A. energy.,A,False
medium,C,390,9-554,C,The correct answer is C.,C,C,The correct answer is C.,C,False
medium,C,391,9-135,B,The correct answer is A.,A,A,The correct answer is A.,A,False
medium,C,392,7-1096,B,The correct answer is A. squirrel.,A,A,The correct answer is A. squirrel.,A,False
medium,C,393,841,C,The correct answer is C. silicon.,C,C,The correct answer is C. silicon.,C,False
medium,C,394,7-146,A,The correct answer is A.,A,A,The correct answer is A.,A,False
medium,C,395,1554,D,D. aid in feeding what grows from them,D,D,D. aid in feeding what grows from them,D,False
medium,C,396,9-731,A,The correct answer is A. consumption.,A,A,The correct answer is A. consumption.,A,False
medium,C,397,1780,A,The correct answer is C. More Oxygen.,C,C,The correct answer is C. More Oxygen.,C,False
medium,C,398,7-1077,D,The correct answer is D.,D,D,The correct answer is D.,D,False
medium,C,399,8-494,C,The correct answer is A. none of these.,A,A,The correct answer is A. none of these.,A,False
medium,C,400,936,A,The correct answer is A. bush.,A,A,The correct answer is A. bush.,A,False
medium,C,401,8-478,B,The correct answer is B. Kitchen foil.,B,B,The correct answer is B. Kitchen foil.,B,False
medium,C,402,9-669,C,The correct answer is C.,C,C,The correct answer is C.,C,False
medium,C,403,7-732,A,The correct answer is A. produce energy.,A,A,The correct answer is A. produce energy.,A,False
medium,C,404,7-658,D,The correct answer is C. scorpion,C,C,The correct answer is C. scorpion,C,False
medium,C,405,1003,B,The correct answer is A. fossil fuel.,A,A,The correct answer is A. fossil fuel.,A,False
medium,C,406,8-62,A,The correct answer is A.,A,A,The correct answer is A.,A,False
medium,C,407,7-386,B,The correct answer is B.,B,B,The correct answer is B.,B,False
medium,C,408,257,D,The correct answer is D. ice.,D,D,The correct answer is D. ice.,D,False
medium,C,409,147,D,The correct answer is B. shape.,B,B,The correct answer is B. shape.,B,False
medium,C,410,7-599,D,The correct answer is A. wood.,A,A,The correct answer is A. wood.,A,False
medium,C,411,8-92,B,The correct answer is A.,A,A,The correct answer is A.,A,False
medium,C,412,354,A,The correct answer is B. hummingbird.,B,B,The correct answer is B. hummingbird.,B,False
medium,C,413,9-966,B,The correct answer is A.,A,A,The correct answer is A.,A,False
medium,C,414,9-612,B,The correct answer is B.,B,B,The correct answer is B.,B,False
medium,C,415,9-548,A,The correct answer is A.,A,A,The correct answer is A.,A,False
medium,C,416,9-429,A,The correct answer is A.,A,A,The correct answer is A.,A,False
medium,C,417,7-95,C,The correct answer is A/B/C/D.,INVALID,A,The correct answer is A/B/C/D.,INVALID,False
medium,C,418,1560,A,The correct answer is A. rip off a corner portion.,A,A,The correct answer is A. rip off a corner portion.,A,False
medium,C,419,9-461,C,The correct answer is D. ice forming on the road.,D,D,The correct answer is D. ice forming on the road.,D,False
medium,C,420,9-490,C,"The correct answer is D. language and dialect. DNA is a vehicle for passing genetic information, which includes the language and dialect of a species.",D,D,"The correct answer is D. language and dialect. DNA is a vehicle for passing genetic information, which includes the language and dialect of a species.",D,False
medium,C,421,9-301,C,The correct answer is A. food.,A,A,The correct answer is A. food.,A,False
medium,C,422,60,C,The correct answer is A. twice.,A,A,The correct answer is A. twice.,A,False
medium,C,423,9-894,C,The correct answer is B. any object.,B,B,The correct answer is B. any object.,B,False
medium,C,424,9-895,A,The correct answer is A.,A,A,The correct answer is A.,A,False
medium,C,425,9-281,A,The correct answer is A.,A,A,The correct answer is A.,A,False
medium,C,426,202,C,The correct answer is C.,C,C,The correct answer is C.,C,False
medium,C,427,1937,C,The correct answer is C.,C,C,The correct answer is C.,C,False
medium,C,428,620,A,The correct answer is A. concrete configuration.,A,A,The correct answer is A. concrete configuration.,A,False
medium,C,429,8-142,C,The correct answer is C. travels to the seaside.,C,C,The correct answer is C. travels to the seaside.,C,False
medium,C,430,7-1138,A,The correct answer is A.,A,A,The correct answer is A.,A,False
medium,C,431,8-471,B,The correct answer is A. used motor oil.,A,A,The correct answer is A. used motor oil.,A,False
medium,C,432,9-433,B,The correct answer is B. 12.,B,B,The correct answer is B. 12.,B,False
medium,C,433,1458,C,The correct answer is D. is small.,D,D,The correct answer is D. is small.,D,False
medium,C,434,57,B,The correct answer is B.,B,B,The correct answer is B.,B,False
medium,C,435,605,C,The correct answer is B. kilobytes.,B,B,The correct answer is B. kilobytes.,B,False
medium,C,436,9-889,A,The correct answer is A. igloo.,A,A,The correct answer is A. igloo.,A,False
medium,C,437,1890,A,The correct answer is A.,A,A,The correct answer is A.,A,False
medium,C,438,9-618,A,The correct answer is A. xylem.,A,A,The correct answer is A. xylem.,A,False
medium,C,439,9-523,A,The correct answer is D. distorted.,D,D,The correct answer is D. distorted.,D,False
medium,C,440,1126,C,The correct answer is A.,A,A,The correct answer is A.,A,False
medium,C,441,644,C,The correct answer is C. heat.,C,C,The correct answer is C. heat.,C,False
medium,C,442,8-365,A,The correct answer is A. seconds.,A,A,The correct answer is A. seconds.,A,False
medium,C,443,9-727,D,The correct answer is A. water.,A,A,The correct answer is A. water.,A,False
medium,C,444,7-461,D,The correct answer is D. toast.,D,D,The correct answer is D. toast.,D,False
medium,C,445,9-1071,B,The correct answer is B.,B,B,The correct answer is B.,B,False
medium,C,446,1918,B,The correct answer is B.,B,B,The correct answer is B.,B,False
medium,C,447,1038,D,The correct answer is B. minute.,B,B,The correct answer is B. minute.,B,False
medium,C,448,9-197,D,The correct answer is D. H2O.,D,D,The correct answer is D. H2O.,D,False
medium,C,449,1393,B,The correct answer is A.,A,A,The correct answer is A.,A,False
medium,C,450,7-244,A,The correct answer is A.,A,A,The correct answer is A.,A,False
medium,C,451,9-916,B,The correct answer is B. conserving.,B,B,The correct answer is B. conserving.,B,False
medium,C,452,9-1046,A,The correct answer is D. blood vessels.,D,D,The correct answer is D. blood vessels.,D,False
medium,C,453,167,A,The correct answer is A/B/C.,INVALID,A,The correct answer is A/B/C.,INVALID,False
medium,C,454,9-566,B,The correct answer is B.,B,B,The correct answer is B.,B,False
medium,C,455,8-28,D,The correct answer is D.,D,D,The correct answer is D.,D,False
medium,C,456,7-179,B,The correct answer is C. nickel.,C,C,The correct answer is C. nickel.,C,False
medium,C,457,389,B,The correct answer is B. changed.,B,B,The correct answer is B. changed.,B,False
medium,C,458,1528,C,The correct answer is A. leaves to remain on branches.,A,A,The correct answer is A. leaves to remain on branches.,A,False
medium,C,459,1457,D,The correct answer is D. beaches shrink.,D,D,The correct answer is D. beaches shrink.,D,False
medium,C,460,1208,B,The correct answer is B.,B,B,The correct answer is B.,B,False
medium,C,461,1170,C,C. makes deep noises,C,C,C. makes deep noises,C,False
medium,C,462,8-409,C,The correct answer is C. dead.,C,C,The correct answer is C. dead.,C,False
medium,C,463,8-307,A,The correct answer is A.,A,A,The correct answer is A.,A,False
medium,C,464,1948,C,The correct answer is C.,C,C,The correct answer is C.,C,False
medium,C,465,661,C,The correct answer is C.,C,C,The correct answer is C.,C,False
medium,C,466,7-435,C,The correct answer is C. earth.,C,C,The correct answer is C. earth.,C,False
medium,C,467,8-332,C,The correct answer is C.,C,C,The correct answer is C.,C,False
medium,C,468,948,B,The correct answer is B.,B,B,The correct answer is B.,B,False
medium,C,469,381,A,The correct answer is C. flowers.,C,C,The correct answer is C. flowers.,C,False
medium,C,470,9-759,B,The correct answer is C. various types of animals.,C,C,The correct answer is C. various types of animals.,C,False
medium,C,471,8-350,B,The correct answer is B.,B,B,The correct answer is B.,B,False
medium,C,472,7-727,C,The correct answer is C.,C,C,The correct answer is C.,C,False
medium,C,473,850,B,The correct answer is B.,B,B,The correct answer is B.,B,False
medium,C,474,970,D,The correct answer is D. turning on a stove top.,D,D,The correct answer is D. turning on a stove top.,D,False
medium,C,475,7-381,D,The correct answer is B.,B,B,The correct answer is B.,B,False
medium,C,476,9-436,C,The correct answer is C. terrestrial body.,C,C,The correct answer is C. terrestrial body.,C,False
medium,C,477,9-411,C,The correct answer is B. nothing will happen.,B,B,The correct answer is B. nothing will happen.,B,False
medium,C,478,9-692,B,The correct answer is B. The Andes.,B,B,The correct answer is B. The Andes.,B,False
medium,C,479,1334,A,The correct answer is A.,A,A,The correct answer is A.,A,False
medium,C,480,9-1160,D,The correct answer is D. A Solar Year on earth.,D,D,The correct answer is D. A Solar Year on earth.,D,False
medium,C,481,9-89,A,The correct answer is A.,A,A,The correct answer is A.,A,False
medium,C,482,9-1034,D,The correct answer is B. leave them where they're found.,B,B,The correct answer is B. leave them where they're found.,B,False
medium,C,483,8-293,B,The correct answer is B.,B,B,The correct answer is B.,B,False
medium,C,484,9-652,C,The correct answer is C.,C,C,The correct answer is C.,C,False
medium,C,485,1391,C,The correct answer is A. Tile Floor.,A,A,The correct answer is A. Tile Floor.,A,False
medium,C,486,9-948,B,The correct answer is B. from a live plant.,B,B,The correct answer is B. from a live plant.,B,False
medium,C,487,8-213,D,The correct answer is D. Sand.,D,D,The correct answer is D. Sand.,D,False
medium,C,488,162,B,The correct answer is B. 5 am.,B,B,The correct answer is B. 5 am.,B,False
medium,C,489,1359,B,The correct answer is B. providing nourishment which enables some growth to vegetation.,B,B,The correct answer is B. providing nourishment which enables some growth to vegetation.,B,False
medium,C,490,9-743,A,The correct answer is A/B/C/D.,INVALID,A,The correct answer is A/B/C/D.,INVALID,False
medium,C,491,9-645,A,The correct answer is A.,A,A,The correct answer is A.,A,False
medium,C,492,8-250,C,The correct answer is C. bugs.,C,C,The correct answer is C. bugs.,C,False
medium,C,493,283,C,The correct answer is B.,B,B,The correct answer is B.,B,False
medium,C,494,8-183,A,A. UV rays are harmful,A,A,A. UV rays are harmful,A,False
medium,C,495,9-284,A,The correct answer is A.,A,A,The correct answer is A.,A,False
medium,C,496,7-1186,C,The correct answer is C. water is bubbling from applied warmth.,C,C,The correct answer is C. water is bubbling from applied warmth.,C,False
medium,C,497,926,C,C. leads to less sick people,C,C,C. leads to less sick people,C,False
medium,C,498,7-519,B,The correct answer is B. tiny lifeforms in dirt.,B,B,The correct answer is B. tiny lifeforms in dirt.,B,False
medium,C,499,7-7,C,The correct answer is C. heat.,C,C,The correct answer is C. heat.,C,False
large,R,0,8-343,B,The correct answer is B,B,B,The correct answer is B,B,False
large,R,1,1129,A,The correct answer is A,A,A,The correct answer is A,A,False
large,R,2,880,C,The correct answer is C,C,C,The correct answer is C,C,False
large,R,3,7-999,C,The correct answer is C,C,C,The correct answer is C,C,False
large,R,4,8-464,C,The correct answer is C,C,C,The correct answer is C,C,False
large,R,5,9-794,C,The correct answer is C,C,C,The correct answer is C,C,False
large,R,6,9-1163,C,The correct answer is C,C,C,The correct answer is C,C,False
large,R,7,9-322,B,The correct answer is B,B,B,The correct answer is B,B,False
large,R,8,7-1140,D,The correct answer is B.,B,B,The correct answer is B.,B,False
large,R,9,7-903,B,The correct answer is B,B,B,The correct answer is B,B,False
large,R,10,7-511,C,The correct answer is C,C,C,The correct answer is C,C,False
large,R,11,9-937,B,The correct answer is C,C,C,The correct answer is C,C,False
large,R,12,8-201,C,The correct answer is C,C,C,The correct answer is C,C,False
large,R,13,1618,A,The correct answer is A,A,A,The correct answer is A,A,False
large,R,14,758,C,The correct answer is C,C,C,The correct answer is C,C,False
large,R,15,7-414,D,The correct answer is D,D,D,The correct answer is D,D,False
large,R,16,9-675,C,The correct answer is C.,C,C,The correct answer is C.,C,False
large,R,17,9-163,C,The correct answer is C.,C,C,The correct answer is C.,C,False
large,R,18,1032,A,The correct answer is A,A,A,The correct answer is A,A,False
large,R,19,889,B,The correct answer is C,C,C,The correct answer is C,C,False
large,R,20,1160,A,The correct answer is D,D,D,The correct answer is D,D,False
large,R,21,9-298,A,The correct answer is A,A,A,The correct answer is A,A,False
large,R,22,1189,A,The correct answer is A,A,A,The correct answer is A,A,False
large,R,23,8-395,B,The correct answer is B,B,B,The correct answer is B,B,False
large,R,24,7-238,B,The correct answer is B,B,B,The correct answer is B,B,False
large,R,25,7-372,B,The correct answer is B,B,B,The correct answer is B,B,False
large,R,26,8-35,D,The correct answer is D.,D,D,The correct answer is D.,D,False
large,R,27,9-271,A,The correct answer is A,A,A,The correct answer is A,A,False
large,R,28,9-409,D,The correct answer is D.,D,D,The correct answer is D.,D,False
large,R,29,530,B,The correct answer is B,B,B,The correct answer is B,B,False
large,R,30,1426,C,The correct answer is C,C,C,The correct answer is C,C,False
large,R,31,8-466,D,The correct answer is D.,D,D,The correct answer is D.,D,False
large,R,32,1577,B,The correct answer is B.,B,B,The correct answer is B.,B,False
large,R,33,8-257,A,The correct answer is A,A,A,The correct answer is A,A,False
large,R,34,378,B,The correct answer is B,B,B,The correct answer is B,B,False
large,R,35,8-41,A,The correct answer is A,A,A,The correct answer is A,A,False
large,R,36,9-540,A,The correct answer is A,A,A,The correct answer is A,A,False
large,R,37,266,D,The correct answer is D,D,D,The correct answer is D,D,False
large,R,38,1309,D,The correct answer is D.,D,D,The correct answer is D.,D,False
large,R,39,7-1197,A,The correct answer is A,A,A,The correct answer is A,A,False
large,R,40,7-891,D,The correct answer is D,D,D,The correct answer is D,D,False
large,R,41,1180,D,The correct answer is D,D,D,The correct answer is D,D,False
large,R,42,1204,A,The correct answer is A,A,A,The correct answer is A,A,False
large,R,43,7-52,D,The correct answer is D,D,D,The correct answer is D,D,False
large,R,44,1759,A,The correct answer is A,A,A,The correct answer is A,A,False
large,R,45,9-655,A,The correct answer is A,A,A,The correct answer is A,A,False
large,R,46,132,A,The correct answer is A,A,A,The correct answer is A,A,False
large,R,47,8-79,A,The correct answer is A,A,A,The correct answer is A,A,False
large,R,48,1835,B,The correct answer is B,B,B,The correct answer is B,B,False
large,R,49,9-149,C,The correct answer is C,C,C,The correct answer is C,C,False
large,R,50,695,A,The correct answer is D,D,D,The correct answer is D,D,False
large,R,51,8-179,D,The correct answer is C.,C,C,The correct answer is C.,C,False
large,R,52,7-50,A,The correct answer is A,A,A,The correct answer is A,A,False
large,R,53,508,D,The correct answer is D,D,D,The correct answer is D,D,False
large,R,54,1674,C,The correct answer is C,C,C,The correct answer is C,C,False
large,R,55,163,A,The correct answer is C,C,C,The correct answer is C,C,False
large,R,56,7-49,C,The correct answer is C.,C,C,The correct answer is C.,C,False
large,R,57,8-393,D,The correct answer is D.,D,D,The correct answer is D.,D,False
large,R,58,788,B,The correct answer is B.,B,B,The correct answer is B.,B,False
large,R,59,9-29,A,The correct answer is A,A,A,The correct answer is A,A,False
large,R,60,9-368,C,The correct answer is C,C,C,The correct answer is C,C,False
large,R,61,7-671,C,The correct answer is C.,C,C,The correct answer is C.,C,False
large,R,62,1272,A,The correct answer is B,B,B,The correct answer is B,B,False
large,R,63,648,B,The correct answer is B,B,B,The correct answer is B,B,False
large,R,64,9-1180,B,The correct answer is B.,B,B,The correct answer is B.,B,False
large,R,65,9-227,C,The correct answer is B,B,B,The correct answer is B,B,False
large,R,66,1582,A,The correct answer is B,B,B,The correct answer is B,B,False
large,R,67,8-125,A,The correct answer is A,A,A,The correct answer is A,A,False
large,R,68,1923,A,The correct answer is A,A,A,The correct answer is A,A,False
large,R,69,9-229,D,The correct answer is D,D,D,The correct answer is D,D,False
large,R,70,1702,B,The correct answer is B,B,B,The correct answer is B,B,False
large,R,71,8-260,C,The correct answer is D.,D,D,The correct answer is D.,D,False
large,R,72,9-491,C,The correct answer is C,C,C,The correct answer is C,C,False
large,R,73,75,A,The correct answer is A,A,A,The correct answer is A,A,False
large,R,74,1215,C,The correct answer is C,C,C,The correct answer is C,C,False
large,R,75,8-93,C,The correct answer is D,D,D,The correct answer is D,D,False
large,R,76,7-988,A,The correct answer is A,A,A,The correct answer is A,A,False
large,R,77,9-1139,C,The correct answer is C,C,C,The correct answer is C,C,False
large,R,78,1545,B,The correct answer is B,B,B,The correct answer is B,B,False
large,R,79,7-664,C,The correct answer is C,C,C,The correct answer is C,C,False
large,R,80,8-53,C,The correct answer is C.,C,C,The correct answer is C.,C,False
large,R,81,7-1044,A,The correct answer is A,A,A,The correct answer is A,A,False
large,R,82,7-1122,A,The correct answer is D.,D,D,The correct answer is D.,D,False
large,R,83,9-79,B,The correct answer is B,B,B,The correct answer is B,B,False
large,R,84,7-157,D,The correct answer is D,D,D,The correct answer is D,D,False
large,R,85,9-1164,B,The correct answer is B,B,B,The correct answer is B,B,False
large,R,86,8-63,D,The correct answer is D,D,D,The correct answer is D,D,False
large,R,87,8-308,D,The correct answer is D.,D,D,The correct answer is D.,D,False
large,R,88,326,C,The correct answer is C.,C,C,The correct answer is C.,C,False
large,R,89,1184,A,The correct answer is A,A,A,The correct answer is A,A,False
large,R,90,359,A,The correct answer is A,A,A,The correct answer is A,A,False
large,R,91,9-350,D,The correct answer is B,B,B,The correct answer is B,B,False
large,R,92,7-140,C,The correct answer is B,B,B,The correct answer is B,B,False
large,R,93,591,A,The correct answer is A,A,A,The correct answer is A,A,False
large,R,94,7-391,C,The correct answer is C,C,C,The correct answer is C,C,False
large,R,95,1672,C,The correct answer is C,C,C,The correct answer is C,C,False
large,R,96,9-464,C,The correct answer is C,C,C,The correct answer is C,C,False
large,R,97,9-983,B,The correct answer is B,B,B,The correct answer is B,B,False
large,R,98,9-179,A,The correct answer is B,B,B,The correct answer is B,B,False
large,R,99,7-942,C,The correct answer is D.,D,D,The correct answer is D.,D,False
large,R,100,7-100,B,The correct answer is B,B,B,The correct answer is B,B,False
large,R,101,9-30,B,The correct answer is B,B,B,The correct answer is B,B,False
large,R,102,1709,A,The correct answer is A,A,A,The correct answer is A,A,False
large,R,103,8-491,D,The correct answer is D.,D,D,The correct answer is D.,D,False
large,R,104,44,B,The correct answer is B,B,B,The correct answer is B,B,False
large,R,105,1023,D,The correct answer is D,D,D,The correct answer is D,D,False
large,R,106,1911,B,The correct answer is B,B,B,The correct answer is B,B,False
large,R,107,429,A,The correct answer is A.,A,A,The correct answer is A.,A,False
large,R,108,8-49,D,The correct answer is D.,D,D,The correct answer is D.,D,False
large,R,109,520,C,The correct answer is C,C,C,The correct answer is C,C,False
large,R,110,7-1128,C,The correct answer is C,C,C,The correct answer is C,C,False
large,R,111,7-394,B,The correct answer is B,B,B,The correct answer is B,B,False
large,R,112,9-1166,B,The correct answer is B,B,B,The correct answer is B,B,False
large,R,113,7-884,C,The correct answer is C,C,C,The correct answer is C,C,False
large,R,114,9-501,A,The correct answer is C.,C,C,The correct answer is C.,C,False
large,R,115,9-757,C,The correct answer is B,B,B,The correct answer is B,B,False
large,R,116,7-725,D,The correct answer is D,D,D,The correct answer is D,D,False
large,R,117,1300,D,The correct answer is D,D,D,The correct answer is D,D,False
large,R,118,9-230,A,The correct answer is A,A,A,The correct answer is A,A,False
large,R,119,9-988,B,The correct answer is C,C,C,The correct answer is C,C,False
large,R,120,9-393,A,The correct answer is A,A,A,The correct answer is A,A,False
large,R,121,7-823,D,The correct answer is A,A,A,The correct answer is A,A,False
large,R,122,9-24,A,The correct answer is B,B,B,The correct answer is B,B,False
large,R,123,570,D,The correct answer is D,D,D,The correct answer is D,D,False
large,R,124,9-124,B,The correct answer is B,B,B,The correct answer is B,B,False
large,R,125,9-199,A,The correct answer is B,B,B,The correct answer is B,B,False
large,R,126,767,A,The correct answer is A,A,A,The correct answer is A,A,False
large,R,127,28,D,The correct answer is D.,D,D,The correct answer is D.,D,False
large,R,128,9-1134,B,The correct answer is D,D,D,The correct answer is D,D,False
large,R,129,9-1030,C,The correct answer is C.,C,C,The correct answer is C.,C,False
large,R,130,9-18,B,The correct answer is B,B,B,The correct answer is B,B,False
large,R,131,8-378,D,The correct answer is D.,D,D,The correct answer is D.,D,False
large,R,132,7-677,C,The correct answer is C,C,C,The correct answer is C,C,False
large,R,133,9-786,A,The correct answer is A,A,A,The correct answer is A,A,False
large,R,134,9-463,D,The correct answer is B,B,B,The correct answer is B,B,False
large,R,135,7-71,A,The correct answer is A,A,A,The correct answer is A,A,False
large,R,136,9-1053,D,The correct answer is C,C,C,The correct answer is C,C,False
large,R,137,9-437,B,The correct answer is B,B,B,The correct answer is B,B,False
large,R,138,1787,B,The correct answer is D,D,D,The correct answer is D,D,False
large,R,139,7-107,A,The correct answer is A,A,A,The correct answer is A,A,False
large,R,140,769,C,The correct answer is C,C,C,The correct answer is C,C,False
large,R,141,9-73,A,The correct answer is D.,D,D,The correct answer is D.,D,False
large,R,142,9-1194,D,The correct answer is D.,D,D,The correct answer is D.,D,False
large,R,143,9-416,D,The correct answer is D,D,D,The correct answer is D,D,False
large,R,144,470,A,The correct answer is A,A,A,The correct answer is A,A,False
large,R,145,1297,D,The correct answer is D,D,D,The correct answer is D,D,False
large,R,146,8-346,A,The correct answer is D.,D,D,The correct answer is D.,D,False
large,R,147,7-807,A,The correct answer is A,A,A,The correct answer is A,A,False
large,R,148,8-463,A,The correct answer is A,A,A,The correct answer is A,A,False
large,R,149,9-110,A,The correct answer is A,A,A,The correct answer is A,A,False
large,R,150,1611,C,The correct answer is C,C,C,The correct answer is C,C,False
large,R,151,9-942,D,The correct answer is D.,D,D,The correct answer is D.,D,False
large,R,152,9-1102,B,The correct answer is B,B,B,The correct answer is B,B,False
large,R,153,9-774,C,The correct answer is C,C,C,The correct answer is C,C,False
large,R,154,8-333,A,The correct answer is B,B,B,The correct answer is B,B,False
large,R,155,9-573,B,The correct answer is B,B,B,The correct answer is B,B,False
large,R,156,1955,A,The correct answer is A,A,A,The correct answer is A,A,False
large,R,157,8-45,C,The correct answer is C.,C,C,The correct answer is C.,C,False
large,R,158,9-674,C,The correct answer is C,C,C,The correct answer is C,C,False
large,R,159,898,B,The correct answer is B,B,B,The correct answer is B,B,False
large,R,160,7-1159,C,The correct answer is C,C,C,The correct answer is C,C,False
large,R,161,568,A,The correct answer is A,A,A,The correct answer is A,A,False
large,R,162,9-877,B,The correct answer is D.,D,D,The correct answer is D.,D,False
large,R,163,406,C,The correct answer is D,D,D,The correct answer is D,D,False
large,R,164,7-1132,A,The correct answer is C.,C,C,The correct answer is C.,C,False
large,R,165,7-479,C,The correct answer is C,C,C,The correct answer is C,C,False
large,R,166,609,A,The correct answer is D.,D,D,The correct answer is D.,D,False
large,R,167,1568,C,The correct answer is C.,C,C,The correct answer is C.,C,False
large,R,168,9-418,C,The correct answer is C,C,C,The correct answer is C,C,False
large,R,169,7-1050,B,The correct answer is B,B,B,The correct answer is B,B,False
large,R,170,9-510,C,The correct answer is C,C,C,The correct answer is C,C,False
large,R,171,9-519,A,The correct answer is A,A,A,The correct answer is A,A,False
large,R,172,9-637,C,The correct answer is C.,C,C,The correct answer is C.,C,False
large,R,173,473,A,The correct answer is A,A,A,The correct answer is A,A,False
large,R,174,8-445,B,The correct answer is B,B,B,The correct answer is B,B,False
large,R,175,9-575,B,The correct answer is C,C,C,The correct answer is C,C,False
large,R,176,7-284,B,The correct answer is B,B,B,The correct answer is B,B,False
large,R,177,8-135,A,The correct answer is A,A,A,The correct answer is A,A,False
large,R,178,397,D,The correct answer is C,C,C,The correct answer is C,C,False
large,R,179,9-32,B,The correct answer is B,B,B,The correct answer is B,B,False
large,R,180,48,C,The correct answer is C,C,C,The correct answer is C,C,False
large,R,181,8-69,C,The correct answer is B,B,B,The correct answer is B,B,False
large,R,182,9-159,C,The correct answer is C,C,C,The correct answer is C,C,False
large,R,183,9-317,C,The correct answer is C,C,C,The correct answer is C,C,False
large,R,184,423,D,The correct answer is D.,D,D,The correct answer is D.,D,False
large,R,185,8-304,A,The correct answer is A,A,A,The correct answer is A,A,False
large,R,186,785,D,The correct answer is D.,D,D,The correct answer is D.,D,False
large,R,187,9-1087,C,The correct answer is C.,C,C,The correct answer is C.,C,False
large,R,188,485,D,The correct answer is D.,D,D,The correct answer is D.,D,False
large,R,189,9-908,C,The correct answer is C,C,C,The correct answer is C,C,False
large,R,190,1231,C,The correct answer is C,C,C,The correct answer is C,C,False
large,R,191,810,B,The correct answer is B,B,B,The correct answer is B,B,False
large,R,192,158,D,The correct answer is D,D,D,The correct answer is D,D,False
large,R,193,7-445,A,The correct answer is A,A,A,The correct answer is A,A,False
large,R,194,1502,C,The correct answer is C,C,C,The correct answer is C,C,False
large,R,195,1200,B,The correct answer is D.,D,D,The correct answer is D.,D,False
large,R,196,437,A,The correct answer is A,A,A,The correct answer is A,A,False
large,R,197,8-205,A,The correct answer is A,A,A,The correct answer is A,A,False
large,R,198,9-270,C,The correct answer is C,C,C,The correct answer is C,C,False
large,R,199,8-130,C,The correct answer is C,C,C,The correct answer is C,C,False
large,R,200,229,D,The correct answer is D,D,D,The correct answer is D,D,False
large,R,201,9-390,D,The correct answer is D,D,D,The correct answer is D,D,False
large,R,202,8-107,C,The correct answer is C,C,C,The correct answer is C,C,False
large,R,203,7-527,A,The correct answer is D,D,D,The correct answer is D,D,False
large,R,204,7-333,C,The correct answer is C,C,C,The correct answer is C,C,False
large,R,205,9-44,C,The correct answer is C,C,C,The correct answer is C,C,False
large,R,206,7-160,D,The correct answer is D.,D,D,The correct answer is D.,D,False
large,R,207,1942,D,The correct answer is D,D,D,The correct answer is D,D,False
large,R,208,9-597,B,The correct answer is B,B,B,The correct answer is B,B,False
large,R,209,9-35,A,The correct answer is A,A,A,The correct answer is A,A,False
large,R,210,1161,B,The correct answer is B,B,B,The correct answer is B,B,False
large,R,211,7-171,B,The correct answer is B,B,B,The correct answer is B,B,False
large,R,212,1139,D,The correct answer is D.,D,D,The correct answer is D.,D,False
large,R,213,1924,B,The correct answer is B,B,B,The correct answer is B,B,False
large,R,214,9-440,B,The correct answer is B,B,B,The correct answer is B,B,False
large,R,215,9-528,C,The correct answer is C,C,C,The correct answer is C,C,False
large,R,216,170,C,The correct answer is C,C,C,The correct answer is C,C,False
large,R,217,395,D,The correct answer is D.,D,D,The correct answer is D.,D,False
large,R,218,9-633,D,The correct answer is D,D,D,The correct answer is D,D,False
large,R,219,9-504,A,The correct answer is A,A,A,The correct answer is A,A,False
large,R,220,8-192,A,The correct answer is A,A,A,The correct answer is A,A,False
large,R,221,7-1108,D,The correct answer is D,D,D,The correct answer is D,D,False
large,R,222,7-852,A,The correct answer is A,A,A,The correct answer is A,A,False
large,R,223,761,D,The correct answer is D.,D,D,The correct answer is D.,D,False
large,R,224,8-318,B,The correct answer is B,B,B,The correct answer is B,B,False
large,R,225,636,C,The correct answer is C.,C,C,The correct answer is C.,C,False
large,R,226,7-444,D,The correct answer is D,D,D,The correct answer is D,D,False
large,R,227,8-57,B,The correct answer is B,B,B,The correct answer is B,B,False
large,R,228,9-187,B,The correct answer is A,A,A,The correct answer is A,A,False
large,R,229,1345,B,The correct answer is B,B,B,The correct answer is B,B,False
large,R,230,8-59,D,The correct answer is D,D,D,The correct answer is D,D,False
large,R,231,178,B,The correct answer is B,B,B,The correct answer is B,B,False
large,R,232,9-1186,A,The correct answer is A,A,A,The correct answer is A,A,False
large,R,233,82,C,The correct answer is B,B,B,The correct answer is B,B,False
large,R,234,8-165,C,The correct answer is C,C,C,The correct answer is C,C,False
large,R,235,404,B,The correct answer is D,D,D,The correct answer is D,D,False
large,R,236,279,A,The correct answer is D,D,D,The correct answer is D,D,False
large,R,237,9-532,A,The correct answer is A,A,A,The correct answer is A,A,False
large,R,238,268,C,The correct answer is C,C,C,The correct answer is C,C,False
large,R,239,7-1018,D,The correct answer is D,D,D,The correct answer is D,D,False
large,R,240,1756,A,The correct answer is A,A,A,The correct answer is A,A,False
large,R,241,1137,D,The correct answer is D,D,D,The correct answer is D,D,False
large,R,242,7-203,D,The correct answer is D,D,D,The correct answer is D,D,False
large,R,243,745,B,The correct answer is B,B,B,The correct answer is B,B,False
large,R,244,7-902,A,The correct answer is A,A,A,The correct answer is A,A,False
large,R,245,1095,A,The correct answer is A,A,A,The correct answer is A,A,False
large,R,246,7-163,A,The correct answer is A,A,A,The correct answer is A,A,False
large,R,247,9-858,C,The correct answer is C,C,C,The correct answer is C,C,False
large,R,248,1530,D,The correct answer is D.,D,D,The correct answer is D.,D,False
large,R,249,9-993,D,The correct answer is D.,D,D,The correct answer is D.,D,False
large,R,250,8-340,D,The correct answer is D,D,D,The correct answer is D,D,False
large,R,251,3,B,The correct answer is B,B,B,The correct answer is B,B,False
large,R,252,1074,C,The correct answer is C.,C,C,The correct answer is C.,C,False
large,R,253,9-431,A,The correct answer is A,A,A,The correct answer is A,A,False
large,R,254,9-638,B,The correct answer is A,A,A,The correct answer is A,A,False
large,R,255,9-352,D,The correct answer is D,D,D,The correct answer is D,D,False
large,R,256,226,D,The correct answer is D.,D,D,The correct answer is D.,D,False
large,R,257,9-132,A,The correct answer is A,A,A,The correct answer is A,A,False
large,R,258,9-222,D,The correct answer is D.,D,D,The correct answer is D.,D,False
large,R,259,9-105,D,The correct answer is D.,D,D,The correct answer is D.,D,False
large,R,260,7-459,B,The correct answer is B,B,B,The correct answer is B,B,False
large,R,261,9-881,B,The correct answer is B,B,B,The correct answer is B,B,False
large,R,262,280,B,The correct answer is B,B,B,The correct answer is B,B,False
large,R,263,187,B,The correct answer is B,B,B,The correct answer is B,B,False
large,R,264,8-253,C,The correct answer is C,C,C,The correct answer is C,C,False
large,R,265,9-482,D,The correct answer is D,D,D,The correct answer is D,D,False
large,R,266,496,A,The correct answer is A,A,A,The correct answer is A,A,False
large,R,267,630,C,The correct answer is C,C,C,The correct answer is C,C,False
large,R,268,9-16,D,The correct answer is D.,D,D,The correct answer is D.,D,False
large,R,269,7-986,D,The correct answer is D,D,D,The correct answer is D,D,False
large,R,270,7-787,C,The correct answer is D.,D,D,The correct answer is D.,D,False
large,R,271,9-181,A,The correct answer is D.,D,D,The correct answer is D.,D,False
large,R,272,1240,B,The correct answer is B,B,B,The correct answer is B,B,False
large,R,273,474,D,The correct answer is D.,D,D,The correct answer is D.,D,False
large,R,274,1274,D,The correct answer is D.,D,D,The correct answer is D.,D,False
large,R,275,1531,D,The correct answer is D,D,D,The correct answer is D,D,False
large,R,276,8-321,B,The correct answer is B,B,B,The correct answer is B,B,False
large,R,277,1321,C,The correct answer is C,C,C,The correct answer is C,C,False
large,R,278,9-51,D,The correct answer is D,D,D,The correct answer is D,D,False
large,R,279,7-685,B,The correct answer is D,D,D,The correct answer is D,D,False
large,R,280,7-59,A,The correct answer is A,A,A,The correct answer is A,A,False
large,R,281,7-270,D,The correct answer is D,D,D,The correct answer is D,D,False
large,R,282,7-736,C,The correct answer is C,C,C,The correct answer is C,C,False
large,R,283,8-186,D,The correct answer is D,D,D,The correct answer is D,D,False
large,R,284,224,B,The correct answer is B,B,B,The correct answer is B,B,False
large,R,285,8-206,A,The correct answer is A,A,A,The correct answer is A,A,False
large,R,286,8-190,B,The correct answer is B,B,B,The correct answer is B,B,False
large,R,287,7-334,B,The correct answer is B,B,B,The correct answer is B,B,False
large,R,288,9-853,B,The correct answer is B,B,B,The correct answer is B,B,False
large,R,289,8-367,A,The correct answer is A,A,A,The correct answer is A,A,False
large,R,290,1047,A,The correct answer is A,A,A,The correct answer is A,A,False
large,R,291,9-454,C,The correct answer is C.,C,C,The correct answer is C.,C,False
large,R,292,1572,C,The correct answer is C,C,C,The correct answer is C,C,False
large,R,293,8-373,A,The correct answer is A,A,A,The correct answer is A,A,False
large,R,294,9-772,A,The correct answer is C.,C,C,The correct answer is C.,C,False
large,R,295,1852,A,The correct answer is A,A,A,The correct answer is A,A,False
large,R,296,9-1090,D,The correct answer is D,D,D,The correct answer is D,D,False
large,R,297,7-769,C,The correct answer is C,C,C,The correct answer is C,C,False
large,R,298,9-478,C,The correct answer is C.,C,C,The correct answer is C.,C,False
large,R,299,448,A,The correct answer is B.,B,B,The correct answer is B.,B,False
large,R,300,7-417,B,The correct answer is D.,D,D,The correct answer is D.,D,False
large,R,301,7-108,D,The correct answer is D,D,D,The correct answer is D,D,False
large,R,302,1506,D,The correct answer is D,D,D,The correct answer is D,D,False
large,R,303,1712,A,The correct answer is A,A,A,The correct answer is A,A,False
large,R,304,8-312,C,The correct answer is C.,C,C,The correct answer is C.,C,False
large,R,305,9-776,A,The correct answer is A,A,A,The correct answer is A,A,False
large,R,306,8-279,C,The correct answer is C.,C,C,The correct answer is C.,C,False
large,R,307,9-621,B,The correct answer is B,B,B,The correct answer is B,B,False
large,R,308,1823,C,The correct answer is D,D,D,The correct answer is D,D,False
large,R,309,9-735,B,The correct answer is B,B,B,The correct answer is B,B,False
large,R,310,7-1170,B,The correct answer is B,B,B,The correct answer is B,B,False
large,R,311,1500,A,The correct answer is A,A,A,The correct answer is A,A,False
large,R,312,342,B,The correct answer is B,B,B,The correct answer is B,B,False
large,R,313,7-356,D,The correct answer is D,D,D,The correct answer is D,D,False
large,R,314,78,B,The correct answer is B,B,B,The correct answer is B,B,False
large,R,315,9-520,C,The correct answer is A,A,A,The correct answer is A,A,False
large,R,316,7-653,C,The correct answer is C,C,C,The correct answer is C,C,False
large,R,317,1112,B,The correct answer is C,C,C,The correct answer is C,C,False
large,R,318,9-152,B,The correct answer is B,B,B,The correct answer is B,B,False
large,R,319,9-552,B,The correct answer is B,B,B,The correct answer is B,B,False
large,R,320,7-262,A,The correct answer is C,C,C,The correct answer is C,C,False
large,R,321,7-683,D,The correct answer is D,D,D,The correct answer is D,D,False
large,R,322,276,B,The correct answer is B,B,B,The correct answer is B,B,False
large,R,323,7-855,C,The correct answer is C.,C,C,The correct answer is C.,C,False
large,R,324,664,D,The correct answer is D.,D,D,The correct answer is D.,D,False
large,R,325,9-883,C,The correct answer is C,C,C,The correct answer is C,C,False
large,R,326,9-550,A,The correct answer is C,C,C,The correct answer is C,C,False
large,R,327,8-493,D,The correct answer is B,B,B,The correct answer is B,B,False
large,R,328,9-257,C,The correct answer is C,C,C,The correct answer is C,C,False
large,R,329,1239,D,The correct answer is D,D,D,The correct answer is D,D,False
large,R,330,869,A,The correct answer is A,A,A,The correct answer is A,A,False
large,R,331,7-1105,A,The correct answer is B,B,B,The correct answer is B,B,False
large,R,332,597,D,The correct answer is D,D,D,The correct answer is D,D,False
large,R,333,385,D,The correct answer is B,B,B,The correct answer is B,B,False
large,R,334,1301,B,The correct answer is B,B,B,The correct answer is B,B,False
large,R,335,9-893,D,The correct answer is D,D,D,The correct answer is D,D,False
large,R,336,9-369,B,The correct answer is B,B,B,The correct answer is B,B,False
large,R,337,9-1026,A,The correct answer is A,A,A,The correct answer is A,A,False
large,R,338,7-424,B,The correct answer is B.,B,B,The correct answer is B.,B,False
large,R,339,9-259,A,The correct answer is A,A,A,The correct answer is A,A,False
large,R,340,9-783,C,The correct answer is C,C,C,The correct answer is C,C,False
large,R,341,1088,B,The correct answer is B,B,B,The correct answer is B,B,False
large,R,342,1387,C,The correct answer is C.,C,C,The correct answer is C.,C,False
large,R,343,7-1062,A,The correct answer is A,A,A,The correct answer is A,A,False
large,R,344,676,D,The correct answer is D.,D,D,The correct answer is D.,D,False
large,R,345,1998,B,The correct answer is B,B,B,The correct answer is B,B,False
large,R,346,1698,A,The correct answer is A,A,A,The correct answer is A,A,False
large,R,347,490,A,The correct answer is A,A,A,The correct answer is A,A,False
large,R,348,844,A,The correct answer is A,A,A,The correct answer is A,A,False
large,R,349,1795,C,The correct answer is D.,D,D,The correct answer is D.,D,False
large,R,350,1508,B,The correct answer is B,B,B,The correct answer is B,B,False
large,R,351,9-289,D,The correct answer is D.,D,D,The correct answer is D.,D,False
large,R,352,9-668,C,The correct answer is C.,C,C,The correct answer is C.,C,False
large,R,353,7-364,A,The correct answer is B,B,B,The correct answer is B,B,False
large,R,354,1271,B,The correct answer is B,B,B,The correct answer is B,B,False
large,R,355,9-1117,A,The correct answer is B,B,B,The correct answer is B,B,False
large,R,356,35,A,The correct answer is B,B,B,The correct answer is B,B,False
large,R,357,1660,B,The correct answer is B,B,B,The correct answer is B,B,False
large,R,358,7-710,B,The correct answer is B,B,B,The correct answer is B,B,False
large,R,359,8-52,B,The correct answer is B,B,B,The correct answer is B,B,False
large,R,360,9-1167,D,The correct answer is D,D,D,The correct answer is D,D,False
large,R,361,8-43,D,The correct answer is D,D,D,The correct answer is D,D,False
large,R,362,9-57,B,The correct answer is B,B,B,The correct answer is B,B,False
large,R,363,1411,A,The correct answer is A,A,A,The correct answer is A,A,False
large,R,364,9-206,C,The correct answer is C,C,C,The correct answer is C,C,False
large,R,365,7-740,D,The correct answer is D,D,D,The correct answer is D,D,False
large,R,366,1774,B,The correct answer is B,B,B,The correct answer is B,B,False
large,R,367,7-93,C,The correct answer is C,C,C,The correct answer is C,C,False
large,R,368,8-97,B,The correct answer is B,B,B,The correct answer is B,B,False
large,R,369,9-813,B,The correct answer is B,B,B,The correct answer is B,B,False
large,R,370,9-686,B,The correct answer is B,B,B,The correct answer is B,B,False
large,R,371,9-799,C,The correct answer is C,C,C,The correct answer is C,C,False
large,R,372,1179,B,The correct answer is B,B,B,The correct answer is B,B,False
large,R,373,1954,A,The correct answer is D,D,D,The correct answer is D,D,False
large,R,374,8-403,C,The correct answer is C,C,C,The correct answer is C,C,False
large,R,375,9-576,A,The correct answer is A,A,A,The correct answer is A,A,False
large,R,376,9-866,B,The correct answer is B,B,B,The correct answer is B,B,False
large,R,377,7-208,C,The correct answer is C,C,C,The correct answer is C,C,False
large,R,378,9-771,D,The correct answer is D,D,D,The correct answer is D,D,False
large,R,379,998,C,The correct answer is C,C,C,The correct answer is C,C,False
large,R,380,433,B,The correct answer is B,B,B,The correct answer is B,B,False
large,R,381,9-508,A,The correct answer is A,A,A,The correct answer is A,A,False
large,R,382,7-561,D,The correct answer is D.,D,D,The correct answer is D.,D,False
large,R,383,7-976,A,The correct answer is C.,C,C,The correct answer is C.,C,False
large,R,384,1635,C,The correct answer is C,C,C,The correct answer is C,C,False
large,R,385,7-875,A,The correct answer is A,A,A,The correct answer is A,A,False
large,R,386,7-1053,B,The correct answer is B.,B,B,The correct answer is B.,B,False
large,R,387,9-957,D,The correct answer is D,D,D,The correct answer is D,D,False
large,R,388,1150,C,The correct answer is C,C,C,The correct answer is C,C,False
large,R,389,8-240,A,The correct answer is A,A,A,The correct answer is A,A,False
large,R,390,9-554,C,The correct answer is C.,C,C,The correct answer is C.,C,False
large,R,391,9-135,B,The correct answer is B,B,B,The correct answer is B,B,False
large,R,392,7-1096,B,The correct answer is D.,D,D,The correct answer is D.,D,False
large,R,393,841,C,The correct answer is C.,C,C,The correct answer is C.,C,False
large,R,394,7-146,A,The correct answer is A,A,A,The correct answer is A,A,False
large,R,395,1554,D,The correct answer is D.,D,D,The correct answer is D.,D,False
large,R,396,9-731,A,The correct answer is A,A,A,The correct answer is A,A,False
large,R,397,1780,A,The correct answer is C,C,C,The correct answer is C,C,False
large,R,398,7-1077,D,The correct answer is D,D,D,The correct answer is D,D,False
large,R,399,8-494,C,The correct answer is C,C,C,The correct answer is C,C,False
large,R,400,936,A,The correct answer is A,A,A,The correct answer is A,A,False
large,R,401,8-478,B,The correct answer is B,B,B,The correct answer is B,B,False
large,R,402,9-669,C,The correct answer is C.,C,C,The correct answer is C.,C,False
large,R,403,7-732,A,The correct answer is A,A,A,The correct answer is A,A,False
large,R,404,7-658,D,The correct answer is D.,D,D,The correct answer is D.,D,False
large,R,405,1003,B,The correct answer is B,B,B,The correct answer is B,B,False
large,R,406,8-62,A,The correct answer is A,A,A,The correct answer is A,A,False
large,R,407,7-386,B,The correct answer is B,B,B,The correct answer is B,B,False
large,R,408,257,D,The correct answer is D,D,D,The correct answer is D,D,False
large,R,409,147,D,The correct answer is D,D,D,The correct answer is D,D,False
large,R,410,7-599,D,The correct answer is D,D,D,The correct answer is D,D,False
large,R,411,8-92,B,The correct answer is B,B,B,The correct answer is B,B,False
large,R,412,354,A,The correct answer is D.,D,D,The correct answer is D.,D,False
large,R,413,9-966,B,The correct answer is B,B,B,The correct answer is B,B,False
large,R,414,9-612,B,The correct answer is B,B,B,The correct answer is B,B,False
large,R,415,9-548,A,The correct answer is A.,A,A,The correct answer is A.,A,False
large,R,416,9-429,A,The correct answer is A,A,A,The correct answer is A,A,False
large,R,417,7-95,C,The correct answer is C,C,C,The correct answer is C,C,False
large,R,418,1560,A,The correct answer is D,D,D,The correct answer is D,D,False
large,R,419,9-461,C,The correct answer is C,C,C,The correct answer is C,C,False
large,R,420,9-490,C,The correct answer is D,D,D,The correct answer is D,D,False
large,R,421,9-301,C,The correct answer is C,C,C,The correct answer is C,C,False
large,R,422,60,C,The correct answer is D.,D,D,The correct answer is D.,D,False
large,R,423,9-894,C,The correct answer is B,B,B,The correct answer is B,B,False
large,R,424,9-895,A,The correct answer is A,A,A,The correct answer is A,A,False
large,R,425,9-281,A,The correct answer is A,A,A,The correct answer is A,A,False
large,R,426,202,C,The correct answer is C,C,C,The correct answer is C,C,False
large,R,427,1937,C,The correct answer is C.,C,C,The correct answer is C.,C,False
large,R,428,620,A,The correct answer is A,A,A,The correct answer is A,A,False
large,R,429,8-142,C,The correct answer is C,C,C,The correct answer is C,C,False
large,R,430,7-1138,A,The correct answer is A,A,A,The correct answer is A,A,False
large,R,431,8-471,B,The correct answer is B,B,B,The correct answer is B,B,False
large,R,432,9-433,B,The correct answer is B.,B,B,The correct answer is B.,B,False
large,R,433,1458,C,The correct answer is C,C,C,The correct answer is C,C,False
large,R,434,57,B,The correct answer is B,B,B,The correct answer is B,B,False
large,R,435,605,C,The correct answer is C.,C,C,The correct answer is C.,C,False
large,R,436,9-889,A,The correct answer is A,A,A,The correct answer is A,A,False
large,R,437,1890,A,The correct answer is A,A,A,The correct answer is A,A,False
large,R,438,9-618,A,The correct answer is A,A,A,The correct answer is A,A,False
large,R,439,9-523,A,The correct answer is A,A,A,The correct answer is A,A,False
large,R,440,1126,C,The correct answer is C,C,C,The correct answer is C,C,False
large,R,441,644,C,The correct answer is C.,C,C,The correct answer is C.,C,False
large,R,442,8-365,A,The correct answer is A.,A,A,The correct answer is A.,A,False
large,R,443,9-727,D,The correct answer is D,D,D,The correct answer is D,D,False
large,R,444,7-461,D,The correct answer is D.,D,D,The correct answer is D.,D,False
large,R,445,9-1071,B,The correct answer is B,B,B,The correct answer is B,B,False
large,R,446,1918,B,The correct answer is B,B,B,The correct answer is B,B,False
large,R,447,1038,D,The correct answer is D.,D,D,The correct answer is D.,D,False
large,R,448,9-197,D,The correct answer is D,D,D,The correct answer is D,D,False
large,R,449,1393,B,The correct answer is B.,B,B,The correct answer is B.,B,False
large,R,450,7-244,A,The correct answer is A,A,A,The correct answer is A,A,False
large,R,451,9-916,B,The correct answer is B,B,B,The correct answer is B,B,False
large,R,452,9-1046,A,The correct answer is D,D,D,The correct answer is D,D,False
large,R,453,167,A,The correct answer is A,A,A,The correct answer is A,A,False
large,R,454,9-566,B,The correct answer is B.,B,B,The correct answer is B.,B,False
large,R,455,8-28,D,The correct answer is D,D,D,The correct answer is D,D,False
large,R,456,7-179,B,The correct answer is B,B,B,The correct answer is B,B,False
large,R,457,389,B,The correct answer is C,C,C,The correct answer is C,C,False
large,R,458,1528,C,The correct answer is C,C,C,The correct answer is C,C,False
large,R,459,1457,D,The correct answer is D,D,D,The correct answer is D,D,False
large,R,460,1208,B,The correct answer is B,B,B,The correct answer is B,B,False
large,R,461,1170,C,The correct answer is C.,C,C,The correct answer is C.,C,False
large,R,462,8-409,C,The correct answer is C,C,C,The correct answer is C,C,False
large,R,463,8-307,A,The correct answer is A,A,A,The correct answer is A,A,False
large,R,464,1948,C,The correct answer is C,C,C,The correct answer is C,C,False
large,R,465,661,C,The correct answer is C.,C,C,The correct answer is C.,C,False
large,R,466,7-435,C,The correct answer is C.,C,C,The correct answer is C.,C,False
large,R,467,8-332,C,The correct answer is C,C,C,The correct answer is C,C,False
large,R,468,948,B,The correct answer is B,B,B,The correct answer is B,B,False
large,R,469,381,A,The correct answer is A,A,A,The correct answer is A,A,False
large,R,470,9-759,B,The correct answer is B,B,B,The correct answer is B,B,False
large,R,471,8-350,B,The correct answer is B,B,B,The correct answer is B,B,False
large,R,472,7-727,C,The correct answer is C,C,C,The correct answer is C,C,False
large,R,473,850,B,The correct answer is B,B,B,The correct answer is B,B,False
large,R,474,970,D,The correct answer is D.,D,D,The correct answer is D.,D,False
large,R,475,7-381,D,The correct answer is D.,D,D,The correct answer is D.,D,False
large,R,476,9-436,C,The correct answer is C,C,C,The correct answer is C,C,False
large,R,477,9-411,C,The correct answer is C,C,C,The correct answer is C,C,False
large,R,478,9-692,B,The correct answer is B,B,B,The correct answer is B,B,False
large,R,479,1334,A,The correct answer is A,A,A,The correct answer is A,A,False
large,R,480,9-1160,D,The correct answer is D,D,D,The correct answer is D,D,False
large,R,481,9-89,A,The correct answer is A,A,A,The correct answer is A,A,False
large,R,482,9-1034,D,The correct answer is B,B,B,The correct answer is B,B,False
large,R,483,8-293,B,The correct answer is B.,B,B,The correct answer is B.,B,False
large,R,484,9-652,C,The correct answer is C,C,C,The correct answer is C,C,False
large,R,485,1391,C,The correct answer is C,C,C,The correct answer is C,C,False
large,R,486,9-948,B,The correct answer is B,B,B,The correct answer is B,B,False
large,R,487,8-213,D,The correct answer is D,D,D,The correct answer is D,D,False
large,R,488,162,B,The correct answer is B,B,B,The correct answer is B,B,False
large,R,489,1359,B,The correct answer is B,B,B,The correct answer is B,B,False
large,R,490,9-743,A,The correct answer is A,A,A,The correct answer is A,A,False
large,R,491,9-645,A,The correct answer is A,A,A,The correct answer is A,A,False
large,R,492,8-250,C,The correct answer is C.,C,C,The correct answer is C.,C,False
large,R,493,283,C,The correct answer is C,C,C,The correct answer is C,C,False
large,R,494,8-183,A,The correct answer is A,A,A,The correct answer is A,A,False
large,R,495,9-284,A,The correct answer is A,A,A,The correct answer is A,A,False
large,R,496,7-1186,C,The correct answer is C,C,C,The correct answer is C,C,False
large,R,497,926,C,The correct answer is C,C,C,The correct answer is C,C,False
large,R,498,7-519,B,The correct answer is B,B,B,The correct answer is B,B,False
large,R,499,7-7,C,The correct answer is D,D,D,The correct answer is D,D,False
large,C,0,8-343,B,B,B,B,B,B,False
large,C,1,1129,A,A,A,A,A,A,False
large,C,2,880,C,C,C,C,C,C,False
large,C,3,7-999,C,C,C,C,C,C,False
large,C,4,8-464,C,C. electrical conductors,C,C,C. electrical conductors,C,False
large,C,5,9-794,C,C,C,C,C,C,False
large,C,6,9-1163,C,C. ions,C,C,C. ions,C,False
large,C,7,9-322,B,B,B,B,B,B,False
large,C,8,7-1140,D,B,B,B,B,B,False
large,C,9,7-903,B,A,A,A,A,A,False
large,C,10,7-511,C,C.,C,C,C.,C,False
large,C,11,9-937,B,C.,C,C,C.,C,False
large,C,12,8-201,C,C,C,C,C,C,False
large,C,13,1618,A,A. parched foliage,A,A,A. parched foliage,A,False
large,C,14,758,C,C,C,C,C,C,False
large,C,15,7-414,D,D. gasoline will be needed less,D,D,D. gasoline will be needed less,D,False
large,C,16,9-675,C,C. panels collecting sunlight,C,C,C. panels collecting sunlight,C,False
large,C,17,9-163,C,C,C,C,C,C,False
large,C,18,1032,A,D. poison ivy,D,D,D. poison ivy,D,False
large,C,19,889,B,The correct answer is C.,C,C,The correct answer is C.,C,False
large,C,20,1160,A,D. Phoenix,D,D,D. Phoenix,D,False
large,C,21,9-298,A,A,A,A,A,A,False
large,C,22,1189,A,A,A,A,A,A,False
large,C,23,8-395,B,B,B,B,B,B,False
large,C,24,7-238,B,B,B,B,B,B,False
large,C,25,7-372,B,B. its gills,B,B,B. its gills,B,False
large,C,26,8-35,D,D. a wheel with dry brake pads,D,D,D. a wheel with dry brake pads,D,False
large,C,27,9-271,A,A. the circulatory system,A,A,A. the circulatory system,A,False
large,C,28,9-409,D,D. moving upwards,D,D,D. moving upwards,D,False
large,C,29,530,B,C. air,C,C,C. air,C,False
large,C,30,1426,C,C,C,C,C,C,False
large,C,31,8-466,D,D.,D,D,D.,D,False
large,C,32,1577,B,B. robins,B,B,B. robins,B,False
large,C,33,8-257,A,A,A,A,A,A,False
large,C,34,378,B,B. many collisions that have occured,B,B,B. many collisions that have occured,B,False
large,C,35,8-41,A,A,A,A,A,A,False
large,C,36,9-540,A,A. the apple sitting on a sunny sidewalk,A,A,A. the apple sitting on a sunny sidewalk,A,False
large,C,37,266,D,D. cornea,D,D,D. cornea,D,False
large,C,38,1309,D,D. a microscope,D,D,D. a microscope,D,False
large,C,39,7-1197,A,The correct answer is A.,A,A,The correct answer is A.,A,False
large,C,40,7-891,D,D. used more times,D,D,D. used more times,D,False
large,C,41,1180,D,D.,D,D,D.,D,False
large,C,42,1204,A,A,A,A,A,A,False
large,C,43,7-52,D,D. a womb,D,D,D. a womb,D,False
large,C,44,1759,A,A. can help you monitor a fever,A,A,A. can help you monitor a fever,A,False
large,C,45,9-655,A,A. someone would turn up the room heater,A,A,A. someone would turn up the room heater,A,False
large,C,46,132,A,A. they get bigger,A,A,A. they get bigger,A,False
large,C,47,8-79,A,"A

The correct answer is A.",A,A,"A

The correct answer is A.",A,False
large,C,48,1835,B,B. arctic,B,B,B. arctic,B,False
large,C,49,9-149,C,C. born,C,C,C. born,C,False
large,C,50,695,A,D. a bear or wolf,D,D,D. a bear or wolf,D,False
large,C,51,8-179,D,C. annually,C,C,C. annually,C,False
large,C,52,7-50,A,A,A,A,A,A,False
large,C,53,508,D,D. a spa trip,D,D,D. a spa trip,D,False
large,C,54,1674,C,C,C,C,C,C,False
large,C,55,163,A,C,C,C,C,C,False
large,C,56,7-49,C,C.,C,C,C.,C,False
large,C,57,8-393,D,D.,D,D,D.,D,False
large,C,58,788,B,B. 2am,B,B,B. 2am,B,False
large,C,59,9-29,A,A,A,A,A,A,False
large,C,60,9-368,C,C.,C,C,C.,C,False
large,C,61,7-671,C,C.,C,C,C.,C,False
large,C,62,1272,A,The correct answer is B.,B,B,The correct answer is B.,B,False
large,C,63,648,B,B. Clearing for farming,B,B,B. Clearing for farming,B,False
large,C,64,9-1180,B,B. blood,B,B,B. blood,B,False
large,C,65,9-227,C,C,C,C,C,C,False
large,C,66,1582,A,C,C,C,C,C,False
large,C,67,8-125,A,The correct answer is A.,A,A,The correct answer is A.,A,False
large,C,68,1923,A,A. roots,A,A,A. roots,A,False
large,C,69,9-229,D,D. surfaces to reflect sound off,D,D,D. surfaces to reflect sound off,D,False
large,C,70,1702,B,B. kittens look like their parents,B,B,B. kittens look like their parents,B,False
large,C,71,8-260,C,D. enables windmills to power electric grids,D,D,D. enables windmills to power electric grids,D,False
large,C,72,9-491,C,C,C,C,C,C,False
large,C,73,75,A,C. direct,C,C,C. direct,C,False
large,C,74,1215,C,C,C,C,C,C,False
large,C,75,8-93,C,D. The sound a computer makes,D,D,D. The sound a computer makes,D,False
large,C,76,7-988,A,A,A,A,A,A,False
large,C,77,9-1139,C,C,C,C,C,C,False
large,C,78,1545,B,B. Juice,B,B,B. Juice,B,False
large,C,79,7-664,C,C,C,C,C,C,False
large,C,80,8-53,C,C. set to kilometers,C,C,C. set to kilometers,C,False
large,C,81,7-1044,A,The correct answer is A.,A,A,The correct answer is A.,A,False
large,C,82,7-1122,A,D. the canyon,D,D,D. the canyon,D,False
large,C,83,9-79,B,B. they let in less light,B,B,B. they let in less light,B,False
large,C,84,7-157,D,D,D,D,D,D,False
large,C,85,9-1164,B,B,B,B,B,B,False
large,C,86,8-63,D,D.,D,D,D.,D,False
large,C,87,8-308,D,D. using sound to 'see',D,,D. using sound to 'see',D,False
large,C,88,326,C,C. A Season,C,C,C. A Season,C,False
large,C,89,1184,A,A/B/C/D,INVALID,,A/B/C/D,INVALID,False
large,C,90,359,A,The correct answer is A.,A,A,The correct answer is A.,A,False
large,C,91,9-350,D,The correct answer is B.,B,B,The correct answer is B.,B,False
large,C,92,7-140,C,D. an abstract idea,D,D,D. an abstract idea,D,False
large,C,93,591,A,A. malleable and nutritious,A,A,A. malleable and nutritious,A,False
large,C,94,7-391,C,D. Carbon Dioxide,D,D,D. Carbon Dioxide,D,False
large,C,95,1672,C,C,C,C,C,C,False
large,C,96,9-464,C,C,C,C,C,C,False
large,C,97,9-983,B,B. dirt quality,B,B,B. dirt quality,B,False
large,C,98,9-179,A,B. seeing it,B,B,B. seeing it,B,False
large,C,99,7-942,C,D.,D,D,D.,D,False
large,C,100,7-100,B,B. falling water molecules,B,B,B. falling water molecules,B,False
large,C,101,9-30,B,B. snake,B,B,B. snake,B,False
large,C,102,1709,A,A. enable plants to continue flourishing,A,A,A. enable plants to continue flourishing,A,False
large,C,103,8-491,D,D. contain their necessary nutrition,D,D,D. contain their necessary nutrition,D,False
large,C,104,44,B,B. skills,B,B,B. skills,B,False
large,C,105,1023,D,D. electricity,D,D,D. electricity,D,False
large,C,106,1911,B,B. discharge of liquid petroleum in the surrounding sea,B,B,B. discharge of liquid petroleum in the surrounding sea,B,False
large,C,107,429,A,A. 1000,A,A,A. 1000,A,False
large,C,108,8-49,D,D. turning on the hose,D,D,D. turning on the hose,D,False
large,C,109,520,C,C,C,C,C,C,False
large,C,110,7-1128,C,C.,C,C,C.,C,False
large,C,111,7-394,B,C.,C,C,C.,C,False
large,C,112,9-1166,B,B. persist,B,B,B. persist,B,False
large,C,113,7-884,C,C,C,C,C,C,False
large,C,114,9-501,A,C. The great lakes,C,C,C. The great lakes,C,False
large,C,115,9-757,C,B. dead,B,B,B. dead,B,False
large,C,116,7-725,D,D. stones to weather down to pebbles,D,D,D. stones to weather down to pebbles,D,False
large,C,117,1300,D,D.,D,D,D.,D,False
large,C,118,9-230,A,"A. Measure the altitude of the bird using a reference point, such as a tall building.",A,,"A. Measure the altitude of the bird using a reference point, such as a tall building.",A,False
large,C,119,9-988,B,C,C,C,C,C,False
large,C,120,9-393,A,A. reservoir,A,A,A. reservoir,A,False
large,C,121,7-823,D,D,D,D,D,D,False
large,C,122,9-24,A,B,B,B,B,B,False
large,C,123,570,D,D. pluck the strings of a fingerboard with your fingers,D,D,D. pluck the strings of a fingerboard with your fingers,D,False
large,C,124,9-124,B,B,B,B,B,B,False
large,C,125,9-199,A,B. corn syrup,B,B,B. corn syrup,B,False
large,C,126,767,A,A,A,A,A,A,False
large,C,127,28,D,D. direct,D,D,D. direct,D,False
large,C,128,9-1134,B,D. release energy,D,D,D. release energy,D,False
large,C,129,9-1030,C,C. sensing views,C,,C. sensing views,C,False
large,C,130,9-18,B,B. given a large breakfast,B,B,B. given a large breakfast,B,False
large,C,131,8-378,D,D.,D,D,D.,D,False
large,C,132,7-677,C,"C. arid, parched, and sun-baked",C,,"C. arid, parched, and sun-baked",C,False
large,C,133,9-786,A,A. Our Planet,A,A,A. Our Planet,A,False
large,C,134,9-463,D,The correct answer is B.,B,B,The correct answer is B.,B,False
large,C,135,7-71,A,A,A,A,A,A,False
large,C,136,9-1053,D,C,C,C,C,C,False
large,C,137,9-437,B,B. Soaring the skies,B,B,B. Soaring the skies,B,False
large,C,138,1787,B,D. a runoff of extra water,D,D,D. a runoff of extra water,D,False
large,C,139,7-107,A,A. Australia,A,A,A. Australia,A,False
large,C,140,769,C,C.,C,C,C.,C,False
large,C,141,9-73,A,D. Canada,D,D,D. Canada,D,False
large,C,142,9-1194,D,D. bees,D,D,D. bees,D,False
large,C,143,9-416,D,D.,D,D,D.,D,False
large,C,144,470,A,A. humans throwing a spear through an animal,A,A,A. humans throwing a spear through an animal,A,False
large,C,145,1297,D,D. orange juice,D,D,D. orange juice,D,False
large,C,146,8-346,A,D. sour,D,D,D. sour,D,False
large,C,147,7-807,A,A. stone,A,A,A. stone,A,False
large,C,148,8-463,A,A,A,A,A,A,False
large,C,149,9-110,A,A. children,A,A,A. children,A,False
large,C,150,1611,C,C.,C,C,C.,C,False
large,C,151,9-942,D,D. inheritance,D,,D. inheritance,D,False
large,C,152,9-1102,B,B. A school notebook,B,B,B. A school notebook,B,False
large,C,153,9-774,C,C. it is an unsustainable habitat,C,C,C. it is an unsustainable habitat,C,False
large,C,154,8-333,A,The correct answer is B.,B,B,The correct answer is B.,B,False
large,C,155,9-573,B,B,B,B,B,B,False
large,C,156,1955,A,A,A,A,A,A,False
large,C,157,8-45,C,C. 3 a.m.,C,C,C. 3 a.m.,C,False
large,C,158,9-674,C,C. a mile up in the sky,C,C,C. a mile up in the sky,C,False
large,C,159,898,B,B. light,B,B,B. light,B,False
large,C,160,7-1159,C,C,C,C,C,C,False
large,C,161,568,A,The correct answer is A.,A,A,The correct answer is A.,A,False
large,C,162,9-877,B,D. polar bear,D,D,D. polar bear,D,False
large,C,163,406,C,The correct answer is C.,C,C,The correct answer is C.,C,False
large,C,164,7-1132,A,C. compass,C,C,C. compass,C,False
large,C,165,7-479,C,C,C,C,C,C,False
large,C,166,609,A,The correct answer is A. Chickpeas,A,A,The correct answer is A. Chickpeas,A,False
large,C,167,1568,C,C. Ship Anchor,C,C,C. Ship Anchor,C,False
large,C,168,9-418,C,C.,C,C,C.,C,False
large,C,169,7-1050,B,B. is like nature's disappearing water trick,B,B,B. is like nature's disappearing water trick,B,False
large,C,170,9-510,C,C,C,C,C,C,False
large,C,171,9-519,A,A. friction,A,A,A. friction,A,False
large,C,172,9-637,C,C. the Appalachian mountains,C,C,C. the Appalachian mountains,C,False
large,C,173,473,A,The correct answer is A.,A,A,The correct answer is A.,A,False
large,C,174,8-445,B,B. grass turning brown,B,B,B. grass turning brown,B,False
large,C,175,9-575,B,C,C,C,C,C,False
large,C,176,7-284,B,B,B,B,B,B,False
large,C,177,8-135,A,A,A,A,A,A,False
large,C,178,397,D,D. may end up fueling a car,D,D,D. may end up fueling a car,D,False
large,C,179,9-32,B,D. southern hemisphere,D,D,D. southern hemisphere,D,False
large,C,180,48,C,C.,C,C,C.,C,False
large,C,181,8-69,C,C.,C,C,C.,C,False
large,C,182,9-159,C,C,C,C,C,C,False
large,C,183,9-317,C,C. electricity,C,C,C. electricity,C,False
large,C,184,423,D,D. stone,D,D,D. stone,D,False
large,C,185,8-304,A,A,A,A,A,A,False
large,C,186,785,D,D.,D,D,D.,D,False
large,C,187,9-1087,C,C. decrease,C,C,C. decrease,C,False
large,C,188,485,D,D.,D,D,D.,D,False
large,C,189,9-908,C,C. friction,C,C,C. friction,C,False
large,C,190,1231,C,C,C,C,C,C,False
large,C,191,810,B,B. leads to longer availability of resources,B,B,B. leads to longer availability of resources,B,False
large,C,192,158,D,D. lion,D,D,D. lion,D,False
large,C,193,7-445,A,A,A,A,A,A,False
large,C,194,1502,C,C,C,C,C,C,False
large,C,195,1200,B,D.,D,D,D.,D,False
large,C,196,437,A,A,A,A,A,A,False
large,C,197,8-205,A,A,A,A,A,A,False
large,C,198,9-270,C,C,C,C,C,C,False
large,C,199,8-130,C,The correct answer is C.,C,C,The correct answer is C.,C,False
large,C,200,229,D,D.,D,D,D.,D,False
large,C,201,9-390,D,D. Rain,D,D,D. Rain,D,False
large,C,202,8-107,C,C. passed down inherited characteristics,C,C,C. passed down inherited characteristics,C,False
large,C,203,7-527,A,D. make their own food,D,D,D. make their own food,D,False
large,C,204,7-333,C,C,C,C,C,C,False
large,C,205,9-44,C,C.,C,C,C.,C,False
large,C,206,7-160,D,D. pigment squirting,D,D,D. pigment squirting,D,False
large,C,207,1942,D,D.,D,D,D.,D,False
large,C,208,9-597,B,D. erosion,D,D,D. erosion,D,False
large,C,209,9-35,A,A,A,A,A,A,False
large,C,210,1161,B,B. alter the way the moon's facade looks,B,B,B. alter the way the moon's facade looks,B,False
large,C,211,7-171,B,The correct answer is B.,B,B,The correct answer is B.,B,False
large,C,212,1139,D,D. eat alfalfa hay,D,D,D. eat alfalfa hay,D,False
large,C,213,1924,B,B. tons of sun,B,B,B. tons of sun,B,False
large,C,214,9-440,B,B. a community,B,B,B. a community,B,False
large,C,215,9-528,C,C. the heart,C,C,C. the heart,C,False
large,C,216,170,C,C. cat and catfish,C,C,C. cat and catfish,C,False
large,C,217,395,D,D. skunk,D,D,D. skunk,D,False
large,C,218,9-633,D,D. a reproductive companion,D,D,D. a reproductive companion,D,False
large,C,219,9-504,A,A. a quarry,A,A,A. a quarry,A,False
large,C,220,8-192,A,A. Heat,A,A,A. Heat,A,False
large,C,221,7-1108,D,D.,D,D,D.,D,False
large,C,222,7-852,A,A,A,A,A,A,False
large,C,223,761,D,The correct answer is D.,D,D,The correct answer is D.,D,False
large,C,224,8-318,B,B. light is more easily seen,B,B,B. light is more easily seen,B,False
large,C,225,636,C,C. earplugs,C,C,C. earplugs,C,False
large,C,226,7-444,D,D. toes are wiggled,D,D,D. toes are wiggled,D,False
large,C,227,8-57,B,B. energy is accessed underwater from tides,B,B,B. energy is accessed underwater from tides,B,False
large,C,228,9-187,B,A. invertebrates,A,A,A. invertebrates,A,False
large,C,229,1345,B,B.,B,B,B.,B,False
large,C,230,8-59,D,D. the chassis of a car,D,D,D. the chassis of a car,D,False
large,C,231,178,B,B. mud,B,B,B. mud,B,False
large,C,232,9-1186,A,A,A,A,A,A,False
large,C,233,82,C,B. inverse,B,B,B. inverse,B,False
large,C,234,8-165,C,C,C,C,C,C,False
large,C,235,404,B,D. hot springs,D,D,D. hot springs,D,False
large,C,236,279,A,D. maple branch,D,D,D. maple branch,D,False
large,C,237,9-532,A,The correct answer is A.,A,A,The correct answer is A.,A,False
large,C,238,268,C,C. may cause pieces to flake off the object,C,C,C. may cause pieces to flake off the object,C,False
large,C,239,7-1018,D,D. yanking string up a wheel,D,D,D. yanking string up a wheel,D,False
large,C,240,1756,A,A. emus,A,A,A. emus,A,False
large,C,241,1137,D,D. castles,D,D,D. castles,D,False
large,C,242,7-203,D,D. nailing up a picture frame,D,D,D. nailing up a picture frame,D,False
large,C,243,745,B,B. rubber,B,B,B. rubber,B,False
large,C,244,7-902,A,A,A,A,A,A,False
large,C,245,1095,A,A,A,A,A,A,False
large,C,246,7-163,A,A. a charge for appliances,A,A,A. a charge for appliances,A,False
large,C,247,9-858,C,C. hotness,C,C,C. hotness,C,False
large,C,248,1530,D,D. music,D,D,D. music,D,False
large,C,249,9-993,D,D. trees,D,D,D. trees,D,False
large,C,250,8-340,D,D. direct sunshine,D,D,D. direct sunshine,D,False
large,C,251,3,B,B. Landfills,B,B,B. Landfills,B,False
large,C,252,1074,C,C. metal,C,C,C. metal,C,False
large,C,253,9-431,A,A. combining,A,A,A. combining,A,False
large,C,254,9-638,B,A,A,A,A,A,False
large,C,255,9-352,D,D. iron and carbon,D,D,D. iron and carbon,D,False
large,C,256,226,D,D. a blender,D,D,D. a blender,D,False
large,C,257,9-132,A,A. reprocessable,A,A,A. reprocessable,A,False
large,C,258,9-222,D,D. sit under a lamp,D,D,D. sit under a lamp,D,False
large,C,259,9-105,D,D. it is a variable substance,D,,D. it is a variable substance,D,False
large,C,260,7-459,B,B. dirt,B,B,B. dirt,B,False
large,C,261,9-881,B,B. decomposition,B,B,B. decomposition,B,False
large,C,262,280,B,D. steel pole,D,D,D. steel pole,D,False
large,C,263,187,B,B. oxygen,B,B,B. oxygen,B,False
large,C,264,8-253,C,C. a prickly horned male lizard,C,C,C. a prickly horned male lizard,C,False
large,C,265,9-482,D,D,D,D,D,D,False
large,C,266,496,A,The correct answer is A.,A,A,The correct answer is A.,A,False
large,C,267,630,C,C. The Indian,C,C,C. The Indian,C,False
large,C,268,9-16,D,D.,D,D,D.,D,False
large,C,269,7-986,D,D.,D,D,D.,D,False
large,C,270,7-787,C,D. they eat flowers,D,D,D. they eat flowers,D,False
large,C,271,9-181,A,D.,D,D,D.,D,False
large,C,272,1240,B,The correct answer is B.,B,B,The correct answer is B.,B,False
large,C,273,474,D,D. an organism that absorbs water through it's roots,D,D,D. an organism that absorbs water through it's roots,D,False
large,C,274,1274,D,D. under the ground,D,D,D. under the ground,D,False
large,C,275,1531,D,D,D,D,D,D,False
large,C,276,8-321,B,B. resistance,B,,B. resistance,B,False
large,C,277,1321,C,C. because it's blanketed in crystalline ice water,C,C,C. because it's blanketed in crystalline ice water,C,False
large,C,278,9-51,D,D. An insulated room,D,D,D. An insulated room,D,False
large,C,279,7-685,B,D. berries,D,D,D. berries,D,False
large,C,280,7-59,A,A. nutrient making process,A,A,A. nutrient making process,A,False
large,C,281,7-270,D,D. needs required for creating chlorophyll,D,D,D. needs required for creating chlorophyll,D,False
large,C,282,7-736,C,C.,C,C,C.,C,False
large,C,283,8-186,D,D. living organisms in ecosystem,D,,D. living organisms in ecosystem,D,False
large,C,284,224,B,B. under a mountain,B,B,B. under a mountain,B,False
large,C,285,8-206,A,The correct answer is A.,A,A,The correct answer is A.,A,False
large,C,286,8-190,B,B. tepid seas,B,B,B. tepid seas,B,False
large,C,287,7-334,B,B. certain features may be predicted,B,B,B. certain features may be predicted,B,False
large,C,288,9-853,B,B,B,B,B,B,False
large,C,289,8-367,A,A. community concerns over environmental impact,A,A,A. community concerns over environmental impact,A,False
large,C,290,1047,A,A,A,A,A,A,False
large,C,291,9-454,C,C.,C,C,C.,C,False
large,C,292,1572,C,C. mammal,C,C,C. mammal,C,False
large,C,293,8-373,A,The correct answer is A.,A,A,The correct answer is A.,A,False
large,C,294,9-772,A,The correct answer is C.,C,C,The correct answer is C.,C,False
large,C,295,1852,A,A. is nutritionally self sustaining,A,A,A. is nutritionally self sustaining,A,False
large,C,296,9-1090,D,D. O,D,D,D. O,D,False
large,C,297,7-769,C,C.,C,C,C.,C,False
large,C,298,9-478,C,C. daughter,C,C,C. daughter,C,False
large,C,299,448,A,The correct answer is B.,B,B,The correct answer is B.,B,False
large,C,300,7-417,B,D. a low temperature,D,D,D. a low temperature,D,False
large,C,301,7-108,D,D. combusted items,D,D,D. combusted items,D,False
large,C,302,1506,D,D. fewer clouds allow for more sunlight,D,D,D. fewer clouds allow for more sunlight,D,False
large,C,303,1712,A,A,A,A,A,A,False
large,C,304,8-312,C,C.,C,C,C.,C,False
large,C,305,9-776,A,The correct answer is A.,A,A,The correct answer is A.,A,False
large,C,306,8-279,C,C. the sun that shines all day,C,C,C. the sun that shines all day,C,False
large,C,307,9-621,B,B. large bowl shaped cavities,B,B,B. large bowl shaped cavities,B,False
large,C,308,1823,C,D.,D,D,D.,D,False
large,C,309,9-735,B,B. building a new subdivision,B,B,B. building a new subdivision,B,False
large,C,310,7-1170,B,D,D,D,D,D,False
large,C,311,1500,A,A,A,A,A,A,False
large,C,312,342,B,The correct answer is B. Conventional corn.,B,B,The correct answer is B. Conventional corn.,B,False
large,C,313,7-356,D,D. it shows direction,D,D,D. it shows direction,D,False
large,C,314,78,B,B. a hive,B,B,B. a hive,B,False
large,C,315,9-520,C,The correct answer is A.,A,A,The correct answer is A.,A,False
large,C,316,7-653,C,C.,C,C,C.,C,False
large,C,317,1112,B,C. butterfly,C,C,C. butterfly,C,False
large,C,318,9-152,B,B. quick,B,B,B. quick,B,False
large,C,319,9-552,B,B. predator,B,B,B. predator,B,False
large,C,320,7-262,A,C. the ocean,C,C,C. the ocean,C,False
large,C,321,7-683,D,D. it looks bigger,D,D,D. it looks bigger,D,False
large,C,322,276,B,B,B,B,B,B,False
large,C,323,7-855,C,C,C,C,C,C,False
large,C,324,664,D,D. a feeder at another house,D,D,D. a feeder at another house,D,False
large,C,325,9-883,C,C. sea life,C,C,C. sea life,C,False
large,C,326,9-550,A,D. attached to a battery pack,D,D,D. attached to a battery pack,D,False
large,C,327,8-493,D,C,C,C,C,C,False
large,C,328,9-257,C,C. blend in,C,C,C. blend in,C,False
large,C,329,1239,D,D.,D,D,D.,D,False
large,C,330,869,A,A,A,A,A,A,False
large,C,331,7-1105,A,B,B,B,B,B,False
large,C,332,597,D,D. something protected by the skeletal system,D,D,D. something protected by the skeletal system,D,False
large,C,333,385,D,D.,D,D,D.,D,False
large,C,334,1301,B,B. a cardinal,B,B,B. a cardinal,B,False
large,C,335,9-893,D,D. electron flow,D,D,D. electron flow,D,False
large,C,336,9-369,B,B. distance traveled,B,,B. distance traveled,B,False
large,C,337,9-1026,A,A. weaken,A,A,A. weaken,A,False
large,C,338,7-424,B,B. a diving suit,B,B,B. a diving suit,B,False
large,C,339,9-259,A,D,D,D,D,D,False
large,C,340,9-783,C,C,C,C,C,C,False
large,C,341,1088,B,"D

The correct answer is D.",D,D,"D

The correct answer is D.",D,False
large,C,342,1387,C,C. a lit candle in a window signalling to someone,C,C,C. a lit candle in a window signalling to someone,C,False
large,C,343,7-1062,A,A,A,A,A,A,False
large,C,344,676,D,D.,D,D,D.,D,False
large,C,345,1998,B,B. its appearance,B,B,B. its appearance,B,False
large,C,346,1698,A,A. a simple alcohol,A,A,A. a simple alcohol,A,False
large,C,347,490,A,A,A,A,A,A,False
large,C,348,844,A,A. reproduction,A,A,A. reproduction,A,False
large,C,349,1795,C,D. cow,D,D,D. cow,D,False
large,C,350,1508,B,The correct answer is B.,B,B,The correct answer is B.,B,False
large,C,351,9-289,D,D. turf,D,D,D. turf,D,False
large,C,352,9-668,C,C,C,C,C,C,False
large,C,353,7-364,A,B. vibrate when next to each other,B,B,B. vibrate when next to each other,B,False
large,C,354,1271,B,D. December,D,D,D. December,D,False
large,C,355,9-1117,A,The correct answer is C.,C,C,The correct answer is C.,C,False
large,C,356,35,A,B. July,B,B,B. July,B,False
large,C,357,1660,B,B.,B,B,B.,B,False
large,C,358,7-710,B,The correct answer is A/B/C/D.,INVALID,A,The correct answer is A/B/C/D.,INVALID,False
large,C,359,8-52,B,The correct answer is B.,B,B,The correct answer is B.,B,False
large,C,360,9-1167,D,D. weather,D,D,D. weather,D,False
large,C,361,8-43,D,D.,D,D,D.,D,False
large,C,362,9-57,B,B. closed,B,B,B. closed,B,False
large,C,363,1411,A,A,A,A,A,A,False
large,C,364,9-206,C,The correct answer is C.,C,C,The correct answer is C.,C,False
large,C,365,7-740,D,D.,D,D,D.,D,False
large,C,366,1774,B,D. a horse licking a salt lick,D,D,D. a horse licking a salt lick,D,False
large,C,367,7-93,C,C,C,C,C,C,False
large,C,368,8-97,B,B. run a continuous current,B,B,B. run a continuous current,B,False
large,C,369,9-813,B,B. there has been excess condensed water vapor,B,B,B. there has been excess condensed water vapor,B,False
large,C,370,9-686,B,B. egg depositing,B,B,B. egg depositing,B,False
large,C,371,9-799,C,C. frozen water,C,C,C. frozen water,C,False
large,C,372,1179,B,B. a green and lush tree and plant packed area,B,B,B. a green and lush tree and plant packed area,B,False
large,C,373,1954,A,D. hard as a magnetizing rod,D,D,D. hard as a magnetizing rod,D,False
large,C,374,8-403,C,A,A,A,A,A,False
large,C,375,9-576,A,A,A,A,A,A,False
large,C,376,9-866,B,B. grow in size visually,B,B,B. grow in size visually,B,False
large,C,377,7-208,C,C,C,C,C,C,False
large,C,378,9-771,D,D. Pine Needles,D,D,D. Pine Needles,D,False
large,C,379,998,C,C,C,C,C,C,False
large,C,380,433,B,B,B,B,B,B,False
large,C,381,9-508,A,A,A,A,A,A,False
large,C,382,7-561,D,D. air,D,D,D. air,D,False
large,C,383,7-976,A,C.,C,C,C.,C,False
large,C,384,1635,C,C,C,C,C,C,False
large,C,385,7-875,A,A. sweltering,A,A,A. sweltering,A,False
large,C,386,7-1053,B,The correct answer is B.,B,B,The correct answer is B.,B,False
large,C,387,9-957,D,D. The Gobi Desert,D,D,D. The Gobi Desert,D,False
large,C,388,1150,C,D. electronic,D,D,D. electronic,D,False
large,C,389,8-240,A,A. energy,A,A,A. energy,A,False
large,C,390,9-554,C,C,C,C,C,C,False
large,C,391,9-135,B,B,B,B,B,B,False
large,C,392,7-1096,B,D. bat,D,D,D. bat,D,False
large,C,393,841,C,C. silicon,C,C,C. silicon,C,False
large,C,394,7-146,A,A. is removed,A,A,A. is removed,A,False
large,C,395,1554,D,D. aid in feeding what grows from them,D,D,D. aid in feeding what grows from them,D,False
large,C,396,9-731,A,A. consumption,A,A,A. consumption,A,False
large,C,397,1780,A,C,C,C,C,C,False
large,C,398,7-1077,D,D. skateboards that are ridden all day,D,D,D. skateboards that are ridden all day,D,False
large,C,399,8-494,C,D.,D,D,D.,D,False
large,C,400,936,A,The correct answer is A.,A,A,The correct answer is A.,A,False
large,C,401,8-478,B,B. Kitchen foil,B,B,B. Kitchen foil,B,False
large,C,402,9-669,C,C.,C,C,C.,C,False
large,C,403,7-732,A,A,A,A,A,A,False
large,C,404,7-658,D,D. butterfly,D,D,D. butterfly,D,False
large,C,405,1003,B,B. turbine produced electricity,B,B,B. turbine produced electricity,B,False
large,C,406,8-62,A,A,A,A,A,A,False
large,C,407,7-386,B,B. substance,B,,B. substance,B,False
large,C,408,257,D,D.,D,D,D.,D,False
large,C,409,147,D,D. temperature,D,D,D. temperature,D,False
large,C,410,7-599,D,The correct answer is D.,D,D,The correct answer is D.,D,False
large,C,411,8-92,B,B,B,B,B,B,False
large,C,412,354,A,D. trout,D,D,D. trout,D,False
large,C,413,9-966,B,B. hexagons,B,B,B. hexagons,B,False
large,C,414,9-612,B,B. nutrients,B,B,B. nutrients,B,False
large,C,415,9-548,A,A. negative,A,A,A. negative,A,False
large,C,416,9-429,A,D,D,D,D,D,False
large,C,417,7-95,C,B,B,B,B,B,False
large,C,418,1560,A,D. add a piece of tape to it,D,D,D. add a piece of tape to it,D,False
large,C,419,9-461,C,C. a sudden fog moving into the area,C,C,C. a sudden fog moving into the area,C,False
large,C,420,9-490,C,D. language and dialect,D,D,D. language and dialect,D,False
large,C,421,9-301,C,C.,C,C,C.,C,False
large,C,422,60,C,D. four times,D,D,D. four times,D,False
large,C,423,9-894,C,B. any object,B,B,B. any object,B,False
large,C,424,9-895,A,D. People have been walking by the brush on the trails,D,D,D. People have been walking by the brush on the trails,D,False
large,C,425,9-281,A,A. the body of the pot is of high temperature,A,A,A. the body of the pot is of high temperature,A,False
large,C,426,202,C,C. an octopus,C,C,C. an octopus,C,False
large,C,427,1937,C,C. mechanical energy,C,C,C. mechanical energy,C,False
large,C,428,620,A,A. concrete configuration,A,A,A. concrete configuration,A,False
large,C,429,8-142,C,C,C,C,C,C,False
large,C,430,7-1138,A,A,A,A,A,A,False
large,C,431,8-471,B,B. used soda can,B,B,B. used soda can,B,False
large,C,432,9-433,B,The correct answer is D.,D,D,The correct answer is D.,D,False
large,C,433,1458,C,C.,C,C,C.,C,False
large,C,434,57,B,D. trumpet,D,D,D. trumpet,D,False
large,C,435,605,C,D. kilometers,D,D,D. kilometers,D,False
large,C,436,9-889,A,A. igloo,A,A,A. igloo,A,False
large,C,437,1890,A,A.,A,A,A.,A,False
large,C,438,9-618,A,A. xylem,A,A,A. xylem,A,False
large,C,439,9-523,A,The correct answer is A.,A,A,The correct answer is A.,A,False
large,C,440,1126,C,C. when boiling eggs on a stove top,C,C,C. when boiling eggs on a stove top,C,False
large,C,441,644,C,C. heat,C,C,C. heat,C,False
large,C,442,8-365,A,A,A,A,A,A,False
large,C,443,9-727,D,D. meals,D,D,D. meals,D,False
large,C,444,7-461,D,D,D,D,D,D,False
large,C,445,9-1071,B,B. dry out clothes after coming in from the rain,B,B,B. dry out clothes after coming in from the rain,B,False
large,C,446,1918,B,B. a frigid environment,B,B,B. a frigid environment,B,False
large,C,447,1038,D,D. second,D,D,D. second,D,False
large,C,448,9-197,D,D. H2O,D,D,D. H2O,D,False
large,C,449,1393,B,B. after the first phase of the lunar month,B,B,B. after the first phase of the lunar month,B,False
large,C,450,7-244,A,A,A,A,A,A,False
large,C,451,9-916,B,B. conserving,B,B,B. conserving,B,False
large,C,452,9-1046,A,D. blood vessels,D,D,D. blood vessels,D,False
large,C,453,167,A,A,A,A,A,A,False
large,C,454,9-566,B,B. huge rain storm,B,B,B. huge rain storm,B,False
large,C,455,8-28,D,"D. CO2, H20, and sun rays",D,D,"D. CO2, H20, and sun rays",D,False
large,C,456,7-179,B,B,B,B,B,B,False
large,C,457,389,B,C.,C,C,C.,C,False
large,C,458,1528,C,C,C,C,C,C,False
large,C,459,1457,D,D. beaches shrink,D,D,D. beaches shrink,D,False
large,C,460,1208,B,The correct answer is C.,C,C,The correct answer is C.,C,False
large,C,461,1170,C,C.,C,C,C.,C,False
large,C,462,8-409,C,C,C,C,C,C,False
large,C,463,8-307,A,A. on a sunny day,A,A,A. on a sunny day,A,False
large,C,464,1948,C,C,C,C,C,C,False
large,C,465,661,C,C.,C,C,C.,C,False
large,C,466,7-435,C,C.,C,C,C.,C,False
large,C,467,8-332,C,C,C,C,C,C,False
large,C,468,948,B,B. frogs returning to the ponds were they hatched to lay eggs,B,B,B. frogs returning to the ponds were they hatched to lay eggs,B,False
large,C,469,381,A,A. seeds,A,A,A. seeds,A,False
large,C,470,9-759,B,B. things you give a loved one in a bouquet,B,B,B. things you give a loved one in a bouquet,B,False
large,C,471,8-350,B,B. soil with worms burrowing around,B,B,B. soil with worms burrowing around,B,False
large,C,472,7-727,C,The correct answer is C.,C,C,The correct answer is C.,C,False
large,C,473,850,B,B,B,B,B,B,False
large,C,474,970,D,D. turning on a stove top,D,D,D. turning on a stove top,D,False
large,C,475,7-381,D,D. an energy source,D,D,D. an energy source,D,False
large,C,476,9-436,C,C,C,C,C,C,False
large,C,477,9-411,C,C,C,C,C,C,False
large,C,478,9-692,B,B. The Andes,B,B,B. The Andes,B,False
large,C,479,1334,A,D. grabbing a fence and being shocked,D,D,D. grabbing a fence and being shocked,D,False
large,C,480,9-1160,D,D. A Solar Year on earth,D,D,D. A Solar Year on earth,D,False
large,C,481,9-89,A,A,A,A,A,A,False
large,C,482,9-1034,D,C,C,C,C,C,False
large,C,483,8-293,B,B. water vapor,B,B,B. water vapor,B,False
large,C,484,9-652,C,C. placed in good soil,C,C,C. placed in good soil,C,False
large,C,485,1391,C,The correct answer is C.,C,C,The correct answer is C.,C,False
large,C,486,9-948,B,B. from a live plant,B,B,B. from a live plant,B,False
large,C,487,8-213,D,D. Sand,D,D,D. Sand,D,False
large,C,488,162,B,The correct answer is B.,B,B,The correct answer is B.,B,False
large,C,489,1359,B,B. providing nourishment which enables some growth to vegetation,B,B,B. providing nourishment which enables some growth to vegetation,B,False
large,C,490,9-743,A,The correct answer is A.,A,A,The correct answer is A.,A,False
large,C,491,9-645,A,A,A,A,A,A,False
large,C,492,8-250,C,C. bugs,C,C,C. bugs,C,False
large,C,493,283,C,C,C,C,C,C,False
large,C,494,8-183,A,A,A,A,A,A,False
large,C,495,9-284,A,A,A,A,A,A,False
large,C,496,7-1186,C,C,C,C,C,C,False
large,C,497,926,C,C. leads to less sick people,C,C,C. leads to less sick people,C,False
large,C,498,7-519,B,B. tiny lifeforms in dirt,B,B,B. tiny lifeforms in dirt,B,False
large,C,499,7-7,C,D. humidity,D,D,D. humidity,D,False
