dataset,id,source_row,group_id,fold
obqa,10,0,obqa_c0dc56504f50988c15f9,0
obqa,10-100,1,obqa_75ddaa79354a05095acb,0
obqa,10-1001,2,obqa_08acb3415d8fd903eec3,0
obqa,10-1003,3,obqa_e56e8ca92453967dcf3f,1
obqa,10-1004,4,obqa_85ecb8498e772f2ed7cc,3
obqa,10-1008,5,obqa_454a506d7c574d7876f1,3
obqa,10-1010,6,obqa_b440098223599dcbee89,3
obqa,10-1012,7,obqa_20ef023e8837d014ae8c,2
obqa,10-1013,8,obqa_8fda8827c5563d04960e,2
obqa,10-1016,9,obqa_2d16e968fb47e589db58,4
obqa,10-1017,10,obqa_a06b51d5b1ad6afc43a9,0
obqa,10-1019,11,obqa_f45ec6c62ee94d8b13ab,3
obqa,10-1020,12,obqa_3cc7ef7dddf6d833b1c4,4
obqa,10-1021,13,obqa_ab4c7371f52610b27ad8,1
obqa,10-1022,14,obqa_f9bb5f5780dcfc9c242d,4
obqa,10-1023,15,obqa_c2da9a3b40f3690df861,4
obqa,10-1028,16,obqa_aa04a7e42ca0275a2782,1
obqa,10-1033,17,obqa_132fae2bd9a2da749405,4
obqa,10-1034,18,obqa_3c0bffa0bebc123ede08,4
obqa,10-1036,19,obqa_f6be964b191493e55b3f,0
obqa,10-1038,20,obqa_18541824050c1c97179f,2
obqa,10-1040,21,obqa_688cc2fe47c94cca3557,1
obqa,10-1041,22,obqa_f5d250484c9887fdcd77,2
obqa,10-1042,23,obqa_c049eb2e45e7e646f97d,4
obqa,10-1043,24,obqa_52046bfe25ebb7b9354e,0
obqa,10-1046,25,obqa_c14460367c3e52ed898e,4
obqa,10-1047,26,obqa_66ef77b29ea841cf6c06,0
obqa,10-1048,27,obqa_7806f4f44813130b4c74,0
obqa,10-1049,28,obqa_cfee9cc757435b182088,3
obqa,10-105,29,obqa_eae8accc7089f4f4c9a0,2
obqa,10-1050,30,obqa_a3342f313a751f90be53,4
obqa,10-1052,31,obqa_2910b888be51c77b1c98,1
obqa,10-1054,32,obqa_73f26b6ac55208367ddf,1
obqa,10-1055,33,obqa_b58687c568723da91b4e,3
obqa,10-1056,34,obqa_3e33dbc2d170d653edff,2
obqa,10-106,35,obqa_fd3ca31758a361093378,0
obqa,10-1060,36,obqa_0d8bb8998c95436481bd,2
obqa,10-1061,37,obqa_3d9e049a3210783ff7e8,3
obqa,10-1064,38,obqa_8ce4fab95810fa7af2d0,1
obqa,10-1067,39,obqa_aa6c995bfb3235f800ca,3
obqa,10-1070,40,obqa_98dbca7cef906ad2c011,4
obqa,10-1073,41,obqa_bf5985a2c87855c6394c,1
obqa,10-1075,42,obqa_2ba29710ca2578aa48b4,3
obqa,10-1076,43,obqa_0e5304aefa394b3b27e5,3
obqa,10-1077,44,obqa_a8c61a057615447d100d,1
obqa,10-1083,45,obqa_9285a525ebd3c23844c1,1
obqa,10-1084,46,obqa_674bd35b921b60c34d64,4
obqa,10-1088,47,obqa_3544b644223d87d93bfa,0
obqa,10-1089,48,obqa_35aa1eb3aa988d5f92d6,3
obqa,10-1090,49,obqa_016cc7c68a110d8d0da0,3
obqa,10-1092,50,obqa_991a88c2dab2671ce786,4
obqa,10-1093,51,obqa_578f8a1a18536c48dd5e,2
obqa,10-1094,52,obqa_ac47e87a3d6f139d0422,2
obqa,10-1096,53,obqa_311be8b1566cbe80da34,1
obqa,10-11,54,obqa_c690f9bf243c2d7d822d,0
obqa,10-1100,55,obqa_96ab248bc565fc577d73,1
obqa,10-1101,56,obqa_2477b5c79d95061e6a7d,4
obqa,10-1103,57,obqa_1957f994a199bd61643c,2
obqa,10-1106,58,obqa_6fa66a14dc5b79c8a5eb,4
obqa,10-1107,59,obqa_eb85029d7841a902a3f3,0
obqa,10-1108,60,obqa_eeaab53d0089869c2e1a,0
obqa,10-1113,61,obqa_2fb10a03a915e363eb17,2
obqa,10-1114,62,obqa_75544b168549f6f63254,1
obqa,10-1115,63,obqa_5d4e1edf9ba1006385d9,3
obqa,10-1117,64,obqa_b27885fb82db2d73148f,0
obqa,10-1118,65,obqa_1fdd2b6cfb73aabac8b4,3
obqa,10-112,66,obqa_98e1abb9688a852fb548,4
obqa,10-1121,67,obqa_a1c10ca2fdaacb7472fe,2
obqa,10-1122,68,obqa_c3c83e28811ea77d5e6b,1
obqa,10-1123,69,obqa_f5e84866478c557857c7,3
obqa,10-1124,70,obqa_6e480a02a67bca8fd908,3
obqa,10-1125,71,obqa_3e7e32bfc115e3a68af1,1
obqa,10-1126,72,obqa_59ae58d930ece833632e,4
obqa,10-1127,73,obqa_3b57b09057cc68f806b4,0
obqa,10-1129,74,obqa_7171696c66c933910ccd,1
obqa,10-1130,75,obqa_f09603260e29fce0110f,4
obqa,10-1131,76,obqa_19ac6fedfc69a26a0e88,0
obqa,10-1136,77,obqa_1514a2449b432f4e21e8,3
obqa,10-1137,78,obqa_e1850024ade1c76d5bce,4
obqa,10-1139,79,obqa_5548b98bcda08caf5843,1
obqa,10-1140,80,obqa_1a6189c18d2b8be324b0,0
obqa,10-1144,81,obqa_018f6bc72b559f4d3ba4,1
obqa,10-1146,82,obqa_16789b8c5d28ee7d8ab6,0
obqa,10-115,83,obqa_f79ee227a870cbbbc8c9,4
obqa,10-1151,84,obqa_bc8fc85a9c0fca160570,0
obqa,10-1153,85,obqa_d2d5967538d292cb9bb0,0
obqa,10-1154,86,obqa_82b7f62b182bdf8ab8c9,3
obqa,10-1155,87,obqa_6847595a587095ba685f,4
obqa,10-1156,88,obqa_72277587a46f89f35350,4
obqa,10-1163,89,obqa_b1b572983d87b459ac28,4
obqa,10-1166,90,obqa_c461b8e84e45e6338f09,2
obqa,10-1167,91,obqa_8eb307e91785ba306a09,1
obqa,10-1168,92,obqa_ed4faf71e4af643c2d35,2
obqa,10-1173,93,obqa_0c25b0955e57b4f8e7ad,3
obqa,10-1174,94,obqa_8fda985c46a6341e4481,2
obqa,10-1175,95,obqa_21cc88b62bb9042d995f,1
obqa,10-1176,96,obqa_b4952ee5c2ef96fbfb9f,1
obqa,10-1178,97,obqa_bdbedffdb08f78184cdd,3
obqa,10-1181,98,obqa_953b4b6a1980744f75ac,2
obqa,10-1183,99,obqa_3c36f3ac9d8a719723ec,1
obqa,10-1185,100,obqa_61a04be405e80d79e919,2
obqa,10-1187,101,obqa_4c32185e6305991551c6,2
obqa,10-1189,102,obqa_349b171819a8166cff0b,3
obqa,10-1198,103,obqa_e21a702b78ab3f198918,1
obqa,10-1199,104,obqa_0b3034aa46948599cb71,4
obqa,10-120,105,obqa_17801f4719a6239596f7,0
obqa,10-1200,106,obqa_29fc73c47d03fc04d2a9,1
obqa,10-1201,107,obqa_1f7e23cb8db033966492,3
obqa,10-1205,108,obqa_c59e7eec3f9952a0e9e7,1
obqa,10-1208,109,obqa_9138c24012be7010380d,4
obqa,10-1209,110,obqa_597e68111b37ea0d9b53,4
obqa,10-1210,111,obqa_05750e311aefe88e76bb,1
obqa,10-1211,112,obqa_a342ea199cfa0d0ef5d6,4
obqa,10-1212,113,obqa_2d99cd9b6a9902479737,1
obqa,10-1214,114,obqa_9d4136fae500cbd6b038,2
obqa,10-1218,115,obqa_49c60cd2847d2102ce9a,0
obqa,10-1219,116,obqa_021ea21393605bd1384c,4
obqa,10-122,117,obqa_fce5ab3d9139117f303f,3
obqa,10-1220,118,obqa_39ccd79fc5c4f8d9be1d,1
obqa,10-1221,119,obqa_e55c62eb260c27de8c3e,3
obqa,10-1226,120,obqa_843ec51c9c764da1582e,3
obqa,10-123,121,obqa_eaae6c281dc5b2de25d1,3
obqa,10-126,122,obqa_0779b45fdd316c5da403,1
obqa,10-129,123,obqa_eac2c4f6f64521141455,4
obqa,10-13,124,obqa_0418870120f1b00977ec,3
obqa,10-131,125,obqa_cfac622709c8d22e85a3,2
obqa,10-132,126,obqa_c2687385047b8edadc7a,4
obqa,10-135,127,obqa_a0c58488fee880bc3485,3
obqa,10-136,128,obqa_fe42a0156dcccbe8ab0e,4
obqa,10-137,129,obqa_25706927f1164b351ecc,2
obqa,10-138,130,obqa_04b757617709a06c067a,0
obqa,10-139,131,obqa_5de5880510e9b3f1cb20,2
obqa,10-14,132,obqa_7e0a0443d559c1a869e6,2
obqa,10-140,133,obqa_960b3d0fc1c2a8eefa6c,3
obqa,10-141,134,obqa_18a9454161c1bade88a7,2
obqa,10-142,135,obqa_dec529779997d28639e4,1
obqa,10-143,136,obqa_e8b3e745a6ba8b992bed,0
obqa,10-144,137,obqa_25ace1fc5e9ff26d317a,4
obqa,10-145,138,obqa_0592d16b859fb354f150,3
obqa,10-147,139,obqa_78a3837923df403c72b4,0
obqa,10-15,140,obqa_54de9c6b44d3ff629c5c,0
obqa,10-152,141,obqa_faf17b8170382508ef9f,2
obqa,10-153,142,obqa_9332c979012085471a03,4
obqa,10-156,143,obqa_6ccaf95895dac64f3cca,0
obqa,10-157,144,obqa_5b6586fd0352d22171e0,2
obqa,10-158,145,obqa_73c847621f36a7370521,0
obqa,10-159,146,obqa_deedf7ee66c2a1faca1f,3
obqa,10-163,147,obqa_7557232204a770e809b2,1
obqa,10-167,148,obqa_18763c6f570ea64a0333,1
obqa,10-168,149,obqa_2f651168ce0bca954753,1
obqa,10-169,150,obqa_e9d0cdc980f2527c832c,4
obqa,10-172,151,obqa_8aed1b4c625a025a25d9,1
obqa,10-173,152,obqa_051f100c4f73687ac156,4
obqa,10-175,153,obqa_bc646ea973cf325ee02f,0
obqa,10-177,154,obqa_ff23b326f73a099b705b,1
obqa,10-180,155,obqa_851608118ea09d82f8ca,4
obqa,10-181,156,obqa_9f9eaf8f73ec6bc5c43a,4
obqa,10-183,157,obqa_c29f50f777aa9cfda524,0
obqa,10-190,158,obqa_677aaf339b90439165fb,2
obqa,10-193,159,obqa_8e7838807d93167c17bb,3
obqa,10-196,160,obqa_7204d0d4147e1de05d83,2
obqa,10-197,161,obqa_fb75947712025e343f96,1
obqa,10-20,162,obqa_4cbff05cb6a86e2d2603,1
obqa,10-201,163,obqa_3d96659d1cfc6cdd6f9b,3
obqa,10-202,164,obqa_38c9f2108ebf9ad9afb5,0
obqa,10-204,165,obqa_43a0ca3325b88ec0522f,3
obqa,10-206,166,obqa_8bbdae9bf73f3f2e3836,2
obqa,10-21,167,obqa_7f99089b31b6e26ceccd,4
obqa,10-210,168,obqa_6f87ec72cdbf8c2ce910,3
obqa,10-212,169,obqa_82b054cd2d0b5c86ddce,3
obqa,10-219,170,obqa_0980e6f09fd26b0d5d97,0
obqa,10-22,171,obqa_9e4fea9302be1392df7d,1
obqa,10-220,172,obqa_0f9af0431f92d2a1a0af,3
obqa,10-221,173,obqa_be3c7b1443672aa95f32,0
obqa,10-223,174,obqa_f32465091920670f6c6e,3
obqa,10-226,175,obqa_2a88238606cc3b0bab82,1
obqa,10-227,176,obqa_a497fd41ef2d7b050014,0
obqa,10-23,177,obqa_17f6b8b75cb3d91508c8,2
obqa,10-230,178,obqa_5d61e6a2820653b27f87,4
obqa,10-231,179,obqa_fddd2b74f0e00960136c,0
obqa,10-234,180,obqa_96f516ed2e50eb4218e9,1
obqa,10-236,181,obqa_31533a0c2f43f720732e,2
obqa,10-237,182,obqa_76f330448b3a39df80e0,1
obqa,10-238,183,obqa_5bac8808a0ba981ee123,4
obqa,10-244,184,obqa_461ca6209b113c677d36,4
obqa,10-247,185,obqa_07e542a0f0f1766dc1bb,3
obqa,10-250,186,obqa_594bf0c29ec36ff27cff,3
obqa,10-252,187,obqa_92610381d5ab20b39f17,1
obqa,10-253,188,obqa_f3440010648d949ea84f,3
obqa,10-257,189,obqa_825944cb3513ee392d8d,0
obqa,10-258,190,obqa_bccace7961d0ec89f5c6,4
obqa,10-26,191,obqa_345bfab661315edb37b6,2
obqa,10-262,192,obqa_a19938940a950e64ebcb,2
obqa,10-265,193,obqa_33ea7973b719cf791b95,0
obqa,10-267,194,obqa_2db5884cfd34919622c0,2
obqa,10-268,195,obqa_708c17da15dfa7f8cf9c,0
obqa,10-27,196,obqa_c83d5eb5d96887517dbc,4
obqa,10-271,197,obqa_24fe203931f762bde1b5,0
obqa,10-272,198,obqa_61e000508366c431d826,1
obqa,10-277,199,obqa_1717af96f13bb4862978,1
obqa,10-278,200,obqa_8643ce911ba5caea22d8,3
obqa,10-279,201,obqa_9a427678b7285fb223bb,4
obqa,10-282,202,obqa_c5c881793afd96b6ea86,0
obqa,10-283,203,obqa_2ec7213372cd6d9b714e,4
obqa,10-287,204,obqa_13cf765e832c48191070,0
obqa,10-289,205,obqa_fbe525b9965c65dba0f9,4
obqa,10-290,206,obqa_ada380e439e2d8f051e4,0
obqa,10-292,207,obqa_d03bcbad7f754fd2134e,3
obqa,10-296,208,obqa_f2ea3c29341b3a6fdb46,0
obqa,10-297,209,obqa_ec05ec787ca6452a4b1c,0
obqa,10-3,210,obqa_04c4942c348fd559fb4f,0
obqa,10-301,211,obqa_2f9e343dae040821da65,4
obqa,10-302,212,obqa_ef04be485a17959dc53f,4
obqa,10-304,213,obqa_e34f3e7383eb81381a10,2
obqa,10-305,214,obqa_a9bce1999798089a3568,0
obqa,10-308,215,obqa_73acf96ace8377a56710,4
obqa,10-309,216,obqa_7811ca4b1f8f5ecceb94,0
obqa,10-310,217,obqa_19bf6bb83b5115904576,4
obqa,10-311,218,obqa_2f79bd795b84087b1257,2
obqa,10-312,219,obqa_3083883489ae9bc68e8a,1
obqa,10-315,220,obqa_a3c9e1d35b7f3b6f7dee,2
obqa,10-316,221,obqa_ed400d6225d7a3a66949,3
obqa,10-321,222,obqa_f77c3d25177b2673957d,1
obqa,10-322,223,obqa_ad416a4fe94c3a641dfb,3
obqa,10-324,224,obqa_f16249c263f68fec0de5,2
obqa,10-325,225,obqa_26a980ffd765c398999a,4
obqa,10-328,226,obqa_50a01b592b26d5ea3933,4
obqa,10-331,227,obqa_674506ed799c01dfdc60,3
obqa,10-332,228,obqa_b02cddb939b648590514,2
obqa,10-34,229,obqa_d6b829558474f145da23,2
obqa,10-341,230,obqa_db0f025f04b6b347165a,1
obqa,10-342,231,obqa_4f49b9732a2939ddb1da,0
obqa,10-343,232,obqa_58e3e2a5911859cd2d6d,1
obqa,10-344,233,obqa_2c7dcff4adcbbe990a65,2
obqa,10-345,234,obqa_d680f9d968d3243da0df,1
obqa,10-349,235,obqa_c3f18f6dc397a17b29d8,1
obqa,10-350,236,obqa_277b4b57dabcead0669e,2
obqa,10-355,237,obqa_b06e3b04224594d81509,4
obqa,10-357,238,obqa_3efa1c3c6f3aa7dd0354,4
obqa,10-358,239,obqa_539e63e20437c55ce7a7,3
obqa,10-36,240,obqa_84a8789382174d0634de,0
obqa,10-362,241,obqa_455ffd378b93b4b69ffb,0
obqa,10-367,242,obqa_2d732d42e01dc9e15ba6,1
obqa,10-368,243,obqa_cd6181a5435809cc5676,2
obqa,10-37,244,obqa_4645634d9c9f2767e78d,0
obqa,10-370,245,obqa_39e76bd7ae61f33ae6c6,4
obqa,10-371,246,obqa_c9a8e853164efd06eb20,0
obqa,10-379,247,obqa_ae1e966fd54c97b6bcf1,0
obqa,10-38,248,obqa_8832a2903e5cc3175a2d,3
obqa,10-381,249,obqa_c87701750da13f5ac0b8,3
obqa,10-382,250,obqa_a99787e034238f7c0364,4
obqa,10-383,251,obqa_6b5238550dc2094cfe81,0
obqa,10-387,252,obqa_560abcb10ba5a9657453,4
obqa,10-39,253,obqa_022c9d2ac3f2936156f4,0
obqa,10-392,254,obqa_5cbdcdc9680a5f153407,3
obqa,10-393,255,obqa_c02db0e042c87382c83d,2
obqa,10-395,256,obqa_47422a530e436a4a0193,1
obqa,10-396,257,obqa_2b81c70ddbd8d053e47a,2
obqa,10-398,258,obqa_13004276c93c034758c3,0
obqa,10-4,259,obqa_7db6b6f3e38b8a590bcd,0
obqa,10-400,260,obqa_b86f8d3fbb9954b656e8,4
obqa,10-404,261,obqa_31e8d427ace6b5dd0f2e,2
obqa,10-406,262,obqa_a5e3ab719dee50db914f,2
obqa,10-409,263,obqa_b521d4f0919ae331fea9,1
obqa,10-41,264,obqa_57d3e6de6d5e30dec248,0
obqa,10-414,265,obqa_b4750dc4905c937005cc,2
obqa,10-418,266,obqa_ac29a283b8f09e4230fe,0
obqa,10-42,267,obqa_a00b93ee30adb34d80e3,1
obqa,10-420,268,obqa_dcdec645b7e039865607,1
obqa,10-428,269,obqa_d8de818e89eb9e0406ea,2
obqa,10-429,270,obqa_9681309a08bfee0229cd,2
obqa,10-430,271,obqa_cf23be3bc0d68a860456,1
obqa,10-432,272,obqa_553086a3b65e75dac785,2
obqa,10-434,273,obqa_0467d22318a3bc701d3a,1
obqa,10-435,274,obqa_fd7a848d33c54fb4c768,2
obqa,10-436,275,obqa_ed5999dd8193dd3ccf58,1
obqa,10-438,276,obqa_7413ee2b8879561c7889,4
obqa,10-439,277,obqa_dc5b70586eef83b924ef,2
obqa,10-44,278,obqa_f09d77c8af684bca5711,1
obqa,10-440,279,obqa_a8399479d642f6bf69f6,3
obqa,10-445,280,obqa_ab741748bcc3b5b13dcb,3
obqa,10-446,281,obqa_fe7b0fb9c8672a3534ee,3
obqa,10-447,282,obqa_1f1f3b075a9ad04521ee,3
obqa,10-449,283,obqa_f1b6b8a11d1d22bd7ba1,4
obqa,10-452,284,obqa_3053c41645d052a96617,0
obqa,10-454,285,obqa_1980cb7ce5e91f15dca8,0
obqa,10-455,286,obqa_42b627a75c111fc8f0b3,1
obqa,10-461,287,obqa_a3b3f56dc5a37408984e,2
obqa,10-462,288,obqa_1923799c71b60fc0cd37,2
obqa,10-465,289,obqa_b58f6c38befa413fa841,0
obqa,10-467,290,obqa_c11d3e8759380619508d,1
obqa,10-469,291,obqa_91bea5915070d15b7039,0
obqa,10-47,292,obqa_c49aae2cdf790fe5196e,2
obqa,10-472,293,obqa_94332b69693e2af6171a,1
obqa,10-473,294,obqa_c27c2871951b22bf88b4,0
obqa,10-475,295,obqa_3fc1c3b49aaa80c6a80b,1
obqa,10-479,296,obqa_39d031960430394ed097,3
obqa,10-480,297,obqa_53116a48228fb9d21a63,3
obqa,10-481,298,obqa_cfab02c4d5e5a14379b1,4
obqa,10-482,299,obqa_c48d8cd4105f6a1de8a5,1
obqa,10-485,300,obqa_17542f7b586c0de6de7e,1
obqa,10-486,301,obqa_581c69b6671a25f4e1de,4
obqa,10-487,302,obqa_1e94c068f155898e1978,3
obqa,10-490,303,obqa_768c9421034751afbbf8,0
obqa,10-491,304,obqa_4d1f2b13ba6ab78b48ea,2
obqa,10-492,305,obqa_458dd7d5902543df9082,0
obqa,10-493,306,obqa_6cd54fb0fc7fd63a8c68,1
obqa,10-498,307,obqa_da82e1113884bc16b9d5,2
obqa,10-5,308,obqa_19a5bb7405d2639d63e6,1
obqa,10-50,309,obqa_9ca5cf618fcffe66546e,2
obqa,10-501,310,obqa_26a03db6ca8759da79da,1
obqa,10-502,311,obqa_e9ab14bae8b79745da33,2
obqa,10-505,312,obqa_f3b906d9287b8344edd6,4
obqa,10-509,313,obqa_c21e701b43186ea31ec1,3
obqa,10-513,314,obqa_093ad128df295dc04cfa,1
obqa,10-514,315,obqa_31df4de26607b3abcd52,4
obqa,10-519,316,obqa_f1abac01557234821ece,4
obqa,10-52,317,obqa_841337095e7b7e79058a,1
obqa,10-520,318,obqa_b74181d9dfd9101e79f4,0
obqa,10-521,319,obqa_3a3999fe27e750c63ba0,4
obqa,10-526,320,obqa_daac8ee3b815a2a0314b,1
obqa,10-532,321,obqa_c93cc8e2e51d0bc0ef41,2
obqa,10-534,322,obqa_23adbfae7a57b610aa84,4
obqa,10-538,323,obqa_b57e7f6da57b0420317c,2
obqa,10-539,324,obqa_428bba824cf3fab54d93,0
obqa,10-541,325,obqa_ba2ed87c07454ebe1af3,0
obqa,10-543,326,obqa_7043bb6a93ea55504b0d,4
obqa,10-544,327,obqa_d009b5069897ec566c49,0
obqa,10-545,328,obqa_17f1e4a958b12d7d1250,3
obqa,10-546,329,obqa_ede2f5d095e1e4c68686,1
obqa,10-547,330,obqa_7b519cdd3b0ba527fbf4,0
obqa,10-548,331,obqa_8387dea5c933553c0a28,2
obqa,10-549,332,obqa_1f0e381b93fdf2e282f9,1
obqa,10-550,333,obqa_aa431d1219dde4d5af0d,0
obqa,10-552,334,obqa_25f0bbeb558c335ca597,4
obqa,10-553,335,obqa_1372406c57c062bb2081,0
obqa,10-554,336,obqa_96c4433eaf1bcefb0726,0
obqa,10-557,337,obqa_469a3b8edc37b7367327,2
obqa,10-559,338,obqa_d085da3d1660d4902d4e,1
obqa,10-56,339,obqa_6ada496850fb2d5969b0,0
obqa,10-560,340,obqa_df87ef51aa635679ce26,4
obqa,10-564,341,obqa_bae2edad9a331b2c2032,4
obqa,10-566,342,obqa_477a98860a0fb1daa9f9,3
obqa,10-572,343,obqa_eb8628b1a3e172d23a88,4
obqa,10-573,344,obqa_e060ad5cdff1efe94397,0
obqa,10-575,345,obqa_6e71509d63d40680d5d4,3
obqa,10-577,346,obqa_42de81938d79045e72f5,2
obqa,10-578,347,obqa_3786f87034ea6b64f58b,2
obqa,10-579,348,obqa_234588eb1e11e6c0216d,1
obqa,10-582,349,obqa_d839e63146a07ecf95de,3
obqa,10-585,350,obqa_da1b566e815d144cc993,2
obqa,10-586,351,obqa_f4eaabd6442986d12637,2
obqa,10-587,352,obqa_4c89d8749e8291beda21,4
obqa,10-588,353,obqa_8d725c2516885bfb492b,1
obqa,10-589,354,obqa_6ff001e9c7c7524e0cc5,1
obqa,10-59,355,obqa_451f8681ac609703dc22,4
obqa,10-590,356,obqa_402513971d33ab2cd8e9,3
obqa,10-591,357,obqa_68c291471354e78daba5,3
obqa,10-595,358,obqa_d5aa39f7cae0c2135e8f,2
obqa,10-597,359,obqa_9ea482d86cd1fe06c298,1
obqa,10-599,360,obqa_1fd4c3533c6e8404565f,4
obqa,10-6,361,obqa_10a8965d67b7b6fa43db,1
obqa,10-60,362,obqa_1707917f50b13cecb71b,3
obqa,10-603,363,obqa_7a180a20ce6c5b4c384c,4
obqa,10-604,364,obqa_3a6d0a9d49e359131313,1
obqa,10-606,365,obqa_67792ee4f89a00286bbe,2
obqa,10-608,366,obqa_1ee8df9143353c87b040,1
obqa,10-61,367,obqa_5b945086ab762e0b5d80,4
obqa,10-611,368,obqa_733bb29dae561d11e496,1
obqa,10-612,369,obqa_f234acf601de2c2cc9a0,1
obqa,10-613,370,obqa_7fa260e90f7b465bb162,4
obqa,10-614,371,obqa_f26262ed224b4aa00a8e,3
obqa,10-615,372,obqa_42a3f26cda4e95cc3a8c,0
obqa,10-618,373,obqa_36cf6f178cdf807b7f82,2
obqa,10-621,374,obqa_e2c649186eeeef4e0b86,3
obqa,10-622,375,obqa_a439924c3d27747aff1f,4
obqa,10-623,376,obqa_2998f7865f28044b43d9,0
obqa,10-624,377,obqa_def055a27e6760cef0e5,2
obqa,10-626,378,obqa_8d7a40fca15187593425,4
obqa,10-628,379,obqa_c429cedacd4e49898144,3
obqa,10-63,380,obqa_9e7b83b64395ed7cfad2,2
obqa,10-630,381,obqa_24176d19ead429d15697,0
obqa,10-631,382,obqa_954983c424e54e4f8249,1
obqa,10-632,383,obqa_fefb13e952ea2c0e8f48,2
obqa,10-634,384,obqa_d1c3745884cabf6c4a78,0
obqa,10-636,385,obqa_94fdf43d9dce780c7a9c,2
obqa,10-637,386,obqa_10af911e777696a6da41,2
obqa,10-642,387,obqa_5877bfc53cf40bdf13ac,0
obqa,10-643,388,obqa_9b6bbbcd5e63fbf8e6b1,2
obqa,10-644,389,obqa_cf5dddfe34cf124f134f,1
obqa,10-645,390,obqa_55ff8c44720a3cdcec9a,1
obqa,10-647,391,obqa_97dff6f47f5cfadcb581,3
obqa,10-649,392,obqa_609d13f63f98424ebb29,1
obqa,10-65,393,obqa_40d3d0c480a57df2a7bf,0
obqa,10-652,394,obqa_156219c58507fad67aeb,2
obqa,10-653,395,obqa_c8d2baf242d4946dce86,4
obqa,10-655,396,obqa_4bece1f82aa9f299490d,3
obqa,10-657,397,obqa_5138ca9ca72c9175fa38,1
obqa,10-658,398,obqa_4ad6f1916eca4e921270,2
obqa,10-66,399,obqa_3877a9065ed55ca008d9,0
obqa,10-661,400,obqa_4ac3dd1416e397b55b67,1
obqa,10-662,401,obqa_37334211c66fdba1b54d,2
obqa,10-664,402,obqa_193f351d090a20b57916,1
obqa,10-666,403,obqa_cb1970546b881e0787f2,1
obqa,10-667,404,obqa_ac57093e293d23bd34bb,1
obqa,10-668,405,obqa_038a25d0f17de67f8df8,3
obqa,10-669,406,obqa_027ff8ac6b407e33f906,2
obqa,10-674,407,obqa_3094b41fab4187a56a64,2
obqa,10-676,408,obqa_688be1eb2960e2c39d59,4
obqa,10-678,409,obqa_0ddf13ceb44a5e7cbd3e,3
obqa,10-680,410,obqa_452fa7ddc2999a306519,0
obqa,10-682,411,obqa_e848d7dcbdee070ad962,0
obqa,10-683,412,obqa_a31ad412f34b6d8b50f3,2
obqa,10-685,413,obqa_e8174d5d43d743b36629,0
obqa,10-687,414,obqa_501302847f6d2c2866f4,4
obqa,10-690,415,obqa_04ab115ce4bcf9b9deb0,3
obqa,10-692,416,obqa_8214f5961f6c6bbe8201,3
obqa,10-695,417,obqa_7d27194a22070baec92f,0
obqa,10-698,418,obqa_577b7926dfad94cabfe2,0
obqa,10-70,419,obqa_e498979bed413edf0d1d,1
obqa,10-706,420,obqa_5cf2ef7abe94c13e9788,1
obqa,10-710,421,obqa_4c547043040cafaf9566,0
obqa,10-714,422,obqa_8598a97e7c679b29a21c,2
obqa,10-718,423,obqa_b5639e5e5be35a0e3370,0
obqa,10-719,424,obqa_17c3714798eb78d49110,3
obqa,10-72,425,obqa_f3f3a514cf61c3623ba1,4
obqa,10-720,426,obqa_54149c1f22cb5fe3bac6,0
obqa,10-721,427,obqa_9ebf64503a7c44323be3,3
obqa,10-722,428,obqa_3a83e87d03fb5664ee9d,1
obqa,10-727,429,obqa_ad526a3bf8d279f9aabb,1
obqa,10-728,430,obqa_424748c50aa41b609f9e,2
obqa,10-73,431,obqa_fea7671f9d468512cb95,0
obqa,10-730,432,obqa_243f54b7df36f768cbc2,0
obqa,10-731,433,obqa_cf08ff7050126e93bf10,4
obqa,10-733,434,obqa_3646a58ea5b3422e0a74,1
obqa,10-734,435,obqa_9bcb4a418448cd8d7bb5,1
obqa,10-736,436,obqa_32b5c1abb9550a163008,1
obqa,10-74,437,obqa_f08c76f2e318d3f7c809,1
obqa,10-740,438,obqa_c3055927a28f42c56bd5,4
obqa,10-742,439,obqa_35e7ea169b0aa4ccaf43,2
obqa,10-743,440,obqa_2d40f936bab64b397198,0
obqa,10-744,441,obqa_c489cf25e40bac4bfd4a,2
obqa,10-746,442,obqa_d0a7edc8cbeae854323e,2
obqa,10-747,443,obqa_5e0f53ec6fc1ba62e6f5,1
obqa,10-753,444,obqa_8338df264c900fd6047d,1
obqa,10-758,445,obqa_405cefbdaf5893908c49,0
obqa,10-76,446,obqa_f146b01a3e8465b133d3,4
obqa,10-761,447,obqa_31bcec9fb5f4ad1abafc,4
obqa,10-764,448,obqa_76c79620c8c91cc450e6,1
obqa,10-767,449,obqa_58189781492ad53d8491,3
obqa,10-771,450,obqa_d34802e1fb5368f1d085,4
obqa,10-772,451,obqa_d1c0e27a92acb2fea273,0
obqa,10-774,452,obqa_2256c345e0ee2e092c4f,3
obqa,10-775,453,obqa_264fea4c80814152d96c,4
obqa,10-776,454,obqa_1d62341252d3150a7a98,0
obqa,10-777,455,obqa_cb512345f41c137f804e,0
obqa,10-778,456,obqa_04dcef28a0ae27bda580,2
obqa,10-779,457,obqa_d84cf54cb5533459fb9f,1
obqa,10-781,458,obqa_989382220e25f5df842a,1
obqa,10-782,459,obqa_400056bf78762c461b18,1
obqa,10-786,460,obqa_6f10574d41da2c2aadc1,4
obqa,10-79,461,obqa_2a2b1cf6f254dec47a68,3
obqa,10-790,462,obqa_931f54663ebb59322633,4
obqa,10-791,463,obqa_1278a1a72792f99f0a49,3
obqa,10-793,464,obqa_7fbcc4a21362aca12e23,1
obqa,10-794,465,obqa_616a100bf0102df898a9,2
obqa,10-796,466,obqa_f54691f91b79452efa57,3
obqa,10-799,467,obqa_7f9096359f72d7c967e8,3
obqa,10-802,468,obqa_58aa198a3ee496d3f70b,2
obqa,10-803,469,obqa_605941a7ed53e4e23928,2
obqa,10-806,470,obqa_5ecfad61679b482a5a5b,0
obqa,10-807,471,obqa_0d4acd299ae0176721b9,3
obqa,10-809,472,obqa_e6647f4a3906ec86a1e7,4
obqa,10-81,473,obqa_c35b169c7cddf3bb39fd,3
obqa,10-810,474,obqa_ec21d87c038ca429cb91,2
obqa,10-811,475,obqa_b227dec34f0cbb77d7b5,4
obqa,10-812,476,obqa_0c10e4ea9dc648a2718a,1
obqa,10-816,477,obqa_829ec929cb26cf193319,1
obqa,10-817,478,obqa_0f8169da389b34a4dd6e,1
obqa,10-82,479,obqa_51afbf44ecbe882d96c2,2
obqa,10-821,480,obqa_c62e65908af9e6916a84,0
obqa,10-822,481,obqa_732d97d5c0b99deba0b8,1
obqa,10-824,482,obqa_f359d137f6ba765ddfd1,2
obqa,10-825,483,obqa_a8877ced2d7d4cd3e046,2
obqa,10-829,484,obqa_7c88200dda0131551061,1
obqa,10-831,485,obqa_68ce7d8a5158799ef4cb,1
obqa,10-833,486,obqa_45f4dd0553fc6f98be5d,1
obqa,10-834,487,obqa_bc94521fe54a66f21015,4
obqa,10-835,488,obqa_6f5441edbabf3d483515,4
obqa,10-836,489,obqa_55938fd57cd3a5cdb74a,0
obqa,10-839,490,obqa_fed668354360918a979b,4
obqa,10-840,491,obqa_e1df6680c9866eebb6fd,0
obqa,10-844,492,obqa_2845792c7d09229d1083,2
obqa,10-849,493,obqa_e47c33fc9c1b60e27e83,4
obqa,10-855,494,obqa_6e389cde8ebe4e54da4d,4
obqa,10-856,495,obqa_f82a3f6a92551b8d3a7a,1
obqa,10-857,496,obqa_85b3821d0fc769c3a10b,0
obqa,10-86,497,obqa_f0fc4af2f4f9767c70ee,0
obqa,10-861,498,obqa_05791c69c19d75923a8e,3
obqa,10-863,499,obqa_b244beea4180dcf7f4cb,4
obqa,10-865,500,obqa_3b348e1af9b9ab6917a4,0
obqa,10-868,501,obqa_1a58ec6dd62e85771ae8,4
obqa,10-869,502,obqa_93d214d76c12b120d6cf,1
obqa,10-874,503,obqa_73b5532efa37b9ada8d6,3
obqa,10-884,504,obqa_2ed680c226d4fcc11898,1
obqa,10-886,505,obqa_1335329ea87e84881a53,0
obqa,10-887,506,obqa_48dac04f21a8a0e2a52d,4
obqa,10-889,507,obqa_79347abb0208e0df1102,0
obqa,10-891,508,obqa_4655802bf795f72dfb6b,2
obqa,10-892,509,obqa_847e3b3b883ad0988d29,4
obqa,10-893,510,obqa_b0f884a914701dc24673,3
obqa,10-895,511,obqa_ce1b02877e2c41417d0b,4
obqa,10-896,512,obqa_c5872b4022bc4f4cdbdd,3
obqa,10-898,513,obqa_6c009cb102c4de396f5d,0
obqa,10-9,514,obqa_9bee1c87c2775eb1263a,1
obqa,10-900,515,obqa_851c27ebab08f9316ea4,3
obqa,10-903,516,obqa_f32e4bf6024bd1ff9084,1
obqa,10-906,517,obqa_eaf45943c5d3d7b2dfcb,1
obqa,10-908,518,obqa_2aa1365e56613d104da9,3
obqa,10-910,519,obqa_1d38dd598823c9ec8882,0
obqa,10-912,520,obqa_9bf78d1085c43d5ce0cb,1
obqa,10-915,521,obqa_b13e3f43ca7190efd747,0
obqa,10-917,522,obqa_86b109138019d5777839,3
obqa,10-918,523,obqa_6427c00c64878b22e489,4
obqa,10-919,524,obqa_b1dd44b360c0a53fffcb,2
obqa,10-922,525,obqa_7318a95cddab8e8e2cc9,2
obqa,10-924,526,obqa_bef6cf690472e5867eda,2
obqa,10-925,527,obqa_5c3775afacd1d28fce53,2
obqa,10-927,528,obqa_ffa4b692c9ca0dbae44b,2
obqa,10-928,529,obqa_97e322c26a73aa927a92,1
obqa,10-929,530,obqa_384f73c5097723ef8e5c,0
obqa,10-930,531,obqa_f2ba791b9012ee6df908,1
obqa,10-932,532,obqa_c5037a60edc4c15f7833,4
obqa,10-933,533,obqa_240a3eae64431cf0591d,4
obqa,10-934,534,obqa_504a376ae5b73140e0f2,4
obqa,10-935,535,obqa_eb6830f25af943e2b273,0
obqa,10-937,536,obqa_c1c6e431a0012fa26987,4
obqa,10-939,537,obqa_3c36e8c5710cbb0d34eb,2
obqa,10-940,538,obqa_db21cdb27a6a871c146f,0
obqa,10-944,539,obqa_a90d78fca92348ff678f,2
obqa,10-946,540,obqa_60952247c756f9c5744e,3
obqa,10-949,541,obqa_77923fe8af0eb26d2e8c,2
obqa,10-95,542,obqa_5ad521c4df6d5c2f3065,2
obqa,10-956,543,obqa_8a2c1e79355ef57063cd,4
obqa,10-957,544,obqa_436772f5b7e711c9d300,3
obqa,10-964,545,obqa_8d577a0a63091b3cb14c,0
obqa,10-965,546,obqa_b7f7dc2b8e9e2c1e3f13,3
obqa,10-972,547,obqa_52de37e52482b0f0a536,2
obqa,10-975,548,obqa_e47dc283fc34fb1324e6,1
obqa,10-976,549,obqa_d6e1786e85ed7781463a,0
obqa,10-980,550,obqa_35111011543f4d37d356,2
obqa,10-981,551,obqa_a87c91c4c4ac4b3a94f1,0
obqa,10-984,552,obqa_d88b2c4ada3e08547dd1,2
obqa,10-985,553,obqa_2288830e095f5316030c,3
obqa,10-986,554,obqa_b9f5e598732279eec4a1,3
obqa,10-987,555,obqa_bfc17f52379894883f48,2
obqa,10-989,556,obqa_cf864be8190eb2f51762,0
obqa,10-990,557,obqa_922520d8806348884518,1
obqa,10-992,558,obqa_62528275844053d2a632,3
obqa,10-995,559,obqa_fdc9ac9b797a0e3512d3,3
obqa,100,560,obqa_21115ff56823e1cd1027,0
obqa,1000,561,obqa_a1f27925da662ba68b82,2
obqa,1001,562,obqa_e5469d347bd29acb3c71,4
obqa,1005,563,obqa_c6997a168aadbebe0dce,0
obqa,1011,564,obqa_04eb517a60ce60041505,4
obqa,1014,565,obqa_e280f077c828d558a57f,3
obqa,1027,566,obqa_ddef57ef6a3cbeb9c394,0
obqa,1030,567,obqa_e554235b8b3cac552e27,4
obqa,1034,568,obqa_71b33c79d14d0d891aac,2
obqa,1045,569,obqa_f7800679fe2d94b22b68,3
obqa,105,570,obqa_ae7cb886e68c8964eff2,4
obqa,1054,571,obqa_e62b3b829575d567dc72,0
obqa,1058,572,obqa_6f699828f42093f4eb25,1
obqa,1081,573,obqa_30252ee405cf07daa342,4
obqa,1082,574,obqa_3e20e32999f4e57609e5,1
obqa,1091,575,obqa_648d64d4e056ab2f877e,0
obqa,1093,576,obqa_4f7a3a0a3e89a461e293,3
obqa,1094,577,obqa_2448b35a4f68da0ebd0d,4
obqa,11-1,578,obqa_3c2937d442522fa52ba4,1
obqa,11-100,579,obqa_083861182b31dd16cd34,4
obqa,11-105,580,obqa_862703a0c71f3fc707ee,4
obqa,11-106,581,obqa_b54648fc7ed4277b5a6f,2
obqa,11-107,582,obqa_2715993f12411dfd872f,2
obqa,11-109,583,obqa_5f85a297a9009916d4ba,3
obqa,11-11,584,obqa_b23cffd884c6ed272511,4
obqa,11-111,585,obqa_825e102b2b854ae482ac,0
obqa,11-115,586,obqa_dc889529c1622e979a6b,3
obqa,11-118,587,obqa_547a04e3304be1ae4891,3
obqa,11-119,588,obqa_357a50e9475169b329c3,2
obqa,11-120,589,obqa_cd35a1f4509e3b505782,1
obqa,11-123,590,obqa_f2bc87fc2ece4cea9898,1
obqa,11-124,591,obqa_c2f20585b92fc0909386,1
obqa,11-125,592,obqa_ad819f1f7f9c9d41ba85,1
obqa,11-128,593,obqa_9ace83772bf46bd9cac3,2
obqa,11-129,594,obqa_775339d6e6dbfe8abb4a,0
obqa,11-13,595,obqa_102f5124a46200fe0385,0
obqa,11-130,596,obqa_9c6b0cdfcf4b57fcfc08,2
obqa,11-132,597,obqa_83706daa19d96f58ecce,0
obqa,11-134,598,obqa_bb7d4431870c9e340447,1
obqa,11-137,599,obqa_28542c884d4f4f6e25c2,0
obqa,11-142,600,obqa_f19a538a82dc99710ad6,4
obqa,11-144,601,obqa_c2a32a794a602d6fa7b1,0
obqa,11-148,602,obqa_d038e430a7af33b77415,4
obqa,11-151,603,obqa_301d3ced81537f633ecd,4
obqa,11-153,604,obqa_d58957255fce21971130,3
obqa,11-154,605,obqa_78061b31df3efd5ade84,1
obqa,11-155,606,obqa_ef8b07b4b7eb5ca6244d,1
obqa,11-157,607,obqa_06c0eff3b732e28078ca,3
obqa,11-159,608,obqa_541f3e1fcdbd47d8433d,0
obqa,11-161,609,obqa_6ae56fda34f91ac2aed1,2
obqa,11-163,610,obqa_360ada0834c1e80a2df0,1
obqa,11-165,611,obqa_b53550bacb2f72a932be,3
obqa,11-167,612,obqa_ecfe6631e605aed68d39,1
obqa,11-168,613,obqa_2319a6a1f223806a4426,1
obqa,11-177,614,obqa_293254b8dd891d110f16,4
obqa,11-18,615,obqa_6fbc662851d5dd8d66d1,2
obqa,11-181,616,obqa_a3738f94b38a4782bf2c,1
obqa,11-184,617,obqa_7c99fdeea383cf7b304f,0
obqa,11-187,618,obqa_f04c89c0bb5bc3084b4a,0
obqa,11-188,619,obqa_49b91470e224480efbe9,3
obqa,11-190,620,obqa_45f13d88cc4a6905793f,3
obqa,11-191,621,obqa_53e63cd68a42de8e256b,1
obqa,11-192,622,obqa_183e937f4b001c94f67a,0
obqa,11-195,623,obqa_d16f0284e7b47508e8d5,0
obqa,11-197,624,obqa_ee5a24467f2964ec8baa,3
obqa,11-2,625,obqa_aae9f3d71e9cec9b34b1,4
obqa,11-20,626,obqa_10b763dfc9303d2a28b8,3
obqa,11-201,627,obqa_1ea18acd5ecec70ca241,1
obqa,11-202,628,obqa_ce786c9c6bb28dabd272,2
obqa,11-204,629,obqa_cbccc6a3935c15922682,4
obqa,11-21,630,obqa_c8066646f0905df331ba,4
obqa,11-210,631,obqa_0a9908d19fecd88d3df2,0
obqa,11-211,632,obqa_5e82c8696cd63b73c54d,2
obqa,11-212,633,obqa_261f72d3d127dde60f3d,0
obqa,11-213,634,obqa_fc58aaa31fde75e4be56,0
obqa,11-214,635,obqa_17e5e059e20dbf2b0699,3
obqa,11-215,636,obqa_bc2ca5dd5f28d79c781b,4
obqa,11-217,637,obqa_70767f89cc43d668fca1,3
obqa,11-218,638,obqa_8bc508a0fb9bc9d851e9,4
obqa,11-219,639,obqa_7c5dbc601aab310f1fe3,2
obqa,11-221,640,obqa_b3ef4c9e95f5af0e2fef,2
obqa,11-225,641,obqa_3430cb1c5c05b88cdcc3,2
obqa,11-226,642,obqa_3a732dec8d22e12e2539,1
obqa,11-227,643,obqa_fcfc22bf45f4e2b8f941,4
obqa,11-229,644,obqa_51a730f5ce5597a29fc7,4
obqa,11-23,645,obqa_ba26f5556a1f2ed4fb7f,4
obqa,11-230,646,obqa_190f41b58bd80af296a4,1
obqa,11-231,647,obqa_5d559a2ca04cfd9b993a,0
obqa,11-232,648,obqa_795051d6bfbc3b6abf51,2
obqa,11-233,649,obqa_3efe950b3b43da1a9f93,4
obqa,11-234,650,obqa_5e5fefd41c3238b48461,3
obqa,11-239,651,obqa_63bac2d07a0d5294e3a3,3
obqa,11-241,652,obqa_95bb1a3e685cc287e6ff,4
obqa,11-243,653,obqa_33f4b1b8fca54f2ed444,2
obqa,11-244,654,obqa_9be69cf13ad4ee4d790e,1
obqa,11-245,655,obqa_822b31af520563da4dbc,3
obqa,11-248,656,obqa_6993be52f95c4bfa4d5a,4
obqa,11-249,657,obqa_3f820a7c78c8f9df06da,3
obqa,11-25,658,obqa_83b9cb194388dc9eeba8,2
obqa,11-253,659,obqa_51217954e1ec3f0eeba0,4
obqa,11-254,660,obqa_f11ad3f1cf455e103c4b,2
obqa,11-257,661,obqa_03f4786322695ff21a30,0
obqa,11-258,662,obqa_5bf3179f9d73b82b2509,4
obqa,11-261,663,obqa_2a250174df918d11eef1,0
obqa,11-263,664,obqa_405f115d6accde78d193,4
obqa,11-264,665,obqa_b1a265071140d47d4418,3
obqa,11-265,666,obqa_2ad6b368a6998896f653,3
obqa,11-266,667,obqa_1e492c544f5956ab999a,4
obqa,11-267,668,obqa_b0b40f3f247eb228a236,3
obqa,11-269,669,obqa_3350387b24ace5ddcf66,4
obqa,11-27,670,obqa_7daf4c293f61bc26af9c,2
obqa,11-271,671,obqa_4ab0e0cd203fa57d42b4,3
obqa,11-272,672,obqa_c6e21f4ae1992351ffa0,0
obqa,11-273,673,obqa_be1ffb28c417dfe9b480,4
obqa,11-274,674,obqa_3da64b24af68ba4217c9,4
obqa,11-276,675,obqa_8aed6c1151b2da556e11,0
obqa,11-278,676,obqa_af97284ee235811a8a8c,4
obqa,11-28,677,obqa_6d5d859281cfc49fdcea,2
obqa,11-286,678,obqa_6389a35d1c044095a3dc,0
obqa,11-287,679,obqa_879f96f932be10cba919,4
obqa,11-288,680,obqa_83835567a4a8bd794be5,3
obqa,11-29,681,obqa_9e845ef46b36759a5ec6,3
obqa,11-290,682,obqa_d4d5026f98825f6144fb,3
obqa,11-293,683,obqa_ebb4d911501d8618c0a9,4
obqa,11-294,684,obqa_4ff989b8dedab087d519,0
obqa,11-298,685,obqa_f66c05c376503c9ebbb3,4
obqa,11-30,686,obqa_62deb409c620d4e38f1d,2
obqa,11-304,687,obqa_f26ef73516ebc76e0e92,3
obqa,11-305,688,obqa_b28bc6b5c5d70d15637d,1
obqa,11-306,689,obqa_a6b387863d2de776b054,0
obqa,11-307,690,obqa_6c4989319c42a801b75c,2
obqa,11-308,691,obqa_51e25db9115c20781e2f,1
obqa,11-31,692,obqa_30e4301088087986fca5,2
obqa,11-313,693,obqa_3042b1744d7e9c1f9abc,1
obqa,11-314,694,obqa_6c0f0edec41acafc989a,0
obqa,11-315,695,obqa_6ddb2f3ac691846f0ebd,4
obqa,11-321,696,obqa_4cf4ba9662ba3f64e3c3,2
obqa,11-323,697,obqa_019556a5bf49c7791680,4
obqa,11-325,698,obqa_d1c98017c5a3f2103976,2
obqa,11-326,699,obqa_02838321fe557bc7bdb2,3
obqa,11-327,700,obqa_fa952fb2521ccf16162b,0
obqa,11-328,701,obqa_6a21e500d6fa3f03b4b8,4
obqa,11-329,702,obqa_80898a0c356fbf941aea,0
obqa,11-33,703,obqa_edfc9aba302c6527300d,1
obqa,11-330,704,obqa_b31751cdad0f156d93b9,2
obqa,11-331,705,obqa_cebffff448649671bb68,2
obqa,11-332,706,obqa_5beeb7401548f531d540,3
obqa,11-333,707,obqa_dbfd41fafc4de072af3b,1
obqa,11-336,708,obqa_9d858683985e08c851e5,1
obqa,11-337,709,obqa_db1d121513b2c80528d0,4
obqa,11-339,710,obqa_e5a1ab883c4055ea5bf2,4
obqa,11-341,711,obqa_28b53149183438025eb5,0
obqa,11-343,712,obqa_90b7ab653befe4c9430b,1
obqa,11-346,713,obqa_4664b91054688ddfe55c,1
obqa,11-350,714,obqa_df9ddad0208f6edaaf7a,2
obqa,11-357,715,obqa_3b6ebc6c62bf2e364350,3
obqa,11-36,716,obqa_4cb138eae49142c746b5,0
obqa,11-360,717,obqa_c9e7fa73d9d82ed2769c,3
obqa,11-362,718,obqa_28592297110b6da8d051,1
obqa,11-363,719,obqa_b238c55575d618a6f019,1
obqa,11-365,720,obqa_dd73957aa48e0093e5b1,3
obqa,11-367,721,obqa_2a184d3bcc9b482b3c6b,4
obqa,11-372,722,obqa_c60f25cfeb9cc6bf31f2,0
obqa,11-374,723,obqa_e8fe516fe3066c319b16,1
obqa,11-375,724,obqa_82fda136b7d853d55be6,2
obqa,11-38,725,obqa_e9a5910da16cea896792,0
obqa,11-383,726,obqa_0f30fb900318c705f680,2
obqa,11-384,727,obqa_1fbc1a13f552c0472c80,2
obqa,11-385,728,obqa_05bb64989070e866f04c,3
obqa,11-388,729,obqa_d6f21ae11ac5feec5207,1
obqa,11-39,730,obqa_e08f178bd331e710d20f,2
obqa,11-395,731,obqa_8720b9386035071047a7,0
obqa,11-396,732,obqa_6e9e2e7cb99806f59024,1
obqa,11-399,733,obqa_c185fb0845ad0a317bda,0
obqa,11-400,734,obqa_7ed61f264a7fb72c6ea2,3
obqa,11-405,735,obqa_03f3bae6b27927e26c74,0
obqa,11-408,736,obqa_ace1a471e3740f0bddbf,4
obqa,11-41,737,obqa_5c56b20e4bfcb12ddca7,1
obqa,11-412,738,obqa_0894e9d8a8cb9715c38f,2
obqa,11-413,739,obqa_b449f78cb8a8278fbaa8,0
obqa,11-414,740,obqa_7be67642fce52e5ad9a6,3
obqa,11-416,741,obqa_2c4a82063c438cc86c5a,1
obqa,11-420,742,obqa_97e819cac7b10ed44e87,0
obqa,11-421,743,obqa_3f773b6569754ebb13f2,3
obqa,11-422,744,obqa_713c25bbea09f7edcb07,0
obqa,11-424,745,obqa_ab01676eda39deefe0fe,4
obqa,11-426,746,obqa_25bd35469958cf7f5d4c,3
obqa,11-427,747,obqa_158787895d2303696a2a,0
obqa,11-432,748,obqa_2fd5247b4302a81fe1b9,3
obqa,11-433,749,obqa_b337e95555a6d3d39ef5,0
obqa,11-435,750,obqa_13429dd18bd0b79235d9,1
obqa,11-437,751,obqa_16403ec983135edf13f0,1
obqa,11-44,752,obqa_9bc077652e3dcf5a3f52,3
obqa,11-440,753,obqa_910828be39a45ebbfe86,3
obqa,11-443,754,obqa_9a0cacb7ce43298e7526,3
obqa,11-445,755,obqa_a8ab7807ffdbde8e3fbd,4
obqa,11-446,756,obqa_6cab34c50b2b55ceb424,1
obqa,11-447,757,obqa_d69537f37b718a2c686e,0
obqa,11-448,758,obqa_74a59002a1654fcbcdc5,1
obqa,11-450,759,obqa_7815fc508036461435dd,0
obqa,11-456,760,obqa_48993ace2db5b37c0281,1
obqa,11-457,761,obqa_9102ea6b456d88ead360,2
obqa,11-459,762,obqa_6faa3726ae79da4cea7a,2
obqa,11-464,763,obqa_2b0d8ae2a26096e87a91,1
obqa,11-467,764,obqa_e00044e839ba82b7ba19,0
obqa,11-468,765,obqa_1e302baf15c214196106,4
obqa,11-469,766,obqa_5085e1842564f23f7ae4,3
obqa,11-47,767,obqa_e7e405783a2878a3b7a3,4
obqa,11-471,768,obqa_1beb8bbfd3878d1fa3cf,4
obqa,11-472,769,obqa_b6a450e2793ac3ac418d,0
obqa,11-475,770,obqa_94e6060e03ea873bfb7d,3
obqa,11-476,771,obqa_72690e662c60421844ab,0
obqa,11-477,772,obqa_9c646ae8ea642a7e26dc,2
obqa,11-478,773,obqa_79ced2dc37b6c2f57abf,4
obqa,11-479,774,obqa_5cbc53b0cb11b8e421e0,4
obqa,11-48,775,obqa_42b9548fc9f56856d08d,4
obqa,11-483,776,obqa_1841dfa04fb03d49122d,0
obqa,11-489,777,obqa_4abdb0980e2e04044325,0
obqa,11-490,778,obqa_20fc4c2a5266477e858c,4
obqa,11-492,779,obqa_e41791fc7f253d0a80b5,3
obqa,11-496,780,obqa_870949573c0d2531f8d7,2
obqa,11-497,781,obqa_c462de51ae0239b24e44,0
obqa,11-5,782,obqa_69a2173136f899d4fa7c,1
obqa,11-500,783,obqa_468a998821220d0d11fb,1
obqa,11-501,784,obqa_60c603d6acf1b74cd177,2
obqa,11-502,785,obqa_0c203a2be916062b325e,0
obqa,11-508,786,obqa_7de3e412ddf8719b5609,0
obqa,11-509,787,obqa_535bc110c5bfa6b6a19a,3
obqa,11-510,788,obqa_266f197b6a22a238d23a,3
obqa,11-513,789,obqa_18c49579daad21302bb7,1
obqa,11-514,790,obqa_19ac92c824931b6f9ecc,4
obqa,11-517,791,obqa_631823a9f5d7e08c6ae8,3
obqa,11-52,792,obqa_b6360c8f67a024dfca55,1
obqa,11-520,793,obqa_9dc9821e5423c6e41c2c,0
obqa,11-527,794,obqa_d5ada5ea363939f83537,3
obqa,11-528,795,obqa_7565655aee4e581f65df,2
obqa,11-53,796,obqa_7735f66c5f04376e98d0,4
obqa,11-530,797,obqa_83b302e7bc2dda3bd422,1
obqa,11-531,798,obqa_700a6b4349b387abaec6,4
obqa,11-534,799,obqa_bc352cd376e2476fa263,1
obqa,11-538,800,obqa_1cb72c717c8e0a2328cf,1
obqa,11-540,801,obqa_f8cac47c98662174f9e0,4
obqa,11-541,802,obqa_6053c30cb9789be7c302,2
obqa,11-544,803,obqa_d3a35b2d5917b56fc631,3
obqa,11-545,804,obqa_1b15fcb5eb16d55a6b16,3
obqa,11-549,805,obqa_4228ae153fda60345825,2
obqa,11-550,806,obqa_0b5ccb16ac428d28f0b9,0
obqa,11-553,807,obqa_6c57ed4372ff51145df7,4
obqa,11-554,808,obqa_cdabdefe728a6eb3b5b8,1
obqa,11-555,809,obqa_75886d5b2ccb9df51a91,1
obqa,11-557,810,obqa_ff048d26cfc8dce6298c,1
obqa,11-56,811,obqa_6bde65bb7f6369bea071,2
obqa,11-562,812,obqa_1aab14776788926b6fe8,3
obqa,11-571,813,obqa_ae9f57e75e9e0d2a3944,4
obqa,11-572,814,obqa_eaaff1fc5b8b26d75293,3
obqa,11-574,815,obqa_f86ee392d9335c2a2b0e,4
obqa,11-575,816,obqa_c4b5c58268247fc53f94,2
obqa,11-576,817,obqa_29cb639b8ff40967beaa,1
obqa,11-577,818,obqa_8d9210cd115b7b35693b,3
obqa,11-58,819,obqa_4ca01dbff65ffc7c4f4f,2
obqa,11-580,820,obqa_55accea7153b25746c0a,0
obqa,11-588,821,obqa_607cc299445dcc2d42fe,0
obqa,11-590,822,obqa_86a8e6429773e2f7df63,2
obqa,11-594,823,obqa_6f673bfc4ddc5a040464,0
obqa,11-595,824,obqa_f8daef98e55d5c611ccb,1
obqa,11-600,825,obqa_220eabdce0ff64ca8683,0
obqa,11-601,826,obqa_29d75b04a8a8ddfc00c8,3
obqa,11-602,827,obqa_5a56773fd2abcaf5f851,4
obqa,11-604,828,obqa_3effcc2d065ef2051094,1
obqa,11-608,829,obqa_0f3a979e3317690b255f,3
obqa,11-609,830,obqa_eea687d53a97db1d24e3,1
obqa,11-61,831,obqa_1e40f380c1a7a03c6cd4,4
obqa,11-610,832,obqa_0e4ac802de2e33df8da1,2
obqa,11-612,833,obqa_1969ff0cc51afa07e5cb,4
obqa,11-614,834,obqa_21707bfa3f2444295b15,1
obqa,11-62,835,obqa_f763ee793b25ee289327,1
obqa,11-621,836,obqa_ecc64beb98773944b151,3
obqa,11-623,837,obqa_4c2d6fedf03ed745bc94,4
obqa,11-624,838,obqa_efaced0a4126886c1fc7,2
obqa,11-625,839,obqa_4fc5e47aa1330a7c7600,3
obqa,11-626,840,obqa_ed531396c9d772ef634a,3
obqa,11-627,841,obqa_0277056e50ce4ae421d7,0
obqa,11-628,842,obqa_c33d40d7a31d99260c8c,4
obqa,11-630,843,obqa_4d6d357329705eef64a6,1
obqa,11-632,844,obqa_946b7a105d9dfee0f987,3
obqa,11-634,845,obqa_5743aee0da1854ddbff6,0
obqa,11-637,846,obqa_24f1c9cdf863a8d4abd9,2
obqa,11-641,847,obqa_423c78b489df2fcb5475,2
obqa,11-645,848,obqa_8f9eb10269674168317f,0
obqa,11-651,849,obqa_d977d53dba234a18c982,3
obqa,11-658,850,obqa_3a99ea18c5941bb6cf0f,4
obqa,11-659,851,obqa_0163b0b18bc65fa26916,0
obqa,11-661,852,obqa_7cb7407583618978bcdb,0
obqa,11-662,853,obqa_ad2c2dd27492d7738979,4
obqa,11-67,854,obqa_ab5d50259033d3b4966a,0
obqa,11-673,855,obqa_3f1ab5f290db6deb8f71,0
obqa,11-674,856,obqa_032d776def8790fb2dbd,4
obqa,11-682,857,obqa_7b184e2ab2cefa3a1025,0
obqa,11-684,858,obqa_b98ee35adecede031d23,3
obqa,11-685,859,obqa_2ebfec21a6d3138dfea0,0
obqa,11-688,860,obqa_2f0b607a05bb6485ecac,1
obqa,11-689,861,obqa_df90be73e8fc630d5b6e,1
obqa,11-691,862,obqa_b78b5e246f43a94d3d61,1
obqa,11-695,863,obqa_f812b80619bf680c5102,1
obqa,11-697,864,obqa_10dcd213bd30f68cd52c,0
obqa,11-698,865,obqa_2e2f313e701e7e87fdb3,0
obqa,11-7,866,obqa_fc30bd468aaeb676ef5e,3
obqa,11-703,867,obqa_34a5904538acb15bdf2a,0
obqa,11-718,868,obqa_f3dbcc49d4c601757375,4
obqa,11-72,869,obqa_a48f9dabd5eeddd8ad43,1
obqa,11-720,870,obqa_4360c12209f10da78e83,3
obqa,11-724,871,obqa_6e6fb07b25c883647773,3
obqa,11-728,872,obqa_6084d6ea890232e5baa5,0
obqa,11-729,873,obqa_7f12509c6cc160d81f70,0
obqa,11-734,874,obqa_cf734383cb778263ef23,4
obqa,11-740,875,obqa_385ffad8ab089b9ee0f2,3
obqa,11-746,876,obqa_32e46587beb3644943ea,1
obqa,11-748,877,obqa_f25b96df22f9c96f5d0a,4
obqa,11-75,878,obqa_8e38a3c233b32ba7911b,0
obqa,11-750,879,obqa_dedd4b738993624818c0,0
obqa,11-752,880,obqa_c2a91045700b3605012a,2
obqa,11-78,881,obqa_5c70377b574a353cc94f,4
obqa,11-79,882,obqa_b7e23c66dc28efac7eea,1
obqa,11-8,883,obqa_47e1bb53b30f71eb5658,1
obqa,11-83,884,obqa_68ec9c814d0cc212f640,2
obqa,11-88,885,obqa_24c57634dc6f6beea92f,4
obqa,11-89,886,obqa_3f444b2b9f88b20af157,3
obqa,11-9,887,obqa_34e855dbd7f6fa60431e,0
obqa,11-92,888,obqa_913abc2ebd95fba00a08,0
obqa,11-93,889,obqa_b4a1afdfa45c33d2b612,4
obqa,11-94,890,obqa_d4fa1269802534cd3f93,4
obqa,11-96,891,obqa_411a12f5b2d3e68f4747,2
obqa,11-97,892,obqa_1c7690213ed7dc536286,0
obqa,110,893,obqa_e96974b37222bf60bd27,3
obqa,1102,894,obqa_df72d33eb0cff6200d16,2
obqa,1111,895,obqa_cc1d954fffab11634e44,1
obqa,1115,896,obqa_218751471af8806ef32a,0
obqa,1128,897,obqa_4f713eb830ed93cf0889,4
obqa,114,898,obqa_2133c6eb8f604e19639c,3
obqa,1154,899,obqa_1fa64ed969f12b0bb238,3
obqa,1155,900,obqa_d3c939d325ece178641d,2
obqa,1157,901,obqa_a250ba79fded2050b00c,0
obqa,1159,902,obqa_325353ddc4f70bc03fd4,0
obqa,116,903,obqa_04d3a7b1e6ab7f175852,4
obqa,1163,904,obqa_c1fce566e68e8c9a75b6,2
obqa,1167,905,obqa_a79ed6904368ea063fa8,1
obqa,1172,906,obqa_b4bd004b5953369ba07e,4
obqa,1175,907,obqa_a33b8221c85cbdd9607c,0
obqa,1176,908,obqa_9e6327bb2911ae42419c,1
obqa,118,909,obqa_d4f5afb28a372110e118,0
obqa,1187,910,obqa_7336483106ba31d715df,0
obqa,1191,911,obqa_adde124873e7871c6fb9,0
obqa,12,912,obqa_53c5948aaa2558242124,1
obqa,12-10,913,obqa_e745682d6ae7f2505f26,3
obqa,12-1000,914,obqa_50ce56c96c3b5c1ea59e,0
obqa,12-1001,915,obqa_901effc71c26cf5d99a1,1
obqa,12-1003,916,obqa_d8dfcd4aef4d1c0967b8,0
obqa,12-1004,917,obqa_ce55276905a59f86ad3b,4
obqa,12-1005,918,obqa_caa39eea512a8a7e1f29,3
obqa,12-1006,919,obqa_1b368b684a3bf3b4e479,3
obqa,12-101,920,obqa_1668b4c284b401e8306a,2
obqa,12-1010,921,obqa_df31ed7b1e1402f879c6,1
obqa,12-1012,922,obqa_9f6088fb8e6d629c1c46,2
obqa,12-1022,923,obqa_de63844af989127b55a1,2
obqa,12-1023,924,obqa_4e4f9c5b50d77563739e,3
obqa,12-1026,925,obqa_2b60360315853db697eb,0
obqa,12-1027,926,obqa_dd79c08daa36a99108ca,0
obqa,12-1028,927,obqa_a220c718e5e295444b7d,3
obqa,12-103,928,obqa_870b9b2bd255afaf75a9,4
obqa,12-1031,929,obqa_f24b43eeffefcbf13b69,1
obqa,12-1033,930,obqa_e28b154a2c1c5b8f98be,3
obqa,12-1035,931,obqa_94be0309bbb2a175c621,1
obqa,12-1036,932,obqa_43041e956db4e618aead,4
obqa,12-1037,933,obqa_6d8fd73a62e9d98d2651,4
obqa,12-1039,934,obqa_17e65ea582b0c6d4ffad,3
obqa,12-1043,935,obqa_82cf5c61aa4ba14b99d9,4
obqa,12-1044,936,obqa_c12397f804e013198b87,3
obqa,12-1047,937,obqa_515a9b4db4f6915a7aaf,0
obqa,12-1050,938,obqa_9e33e10699fe45b9e85d,0
obqa,12-1053,939,obqa_0ff56391111e7378c24c,4
obqa,12-1055,940,obqa_9e296919d573400fc0cf,3
obqa,12-1056,941,obqa_6b8a855c4076d40fd3cf,2
obqa,12-1058,942,obqa_ba7c5ad0bbae01ba74ed,3
obqa,12-1059,943,obqa_96dd73effef69a8b8c60,3
obqa,12-1061,944,obqa_13fbf5986959e0666e3f,2
obqa,12-1062,945,obqa_d2928a5092a3e854f0bf,4
obqa,12-1063,946,obqa_ae9bdaef77879b00eb83,1
obqa,12-1064,947,obqa_625c2bc8c4f11d46eb44,1
obqa,12-1068,948,obqa_2c041b0d81c767327ffb,3
obqa,12-107,949,obqa_5a7b8583af409d73740d,3
obqa,12-1071,950,obqa_15808687f34def0dabe1,0
obqa,12-1072,951,obqa_8d541b5d301344bf57c4,1
obqa,12-1073,952,obqa_7a75e8b7b3191b015233,2
obqa,12-1074,953,obqa_94e650fa49f41098fc0c,2
obqa,12-1076,954,obqa_6fb69f885792f283f788,1
obqa,12-1077,955,obqa_f00f229fc30ff64b2713,3
obqa,12-1079,956,obqa_16dc3c5281a7c66c50a4,2
obqa,12-108,957,obqa_20be91daf6c85490af78,4
obqa,12-1080,958,obqa_3530c383dd46016f2965,3
obqa,12-1084,959,obqa_6450567d16d936521a4a,1
obqa,12-1085,960,obqa_989ede2118e32573900b,2
obqa,12-1087,961,obqa_08635aebda74b1621e46,2
obqa,12-1088,962,obqa_32c439b99868a9f46efb,0
obqa,12-1089,963,obqa_718334b7ab89db7ac087,2
obqa,12-109,964,obqa_accd98ecabe7251669db,3
obqa,12-1093,965,obqa_5efcf632b3af905f9548,1
obqa,12-1095,966,obqa_2d27c8a0dea24bc1ae17,1
obqa,12-1096,967,obqa_f4072c09ed0398de26c4,3
obqa,12-1097,968,obqa_59e89695fc48b9538c68,0
obqa,12-110,969,obqa_94dea13eede3f863006a,1
obqa,12-1101,970,obqa_019ebc0af39b234840c1,0
obqa,12-1102,971,obqa_97956a272adb80ff6c36,1
obqa,12-1103,972,obqa_151693e46342d1e51fa3,2
obqa,12-1104,973,obqa_a8ee275d15c316edf1dc,4
obqa,12-1105,974,obqa_48a808336f9130c78e5d,1
obqa,12-1107,975,obqa_0580824399827706590c,2
obqa,12-1109,976,obqa_992b6de02147167a0a6d,4
obqa,12-1111,977,obqa_0ff5892c1b829398e001,1
obqa,12-1112,978,obqa_6f0e946090be7dec1832,0
obqa,12-1113,979,obqa_79f5205500517f3f4e5d,3
obqa,12-1114,980,obqa_23dedf4e15a3c7a22aa2,4
obqa,12-1116,981,obqa_a4a24b518439d2a620dc,3
obqa,12-1117,982,obqa_57b1d9bb9a1b5aa3b717,0
obqa,12-1118,983,obqa_f613071467fe9e4f78e6,2
obqa,12-1119,984,obqa_ab83aad363443e5810bb,2
obqa,12-1124,985,obqa_62771c9a44635e590a5d,2
obqa,12-1125,986,obqa_16b84559a653fcd09645,4
obqa,12-1126,987,obqa_21736f1418ead185b87c,1
obqa,12-1127,988,obqa_4f45df1e34529c2336d9,4
obqa,12-1128,989,obqa_0b18b5b50e6fb99d2397,0
obqa,12-113,990,obqa_0beb087a5338c08cd676,0
obqa,12-1131,991,obqa_b94c69e396e476fb2a64,4
obqa,12-1133,992,obqa_d9144e21fa7bd23cedda,4
obqa,12-1135,993,obqa_c591391f393c58c918f6,4
obqa,12-1137,994,obqa_35890f83be9b02e3dfa5,2
obqa,12-1138,995,obqa_c85953cc1e51d56a02db,1
obqa,12-1139,996,obqa_956d7c274fc8fe3c056a,4
obqa,12-114,997,obqa_d18ac0ed1295450331a6,2
obqa,12-1140,998,obqa_95b63a2053ec637ded58,0
obqa,12-1141,999,obqa_565de41a0e22e585a4dd,3
obqa,12-1143,1000,obqa_c58d110ea3d4f4cce3b4,3
obqa,12-1144,1001,obqa_992dbaac3965a83b70a1,1
obqa,12-1145,1002,obqa_5b4f0f43849956001f79,3
obqa,12-1147,1003,obqa_b92527036a74aae25140,2
obqa,12-1149,1004,obqa_ba61fc31df085ee18cdd,2
obqa,12-115,1005,obqa_73b8921f92c14ab4e4aa,0
obqa,12-1157,1006,obqa_0b3cfa53776bf2bf9e7d,4
obqa,12-1158,1007,obqa_ce2389da9afa6a9902fa,1
obqa,12-1160,1008,obqa_d585786924304a1d1adc,0
obqa,12-1161,1009,obqa_ee14d51c9242446730cc,1
obqa,12-1162,1010,obqa_ac3a22771e676aad1709,2
obqa,12-1164,1011,obqa_2cc8c27efaf185eca970,1
obqa,12-1166,1012,obqa_e840975b372cbdace24f,2
obqa,12-1167,1013,obqa_241abfc36f86c1ff93f5,2
obqa,12-1168,1014,obqa_e15cde41b438297e0794,0
obqa,12-117,1015,obqa_d8a2a1c4258bfc83de17,1
obqa,12-1171,1016,obqa_04d00020a329d3815495,4
obqa,12-1175,1017,obqa_f8fff53bc38c745a2f83,2
obqa,12-1176,1018,obqa_362d1a1e86bcd6939d8c,1
obqa,12-118,1019,obqa_9da43de8d502ffb41eb2,2
obqa,12-1182,1020,obqa_8b146f402d26f4963109,2
obqa,12-1184,1021,obqa_129915a6c2daf0e7de79,3
obqa,12-1186,1022,obqa_b8fac6d572a7ec204234,4
obqa,12-1188,1023,obqa_45d9f0836e1248c3176d,4
obqa,12-1190,1024,obqa_e5539667cf76bc6746b1,1
obqa,12-1191,1025,obqa_7e1c1eb3b20e5ee6579a,1
obqa,12-1196,1026,obqa_39bb6e6db3c5c8749445,3
obqa,12-12,1027,obqa_3e4e38de049c3c352e15,3
obqa,12-120,1028,obqa_8b88b1f8eab276a57580,0
obqa,12-1203,1029,obqa_23ca72ab73b744a06e3a,2
obqa,12-1204,1030,obqa_27e95198904e748c4dc8,2
obqa,12-1209,1031,obqa_57837435cb46d6b6690f,2
obqa,12-121,1032,obqa_701bbfe17c94c755d786,4
obqa,12-1212,1033,obqa_d99cdcfe2448757312dc,0
obqa,12-124,1034,obqa_53ad93bc118c39cf874b,4
obqa,12-126,1035,obqa_cf52d0ccc177310e6c5e,3
obqa,12-131,1036,obqa_6036bef5563b9b141ec5,3
obqa,12-133,1037,obqa_0e3d70d02547d90f6a8d,0
obqa,12-136,1038,obqa_8d630d9231db4dc45f15,4
obqa,12-14,1039,obqa_7d02d901a99365131eeb,0
obqa,12-142,1040,obqa_0575b0cfc758ca936f40,2
obqa,12-143,1041,obqa_48af4b5e4b7ffa2f634b,2
obqa,12-145,1042,obqa_53ad524e5df4a7e448a0,2
obqa,12-147,1043,obqa_bb79ac58d2a96816bc9e,0
obqa,12-148,1044,obqa_46226d79f5eee654ad3d,4
obqa,12-149,1045,obqa_1c291a2776aa6f47e4e5,0
obqa,12-15,1046,obqa_46e25aad74745ea8d9b2,1
obqa,12-153,1047,obqa_a50229d190329ac5f29f,4
obqa,12-155,1048,obqa_9a272985d0124b17db65,4
obqa,12-157,1049,obqa_b83f2c2b51f2588e167d,3
obqa,12-159,1050,obqa_e35adc4c51c043834522,0
obqa,12-16,1051,obqa_ed94c5d4eeb1595e58eb,4
obqa,12-160,1052,obqa_527b20c119ad570e0625,4
obqa,12-167,1053,obqa_8a08ca1528713f0ef579,0
obqa,12-168,1054,obqa_eeb2e366b0a85991b6f7,3
obqa,12-169,1055,obqa_4006e6947e3be4845653,3
obqa,12-171,1056,obqa_ed1d5f6af91d7730d1f0,1
obqa,12-172,1057,obqa_01379d026cac50e6d30f,4
obqa,12-173,1058,obqa_476349e0a7395f73132b,4
obqa,12-176,1059,obqa_197490fddff94a73cca5,2
obqa,12-178,1060,obqa_14d406682d9faf56a3fb,3
obqa,12-179,1061,obqa_1be7a9fcc4eeae8879a6,2
obqa,12-18,1062,obqa_4f5952d702e4bab0f725,3
obqa,12-180,1063,obqa_7e8c82a6c721d964d63c,1
obqa,12-182,1064,obqa_fc6e9db81d4a45d8b000,3
obqa,12-183,1065,obqa_03191de48511e9b2dc3a,1
obqa,12-185,1066,obqa_c27741de03f140927a76,2
obqa,12-186,1067,obqa_c1862423f23f63366e04,2
obqa,12-188,1068,obqa_7109beb2df8bb590525a,1
obqa,12-189,1069,obqa_77c8f39a314260b72e2d,4
obqa,12-190,1070,obqa_4d6813dca23ac2450316,4
obqa,12-192,1071,obqa_baf3893705a2b1c2a2ca,0
obqa,12-194,1072,obqa_0be9e4751b841cc72ba1,4
obqa,12-196,1073,obqa_926d6dcda1aaef79ae15,3
obqa,12-197,1074,obqa_d43521a23ebde9136b00,1
obqa,12-198,1075,obqa_0d8d84102a08e6821b9a,1
obqa,12-203,1076,obqa_10a4a59a53648a319465,2
obqa,12-207,1077,obqa_0f07009eeb1085e54a13,2
obqa,12-209,1078,obqa_4be6c6200e41872e1489,4
obqa,12-210,1079,obqa_5f0e171c99d887725314,3
obqa,12-212,1080,obqa_58cbeb9800d6e3e93f83,4
obqa,12-214,1081,obqa_ba782dfd4c6bee431164,2
obqa,12-215,1082,obqa_ed1405a248f82d01d394,3
obqa,12-216,1083,obqa_d72b74f8547bd9f1fa74,0
obqa,12-218,1084,obqa_3e2bd62078cb0b3605d0,2
obqa,12-219,1085,obqa_dcdc4195589589b2d252,0
obqa,12-223,1086,obqa_15218523e9ced2b67cc8,4
obqa,12-226,1087,obqa_d7f09e1d85355aef8d71,2
obqa,12-227,1088,obqa_31475c1f6654f91d2d77,1
obqa,12-228,1089,obqa_973b8f95ed0498b4fbbc,1
obqa,12-23,1090,obqa_beff8d31bd1e3cbb8bf4,1
obqa,12-232,1091,obqa_c4ab170fb6777dcc5e09,4
obqa,12-233,1092,obqa_388ee2c9660f2ed3b09d,2
obqa,12-235,1093,obqa_6e1dcde60f6d66b78382,4
obqa,12-237,1094,obqa_021bcef1a6a8f47c2d4f,0
obqa,12-238,1095,obqa_de2c9666d50822a96f95,0
obqa,12-24,1096,obqa_8a86bee3893a2929c1dc,4
obqa,12-240,1097,obqa_34f3ce48dfc72ce976f2,2
obqa,12-245,1098,obqa_815268555c1c0b07a8a0,3
obqa,12-249,1099,obqa_9069dc411c8936d0f70e,4
obqa,12-25,1100,obqa_4fdc778265e6a5a60531,0
obqa,12-250,1101,obqa_5e84410864d8b56cc306,0
obqa,12-253,1102,obqa_c7e1f1bfa6c767726e32,4
obqa,12-255,1103,obqa_ef33b8e1fbaa3b108308,0
obqa,12-256,1104,obqa_90b4d3d87b3e41090e2d,2
obqa,12-257,1105,obqa_3573561849353df44d77,0
obqa,12-258,1106,obqa_996b0e44eb36572f2f62,3
obqa,12-259,1107,obqa_afc92572c181db1cf96f,1
obqa,12-26,1108,obqa_ccbce477e6f260fda5b6,0
obqa,12-261,1109,obqa_cc008f1634971ffb8aa9,1
obqa,12-265,1110,obqa_233ef9ed3d67b9862a6a,0
obqa,12-266,1111,obqa_d7986672afc6d96e70ef,4
obqa,12-267,1112,obqa_25e49552c9d877ab677b,4
obqa,12-268,1113,obqa_94b19aabc6aa886fc289,2
obqa,12-269,1114,obqa_c93d21d1fba76b21bacf,0
obqa,12-272,1115,obqa_8321b165fd9702e3ec17,0
obqa,12-273,1116,obqa_914079ae45b4bd6f5af0,2
obqa,12-277,1117,obqa_37e26e949271dcec6e6d,2
obqa,12-284,1118,obqa_9c87837d59ae7d47c99c,0
obqa,12-285,1119,obqa_b4a59779ce641af6ba2c,0
obqa,12-286,1120,obqa_ec441a1c7641e33a72aa,3
obqa,12-289,1121,obqa_027a41a4940ce284a60f,1
obqa,12-29,1122,obqa_88d1cb08f30b6b072f6e,1
obqa,12-290,1123,obqa_b975a5ca543a77341bcf,0
obqa,12-292,1124,obqa_70a6af5983a204f0e88c,1
obqa,12-293,1125,obqa_779095eab349912e8204,2
obqa,12-294,1126,obqa_b8a412686f2c7489db21,0
obqa,12-296,1127,obqa_956a5405b1574ebfa7d5,3
obqa,12-297,1128,obqa_b78841f39bce516a2301,3
obqa,12-299,1129,obqa_71b643f88de4c2d40434,0
obqa,12-302,1130,obqa_a53502d4b12cc232efd4,3
obqa,12-303,1131,obqa_2fb154e0b679ee05a038,4
obqa,12-304,1132,obqa_f5f5cb283186a4db28cf,0
obqa,12-305,1133,obqa_e300fdbb878849a960c8,0
obqa,12-308,1134,obqa_ba0f1dbcc99987ca4164,3
obqa,12-309,1135,obqa_b678cd12cb76913ffc12,4
obqa,12-311,1136,obqa_96d44291e6765026c7a0,1
obqa,12-312,1137,obqa_c1ba1d36a9c3afb65809,2
obqa,12-313,1138,obqa_fa4b0e032f41790fdecd,1
obqa,12-316,1139,obqa_69636d0f051170fcb333,4
obqa,12-317,1140,obqa_1af7e0d412560a56dffe,3
obqa,12-319,1141,obqa_9dfde74e454693a88465,1
obqa,12-32,1142,obqa_e2109c15379e967ccff9,2
obqa,12-323,1143,obqa_5f7c95c79c7e4f15438c,1
obqa,12-325,1144,obqa_316fb9702acb4f707d64,1
obqa,12-328,1145,obqa_8d702df06d5fb5cb5d3d,1
obqa,12-329,1146,obqa_54cb789337fac80c5cba,3
obqa,12-33,1147,obqa_70943bb8748537518601,1
obqa,12-330,1148,obqa_68ee178adf339bb4b16b,0
obqa,12-331,1149,obqa_cfe7157e238ab55895ad,4
obqa,12-332,1150,obqa_8ef9061575a6ac64a5c4,3
obqa,12-334,1151,obqa_7e978e54e7bd4bf76ba9,4
obqa,12-335,1152,obqa_6a6d3a5a8402b1323c60,3
obqa,12-336,1153,obqa_0d594d9fd169fc403257,2
obqa,12-337,1154,obqa_a3961198a0366247d727,1
obqa,12-338,1155,obqa_7e163992ad1ff290c162,4
obqa,12-339,1156,obqa_c94c2a38e04bf62feb3a,2
obqa,12-340,1157,obqa_cf6057fbb98fe986efd7,0
obqa,12-344,1158,obqa_baeffc63415552e38d9b,2
obqa,12-345,1159,obqa_e09cecc45445d6315bd9,3
obqa,12-346,1160,obqa_a2fd2a036a7240c29f73,4
obqa,12-348,1161,obqa_5deac6c0c1a8140f42e8,0
obqa,12-35,1162,obqa_5cb59b77d483fd9f4323,4
obqa,12-350,1163,obqa_e9a3816167694a2d0a94,3
obqa,12-351,1164,obqa_8bacf029ae75cd3fb7ef,3
obqa,12-353,1165,obqa_cb12f2b6442cb9fd47fe,4
obqa,12-354,1166,obqa_699c5fb76886cdeefedb,2
obqa,12-355,1167,obqa_e35243a73fb530d43ba7,0
obqa,12-356,1168,obqa_f1ea2a6be03bb5a7c862,3
obqa,12-357,1169,obqa_9ddf29b1104ee302e16e,2
obqa,12-36,1170,obqa_8728570e422f9e38d11b,1
obqa,12-361,1171,obqa_9425b690801dc23ce5b2,4
obqa,12-363,1172,obqa_1d9772ea259d121c6e0d,0
obqa,12-364,1173,obqa_47b8396861469b00ba24,3
obqa,12-365,1174,obqa_4b7fe20f277bf3a3ffb7,1
obqa,12-370,1175,obqa_bee5632c5f05384d095d,4
obqa,12-371,1176,obqa_4d911228af130891b7a0,1
obqa,12-373,1177,obqa_c04020b8db19b654adf3,4
obqa,12-375,1178,obqa_45da92d84cad20cc3fb3,1
obqa,12-377,1179,obqa_3d597637b2aa414be2df,2
obqa,12-379,1180,obqa_11791a183e76caefe76d,1
obqa,12-38,1181,obqa_4d738fb3de038b8909ed,2
obqa,12-380,1182,obqa_b6f145bdd367a95322bb,3
obqa,12-381,1183,obqa_c06c365717e7ae90730c,3
obqa,12-382,1184,obqa_b59eee0bf79cddc4a3d9,3
obqa,12-383,1185,obqa_581bba3d2231552ea35d,2
obqa,12-386,1186,obqa_94918ad90de582aa8855,4
obqa,12-388,1187,obqa_3ec532f85cbd24ad907c,2
obqa,12-389,1188,obqa_e778bd6d370ed85d0e5e,1
obqa,12-391,1189,obqa_10476c0fcafcc1496155,3
obqa,12-392,1190,obqa_1d3f3a50890e30a215ed,2
obqa,12-394,1191,obqa_af1724d10695ae6760f6,2
obqa,12-396,1192,obqa_61aa4cd7f36155a3ff0b,3
obqa,12-398,1193,obqa_0294c902d2b108a746ca,0
obqa,12-399,1194,obqa_60b63338453ef5f53d94,4
obqa,12-400,1195,obqa_469d708bfe22143c20b3,4
obqa,12-403,1196,obqa_4bdf08b3defbb4144ef8,3
obqa,12-404,1197,obqa_968fd5fa10b1320702b8,0
obqa,12-405,1198,obqa_8e2a3351db11dc138cf0,1
obqa,12-406,1199,obqa_e1ad702b835d55afd332,1
obqa,12-407,1200,obqa_681dbfe5b9c6066a14d0,4
obqa,12-408,1201,obqa_6960039197c33ed20ba6,0
obqa,12-412,1202,obqa_e7b911110e83b63707ba,0
obqa,12-415,1203,obqa_ee2cce0301ebf5ea7556,1
obqa,12-418,1204,obqa_465b0686455f58d0224f,4
obqa,12-422,1205,obqa_6e29568a556d7f251d9f,2
obqa,12-432,1206,obqa_9bd42ff8353761b45082,0
obqa,12-433,1207,obqa_0a38559c4baab8871cc9,1
obqa,12-434,1208,obqa_e6b1672131f35fe49f8f,0
obqa,12-437,1209,obqa_1fedd5c1704e1ba8a108,4
obqa,12-438,1210,obqa_2f848efb9515a4581659,2
obqa,12-44,1211,obqa_070ffc48a0e401c591be,3
obqa,12-441,1212,obqa_6a06d2a060a66b9d58b8,4
obqa,12-442,1213,obqa_f0a38cbecc578227fd23,3
obqa,12-444,1214,obqa_27c764f06f6b6d2594c6,0
obqa,12-445,1215,obqa_a8b7aa7b6dd56d811653,4
obqa,12-448,1216,obqa_7f33b29d6ae459878751,2
obqa,12-451,1217,obqa_36ff109d7d84ba36d87a,1
obqa,12-452,1218,obqa_f14a3dd5d9225d108e6b,3
obqa,12-453,1219,obqa_143d497e060a4603eff2,2
obqa,12-455,1220,obqa_ae28e340fbf86812fd34,0
obqa,12-456,1221,obqa_584b7c02154248e4247b,2
obqa,12-457,1222,obqa_4e4d3393d680f83f0dd4,3
obqa,12-459,1223,obqa_7649a792e96683854747,2
obqa,12-46,1224,obqa_8b08c0aa4f13c1d18191,3
obqa,12-460,1225,obqa_1f29378bc5ca17afd3d5,0
obqa,12-463,1226,obqa_35e0921c02b5d1e14243,1
obqa,12-464,1227,obqa_8838f83279174d1cb138,4
obqa,12-466,1228,obqa_dd33d5be010ae062384a,3
obqa,12-467,1229,obqa_833d72cf12dd82319faf,4
obqa,12-469,1230,obqa_3c1b1264d50c9c7f0980,2
obqa,12-47,1231,obqa_864a6354d2661464144a,1
obqa,12-471,1232,obqa_338865e2f083b9f676e4,2
obqa,12-472,1233,obqa_7c139d50f76a0bd0b80d,0
obqa,12-476,1234,obqa_e844862607d0b40f7bda,2
obqa,12-479,1235,obqa_d645515b053899d41b44,1
obqa,12-481,1236,obqa_55c7d6ae094912443bcf,3
obqa,12-483,1237,obqa_a29cd970f94e177e554c,1
obqa,12-485,1238,obqa_136ef2b456dc87009326,4
obqa,12-486,1239,obqa_690204e52483516a8b40,3
obqa,12-487,1240,obqa_cb7d0bd82e20099a8e18,3
obqa,12-490,1241,obqa_cb3f4ea5c8444a28c613,2
obqa,12-491,1242,obqa_44ac1b39dbfdd06ec06c,0
obqa,12-493,1243,obqa_8b098399208c9834c6a0,2
obqa,12-495,1244,obqa_f468e9c32a30bb5ef5f6,1
obqa,12-50,1245,obqa_cff062d4e37542a61a35,2
obqa,12-501,1246,obqa_785dc622ae3616c7da57,3
obqa,12-503,1247,obqa_50a3e2ab3c75ce6ac803,0
obqa,12-504,1248,obqa_14640e742ef9ab4b834d,0
obqa,12-506,1249,obqa_386329063ab17b87221c,4
obqa,12-509,1250,obqa_ed03004a69987771cd0c,2
obqa,12-51,1251,obqa_a40fb9f9529894c679ae,1
obqa,12-511,1252,obqa_14c6cdd8d2b80138951e,3
obqa,12-512,1253,obqa_f3c04a6d96ad89e3b8c0,0
obqa,12-515,1254,obqa_0196ff7b50cfe8bb0af4,4
obqa,12-517,1255,obqa_90d026660db44b46f237,1
obqa,12-52,1256,obqa_c7a7672db85449090593,4
obqa,12-521,1257,obqa_3d9f8522e38671f77824,2
obqa,12-524,1258,obqa_4148eb52f065b55363fa,1
obqa,12-526,1259,obqa_bfe19ac560e0a58036dc,3
obqa,12-530,1260,obqa_4c240e0e95db06101b60,2
obqa,12-531,1261,obqa_1c0db50e8c6d81fb5be4,0
obqa,12-532,1262,obqa_d727aec52267d3703738,1
obqa,12-533,1263,obqa_2dfb4b8dcbfaa402e410,2
obqa,12-535,1264,obqa_8dc4de5cf3563c076679,1
obqa,12-537,1265,obqa_595fee9b8e4b5f9c73fd,4
obqa,12-540,1266,obqa_4e86e9b9651e653c3524,4
obqa,12-544,1267,obqa_34c0426a8b0ea2086e52,4
obqa,12-546,1268,obqa_4f577aca9976505a7ff2,4
obqa,12-547,1269,obqa_f2f9df047b320a7ec337,0
obqa,12-548,1270,obqa_4764f0db61a8d641a51d,1
obqa,12-551,1271,obqa_5e8dfa85f078b2da29eb,2
obqa,12-554,1272,obqa_d79bf4471b9c9553890b,1
obqa,12-558,1273,obqa_50c35e75759c38350ef5,2
obqa,12-56,1274,obqa_a39bed83c99c236affc0,3
obqa,12-562,1275,obqa_78ff99b799eea3e78871,4
obqa,12-563,1276,obqa_ac54503e6dbf18a55609,2
obqa,12-566,1277,obqa_a2365963dfe683499db7,3
obqa,12-568,1278,obqa_4e07749af23ff9d93c17,1
obqa,12-574,1279,obqa_64d79d67e3d1651f03b4,2
obqa,12-575,1280,obqa_012f7a80022e918b36a8,4
obqa,12-578,1281,obqa_f881b0a6c7974ba8a990,1
obqa,12-58,1282,obqa_5b1ab3eb31fbe426545d,1
obqa,12-582,1283,obqa_d1be26d4a90f8add65af,1
obqa,12-583,1284,obqa_a4f33f21dd3e0c3070a0,3
obqa,12-586,1285,obqa_8a37e57e21cb3f57f20c,2
obqa,12-588,1286,obqa_191d610570a492e324c5,0
obqa,12-589,1287,obqa_59f367f9a49e258f6fd7,0
obqa,12-590,1288,obqa_632c8c66501058d4a18a,4
obqa,12-593,1289,obqa_fd7f2939ed257a01f639,2
obqa,12-594,1290,obqa_8170c798b9bff30c77ce,1
obqa,12-595,1291,obqa_377a1fc6ff416e3ba0c2,0
obqa,12-596,1292,obqa_21b8c035a6adc84bf507,3
obqa,12-597,1293,obqa_7c904437acd9e0ff6ac4,4
obqa,12-598,1294,obqa_b621f937aa6b810e0197,4
obqa,12-6,1295,obqa_ddc38a391c276533cdff,1
obqa,12-600,1296,obqa_7cb2fdf431e597d70182,1
obqa,12-602,1297,obqa_f7375ab2b9f0a63be314,0
obqa,12-603,1298,obqa_ae0f21712b31de686166,1
obqa,12-608,1299,obqa_bc3008482eb995e13086,1
obqa,12-611,1300,obqa_3ebc2a3352183911386e,1
obqa,12-613,1301,obqa_dc965628ed506b152a56,0
obqa,12-614,1302,obqa_85fbb9c59601b99e91a5,3
obqa,12-616,1303,obqa_43ef9039a2903a6739e8,3
obqa,12-619,1304,obqa_8989781d5cc867aa1dda,3
obqa,12-620,1305,obqa_a759c698aa587898c821,3
obqa,12-622,1306,obqa_5921dcb43f498891199f,2
obqa,12-623,1307,obqa_84b631a18c1f407cfa75,0
obqa,12-624,1308,obqa_f6060db9a14365c8116b,1
obqa,12-625,1309,obqa_2469450523e235d5c2b6,1
obqa,12-627,1310,obqa_dd243ef4454aaf4afb25,4
obqa,12-629,1311,obqa_9393b668f6b0f0079924,1
obqa,12-63,1312,obqa_649d385ef11cb7c9afa3,2
obqa,12-632,1313,obqa_b8854e0f7da3c6cd0310,1
obqa,12-634,1314,obqa_647f26e8cbbb6585d1bf,0
obqa,12-635,1315,obqa_82ef642cfdc2db6cb52a,1
obqa,12-636,1316,obqa_56f2c7a661655c27ef72,1
obqa,12-637,1317,obqa_847f144ffb4d4674566f,2
obqa,12-638,1318,obqa_93e515e8cfefa8a54792,0
obqa,12-639,1319,obqa_674d302c21ebe50c35cb,1
obqa,12-64,1320,obqa_fe21ff3acebb1673dd7e,0
obqa,12-640,1321,obqa_13eec0cf24af05d2c662,1
obqa,12-641,1322,obqa_7fb1a12d8912a30f00c4,0
obqa,12-642,1323,obqa_f11817ea1f98c41a87e3,0
obqa,12-643,1324,obqa_ed09115a4eeac5d1c7dc,2
obqa,12-646,1325,obqa_453aaf0290e02224b8b4,3
obqa,12-647,1326,obqa_b0ae2b32ba2cf1b31045,0
obqa,12-648,1327,obqa_21fc569ce5c8e1bdaab0,2
obqa,12-649,1328,obqa_336b3dd8b4836eef6f0d,3
obqa,12-65,1329,obqa_b9777440c7a7d57b3a26,0
obqa,12-651,1330,obqa_3760285332a766bda4af,3
obqa,12-653,1331,obqa_3cc4e95cdb622c40d5a0,4
obqa,12-654,1332,obqa_4ed53caafdd311ea8a7a,0
obqa,12-655,1333,obqa_1fa37394d6a37452e12a,2
obqa,12-656,1334,obqa_c41941376b7e67164f39,4
obqa,12-658,1335,obqa_1ea617e5050077089171,2
obqa,12-659,1336,obqa_b3fc4da0470dc71e4ae4,2
obqa,12-66,1337,obqa_fa69f8e383c953921c64,0
obqa,12-660,1338,obqa_fb3bb95fc4594d7628ac,4
obqa,12-663,1339,obqa_be2a0824cc6468bf6f9a,3
obqa,12-664,1340,obqa_b17a15506d5df6f452b6,4
obqa,12-665,1341,obqa_bd6495556ddd456def56,4
obqa,12-666,1342,obqa_360946c3c4d7e6236159,3
obqa,12-667,1343,obqa_6da812626c0527b35cee,3
obqa,12-668,1344,obqa_0f00c7dcf2e3db39bac5,4
obqa,12-67,1345,obqa_a45098ca078249a4f3cd,3
obqa,12-671,1346,obqa_0401ddb4d99d7485d76e,1
obqa,12-672,1347,obqa_871b8f1684ced89b6005,0
obqa,12-673,1348,obqa_b117590c81e6316171e1,4
obqa,12-675,1349,obqa_b8887bd146a5e445a8b5,4
obqa,12-677,1350,obqa_a147ea05790a725c3e92,3
obqa,12-678,1351,obqa_5f798b72d47c20b65787,0
obqa,12-681,1352,obqa_1231f8e6e4f258ab8bd4,0
obqa,12-683,1353,obqa_8159d727a9542e401bf4,2
obqa,12-684,1354,obqa_fb44003ce2bb3b1c24ce,1
obqa,12-686,1355,obqa_e6781b1e2ddad007910a,3
obqa,12-687,1356,obqa_f4d9fc189ce80b8bfd33,3
obqa,12-688,1357,obqa_ab0dc37fcff78eb230d7,1
obqa,12-690,1358,obqa_7c3aa9f20bc6353223df,3
obqa,12-691,1359,obqa_29d4286226cdf2db0627,0
obqa,12-692,1360,obqa_8ac013d146d44e4946f2,3
obqa,12-696,1361,obqa_9948623dd7cff98623e5,2
obqa,12-697,1362,obqa_a17ffe53aa5d807f4b62,1
obqa,12-698,1363,obqa_20271e6995126c5590a9,2
obqa,12-7,1364,obqa_d7c2010b8e4200e17808,2
obqa,12-701,1365,obqa_61539941f70e2b47125d,2
obqa,12-703,1366,obqa_e943f63def5887bf9f50,3
obqa,12-705,1367,obqa_beddd7e568a9577df46b,4
obqa,12-71,1368,obqa_0f85dc390755b6b31661,2
obqa,12-711,1369,obqa_8986efb3bbee2a1e76ed,3
obqa,12-712,1370,obqa_2f93fb7b65bb49518a11,1
obqa,12-714,1371,obqa_29e30f655821745af6f2,2
obqa,12-717,1372,obqa_720e20cf6c8c512c31e0,0
obqa,12-719,1373,obqa_f573414900c9e7d2e375,4
obqa,12-724,1374,obqa_ce1582cb9a63d20b2e72,1
obqa,12-729,1375,obqa_dc181c4a36812ab19ee2,3
obqa,12-73,1376,obqa_a31d5cf449346a689606,3
obqa,12-731,1377,obqa_fc279090d9da9c5a9425,0
obqa,12-732,1378,obqa_8ed5d248b1eec4065022,4
obqa,12-733,1379,obqa_1fde1e1905d0aa165096,4
obqa,12-734,1380,obqa_b4b2ab11b63e0dc01f9b,4
obqa,12-735,1381,obqa_f3e8b38ab131f9cee539,2
obqa,12-741,1382,obqa_ff136de809c788e21168,1
obqa,12-742,1383,obqa_206f5ba701f497223a32,0
obqa,12-744,1384,obqa_20b4710fa5c56364022f,3
obqa,12-746,1385,obqa_e6f4c22b80d0eba87bfb,4
obqa,12-747,1386,obqa_cd416b281565df8b86f6,2
obqa,12-748,1387,obqa_425a375edecff51faa06,0
obqa,12-75,1388,obqa_37d02d5ed3c63d016984,0
obqa,12-751,1389,obqa_ca963d94805f01c0c687,2
obqa,12-752,1390,obqa_2bf523c59119909ca21a,0
obqa,12-753,1391,obqa_cdf0809fad043bcc673f,3
obqa,12-756,1392,obqa_9bf6cb76d76fcfb62340,1
obqa,12-758,1393,obqa_d9b7ae8b5e0730ac97f0,4
obqa,12-762,1394,obqa_4babf9e9e0fc69fcaf2e,2
obqa,12-767,1395,obqa_8870f822ab016d42feae,2
obqa,12-769,1396,obqa_1f513925992d4425e83b,2
obqa,12-772,1397,obqa_fbc1f0e6a899304817fb,3
obqa,12-774,1398,obqa_d027e901c71c189e2e4e,2
obqa,12-775,1399,obqa_fa3161f8676c8e5f1926,3
obqa,12-776,1400,obqa_1ced70404447cb2525bd,4
obqa,12-778,1401,obqa_88f86bf615a80a90e20a,4
obqa,12-779,1402,obqa_4b165d3079f1cd86cd43,0
obqa,12-780,1403,obqa_9343832eee70b0fa6898,4
obqa,12-784,1404,obqa_99b05917842a9ada2390,0
obqa,12-786,1405,obqa_e4390d188e6025198998,2
obqa,12-790,1406,obqa_c121d17ae78ef0c83b96,2
obqa,12-795,1407,obqa_f9266aaf96b5ff089935,1
obqa,12-796,1408,obqa_a7ed2dad22212d2a107e,1
obqa,12-797,1409,obqa_33adab6120d4e49ff4c7,2
obqa,12-798,1410,obqa_137c8a26ec39fc82c6d6,0
obqa,12-799,1411,obqa_084c3458779020e5f5e3,1
obqa,12-8,1412,obqa_189c3ddb17f20862fdb4,0
obqa,12-80,1413,obqa_3a9ef352fe23c01b6ded,0
obqa,12-800,1414,obqa_d836fd1a34d90768d872,1
obqa,12-803,1415,obqa_4617f78fe5b398521aab,2
obqa,12-804,1416,obqa_47153751e9624982ef79,4
obqa,12-807,1417,obqa_35165edc88726a4f76d2,3
obqa,12-808,1418,obqa_e398cbc913b70c467694,2
obqa,12-812,1419,obqa_c3d28b18821313d0307a,1
obqa,12-813,1420,obqa_5feaabfe9dd17ad7e895,3
obqa,12-814,1421,obqa_b33e44543c19028710f4,3
obqa,12-819,1422,obqa_c986064e1c9c5391a8a0,4
obqa,12-820,1423,obqa_c30c498ec6dc63261a21,4
obqa,12-821,1424,obqa_bcfb9f816e83feb4f5c4,2
obqa,12-822,1425,obqa_c633a9a0da8a6a24dd4f,4
obqa,12-823,1426,obqa_299d23f9af3a5001ae7e,0
obqa,12-825,1427,obqa_fb507bb2fd06e152ef68,3
obqa,12-833,1428,obqa_120599afc1296c309c68,3
obqa,12-836,1429,obqa_05b7de16a456889106de,3
obqa,12-837,1430,obqa_b277cfbca3c496873ece,4
obqa,12-839,1431,obqa_2dcc5d0a8efb49b4602f,4
obqa,12-841,1432,obqa_ea403ea24b3cdf070e8e,4
obqa,12-842,1433,obqa_1d9bcb5e6b4cbf993d38,1
obqa,12-847,1434,obqa_05e732c04572810da631,0
obqa,12-853,1435,obqa_07bae45f291f92af90c3,3
obqa,12-856,1436,obqa_4c0a0e8e262ba20a6630,2
obqa,12-861,1437,obqa_c640e0972351355ecc3f,4
obqa,12-863,1438,obqa_ade245b3a59a3c9c7e3f,0
obqa,12-864,1439,obqa_3284c73d3c7d071f3d89,3
obqa,12-865,1440,obqa_6fb3476e5de5c88dd2d5,1
obqa,12-866,1441,obqa_12fab593399b7af27d5e,3
obqa,12-869,1442,obqa_d203f35734728124c874,4
obqa,12-87,1443,obqa_f6cd4e5029b54ac63498,0
obqa,12-870,1444,obqa_5cd5942459e588de48a9,3
obqa,12-872,1445,obqa_fe6454a8b0594b70ce39,3
obqa,12-873,1446,obqa_4159004b7c4d7c1dc648,0
obqa,12-874,1447,obqa_10059c0543ec955ce87e,4
obqa,12-875,1448,obqa_614486cc4b2bc83c59e2,3
obqa,12-876,1449,obqa_72829b9ea8a597721b00,1
obqa,12-878,1450,obqa_9e8595eac1a53ad06068,2
obqa,12-881,1451,obqa_d74868859e59153524d1,0
obqa,12-883,1452,obqa_20df1a4b7ec8f9057d0c,0
obqa,12-884,1453,obqa_c52d981be9ebc3846a59,3
obqa,12-886,1454,obqa_2bc43d43ae088ff68ef1,1
obqa,12-887,1455,obqa_8555550a72f697538dc8,3
obqa,12-888,1456,obqa_eda053f455484010f4fe,3
obqa,12-889,1457,obqa_ec8314ddf1c8ce2abb5c,2
obqa,12-89,1458,obqa_d566371126f5603950f0,4
obqa,12-890,1459,obqa_74190cae186bad384a1c,0
obqa,12-891,1460,obqa_dfd7081fcd709900a877,1
obqa,12-892,1461,obqa_9fd41e8954f9ea039e67,0
obqa,12-893,1462,obqa_a273d91e3c903bd46be0,1
obqa,12-896,1463,obqa_4dbdc931fa2b9d8d96a1,2
obqa,12-897,1464,obqa_9ddfd6de2303855ef547,2
obqa,12-898,1465,obqa_ae33e68288116ecabf18,0
obqa,12-899,1466,obqa_a5a5b3a832f1186f4d2a,1
obqa,12-9,1467,obqa_b6b979318bee179468f5,2
obqa,12-90,1468,obqa_04fc80ec7e91101697cd,0
obqa,12-903,1469,obqa_4d4c7fef3404eb308bed,2
obqa,12-904,1470,obqa_92f7a8738283eaeddb0c,3
obqa,12-906,1471,obqa_8d65ba3589cee292968b,4
obqa,12-91,1472,obqa_306672c211bb59d61f54,3
obqa,12-910,1473,obqa_a0bcc64c431cc5527973,1
obqa,12-913,1474,obqa_76d69ee5de6f0779af01,1
obqa,12-915,1475,obqa_be7a2b9066ca3d142855,1
obqa,12-916,1476,obqa_50dfa0d0434e09c47fcc,4
obqa,12-917,1477,obqa_a914612b11ae0cb5f4c1,1
obqa,12-918,1478,obqa_d8f55b853d4c52f6fa2a,4
obqa,12-919,1479,obqa_73b347b516cfdedca46f,2
obqa,12-925,1480,obqa_a24414f6cef3294f17b3,0
obqa,12-929,1481,obqa_fc639b0bc1d07dad5cdd,1
obqa,12-93,1482,obqa_6b01f21ebb50301db314,1
obqa,12-930,1483,obqa_19c394c7d5e4b24055fc,4
obqa,12-932,1484,obqa_f90b603c09af8677a946,0
obqa,12-934,1485,obqa_4f56ff7e24bdfc7fb765,3
obqa,12-935,1486,obqa_b68920f02f4984ab709f,0
obqa,12-937,1487,obqa_af666e3a49764d52fdf0,4
obqa,12-94,1488,obqa_b01f14cf98d6f6dd882a,2
obqa,12-941,1489,obqa_7ca12b93c53662ed1a7c,3
obqa,12-942,1490,obqa_1b0a1214561f9304ddf1,2
obqa,12-945,1491,obqa_803c032b39183f04dc8c,3
obqa,12-947,1492,obqa_9571e0d5f586d4f08b26,0
obqa,12-948,1493,obqa_501bed23014dbcdb6c47,0
obqa,12-95,1494,obqa_fedd7a7ac3f396b20179,0
obqa,12-951,1495,obqa_bf2e00a55e4ad620e3b7,1
obqa,12-954,1496,obqa_18731f6d3cab7cc31e73,3
obqa,12-955,1497,obqa_b12a49ffef389aa37659,1
obqa,12-957,1498,obqa_169a45f89760d76b5942,3
obqa,12-959,1499,obqa_ddf93ad18e62c88f2eec,3
obqa,12-960,1500,obqa_03e24471a2962dac5511,1
obqa,12-962,1501,obqa_21a8820a5fb0bbe82c97,3
obqa,12-965,1502,obqa_9281a3dd1e76422d8845,2
obqa,12-966,1503,obqa_d41f8aa750030edf9891,3
obqa,12-967,1504,obqa_2f86ab3311d31cc8b012,3
obqa,12-969,1505,obqa_e16c3177b41c42a0f053,3
obqa,12-972,1506,obqa_108f96a9f58ba9f0c2b1,1
obqa,12-975,1507,obqa_ee5ec1744a6bfd9e8baa,1
obqa,12-978,1508,obqa_fb4ee3cfc290eb3639b0,0
obqa,12-98,1509,obqa_bebc3d58dbecd4d5f796,3
obqa,12-982,1510,obqa_78cd8fa02dd4ea49fa11,0
obqa,12-984,1511,obqa_cd8cb6f512ba2c368832,3
obqa,12-986,1512,obqa_00f83d400ffee5399a78,0
obqa,12-987,1513,obqa_d0dd1df57e78c0eead72,3
obqa,12-988,1514,obqa_39128afa0960d147e736,4
obqa,12-989,1515,obqa_2dea4b1a523456535b57,1
obqa,12-99,1516,obqa_5a352a082f67e61a3111,1
obqa,12-991,1517,obqa_2c7d207d38e3a58ab5e2,0
obqa,12-992,1518,obqa_bb5fcf89c682696944e6,4
obqa,12-993,1519,obqa_6fe2b91c552d588564c3,4
obqa,12-994,1520,obqa_81e3ef59db3e8d0f88c9,4
obqa,12-996,1521,obqa_704046cbb6b046def9f7,1
obqa,12-997,1522,obqa_aef13bf58ab5ca7824a2,0
obqa,12-999,1523,obqa_5cd2269b91664fdbb572,0
obqa,121,1524,obqa_55f96f67ff04b9c4bff9,4
obqa,1210,1525,obqa_6f70c6bd33b37f63211d,4
obqa,1217,1526,obqa_c2a8e23d96418e382303,4
obqa,1222,1527,obqa_c7688f37696fe56e1352,2
obqa,1228,1528,obqa_205cb14f08e424a3fc4e,3
obqa,1241,1529,obqa_d50295e67ccc6d17a91d,2
obqa,1248,1530,obqa_65aba1d991b759943686,3
obqa,1254,1531,obqa_19b360d5b18e1f2966fa,2
obqa,1261,1532,obqa_2bdceab178270d619020,0
obqa,1269,1533,obqa_98f744245e06f0ee6ba3,2
obqa,1276,1534,obqa_59fbb9bcdb5cb48e9abe,3
obqa,1284,1535,obqa_4d6aac4ce0f8ed790b83,2
obqa,1295,1536,obqa_4640f1527d1559616977,1
obqa,1299,1537,obqa_fe2fecf994ed9ea3a03f,3
obqa,13-1,1538,obqa_6ed69f8db0b22219fe94,2
obqa,13-10,1539,obqa_86f1a7f7ed36b9916148,3
obqa,13-1000,1540,obqa_66f6b5fcd36b627bb920,1
obqa,13-1002,1541,obqa_fe7a7acff17edee9b29d,2
obqa,13-1006,1542,obqa_adc1a38b64616edaf54d,0
obqa,13-101,1543,obqa_e73865d0b425dacfce81,1
obqa,13-1011,1544,obqa_65865f223bc4810267d8,1
obqa,13-1014,1545,obqa_1bfde88c56339e5df3a0,3
obqa,13-1016,1546,obqa_2a1483a887026f356329,4
obqa,13-1022,1547,obqa_f7fc4e0dfeb3628a9798,3
obqa,13-1024,1548,obqa_739e71935356b77bfaa1,3
obqa,13-1025,1549,obqa_2512406fe4b00de41105,3
obqa,13-1026,1550,obqa_349ac261cb41f891e862,0
obqa,13-1027,1551,obqa_65ed0300321a1c657f87,1
obqa,13-1028,1552,obqa_9c54a098bd890fc25f1b,4
obqa,13-1031,1553,obqa_24d47236e01b418acf7f,4
obqa,13-1033,1554,obqa_18249a896e57ea23462c,4
obqa,13-1034,1555,obqa_b8dc488fd5f15064ca33,1
obqa,13-1035,1556,obqa_db4b94eda6679df6a08b,2
obqa,13-1036,1557,obqa_2468a17d0b5cac5c990d,2
obqa,13-1037,1558,obqa_a67d84e601132e689b9d,4
obqa,13-1039,1559,obqa_859c71777aef1f22add6,4
obqa,13-1043,1560,obqa_6e033209398a75b3b01f,2
obqa,13-1044,1561,obqa_5f24eca88e236fe9b05c,3
obqa,13-1048,1562,obqa_9afa2a3851a4b9cfc109,4
obqa,13-105,1563,obqa_cd205ce427aebbf0ebcb,0
obqa,13-1050,1564,obqa_75eb789c09bcf93943e3,1
obqa,13-1055,1565,obqa_072a72dcbbf9d91e4bbc,0
obqa,13-1057,1566,obqa_39f8f1869e5244ea4f2f,2
obqa,13-1058,1567,obqa_c9a6dac421226545b78d,3
obqa,13-106,1568,obqa_beee0a58446904e095a2,4
obqa,13-1060,1569,obqa_26286c15edcce8e83774,2
obqa,13-1061,1570,obqa_708a0edff2c642c2823d,0
obqa,13-108,1571,obqa_d3c9bbc7e408fb5335c9,0
obqa,13-109,1572,obqa_760651d97d59eeacc360,4
obqa,13-11,1573,obqa_b851d9ab0068a045fa40,0
obqa,13-114,1574,obqa_5217eb947b9b0dfd6875,3
obqa,13-117,1575,obqa_2c06ead9746d384b71e6,1
obqa,13-118,1576,obqa_f4928bad7e91a5cdc7d1,3
obqa,13-12,1577,obqa_2f9b8222f19d49084645,4
obqa,13-120,1578,obqa_59afeb59a617362ab056,4
obqa,13-121,1579,obqa_c7fe9cadb6aa9aeaf42e,3
obqa,13-123,1580,obqa_a0da93c28c39b510449d,1
obqa,13-124,1581,obqa_a22caefecdb1b9c83368,3
obqa,13-126,1582,obqa_3e61eecff21a633b28ec,1
obqa,13-127,1583,obqa_6384a4cc66d2cd6c83dd,2
obqa,13-130,1584,obqa_23c01cfc8a15bae75bf7,2
obqa,13-131,1585,obqa_c87b0f6e3ef21bbb874b,4
obqa,13-132,1586,obqa_f62c16d730214176b4bd,4
obqa,13-134,1587,obqa_5b9d1fc31426f64ef325,3
obqa,13-136,1588,obqa_70f4ec75e7202e83ac32,3
obqa,13-137,1589,obqa_2617fd6de180e8aed326,0
obqa,13-139,1590,obqa_2f82d33a981aea5e563e,3
obqa,13-142,1591,obqa_b62dd68d3b35f4d948a1,2
obqa,13-143,1592,obqa_87abd17c0599f7df0642,3
obqa,13-145,1593,obqa_1ee702bf80e50437be70,4
obqa,13-146,1594,obqa_349df4605682ec9a2644,4
obqa,13-15,1595,obqa_7387490af4ce60d6a2b8,1
obqa,13-151,1596,obqa_1c9e8c7d243dbda3eee3,2
obqa,13-154,1597,obqa_33fde0e1497aab6f226e,1
obqa,13-156,1598,obqa_85d620ba281efaec5493,0
obqa,13-163,1599,obqa_09aa20bfc88ca233e8a7,4
obqa,13-164,1600,obqa_bdcc29584295f975452a,4
obqa,13-166,1601,obqa_19004bfacd10fa79ff90,1
obqa,13-167,1602,obqa_1cbc385e9e8be4b8d531,2
obqa,13-17,1603,obqa_e2e4a1f8f12f29421e12,2
obqa,13-170,1604,obqa_9579d85c43c58dc768ec,2
obqa,13-173,1605,obqa_2eb27d453edd13d25031,1
obqa,13-176,1606,obqa_14d080981ecec7f7cf14,2
obqa,13-177,1607,obqa_c80508a62a41198d3beb,3
obqa,13-182,1608,obqa_5baac622e37b46bd2e0d,4
obqa,13-184,1609,obqa_273005c8f2972f64e32f,1
obqa,13-186,1610,obqa_edfd0519f59a2b3268ab,1
obqa,13-19,1611,obqa_35b5911cd3ee29f1ca06,2
obqa,13-192,1612,obqa_6633aa47472d476a856a,2
obqa,13-193,1613,obqa_f231344c7b46ba6f35e2,4
obqa,13-195,1614,obqa_2cba5e4a3e4c4c3b1b58,2
obqa,13-196,1615,obqa_26eb3ca69118637b49ff,4
obqa,13-198,1616,obqa_fd54f71c41f33fb2e118,2
obqa,13-2,1617,obqa_78558f8d79ae002b475d,2
obqa,13-200,1618,obqa_332565ca5e7d0f3bd0ad,0
obqa,13-201,1619,obqa_408e2d96f0d9f2fc0691,0
obqa,13-203,1620,obqa_b98938c97c077f5bc7e2,2
obqa,13-204,1621,obqa_3e10c8f87d828311070b,3
obqa,13-206,1622,obqa_c9fae61624ba7d2882d8,1
obqa,13-207,1623,obqa_c8a14e8042240551c7d7,1
obqa,13-211,1624,obqa_b5c2d47d44b9e8194459,2
obqa,13-215,1625,obqa_3545f8fcafff8274a266,0
obqa,13-217,1626,obqa_63a8179e8281ae8da97f,1
obqa,13-218,1627,obqa_5798a5d1d0fe16c15143,4
obqa,13-219,1628,obqa_7f766056cc9fa64ffce0,4
obqa,13-221,1629,obqa_d765fd355e089a3dc7c2,3
obqa,13-222,1630,obqa_74a84a7e5fe5fe1bd7ef,0
obqa,13-228,1631,obqa_9c0952bc01110e429473,2
obqa,13-229,1632,obqa_e8fe2b8ba81e33ae436c,4
obqa,13-23,1633,obqa_a1d35141f1ab29e59d38,4
obqa,13-231,1634,obqa_330a59ced1752232cd6e,2
obqa,13-232,1635,obqa_bc8bb3e18734ba1794a3,4
obqa,13-233,1636,obqa_de893dc7506f7e4a2193,1
obqa,13-235,1637,obqa_bbadc468bd2481924163,2
obqa,13-239,1638,obqa_3c648356a6287f68170e,2
obqa,13-241,1639,obqa_0a6d3556278fc6759f22,0
obqa,13-243,1640,obqa_63faf0fc32656e20e493,2
obqa,13-244,1641,obqa_f0718cec33206be9aef7,1
obqa,13-247,1642,obqa_9b595a58514868e84748,3
obqa,13-249,1643,obqa_9257f3be8ca6256a0c8e,3
obqa,13-25,1644,obqa_36c5f61bede4f0f953cb,2
obqa,13-250,1645,obqa_c0602db235955925e933,1
obqa,13-251,1646,obqa_4713b1c25fe68c341e7e,3
obqa,13-253,1647,obqa_4bb38777f0b83222e380,0
obqa,13-255,1648,obqa_9a377018c204e1eb8d6d,3
obqa,13-26,1649,obqa_fa87e08c81dbafbe5d11,3
obqa,13-260,1650,obqa_d9082cec3bc7ce5a412a,2
obqa,13-261,1651,obqa_b5647c8d5d3ee6783ed1,3
obqa,13-262,1652,obqa_6149d6d4e901410fa69a,1
obqa,13-265,1653,obqa_f6d8d30eb62de0bcea97,0
obqa,13-268,1654,obqa_7b158729656c86a34834,3
obqa,13-27,1655,obqa_2723699cf2344009916b,0
obqa,13-275,1656,obqa_ef460828e9c6652482b4,4
obqa,13-28,1657,obqa_c5f4fcd91b0d415bc489,4
obqa,13-281,1658,obqa_0dd13073279339e109d1,0
obqa,13-283,1659,obqa_2a0c6da689806b3db505,1
obqa,13-284,1660,obqa_cfafb4ff840aa27cf971,3
obqa,13-294,1661,obqa_b5632fa2ee24d012a46b,4
obqa,13-295,1662,obqa_e5aefe7892c85ba900f0,2
obqa,13-296,1663,obqa_5478ed45eadb998326a1,2
obqa,13-297,1664,obqa_a17e1f37192f93174571,0
obqa,13-299,1665,obqa_272151db71fe7b62158e,1
obqa,13-3,1666,obqa_42cdc1839bb11576b7f0,3
obqa,13-30,1667,obqa_0a4e3a67ce6625d1558c,2
obqa,13-302,1668,obqa_6855ef1eb55120156a8d,3
obqa,13-303,1669,obqa_4958e317c77b1c865928,2
obqa,13-304,1670,obqa_dc3b55fb6a725348bf32,4
obqa,13-305,1671,obqa_63aca465b54e98d73d4a,2
obqa,13-307,1672,obqa_804f0f6f30996fcca9cc,3
obqa,13-308,1673,obqa_f21de981f41b9cff96e1,3
obqa,13-31,1674,obqa_827a5f5fbe648603c7d7,2
obqa,13-311,1675,obqa_d3291afb33e85bb93b7a,1
obqa,13-313,1676,obqa_2b1b74fd5d5d488b5fe6,3
obqa,13-315,1677,obqa_a333f81f12ddb410db69,4
obqa,13-318,1678,obqa_45d4afb9d486747fe0ca,0
obqa,13-319,1679,obqa_0399823e6bfecc8b86c1,3
obqa,13-320,1680,obqa_63049893ae2c6d07119e,1
obqa,13-323,1681,obqa_e2f8b167fd3ae1293cee,1
obqa,13-326,1682,obqa_7ec65516b9e26b38d4cb,3
obqa,13-327,1683,obqa_37075073003a0cc476da,1
obqa,13-329,1684,obqa_8aa5065e2baed0614aca,3
obqa,13-330,1685,obqa_00b620d39a7fe7ba8378,0
obqa,13-333,1686,obqa_a8bf70598ee9e9dd34cb,2
obqa,13-334,1687,obqa_7374badd05865cb03b70,1
obqa,13-335,1688,obqa_4b888ee9a152b83d898e,1
obqa,13-336,1689,obqa_5f4cf65dd9b6a8797a8e,1
obqa,13-338,1690,obqa_5e1d6e57ed4afde0a5d5,0
obqa,13-339,1691,obqa_e6a6cc00dfd8578f11c8,4
obqa,13-34,1692,obqa_e01737d3ff5e4e4b9e29,3
obqa,13-340,1693,obqa_4717bf6f537fb70eeee4,2
obqa,13-341,1694,obqa_462ec33e9223fa035133,3
obqa,13-343,1695,obqa_1910f0c016d2c5c8bc10,0
obqa,13-344,1696,obqa_fd72d2e74d0f9a116f1e,0
obqa,13-347,1697,obqa_88fa7520ea2f98860a4f,1
obqa,13-350,1698,obqa_fd4cf7855074ac61048c,3
obqa,13-351,1699,obqa_d781f0b6184f44c0ddf4,4
obqa,13-352,1700,obqa_531ca7ec5ea09bde9f79,4
obqa,13-357,1701,obqa_307e6dfd788fb30dbf3a,1
obqa,13-358,1702,obqa_da411ea0d924dd52364b,2
obqa,13-360,1703,obqa_299124e81e7afa5f6679,4
obqa,13-362,1704,obqa_4c2a81be0de4df1ab12c,4
obqa,13-366,1705,obqa_4f17bb50ce98b03b7557,3
obqa,13-37,1706,obqa_750ea1abf72499a7871b,1
obqa,13-370,1707,obqa_31f216819f9413be7664,0
obqa,13-377,1708,obqa_b6178a5c669ace8c5791,3
obqa,13-38,1709,obqa_a37ed86ba20444b5a196,3
obqa,13-380,1710,obqa_2df958d4421c53fac06b,1
obqa,13-382,1711,obqa_09770464beefef1f1f6c,2
obqa,13-383,1712,obqa_49ede4dde12ff2158d0c,2
obqa,13-386,1713,obqa_026d6fd5a4e0900be3bc,2
obqa,13-387,1714,obqa_a46aac3e0b3ef39d0850,3
obqa,13-388,1715,obqa_109e874e5546f7cf3088,2
obqa,13-39,1716,obqa_5bd49948763fbb29a81a,2
obqa,13-391,1717,obqa_7de3088c6f31eb6b91e8,0
obqa,13-393,1718,obqa_22955bdc6e9658995a21,3
obqa,13-398,1719,obqa_0c5705ea5c244f11fd6f,3
obqa,13-4,1720,obqa_f9fa6d7ab840081fd286,0
obqa,13-40,1721,obqa_a6d06c9bed7d7dd87b07,3
obqa,13-403,1722,obqa_e174ae13919ef57b13c4,1
obqa,13-404,1723,obqa_d1bbdc76ef0b14ee8aec,0
obqa,13-405,1724,obqa_42d3158492c16000af1e,1
obqa,13-41,1725,obqa_5e005137be8e16c34944,2
obqa,13-410,1726,obqa_9bda36c60dca0fe193c9,0
obqa,13-412,1727,obqa_ce328f90b713faba0d5c,0
obqa,13-413,1728,obqa_d0bf136224e914950ea7,2
obqa,13-416,1729,obqa_41e334c0e2ce56014188,0
obqa,13-417,1730,obqa_edbedd72dfeb8f84fb3f,2
obqa,13-419,1731,obqa_80877aa5e4b2374e64e3,4
obqa,13-425,1732,obqa_f716a2551abe587cf398,1
obqa,13-427,1733,obqa_6ae4fc46bc5e4d33f2eb,1
obqa,13-430,1734,obqa_0d7c7aeb73e7a97697df,4
obqa,13-432,1735,obqa_931c93d8cc7d65329844,0
obqa,13-434,1736,obqa_1158c7fbdb081e870491,4
obqa,13-435,1737,obqa_e509cb7d5ddf3aaa72a9,1
obqa,13-437,1738,obqa_b1505333fa160e29a300,2
obqa,13-440,1739,obqa_ab556879cc6f82310d45,3
obqa,13-443,1740,obqa_13c92f8877aab96a9917,4
obqa,13-445,1741,obqa_77685d03bb39aeec6c29,2
obqa,13-449,1742,obqa_64eb91866181334b019e,2
obqa,13-45,1743,obqa_4b389f1c2ab460e4cd8b,3
obqa,13-453,1744,obqa_70ec6240124cb8817276,3
obqa,13-454,1745,obqa_916aaa15b871e8d54e1e,3
obqa,13-455,1746,obqa_18f7033f6620b12b596d,4
obqa,13-458,1747,obqa_d55eb4641ced2b6234a7,1
obqa,13-461,1748,obqa_454a8e44b3f7a97c268c,4
obqa,13-465,1749,obqa_c9425ba03d983000f412,4
obqa,13-467,1750,obqa_5db22fe53deb09117961,2
obqa,13-468,1751,obqa_16a67a4d867aef5cf050,1
obqa,13-47,1752,obqa_5354fd12427a8c4e5c03,1
obqa,13-470,1753,obqa_6c10c3b7430887ad762b,2
obqa,13-472,1754,obqa_fe179ee7d2ff46cdc94a,4
obqa,13-474,1755,obqa_2c74b06716e794ed3900,0
obqa,13-476,1756,obqa_51f13e5c10a48542958e,2
obqa,13-478,1757,obqa_d570b0318b97b2317906,0
obqa,13-479,1758,obqa_90da8032987fb23393e6,2
obqa,13-48,1759,obqa_8b09a5aa78901612f071,3
obqa,13-480,1760,obqa_6389fc67663dad5dca91,1
obqa,13-482,1761,obqa_b81ebe3bb5f4ecbba2b1,2
obqa,13-485,1762,obqa_73058de87addb941366f,4
obqa,13-486,1763,obqa_5fecc62aafc43c92ab77,3
obqa,13-487,1764,obqa_585fd8285f2705dc73ed,3
obqa,13-49,1765,obqa_e7990457b31fb78cccef,3
obqa,13-493,1766,obqa_da5960127d565e094517,3
obqa,13-494,1767,obqa_4c02d9245a62d29134f0,2
obqa,13-497,1768,obqa_2cd9aa3e76d4f51a7a2f,0
obqa,13-5,1769,obqa_66c2e6ba167a9d549c90,0
obqa,13-500,1770,obqa_9c20c0019ea7a6593c77,1
obqa,13-502,1771,obqa_516a84eb8479e29e2e5f,3
obqa,13-503,1772,obqa_91cb1fce2a6a41fab917,4
obqa,13-505,1773,obqa_1ebb3c91e043aa26d0a0,1
obqa,13-507,1774,obqa_0ef617d4811ec0972146,2
obqa,13-508,1775,obqa_111a992645f6876a9482,4
obqa,13-51,1776,obqa_9c1c4d5b2c1e7d0e97fb,0
obqa,13-510,1777,obqa_0dc3ed9af8f7fae886a4,2
obqa,13-511,1778,obqa_58b76ead443d5d26cc48,3
obqa,13-512,1779,obqa_448a84b40b86b1401004,1
obqa,13-513,1780,obqa_19a72bbda9ab5056a21b,2
obqa,13-515,1781,obqa_bb39fc61de01b2b41661,2
obqa,13-517,1782,obqa_69c28f462a7383ddc42a,3
obqa,13-519,1783,obqa_be2e975d464b4fbe3bf3,3
obqa,13-520,1784,obqa_d2176790b6c4f8808024,2
obqa,13-527,1785,obqa_c2b0e9a15e62388000cb,2
obqa,13-529,1786,obqa_f43f1dadeded789566a3,0
obqa,13-535,1787,obqa_1931a3ffb03b22597f5e,4
obqa,13-536,1788,obqa_14dce64c9b8dd079d144,3
obqa,13-538,1789,obqa_510262029bb31090a2fa,2
obqa,13-541,1790,obqa_978e665fd0c108ccacc4,3
obqa,13-543,1791,obqa_917c4577b3a9c046e7ca,4
obqa,13-547,1792,obqa_d41bb4c04ef9a0c2897b,4
obqa,13-549,1793,obqa_0b4efeae9f3216a32d2c,4
obqa,13-552,1794,obqa_348085dfae60d5b1d30b,4
obqa,13-555,1795,obqa_e84ac3bab203c21f127e,0
obqa,13-557,1796,obqa_8f36e1ae141a6705ad9f,1
obqa,13-559,1797,obqa_499ab47f1b77cc3504ee,4
obqa,13-560,1798,obqa_82b2ecf58d8a4c0a1390,4
obqa,13-561,1799,obqa_1639b87c20181df96961,4
obqa,13-563,1800,obqa_169f4a524751171ceb6a,2
obqa,13-566,1801,obqa_f811b957d8cdaca72678,4
obqa,13-567,1802,obqa_5b17f170dea4ccedddea,4
obqa,13-568,1803,obqa_058d57b354b943695da3,3
obqa,13-572,1804,obqa_447c8849eac681788d8b,3
obqa,13-574,1805,obqa_a1ca37d97b95f01f601b,3
obqa,13-575,1806,obqa_bba6d717a1856f6110a2,3
obqa,13-577,1807,obqa_429e4ce778ac9a1fec52,4
obqa,13-579,1808,obqa_2f1eab4929cd67ba726e,4
obqa,13-580,1809,obqa_6997d9cc239437c9066c,0
obqa,13-581,1810,obqa_33aad1b9c32ec03f4b9f,3
obqa,13-582,1811,obqa_0679e5efb238fa31e629,1
obqa,13-583,1812,obqa_cf646f49e3046ce50618,1
obqa,13-584,1813,obqa_c571ecc4c4a6b9e873d9,4
obqa,13-585,1814,obqa_272e615ac8879ff6d599,1
obqa,13-587,1815,obqa_a5999880f1814c0383f4,2
obqa,13-589,1816,obqa_0a9488b165f69e3748f3,3
obqa,13-590,1817,obqa_3ac87878140522f1ed13,0
obqa,13-591,1818,obqa_8aebd4480a663560738f,3
obqa,13-594,1819,obqa_90e489a72c2512a2d948,1
obqa,13-595,1820,obqa_fea2587bebc04a0e1116,4
obqa,13-602,1821,obqa_859dfaa37bffa8a109fb,0
obqa,13-604,1822,obqa_a49cbc68f2af29af55d1,0
obqa,13-606,1823,obqa_46f2ee75c9071fc23470,2
obqa,13-609,1824,obqa_2e84697375e90f0ad5e3,4
obqa,13-61,1825,obqa_33c8af13c66dfbf576b2,0
obqa,13-610,1826,obqa_b1a425191102048f0b6f,1
obqa,13-613,1827,obqa_b25e42706d63f5c58318,2
obqa,13-614,1828,obqa_8cb56ff8a22cdc574dd7,2
obqa,13-615,1829,obqa_6e87184c7e989459d5cf,4
obqa,13-616,1830,obqa_045fb6d8010fdc5f1f05,3
obqa,13-617,1831,obqa_134860fcb0f088a6b6d6,4
obqa,13-621,1832,obqa_981dd62953e1bd9945b3,1
obqa,13-623,1833,obqa_9b03c3e518c23438b270,4
obqa,13-624,1834,obqa_75a49f22e67f28f5d01b,1
obqa,13-625,1835,obqa_4128b85f5b3be9aa6520,2
obqa,13-626,1836,obqa_cae4efaf877ebebb6c77,4
obqa,13-628,1837,obqa_b4df64bb1bad01041150,3
obqa,13-63,1838,obqa_6201bee830b989442ada,3
obqa,13-630,1839,obqa_936ccb6da15f66a560e4,0
obqa,13-632,1840,obqa_cd8b883ac3b913547060,2
obqa,13-636,1841,obqa_886f32957ecae3585489,4
obqa,13-637,1842,obqa_ccc28459237f5eb80be1,4
obqa,13-640,1843,obqa_d4d88f4c2daf617d2ee0,4
obqa,13-642,1844,obqa_c1d8f4c570934af9e60b,0
obqa,13-646,1845,obqa_b53bfb3272fd76a78018,0
obqa,13-647,1846,obqa_d5cea507f1bedae7b8e3,4
obqa,13-65,1847,obqa_a77d02ad0f7e61dfa419,2
obqa,13-651,1848,obqa_ed5b65bdaa012aebe70a,1
obqa,13-653,1849,obqa_5dda00b87a51d241827a,4
obqa,13-654,1850,obqa_6179f2109ac2afe1147d,0
obqa,13-657,1851,obqa_1c0371589706bf53973d,2
obqa,13-658,1852,obqa_83daef9f723638cba656,2
obqa,13-66,1853,obqa_8bc3eb17d44aa013e00c,3
obqa,13-661,1854,obqa_3b85ba72224252c8cfde,3
obqa,13-662,1855,obqa_c44d02361687cd096832,1
obqa,13-664,1856,obqa_3730d98f8dfa9c5e0138,1
obqa,13-666,1857,obqa_49f308dd9e3aad6aceb3,3
obqa,13-668,1858,obqa_2caeb23da4a087ad159a,4
obqa,13-673,1859,obqa_e9cc46be8a29d37d3315,3
obqa,13-674,1860,obqa_1b1c482ee4a9e7b5fa7f,0
obqa,13-675,1861,obqa_a012720a727200695172,1
obqa,13-679,1862,obqa_d320b04236b97e5a7d4d,4
obqa,13-68,1863,obqa_842a03ea06dfb86e7732,1
obqa,13-683,1864,obqa_6f245446f46bbae9461c,2
obqa,13-686,1865,obqa_94e4e7b9f3a03f7a2646,0
obqa,13-687,1866,obqa_6f1d4d0fc2081f234209,0
obqa,13-691,1867,obqa_014f414af46734f3352d,3
obqa,13-692,1868,obqa_8c4e781c7b7f720657b2,2
obqa,13-693,1869,obqa_8d8a49868322c9c20fdc,1
obqa,13-697,1870,obqa_48f7085964bf18398d03,3
obqa,13-698,1871,obqa_fe69d5942631442c101b,2
obqa,13-699,1872,obqa_05fa945437f4dbb93823,4
obqa,13-7,1873,obqa_5ec28ec9ca823cf88fe4,0
obqa,13-700,1874,obqa_204d68315cb93d444fe6,3
obqa,13-705,1875,obqa_93a20e7c5989c42d940a,3
obqa,13-710,1876,obqa_728bb452d70ba945906f,2
obqa,13-712,1877,obqa_3fa2508eb6a68ce6b688,0
obqa,13-716,1878,obqa_58c1adacf2f09b842520,4
obqa,13-717,1879,obqa_34219525cc8f9f5263cb,4
obqa,13-718,1880,obqa_d90ff28fffe03a63eae5,2
obqa,13-719,1881,obqa_3a8e2c93cf3f79c811a3,1
obqa,13-722,1882,obqa_b793c74d20e3ee597973,3
obqa,13-723,1883,obqa_2346ae894022079be5a4,2
obqa,13-724,1884,obqa_59e594fc577d04c1dfb3,3
obqa,13-726,1885,obqa_76d563f73153d25076b3,3
obqa,13-735,1886,obqa_77a4fe0b1dac1b5bfc07,3
obqa,13-736,1887,obqa_07bd03d6e69a48363204,2
obqa,13-74,1888,obqa_71c49c4133595606c748,0
obqa,13-743,1889,obqa_cc223567e8ede848fa28,1
obqa,13-744,1890,obqa_2f60da81424839ad2b09,4
obqa,13-746,1891,obqa_42ef2f4281b14dbc9cd3,0
obqa,13-747,1892,obqa_47b913959783447b6ea5,4
obqa,13-75,1893,obqa_973dc48a9dac77a17c92,3
obqa,13-750,1894,obqa_5f5e9c45f64cb81b4ca0,3
obqa,13-751,1895,obqa_1144a2e0b3c6766632fb,0
obqa,13-754,1896,obqa_556da65cc0db3d35f641,4
obqa,13-760,1897,obqa_f1367bd30fa7bcbc0fac,1
obqa,13-764,1898,obqa_b7ee1114779c672994b8,1
obqa,13-765,1899,obqa_ef5ad42eaf7cac60d467,4
obqa,13-766,1900,obqa_b4d2c9d429e9a1a16e64,1
obqa,13-769,1901,obqa_2f2bea3ceac3761aec8e,0
obqa,13-77,1902,obqa_9924f1950ca5710e0104,0
obqa,13-773,1903,obqa_5b195f4200e4b53a4da0,4
obqa,13-777,1904,obqa_59ef44fa6d38042b8b06,3
obqa,13-778,1905,obqa_285db711391b61bac360,0
obqa,13-780,1906,obqa_5aefa8639799babdbc00,1
obqa,13-782,1907,obqa_60340ceb632361984a3d,3
obqa,13-783,1908,obqa_4cdb818a2820dfcce8c0,0
obqa,13-786,1909,obqa_389a8e38bfd5c854e9d7,2
obqa,13-787,1910,obqa_1d77571893547d860f29,3
obqa,13-788,1911,obqa_96fc1a9d0621a57917e9,2
obqa,13-789,1912,obqa_e1efa20638b2efb33e1c,2
obqa,13-79,1913,obqa_135a5609f741dcc97eca,1
obqa,13-790,1914,obqa_28fd8de57ec4b50a81fa,0
obqa,13-794,1915,obqa_ea65ba6e3fb468886240,1
obqa,13-795,1916,obqa_ba3229ad5fd3932782c3,1
obqa,13-796,1917,obqa_2d38107456eacb9952c0,4
obqa,13-797,1918,obqa_2194a4c431e30876f96e,4
obqa,13-798,1919,obqa_6d274be553fa4d0c5326,0
obqa,13-799,1920,obqa_518ca50363e12b6b3f9c,2
obqa,13-8,1921,obqa_4779eae211336190a7bd,0
obqa,13-80,1922,obqa_76c3c77d35e9fc810656,0
obqa,13-805,1923,obqa_b0fcf25ca396f2ac5b32,2
obqa,13-807,1924,obqa_4220d9bc37b69565057e,3
obqa,13-809,1925,obqa_dd39b62e1fab0057042e,3
obqa,13-810,1926,obqa_2a5b8b5e11d7ad3aa7fc,3
obqa,13-812,1927,obqa_913c06b28d11ef50e3ad,3
obqa,13-814,1928,obqa_46e7272afb14404bd48d,3
obqa,13-818,1929,obqa_794bf41fa7df3fa9707d,4
obqa,13-82,1930,obqa_937f0c2a6e0311f2bfbf,3
obqa,13-822,1931,obqa_72d4a0d9291de3cce57f,4
obqa,13-825,1932,obqa_fb6d191a10231ee24efc,3
obqa,13-826,1933,obqa_ac2c43b7891bb51d603b,3
obqa,13-83,1934,obqa_2e06df1e9f5d4e49b42f,0
obqa,13-833,1935,obqa_4e5ee817534aabd6fe16,3
obqa,13-835,1936,obqa_ad7cdfcc91b0a40ad505,1
obqa,13-838,1937,obqa_bce39ce753eb23a6f102,1
obqa,13-839,1938,obqa_da251bf870b18711dd32,2
obqa,13-84,1939,obqa_93f4ca93f45d58b46eb8,1
obqa,13-841,1940,obqa_f9f2501571b384e2071e,4
obqa,13-842,1941,obqa_06c9cc7bab4f791e2916,0
obqa,13-843,1942,obqa_ec33b308056df17a42b0,1
obqa,13-845,1943,obqa_db9ebc951f3ef9085f8b,3
obqa,13-85,1944,obqa_59f53da78f09f176b081,0
obqa,13-851,1945,obqa_35183303a9e6246dd758,2
obqa,13-853,1946,obqa_5b2258fdebd48a484d8c,0
obqa,13-854,1947,obqa_b18bfa9b854dbf4b55a9,3
obqa,13-857,1948,obqa_c46e17ca678b688ff53e,3
obqa,13-858,1949,obqa_69081232af7ff60129ef,0
obqa,13-859,1950,obqa_d6b1d765b21926156671,4
obqa,13-86,1951,obqa_96d78a30a6f167f05f7b,3
obqa,13-860,1952,obqa_a3dd7fb5c41c1fb2a766,1
obqa,13-861,1953,obqa_73e8ca50871b070eff61,3
obqa,13-864,1954,obqa_74b394c416e2b13325d5,0
obqa,13-865,1955,obqa_612120dce6b2a887c43a,0
obqa,13-867,1956,obqa_30a52ecd38eca265a08e,1
obqa,13-871,1957,obqa_1038a58279086257bffe,1
obqa,13-874,1958,obqa_8a2aaaf026bfda443ca4,3
obqa,13-875,1959,obqa_90874b6626df6afc2aa7,0
obqa,13-880,1960,obqa_b1cca1cbae3b46e0d8ee,1
obqa,13-881,1961,obqa_04aa0eafed6a0f269f72,2
obqa,13-882,1962,obqa_6c2d36cadfccc38dfec3,2
obqa,13-883,1963,obqa_b6b1502e201b3c3acdb6,2
obqa,13-885,1964,obqa_197e064ecf5bf14eb19b,3
obqa,13-888,1965,obqa_aa2ec3a2cfd0166fe7d8,2
obqa,13-89,1966,obqa_55246a018c15da03adf8,3
obqa,13-891,1967,obqa_6a2c00cfab16c58e17f7,2
obqa,13-892,1968,obqa_5a4eae142f7a99df8d2c,4
obqa,13-894,1969,obqa_d4d2534209d469391c66,4
obqa,13-900,1970,obqa_8eb4f2dcceecae068f56,3
obqa,13-901,1971,obqa_89e93ee0a8363b8f2946,3
obqa,13-902,1972,obqa_56bf0db7967f9dc6ca8f,3
obqa,13-903,1973,obqa_8a9341df41dc16906de3,4
obqa,13-904,1974,obqa_e0b76a52374a41a990ec,3
obqa,13-91,1975,obqa_b498537b804504558016,3
obqa,13-910,1976,obqa_ad17dcd36557bc9d164a,0
obqa,13-912,1977,obqa_954356152792bb86b03a,1
obqa,13-913,1978,obqa_b54d3d78d4cdd1b306b7,2
obqa,13-914,1979,obqa_ee36e274cd3266857e7f,4
obqa,13-918,1980,obqa_6701a81b0807ffcd1f24,0
obqa,13-92,1981,obqa_cc5abc5dd4659e0ace36,3
obqa,13-921,1982,obqa_04faa73d958185f14f15,1
obqa,13-922,1983,obqa_90fe549df4b488473ff4,4
obqa,13-924,1984,obqa_17a0f28289fb78f1799a,1
obqa,13-926,1985,obqa_c6ff7bc21d7141a2bc0b,3
obqa,13-928,1986,obqa_b86ca5adc8a052548b19,0
obqa,13-93,1987,obqa_1c634557e4133b291048,0
obqa,13-930,1988,obqa_a282d5c15cf313aae8b1,3
obqa,13-931,1989,obqa_3398358dc7de177ae23c,4
obqa,13-933,1990,obqa_80cff9df667171535841,1
obqa,13-934,1991,obqa_6c744baf071d08bea3f9,0
obqa,13-936,1992,obqa_06646272c0eba3903ca3,0
obqa,13-937,1993,obqa_09beb4c85d4cc0f2ea78,3
obqa,13-938,1994,obqa_6240753e2612d457d877,1
obqa,13-94,1995,obqa_00b6591f412afe4ebf17,4
obqa,13-941,1996,obqa_b691f326b1c2231cbdd5,3
obqa,13-946,1997,obqa_b78f6e5fb340b9387dda,0
obqa,13-947,1998,obqa_f4889ae6052dac189b96,1
obqa,13-948,1999,obqa_aa68d7233cf4538618f6,3
obqa,13-949,2000,obqa_547c79c0f28ccfeec9d3,3
obqa,13-95,2001,obqa_b82c07524e7de892a988,0
obqa,13-950,2002,obqa_8db3b3cfe57932dd45c0,2
obqa,13-952,2003,obqa_f1d5efae08d7d570e8f0,1
obqa,13-956,2004,obqa_5a6803c700d91ad9a246,4
obqa,13-957,2005,obqa_7f84a508bfe2a83e4a44,0
obqa,13-958,2006,obqa_a7ca0c5918490bf96714,2
obqa,13-959,2007,obqa_fd3896f70c3bac0e643e,1
obqa,13-96,2008,obqa_9573e55a77cdf1a67949,4
obqa,13-961,2009,obqa_92e43b84019de263b1c4,1
obqa,13-965,2010,obqa_42483ca98a1e1dc6283b,3
obqa,13-966,2011,obqa_cefe52d127cf459f9e87,0
obqa,13-967,2012,obqa_42402591360fb61995c8,0
obqa,13-969,2013,obqa_fa318f668b4f5810a0f0,0
obqa,13-97,2014,obqa_cb092f0c03f216e59c45,3
obqa,13-971,2015,obqa_85e3d86345d15c186a12,1
obqa,13-972,2016,obqa_b6ca482d7f2a95b7fc80,0
obqa,13-978,2017,obqa_c983ddf2a9a1f19263f7,4
obqa,13-98,2018,obqa_13e4293045a33acb89ec,2
obqa,13-982,2019,obqa_e763bb2a4ac1b74d342d,2
obqa,13-984,2020,obqa_93472df01b7b369a9b4d,4
obqa,13-985,2021,obqa_f15e1ccb593b0a42d94e,0
obqa,13-986,2022,obqa_02952d898636a9270642,1
obqa,13-988,2023,obqa_ece1904893b732c18c7a,4
obqa,13-989,2024,obqa_bb35138c6524aea113b3,0
obqa,13-99,2025,obqa_c95e6bf1f1baa9144edd,4
obqa,13-991,2026,obqa_ea49de31eefe9bd1a454,1
obqa,13-995,2027,obqa_589b736a58ad466644c8,2
obqa,13-996,2028,obqa_36d5c3350ba2508ac51f,0
obqa,13-999,2029,obqa_9dd68c6c4a2774599094,0
obqa,1302,2030,obqa_2e1f90a4674e43647764,4
obqa,1333,2031,obqa_32f56365b59599f91d1a,1
obqa,1336,2032,obqa_78772b32eb2160a54bea,0
obqa,1337,2033,obqa_bbf1b9e19e02c7d19c8b,4
obqa,1351,2034,obqa_74ce5cbbc4aac4661238,4
obqa,1364,2035,obqa_5a8c91df4f35a97351ac,3
obqa,1365,2036,obqa_0dffde02185d399433f0,3
obqa,1378,2037,obqa_6c5ea7c05ddc3a354de7,2
obqa,1380,2038,obqa_8b8ce87c07362e6ce280,4
obqa,1383,2039,obqa_d4c0b14b277d55d6aa7a,0
obqa,1386,2040,obqa_65f0fa918be5fd5081c7,1
obqa,1388,2041,obqa_0e18eec411c38db7099e,2
obqa,1397,2042,obqa_5f0aedc784a508d99450,0
obqa,14,2043,obqa_21b1bda1d8285a7d307b,3
obqa,14-10,2044,obqa_a0872f152fcdce917704,0
obqa,14-100,2045,obqa_968b3b9fcc744ff6915c,1
obqa,14-1000,2046,obqa_23de026f8867b675a7ea,4
obqa,14-1006,2047,obqa_4eb52ce2118d3c4be15e,3
obqa,14-1008,2048,obqa_a46957e3682f88a3a28d,3
obqa,14-1009,2049,obqa_60d95e3b5e7398655897,3
obqa,14-101,2050,obqa_5d3c5c237fed8e35f2c5,4
obqa,14-1011,2051,obqa_281d88ee9fc01cc904ee,1
obqa,14-1012,2052,obqa_11c03ed310744ea30ccc,0
obqa,14-1013,2053,obqa_8a605d70f066c43e0220,0
obqa,14-1015,2054,obqa_c5ca7c88ff8a8af67e53,1
obqa,14-1016,2055,obqa_d13c25690117c80d63c1,1
obqa,14-1020,2056,obqa_fb8a1efd7a722cae33ae,3
obqa,14-1022,2057,obqa_bf6935fc4b3d7dc2fa84,1
obqa,14-1024,2058,obqa_563ff5f7ac3f2b2bd02f,4
obqa,14-1025,2059,obqa_7542c99f24eb6b61a0ea,1
obqa,14-1028,2060,obqa_3a849bd0dba3a7c2f33d,0
obqa,14-1030,2061,obqa_67f04c4bddbe934f1224,1
obqa,14-1032,2062,obqa_4e54bb3dfd4d05000854,3
obqa,14-1034,2063,obqa_078dbc50d35cfa2e26d1,4
obqa,14-104,2064,obqa_88e01075d1f6f4b9893d,4
obqa,14-1041,2065,obqa_8da430e755f736ef84e9,1
obqa,14-1042,2066,obqa_c9fa811d4c083c3ba799,4
obqa,14-1043,2067,obqa_9b3d25f82ea696d07d19,0
obqa,14-1044,2068,obqa_2318d463b370f3cb0a4c,3
obqa,14-1045,2069,obqa_8ff752480d21e0488aec,3
obqa,14-1047,2070,obqa_dbbae6c0bcaf7d4f4d28,3
obqa,14-105,2071,obqa_cd94e8f64fd8504f0f1b,3
obqa,14-1050,2072,obqa_fcf1fdc6f986ed69efed,2
obqa,14-1051,2073,obqa_9ccd5575f217153a047f,1
obqa,14-1052,2074,obqa_d886e71574cd24827c1d,2
obqa,14-1053,2075,obqa_075dfbe2b4324be23a01,3
obqa,14-1054,2076,obqa_de2708cbed7002b373bb,4
obqa,14-1055,2077,obqa_1ee33eb9f49900a9ba31,2
obqa,14-106,2078,obqa_44b9ee3e28a951fc2b21,2
obqa,14-1060,2079,obqa_a6814d81ce4f15b235fd,3
obqa,14-1061,2080,obqa_14b210b05a68863497df,3
obqa,14-1063,2081,obqa_7280a3e144ab1fb2a9ff,0
obqa,14-1064,2082,obqa_a6b0336abd1c51c809e3,1
obqa,14-1066,2083,obqa_45d0729714c9d95a379b,4
obqa,14-1070,2084,obqa_09aa3a47a6e4010db0fa,4
obqa,14-1083,2085,obqa_c40779c0eea5d181a60d,4
obqa,14-1087,2086,obqa_0e36b81f36549f9c935d,3
obqa,14-1088,2087,obqa_043cb7920e88857ddd9e,3
obqa,14-1095,2088,obqa_129f0d0fd0c8a221f0ed,1
obqa,14-11,2089,obqa_157f03d2d4ba2b0a7f1b,2
obqa,14-110,2090,obqa_7186ceec4448392fea48,1
obqa,14-1102,2091,obqa_1bcc7ef6a162d6e56f7c,4
obqa,14-1106,2092,obqa_d6e7b8d63f1cb9c9f212,0
obqa,14-1107,2093,obqa_59f443c405c3b5ee3732,2
obqa,14-1111,2094,obqa_1d89956c0b46b529a3e8,2
obqa,14-1118,2095,obqa_a6246569df35cfe70280,2
obqa,14-1119,2096,obqa_461f5cb9ea52b2ed4150,2
obqa,14-1125,2097,obqa_7a5cc0a9e23447fe94db,0
obqa,14-1126,2098,obqa_ff8b7ddab24d5614edf0,3
obqa,14-1134,2099,obqa_29c94306b8740470b6be,4
obqa,14-1137,2100,obqa_253cda45e92339a477f2,4
obqa,14-1138,2101,obqa_b3fa7324ed802206974f,4
obqa,14-114,2102,obqa_08902ab64afdf5640a9f,4
obqa,14-1140,2103,obqa_1495d681d5ff5ce67048,0
obqa,14-1141,2104,obqa_69221a437e41f1a994e9,4
obqa,14-1143,2105,obqa_348bba3fe535458cded3,0
obqa,14-1144,2106,obqa_5e8f48e8936161206a96,2
obqa,14-1145,2107,obqa_c56dfd47eede55207b53,0
obqa,14-1146,2108,obqa_e82dec6b7d643f9d1448,1
obqa,14-1147,2109,obqa_bef45edc7a6480f9c8ca,2
obqa,14-1150,2110,obqa_b1f419efb2269e4649de,2
obqa,14-1151,2111,obqa_132b3d5b5e6442b3f2a7,4
obqa,14-1152,2112,obqa_d946e98146e120e935da,2
obqa,14-1153,2113,obqa_9cf3f02fc24cb535e005,1
obqa,14-1156,2114,obqa_b6d77784688735dd44b9,3
obqa,14-1157,2115,obqa_71cce91963275e3cb46e,2
obqa,14-1158,2116,obqa_4fb351a8a27cf3a6ee09,3
obqa,14-1159,2117,obqa_c879fd8c53e15d94f80f,2
obqa,14-116,2118,obqa_48ee6f45d64115fa632a,0
obqa,14-1161,2119,obqa_24328fe6b57fcdfb415e,0
obqa,14-1167,2120,obqa_5fb6d5e8a590c6c2c6c8,2
obqa,14-1174,2121,obqa_90f05ad4f463a4324026,2
obqa,14-1175,2122,obqa_3a3be92fa969ed091fec,1
obqa,14-1177,2123,obqa_4810b05870a644f58f67,2
obqa,14-1178,2124,obqa_fe77f9d6b66053bf39f5,0
obqa,14-118,2125,obqa_4a63f7d6f83a293355f0,4
obqa,14-1180,2126,obqa_394c6fd558b1ac6a1f47,1
obqa,14-1184,2127,obqa_f1ee1f4ad6b3b30863ca,4
obqa,14-1188,2128,obqa_7c703b98cec78b517955,0
obqa,14-1194,2129,obqa_5f3c07e50e5067e5f689,4
obqa,14-1196,2130,obqa_223b88ace25e4efc5484,2
obqa,14-12,2131,obqa_8c5e3c03190ab58fc6b5,1
obqa,14-120,2132,obqa_bdb1a4e9be0880679256,2
obqa,14-1201,2133,obqa_70d06f5a3086fa4b242f,2
obqa,14-1202,2134,obqa_41f41a58b577ff81a67e,3
obqa,14-1207,2135,obqa_3c6f0a3d4e71b99dee89,0
obqa,14-1213,2136,obqa_b3654dfefa530269b70b,3
obqa,14-1214,2137,obqa_f8f1e48ef28254b3c386,0
obqa,14-1217,2138,obqa_c937d6bb6895f77495a0,2
obqa,14-1220,2139,obqa_9c0d62b6211d1c41c8a1,1
obqa,14-1225,2140,obqa_44b917b744b8cb1fdd21,4
obqa,14-1228,2141,obqa_191dc750b58255cdbd8b,1
obqa,14-1229,2142,obqa_442c4b633593cb9820ec,4
obqa,14-1231,2143,obqa_c7544d8c451f14e3b2ef,4
obqa,14-1234,2144,obqa_6546312e7c42b2210f4b,4
obqa,14-1235,2145,obqa_3f4fdb7e7caf36c3b729,1
obqa,14-1241,2146,obqa_69c6eadf60f63463213d,3
obqa,14-1248,2147,obqa_ffedb171bc99873ea744,1
obqa,14-1252,2148,obqa_b022f8e7becb95379a79,4
obqa,14-1256,2149,obqa_3d480bbb48f9745e0ca2,4
obqa,14-1257,2150,obqa_6a5f7fb8a945911e7685,2
obqa,14-1259,2151,obqa_08baf4e36020bfb2f7a4,2
obqa,14-1262,2152,obqa_ae9197948edd013dfcf2,4
obqa,14-1264,2153,obqa_0fa684c677ceff7757b3,1
obqa,14-1265,2154,obqa_cf52781d92e6b7b5af36,3
obqa,14-1268,2155,obqa_9b694d2fe0b52eac2840,3
obqa,14-1270,2156,obqa_e43c2b62e98cf8cda703,0
obqa,14-1273,2157,obqa_4a86a2b99ca51d491d0f,2
obqa,14-1274,2158,obqa_efd7f208d6a9fbfae771,4
obqa,14-1275,2159,obqa_4999c65008cd5f06e557,2
obqa,14-1276,2160,obqa_fb3a5ff8b18ce742d002,2
obqa,14-1278,2161,obqa_345f36e552cd22d943b3,4
obqa,14-1281,2162,obqa_b7153ce578daf0c65c2c,1
obqa,14-1283,2163,obqa_aba4b95c128aa6a29650,1
obqa,14-1284,2164,obqa_3fb5fd57d7562d9f3701,4
obqa,14-1287,2165,obqa_89f748cae115b670c5da,2
obqa,14-1289,2166,obqa_432311d974a31d0d0e4d,1
obqa,14-1292,2167,obqa_4cb84343814fc17b6f52,0
obqa,14-1293,2168,obqa_39383f560059b6a82461,4
obqa,14-1294,2169,obqa_763e073427f5c55311c8,4
obqa,14-1295,2170,obqa_1f111cea04c8c788cd27,2
obqa,14-1297,2171,obqa_103ae3759fdaf581eb9f,0
obqa,14-1298,2172,obqa_49265b2bf7363cadadb3,1
obqa,14-13,2173,obqa_53682484fc1c191f36ac,3
obqa,14-130,2174,obqa_403f7249eb9fdf1af07f,0
obqa,14-1302,2175,obqa_6e696f5370f92dd6461b,2
obqa,14-1304,2176,obqa_c3cc7029a01dadd5e3a0,1
obqa,14-1307,2177,obqa_9965a9dc88ef23b04894,0
obqa,14-1309,2178,obqa_35e841b66b37a9cb40d6,3
obqa,14-1314,2179,obqa_d9a2cc76bb92dec30623,2
obqa,14-1315,2180,obqa_aa74948117e59f14be4f,0
obqa,14-1316,2181,obqa_5c00deffdf5fa88ad03e,0
obqa,14-1319,2182,obqa_b53dc063a5d69a9fd9b9,2
obqa,14-132,2183,obqa_b394a7d2002ebf940b93,0
obqa,14-1322,2184,obqa_ff9e1cf403cefdecd9f0,4
obqa,14-1323,2185,obqa_9ff5bb33c8bd299a82b6,3
obqa,14-1324,2186,obqa_1273dd1947df43666f83,3
obqa,14-1326,2187,obqa_b73ec20fea2263d1ec47,3
obqa,14-133,2188,obqa_4906c434b294d08865a9,1
obqa,14-1332,2189,obqa_80c51d5b85b1631d7046,4
obqa,14-1333,2190,obqa_7cf4919d90edf54f6a87,2
obqa,14-1335,2191,obqa_52c76ded4aa1f2739099,3
obqa,14-1336,2192,obqa_1a84616d836a05f96932,4
obqa,14-1340,2193,obqa_5a086aa7ddf0646dc201,0
obqa,14-1346,2194,obqa_02310400f96a46b74a80,0
obqa,14-1347,2195,obqa_2cdf84e4f47d7a0188a4,1
obqa,14-1348,2196,obqa_97bd67ba6a4ef5b2cea4,2
obqa,14-135,2197,obqa_f8013d26bcf443d8297a,4
obqa,14-1353,2198,obqa_5413a7f14b5b10849c40,0
obqa,14-1354,2199,obqa_8bdb22e2574ba9c0e0d0,1
obqa,14-1355,2200,obqa_0569cf3b6054c82c84dd,3
obqa,14-1356,2201,obqa_68132dc561e40559abd2,4
obqa,14-1357,2202,obqa_0243572bc2a7d447f6c6,0
obqa,14-1358,2203,obqa_1d0c279d70f4ec4079de,2
obqa,14-1359,2204,obqa_f6d3b822d1adb3da8cce,4
obqa,14-1361,2205,obqa_4eb474e844ab541815c5,4
obqa,14-1363,2206,obqa_dbd7f49ec0d7c0a8ef22,2
obqa,14-1364,2207,obqa_20865565ac9bb029f66b,4
obqa,14-1366,2208,obqa_df92be85053c3e9226ff,2
obqa,14-1367,2209,obqa_752b1851b12282e05fbd,4
obqa,14-1369,2210,obqa_7e56825bd29b1b3ba449,2
obqa,14-1370,2211,obqa_5997aadb5cf273efa023,0
obqa,14-1371,2212,obqa_83be034f4c21c7866b14,4
obqa,14-1372,2213,obqa_d774bbb9b025a64b0fef,4
obqa,14-1379,2214,obqa_b4fea4d4acfa1a542e61,3
obqa,14-1381,2215,obqa_307ae2c022a3c72f5199,3
obqa,14-1382,2216,obqa_ce5761a49e071a2de2a1,4
obqa,14-1384,2217,obqa_aa664d343b6f199a1a68,1
obqa,14-1385,2218,obqa_b63ec9ec2f8569f357ae,4
obqa,14-1386,2219,obqa_2aa4ea306afae38409ff,2
obqa,14-139,2220,obqa_64d13e74c0dc5ce0e0fb,4
obqa,14-1391,2221,obqa_8fa42e3ea58c905ed440,3
obqa,14-1392,2222,obqa_31dc6c07d9ba20a8017c,4
obqa,14-1396,2223,obqa_ef82741cc0105ec729a3,2
obqa,14-1399,2224,obqa_81dd2a996db6e23de9b6,2
obqa,14-140,2225,obqa_a4f533be30ef0ed0f714,2
obqa,14-1402,2226,obqa_b59f9cdb22904678a9df,2
obqa,14-1406,2227,obqa_8059281c1d00187d3061,1
obqa,14-1407,2228,obqa_65feeb3904fca1732c90,0
obqa,14-141,2229,obqa_8038b1d4b69a65470256,2
obqa,14-1412,2230,obqa_0e83047707a9d14ecb9b,3
obqa,14-1413,2231,obqa_0a1fa566263836c14c61,3
obqa,14-1414,2232,obqa_172916ae1f06b8ca6119,3
obqa,14-1416,2233,obqa_d9678b27962278f93961,0
obqa,14-1417,2234,obqa_81eeb68de56579679f5a,4
obqa,14-1418,2235,obqa_f7efdc78e0d5ffce6880,4
obqa,14-1419,2236,obqa_ded0f7f0c643d98b3500,3
obqa,14-1420,2237,obqa_48dec6ce32bef3bd7ae8,4
obqa,14-1421,2238,obqa_1c66553234100685f6bf,0
obqa,14-1423,2239,obqa_d9ff554c17e8bf43f674,4
obqa,14-1424,2240,obqa_88c22fce0435c8a0c036,1
obqa,14-1426,2241,obqa_53b82068ce3deba6f319,0
obqa,14-1428,2242,obqa_4dc300acbc43e11264e0,3
obqa,14-1429,2243,obqa_a5ce83bec02c6112abe2,3
obqa,14-1430,2244,obqa_e591ac731935efd97930,0
obqa,14-1433,2245,obqa_62b6f407683ea7b5e577,2
obqa,14-1436,2246,obqa_32a3b35f1c2572d4c323,0
obqa,14-1438,2247,obqa_99d395f11208393444f5,1
obqa,14-1440,2248,obqa_7b0a42ae4218ee389a87,1
obqa,14-1442,2249,obqa_20b12434a65dbf0752c8,2
obqa,14-1444,2250,obqa_43f9e98d004219636e4f,0
obqa,14-1446,2251,obqa_7aa7ec5c2732b302b314,2
obqa,14-1449,2252,obqa_e2864a94750e4e593057,4
obqa,14-1452,2253,obqa_81e5c6a776edf8e2065e,0
obqa,14-1456,2254,obqa_4ec07d75dd98715852b9,2
obqa,14-1457,2255,obqa_7c7dc0bbb3eaa5ea960d,0
obqa,14-1458,2256,obqa_cf9bd7636c0b2c6991ae,0
obqa,14-1460,2257,obqa_260b98f83ce8afadee79,4
obqa,14-1463,2258,obqa_fc2498b1b645eb4a9785,3
obqa,14-1464,2259,obqa_0731274f2248bf4fee5f,0
obqa,14-1468,2260,obqa_67ed7f8b712b5f815fd3,4
obqa,14-1469,2261,obqa_d8ec34eb1ee5b21de3a6,0
obqa,14-1470,2262,obqa_c0173d7efd367735ab60,1
obqa,14-1474,2263,obqa_9d7675c595df37024419,2
obqa,14-1476,2264,obqa_330fc417689432603842,2
obqa,14-1478,2265,obqa_4e912833365f5cc4b473,3
obqa,14-148,2266,obqa_fa709bf350b62eaecc48,4
obqa,14-1480,2267,obqa_b9d5ad0b7ceeeae5cac2,3
obqa,14-1485,2268,obqa_9673d3c148bcd589ba50,3
obqa,14-1486,2269,obqa_bd04b99793ecfd59d0d6,1
obqa,14-1490,2270,obqa_0f35c858408ab22f9b1a,2
obqa,14-1492,2271,obqa_82316699166c1b8a5ea2,3
obqa,14-1493,2272,obqa_2fc545ca72cc97ee663a,1
obqa,14-1494,2273,obqa_571e2f3d95c028c41aca,3
obqa,14-1499,2274,obqa_2c8c26365610ff47ca33,3
obqa,14-15,2275,obqa_4771d7bc99f623add2f1,3
obqa,14-1501,2276,obqa_d0a33058671b859dd55d,2
obqa,14-1505,2277,obqa_978de276d977220f10ff,0
obqa,14-1506,2278,obqa_8f934756151ca86e3887,0
obqa,14-1509,2279,obqa_8482a3d808fb1d9c869b,4
obqa,14-151,2280,obqa_7820af11f67da16a4fcc,2
obqa,14-1510,2281,obqa_6d1249e993579d53daf6,4
obqa,14-1511,2282,obqa_95bc07556599a68a67a6,1
obqa,14-1512,2283,obqa_dd8f00e1c9c1e6fcdde2,4
obqa,14-152,2284,obqa_24da31060a44220d7e69,4
obqa,14-153,2285,obqa_06e1f07c358c7594fd0f,1
obqa,14-16,2286,obqa_3d802682e82d6d366697,0
obqa,14-162,2287,obqa_3c0fb872a4f42db13f9d,2
obqa,14-165,2288,obqa_6115f6482239fc7c62b6,4
obqa,14-166,2289,obqa_3e54050ebae7b8812688,0
obqa,14-169,2290,obqa_7b0edfbd6cf2322b9187,3
obqa,14-17,2291,obqa_ff4210ba8ea5b5bbb5bd,4
obqa,14-171,2292,obqa_e59e83f11bc52e5822af,2
obqa,14-172,2293,obqa_10c2a31325922abc63fe,4
obqa,14-176,2294,obqa_d8478de84b7abd712a0e,3
obqa,14-177,2295,obqa_8d7738fa3526448ddd83,3
obqa,14-178,2296,obqa_7417a6b29cbe6239d162,3
obqa,14-180,2297,obqa_b7fcad8ff0bbdf618b5c,2
obqa,14-183,2298,obqa_64f87cd104c790320493,0
obqa,14-184,2299,obqa_081c3f0d56fc3ab22fbb,2
obqa,14-187,2300,obqa_2b423a73f564a2c59eec,3
obqa,14-188,2301,obqa_feb9632ec95ac4d3d960,2
obqa,14-19,2302,obqa_f66f62ace634b532d77d,3
obqa,14-196,2303,obqa_3d72f7db6c20a917228d,4
obqa,14-198,2304,obqa_9470309d978d1c1bd954,2
obqa,14-20,2305,obqa_f91d033241d818f235ba,1
obqa,14-203,2306,obqa_5b7ff267c69cce06dc21,1
obqa,14-204,2307,obqa_e1d228a84c24788ee3d6,3
obqa,14-21,2308,obqa_65b1244ef24e55fa251d,2
obqa,14-212,2309,obqa_07119bc98e7f9f353e11,0
obqa,14-213,2310,obqa_49157e62bba3590dacd6,0
obqa,14-214,2311,obqa_f0e6d7530436831c0ee0,1
obqa,14-215,2312,obqa_1508d0ca93699dd5ea55,1
obqa,14-217,2313,obqa_6f2d23322f4a7c9ed44a,3
obqa,14-219,2314,obqa_3c4db39c1abbd7c34ff7,0
obqa,14-22,2315,obqa_f81b23bebf0035eb5b02,0
obqa,14-220,2316,obqa_88aebd839d033c96fa70,4
obqa,14-23,2317,obqa_2cea6699a525fdb217ca,1
obqa,14-232,2318,obqa_5961f796bc558e797ef6,0
obqa,14-234,2319,obqa_df88019cf409b9d52b44,4
obqa,14-238,2320,obqa_c57744fcc06a34377532,4
obqa,14-239,2321,obqa_6f6dc9c8b56ef6293b69,0
obqa,14-24,2322,obqa_224f8a8361042a3a95f4,2
obqa,14-248,2323,obqa_4b0a15c8c8197eb7db27,3
obqa,14-25,2324,obqa_ba1e379777c432d142da,3
obqa,14-250,2325,obqa_707ca6adb49c35b36f4d,4
obqa,14-255,2326,obqa_486f10a7939b8cbc445d,0
obqa,14-259,2327,obqa_7ce3c334ddc53160e738,0
obqa,14-263,2328,obqa_662699f4e4914f5671f6,1
obqa,14-265,2329,obqa_90e1ecf09b573cfffbd8,2
obqa,14-266,2330,obqa_3a05ac01e79db3255448,1
obqa,14-268,2331,obqa_0632e9abe450647bd2f8,0
obqa,14-27,2332,obqa_bf57100577dd1aabfabd,2
obqa,14-270,2333,obqa_e24ef5dc17ec3e2497fb,4
obqa,14-272,2334,obqa_a1286bf8c6370d504fb2,0
obqa,14-273,2335,obqa_d9c7a3caa86ad73ded5a,1
obqa,14-277,2336,obqa_6734aaedf72e143e836c,1
obqa,14-281,2337,obqa_b5408671d42461d06f09,3
obqa,14-284,2338,obqa_16b39d5d6a92a1a329d0,2
obqa,14-285,2339,obqa_efe0a8c352c8a2090169,3
obqa,14-287,2340,obqa_d4cb0c6a83c6c9eeeb34,3
obqa,14-294,2341,obqa_a90d1a2849900cfcb629,0
obqa,14-295,2342,obqa_77f04bc7e0f2566a2e11,2
obqa,14-3,2343,obqa_2aac0aece260aab9efb2,2
obqa,14-300,2344,obqa_29be1368a7a6519f6d6e,1
obqa,14-302,2345,obqa_cc83cf308c7855c51766,3
obqa,14-307,2346,obqa_2f890cb62f82669a28bd,0
obqa,14-308,2347,obqa_13067e81e9dd686540c5,2
obqa,14-309,2348,obqa_6aa0a3ba27f0e3cb805d,1
obqa,14-31,2349,obqa_161b5c8d547f375a0688,3
obqa,14-312,2350,obqa_97125e2ce705764767bc,0
obqa,14-319,2351,obqa_bddb4e9147e250a82205,2
obqa,14-32,2352,obqa_319e6c4e43aacd770235,3
obqa,14-323,2353,obqa_ce7daddce08af8f4e223,4
obqa,14-324,2354,obqa_2b8faa54a3af96f4335a,2
obqa,14-325,2355,obqa_bc058a706f93ffa05471,1
obqa,14-326,2356,obqa_4f5b6efbfff90a9c1434,4
obqa,14-330,2357,obqa_4811275827d099c826d3,2
obqa,14-333,2358,obqa_602a3a6ebbb3894702af,1
obqa,14-337,2359,obqa_e5ae8a1e6a62802c11a6,3
obqa,14-339,2360,obqa_793543fa06dee9f18976,3
obqa,14-343,2361,obqa_050f7f356fe18d7a75ac,1
obqa,14-344,2362,obqa_d3319bfac0ced7acba09,0
obqa,14-345,2363,obqa_8050c9d9316e35846819,2
obqa,14-346,2364,obqa_cb438a3bf2e2ac42bf5a,3
obqa,14-355,2365,obqa_b1cfc07ee4f5ef5a24f2,3
obqa,14-356,2366,obqa_235012fffc4b57d81a63,2
obqa,14-359,2367,obqa_62d1a71f082ec3e93186,1
obqa,14-360,2368,obqa_8e3e9fd07f0b85282ab9,2
obqa,14-365,2369,obqa_84b4e20ce22b960276ea,3
obqa,14-366,2370,obqa_df9577eb9ece5c2aceeb,1
obqa,14-369,2371,obqa_fa18a5976a68583091a8,4
obqa,14-37,2372,obqa_f552f4f2a925cc5d370d,2
obqa,14-376,2373,obqa_61dc4428c1cb275327c8,1
obqa,14-377,2374,obqa_106998deec245eebc364,3
obqa,14-381,2375,obqa_6b52717535d6a74a49fc,4
obqa,14-382,2376,obqa_93103eb81ec7cab2a24f,1
obqa,14-383,2377,obqa_f747476f2e349b9f554e,3
obqa,14-384,2378,obqa_c9b168b01e8a2912a70f,4
obqa,14-387,2379,obqa_51074ff8d2076d760a74,3
obqa,14-389,2380,obqa_1f68d029316f0c6139f1,1
obqa,14-391,2381,obqa_b4c1d7663e9d99845cd5,0
obqa,14-396,2382,obqa_0a31cd1444dcf5cae59b,1
obqa,14-397,2383,obqa_9f965a5b41d42877bd2d,2
obqa,14-399,2384,obqa_8db2774f6315077f5f2a,3
obqa,14-40,2385,obqa_19f6f579effab829ff32,4
obqa,14-402,2386,obqa_09c2dfd91730d8ca9d4e,2
obqa,14-404,2387,obqa_9b0e4cf2b31de512edb5,4
obqa,14-405,2388,obqa_3d29977ba40b0048a3ca,2
obqa,14-406,2389,obqa_38b89e6d4169fd26a525,0
obqa,14-407,2390,obqa_2d79a655656a9c2942ff,1
obqa,14-408,2391,obqa_e5e0b9b7b1a36061a62a,3
obqa,14-41,2392,obqa_93d68ec0f1412673ee32,3
obqa,14-413,2393,obqa_4b879ae2ff937138c196,2
obqa,14-414,2394,obqa_9d355186474858ddeebb,3
obqa,14-416,2395,obqa_4a41b2b3052297e78db6,1
obqa,14-42,2396,obqa_0fdcf749ea84a260df9e,3
obqa,14-423,2397,obqa_bec0edf85b84cd71ed7e,2
obqa,14-428,2398,obqa_cf016a5a5999bca788f8,4
obqa,14-43,2399,obqa_009b0d33c0f4b4262af0,4
obqa,14-431,2400,obqa_1ae99403efd4b7e4ccea,4
obqa,14-436,2401,obqa_e53672f0d2321c5dea40,1
obqa,14-438,2402,obqa_4cb8e054bd0358b0a4b9,1
obqa,14-439,2403,obqa_0324529e49e390a930f8,4
obqa,14-44,2404,obqa_dd7e07c6beb3b27c1593,4
obqa,14-442,2405,obqa_2bf9e68be9f58c75bc6e,1
obqa,14-445,2406,obqa_908def040595b839027d,1
obqa,14-449,2407,obqa_bb5251733d0034c5e9b6,2
obqa,14-452,2408,obqa_586f7ba3f43394581b24,2
obqa,14-46,2409,obqa_a16e2373c7c90efd6edd,3
obqa,14-462,2410,obqa_4b07d9ae22bae69189d3,0
obqa,14-464,2411,obqa_bf872762774bd2f44811,3
obqa,14-465,2412,obqa_07f77c8a31ac9aaee341,3
obqa,14-466,2413,obqa_76ed7ed0be572547a438,4
obqa,14-47,2414,obqa_b18b69354eaacfd6f3e8,2
obqa,14-473,2415,obqa_f0c7c8ac6615e02fecfe,4
obqa,14-475,2416,obqa_c96fa9f1fa74fcb0a7f9,3
obqa,14-479,2417,obqa_ee3819a8e23660108b7a,3
obqa,14-480,2418,obqa_11190530fb7d0d5bd39b,4
obqa,14-482,2419,obqa_942f8f047c07c58c8355,4
obqa,14-483,2420,obqa_7a5b6881177753554017,1
obqa,14-485,2421,obqa_ef7ad704c4080eb80b7c,3
obqa,14-488,2422,obqa_c651ecd02b15967268df,2
obqa,14-49,2423,obqa_7e8da70bf5b3327d5602,1
obqa,14-490,2424,obqa_2af4f3aa7de7e5468cfc,1
obqa,14-492,2425,obqa_5bb4adf0607e2d590114,0
obqa,14-498,2426,obqa_1d05d006103057276745,2
obqa,14-5,2427,obqa_c2047c07c32ebbb151fd,0
obqa,14-505,2428,obqa_8a7a4291c5bbfd33007a,4
obqa,14-509,2429,obqa_728a14cddd66d1218d94,0
obqa,14-512,2430,obqa_5a9b2b1b51e436f505ac,0
obqa,14-516,2431,obqa_67f43bc4ddecfcc27ae5,3
obqa,14-517,2432,obqa_f7524439b5cf69d86e34,3
obqa,14-518,2433,obqa_8862b023b1dfa9f8f1f0,3
obqa,14-521,2434,obqa_fd2ff12414f8bb6fb19a,1
obqa,14-522,2435,obqa_ff579387ecfc6473c2b6,2
obqa,14-528,2436,obqa_a33bbdfc8f51d2cfa477,4
obqa,14-53,2437,obqa_d5cec2ae62e3dd7dc5c4,4
obqa,14-534,2438,obqa_265f08e62efc0f7dd961,0
obqa,14-538,2439,obqa_72289f7a81d5696e4fb2,4
obqa,14-539,2440,obqa_bfe34ca51fa25f07847f,3
obqa,14-540,2441,obqa_388cc24f19fbc3e370f8,4
obqa,14-541,2442,obqa_051b7ffa2c8494022927,1
obqa,14-543,2443,obqa_2a021ca9b3bc28def6d9,3
obqa,14-549,2444,obqa_24b6ea91b23008612e06,3
obqa,14-55,2445,obqa_5f0fc88ce82b5702b998,4
obqa,14-551,2446,obqa_4a1afef9be11ba62a86a,1
obqa,14-552,2447,obqa_57fe67ec515456aa53ab,3
obqa,14-553,2448,obqa_677f264dac640dbf8479,2
obqa,14-554,2449,obqa_cd74258eb1f97af41b5f,3
obqa,14-557,2450,obqa_1abaa009bb697c84c62a,4
obqa,14-558,2451,obqa_9dba58648e0f85303db1,2
obqa,14-559,2452,obqa_cf2353c1bcf7ad0be087,3
obqa,14-564,2453,obqa_c43b30c6957b305af558,3
obqa,14-566,2454,obqa_ddb4b286b0431dc6e685,3
obqa,14-567,2455,obqa_11244bf09da0b6453a7f,0
obqa,14-568,2456,obqa_5e7c46a1b7c4616f9106,4
obqa,14-569,2457,obqa_318714d8b326f75876c7,1
obqa,14-57,2458,obqa_686387504f7fec98271b,2
obqa,14-571,2459,obqa_b3d4255c356d8b6651b1,2
obqa,14-573,2460,obqa_4c85536e1a00bef74e09,2
obqa,14-575,2461,obqa_3c7cffdaf2c17e7cce47,4
obqa,14-577,2462,obqa_0ef0796409b581cb81dd,1
obqa,14-578,2463,obqa_6aa09869b539c70bc674,1
obqa,14-579,2464,obqa_6772d39ad9e06c62d88f,0
obqa,14-58,2465,obqa_f03e72af2a9553fd2c30,0
obqa,14-581,2466,obqa_4f9ce953a11000a18d0b,4
obqa,14-588,2467,obqa_72ebb2b9ca9988319852,4
obqa,14-59,2468,obqa_8409e19f0ef4f1b48e13,4
obqa,14-590,2469,obqa_41a3bb5ae1076f160897,1
obqa,14-597,2470,obqa_8d603982775582f829ae,2
obqa,14-6,2471,obqa_56876ca44143d2dc5b13,0
obqa,14-600,2472,obqa_993097ec38ed3902e098,1
obqa,14-601,2473,obqa_c6e43277314f405ed488,1
obqa,14-606,2474,obqa_ad274d1e9ed09553f0cd,3
obqa,14-608,2475,obqa_51844ac13b379f7bd3c8,0
obqa,14-611,2476,obqa_894932498d0a1c5d42bc,1
obqa,14-614,2477,obqa_4b4ccde36576283234cd,3
obqa,14-615,2478,obqa_9bd94932e743c4abca91,3
obqa,14-616,2479,obqa_6a956474f3818496f5ee,3
obqa,14-619,2480,obqa_558f39a400c6f9a9e795,4
obqa,14-620,2481,obqa_da536d41b8ac5a65dcad,1
obqa,14-622,2482,obqa_0c7e764b0ed249d16c4d,1
obqa,14-623,2483,obqa_acf8034fdd1ed1a05b53,1
obqa,14-625,2484,obqa_b6a2ec7e904b02ab5220,4
obqa,14-63,2485,obqa_e662773f2139a11714f3,4
obqa,14-633,2486,obqa_16da82f2cf4b2a9bfacc,2
obqa,14-635,2487,obqa_b307724785b49ada9383,1
obqa,14-636,2488,obqa_6e8ea6eb13e23a604b21,4
obqa,14-638,2489,obqa_5ccd85831ee6501f42aa,1
obqa,14-642,2490,obqa_977d138410e905f4c645,0
obqa,14-643,2491,obqa_e1ce856d8dcf6dd26f92,0
obqa,14-644,2492,obqa_b3affd679a510efc1e9a,1
obqa,14-645,2493,obqa_d1c1300df92139d5dab2,0
obqa,14-646,2494,obqa_981a2ca24285688edeca,0
obqa,14-651,2495,obqa_706e9e6de39bbdd8aad8,1
obqa,14-656,2496,obqa_7b35d9f07200f6979bc3,0
obqa,14-658,2497,obqa_16b55b46364b8be9ca96,1
obqa,14-659,2498,obqa_e0609f0a84a4a5b53b7e,4
obqa,14-66,2499,obqa_7b5b03e311ea73d4069f,0
obqa,14-661,2500,obqa_6ad4a3a0b70ac8e1b50e,2
obqa,14-664,2501,obqa_1734dde1912a05e0d4a0,1
obqa,14-667,2502,obqa_c151e6dcec82957dac36,4
obqa,14-669,2503,obqa_1797a72131b8047b2586,1
obqa,14-670,2504,obqa_06659f0abcdc5352ec38,3
obqa,14-672,2505,obqa_a0be5c48f15b8c609195,3
obqa,14-673,2506,obqa_0cb674852402f8e7e40b,0
obqa,14-674,2507,obqa_65be00436b5089cb982c,3
obqa,14-677,2508,obqa_15f397756f4cccc34dbc,2
obqa,14-681,2509,obqa_9f3d4e9d162a38f95518,2
obqa,14-682,2510,obqa_6ee062148f9438061255,1
obqa,14-686,2511,obqa_0ba80d33b82cf3e7c09d,1
obqa,14-687,2512,obqa_b6fcba4fe06f3b292437,1
obqa,14-692,2513,obqa_75b59a7a32b60eb02ce0,2
obqa,14-693,2514,obqa_cf7dbb79d1041f855cc7,1
obqa,14-694,2515,obqa_49b119ff217a676781e6,1
obqa,14-695,2516,obqa_c8adbfbd99ebd2a5b47f,2
obqa,14-699,2517,obqa_58b07cb9db16640e63d1,4
obqa,14-700,2518,obqa_cb9ad860ad5ee6169bf7,0
obqa,14-701,2519,obqa_2bc210a068f51a791ab0,0
obqa,14-702,2520,obqa_2f94a3e718326eb74d80,2
obqa,14-704,2521,obqa_5cc94c8668b441ab8706,2
obqa,14-705,2522,obqa_4c1761050870dd0491f4,2
obqa,14-709,2523,obqa_5bcfa66276906a53e81d,0
obqa,14-71,2524,obqa_a905368898861709b228,1
obqa,14-711,2525,obqa_87868d689be9bbf8bd39,3
obqa,14-712,2526,obqa_7e87fc95827114419490,4
obqa,14-714,2527,obqa_2889e0a89c51c3d7d07c,1
obqa,14-717,2528,obqa_0009a680fc832c0dec61,4
obqa,14-718,2529,obqa_f745a94cf5751ba76bfa,3
obqa,14-719,2530,obqa_3fa0a7f8f9f664ba96ff,4
obqa,14-72,2531,obqa_44e0dd817d2ec45e24f7,0
obqa,14-721,2532,obqa_060c339e66e47fb9245c,0
obqa,14-723,2533,obqa_98cdc1efae2a3ae07af9,1
obqa,14-724,2534,obqa_85c188665c4f2e783b52,3
obqa,14-725,2535,obqa_bf370c9e78ad3cdde819,1
obqa,14-726,2536,obqa_22fbb683c91b51c9ccb3,2
obqa,14-728,2537,obqa_b7d1be89c51b4ecbed5b,3
obqa,14-731,2538,obqa_8552cbf530e9d3a9110d,2
obqa,14-736,2539,obqa_6f919a3b7d0758f6fb6a,1
obqa,14-74,2540,obqa_9cb1fdfb111a0cebdc1e,1
obqa,14-742,2541,obqa_af354e91a5fd81581858,0
obqa,14-749,2542,obqa_319647be975e82df397b,0
obqa,14-751,2543,obqa_2ac621e1a68a18acc89e,4
obqa,14-753,2544,obqa_6eac4747782968746a80,1
obqa,14-760,2545,obqa_44f62e11a1153d3585d9,2
obqa,14-761,2546,obqa_eac2377e7f711a7df3b7,0
obqa,14-762,2547,obqa_f78d1a12adc11a18359f,3
obqa,14-763,2548,obqa_f44201bcd44abbbf2853,2
obqa,14-767,2549,obqa_58db74479b5d062bff74,1
obqa,14-768,2550,obqa_03f0cf40e824eaeaadd5,2
obqa,14-770,2551,obqa_d5e0dfa3f16172675397,3
obqa,14-771,2552,obqa_9aedd3b661848c2123ce,3
obqa,14-780,2553,obqa_da9cbaf1a04897461340,0
obqa,14-781,2554,obqa_d2104381994371239785,1
obqa,14-787,2555,obqa_eb800fd8f3c4a34567f3,4
obqa,14-79,2556,obqa_f9712b4218a399082348,3
obqa,14-795,2557,obqa_9baf86337b8516af4d66,1
obqa,14-798,2558,obqa_0d7fe685a05441c7fa3c,3
obqa,14-801,2559,obqa_0397c047b6df4c058c4c,0
obqa,14-802,2560,obqa_c060152adde5fa4b72f8,0
obqa,14-803,2561,obqa_1e23d30ef8fa12ecd9f1,1
obqa,14-805,2562,obqa_c130ffe01f55aeb261f3,0
obqa,14-808,2563,obqa_94a0595394ab4c7b039b,4
obqa,14-809,2564,obqa_303e57a8ea70445c5224,2
obqa,14-815,2565,obqa_3fc89613d17b9bf3d41c,1
obqa,14-816,2566,obqa_295bd37cc5c7e467cd64,0
obqa,14-817,2567,obqa_0ccb968461cb61ee6bd9,1
obqa,14-819,2568,obqa_e30c11522e51ce86aac0,4
obqa,14-820,2569,obqa_de8d7daea28fb4df634d,3
obqa,14-821,2570,obqa_366515a19c24f99108dc,2
obqa,14-822,2571,obqa_83612d16c5ac6a8b5e65,0
obqa,14-825,2572,obqa_f87b5eb0672618fa261f,0
obqa,14-826,2573,obqa_5f5c9c4be3b5d116f9c3,0
obqa,14-827,2574,obqa_fd894605e78617f2218c,3
obqa,14-828,2575,obqa_d7fd74db6ed13de7ded0,4
obqa,14-831,2576,obqa_545e0aca804210d103ce,1
obqa,14-836,2577,obqa_71b92941970fec4cf2a1,4
obqa,14-838,2578,obqa_ff537aba426e9b7923a9,0
obqa,14-840,2579,obqa_3210ad168ed001c2be3c,1
obqa,14-842,2580,obqa_68394648494ac75f3739,0
obqa,14-845,2581,obqa_6e302353bed2a9cd6dc8,4
obqa,14-847,2582,obqa_2dc94507d5894bc8029e,3
obqa,14-848,2583,obqa_897b9da69f93d58c62a0,2
obqa,14-850,2584,obqa_ce7493b3220f3844849d,2
obqa,14-853,2585,obqa_e06eeececdc4f04f45a2,1
obqa,14-857,2586,obqa_58c150229449dd6722bd,1
obqa,14-858,2587,obqa_443864ed73a1cbf4b1db,2
obqa,14-86,2588,obqa_416916d4e31e4a686afb,3
obqa,14-862,2589,obqa_596ca2f557df720da25b,2
obqa,14-864,2590,obqa_e41a8280894205f9a4c4,0
obqa,14-865,2591,obqa_7507197f981d7a54f880,3
obqa,14-866,2592,obqa_1d4adcfc4ee98f657a97,1
obqa,14-873,2593,obqa_8c9b69a37823dd62d833,1
obqa,14-874,2594,obqa_643689c6581cbb3ffd6e,1
obqa,14-876,2595,obqa_41030df78edee0b97956,0
obqa,14-879,2596,obqa_42bf4d5d9fcc02bfda4e,3
obqa,14-88,2597,obqa_3ec5da6e8316b0e70472,3
obqa,14-881,2598,obqa_55cb7039b1a2d81c52a9,3
obqa,14-883,2599,obqa_a8db7b0db110903e5324,2
obqa,14-884,2600,obqa_e08f8fe240de5f1f6cc8,0
obqa,14-886,2601,obqa_e414f6c471b16266ee03,3
obqa,14-887,2602,obqa_36a61d00c474faeb7d1e,1
obqa,14-889,2603,obqa_4d8948ee030f0d4f810f,2
obqa,14-891,2604,obqa_4dc11dea43eec4262c9c,0
obqa,14-892,2605,obqa_e72b79f15ecb36a11d4a,4
obqa,14-893,2606,obqa_cc23db2c60ce5d20f93d,4
obqa,14-894,2607,obqa_7c032a0db16a8053e363,1
obqa,14-895,2608,obqa_8d0b4cab5fe5377b743a,1
obqa,14-9,2609,obqa_0e1078e639b86a5c3edb,0
obqa,14-90,2610,obqa_78edd8285d0a4613af1f,4
obqa,14-905,2611,obqa_f2acc06ecd17c7051948,3
obqa,14-910,2612,obqa_e0e4a25b0f8e46ba9523,1
obqa,14-918,2613,obqa_1d773b664e879f567421,4
obqa,14-919,2614,obqa_4037125fe830f2bc8b88,0
obqa,14-920,2615,obqa_727b7b0f9893106fc776,2
obqa,14-922,2616,obqa_9c7a164f5d618f0f5089,4
obqa,14-923,2617,obqa_22e5cb7c2fe34dedc6b3,0
obqa,14-924,2618,obqa_e6852af171ff3ddfd78a,0
obqa,14-925,2619,obqa_3c7da913972967e1e6fd,1
obqa,14-926,2620,obqa_7bfd809537d20db07146,4
obqa,14-928,2621,obqa_343b60034fc73efb76fe,2
obqa,14-929,2622,obqa_3a78b35f4138eaf67d04,0
obqa,14-93,2623,obqa_777562e25c3c663d31be,4
obqa,14-934,2624,obqa_e67ecfd7fce19270d7ec,0
obqa,14-935,2625,obqa_4d9182b801cde148d519,0
obqa,14-936,2626,obqa_6f7f12c96ba7ae2608ee,4
obqa,14-937,2627,obqa_7b30944304d5a5e02b72,1
obqa,14-938,2628,obqa_c8978a2eaab9587a4d36,3
obqa,14-939,2629,obqa_cf8bd92915dba58747c5,4
obqa,14-943,2630,obqa_a9e1a9c47d6919df1b5f,2
obqa,14-944,2631,obqa_0fc401bdff80806b445e,2
obqa,14-95,2632,obqa_19dd565efc767e3b5629,4
obqa,14-950,2633,obqa_f6dc59e1a7c6757488e9,2
obqa,14-951,2634,obqa_c82f95aff9e0029b0f10,4
obqa,14-952,2635,obqa_d6d0b79dbbeead87e0d7,3
obqa,14-953,2636,obqa_7b53a50266b6bab0b291,0
obqa,14-955,2637,obqa_b0594e325122075d56cc,3
obqa,14-957,2638,obqa_5b64770b4abb8e13852d,1
obqa,14-959,2639,obqa_cc8a0014e354887f93ce,1
obqa,14-960,2640,obqa_430e4934bcfd394137ba,0
obqa,14-964,2641,obqa_55a4112503f4a17775e9,1
obqa,14-965,2642,obqa_35cd816084f8ce61980c,4
obqa,14-966,2643,obqa_4a34e00dc123619b258d,2
obqa,14-967,2644,obqa_35ec9bd93c84a485e1e7,4
obqa,14-97,2645,obqa_17f38b21eed5e8df02a9,1
obqa,14-970,2646,obqa_2571e5a1a666bb2a1593,0
obqa,14-972,2647,obqa_a724461778072e8fbf8a,3
obqa,14-974,2648,obqa_bafbe9b440989c234543,4
obqa,14-980,2649,obqa_1ff412f48a95246c2a4b,1
obqa,14-981,2650,obqa_418c7ec07d43ca5ce2cc,4
obqa,14-982,2651,obqa_bdf88e4248354f00acf5,0
obqa,14-983,2652,obqa_2623fc524cd5f3645239,0
obqa,14-986,2653,obqa_71e9e2b01279a6d76dae,1
obqa,14-987,2654,obqa_42ad6ae280339ca55196,2
obqa,14-99,2655,obqa_021d99c635fda260bbde,2
obqa,14-990,2656,obqa_f1c4d8003f0148b2a105,0
obqa,14-995,2657,obqa_01bbabde8b62cc52b5a6,1
obqa,14-997,2658,obqa_8cb16b0982db8e659c98,3
obqa,14-998,2659,obqa_eb4917ca261874b8887c,2
obqa,14-999,2660,obqa_4713e6cfd4135c8a2c6b,4
obqa,1404,2661,obqa_18d65db8ea4c38eee64d,2
obqa,1412,2662,obqa_394bb73d7c074f6ad902,2
obqa,1413,2663,obqa_5601d52a58292d4fbfb0,1
obqa,1422,2664,obqa_38ba77423508e1e26915,2
obqa,1427,2665,obqa_9a281faa14d89f797e96,3
obqa,1432,2666,obqa_eeb22ff0251b077c9a35,1
obqa,1433,2667,obqa_4bf64d23b49ce34081c1,0
obqa,1435,2668,obqa_6de4455cac89f686e304,0
obqa,1440,2669,obqa_0ac60aa388acbaf3da41,3
obqa,1442,2670,obqa_62d64ad4399851470155,4
obqa,1443,2671,obqa_88cd589c33707dcbcc13,1
obqa,1453,2672,obqa_83fa680202daa337aa9a,1
obqa,1466,2673,obqa_dba641bc85c8ee94dda9,4
obqa,148,2674,obqa_2132cee74a4e0907fdac,2
obqa,1489,2675,obqa_1c50dd5d9a481a265ee5,3
obqa,1494,2676,obqa_45251a27c8125375bc5f,0
obqa,1505,2677,obqa_27d94f66bb4c01db9b91,2
obqa,1509,2678,obqa_80d7b9810d892cd031ee,2
obqa,1514,2679,obqa_99c9a6bb95049e6a4cf0,1
obqa,1529,2680,obqa_d1198951b9dfd7d0aea0,2
obqa,1542,2681,obqa_f822cf78147bd3ab7f5e,2
obqa,1544,2682,obqa_735f042917f42f3b5baa,0
obqa,155,2683,obqa_98bbcec58db664182128,1
obqa,1552,2684,obqa_e2d1d8ac46a7429be957,1
obqa,1564,2685,obqa_67735edc2f828ffea4fc,1
obqa,1567,2686,obqa_0099fef14f6d34dbe7bc,1
obqa,1570,2687,obqa_4f231e927d35c2f87bc2,2
obqa,1573,2688,obqa_f1c33a493ce6de3bac68,4
obqa,1575,2689,obqa_b0fe15a29ceed0f73bb9,0
obqa,1579,2690,obqa_299e3709ac342a762c4b,0
obqa,1589,2691,obqa_2b7aecc3f7bf78d22dd1,3
obqa,1591,2692,obqa_a7bff1787aed2f7c74e6,4
obqa,161,2693,obqa_05404d8363062a52e72e,4
obqa,1640,2694,obqa_1efbe31d8a39324c92c4,4
obqa,1644,2695,obqa_3d21b287902fe640fae4,3
obqa,1646,2696,obqa_aca62f367c74ce64d86b,4
obqa,1656,2697,obqa_78e537c02a28e1b1f785,3
obqa,1658,2698,obqa_42a0c517748950c682e8,3
obqa,1669,2699,obqa_9c8597d75579b661f7af,0
obqa,168,2700,obqa_36dda9babcb8ecc4c984,2
obqa,1681,2701,obqa_d60a1b06bc9fac8b8aca,2
obqa,1695,2702,obqa_262ebe63bb76f65117d5,2
obqa,1696,2703,obqa_b3cf5c8b4a12795026f0,1
obqa,1703,2704,obqa_6fed5ac434d22a85d643,4
obqa,1705,2705,obqa_516a89137d1cfce26fb2,2
obqa,172,2706,obqa_c0d812d2e8c461983925,4
obqa,1721,2707,obqa_0871b646b03880d6e397,3
obqa,1722,2708,obqa_08474bb0bf7e1ad0b7be,1
obqa,1738,2709,obqa_1ec01101e40c104195f2,3
obqa,1757,2710,obqa_ce9eece3ad4fdc75a4b5,2
obqa,1766,2711,obqa_f722f0bcd62791312481,3
obqa,1768,2712,obqa_b061d091c9a8202b3cf3,0
obqa,1770,2713,obqa_ebb3af0d59049cc989af,3
obqa,1784,2714,obqa_041a8084168191698b70,2
obqa,1792,2715,obqa_8eceddfcdc847d32242f,3
obqa,1806,2716,obqa_c685f2c30e851ef19e9d,1
obqa,1826,2717,obqa_1f5f89e8d7b00df2e759,3
obqa,1827,2718,obqa_b1ee28af4fba7ff96e1c,0
obqa,183,2719,obqa_1b9c1742873334ce7346,2
obqa,1844,2720,obqa_43cbbe38db42a9c04d50,2
obqa,1846,2721,obqa_0d1a22bcaead19befc8a,1
obqa,1860,2722,obqa_71e9f3e840e43bfaa91d,1
obqa,1867,2723,obqa_9ca28450985e56a92867,1
obqa,1873,2724,obqa_79dfc82bb6dda6753992,3
obqa,1875,2725,obqa_90fb10e6d5d5c4601098,4
obqa,1877,2726,obqa_21448ffe7ab9d21c8dc6,1
obqa,1878,2727,obqa_7ad862dbc20cbd028d67,2
obqa,1879,2728,obqa_df6b3d5fdd62c981258d,2
obqa,1885,2729,obqa_3d0ff305ae516fe14c9c,4
obqa,1891,2730,obqa_f6b1e7a99839d0cfe625,0
obqa,1895,2731,obqa_31494bdd5dd110e2f534,0
obqa,1898,2732,obqa_970da3a863ca6f53e475,1
obqa,1908,2733,obqa_ac957682d568a392d3fe,2
obqa,1921,2734,obqa_460e52cbae9b2dfd3406,3
obqa,1929,2735,obqa_8c9fcf0119b8e2ae2fea,4
obqa,1936,2736,obqa_631ada78b0e5922559d3,2
obqa,1938,2737,obqa_3ed8512c00e5dfbd7fba,4
obqa,1944,2738,obqa_e5981b488b3d53406587,2
obqa,1946,2739,obqa_589c2dd6c312bcec06bd,2
obqa,1950,2740,obqa_4580cebee56efee51884,1
obqa,1952,2741,obqa_cbd1871a821d67fdcbd0,0
obqa,196,2742,obqa_cc2fced950be4ce1fdb1,1
obqa,1962,2743,obqa_38b831fc5c08faf7e183,3
obqa,1989,2744,obqa_952e14bc0938f495576a,4
obqa,1992,2745,obqa_1555caab54a354aec29d,0
obqa,203,2746,obqa_4fba5ba04346552be5b9,1
obqa,204,2747,obqa_c232d741aefcc7c2de01,3
obqa,205,2748,obqa_4939461bd8004422d7f5,0
obqa,206,2749,obqa_9c0d60a2e1878afa0af2,0
obqa,207,2750,obqa_fe3d1535062927fb594a,4
obqa,21,2751,obqa_e5545559d95ef8da9a96,2
obqa,210,2752,obqa_54506645f484b2f149af,3
obqa,217,2753,obqa_04a2ed25866d4af5d732,0
obqa,24,2754,obqa_94f50e52ad61385c2fc2,0
obqa,246,2755,obqa_c819f12b581250b32a82,1
obqa,252,2756,obqa_342c8d9a56331343e729,4
obqa,254,2757,obqa_9ae33b1181c6ea757a09,3
obqa,267,2758,obqa_94405c548aa5a4d048ce,0
obqa,272,2759,obqa_97c2633de0d26258c7b7,3
obqa,274,2760,obqa_dc715a56aff46ccb3649,3
obqa,282,2761,obqa_821b613ea768337ad58c,2
obqa,287,2762,obqa_dcc17de316fdf427f5cc,2
obqa,288,2763,obqa_aa21e831f13dc86c3231,4
obqa,299,2764,obqa_5a7bb59ac39aa49c714c,4
obqa,30,2765,obqa_2d5feb695d5755f604f8,1
obqa,302,2766,obqa_42bef189fadde0a27451,2
obqa,306,2767,obqa_5ca88944215aa3959c59,4
obqa,319,2768,obqa_a5a990477e6b28bbf019,1
obqa,323,2769,obqa_de7acf89e4dced7a1666,3
obqa,325,2770,obqa_d53af974be89ca5b6bf1,1
obqa,332,2771,obqa_aa8b859bcbd17e62cc60,2
obqa,334,2772,obqa_c353b0843f6ddc6a48f4,4
obqa,336,2773,obqa_07e4daa4396063a3970e,4
obqa,355,2774,obqa_154fbd91c62e9f583d68,1
obqa,356,2775,obqa_8bfd21f94d598032819f,0
obqa,357,2776,obqa_e5b11ac14938af88105c,0
obqa,370,2777,obqa_3a1a26dfdc28359e8579,4
obqa,384,2778,obqa_2c2c558e75d5e5976b1b,4
obqa,396,2779,obqa_944d425329acd42f475e,4
obqa,401,2780,obqa_fab415644f000b07f298,1
obqa,405,2781,obqa_ea55dc0d76844d2bf52d,1
obqa,413,2782,obqa_c38b4e1f237307a3efe8,0
obqa,45,2783,obqa_bfda34cf7e95be6ae035,0
obqa,475,2784,obqa_34c204b3d527da09adc4,3
obqa,482,2785,obqa_f74e8f68c66516b7c9eb,2
obqa,498,2786,obqa_d9a1ef0cd55d376de4ac,1
obqa,506,2787,obqa_13eaa7a1fc828b54f251,4
obqa,510,2788,obqa_3d11bcfcc63153d6064f,0
obqa,52,2789,obqa_a3a1ac5fad2da3693382,3
obqa,558,2790,obqa_ccef8d9639c5cc5c59c8,2
obqa,564,2791,obqa_05386ab13fd7247edde6,4
obqa,571,2792,obqa_e3da66ef24ce4b2ab55d,3
obqa,573,2793,obqa_a0831a53575671f2fbbf,1
obqa,579,2794,obqa_68c40f934133075af6e0,2
obqa,581,2795,obqa_453ea8240116a38f0013,2
obqa,585,2796,obqa_3b8b574bf1fda7f0f92b,1
obqa,586,2797,obqa_35d516b832c2a1a74511,2
obqa,588,2798,obqa_3b21df98e33250d981af,4
obqa,593,2799,obqa_69c0954a7cdd28c64144,2
obqa,595,2800,obqa_eec248d9cf074faa698e,4
obqa,608,2801,obqa_e912b072ab9a763e8fa5,4
obqa,619,2802,obqa_0a0ebd2c8fcdcbdeb577,4
obqa,623,2803,obqa_741f0b049b0a82051796,2
obqa,634,2804,obqa_0e6c782353e51fb0bd85,3
obqa,656,2805,obqa_83cc7b2d90cc80f5820a,2
obqa,657,2806,obqa_05997ae3022ce47f2030,2
obqa,681,2807,obqa_925bcd550e149f007116,1
obqa,684,2808,obqa_4f0a5ed2cfd75b260fea,1
obqa,699,2809,obqa_fcf201435278cdd02da0,2
obqa,7-1002,2810,obqa_d4b62c25706f9c31248f,3
obqa,7-1005,2811,obqa_2e678b7e6a1a65a2c7ea,0
obqa,7-1009,2812,obqa_e301545c633a18ba8b4b,0
obqa,7-1014,2813,obqa_17ec0c4adc2266ce1010,3
obqa,7-1023,2814,obqa_2d6034a5fd70b7825b40,2
obqa,7-1027,2815,obqa_b167f33ba3985c6e99d6,1
obqa,7-1029,2816,obqa_9f3dd030f4e71f358957,4
obqa,7-1037,2817,obqa_88fca975db376fbfefc9,4
obqa,7-1049,2818,obqa_f3fc5a982fefec8c837c,1
obqa,7-1064,2819,obqa_991c8e370faf0144e96f,0
obqa,7-1065,2820,obqa_65d3288cd65d75f458de,0
obqa,7-1066,2821,obqa_899c51d55003bb5bab28,0
obqa,7-1070,2822,obqa_ef17870beb49d5f5a1b0,4
obqa,7-1073,2823,obqa_ec4a6e8b9cb13f6e1588,4
obqa,7-1079,2824,obqa_3407239a6490972a25e3,4
obqa,7-1081,2825,obqa_22ff984b8d67ef7fd820,3
obqa,7-1082,2826,obqa_932c179e9ef87279e0ae,2
obqa,7-1083,2827,obqa_fe76b772ebb6b32bda6d,3
obqa,7-1084,2828,obqa_213e493e9cb432cf1e2e,0
obqa,7-1085,2829,obqa_c068931682da87c9868e,3
obqa,7-109,2830,obqa_3bd78ce1520222dbc144,0
obqa,7-1090,2831,obqa_d265ab8a942966b984e8,0
obqa,7-1091,2832,obqa_4f3292f4eba3748b761a,1
obqa,7-1093,2833,obqa_2126cc82b50b4c0a8831,1
obqa,7-11,2834,obqa_f001cae1859a85c5a8f9,2
obqa,7-110,2835,obqa_d6d2aa82b94801c11862,4
obqa,7-1107,2836,obqa_5998c5cf3e99eb34f5a5,3
obqa,7-1110,2837,obqa_808f0ff9c4b2c5c86499,0
obqa,7-1111,2838,obqa_6811bf9fc3cf7fd2ad4c,1
obqa,7-1115,2839,obqa_7e78f9520d89b71e02e0,0
obqa,7-1117,2840,obqa_2f7f63ead4173cf212f1,3
obqa,7-1126,2841,obqa_f3aff9e62c978f784d65,1
obqa,7-1130,2842,obqa_5c352dcf1f9511c0e761,0
obqa,7-1133,2843,obqa_44fa788c9df09f7ba3df,1
obqa,7-1136,2844,obqa_93d3069be4189a369466,4
obqa,7-1137,2845,obqa_3c6326144362181d7531,0
obqa,7-1142,2846,obqa_b2a3d5b74f1a57a9fecc,2
obqa,7-1143,2847,obqa_d6e57281090796b8bc06,3
obqa,7-1146,2848,obqa_7ea244b90cffca4ad5af,3
obqa,7-1147,2849,obqa_fbdb7183252e8cb14fba,1
obqa,7-1168,2850,obqa_9650e31c78a7a0b14817,0
obqa,7-117,2851,obqa_7f5adbe6b4830e0e2e1f,3
obqa,7-1175,2852,obqa_7dd62591017853d02eab,2
obqa,7-1177,2853,obqa_4ee6c9e301a73c4db136,0
obqa,7-1182,2854,obqa_9ea72431a953843bc574,3
obqa,7-1183,2855,obqa_3b24fea36ba32062213c,1
obqa,7-1190,2856,obqa_b43ce783edb90e92180f,3
obqa,7-1193,2857,obqa_25bb60483ef81035a5c3,0
obqa,7-12,2858,obqa_f2ccbe7dc6a232e5edfd,3
obqa,7-121,2859,obqa_499d318eb56b702968e9,2
obqa,7-122,2860,obqa_4d5ca9e05dad9a747f81,3
obqa,7-130,2861,obqa_9f8075061ddcb974547f,0
obqa,7-138,2862,obqa_17ecadc2df33a2a53326,2
obqa,7-143,2863,obqa_a586ac24cf6e926d9e3b,0
obqa,7-145,2864,obqa_aacf48e7ebad77df43f2,4
obqa,7-149,2865,obqa_0b95ee9e79ff9812f332,1
obqa,7-16,2866,obqa_93468af9f33d0ba9b076,4
obqa,7-165,2867,obqa_44a0fc1b97a04117f121,0
obqa,7-167,2868,obqa_7231ef476b5573e3e717,3
obqa,7-178,2869,obqa_1d3855c3f130e6519841,1
obqa,7-180,2870,obqa_550a20ead8552702fdb0,1
obqa,7-186,2871,obqa_bb7b4e499ec95bc2ad94,2
obqa,7-189,2872,obqa_34b341f814a4c02f38ab,3
obqa,7-190,2873,obqa_8de5d241eb40e6a1766b,2
obqa,7-192,2874,obqa_2ac02feb3749e840676d,4
obqa,7-209,2875,obqa_6cf5a25e66537f7f3523,3
obqa,7-21,2876,obqa_b173ec580ae990cedd46,4
obqa,7-223,2877,obqa_895081b6cc50e161834c,1
obqa,7-224,2878,obqa_11f148d4f9ec8180f5aa,4
obqa,7-233,2879,obqa_52c55a9392a69a40f3d5,4
obqa,7-235,2880,obqa_15103abcace175f21f9e,0
obqa,7-24,2881,obqa_a991fe7d1e29fa156591,2
obqa,7-243,2882,obqa_1244d010daaa6ad17890,1
obqa,7-245,2883,obqa_d5e704206275d9d8bc79,1
obqa,7-248,2884,obqa_36e8616fb97b4026147f,3
obqa,7-261,2885,obqa_1f1d274b59f2dc47ce9f,0
obqa,7-269,2886,obqa_777e6b49a56445ece3b2,1
obqa,7-271,2887,obqa_af36bba343dc8542e62d,0
obqa,7-273,2888,obqa_f7576a6df9752e1c2466,0
obqa,7-274,2889,obqa_59cbf1a30f19900e1f54,2
obqa,7-282,2890,obqa_b95fb1fbf4138fc718aa,2
obqa,7-285,2891,obqa_1558638f36aa8d88ae2b,3
obqa,7-286,2892,obqa_43893fd4ce42f333df26,0
obqa,7-29,2893,obqa_a1158d2c9e4185f6ca8a,1
obqa,7-293,2894,obqa_ef803a233e6eb29fcd88,2
obqa,7-296,2895,obqa_f2578b693144f19983d0,2
obqa,7-3,2896,obqa_114d9bac2d9df4ecda94,3
obqa,7-30,2897,obqa_09044df83923e58ceb5a,2
obqa,7-312,2898,obqa_6fcf436e2a9a2dcb0996,0
obqa,7-313,2899,obqa_95359834b5846e238864,0
obqa,7-317,2900,obqa_cfbef1094d78c1dabec4,1
obqa,7-332,2901,obqa_562f6b6a7bc1ec7fad77,4
obqa,7-335,2902,obqa_dddf5fcb102a1b57be19,1
obqa,7-337,2903,obqa_a4f7242c5bdcac20d877,0
obqa,7-340,2904,obqa_489662dd76a2539d1649,2
obqa,7-342,2905,obqa_6b26198fba599956bed1,2
obqa,7-348,2906,obqa_6f290fe7c5a277122ae5,3
obqa,7-350,2907,obqa_27d6e4f4f92bc7b4ae66,1
obqa,7-362,2908,obqa_588af2d25cf385cab207,0
obqa,7-363,2909,obqa_7d7a4ee13b1f4b12a696,0
obqa,7-368,2910,obqa_351e6125110ae011013d,1
obqa,7-389,2911,obqa_d3d8053db399fc18ae9f,3
obqa,7-398,2912,obqa_f9c28486852f6f9c12fd,0
obqa,7-401,2913,obqa_5803f21f947c0a3cef07,0
obqa,7-405,2914,obqa_a9a92a66e923aacbc2bd,4
obqa,7-406,2915,obqa_0cedcec7fffa78cd5dd4,0
obqa,7-408,2916,obqa_b8d9c9fc7993595a43b2,2
obqa,7-409,2917,obqa_9981b4dcbed8c1957688,1
obqa,7-412,2918,obqa_54d298d9456a0054abfb,4
obqa,7-413,2919,obqa_f4ec566cee3b7a1a76b4,0
obqa,7-418,2920,obqa_d4b20b2e56ddf223bf70,1
obqa,7-42,2921,obqa_36c85265950e6225e580,0
obqa,7-420,2922,obqa_67643c55b735c79b2139,3
obqa,7-421,2923,obqa_7c5255403d000f5c3cbe,4
obqa,7-423,2924,obqa_5a02b839e7d67ac518ef,2
obqa,7-436,2925,obqa_271bd8b8edaa9ac9611b,2
obqa,7-439,2926,obqa_517b06819cf11a3729a7,2
obqa,7-443,2927,obqa_50fe5d5f58e892127ccd,2
obqa,7-446,2928,obqa_795270d29a1d9cb671f4,3
obqa,7-447,2929,obqa_3004d69f580865ac69fd,4
obqa,7-449,2930,obqa_784e64dbab7e84521c10,2
obqa,7-45,2931,obqa_9b179aeecbffac66487f,3
obqa,7-451,2932,obqa_cb15557dd0fde08bf218,3
obqa,7-460,2933,obqa_b0fb9b1c3c5c2fe2ce8f,0
obqa,7-466,2934,obqa_db8b6b9ff75925cb12bd,2
obqa,7-467,2935,obqa_53e656da9e11001f7056,2
obqa,7-47,2936,obqa_4fe9dba4ea519ec5aa40,0
obqa,7-474,2937,obqa_744b2074c70f0398ce5d,1
obqa,7-475,2938,obqa_03fb802726c2c4ed59e9,3
obqa,7-476,2939,obqa_37f36308e8e370dc18a8,2
obqa,7-499,2940,obqa_a214bd57c1ed132ce759,1
obqa,7-507,2941,obqa_3fb3c198016998d1a61e,2
obqa,7-51,2942,obqa_f1cbfad2d1b8a73c016f,0
obqa,7-513,2943,obqa_46de6d5a35f2e4be9172,4
obqa,7-514,2944,obqa_00431d755cc50f101a0a,4
obqa,7-521,2945,obqa_94dd5ab589a627e8034a,1
obqa,7-525,2946,obqa_6e590b30e3c96f747261,0
obqa,7-529,2947,obqa_4aa821af99b9f4524a34,2
obqa,7-530,2948,obqa_611888da9b42590d677b,1
obqa,7-531,2949,obqa_de635cfa2d1929a2b1dc,1
obqa,7-532,2950,obqa_490dee8cd3bb9a69e09c,3
obqa,7-542,2951,obqa_4d3218ba5747c3d63a0b,4
obqa,7-546,2952,obqa_a159ccb9b627a50e9877,2
obqa,7-550,2953,obqa_8c7431297fa2e8f428c2,3
obqa,7-555,2954,obqa_9c8db5a94316bd1d0e7e,1
obqa,7-56,2955,obqa_32da5241d92c8fcdbc90,3
obqa,7-560,2956,obqa_063dc2ee6f48b77ce317,0
obqa,7-563,2957,obqa_1053469b57cb6d25eaf1,2
obqa,7-568,2958,obqa_1466c729b276159ad565,3
obqa,7-574,2959,obqa_176e2bca4762d98a4bdf,3
obqa,7-576,2960,obqa_9a58585d855aeae90a23,0
obqa,7-579,2961,obqa_861d77a19bd961caf1bb,3
obqa,7-584,2962,obqa_91238fa232babad5d779,2
obqa,7-585,2963,obqa_a6637c400d68ce95a9f0,3
obqa,7-588,2964,obqa_441dceabfcd16e589087,1
obqa,7-591,2965,obqa_68f971fd06eb1cd28b7d,1
obqa,7-592,2966,obqa_53fb5344714d13ddee8d,3
obqa,7-6,2967,obqa_c884af16e1a03f3edd2a,2
obqa,7-612,2968,obqa_b217c9eb27a02284c0ba,3
obqa,7-617,2969,obqa_1930b21c0a898a52456f,3
obqa,7-622,2970,obqa_eb25de1b8375c19572af,2
obqa,7-629,2971,obqa_8eba80b31369b3e31771,2
obqa,7-632,2972,obqa_b6c54d715e5eaff7af9d,4
obqa,7-64,2973,obqa_b3bcbec7bd25acb11e1f,4
obqa,7-641,2974,obqa_507b170ef7995dd5d803,0
obqa,7-659,2975,obqa_e4ca7e093f5603aa6213,1
obqa,7-662,2976,obqa_ac6003ba1df9fada4801,1
obqa,7-666,2977,obqa_d448930e765995391286,4
obqa,7-670,2978,obqa_7d944d3057be942cc9e9,4
obqa,7-674,2979,obqa_0b6eb22a51e5acfb79db,0
obqa,7-675,2980,obqa_3404d25647e906d1ee43,2
obqa,7-69,2981,obqa_59197bca6bb4211779d0,0
obqa,7-700,2982,obqa_f55528f5924a0378e71f,3
obqa,7-701,2983,obqa_892e5ed9a660e0ffd5eb,1
obqa,7-705,2984,obqa_c6ac1b95d83e9308342c,0
obqa,7-708,2985,obqa_d4af93b54915b0f6b95d,0
obqa,7-712,2986,obqa_abc0a546ef98654281f3,0
obqa,7-714,2987,obqa_dcfbe13e0eab94d9741d,2
obqa,7-716,2988,obqa_56681876992ed5acd81c,0
obqa,7-719,2989,obqa_f751576fc72a3a214dd2,1
obqa,7-721,2990,obqa_d6e8edf2379cf93c0329,1
obqa,7-722,2991,obqa_d2978670f409332f2bc0,0
obqa,7-729,2992,obqa_e312b96fd66a197aaafe,3
obqa,7-733,2993,obqa_b2d674b19998be1a9e87,3
obqa,7-74,2994,obqa_a9748931c136ae327356,4
obqa,7-741,2995,obqa_b2769336441cef9641e5,4
obqa,7-742,2996,obqa_f120f2a462b1653305a1,0
obqa,7-743,2997,obqa_57a63943f73b18faeedd,1
obqa,7-744,2998,obqa_4a365064e3ca5c304e19,0
obqa,7-745,2999,obqa_ca296dca4c7cea31265d,4
obqa,7-748,3000,obqa_f45b4f0f1b63cf694e5f,1
obqa,7-749,3001,obqa_a726563914ae1e960fcd,4
obqa,7-751,3002,obqa_26c0180a8faa208bf327,3
obqa,7-752,3003,obqa_a9de09a396b8b665dee8,4
obqa,7-754,3004,obqa_6f2fad6a07c752380e1a,4
obqa,7-76,3005,obqa_a361db09b2b874ac2f70,1
obqa,7-764,3006,obqa_69579a9764e2356f5bfd,0
obqa,7-770,3007,obqa_74198c3a97fa97a3aa18,4
obqa,7-774,3008,obqa_df84da1d15e32e22f442,4
obqa,7-778,3009,obqa_4f379cd7f92252344313,3
obqa,7-78,3010,obqa_2454de5e3eee160081f5,3
obqa,7-783,3011,obqa_14472d76a6962cd03b87,1
obqa,7-784,3012,obqa_b9684f2888a2adfdb60a,4
obqa,7-786,3013,obqa_0ebca0cf0948734a604f,2
obqa,7-792,3014,obqa_35b32b4649a85ba09dac,1
obqa,7-795,3015,obqa_f6de70f8937cc87a2026,3
obqa,7-804,3016,obqa_e705390f03e4cce3b74e,1
obqa,7-812,3017,obqa_cd8ad5af62c91c6ee8d8,2
obqa,7-816,3018,obqa_b0a56a3f201b95c64ede,4
obqa,7-822,3019,obqa_10905150f504c93a4e40,4
obqa,7-824,3020,obqa_74049eebb7c46cac7f83,2
obqa,7-826,3021,obqa_6ec385001f8e0541f037,0
obqa,7-830,3022,obqa_84a0f1f90950e861926e,2
obqa,7-834,3023,obqa_97f3f96f8a5d6f6bcc91,1
obqa,7-835,3024,obqa_e7193ca21cb23833726a,0
obqa,7-836,3025,obqa_0192761e9f2e4afe5d7f,0
obqa,7-842,3026,obqa_3a84173fe9f988c8b839,1
obqa,7-856,3027,obqa_2698d8de7ba2de6dc741,1
obqa,7-872,3028,obqa_35e812401d57fa49366d,3
obqa,7-874,3029,obqa_9575865e460bdabfc246,3
obqa,7-88,3030,obqa_a747810b2ed16f26e34e,1
obqa,7-883,3031,obqa_0793745875f1a75cab8e,4
obqa,7-885,3032,obqa_588c3b1559e646c0732d,0
obqa,7-889,3033,obqa_c9639e6d8dc7c7ceefaf,1
obqa,7-890,3034,obqa_57bf79f58a2b24644e26,3
obqa,7-892,3035,obqa_7c1a02344ec42454ea70,0
obqa,7-898,3036,obqa_a81c2b72ca3809d9fc88,3
obqa,7-901,3037,obqa_4e3bcddde327205d6632,1
obqa,7-905,3038,obqa_51728d1422b3ce699496,0
obqa,7-926,3039,obqa_13216b20009a91d0f203,2
obqa,7-931,3040,obqa_90e6d6f94c308720ccd6,1
obqa,7-934,3041,obqa_48060d852f8a02c1bf01,1
obqa,7-939,3042,obqa_88cb90f8917874023c0e,2
obqa,7-94,3043,obqa_fbc1cc53a182a5d31443,3
obqa,7-943,3044,obqa_1c88c318bfa1342048c9,2
obqa,7-947,3045,obqa_662c49da5f237a53a478,2
obqa,7-948,3046,obqa_a4ecce7b4bfbf719e52f,3
obqa,7-950,3047,obqa_e47ff29bc167d200b3c2,4
obqa,7-956,3048,obqa_c9f739d1bd09637b9240,3
obqa,7-958,3049,obqa_700f98fb0d3871dcd7d7,4
obqa,7-959,3050,obqa_89bfdc1acaf7e6511ac3,2
obqa,7-975,3051,obqa_94754ab8905602c0376b,2
obqa,7-980,3052,obqa_3636722679c988bfc919,4
obqa,7-982,3053,obqa_8697b1ef6b92df890cb6,1
obqa,7-994,3054,obqa_8e8d5f6844f0d3d88305,3
obqa,7-995,3055,obqa_5bc6348d4da4d65a24e3,2
obqa,707,3056,obqa_a36212550953980e37c0,4
obqa,712,3057,obqa_6060c329c72ec3e671ff,3
obqa,714,3058,obqa_7e0676e13e121d3b8521,3
obqa,722,3059,obqa_85b1e47668847a9844ec,0
obqa,723,3060,obqa_7bc8bbd8fb997d71981a,2
obqa,731,3061,obqa_188e4776ef0978c73808,3
obqa,74,3062,obqa_63fa4538e6f7278f7230,0
obqa,741,3063,obqa_735d13751692ea3bd045,1
obqa,750,3064,obqa_cfddb84126e203ca410b,1
obqa,752,3065,obqa_740ac7e3233071dcd666,4
obqa,76,3066,obqa_c8615af335aaeda85c5f,4
obqa,768,3067,obqa_d626abc51e5ba4e0015e,4
obqa,77,3068,obqa_20dcfbf0687070c53fee,2
obqa,770,3069,obqa_01fc19c14cf60f279532,0
obqa,773,3070,obqa_3ee700bcf295054f49cf,0
obqa,779,3071,obqa_c7059824da64b0ddf6da,4
obqa,781,3072,obqa_52aa344f9cf84b716ebd,2
obqa,783,3073,obqa_7a492e27cfff2d5162d3,2
obqa,791,3074,obqa_340b136a93623f2634a0,1
obqa,792,3075,obqa_2edebd0568bf58be50ec,1
obqa,799,3076,obqa_a6c6e1465860be316a17,2
obqa,8-103,3077,obqa_4583b519dd340c35a1c9,0
obqa,8-105,3078,obqa_fe308df29afe6f4bea30,4
obqa,8-113,3079,obqa_7c1e39e8198a05eaa7a0,0
obqa,8-117,3080,obqa_60d7ce025e15a394e429,0
obqa,8-120,3081,obqa_6ab312f3ed175f10e621,0
obqa,8-124,3082,obqa_cc372495d3f435007e70,2
obqa,8-137,3083,obqa_cad60434e3a83dc3b0f2,4
obqa,8-14,3084,obqa_b2abb51c27f2b6b0d221,2
obqa,8-145,3085,obqa_9da6564a7225a666e58f,1
obqa,8-146,3086,obqa_56e26c219666e6153eeb,3
obqa,8-152,3087,obqa_79e2adb5b0142dc33e2f,1
obqa,8-156,3088,obqa_339d9507a35bfbd01f39,1
obqa,8-159,3089,obqa_ac6365b5c19c8da92f21,0
obqa,8-164,3090,obqa_25afdd9ef4f495d3d459,3
obqa,8-17,3091,obqa_c13a3a42b7fe389023a8,0
obqa,8-172,3092,obqa_8e2a1e1a37cc97ed00fa,3
obqa,8-173,3093,obqa_f281c4469409f8d744a4,1
obqa,8-174,3094,obqa_6b1f2e7daae32b6ae0dc,0
obqa,8-178,3095,obqa_e7190401b82fb9debeda,4
obqa,8-184,3096,obqa_51385dfe5913b363efdf,3
obqa,8-187,3097,obqa_f8a25f2939edd0b94ca5,4
obqa,8-20,3098,obqa_794d00256d68ab2ed0e3,0
obqa,8-200,3099,obqa_fd5da354599e5e7a02d6,2
obqa,8-207,3100,obqa_f2c545ac0b238b278d01,4
obqa,8-208,3101,obqa_b220eb473d949cbdfc4f,0
obqa,8-21,3102,obqa_df50e76dff784c8de74f,3
obqa,8-210,3103,obqa_bbcf525f2fba82e6b518,1
obqa,8-212,3104,obqa_cce21d1df90395462f3a,3
obqa,8-215,3105,obqa_7aa86cdd17013f2307fb,4
obqa,8-217,3106,obqa_c2ef4693d39c7e25ac69,2
obqa,8-219,3107,obqa_e18bf28594a2be9b56ce,3
obqa,8-229,3108,obqa_785e8e9bc9554fe8c423,2
obqa,8-232,3109,obqa_556117e5bbb60de32566,0
obqa,8-233,3110,obqa_d02ba230192cc251086e,0
obqa,8-242,3111,obqa_4bfa94f1905f6b3f939a,1
obqa,8-243,3112,obqa_e1aa1a255d8f39551b58,4
obqa,8-245,3113,obqa_c658e82be0632790f814,3
obqa,8-252,3114,obqa_eec602ba3feb0fef9a1d,4
obqa,8-254,3115,obqa_4962f2388b04f8f9a6cd,3
obqa,8-264,3116,obqa_88e5e6d0c8fedf019376,2
obqa,8-267,3117,obqa_0060b65f3222cb4ebd5f,2
obqa,8-275,3118,obqa_412d661f0d2a0f587c46,0
obqa,8-278,3119,obqa_3a5a2aac104cbdd588bd,0
obqa,8-283,3120,obqa_0897e9742f29834e00f4,0
obqa,8-285,3121,obqa_6833bec863fc7b278d5a,2
obqa,8-286,3122,obqa_849db43bf3270eca692e,3
obqa,8-294,3123,obqa_3d452114f251322a1146,0
obqa,8-295,3124,obqa_395f617417768673dff4,2
obqa,8-297,3125,obqa_69087475284630e0d1cd,4
obqa,8-30,3126,obqa_e597cbcdb643e6c39ad7,0
obqa,8-300,3127,obqa_4c54a7576f5f21b75696,4
obqa,8-301,3128,obqa_e53f1361810a8b723cde,1
obqa,8-310,3129,obqa_a3f1410edea73cc6df06,1
obqa,8-313,3130,obqa_3998f66202d3014f62fa,4
obqa,8-317,3131,obqa_eb635bc6056a47127fe8,3
obqa,8-319,3132,obqa_b10f8dd149f5e0601033,2
obqa,8-320,3133,obqa_d9d5c756b155d22cd130,2
obqa,8-330,3134,obqa_1139fbc51d24c30c69d9,1
obqa,8-335,3135,obqa_45bbb1e8576f676c2a19,0
obqa,8-339,3136,obqa_11c858798a247786df24,3
obqa,8-345,3137,obqa_e501ea53f091593e68a6,0
obqa,8-347,3138,obqa_f20b255c358b0c44e6b6,1
obqa,8-348,3139,obqa_31022624ad56cf2a6d4f,1
obqa,8-357,3140,obqa_afee624f20769c3eef32,2
obqa,8-360,3141,obqa_088909493d6586fccddb,4
obqa,8-366,3142,obqa_e1edc369c6c6e38db2d2,0
obqa,8-377,3143,obqa_a68226d8f1276679fa17,4
obqa,8-383,3144,obqa_d567dd6cfca3fec165f0,4
obqa,8-388,3145,obqa_5855e502c6bc7359b54a,2
obqa,8-391,3146,obqa_3acac17ee28ceab76237,2
obqa,8-397,3147,obqa_a7201a59aa50a7cb9565,2
obqa,8-4,3148,obqa_a158ed3ebfbfcd79877d,2
obqa,8-40,3149,obqa_94443d39581937ff2afe,4
obqa,8-405,3150,obqa_5f654211310411fc843a,2
obqa,8-407,3151,obqa_e65edd7c33e632bc0793,2
obqa,8-413,3152,obqa_4ea633608c287120011c,4
obqa,8-415,3153,obqa_7e318b7cf0e20817bc58,3
obqa,8-419,3154,obqa_4d504b0558392c4e757d,3
obqa,8-42,3155,obqa_4389db5d7fb65cab7a0f,0
obqa,8-421,3156,obqa_385820b01753a723f300,3
obqa,8-427,3157,obqa_ce1bb7e04495c392b4a4,0
obqa,8-432,3158,obqa_8e04c93b0892e5d74e25,4
obqa,8-433,3159,obqa_3318ea13fe3a68802c7d,4
obqa,8-436,3160,obqa_c63f43ab95192a6330ef,3
obqa,8-439,3161,obqa_4ba87e6fb60f94c518d3,4
obqa,8-44,3162,obqa_005b8e0b2ac96f6a1d1b,2
obqa,8-451,3163,obqa_c38fc3e7d8ee30fbacf9,3
obqa,8-452,3164,obqa_55663fa417dbe305e615,1
obqa,8-458,3165,obqa_7b0547a450f1a01646fb,3
obqa,8-461,3166,obqa_376178d07a5ae9ab8c8d,0
obqa,8-462,3167,obqa_ce8fd769815470bceac5,4
obqa,8-472,3168,obqa_43b9a3c26d6df554bb91,2
obqa,8-474,3169,obqa_bca9439275d3924c5a09,0
obqa,8-476,3170,obqa_d0ad505b2f1c2975aa85,3
obqa,8-480,3171,obqa_5ebf02145783b9e841c3,4
obqa,8-484,3172,obqa_99505c4aeed8e4576288,3
obqa,8-485,3173,obqa_eea87c422776bbc31729,4
obqa,8-487,3174,obqa_0ee433666f6d31c63358,0
obqa,8-492,3175,obqa_48cfaffacf65f05b3183,3
obqa,8-50,3176,obqa_4497de126e4e34e65dc6,1
obqa,8-6,3177,obqa_253ea4ea3d65496443f7,2
obqa,8-72,3178,obqa_6d7427ac8c01fe4b5c4e,0
obqa,8-73,3179,obqa_bb6574dff195ea6c3303,1
obqa,8-78,3180,obqa_21b06fe6c9b9aa18b7a3,2
obqa,8-8,3181,obqa_d955c517869dde6cfa57,2
obqa,8-80,3182,obqa_25e2989bb3cae7d837f6,1
obqa,8-81,3183,obqa_674e6ef65f8a2a7b859e,3
obqa,8-82,3184,obqa_d9b9f405d69bf084b8db,2
obqa,8-83,3185,obqa_6ef7f2e1eaa7a47d9c5a,2
obqa,8-87,3186,obqa_eee67744a08ecae008ce,1
obqa,8-90,3187,obqa_14fb07292d7fc97e03cd,1
obqa,8-95,3188,obqa_dc9dd2966f07a067ee37,2
obqa,8-99,3189,obqa_aa5fc63b9bcceff98173,4
obqa,800,3190,obqa_2b7bf61e3ff01fa082bf,4
obqa,812,3191,obqa_af754889cfda0db1b934,1
obqa,814,3192,obqa_d5c06f59591abedf0879,4
obqa,822,3193,obqa_fc471a0c00b8d4612eed,2
obqa,825,3194,obqa_e934f27e58db25571a29,3
obqa,826,3195,obqa_c854c99a6fa7d918ee86,3
obqa,828,3196,obqa_ce75b2338499b220d3ed,3
obqa,831,3197,obqa_e0705f6a27638ba497e6,2
obqa,833,3198,obqa_0fce39077c9ffccdfac9,0
obqa,834,3199,obqa_0a4b039b8fbfac490aaf,3
obqa,837,3200,obqa_5f1c78b1fc7bbe4b5d33,2
obqa,84,3201,obqa_5d819ef57146491684a8,2
obqa,848,3202,obqa_3f33ac3e859f9bd5bf25,3
obqa,852,3203,obqa_3eaa973a90f4e8495044,0
obqa,864,3204,obqa_0786e3d448a0b9a60ac4,4
obqa,867,3205,obqa_70afd848e865780e44c2,0
obqa,873,3206,obqa_2cda54182f5ccb99cead,0
obqa,876,3207,obqa_02cecf23f672e65aa9b9,0
obqa,884,3208,obqa_48612afca7e29a20d000,2
obqa,888,3209,obqa_c5945c03dba64f3fe0db,3
obqa,890,3210,obqa_5563a8bb530b38bea0b1,4
obqa,893,3211,obqa_1bd773658b9af189230d,0
obqa,896,3212,obqa_aa19760928b67d852747,1
obqa,9-10,3213,obqa_cf25c73bad9f3a34ba75,4
obqa,9-1006,3214,obqa_597dd1bf273d39981402,4
obqa,9-102,3215,obqa_781bb307364e3d5e2f1f,2
obqa,9-1028,3216,obqa_a5171e339da1f6655e3a,1
obqa,9-1035,3217,obqa_67dc18ce43b76cd492fb,2
obqa,9-1037,3218,obqa_f3366559ddc7c1ff6b0c,0
obqa,9-1041,3219,obqa_a4710b5228e3daf5a720,1
obqa,9-1050,3220,obqa_0eea37bebb170491956e,3
obqa,9-1051,3221,obqa_45a07f1989434fdce70e,2
obqa,9-1052,3222,obqa_6171ccadabe0767f868e,3
obqa,9-1065,3223,obqa_e28775c632e64d213122,0
obqa,9-1068,3224,obqa_2288349cfcfb4ca5719f,0
obqa,9-1070,3225,obqa_983332c97ccd4d824496,0
obqa,9-1072,3226,obqa_7cc53033746436be4f52,0
obqa,9-1074,3227,obqa_c0abfdfe1405311d5e89,1
obqa,9-1080,3228,obqa_f60afdd23dea9767978e,3
obqa,9-1088,3229,obqa_480ee8e471eaaf603f81,3
obqa,9-1091,3230,obqa_664dcd1150410badb1ac,1
obqa,9-1093,3231,obqa_9afe4e7dd6d53f2c9891,0
obqa,9-1095,3232,obqa_a8618d0bb8faa17a987c,4
obqa,9-1106,3233,obqa_1c811ca996b733b8434c,1
obqa,9-1107,3234,obqa_40c7c4aaf70a60985700,1
obqa,9-1109,3235,obqa_75b6ed28351ecc4c3fc4,3
obqa,9-1113,3236,obqa_f8b5c012f7b7a2cab63b,2
obqa,9-1116,3237,obqa_9a164f4047b24d84dea1,2
obqa,9-1121,3238,obqa_795a94c0357fae9bb0f5,1
obqa,9-1127,3239,obqa_0cb19a97f9d1dff2a48c,4
obqa,9-1128,3240,obqa_bff274ee48d1566594bf,1
obqa,9-1131,3241,obqa_7ca1a46f1f5c48404e23,3
obqa,9-1133,3242,obqa_cbca400079555e578d59,1
obqa,9-1142,3243,obqa_1ea428afe65c2160eedf,3
obqa,9-1143,3244,obqa_813548c0f45fcc49fc92,3
obqa,9-1148,3245,obqa_bc7528eb5731a2524114,2
obqa,9-1149,3246,obqa_dcf6dc067382b904139f,3
obqa,9-1156,3247,obqa_6b331557935b44dddb57,1
obqa,9-1157,3248,obqa_ae4a5d85b14342d9669f,4
obqa,9-1158,3249,obqa_44dfd4f0e77264c5594f,2
obqa,9-1165,3250,obqa_8f8ad3fba38f17540046,3
obqa,9-1171,3251,obqa_6b13b3205b64abf34004,4
obqa,9-1174,3252,obqa_bcfd14c1a3dda578d303,2
obqa,9-1176,3253,obqa_be8ff775103d1745a755,2
obqa,9-1177,3254,obqa_ef3818cfb59e1f07d1f0,3
obqa,9-1185,3255,obqa_eca7378ed40763aebcb7,2
obqa,9-1187,3256,obqa_57972d5479aeb13a9000,2
obqa,9-1195,3257,obqa_2e09bc49c3a622ff7b47,0
obqa,9-121,3258,obqa_a6234a6b15a1dcff5b89,3
obqa,9-126,3259,obqa_e1c81c676796f80af65e,2
obqa,9-128,3260,obqa_44f2ba40ec8370849773,4
obqa,9-129,3261,obqa_e24161c96d670fe0ee9f,2
obqa,9-13,3262,obqa_a4e58d22248f3490b2f3,2
obqa,9-136,3263,obqa_620b1ce8413335047340,0
obqa,9-139,3264,obqa_b2028b463419db920358,2
obqa,9-140,3265,obqa_7bde6f82fc9465443b5c,4
obqa,9-156,3266,obqa_b65ce2cfc4d1fe5a5c84,1
obqa,9-157,3267,obqa_449020403faeaea89b38,2
obqa,9-162,3268,obqa_7c9edc5cc462bbbf71ef,0
obqa,9-166,3269,obqa_eb427cb9c59d26765388,3
obqa,9-170,3270,obqa_d88f2e6acfd6258e4489,4
obqa,9-171,3271,obqa_8a265f7f98a3e3f47721,2
obqa,9-172,3272,obqa_f669f3d19064fc03412f,1
obqa,9-173,3273,obqa_ce841f39ce7f99fa9a06,3
obqa,9-174,3274,obqa_1ccb25a0eca88403e46b,1
obqa,9-178,3275,obqa_2a9c4c284ae7c129a771,2
obqa,9-180,3276,obqa_4baac1a1b6c981f067d1,1
obqa,9-182,3277,obqa_255642ab1135b949c8f4,4
obqa,9-184,3278,obqa_8def37e10edb74e11582,2
obqa,9-191,3279,obqa_faf98a0d0288743f2179,0
obqa,9-195,3280,obqa_7cf78400fb333374c011,0
obqa,9-200,3281,obqa_9a92f198aa8157647d54,4
obqa,9-207,3282,obqa_24884860e16ec5dbd600,2
obqa,9-208,3283,obqa_a26eeb0a60a71ba5e81a,4
obqa,9-209,3284,obqa_ee5e796c3b96466a5fa0,4
obqa,9-210,3285,obqa_8fa15891f3ad11887a90,0
obqa,9-213,3286,obqa_60243fe0a8382b3a1040,4
obqa,9-219,3287,obqa_6a0ff64939b4a36d3caa,3
obqa,9-231,3288,obqa_e969857bfeeeae10da1f,1
obqa,9-232,3289,obqa_979d8ab0d57e21d3b89b,4
obqa,9-233,3290,obqa_a2dd0f193081bf867417,4
obqa,9-234,3291,obqa_54d561a1b2523d3b0802,1
obqa,9-236,3292,obqa_8cf3db00597da694f27f,3
obqa,9-243,3293,obqa_dda20071125f491c7007,4
obqa,9-248,3294,obqa_4a35ccf7d8f3fe001426,2
obqa,9-256,3295,obqa_935f58e13e1899c17405,3
obqa,9-261,3296,obqa_46da52476ab00cd457c1,3
obqa,9-262,3297,obqa_cd020daf220032ce09eb,1
obqa,9-269,3298,obqa_929fc108752d8f00ac34,2
obqa,9-274,3299,obqa_e1a1d6dd2bc2600fdb84,0
obqa,9-28,3300,obqa_efeada334a56e3d7cbd7,0
obqa,9-291,3301,obqa_0b52955ef3417500fe79,0
obqa,9-293,3302,obqa_be84b87f0e7f9e3e30b9,4
obqa,9-295,3303,obqa_62fafd248b80d2840d87,1
obqa,9-307,3304,obqa_11dcd6110f6f72436293,1
obqa,9-309,3305,obqa_16a9ed1dfeca17eb8193,1
obqa,9-31,3306,obqa_084866163ef97cb139cb,3
obqa,9-314,3307,obqa_188d166aae6450c06b39,4
obqa,9-319,3308,obqa_427ac1ca5175a7317f29,2
obqa,9-328,3309,obqa_3fac61ee8d1a41f7a4a1,0
obqa,9-33,3310,obqa_892c868e3e9ee3dea074,0
obqa,9-333,3311,obqa_805ec9fc62de4513a994,1
obqa,9-343,3312,obqa_5d75fc2d7acd993367de,4
obqa,9-344,3313,obqa_360d3e221a9e159ddbb9,2
obqa,9-353,3314,obqa_5812ae9fde572a159e61,1
obqa,9-355,3315,obqa_1112dfbd1cd2ce3697c0,3
obqa,9-356,3316,obqa_3785b05d908283704ada,3
obqa,9-36,3317,obqa_59ccdb7d17d18dc14ac3,2
obqa,9-373,3318,obqa_cee711b6f6be00526e9f,2
obqa,9-375,3319,obqa_44315db0b2ac629903c2,2
obqa,9-379,3320,obqa_4df0dbabe0672b48da28,2
obqa,9-382,3321,obqa_f40681c42bbc60e6237d,0
obqa,9-388,3322,obqa_8c51c48ae814c249a6ed,4
obqa,9-392,3323,obqa_e8a0e4a103ae31af670a,1
obqa,9-396,3324,obqa_806ed50b2ad742f670bd,3
obqa,9-403,3325,obqa_084c8790b5806e3eb3e0,3
obqa,9-404,3326,obqa_55dae0a6d6ac332fcc6a,2
obqa,9-406,3327,obqa_13ce32972965b9148123,1
obqa,9-412,3328,obqa_6ce1e8b8964deba17d31,4
obqa,9-413,3329,obqa_00646405df92fc084b2a,3
obqa,9-415,3330,obqa_ff9cf00a2f91643d2303,1
obqa,9-417,3331,obqa_a9f24587b936e763df2d,1
obqa,9-439,3332,obqa_986adbc82b0ba6569b82,4
obqa,9-441,3333,obqa_6ab63181ee09d6fd37af,1
obqa,9-442,3334,obqa_aad54f0d84a236dc0c89,1
obqa,9-443,3335,obqa_bcc33ac9835c997307d2,2
obqa,9-444,3336,obqa_566100296034c3160b73,4
obqa,9-445,3337,obqa_0c94c66f62ebbe4138a7,2
obqa,9-446,3338,obqa_c701ad49a29428e33733,3
obqa,9-45,3339,obqa_7289f810a1c2f4d79302,4
obqa,9-451,3340,obqa_82f04ac3c2a1e7c9629a,1
obqa,9-459,3341,obqa_4317993d23620390ffa9,0
obqa,9-465,3342,obqa_fa2c31d211ecaf663d33,4
obqa,9-467,3343,obqa_3be9512bf0364b86eda5,1
obqa,9-475,3344,obqa_e9755d189c3937a35607,1
obqa,9-48,3345,obqa_a682f1b8b6bca7e68341,0
obqa,9-486,3346,obqa_569412e8c8f448c10362,4
obqa,9-492,3347,obqa_bf5351152a22e717e896,0
obqa,9-494,3348,obqa_2d5539b761b18cfbb83b,3
obqa,9-495,3349,obqa_dae9127e6ed226468da5,4
obqa,9-496,3350,obqa_71346ad76200e1121f77,0
obqa,9-497,3351,obqa_0dff0f00e5b643a3f052,1
obqa,9-5,3352,obqa_ffa61d1b64cc1f7ccb5d,4
obqa,9-512,3353,obqa_0a8a3180d53cc2840cc8,4
obqa,9-516,3354,obqa_0204313c552165087668,0
obqa,9-521,3355,obqa_238ce941c1321f6623d5,3
obqa,9-527,3356,obqa_0429d9116e9cd5dcbb68,3
obqa,9-536,3357,obqa_700456cd118803ebbf37,4
obqa,9-541,3358,obqa_0bcafdc4e9d004fabcc0,2
obqa,9-546,3359,obqa_df9f3b439a7aebeeb743,4
obqa,9-556,3360,obqa_c17ae185474242c3364a,1
obqa,9-558,3361,obqa_75c5302cb05e847d6cba,0
obqa,9-568,3362,obqa_9bf27e59699e5e893e3a,4
obqa,9-572,3363,obqa_8fd0a9756b1bd1cee280,0
obqa,9-599,3364,obqa_cf8ebdd7158706942710,4
obqa,9-601,3365,obqa_08dea237cbdbdbad0761,4
obqa,9-608,3366,obqa_a83a55490288735963ef,1
obqa,9-613,3367,obqa_1fa7e56d0e3558fff12d,2
obqa,9-616,3368,obqa_6951cb62c50fc1be5648,3
obqa,9-619,3369,obqa_1dbfa34dfd9a8a8e3fa9,1
obqa,9-62,3370,obqa_794ebd61a61803dbd348,0
obqa,9-623,3371,obqa_cf84893f68dbcfeb7147,1
obqa,9-625,3372,obqa_f774dd54e2ad091d0c6c,0
obqa,9-631,3373,obqa_f17fd3d98c567900ddfd,2
obqa,9-632,3374,obqa_899d7db5dc3cc0814033,2
obqa,9-635,3375,obqa_d02a52ebe5c108c834ec,3
obqa,9-639,3376,obqa_943768d84ee909bb2cef,2
obqa,9-644,3377,obqa_c4f1a9b8817a83d9fe73,1
obqa,9-649,3378,obqa_dd46a75ec1cb49a9d264,0
obqa,9-650,3379,obqa_2a9f89bc6500beba3a91,1
obqa,9-651,3380,obqa_c03669149078e8ed8002,4
obqa,9-654,3381,obqa_74d5ce99e47fed557b4d,0
obqa,9-660,3382,obqa_22c77b4d538a139de8c1,2
obqa,9-666,3383,obqa_93e82f1305aa450c49de,2
obqa,9-667,3384,obqa_1fcd19c4624a14669383,0
obqa,9-672,3385,obqa_5044e295518a22cca5b3,4
obqa,9-678,3386,obqa_32b1d4d954383fa88487,2
obqa,9-679,3387,obqa_80c542c839ff7df64f4c,0
obqa,9-69,3388,obqa_2bfc582107ddc05f9337,0
obqa,9-702,3389,obqa_a95ca09214127e97ee14,2
obqa,9-706,3390,obqa_402cf207b5f7e37bab6b,2
obqa,9-708,3391,obqa_3b54a7c1b5fe8c150422,0
obqa,9-715,3392,obqa_7aa5850152b529e7f55c,2
obqa,9-721,3393,obqa_1453142a82624069e77a,4
obqa,9-723,3394,obqa_ac99614f3ce26a5725b5,3
obqa,9-725,3395,obqa_7533f1af3c032efa483c,0
obqa,9-733,3396,obqa_ea49e8aad9f8daa5c484,3
obqa,9-734,3397,obqa_b4e8f90f995eaa1e0856,4
obqa,9-737,3398,obqa_816f82179dba422a68bf,0
obqa,9-742,3399,obqa_bed354cb8a7211b0e395,4
obqa,9-748,3400,obqa_c89130252404fe6b6d80,2
obqa,9-76,3401,obqa_2401d999d7fc9c88cd5a,0
obqa,9-760,3402,obqa_f955d00bd5fcc9ab005a,1
obqa,9-761,3403,obqa_c570482ed8a443f7f05a,3
obqa,9-762,3404,obqa_434723fcfb8d790d48ef,2
obqa,9-767,3405,obqa_64c606cb0c3eb73ccc99,2
obqa,9-769,3406,obqa_723a63a7beddf757fe39,4
obqa,9-770,3407,obqa_0b8de1d9a4819253d830,1
obqa,9-773,3408,obqa_9c9937994eaf21f7bf9b,4
obqa,9-78,3409,obqa_905e8533b60e5ee28da4,2
obqa,9-780,3410,obqa_c2d5263f2c02fc6c3195,1
obqa,9-781,3411,obqa_676f2d59bfcc00d3a7e5,2
obqa,9-787,3412,obqa_131a36bbdf2b8c45c9f0,0
obqa,9-809,3413,obqa_8f9f9e8cbcf52fadfaec,0
obqa,9-81,3414,obqa_431a5ad6983ce710ee2b,0
obqa,9-818,3415,obqa_dc643e9b1e233764621b,1
obqa,9-827,3416,obqa_2d36c96cb084c91ee64e,2
obqa,9-828,3417,obqa_ee1260fa6cd25bdb850d,0
obqa,9-829,3418,obqa_82d2f00fe9d1c0d9dfbe,4
obqa,9-83,3419,obqa_a0769374ad8897522fc1,2
obqa,9-836,3420,obqa_0bf40f10803c77cd2872,4
obqa,9-841,3421,obqa_0989014da58e4c2f7dfb,1
obqa,9-845,3422,obqa_f09385fbcb7e23eaed4e,2
obqa,9-848,3423,obqa_a2aae44f7ee0d3a777e6,2
obqa,9-850,3424,obqa_bc9dde3a3cb5c0c71529,0
obqa,9-854,3425,obqa_45d76760b930438dd11b,3
obqa,9-857,3426,obqa_358a7b00fe8a1d21a452,3
obqa,9-86,3427,obqa_94f50a200e341f177908,2
obqa,9-864,3428,obqa_259392a43da9a61c4902,0
obqa,9-87,3429,obqa_35399b9591aff1111aab,2
obqa,9-872,3430,obqa_5a3e90d0d59f6b1870a4,0
obqa,9-880,3431,obqa_398ac278b75a93254ca0,4
obqa,9-885,3432,obqa_b6d87414f820c08768c5,0
obqa,9-899,3433,obqa_92f58898f2455129835c,3
obqa,9-9,3434,obqa_e8b4ec841717f45d3db7,1
obqa,9-90,3435,obqa_bf5742faa7c6ae0a3627,4
obqa,9-912,3436,obqa_46c451771778e810b261,3
obqa,9-913,3437,obqa_8a1deca916e9b25a5b8d,1
obqa,9-914,3438,obqa_9af72e1066baa144bb04,0
obqa,9-917,3439,obqa_03fe7d66906a6f543780,1
obqa,9-92,3440,obqa_f74fc2d29fed32c12f8a,0
obqa,9-923,3441,obqa_86e2d1bd6dfbe048c930,2
obqa,9-928,3442,obqa_8ecf8d08c848972bf081,3
obqa,9-936,3443,obqa_e4e830cf0d1f6c188c89,4
obqa,9-938,3444,obqa_09991fa43ef187b848f4,3
obqa,9-939,3445,obqa_c9e5f55d559ab193a40c,4
obqa,9-946,3446,obqa_fc25d9af8ff1dd89dae1,4
obqa,9-951,3447,obqa_53cdc59da7020f95b967,2
obqa,9-954,3448,obqa_aa3de9dc7e140e86b5a3,1
obqa,9-959,3449,obqa_8e8ce713aae8523425bd,3
obqa,9-96,3450,obqa_4b267d693b37b4808bca,2
obqa,9-963,3451,obqa_761066053681bf424298,1
obqa,9-968,3452,obqa_13fea5f75e2891cf22b7,1
obqa,9-97,3453,obqa_da6eb7d8ec24a5eb41a1,0
obqa,9-976,3454,obqa_7324d7f4a98a73f5e638,0
obqa,9-98,3455,obqa_38eca4712fb6f1872c11,4
obqa,9-992,3456,obqa_7dd763ff57a22511269a,0
obqa,9-997,3457,obqa_2b80da537c5ece4b0717,4
obqa,911,3458,obqa_aef477e7b7619e90d040,4
obqa,923,3459,obqa_1759186203c873233c15,0
obqa,930,3460,obqa_d756610b150f56758a42,3
obqa,94,3461,obqa_3bb91d54435d9a4cac35,2
obqa,958,3462,obqa_67541fa511351397bd16,3
obqa,96,3463,obqa_eea76a308ebb195f6715,4
obqa,967,3464,obqa_0f20a6a75af4dee08d2a,2
obqa,996,3465,obqa_4560a6129b10ea894b52,1
arc,Mercury_SC_415702,0,arc_068884de53dac0312db1,3
arc,MCAS_2009_5_6516,1,arc_7259aa396413c8066df0,2
arc,Mercury_7233695,2,arc_105448ee693c9d32f1e9,1
arc,Mercury_7041615,3,arc_423b910773448d2bdeb3,0
arc,Mercury_7041860,4,arc_e6a16b0cda09b8977cc7,4
arc,Mercury_SC_401653,5,arc_69bc54f49cc10110e030,4
arc,MEA_2016_8_14,6,arc_b474da97e9a6bf33902b,4
arc,ACTAAP_2013_5_11,7,arc_a7ba62c8aa7c7b33dc96,3
arc,MCAS_1998_4_3,8,arc_7f5278d18aa35d5a4093,1
arc,Mercury_7106908,9,arc_f719cc2b7ed2c6710fc0,0
arc,Mercury_401402,10,arc_b9f108e0af124626a0d7,4
arc,MCAS_2005_8_4,11,arc_9b33f17c335fd6b18636,3
arc,MCAS_2007_8_5180,12,arc_d1de86120a9a44587951,1
arc,TIMSS_1995_8_K12,13,arc_9ff8540070f6a033665d,4
arc,MDSA_2008_5_30,14,arc_9f96091e372534582766,1
arc,MSA_2013_5_44,15,arc_615e11162db14b51ecf8,0
arc,NYSEDREGENTS_2004_8_31,16,arc_e8083dd2fd47852ecbb7,1
arc,ACTAAP_2012_7_5,17,arc_760bedb02f8045d10392,3
arc,Mercury_7064208,18,arc_764426dfe481f3dca6ce,3
arc,ACTAAP_2008_5_7,19,arc_6a149b5aa8b0ab9d8a7e,4
arc,MCAS_2007_8_5171,20,arc_a2714625d248f7932bb8,2
arc,Mercury_7239523,21,arc_91729ce1204808897669,2
arc,Mercury_7057733,22,arc_0a870fe969f815c35891,1
arc,MEA_2011_8_8,23,arc_135df760518fa107b396,0
arc,Mercury_7081270,24,arc_8931e19c4ce8176ff1dd,0
arc,Mercury_7086153,25,arc_4162b164bf2ce263740e,2
arc,Mercury_7205818,26,arc_f7dee7a786d8ff9dcaee,3
arc,Mercury_SC_408784,27,arc_21d9dd91c38a9f47c293,4
arc,VASoL_2007_5_39,28,arc_d929407464d895018caa,1
arc,Mercury_7227938,29,arc_7201a29a0deed3e1f4a9,3
arc,MCAS_2009_5_6522,30,arc_bafca2f524b2700675c5,4
arc,Mercury_412642,31,arc_3605df886f89fbb8fe90,4
arc,Mercury_7041633,32,arc_ded5966d076cfa2a3f3a,2
arc,Mercury_7154648,33,arc_cc26ffaf87231cf295ab,3
arc,AKDE&ED_2008_4_21,34,arc_31ca5b579d605988d6d1,0
arc,Mercury_7108973,35,arc_b17cda03781fbd2aaa3d,1
arc,Mercury_7143185,36,arc_0ac8e3f1a863ee66b4a9,2
arc,Mercury_7024483,37,arc_cae235aa52c4ca945884,1
arc,Mercury_407675,38,arc_393972859c7921f9cf60,3
arc,Mercury_7213273,39,arc_44f6b5e4c885dc00233f,3
arc,Mercury_LBS10252,40,arc_c92580539e215551706b,0
arc,Mercury_SC_413243,41,arc_9f14535ad017f635b1ed,1
arc,Mercury_417140,42,arc_402f902066323ac3583e,2
arc,Mercury_7082635,43,arc_01864f5f1265a7956010,4
arc,Mercury_7159863,44,arc_8b057f18336c4fead64b,4
arc,NYSEDREGENTS_2009_4_9,45,arc_f794830058764632d703,1
arc,ACTAAP_2009_7_4,46,arc_66f95fb94769eb4a2382,0
arc,Mercury_SC_402105,47,arc_5d616207f6147849e022,3
arc,MCAS_1999_8_34,48,arc_8aa38611e0c60d18d55a,3
arc,Mercury_7283413,49,arc_6ce86e542b845d82b0e0,2
arc,Mercury_7001243,50,arc_45f1a7dded3dce678478,4
arc,Mercury_SC_415697,51,arc_7d49dd67457ad45e42fe,0
arc,Mercury_SC_401354,52,arc_bb1170ee57709a925f68,4
arc,Mercury_SC_409675,53,arc_c01911f64f9e417e3991,0
arc,Mercury_7223353,54,arc_1fe0ff1754b958a2f231,1
arc,Mercury_SC_401306,55,arc_e40b2469c9f65a55d807,1
arc,AIMS_2008_4_2,56,arc_6f516772d4393b365891,4
arc,ACTAAP_2008_7_15,57,arc_36eb55f067f2f441dbf7,4
arc,TAKS_2009_8_9,58,arc_4722989f932c861191fc,1
arc,Mercury_SC_401220,59,arc_f38c5f45517703737043,2
arc,Mercury_7228165,60,arc_ed8d44d972e305026c09,2
arc,Mercury_7187775,61,arc_8975d85eba2f2a4b0dc6,4
arc,TIMSS_2011_4_pg92,62,arc_9eb88e79bbc71d1567fc,3
arc,VASoL_2007_3_13,63,arc_53d324534f8a34b01790,4
arc,Mercury_7212345,64,arc_14722ce7626123eee3b8,4
arc,MCAS_2008_5_5616,65,arc_e8e8c858d54d35c8112b,4
arc,AKDE&ED_2012_8_37,66,arc_c2badeee7610ba6022c1,1
arc,Mercury_417153,67,arc_e57a6998c1dce8478450,0
arc,MCAS_2002_8_13,68,arc_0f0618622e68773a2669,2
arc,Mercury_7084298,69,arc_60b9858547c87ec05ca4,3
arc,Mercury_7233905,70,arc_249a07140735aa171e79,2
arc,Mercury_SC_405455,71,arc_cf3cf21de6d5cfc77823,2
arc,Mercury_7191153,72,arc_627b92256f0673c8fafd,4
arc,MCAS_8_2015_9,73,arc_af1a7a8bfa03703c981b,2
arc,Mercury_7141295,74,arc_e13192125b7290cc7f50,3
arc,Mercury_7085243,75,arc_ee7ebd5ba010f05a0232,2
arc,Mercury_7168630,76,arc_fc4eb83c7587da10401d,2
arc,MEA_2010_8_7-v1,77,arc_d3724860c64ad13da50c,2
arc,Mercury_402349,78,arc_f89def89498c423e2e35,0
arc,VASoL_2009_3_35,79,arc_2e9e595ba6691bd85a7a,4
arc,VASoL_2008_3_17,80,arc_28cd54230e3936ac4f5b,3
arc,Mercury_7238980,81,arc_bafb89ba04b47adeec99,4
arc,Mercury_414133,82,arc_27311b2915adcb39ed37,3
arc,NCEOGA2013_8_50,83,arc_050cdcfd1969a77bf414,1
arc,TIMSS_1995_8_I17,84,arc_690af1b4298f9f693306,1
arc,MDSA_2009_4_30,85,arc_c7d2dc1b8beea717df9e,4
arc,Mercury_SC_402625,86,arc_3c106eea09918106894a,2
arc,Mercury_7068530,87,arc_f1b7b2981928aaa9c362,4
arc,AKDE&ED_2012_4_17,88,arc_d151cd29600de5a3197a,4
arc,Mercury_7044048,89,arc_ac634b7d27fce3849287,4
arc,Mercury_7211103,90,arc_a430fc727271138b026f,0
arc,MCAS_2004_8_36,91,arc_554c8aa0a387b1a65a24,1
arc,NCEOGA_2013_8_55,92,arc_a4cfea0d2b561b2ac813,2
arc,Mercury_7228375,93,arc_72e08ee37be17eff679f,4
arc,MCAS_1998_8_8,94,arc_2515c14846c5ddd6015a,3
arc,Mercury_7182140,95,arc_8dd8195fd09564966a09,2
arc,Mercury_LBS10002,96,arc_8d495b626a05731a36f0,2
arc,MSA_2015_8_37,97,arc_2b7400b1db09f6f3eae9,4
arc,Mercury_7200848,98,arc_cd5013dff49d813c5556,4
arc,Mercury_SC_405927,99,arc_f6d96466406112569af7,3
arc,MDSA_2010_5_35,100,arc_22f87e5b14a18564d6d6,4
arc,Mercury_SC_401589,101,arc_e50511d3559e27b884b3,1
arc,Mercury_7069458,102,arc_57e09f03739a057c306c,3
arc,Mercury_7230300,103,arc_a3f73ef9ff07bf0084bc,2
arc,Mercury_7239575,104,arc_639a4f4abe33aa260f68,3
arc,Mercury_SC_410891,105,arc_6bad7b4f7114456c7e48,2
arc,Mercury_7212730,106,arc_61af797101b63a5913c0,0
arc,Mercury_177660,107,arc_2aed73545a5fcf08d5d8,0
arc,TIMSS_2003_8_pg27,108,arc_54c85ed7c97cfadf3ee2,0
arc,Mercury_SC_408742,109,arc_394ab0fe6989d1d74ee7,2
arc,Mercury_7029645,110,arc_b2b83a30f616b77a522d,4
arc,Mercury_7216598,111,arc_2ce1c16ef63cf73776f2,0
arc,MDSA_2008_5_40,112,arc_f5adfa4137ac2b75612e,4
arc,Mercury_7188073,113,arc_76e53bb04bcc58cec54f,2
arc,MCAS_2009_5_6510,114,arc_ef52a0221faf3c7f2624,1
arc,Mercury_7038203,115,arc_a91896f65faa837b8f15,3
arc,Mercury_7216843,116,arc_5502bc26e0e683d62691,3
arc,Mercury_7041598,117,arc_c0844cdeedb7d0ebffc0,0
arc,LEAP_2001_8_10381,118,arc_c52a6a3b0bb779280dc8,2
arc,Mercury_7159670,119,arc_09d6f7f553151da1620e,0
arc,Mercury_SC_401369,120,arc_8c364e97479688b9043f,2
arc,Mercury_SC_415349,121,arc_6408c6fc696dbd135cd6,1
arc,Mercury_SC_416518,122,arc_5f7111c8a0fbe7e67533,0
arc,MCAS_2006_9_35-v1,123,arc_fb92cbdc56d7310d5652,2
arc,Mercury_415261,124,arc_4a8b2db767c53fc34fa5,2
arc,Mercury_7213395,125,arc_b7022a794ebe6ff22e00,1
arc,MCAS_2006_9_42-v1,126,arc_8e23957d6216d31c2a25,3
arc,Mercury_SC_400113,127,arc_aa14514160de9b8061a5,2
arc,NYSEDREGENTS_2005_8_26,128,arc_aac1d6d7e18eec12a3a4,2
arc,ACTAAP_2010_7_13,129,arc_1465956cb39c7d4b818e,2
arc,Mercury_7165953,130,arc_db76a2b0363c9f46cb23,3
arc,ACTAAP_2008_7_3,131,arc_f37e54507399d55726d2,4
arc,NCEOGA_2013_8_8,132,arc_b9f4e001b9925ffbb023,2
arc,Mercury_7033810,133,arc_f8ad425e86100ce7af53,3
arc,MCAS_2016_8_10,134,arc_5063e822e879e2f3049b,1
arc,Mercury_412782,135,arc_7b5b984247818f75eab7,1
arc,TIMSS_2003_8_pg52,136,arc_54860e1de8bdc9a8a18c,2
arc,Mercury_SC_405796,137,arc_ab6b20086f8bcf69c4cd,0
arc,ACTAAP_2008_5_6,138,arc_df71c8d8104d198ec575,1
arc,Mercury_7239418,139,arc_339a8cfbd152523a1175,3
arc,Mercury_7222355,140,arc_e14faa876803f872e5ac,2
arc,Mercury_7215198,141,arc_7726e0137af0842a2395,2
arc,Mercury_7179778,142,arc_a6f6ac40718590f68835,1
arc,Mercury_7093310,143,arc_b24dfb75bb58841d245a,3
arc,Mercury_7099365,144,arc_365a138dc577ccc18d18,1
arc,VASoL_2007_3_35,145,arc_9f6b640a4cf2402853cf,3
arc,Mercury_7016818,146,arc_4a4a29371e2b38303686,0
arc,Mercury_187618,147,arc_076cafb28ed666c30103,4
arc,MCAS_2007_8_5179,148,arc_17b06400f792e1334cf4,0
arc,LEAP_2011_4_10298,149,arc_36777de59861d25cc640,0
arc,Mercury_7185395,150,arc_380120ece85b5ecc63ab,3
arc,Mercury_7205153,151,arc_90f259e6a8c0ff1d7b11,4
arc,Mercury_7037240,152,arc_8202150ee9f181072d29,0
arc,Mercury_7268188,153,arc_1a935f5c75bd93d4b540,3
arc,Mercury_SC_401812,154,arc_308aa36bd06bc94855a8,1
arc,NCEOGA_2013_5_3,155,arc_2f201b6bac5113f237cb,0
arc,AKDE&ED_2008_8_32,156,arc_0609b04bb73f5301b6ac,0
arc,MDSA_2007_8_47,157,arc_3bc1cea7a78c407cc1f8,3
arc,MEA_2014_5_14,158,arc_1d48b7c6f049e0823514,3
arc,Mercury_7107415,159,arc_2f287d74ce50a64df237,0
arc,MSA_2015_8_38,160,arc_1aeab0ff932e37dd133e,2
arc,Mercury_7071838,161,arc_166c90623f3b6de19094,0
arc,Mercury_403967,162,arc_78667a9fe992a9a3b40a,3
arc,Mercury_400639,163,arc_bf37cc630a4210bd46a4,1
arc,Mercury_7214463,164,arc_63392228a51145e59e76,2
arc,Mercury_SC_400338,165,arc_42a8b3c03e97c53e1c0a,0
arc,Mercury_7120803,166,arc_2b74eab5892727dede07,4
arc,Mercury_7142713,167,arc_b9b7abf0b67d7374e20a,1
arc,Mercury_SC_400013,168,arc_cc6e9bb47201485da879,1
arc,Mercury_7083545,169,arc_bd942430594c8787bc7e,1
arc,Mercury_7219905,170,arc_03e0fee4aa0258e35d53,2
arc,Mercury_7201688,171,arc_8fb2b7e30822d9e82031,3
arc,Mercury_7101535,172,arc_17e6bf2f35a4f6f01d3c,0
arc,AKDE&ED_2008_4_36,173,arc_27a0568848ca3286e3ce,1
arc,Mercury_7024220,174,arc_3d86307409b5b246e4df,2
arc,Mercury_SC_407431,175,arc_46f40a9730ebfa545d43,3
arc,Mercury_7010028,176,arc_db4876154e9be1e1daac,3
arc,Mercury_7248010,177,arc_e81b5420625ebf7c0149,1
arc,Mercury_7064628,178,arc_c7da09e287c4b1746302,0
arc,MSA_2012_5_24,179,arc_38848929b89efa7331c6,4
arc,Mercury_SC_401836,180,arc_06ca6a7dab91bbfc87f6,4
arc,MCAS_2009_8_11,181,arc_d25e30e2bf23e2853c67,2
arc,Mercury_7187530,182,arc_596e1ae549ae27498f2c,2
arc,Mercury_7221743,183,arc_913dcdbb08e8903c1423,0
arc,Mercury_7143045,184,arc_fc5f04b52d0bc66e24a9,4
arc,Mercury_SC_LBS10039,185,arc_75549b038638b1707139,4
arc,NCEOGA_2013_5_1,186,arc_dc3913560a2437244271,1
arc,Mercury_7263148,187,arc_f054737a1ffa0c7d85b0,2
arc,MCAS_2002_8_15,188,arc_81a9539435af6a1c014f,0
arc,TIMSS_2007_4_pg18,189,arc_0bd696ebb7a9a61b112f,0
arc,Mercury_7206535,190,arc_06267dc6959fa4c624e8,0
arc,TAKS_2009_8_45,191,arc_92102a433af544e90d6f,3
arc,Mercury_SC_415424,192,arc_6395bb1d4f891ed47104,3
arc,Mercury_7196263,193,arc_5a0f769039485be81d5e,0
arc,Mercury_SC_405459,194,arc_e68fc3521f039145d7ad,2
arc,Mercury_SC_415723,195,arc_e7edc624ccac751d92b2,1
arc,Mercury_SC_400174,196,arc_9700ddc0993b8c6daef2,3
arc,Mercury_SC_407674,197,arc_51cb7050a1f80bcfd3a3,2
arc,Mercury_SC_407783,198,arc_77bf89cc5cc14ef98577,0
arc,Mercury_7006808,199,arc_f9f298c29f7380a9a493,0
arc,Mercury_7213850,200,arc_ff9998eb530fec4c52a5,1
arc,ACTAAP_2014_7_14,201,arc_953fe5ff0466396e7e70,2
arc,Mercury_189560,202,arc_d0047b3f4d5fbb34a8cc,4
arc,Mercury_177328,203,arc_a6bb43aa5ae05e99d713,2
arc,Mercury_186218,204,arc_c11cc2465ee554705e7b,3
arc,Mercury_SC_405764,205,arc_bdbda1647bd7e3816be1,3
arc,Mercury_7014193,206,arc_8028e3b100685955475d,2
arc,Mercury_187075,207,arc_d4ee612bcf796d2e7d4c,2
arc,Mercury_7013003,208,arc_78d43cc6d6a231d71afb,4
arc,Mercury_411013,209,arc_c07be6d4daa956b4292c,4
arc,Mercury_7207498,210,arc_e67ff3f4923a86e75a30,1
arc,Mercury_SC_415079,211,arc_3a28779c57d0679ce5b7,0
arc,Mercury_7168070,212,arc_7b153eabf11ae8b19782,3
arc,Mercury_7011358,213,arc_a6f6de7f8586bcc15f1c,2
arc,Mercury_400243,214,arc_7c70e354e9d974fe6c41,3
arc,Mercury_7233573,215,arc_8a4ccf33568029f4e450,3
arc,ACTAAP_2011_5_15,216,arc_2b8d3a266c88cd342fc6,0
arc,Mercury_7043015,217,arc_1b24453346b0d964ad13,3
arc,Mercury_184345,218,arc_a673a7af3e1eb5d0bdb0,1
arc,Mercury_SC_415475,219,arc_463037fa1d9517e2d1c1,0
arc,VASoL_2007_5_37,220,arc_f3f5e88b41b704a71362,1
arc,MDSA_2007_8_53,221,arc_e92c61dcdd5c8b10ea66,1
arc,Mercury_177468,222,arc_e6cc3d69ae94ed3164c5,1
arc,Mercury_7038430,223,arc_4a55b0548374a2d5e67b,0
arc,MCAS_2000_8_27,224,arc_5227a798c4180f96a93d,4
arc,Mercury_7109253,225,arc_58fe844971335f0ee394,0
arc,NYSEDREGENTS_2006_8_6,226,arc_a52b2a98a2452314d3a8,0
arc,Mercury_7283920,227,arc_bf061020064e425ffe7d,4
arc,CSZ10245,228,arc_c5fee8578a46879a69d5,4
arc,Mercury_7056175,229,arc_38022f9ca43e244540ef,0
arc,Mercury_7113873,230,arc_ec93636e7f3b7eb6366f,0
arc,NYSEDREGENTS_2009_8_7,231,arc_51adbb1f3cdfa6486ceb,0
arc,Mercury_SC_406042,232,arc_739784af5b492452b909,3
arc,Mercury_SC_400119,233,arc_a6550c1181c7e6d5928b,3
arc,Mercury_SC_401359,234,arc_7014fa1fd76ebdc67412,4
arc,Mercury_7247835,235,arc_eb2ddf144213fc2577d0,2
arc,NYSEDREGENTS_2004_4_9,236,arc_7e6da0fdd0ff1eaac30d,2
arc,Mercury_7015750,237,arc_803327d0b71b0c93c144,4
arc,MCAS_2006_9_8,238,arc_ab4e5d17db5ab6b1b810,0
arc,AKDE&ED_2008_8_9,239,arc_1583b0370aeb5a54cae8,1
arc,Mercury_416673,240,arc_cc11e7fb480d86b7656e,3
arc,Mercury_SC_402088,241,arc_12e50932badf9c02690c,1
arc,Mercury_SC_414245,242,arc_f262cc5da0d34442fd36,3
arc,Mercury_7030083,243,arc_e449317095cfa3077338,3
arc,Mercury_7097895,244,arc_22da5bcc9a41030e4189,0
arc,MCAS_1999_4_17,245,arc_faeaa34b86fd9b0058eb,3
arc,VASoL_2010_3_18,246,arc_e513359b21860161d03e,4
arc,Mercury_7068845,247,arc_55712497d4c9b8bf4fe3,4
arc,Mercury_7093030,248,arc_573d7a52c700c0f979d4,0
arc,Mercury_7085330,249,arc_032b59742f8be396461e,4
arc,NCEOGA_2013_8_22,250,arc_98da6bfc12b832558c76,3
arc,NCEOGA_2013_8_14,251,arc_0f30b6e640507e6e4aa8,1
arc,Mercury_7057295,252,arc_abfce39361787ee87028,3
arc,VASoL_2009_3_36,253,arc_191c879270f280944c81,3
arc,Mercury_400940,254,arc_dc8d2a8cf774cf64ab97,0
arc,Mercury_SC_405725,255,arc_6c39a63e61a2ed3f582b,3
arc,Mercury_7246978,256,arc_3895e362dd64d3e6ee5b,4
arc,Mercury_SC_402047,257,arc_0edef839169db88edd2a,3
arc,Mercury_SC_400123,258,arc_3231ae2b2f183c0f5b78,0
arc,MCAS_2010_5_11983,259,arc_197362eed74819f5b7e4,3
arc,AKDE&ED_2012_8_14,260,arc_eefb7369d557128d5958,4
arc,Mercury_7133368,261,arc_d80ff8b1c6277ca3621c,4
arc,MCAS_2008_8_5716,262,arc_9587bf657f51c7327bf5,1
arc,NYSEDREGENTS_2006_4_19,263,arc_70e29a3ef6286d978fd1,3
arc,NYSEDREGENTS_2005_8_44,264,arc_7e089c4f34f8d34e92e6,2
arc,Mercury_7204260,265,arc_98045d9921a95cd1d1c4,1
arc,CSZ_2004_5_CSZ20414,266,arc_a712afcf152b01dc52bf,3
arc,Mercury_7091980,267,arc_293770417a1393bdad21,3
arc,Mercury_7165883,268,arc_c6ea780403db0581d7df,3
arc,Mercury_415546,269,arc_8425dcc75a873009e48f,3
arc,Mercury_7246260,270,arc_02825d7c31ed0f746ab4,3
arc,MCAS_2004_8_8,271,arc_f6bf23bbf692dfa8f382,3
arc,Mercury_SC_415364,272,arc_eecf437046a06c03a0f0,3
arc,Mercury_183960,273,arc_685b8794450e7b601bec,3
arc,Mercury_SC_LBS10030,274,arc_04dc04f0ab2b3fba97f7,1
arc,Mercury_SC_401336,275,arc_73d854347fcb826d1c04,0
arc,Mercury_7252735,276,arc_9998912aa717bf7fbd87,3
arc,Mercury_7216878,277,arc_640dac28f607a372a5d4,0
arc,Mercury_SC_LBS10184,278,arc_46bebea473b00ceb44cf,1
arc,MCAS_1999_8_24,279,arc_40cd2d34c19a86cecbcc,1
arc,TIMSS_2011_8_pg100,280,arc_adad68e7281d5a28db96,1
arc,Mercury_SC_402643,281,arc_815f8334dfda28f46d58,2
arc,NAEP_2005_4_S12+12,282,arc_d4ceb5263d6033609650,0
arc,MCAS_2003_8_14,283,arc_cfd085ec27cf17afc044,4
arc,Mercury_7041248,284,arc_b7aca3e7a39e8c1344c9,3
arc,Mercury_7038763,285,arc_fd428b1b1c8c88eed367,4
arc,Mercury_7001610,286,arc_e511169e1274c96811fc,2
arc,Mercury_SC_LBS10951,287,arc_dd008baf10f0b44e8cb6,0
arc,MCAS_2006_9_22-v1,288,arc_ee7084e864cd2ef6dfb9,0
arc,Mercury_SC_409238,289,arc_5ce82f2f56a3e82ed618,2
arc,MCAS_2006_9_5-v1,290,arc_f5a52efc4d7d07e96085,1
arc,Mercury_SC_408550,291,arc_52c39292ddb3591c839c,4
arc,CSZ_2005_5_CSZ20330,292,arc_31db37e910c0da11f576,4
arc,Mercury_SC_415465,293,arc_ca2284c4599ffaf8f64f,1
arc,Mercury_7132108,294,arc_053b15d8a9765f32ca7b,0
arc,Mercury_7007508,295,arc_7dfeb593988f688ed59b,3
arc,Mercury_7218173,296,arc_62f55130cf381eccd7ac,1
arc,OHAT_2010_5_20,297,arc_9ed27a36a5c46c2d88c2,3
arc,AKDE&ED_2012_4_33,298,arc_e744599d38af0ed9b5e7,3
arc,Mercury_7008995,299,arc_67de18e9de5cd7a256d9,1
arc,AIMS_2009_4_11,300,arc_671d7e06bcc5229e9bbc,2
arc,MEA_2014_8_6,301,arc_ba23973326a6149df245,4
arc,Mercury_7141470,302,arc_950698c67b2d009fc441,3
arc,Mercury_7044818,303,arc_8d94734ed730867757c6,0
arc,MCAS_2002_8_9,304,arc_3e29417f3a831b97f469,3
arc,Mercury_416464,305,arc_d83703f6df86b0dabc39,0
arc,Mercury_7018480,306,arc_e685598b55c2693d191f,1
arc,MSA_2013_5_36,307,arc_8ceb6af11dfe27966755,1
arc,LEAP_2006_8_10413,308,arc_dcc3b8768387c2a61b5a,1
arc,MCAS_2009_8_3,309,arc_9d88cb3da4d19eb18ea0,2
arc,Mercury_7223195,310,arc_425432b4e62e0b14811f,1
arc,ACTAAP_2015_5_6,311,arc_d6b45b318e641466f8de,3
arc,Mercury_7084280,312,arc_c75d0928ec6ba5725ae1,2
arc,Mercury_SC_LBS10615,313,arc_76886b39ee58a2c642bf,4
arc,NCEOGA_2013_5_38,314,arc_33f9ad674777911b61d6,1
arc,Mercury_7220220,315,arc_92bfbec3fdb5929284f6,0
arc,Mercury_7202160,316,arc_2540e6b302e84b4c71ba,3
arc,Mercury_SC_LBS10647,317,arc_2a239dc0f6829fc1e0a9,3
arc,Mercury_SC_401004,318,arc_94705adfc1dcec1ed7db,3
arc,Mercury_7005408,319,arc_207853e67d92cff3160a,0
arc,Mercury_7222810,320,arc_7a499f73703965f76cf1,2
arc,Mercury_7271180,321,arc_3b01dece2033b3cb9324,0
arc,Mercury_7175683,322,arc_92c8ecdb183a01f35593,3
arc,WASL_2005_8_11,323,arc_8935b66afa2c49daa0a3,2
arc,MEA_2014_8_15,324,arc_917d366c76f97cd5e882,4
arc,Mercury_7268223,325,arc_052a9475f3c1ba248adb,0
arc,AIMS_2009_4_24,326,arc_28cec8aeba38dcfd3ed1,1
arc,MCAS_2004_9_1,327,arc_24920c0fdf27686e9db5,4
arc,Mercury_7263393,328,arc_51bb1b758ec748d3c26d,2
arc,Mercury_SC_LBS10674,329,arc_8fdf39c487d4047d3442,1
arc,NYSEDREGENTS_2011_8_43,330,arc_69fa58612ce486f58c53,0
arc,OHAT_2007_5_34,331,arc_eef4450d71b8ebd94a56,3
arc,Mercury_7044695,332,arc_67f16911c50b456a62bd,0
arc,Mercury_7159758,333,arc_acb0ee15654c96232916,0
arc,Mercury_7090773,334,arc_f78e8905760befb5a74f,3
arc,CSZ20059,335,arc_8eb560e5993b09959400,1
arc,MCAS_2014_5_4,336,arc_ff972c0c40868d62e4b1,3
arc,Mercury_7097388,337,arc_f625409d0247e6fbb809,4
arc,Mercury_7128380,338,arc_2ac04819a92d4464996b,1
arc,MDSA_2011_8_25,339,arc_0b87075ad0b5b31b39b4,1
arc,Mercury_416466,340,arc_27c2b5b97824e54dd8a5,1
arc,Mercury_7218155,341,arc_b767b78d0c1bf1d197a0,4
arc,MSA_2015_8_31,342,arc_4e89450b945e10f582cd,1
arc,ACTAAP_2009_7_14,343,arc_9b2d31a57cf4f853d0b2,4
arc,Mercury_7114818,344,arc_e498979f52b417f5affa,1
arc,MCAS_2003_5_6,345,arc_913190eed98002e53262,1
arc,Mercury_SC_400607,346,arc_0b44ba36859d612d390d,3
arc,Mercury_7210263,347,arc_e7675d4cb9fcc8a22b3d,2
arc,Mercury_SC_416424,348,arc_60c6d2ee07b01d8ed43b,2
arc,Mercury_7221708,349,arc_1876e99b0e2fc41c6068,0
arc,Mercury_SC_401606,350,arc_4b7def16276b1de4c4bd,4
arc,Mercury_SC_413558,351,arc_e0db49da6cb378e549ff,1
arc,Mercury_7214673,352,arc_6b73661847463b1df205,4
arc,Mercury_7027020,353,arc_d044d0caa313eb466b8c,3
arc,NYSEDREGENTS_2005_4_20,354,arc_332dd66b6194c236968f,3
arc,Mercury_7210000,355,arc_d5d15359e4a3d638ccc6,2
arc,TIMSS_2003_8_pg74,356,arc_dcc0bade13585db38a04,0
arc,VASoL_2009_3_10,357,arc_bac6445055d9b9249731,4
arc,Mercury_7122465,358,arc_1a72c0b86f55a243481b,4
arc,Mercury_7056613,359,arc_f37af631abe29f52571e,4
arc,MCAS_2004_9_15,360,arc_39174f4bdbf94739335c,2
arc,TIMSS_2003_8_pg28,361,arc_63a096a880662ac1dad7,1
arc,LEAP_2008_8_10423,362,arc_af1bb656cad971e01544,3
arc,Mercury_7115360,363,arc_8407bb20395b195187e2,0
arc,VASoL_2009_3_17,364,arc_09b0cad9ef9c31d5e4f1,0
arc,MCAS_2011_5_17,365,arc_236930e449d4216b48b3,2
arc,Mercury_7026338,366,arc_34ef34d70442e427377b,3
arc,MCAS_2006_9_27,367,arc_2323340046f0e05cb7e2,4
arc,MCAS_2006_9_38-v1,368,arc_bee4dd45214a210fbbca,0
arc,TIMSS_2011_4_pg64,369,arc_d6172c818db3985002a5,0
arc,ACTAAP_2012_7_10,370,arc_090e11dbb91a96d33730,0
arc,AKDE&ED_2008_8_25,371,arc_5d698b91d062302f72a0,0
arc,Mercury_7084210,372,arc_91070173f30b3f21d2e3,4
arc,MEAP_2005_8_46,373,arc_7a0257e301bac1f285aa,4
arc,Mercury_SC_405207,374,arc_a9d94a829cdfe009dc58,2
arc,Mercury_7159530,375,arc_37cb6b5010ab6a60a3be,2
arc,MCAS_1999_4_8,376,arc_03a930875504aebacd52,1
arc,TIMSS_2011_4_pg105,377,arc_e9e8379c24508cebd2cb,2
arc,Mercury_7075005,378,arc_59817dd1100f9ac9d94a,3
arc,NCEOGA_2013_5_25,379,arc_311375cff676dbdb3de2,3
arc,ACTAAP_2007_7_8,380,arc_524f2a8c9816f587e4bd,2
arc,Mercury_7040845,381,arc_3a504405345d833ce3b0,4
arc,Mercury_7274348,382,arc_a9c2bad115b6b7ec6e3f,4
arc,Mercury_417468,383,arc_7fabda2edb2b7f8af016,1
arc,Mercury_7094868,384,arc_1e581acbc18503783890,3
arc,MCAS_1998_4_17,385,arc_7f7ee50c497df2af1884,4
arc,Mercury_7141995,386,arc_2a325cd3b1a76117a2ef,2
arc,Mercury_SC_409578,387,arc_8ccb02972c8c9abe040b,4
arc,Mercury_7223283,388,arc_49a3d21165037977a3c3,0
arc,MCAS_1999_8_6,389,arc_8688e8b7cfa568808a53,3
arc,Mercury_SC_414079,390,arc_8351a0cdba3443d02a61,1
arc,Mercury_7064278,391,arc_3367e0ecba10aa61208c,2
arc,Mercury_417145,392,arc_7c0bd01acdfc119827ed,2
arc,MCAS_1998_8_4,393,arc_ce1476d0fcd526b61df5,4
arc,MCAS_2008_8_5711,394,arc_783dfc6ab1be500ece18,3
arc,Mercury_7009923,395,arc_5ce1fcfd08ad4d248b1d,4
arc,Mercury_SC_413300,396,arc_a11f3f19e6f77963b2c2,3
arc,MCAS_2006_8_35,397,arc_d4a0b3532bc3e85857de,4
arc,Mercury_7033863,398,arc_03a9c1fa4609edee44ce,2
arc,Mercury_7185448,399,arc_38bf0d3661cfc0cf6ef0,4
arc,MCAS_2013_5_29408,400,arc_394c8aeabf4f6d038a1a,4
arc,Mercury_7234430,401,arc_9d4e6bc88eda37f9be7e,0
arc,ACTAAP_2009_7_11,402,arc_238149484d34b7c01806,0
arc,Mercury_7228043,403,arc_d7182a92164f50934656,0
arc,Mercury_7071943,404,arc_177595639a4351995a80,1
arc,MCAS_2007_8_5168,405,arc_34dd6b7fdfcebb347bb4,0
arc,Mercury_SC_400696,406,arc_bc0a1d94a3a349db51a8,3
arc,Mercury_412647,407,arc_88b819f19c7db981702d,3
arc,LEAP__7_10344,408,arc_9b59aba7e8923d373e6c,4
arc,Mercury_SC_407397,409,arc_1ae274f19767cad4dbc5,1
arc,Mercury_SC_401207,410,arc_1d2c15c4ccfde9d2e095,4
arc,MSA_2013_8_5,411,arc_b827cf5fc0acf48419a0,0
arc,ACTAAP_2008_7_2,412,arc_47c0fe1b2b1363cc0672,2
arc,Mercury_SC_401284,413,arc_6fe10a4004166c75e542,0
arc,MCAS_2008_5_5634,414,arc_15dea3469172d8ca2510,1
arc,ACTAAP_2014_7_11,415,arc_d072674205611ed6095e,2
arc,Mercury_7120785,416,arc_49e6683186aee2ae727e,4
arc,TIMSS_2011_4_pg67,417,arc_0bc3fe57d8653ee56c45,0
arc,Mercury_402363,418,arc_5a2dcd6487475cc5a675,2
arc,MDSA_2010_4_14,419,arc_bae30c03980f2d32d12f,2
arc,Mercury_7163258,420,arc_e06be487ab142357c18e,4
arc,Mercury_7083808,421,arc_0f4eef4173a9630733e9,1
arc,MSA_2012_5_14,422,arc_b9ad9ee9d5d07b6dc97c,0
arc,Mercury_SC_417556,423,arc_c397cabf618aa1f62e62,0
arc,LEAP__7_10338,424,arc_942371c976cf2a937116,3
arc,NCEOGA_2013_5_33,425,arc_15b1464c06a03a5d43f7,1
arc,MCAS_2006_8_34,426,arc_275348ad495c50d7588e,4
arc,MCAS_2004_9_20-v1,427,arc_51415ddcffcb6ba3abb2,4
arc,TIMSS_2011_8_pg136,428,arc_a6b8c12101e8188f306d,2
arc,Mercury_7171990,429,arc_e8c329669d05ee5dfede,4
arc,MEA_2016_5_1,430,arc_fab3d45da051653f812e,2
arc,Mercury_7168665,431,arc_6904e397b43aa7f14e29,0
arc,Mercury_7211873,432,arc_4177d7f0e6e84717a0aa,4
arc,Mercury_SC_402619,433,arc_a02e12681fbd96f605ff,3
arc,Mercury_7040740,434,arc_0e193c76b7921d1638d0,1
arc,MSA_2012_8_8,435,arc_1d4761f4975dbf5795b7,2
arc,Mercury_7094238,436,arc_8cde0db981d8cafe09bc,0
arc,Mercury_7146090,437,arc_98d2571b2184b592bb54,3
arc,Mercury_7164430,438,arc_9ccfccd0da3cf0220b6a,4
arc,Mercury_401242,439,arc_3ac57376c349e37eab4a,1
arc,Mercury_SC_LBS10034,440,arc_b9d8f8215c0ba770cf85,2
arc,Mercury_7211663,441,arc_82c156b10cd284cee081,4
arc,MCAS_8_2014_14,442,arc_c855e30878ef67ad6e9d,2
arc,Mercury_7212468,443,arc_2f0c253f86f8777a14f1,3
arc,Mercury_7016625,444,arc_8d45db166d5e55d5e410,1
arc,Mercury_7228095,445,arc_8f0782408cf76884e290,3
arc,Mercury_7216703,446,arc_881036604141de6c2595,3
arc,Mercury_7132195,447,arc_7f5c0d21bf51ca1aa481,4
arc,MCAS_2008_8_5608,448,arc_16176614a4ea9e48fc01,1
arc,MDSA_2009_8_14,449,arc_86cacb759b104c7fceb5,3
arc,Mercury_SC_407137,450,arc_8f7384517b08bfa2de65,1
arc,Mercury_SC_401197,451,arc_79c17ba9f23e1609d3fb,1
arc,Mercury_7120943,452,arc_85c6273e5329462aefd8,0
arc,ACTAAP_2009_5_13,453,arc_2ae186c2d232795852df,4
arc,Mercury_SC_408038,454,arc_af160b87633e7f7ef71f,0
arc,Mercury_7181965,455,arc_370d281e16640853647f,1
arc,Mercury_7142853,456,arc_0adddcd1538cfd60a5f8,3
arc,Mercury_7247975,457,arc_01a0c3f505c4123a5ca8,0
arc,Mercury_401030,458,arc_171c008229e872344b0a,0
arc,ACTAAP_2007_7_23,459,arc_863632fea2d56e0314c8,4
arc,Mercury_7086678,460,arc_a6a659dd671a7e27a16f,0
arc,NYSEDREGENTS_2004_4_8,461,arc_7a0abb5793842860a959,0
arc,MSA_2012_8_33,462,arc_b52ec3316e74d8893fb0,2
arc,NCEOGA_2013_5_10,463,arc_2f87d3c11f957a7783cc,1
arc,Mercury_SC_406650,464,arc_1e2d78a78ef763d0e13c,4
arc,NCEOGA_2013_8_51,465,arc_fea63cfa814697872147,0
arc,Mercury_SC_415540,466,arc_3331cc315b575aab9f8b,1
arc,Mercury_7007910,467,arc_92772bdd0e11720911d6,0
arc,Mercury_SC_402281,468,arc_cecf3dc18862cc57a843,1
arc,Mercury_404786,469,arc_bfa83694473226c34a2a,4
arc,Mercury_414102,470,arc_69fbd603eba355520b39,4
arc,Mercury_7227833,471,arc_428589ce824169f2c077,2
arc,Mercury_SC_401588,472,arc_3022707117b8d70aa32f,4
arc,Mercury_412149,473,arc_5c0432c28aa73867c951,1
arc,Mercury_7109585,474,arc_5bd0e4975d83b48b49ab,3
arc,Mercury_7228550,475,arc_df5bc7d74cfdaf7c9ab2,1
arc,MDSA_2007_8_16,476,arc_51071b789380f828b82f,0
arc,Mercury_7199150,477,arc_84469f534e330f93715f,2
arc,Mercury_SC_403010,478,arc_029d9f8e1432b9739237,1
arc,Mercury_SC_401157,479,arc_5533d9d007f1b48b0448,1
arc,Mercury_SC_401298,480,arc_b3949e080c863f833f91,2
arc,Mercury_402213,481,arc_37130333ac20fbe2a1eb,2
arc,Mercury_7212065,482,arc_b63cf40a11603eb224c2,3
arc,Mercury_7126630,483,arc_8297963b4972c8fcd1a6,4
arc,ACTAAP_2010_7_1,484,arc_3a309477ecba2e3e4de6,2
arc,Mercury_7211348,485,arc_6e2d6d7b7c340cc97aba,4
arc,MCAS_2005_9_19,486,arc_dc354cb9aeb7c7b92035,2
arc,VASoL_2007_5_28,487,arc_c1bba93c7d98c3700ca3,3
arc,Mercury_SC_400698,488,arc_5a222674c13cd2483590,1
arc,Mercury_SC_408743,489,arc_e6605fc6a5fe057798e9,0
arc,Mercury_SC_408368,490,arc_47d2f9ee0852a3755707,4
arc,Mercury_7042665,491,arc_92ee2920693ebaaa6436,2
arc,ACTAAP_2007_7_4,492,arc_f34ed87973bc4b2fa921,1
arc,Mercury_406808,493,arc_088df682cec0f8f3c37b,3
arc,NYSEDREGENTS_2007_8_31,494,arc_c36ce81fe92c259355c8,4
arc,MEA_2010_8_7,495,arc_2f7452992bd4f4a60c86,0
arc,Mercury_LBS10444,496,arc_87a19d5ae2f8900119ae,3
arc,NYSEDREGENTS_2004_8_3,497,arc_054c171ec4cfe6ff21e0,3
arc,Mercury_414091,498,arc_71669f63c18fd085fa0e,0
arc,Mercury_7197225,499,arc_d10f785034722ab8892a,2
arc,Mercury_SC_415389,500,arc_b58811b04d1e7f094648,0
arc,MDSA_2011_8_1,501,arc_8689db7fc3adc9914532,3
arc,MDSA_2009_5_17,502,arc_5338345cd0198f405945,1
arc,Mercury_SC_LBS10791,503,arc_785e2715a96e36612b04,0
arc,Mercury_7027055,504,arc_04a35fe1ddd2ec10208c,3
arc,Mercury_182613,505,arc_bd0cb3e82812672ad3c7,2
arc,MCAS_2016_8_2,506,arc_fe1e6b1de570d6f4d26d,0
arc,Mercury_7097248,507,arc_7c61cc651c4de19f0cfb,1
arc,Mercury_7082810,508,arc_15ee838b12e956f6c6a6,4
arc,Mercury_7219013,509,arc_80cf137739d921fba97f,0
arc,Mercury_7166093,510,arc_0a8ba01871bf427810ec,3
arc,Mercury_412216,511,arc_86cfaea1eb88368b38ae,0
arc,NYSEDREGENTS_2005_4_14,512,arc_0ea5c7ced46b30d6880a,1
arc,Mercury_SC_415542,513,arc_457bdfb902dbe9cd3c01,3
arc,Mercury_417572,514,arc_ac1c6da08792742a9f05,0
arc,Mercury_415092,515,arc_b54b1223451cd8e2e62b,4
arc,MCAS_2007_5_4788,516,arc_7f497ed61db9f123b839,3
arc,Mercury_406732,517,arc_d4dc3d955f51c9ef7bf9,2
arc,Mercury_7269010,518,arc_9d4c8d1b096ff4f13abf,2
arc,NCEOGA_2013_8_10,519,arc_cb3f70a36f56331ed2e6,3
arc,MDSA_2007_8_29,520,arc_efc0da804b72dec67c03,1
arc,Mercury_SC_405635,521,arc_cb90f266b400fe010668,0
arc,TIMSS_2007_8_pg128,522,arc_a2319a77180693816a19,2
arc,Mercury_SC_400377,523,arc_d1fdd3eb94977caf918b,4
arc,Mercury_7077700,524,arc_712bec8333d09ec16533,4
arc,Mercury_7081025,525,arc_6c6cfcc45aebf7f085e8,2
arc,Mercury_7145530,526,arc_1b29b85eff2a78d7a90e,3
arc,Mercury_7145478,527,arc_ef8ce64f9bc570647dec,3
arc,AIMS_2009_4_8,528,arc_db1f09502dd35edc7f86,4
arc,LEAP_2009_4_10293,529,arc_9885ea9bdf30901fcebb,4
arc,MCAS_2008_8_5691,530,arc_e9b07fd9318e96197726,1
arc,Mercury_7230580,531,arc_6444f336ac5f67844f69,1
arc,Mercury_7210578,532,arc_bfeb80fe0320513847af,0
arc,Mercury_SC_406987,533,arc_269225a68e08200bc9bf,1
arc,Mercury_192745,534,arc_e8e5fee5bd99436a5d06,2
arc,MCAS_2006_9_20,535,arc_82ef7717bb34fbbdfb5b,0
arc,Mercury_SC_408759,536,arc_5004183ab46255f75f1b,0
arc,Mercury_180163,537,arc_be572e701f3b46fca1b2,4
arc,Mercury_7017168,538,arc_12cfc474ddee60d1730b,4
arc,Mercury_7106400,539,arc_2e8de630ab3b8017eeac,0
arc,CSZ_2005_5_CSZ10383,540,arc_b0ca14d9093c064ce664,3
arc,Mercury_7082565,541,arc_45adab79f41998973454,0
arc,ACTAAP_2007_7_24,542,arc_81ef4df0d3acff27671a,1
arc,TIMSS_2003_8_pg6,543,arc_e5e52079ea434d5eda3b,3
arc,AKDE&ED_2008_8_16,544,arc_501f6154a18099e4a3c7,0
arc,Mercury_SC_401814,545,arc_380c0effb83b109511c0,1
arc,Mercury_401790,546,arc_c305e23f6ffc66f7ea5e,1
arc,Mercury_7027143,547,arc_c683abb4b63ff476b900,0
arc,Mercury_7128713,548,arc_f3b76207a60af2e28a54,1
arc,Mercury_7236075,549,arc_9d726d61e7b6e4acc83a,3
arc,Mercury_SC_405303,550,arc_8c017e8e4a742437fdb3,1
arc,Mercury_406916,551,arc_f4423f9afd91999897c1,0
arc,MDSA_2007_8_54,552,arc_07a060888f8c942df2c0,4
arc,Mercury_185255,553,arc_09d5de49e8315725a441,4
arc,Mercury_7097965,554,arc_54c6bfb3a2b847410719,3
arc,NCEOGA_2013_8_24,555,arc_878f426ed37bc182cb0f,3
arc,NYSEDREGENTS_2009_8_41,556,arc_7be4d11bae53aff82a2c,1
arc,Mercury_7084000,557,arc_22673287f285b47553ad,3
arc,AIMS_2009_8_9,558,arc_ce10208fd73f5adae28e,3
arc,Mercury_7026460,559,arc_558e5a47240544749b19,3
arc,CSZ_2009_8_CSZ20870,560,arc_65bb17d469149bc8ed40,1
arc,NYSEDREGENTS_2007_8_21,561,arc_395f90c72a22a0af3dbe,0
arc,Mercury_SC_LBS10656,562,arc_a49c453accc737c6dc55,0
arc,MCAS_2004_5_13,563,arc_fecca6136a739ee16911,0
arc,Mercury_402569,564,arc_21697d9a2c754abcdb0a,3
arc,Mercury_7027178,565,arc_f05c22fa8182677c2d7e,3
arc,Mercury_7230265,566,arc_12e6e93cb225c9d10f35,1
arc,Mercury_406888,567,arc_50e677be745ac558164f,4
arc,Mercury_SC_405460,568,arc_0e0ee8697c98fdbe3ec3,2
arc,NYSEDREGENTS_2007_4_22,569,arc_187ec58b628d7898a8bb,1
arc,Mercury_7221795,570,arc_584c441a8b154a41aa65,3
arc,ACTAAP_2009_7_17,571,arc_67e53c00513c79a492bd,2
arc,Mercury_410707,572,arc_2c012f5b8baa4de89878,2
arc,Mercury_7141558,573,arc_e223ca6c88f537b40d1b,1
arc,Mercury_SC_LBS10271,574,arc_47e4ee2dbaf8441b4e18,1
arc,Mercury_SC_LBS10918,575,arc_1588aefb127f0c4a28c3,1
arc,MEAP_2005_8_8,576,arc_e77f6163e7c75c4c6ac8,3
arc,MCAS_2008_5_5647,577,arc_75694ef972abc4d90be7,3
arc,Mercury_407023,578,arc_781727cf9bfbd30e7b75,3
arc,Mercury_SC_401183,579,arc_d701403edbf927e21a1f,2
arc,Mercury_401311,580,arc_4b576902fc421cb8e15b,2
arc,Mercury_7215740,581,arc_ca3039550c0c244b7c03,2
arc,Mercury_SC_401644,582,arc_35a5f6aabe19b6711c45,3
arc,Mercury_SC_416456,583,arc_8e4e7d164eaba97d6ad0,0
arc,Mercury_SC_405724,584,arc_0fa6671799ce28b7fbb5,4
arc,Mercury_7217105,585,arc_27f7caf2c3c1b97033c3,0
arc,Mercury_183908,586,arc_88ecc5ae452aa7356f77,2
arc,Mercury_7114415,587,arc_6d43c9d17172aafbe608,4
arc,Mercury_SC_408664,588,arc_014b0aa8e35b5f711f85,4
arc,Mercury_7001155,589,arc_3538cd22e81df14f7a00,2
arc,NCEOGA_2013_8_19,590,arc_9259b350ebfcd57516df,0
arc,Mercury_SC_407295,591,arc_f694cde98f8d5b472cd5,4
arc,Mercury_LBS10257,592,arc_d19175f1a76695005929,2
arc,Mercury_401400,593,arc_898b7314d6559e1b27ae,4
arc,Mercury_7041458,594,arc_19cd91e9f55a1e08ba92,3
arc,Mercury_417136,595,arc_65d0070710ecd38956ff,4
arc,AKDE&ED_2012_8_29,596,arc_d767667db83e7f5d0753,3
arc,Mercury_7187040,597,arc_d021451e5b6e8fad031c,3
arc,Mercury_7283938,598,arc_99557de8bc5abc6d2609,2
arc,Mercury_7195685,599,arc_1ca1afda353221ee22a7,1
arc,Mercury_7164798,600,arc_3045ea3256f9b36a6580,3
arc,Mercury_7186778,601,arc_9fa236255057b6162927,1
arc,MCAS_2008_5_5633,602,arc_0a47ffc1ff26acfae20a,1
arc,MCAS_2001_8_5,603,arc_b05eec0eff6d543f655e,1
arc,Mercury_SC_412698,604,arc_13663d3998a331b9df4b,2
arc,Mercury_412527,605,arc_b821d652fb1e93858159,4
arc,MCAS_2003_5_21,606,arc_64dfcaf9f6926d0374ef,4
arc,Mercury_7017133,607,arc_53b7d0c5fdd2c5d92e42,2
arc,CSZ30771,608,arc_8ec9e7d5582067c8555e,4
arc,Mercury_7116130,609,arc_766db1d54bd56a8d9d98,0
arc,Mercury_7215268,610,arc_834752ef450364793090,2
arc,Mercury_SC_416515,611,arc_832e03344c7cc585d233,2
arc,Mercury_7200165,612,arc_daa6153e300e5d8a6725,4
arc,Mercury_SC_405514,613,arc_b8bfbc3b59a44db46c72,4
arc,NYSEDREGENTS_2011_8_13,614,arc_a8ba2162fda44f41cc34,0
arc,MCAS_2016_5_15,615,arc_73a00d7f7e91597f6d4e,0
arc,Mercury_7013283,616,arc_62c3c909c52f290da91b,0
arc,Mercury_SC_409907,617,arc_847175c3ff87346cf269,1
arc,Mercury_7188913,618,arc_69728e945578d35ad957,0
arc,Mercury_7166618,619,arc_ea2b860cee52d5c4f48c,2
arc,Mercury_7106733,620,arc_503b7b9b36da4081fd10,0
arc,MDSA_2010_8_18,621,arc_d4de8e2df9ac8433295f,3
arc,Mercury_7228288,622,arc_3902b16d38f9c6476b56,3
arc,Mercury_SC_415477,623,arc_cfbc5826b51a19cc66c8,4
arc,VASoL_2008_5_36,624,arc_417e5781d3b17a88421d,2
arc,Mercury_SC_416141,625,arc_576b29f31c5401d69cf7,3
arc,TIMSS_1995_8_N3,626,arc_e498eb483ff971254f48,1
arc,MEA_2014_5_7,627,arc_e1cb0fc9434de762f227,3
arc,Mercury_SC_LBS10907,628,arc_4c0e46196d7b31a10a25,2
arc,Mercury_7008085,629,arc_67a6b27970b6a1259729,2
arc,Mercury_7001523,630,arc_7e80e9505398968f9cd2,2
arc,TAKS_2009_8_19,631,arc_ca76e08b151019ae0ba6,2
arc,MDSA_2008_4_2,632,arc_b6a0e5d26ce5f38accdf,1
arc,Mercury_401376,633,arc_ca70013f969ef3e3998f,1
arc,Mercury_7133700,634,arc_3dec05bc089e304b6ab5,3
arc,Mercury_SC_LBS10782,635,arc_628358744923990561ce,0
arc,Mercury_7271285,636,arc_7956259cdeb29ed1d108,4
arc,Mercury_7038868,637,arc_ce8271207629faf5fd6f,4
arc,MDSA_2008_5_16,638,arc_67cd81b5532c2bf3f22a,1
arc,ACTAAP_2010_5_14,639,arc_e5a5ffdde8852271bcac,1
arc,Mercury_182018,640,arc_1b74c714748007c15594,2
arc,Mercury_7122570,641,arc_1a16df3d34dd7095ea7c,0
arc,Mercury_7188090,642,arc_28eb32a4547c8a4439d1,1
arc,NCEOGA_2013_5_42,643,arc_5156f97bb508ed472daf,1
arc,Mercury_7016730,644,arc_fbed83c07e86045171a6,4
arc,MDSA_2008_5_18,645,arc_c28d68d5d2725739b070,1
arc,NYSEDREGENTS_2016_4_20,646,arc_c7f0567fd7ecbd599858,3
arc,Mercury_409819,647,arc_93088768ef26ca3d8a56,0
arc,MCAS_2006_9_21,648,arc_bd36c9a7c3f71bcfe13a,4
arc,Mercury_7245753,649,arc_c1f95526d1fe917f5dc8,2
arc,Mercury_7058030,650,arc_b983e6fd4013fd417160,2
arc,MDSA_2007_5_9,651,arc_6175e316f946ffe2651c,3
arc,NYSEDREGENTS_2011_4_13,652,arc_cec4515cd72547666e2c,1
arc,MCAS_2006_9_13,653,arc_0994a0a32f425a0c846e,2
arc,Mercury_7056438,654,arc_a1db94a5895bcf3a73df,1
arc,MDSA_2010_4_1,655,arc_d9d1f622e013a5142d11,4
arc,Mercury_401011,656,arc_d6513dad40fb74969001,3
arc,Mercury_408090,657,arc_cd21eb42e86a31b1a303,1
arc,Mercury_SC_406541,658,arc_bbdfaee9fbe12ce79531,1
arc,Mercury_SC_LBS10244,659,arc_867af197b5c7deddb8a9,2
arc,Mercury_7140035,660,arc_90a058f2ed84d28b4f1a,0
arc,Mercury_SC_413078,661,arc_7f203ab7e4e218787677,4
arc,MSA_2013_5_33,662,arc_1076e7103ccfdade731b,0
arc,Mercury_7093993,663,arc_d06814d81f65c2bd1564,2
arc,Mercury_7086118,664,arc_d41909d87f42c468958d,0
arc,Mercury_7016835,665,arc_b2b69988f387100b2650,2
arc,Mercury_7222058,666,arc_1c25f0f890ade741942e,0
arc,MCAS_2016_5_11,667,arc_a9cb4efa0225d9306338,4
arc,Mercury_7233748,668,arc_5cca4e6d8cd5317d83ff,0
arc,Mercury_SC_401591,669,arc_07e1372d8331680f57fd,3
arc,Mercury_7263165,670,arc_881d343fc2bbc9200e1f,3
arc,Mercury_7102270,671,arc_f99370d52d5b18a3f581,0
arc,NYSEDREGENTS_2007_4_17,672,arc_36e73a68c77b8544a13f,1
arc,NYSEDREGENTS_2007_8_28,673,arc_bba24d3e3515a8cbe61d,2
arc,CSZ_2007_5_CSZ10068,674,arc_8e8bfff23192984b363b,1
arc,MCAS_2008_8_5719,675,arc_72a3a2997b9cee42c9e8,3
arc,ACTAAP_2015_7_2,676,arc_bc844434d92c96978a77,2
arc,Mercury_7233800,677,arc_37761680a95d67d8bfeb,3
arc,MDSA_2007_4_35,678,arc_8ffc4f7d842721990d0d,2
arc,Mercury_411029,679,arc_bdda6af4eafb9d1cd7c2,3
arc,Mercury_7166600,680,arc_3e25e06938259281e5ae,4
arc,Mercury_405142,681,arc_e63f0398ad6598c8c172,4
arc,Mercury_7168560,682,arc_9f7dce2c7d07031efa75,2
arc,Mercury_7217840,683,arc_f64f38a88ebcd20297a2,3
arc,Mercury_7041160,684,arc_cc0ad6673df38a12312b,0
arc,Mercury_7168683,685,arc_8ad950f6d48414507ec2,4
arc,Mercury_7183505,686,arc_519b0eee22ad2c2344db,2
arc,Mercury_400761,687,arc_b54bb755a58ad5a9e73f,3
arc,Mercury_183803,688,arc_0056e31bff2b24d777a6,3
arc,Mercury_7124180,689,arc_c07037bcc03fd9aeac89,3
arc,Mercury_402211,690,arc_391a1a6ceec57345de76,3
arc,NYSEDREGENTS_2007_8_23,691,arc_5937df3f05cbec9a6560,2
arc,Mercury_7114870,692,arc_dca6b555d1bdbcb1145b,2
arc,Mercury_7213290,693,arc_c4a92a6697ebf35fbc02,2
arc,Mercury_7268835,694,arc_b8ef4aa60872fa612712,0
arc,Mercury_7181668,695,arc_f205ec23ba10c6575f57,4
arc,MSA_2013_8_4,696,arc_c1a1bcacf1ffd7fa46d3,4
arc,Mercury_SC_406669,697,arc_4b97e596283a29849793,4
arc,Mercury_7013545,698,arc_45da5f1727cb51ff28ea,2
arc,MDSA_2007_5_50,699,arc_f1de1cb01d55eb36b91d,4
arc,ACTAAP_2011_5_9,700,arc_af1e9933f88d448dfb4b,0
arc,Mercury_7008050,701,arc_4f1a195d62accbe39bd0,0
arc,Mercury_7284060,702,arc_93813d47eb6e60c5b106,0
arc,Mercury_SC_414081,703,arc_e5712f6c7b517181f525,3
arc,MDSA_2011_8_10,704,arc_33f2b04df861b137f1fa,1
arc,MDSA_2007_5_32,705,arc_728cbf4cdcc0037e98d8,4
arc,Mercury_SC_401165,706,arc_016ccd17d4058d02f6ff,1
arc,Mercury_7012618,707,arc_f782a2d0dccfc99347aa,2
arc,Mercury_SC_415002,708,arc_d7e8581d3db8b34cf0fc,2
arc,Mercury_7103460,709,arc_5d0a5408cc3bfbcebf10,2
arc,Mercury_7219083,710,arc_8ec1c7f83b6798df1087,4
arc,Mercury_188563,711,arc_777d49a903c9f7952835,0
arc,Mercury_7162925,712,arc_65eb47be8610111e9923,2
arc,Mercury_7222373,713,arc_7fbc4b3c7aee3e7413be,0
arc,Mercury_SC_415706,714,arc_ac3291c4fbd5824e784a,2
arc,NCEOGA_2013_5_26,715,arc_f5de82f0b17172822222,4
arc,Mercury_412775,716,arc_dad14ef08346de4adb84,4
arc,Mercury_7246873,717,arc_0e847ad3f1207ca9c10d,2
arc,Mercury_7171920,718,arc_16c110e85f0b8bb6e3bc,2
arc,Mercury_SC_401199,719,arc_405ea911b2ddb3517ef2,4
arc,Mercury_404134,720,arc_afe3aadc0683ff560166,4
arc,Mercury_7283588,721,arc_91f7b32530e9f01c21ea,3
arc,Mercury_7269168,722,arc_2e7261e5e3a0c6e30bcb,2
arc,Mercury_7009625,723,arc_283bd2b075f43615d042,0
arc,Mercury_SC_402085,724,arc_bfb81ecd18a1ab0decab,3
arc,MEAP_2005_8_17,725,arc_09511c12a1ff169dd5b8,4
arc,Mercury_7228025,726,arc_ce828790c8224a3cccbf,4
arc,Mercury_410719,727,arc_ac302742785f013b5b0b,2
arc,Mercury_7180758,728,arc_37a90aad4eb0296ba822,2
arc,Mercury_416649,729,arc_f4fe17e57205d4347dff,0
arc,AKDE&ED_2012_8_45,730,arc_6d938b2b7d9262a8e7ed,4
arc,NYSEDREGENTS_2004_4_3,731,arc_4b47458cd93cea37ac31,0
arc,Mercury_SC_407186,732,arc_a8e82fa052259e52982d,1
arc,Mercury_7084263,733,arc_6edceca985106b888a5e,0
arc,Mercury_SC_401180,734,arc_9442effb824f082fcb72,0
arc,MCAS_1999_4_2,735,arc_492dcddc9c546b89748b,4
arc,Mercury_412649,736,arc_86dce8b093f256872b5a,4
arc,MEA_2016_5_12,737,arc_5ad8575c64f18d5f608f,3
arc,Mercury_SC_406796,738,arc_6565897f36678f4c38d8,0
arc,MDSA_2009_4_18,739,arc_cb7c3602e4e7dbca6dee,0
arc,NYSEDREGENTS_2006_8_26,740,arc_e8a6e7a35e845770e651,0
arc,NAEP_2011_8_S11+15,741,arc_16215c90aeeabae2d0cc,4
arc,Mercury_400893,742,arc_efc5b6e0b69eb9d8b1ae,3
arc,Mercury_SC_401596,743,arc_53989c438f61f4cba6d3,2
arc,LEAP_2008_4_10288,744,arc_cad40fa82a7e70a5e021,4
arc,Mercury_7189070,745,arc_4a50eddff1b27a8313a2,2
arc,Mercury_7122010,746,arc_e8912e09a4546ea0cbe2,1
arc,Mercury_7217018,747,arc_d8d3db56a77e6c03112f,0
arc,Mercury_SC_400200,748,arc_269ab4637c11e4a18d9b,0
arc,Mercury_7106330,749,arc_8593c54d40b4bbed33bc,0
arc,Mercury_415080,750,arc_c349ab7bcc12540c545f,0
arc,Mercury_7143780,751,arc_d57411e894fb5d0e8c34,1
arc,AKDE&ED_2012_8_9,752,arc_1a45f561d15618a26b43,1
arc,Mercury_406549,753,arc_bc239ceb7b93f931d37e,2
arc,Mercury_7086293,754,arc_88b1c6369ac11de23682,0
arc,Mercury_7282555,755,arc_43e1980279466b8cf4a5,0
arc,Mercury_416594,756,arc_e187ad39d3d14c255ed2,1
arc,Mercury_7207393,757,arc_a9949a32d608fe55c04c,0
arc,Mercury_7217963,758,arc_e717e155dfacb2e9e999,2
arc,Mercury_SC_416654,759,arc_3ef96e667cc54c3101ab,1
arc,Mercury_184293,760,arc_1962642ddc26ccb2282e,2
arc,Mercury_404903,761,arc_d486d8ae3306f70ec902,2
arc,TIMSS_2003_4_pg58,762,arc_1bf0ef577d0a9f51f6bc,1
arc,MEA_2014_5_6,763,arc_ac15221b042920c1c32a,3
arc,MDSA_2009_8_44,764,arc_c5c3c97d550781344a19,4
arc,NCEOGA_2013_5_29,765,arc_7924e5a383d0b463f274,2
arc,AKDE&ED_2008_8_12,766,arc_7f2a2ff41b2e80159c25,4
arc,Mercury_SC_LBS10343,767,arc_65e2d9d2aea7f9a31751,1
arc,Mercury_7188703,768,arc_58a314e87b6d6592aba7,1
arc,MCAS_2008_5_5637,769,arc_11dbe551306764c47582,4
arc,VASoL_2008_5_9,770,arc_5ac4cf4683ca570c4adc,2
arc,ACTAAP_2010_5_6,771,arc_12b7de22e906161ee609,2
arc,Mercury_SC_401133,772,arc_03bb30008b5a1e849bf4,0
arc,Mercury_7267680,773,arc_e4ac561fc8ad1da315f0,3
arc,Mercury_192763,774,arc_d718aad1727d524ad2fa,4
arc,NYSEDREGENTS_2009_4_20,775,arc_79ba89c861682a6c0895,1
arc,Mercury_7093188,776,arc_775b860009e86ceddbbd,1
arc,MCAS_2013_5_29405,777,arc_ae413b2eb30d1d34f25a,0
arc,Mercury_7108640,778,arc_0c8e797bbabf6a24c7ae,2
arc,NYSEDREGENTS_2005_8_1,779,arc_9c9290f6138b858e758b,2
arc,Mercury_7174195,780,arc_33f4dd31db5a4af1bc36,0
arc,MCAS_2006_9_30-v1,781,arc_b0c9aa0049dbdc27c8dd,2
arc,NYSEDREGENTS_2009_8_29,782,arc_08b271fe6d3d563bd6e0,1
arc,Mercury_7005443,783,arc_a9e7655f219ba1409709,3
arc,Mercury_183750,784,arc_c806bb08501dce676cf1,2
arc,NCEOGA_2013_5_59,785,arc_8028549ef88f2a9dd917,3
arc,Mercury_7211225,786,arc_f3f507cd21210bfd0fa4,1
arc,Mercury_7086223,787,arc_1a6893049350254b8399,4
arc,CSZ_2004_5_CSZ10003,788,arc_90421cde759ae893afea,3
arc,ACTAAP_2013_5_14,789,arc_435e7c8bd5b5f5c8f4db,0
arc,NYSEDREGENTS_2011_4_24,790,arc_364bbd4d7eca86d039b4,0
arc,Mercury_7014525,791,arc_a43d7bf3f867af7178cd,4
arc,NYSEDREGENTS_2016_4_13,792,arc_4408497b8c7366dd7a96,3
arc,Mercury_SC_400863,793,arc_3a45762280f9a002f56f,2
arc,Mercury_7223178,794,arc_877647820b0ec6e13660,1
arc,Mercury_7207218,795,arc_ecc9192df4159b2285f0,2
arc,Mercury_7218120,796,arc_c07374eb9f95f558146f,2
arc,ACTAAP_2015_7_8,797,arc_86222e64e9b599539070,2
arc,Mercury_SC_LBS10389,798,arc_2ee42e93d0ea98e085d3,4
arc,Mercury_7267960,799,arc_38e718012583cb92138a,3
arc,Mercury_7182893,800,arc_609c2d3a6a1d58f29492,3
arc,MCAS_2008_8_5694,801,arc_0f1ab23b0210fff107ce,4
arc,Mercury_SC_407571,802,arc_eb80cbb3fec2f3e8f363,1
arc,MCAS_2007_8_5172,803,arc_93eba36fe59622b8a3a6,2
arc,Mercury_7135835,804,arc_3cf411ca555ec7ca5e4d,1
arc,Mercury_SC_405647,805,arc_b91bc951b00e61f61bbc,2
arc,Mercury_SC_401371,806,arc_0d99b4c52a41be32abd0,1
arc,Mercury_7268013,807,arc_4ec5f72e602529cdfd5c,2
arc,Mercury_7009538,808,arc_17a4b1ae59c583742374,3
arc,Mercury_7008838,809,arc_f9b5a8843507366d4c60,4
arc,Mercury_7041125,810,arc_75c4344f2da3de851a76,0
arc,NYSEDREGENTS_2009_8_12,811,arc_8b7bc87538b40ab8a5e1,1
arc,Mercury_SC_402240,812,arc_3b6205d7bcd71f98068c,4
arc,NYSEDREGENTS_2006_8_39,813,arc_5822357e0408fdc78008,0
arc,Mercury_7111248,814,arc_f1e63204f4034b754fbb,3
arc,Mercury_7188878,815,arc_1dba97ff820ccbfed150,0
arc,Mercury_7168455,816,arc_97a70c6db594f56ee82d,1
arc,LEAP__7_10343,817,arc_6bdec77d3d9119a28391,0
arc,Mercury_7262833,818,arc_76d6ca9ca773c9003761,0
arc,MCAS_2008_5_5623,819,arc_830a431bd3757302ccfb,3
arc,MEA_2016_8_1,820,arc_753c9ba36b697a0e0d3f,1
arc,Mercury_7222740,821,arc_fe6cc0b190707413fa99,0
arc,Mercury_7213255,822,arc_809d49082425c968c498,0
arc,MEA_2011_8_3,823,arc_ea4c3a23ad096505c446,4
arc,Mercury_7142695,824,arc_57796f59a188ffa1c8ae,2
arc,AKDE&ED_2012_8_42,825,arc_ce50916631766c8450b5,2
arc,Mercury_417463,826,arc_0f1ccb35c57ab363270c,1
arc,Mercury_7085575,827,arc_8782c09995f7f5e282e5,3
arc,Mercury_SC_415410,828,arc_a68d2e5cb8abdff443b7,1
arc,Mercury_7221008,829,arc_5e4555be697a220e971e,4
arc,Mercury_SC_402170,830,arc_3cdf7e043c842bac2785,4
arc,Mercury_7119858,831,arc_b094250c668b4a372fb1,0
arc,NCEOGA_2013_8_47,832,arc_475f1f6611b238ce33c7,0
arc,NYSEDREGENTS_2009_8_20,833,arc_bb16380d1b1b069dd080,3
arc,Mercury_SC_401645,834,arc_b2b5351e9681797f967a,3
arc,Mercury_SC_406048,835,arc_1ea6967fee606d691b19,2
arc,Mercury_7159093,836,arc_f4a556631326e3a587ba,1
arc,Mercury_SC_411900,837,arc_c5eede64ac27c6491cea,3
arc,Mercury_7211068,838,arc_2df5f113365cf71d6ff4,4
arc,MCAS_2001_8_13,839,arc_02dab6745a71d4ebf936,1
arc,NCEOGA_2013_5_21,840,arc_052e4b9cd66ac16c69f6,1
arc,NYSEDREGENTS_2009_8_4,841,arc_d0d866483c2adab97859,0
arc,Mercury_182718,842,arc_4bdcc42712dccd37ae18,0
arc,Mercury_SC_407691,843,arc_3a631b8a38261edd9aa4,1
arc,Mercury_7165060,844,arc_8dec36ffdcd75fcbfe0a,1
arc,MCAS_2011_5_17663,845,arc_fa2fb5b0cdfb6822af4c,2
arc,MDSA_2010_4_28,846,arc_2926b3af578dc5505a27,1
arc,Mercury_7282118,847,arc_2a0c66dd300c8a013379,0
arc,Mercury_SC_406766,848,arc_36a984c626ce2a125304,4
arc,Mercury_SC_401364,849,arc_9428a18962156fea3047,4
arc,Mercury_7212030,850,arc_119da22a027925ec0bda,0
arc,Mercury_7058118,851,arc_709d9bc8e0ba160686f6,1
arc,MCAS_2005_8_15,852,arc_f549d1081392f6fc00ef,1
arc,Mercury_7154350,853,arc_a53859a691737c125396,2
arc,Mercury_SC_408423,854,arc_2bd842c94798a515d7ce,0
arc,Mercury_7245910,855,arc_a7337c790cc04f4dfa78,2
arc,VASoL_2008_3_22,856,arc_16048055e02350c5754b,4
arc,Mercury_SC_407194,857,arc_07b468e8c40d422c0d50,3
arc,Mercury_7126683,858,arc_2d9bf1176928845f922e,3
arc,ACTAAP_2010_7_7,859,arc_9535977e11ffcdf1735e,0
arc,MEA_2010_8_20-v1,860,arc_b46c08659ffd3394ddbc,4
arc,Mercury_7064243,861,arc_be65ddf24581203c44ad,4
arc,MCAS_2006_9_22,862,arc_3200fb3324d026508f27,1
arc,Mercury_7230195,863,arc_dcedb71e15b2db44ee1f,1
arc,MCAS_2008_5_5625,864,arc_030ef5b1af24abbb788e,0
arc,Mercury_410136,865,arc_cb0c6b0b27843e521d77,4
arc,Mercury_7210280,866,arc_14801455ed7472130f36,4
arc,Mercury_405467,867,arc_279669817a05351c51db,4
arc,Mercury_175858,868,arc_1f688389222cbc3f4f11,0
arc,TIMSS_1995_8_O11,869,arc_79657734434231e365a0,2
arc,Mercury_415753,870,arc_d9819ea2ec7ca52b1511,1
arc,MDSA_2010_5_2,871,arc_c41d3d85ac14b96aba0a,2
arc,TIMSS_2007_4_pg48,872,arc_b54f12fdcba8273e49d6,4
arc,Mercury_7214603,873,arc_e8a43c3c18c6f632d2d4,0
arc,Mercury_7270305,874,arc_c3a3f689572e528adcc5,1
arc,Mercury_7012670,875,arc_d4dab40bb44027deec86,3
arc,VASoL_2010_3_21,876,arc_04808df4a216aa5aa77d,4
arc,LEAP_2006_4_10274,877,arc_fe69e0990f35425ee785,2
arc,MSA_2012_8_41,878,arc_c7a9f2a2096a054ef15e,3
arc,Mercury_7142730,879,arc_60e3b7462a1da5b8024d,4
arc,Mercury_400308,880,arc_0466300afaf2de65dea6,2
arc,Mercury_7100398,881,arc_88ebf7639c537d154970,1
arc,Mercury_400025,882,arc_d9cc1058e2c8704d7a6f,3
arc,Mercury_7092505,883,arc_cb8224ae4584bb73dbcb,1
arc,VASoL_2007_3_6,884,arc_c1739685a90ae68a6e27,4
arc,Mercury_7006178,885,arc_f3d71876cbc6018e4c36,2
arc,MSA_2015_5_46,886,arc_ad28e94796beacb3f3cd,4
arc,TIMSS_2003_4_pg27,887,arc_9174db66bac9ff2545a6,1
arc,AKDE&ED_2012_4_22,888,arc_a70352769633579e733a,2
arc,MCAS_2005_5_15,889,arc_268709e48f10e3679432,3
arc,MDSA_2007_8_19,890,arc_45404adba2f84f410739,2
arc,NCEOGA_2013_8_44,891,arc_38a622c24eba2bfed828,4
arc,CSZ_2008_5_CSZ10022,892,arc_c98959b891235b7c095b,3
arc,Mercury_7161210,893,arc_fb5a22d1ec2e29762e4c,4
arc,LEAP_2001_4_10241,894,arc_6c384dc8dd60104b7c6a,1
arc,MCAS_2007_8_5166,895,arc_0899f7fbcb3b4e7bb689,2
arc,Mercury_7188720,896,arc_69b92d78b9d4910a66e3,2
arc,Mercury_7221253,897,arc_6a8f49104da7e8b2b7f2,0
arc,Mercury_178763,898,arc_2d71ee3159ac6daca97c,2
arc,Mercury_7218733,899,arc_8d2fe2eabefd01e954c7,1
arc,NAEP_2005_8_S14+9,900,arc_c5d77f21cad20551e497,0
arc,Mercury_7084648,901,arc_e1377d3da4d52bd6993a,0
arc,Mercury_7015645,902,arc_583bb34809314c96881a,0
arc,MEAP_2005_8_40,903,arc_a87471c283f691e22549,4
arc,Mercury_SC_401304,904,arc_88a5359eecc3ff77297c,2
arc,Mercury_7221673,905,arc_63e3c729bbff93c754bc,1
arc,Mercury_416635,906,arc_2fa2192d280310011ef9,4
arc,Mercury_7090685,907,arc_75e7bfdd5367cdd70434,2
arc,Mercury_7188930,908,arc_a26a239e8e1ffd0353db,1
arc,Mercury_7131950,909,arc_c572bf5ba28ac895739c,0
arc,ACTAAP_2014_5_1,910,arc_863c1778ff5c8e611a33,1
arc,Mercury_7084420,911,arc_8aec8bb07933d2fba6c8,1
arc,Mercury_7267925,912,arc_bae3e56bb2c74be06eda,4
arc,Mercury_7103233,913,arc_602d860b2ac529519a5f,0
arc,Mercury_7038010,914,arc_fb0f8b9a1dd367feaab0,3
arc,Mercury_7247030,915,arc_871469600593ecc48a79,1
arc,Mercury_SC_405500,916,arc_429c2996ef9fb74e3fd0,1
arc,Mercury_7027038,917,arc_1a0cc7544af9d17139c3,3
arc,Mercury_7193935,918,arc_a508d2621522f9fb4a2b,3
arc,Mercury_SC_LBS10900,919,arc_d2ae2595015f1ef08bb1,3
arc,Mercury_SC_405208,920,arc_c6e28f0b4e05baf7e464,4
arc,Mercury_SC_405728,921,arc_5a42cf00509367349e17,1
arc,MCAS_2008_8_5707,922,arc_5593384cd23b83adc9c5,2
arc,Mercury_7283675,923,arc_9543610303aff5e91d22,2
arc,Mercury_7207165,924,arc_c6e3e6a37fbbf11805ad,2
arc,Mercury_SC_401281,925,arc_359c89adb3a4b99b334d,0
arc,Mercury_SC_406088,926,arc_65b4de6169a1d8a2fb12,1
arc,Mercury_7057715,927,arc_91995df6941e4884d2c1,3
arc,AKDE&ED_2008_4_37,928,arc_38510a83d58a4cc33853,4
arc,Mercury_416144,929,arc_4333d4fa4bc251c4d02d,0
arc,Mercury_7085908,930,arc_b3ca5394ab74a087b7cc,3
arc,Mercury_7245070,931,arc_dd6170adb613bbab81e5,0
arc,NCEOGA_2013_5_57,932,arc_c6f433fd1e76764016e9,1
arc,Mercury_SC_400064,933,arc_38767b44cbfa42d7b362,0
arc,Mercury_SC_401254,934,arc_4939fae5d87df2ee5bab,3
arc,Mercury_7271268,935,arc_f938906baa1b360a05a2,1
arc,Mercury_7161228,936,arc_f85e17654d106a728ef1,0
arc,CSZ30494,937,arc_c359f60f1b73bfdddf11,2
arc,Mercury_SC_401216,938,arc_7fc381dba07dec63c49c,1
arc,Mercury_7042805,939,arc_ebf1b264a19d1f51d3bf,2
arc,ACTAAP_2012_7_4,940,arc_73bac44c9c7292b8a64e,4
arc,ACTAAP_2012_7_13,941,arc_f48f652f91fa1edb950e,0
arc,MCAS_1998_4_9,942,arc_2bfa44ff562c5291935e,3
arc,TIMSS_2003_4_pg5,943,arc_a463e76640f6915fcb13,4
arc,Mercury_7094010,944,arc_67584189e15dd6fda601,3
arc,Mercury_SC_402089,945,arc_1374397527f8d5602713,0
arc,Mercury_7043995,946,arc_daaf7a564f2ff92f2bae,0
arc,Mercury_7213360,947,arc_31d31ca9de99b0a2c268,1
arc,Mercury_7116253,948,arc_df1a04ee82aba555d29d,2
arc,Mercury_SC_400169,949,arc_c56ce9f8ef1224c83537,4
arc,Mercury_7192448,950,arc_25c87d3d4d59dee03132,3
arc,Mercury_7217070,951,arc_09bbb2790eb186aeeb76,0
arc,Mercury_SC_405170,952,arc_363dfb3a251c32ecdab4,3
arc,TIMSS_2007_8_pg101,953,arc_86ec43109d203f118e83,1
arc,Mercury_7139125,954,arc_73b8fd9047f0c92f0c8c,0
arc,NYSEDREGENTS_2004_4_12,955,arc_13df0a80a61f619eed4b,0
arc,Mercury_7136518,956,arc_fd3e440aa541905fd34c,4
arc,Mercury_SC_415737,957,arc_3479b404d64bae68a408,4
arc,Mercury_SC_400156,958,arc_40928d6d5a1271fc5c85,2
arc,LEAP__7_10356,959,arc_fa181b2dd44c581f743e,2
arc,AIMS_2008_8_5,960,arc_f1bdd3dae602789697cb,4
arc,Mercury_417154,961,arc_1cbfc5630bdc94bb1cdc,4
arc,FCAT_2012_8_7,962,arc_1b88fb17077e26404431,4
arc,MCAS_1999_4_12,963,arc_3d49eebd9a6423bef4bd,0
arc,Mercury_405773,964,arc_e40312c57b22e434f29c,3
arc,TIMSS_2007_8_pg7,965,arc_d4a96753c97fb6692911,2
arc,Mercury_7216125,966,arc_81e4582401e2bdbe52ab,1
arc,Mercury_7100468,967,arc_9a4b9acdef9d59d5941a,4
arc,Mercury_7233555,968,arc_ee83e5b47d5eb1596e65,1
arc,NAEP_2011_8_S11+2,969,arc_843a661442340d41da28,2
arc,Mercury_416582,970,arc_3c8338ef81a8561114b1,1
arc,ACTAAP_2013_5_7,971,arc_925d8b1dca617290b3cf,1
arc,Mercury_7198275,972,arc_7f1ae9a50204a1a15327,2
arc,Mercury_SC_416461,973,arc_3edc863b60c7490fe8cf,3
arc,Mercury_SC_405198,974,arc_5c06567b5c39d704934a,2
arc,NYSEDREGENTS_2005_4_28,975,arc_c4a864bab96918b6548a,4
arc,Mercury_7018218,976,arc_74b5c0eb9ca10a036db8,3
arc,Mercury_7187005,977,arc_91518adc93131fd18a39,3
arc,Mercury_7120698,978,arc_7b4f74aeb4eebbfdbfe5,3
arc,Mercury_7230545,979,arc_398695ebcfebe21f350e,1
arc,Mercury_7108833,980,arc_2f2075b47177eedc5980,3
arc,MEA_2012_5_8,981,arc_135df760518fa107b396,0
arc,MDSA_2008_8_26,982,arc_30e8ca9c71086cbf5a7e,3
arc,Mercury_7142975,983,arc_70970cf5dc1ca15a7d9d,4
arc,MEAP_2005_5_38,984,arc_6f0c330126f06f396a72,0
arc,Mercury_SC_415468,985,arc_9732f0406ba8415a6a5b,3
arc,Mercury_7102340,986,arc_5a97b7b2406d79487a01,0
arc,Mercury_7033583,987,arc_2cdf835e1a9caf4a4d62,3
arc,Mercury_400350,988,arc_14213f52dffa2d5822ba,2
arc,Mercury_7145495,989,arc_62b17996cdf291aef514,4
arc,NCEOGA_2013_5_60,990,arc_27fad54157046cb40045,1
arc,Mercury_7038150,991,arc_526749bd37eb600c4abd,0
arc,Mercury_7013213,992,arc_98924b779c3d380e922e,3
arc,MCAS_2007_8_5169,993,arc_7e97e8e4064f4a7d3901,3
arc,NYSEDREGENTS_2004_4_10,994,arc_1f3e15102fac655f98ce,1
arc,Mercury_SC_412697,995,arc_0abbe06d5609bf7d3326,0
arc,NYSEDREGENTS_2005_8_28,996,arc_684054855cdc1862d196,3
arc,Mercury_7038570,997,arc_43055af8b23be342311f,1
arc,VASoL_2007_5_7,998,arc_dc7e9a19ced04182a92a,0
arc,Mercury_SC_401002,999,arc_0f367cff8652edc70289,1
arc,Mercury_7083580,1000,arc_12679dc08a213d259c57,2
arc,Mercury_7107380,1001,arc_93f0b7c7bcf854398f68,0
arc,Mercury_7013860,1002,arc_c6ecc05c29d81c8d7af3,2
arc,MCAS_2005_9_20,1003,arc_81e7bc3e8a093e5cf797,4
arc,MEA_2014_5_13,1004,arc_ef5e09314bb3d4480089,3
arc,MDSA_2007_5_15,1005,arc_264c10198114125de9f0,3
arc,Mercury_SC_400673,1006,arc_89fb4b5361b109048a75,2
arc,MDSA_2011_4_12,1007,arc_3d06738806f0e71463b2,2
arc,Mercury_SC_400519,1008,arc_105430c7712c1e463ca6,0
arc,MCAS_2003_8_8,1009,arc_f5b6c2c8e18e0efe69bc,4
arc,Mercury_7027353,1010,arc_1e5a0381cfc82a7ce215,0
arc,Mercury_SC_400300,1011,arc_6505c08f52aaf84e9587,2
arc,Mercury_7239470,1012,arc_a0d9f39fcb05c110c5cf,3
arc,Mercury_7234465,1013,arc_ab03855e67c10b8839df,3
arc,OHAT_2007_5_39,1014,arc_7c57cecd0e4634a5a863,0
arc,Mercury_SC_400986,1015,arc_4c3dccb904fed90799cd,1
arc,Mercury_7004043,1016,arc_074fc7a9604d19f18bf9,4
arc,Mercury_SC_414080,1017,arc_e409bdf499b6e6500ec8,3
arc,Mercury_7269203,1018,arc_04d0cb3b7d70fb8726f4,4
arc,Mercury_7001418,1019,arc_865efaa57299e916aa69,3
arc,ACTAAP_2014_7_7,1020,arc_e256b98dcf8d79df96a9,1
arc,LEAP_2004_4_10259,1021,arc_a27525a73cc813d0d17c,0
arc,Mercury_SC_416523,1022,arc_8505ee2f696084efccbe,2
arc,MCAS_1998_8_25,1023,arc_5e5227a7e303e72af89e,3
arc,Mercury_7213115,1024,arc_bfe4e4b05f084df6d23f,4
arc,VASoL_2010_3_10,1025,arc_2880a3879d239ace5724,2
arc,Mercury_SC_401153,1026,arc_c11a94480e4329be5b91,1
arc,MCAS_1998_8_5,1027,arc_b9b9a6677d737c7a9d80,4
arc,Mercury_400749,1028,arc_651e3b4f368a41a6367d,1
arc,TIMSS_1995_8_P7,1029,arc_f5fcbffebe8c5a036d1e,1
arc,NYSEDREGENTS_2004_4_5,1030,arc_295ea333c4bedc41b9e7,1
arc,Mercury_7160983,1031,arc_b14e4431190d77ac6ecc,2
arc,TIMSS_1995_8_N5,1032,arc_9b4dfc1f3f080c2835e4,3
arc,TAKS_2009_8_49,1033,arc_ab1312c0b400448a5cbd,2
arc,Mercury_SC_400160,1034,arc_05e956e04125341f0e27,4
arc,NYSEDREGENTS_2004_8_37,1035,arc_8e544a5efc3120574d0e,2
arc,Mercury_7077683,1036,arc_8df817b09ac3a85c1fa2,1
arc,Mercury_7239610,1037,arc_b145f629110d7fe7a2e7,4
arc,CSZ20740,1038,arc_5f0da9c3ebdf8282c8e7,2
arc,MCAS_2013_5_29398,1039,arc_0c9d0cc81794d7d8416d,1
arc,CSZ30564,1040,arc_8cc95e00a38ee738f85f,3
arc,Mercury_405061,1041,arc_400f9ee99e17905ab038,4
arc,ACTAAP_2007_7_28,1042,arc_7cd45d599ad68df9c6cb,1
arc,Mercury_SC_416112,1043,arc_97d5cb544496573f80dd,1
arc,MEAP_2005_8_30,1044,arc_554c55529e5978e8afbf,1
arc,Mercury_7186480,1045,arc_5cf6b04b48ff43445123,1
arc,MCAS_2013_5_29397,1046,arc_ce1ce03a3fd6cc0e72ef,3
arc,Mercury_7216685,1047,arc_52c63ebd69d1a059c340,2
arc,Mercury_SC_405862,1048,arc_2333a72859e63dd963a2,1
arc,Mercury_7009590,1049,arc_3b139ef291a024c9b212,4
arc,Mercury_7084700,1050,arc_3112d85594ea47c72438,2
arc,NCEOGA_2013_5_56,1051,arc_4ba46a0c1560f9b6ab32,3
arc,Mercury_7236600,1052,arc_7b90e830333465eafe12,0
arc,Mercury_SC_406721,1053,arc_a6d9a91e63412b3fd089,4
arc,Mercury_7132038,1054,arc_f49a0f96ea2ace0bb1dc,3
arc,Mercury_7080535,1055,arc_86ae94c60ecee84cd257,0
arc,ACTAAP_2008_7_5,1056,arc_e96d5b74c87f882479c0,0
arc,Mercury_411450,1057,arc_92bf3cf3ee01c1997f58,1
arc,Mercury_SC_LBS10046,1058,arc_bbbed9b8ae6c32854e7e,2
arc,Mercury_7092260,1059,arc_aa3c10068320770b62f3,4
arc,Mercury_SC_LBS10384,1060,arc_21796b4b7c6bf2f35afd,1
arc,Mercury_7170433,1061,arc_d597ba331de0111d7b88,0
arc,MCAS_1998_8_7,1062,arc_d94f59d69674b09143e5,4
arc,Mercury_417139,1063,arc_4ee83bdfb763994cc3b3,2
arc,Mercury_183978,1064,arc_491e7f35b04b646dd4ca,0
arc,Mercury_7092523,1065,arc_0dceab692d0c5889e9ff,0
arc,Mercury_7139580,1066,arc_79a63beb5e934b928c82,0
arc,Mercury_SC_401765,1067,arc_4b5859c6b629e153b67e,4
arc,Mercury_7094693,1068,arc_a1dae5a1b6bad7e46f94,1
arc,Mercury_SC_413531,1069,arc_5a6d198e31236f5778f0,2
arc,Mercury_SC_408447,1070,arc_b9d016c90d4080925a3e,2
arc,Mercury_7024185,1071,arc_6dd48a4007fda1276a69,2
arc,AKDE&ED_2012_8_5,1072,arc_8e421baf3551bcde824e,1
arc,Mercury_SC_LBS10340,1073,arc_c42232af51b9e184c47e,3
arc,Mercury_SC_408402,1074,arc_0580a63bd3654e8c6cd1,2
arc,MCAS_2011_5_17664,1075,arc_78a96e1243717a8ca4dd,2
arc,Mercury_7013405,1076,arc_d1fae2ca7df9802bd264,4
arc,Mercury_SC_401202,1077,arc_71d8bf2d755712ca3603,3
arc,Mercury_404993,1078,arc_29a9827bf36578a721f4,1
arc,AKDE&ED_2008_4_41,1079,arc_5b8c18af9bf35595aaf5,1
arc,VASoL_2008_3_8,1080,arc_b7117734f39f09522b31,0
arc,Mercury_7283955,1081,arc_7f8bf870e19e32d1ffea,0
arc,Mercury_7215810,1082,arc_9b8e35b12eae0cbf248e,0
arc,Mercury_SC_408415,1083,arc_535f4c5c42844d91ac60,3
arc,Mercury_7081095,1084,arc_816fb03e803059939a81,0
arc,MCAS_2004_8_17,1085,arc_0fcd01dbdd39eb444343,4
arc,NYSEDREGENTS_2007_8_6,1086,arc_ad34eb9d276989adf9b0,4
arc,Mercury_7268293,1087,arc_a9103d0082b6cd443135,3
arc,Mercury_7192780,1088,arc_b0f4583bcb5016fe21fe,2
arc,AKDE&ED_2008_8_11,1089,arc_1be4197d682d8bf3ef91,2
arc,Mercury_7219100,1090,arc_0628cac9bf9128446ca4,4
arc,Mercury_7212555,1091,arc_8dcdaed009aed988693c,1
arc,Mercury_SC_401198,1092,arc_6dc5a68932b3d1b7e99d,4
arc,Mercury_7071908,1093,arc_3e7d8a0affacd176ca3a,4
arc,Mercury_7193113,1094,arc_c40bdef885e1ca4646b4,2
arc,Mercury_7175718,1095,arc_53efc149b2c405db6e88,3
arc,Mercury_402062,1096,arc_912f216452a40d4ab8c7,1
arc,AKDE&ED_2012_4_21,1097,arc_6c883a3e02dd5aa94bb6,0
arc,MCAS_2006_9_31,1098,arc_cb9fbb19916c64fa1f24,4
arc,Mercury_7090825,1099,arc_504899fc09d2b85b3974,1
arc,MCAS_2000_4_17,1100,arc_aa882037552cd14f124a,0
arc,Mercury_7219345,1101,arc_b5434978e7baa40c9878,3
arc,Mercury_402398,1102,arc_ef75329839e6a8c0ee19,4
arc,Mercury_7090353,1103,arc_9dd1d3a6c2268f6be1cc,1
arc,MCAS_2009_8_1,1104,arc_cd849aa48597a7cbba39,2
arc,Mercury_7127173,1105,arc_f427353f3c0c0656aa49,4
arc,Mercury_7220273,1106,arc_08c56c5cda8f429afef5,2
arc,MCAS_2000_4_4,1107,arc_8f564f51bdbc91975db1,2
arc,NYSEDREGENTS_2007_4_29,1108,arc_68fdd36d9f23ee069043,4
arc,Mercury_416647,1109,arc_b4e07570bf8927f4a704,3
arc,ACTAAP_2008_7_10,1110,arc_b0daa312cf9db552ddd8,1
arc,ACTAAP_2013_7_6,1111,arc_e895ec7d8d6817ca18eb,2
arc,Mercury_7210613,1112,arc_bf1ee655ce33618fdb90,0
arc,LEAP__5_10318,1113,arc_1fa79514a1767cf59d28,1
arc,Mercury_SC_415480,1114,arc_e3aace8f2e447fb4b587,1
arc,Mercury_7172795,1115,arc_8e24a9a6bc4947236f75,3
arc,NCEOGA_2013_8_59,1116,arc_3987871970d81a27c1f6,1
arc,Mercury_7219643,1117,arc_7cecc88a469bcac8bc04,1
arc,Mercury_SC_412487,1118,arc_2bb98bdc832da67a7f24,2
