dataset,group_id,fold,n,members
obqa,obqa_9dc9821e5423c6e41c2c,0,1,11-520
obqa,obqa_bff274ee48d1566594bf,1,1,9-1128
obqa,obqa_38ba77423508e1e26915,2,1,1422
obqa,obqa_075dfbe2b4324be23a01,3,1,14-1053
obqa,obqa_1d773b664e879f567421,4,1,14-918
obqa,obqa_29d4286226cdf2db0627,0,1,12-691
obqa,obqa_aa664d343b6f199a1a68,1,1,14-1384
obqa,obqa_20b12434a65dbf0752c8,2,1,14-1442
obqa,obqa_f9712b4218a399082348,3,1,14-79
obqa,obqa_681dbfe5b9c6066a14d0,4,1,12-407
obqa,obqa_2a250174df918d11eef1,0,1,11-261
obqa,obqa_4906c434b294d08865a9,1,1,14-133
obqa,obqa_9d7675c595df37024419,2,1,14-1474
obqa,obqa_9673d3c148bcd589ba50,3,1,14-1485
obqa,obqa_632c8c66501058d4a18a,4,1,12-590
obqa,obqa_9f8075061ddcb974547f,0,1,7-130
obqa,obqa_acf8034fdd1ed1a05b53,1,1,14-623
obqa,obqa_9ace83772bf46bd9cac3,2,1,11-128
obqa,obqa_c58d110ea3d4f4cce3b4,3,1,12-1143
obqa,obqa_eea76a308ebb195f6715,4,1,96
obqa,obqa_68394648494ac75f3739,0,1,14-842
obqa,obqa_b7e23c66dc28efac7eea,1,1,11-79
obqa,obqa_7aa7ec5c2732b302b314,2,1,14-1446
obqa,obqa_8e2a1e1a37cc97ed00fa,3,1,8-172
obqa,obqa_345f36e552cd22d943b3,4,1,14-1278
obqa,obqa_968fd5fa10b1320702b8,0,1,12-404
obqa,obqa_21448ffe7ab9d21c8dc6,1,1,1877
obqa,obqa_9f965a5b41d42877bd2d,2,1,14-397
obqa,obqa_935f58e13e1899c17405,3,1,9-256
obqa,obqa_4d3218ba5747c3d63a0b,4,1,7-542
obqa,obqa_55938fd57cd3a5cdb74a,0,1,10-836
obqa,obqa_2469450523e235d5c2b6,1,1,12-625
obqa,obqa_35d516b832c2a1a74511,2,1,586
obqa,obqa_2256c345e0ee2e092c4f,3,1,10-774
obqa,obqa_46de6d5a35f2e4be9172,4,1,7-513
obqa,obqa_28b53149183438025eb5,0,1,11-341
obqa,obqa_21707bfa3f2444295b15,1,1,11-614
obqa,obqa_8eba80b31369b3e31771,2,1,7-629
obqa,obqa_058d57b354b943695da3,3,1,13-568
obqa,obqa_e8fe2b8ba81e33ae436c,4,1,13-229
obqa,obqa_5ec28ec9ca823cf88fe4,0,1,13-7
obqa,obqa_a914612b11ae0cb5f4c1,1,1,12-917
obqa,obqa_35890f83be9b02e3dfa5,2,1,12-1137
obqa,obqa_2ba29710ca2578aa48b4,3,1,10-1075
obqa,obqa_6847595a587095ba685f,4,1,10-1155
obqa,obqa_51728d1422b3ce699496,0,1,7-905
obqa,obqa_dc643e9b1e233764621b,1,1,9-818
obqa,obqa_9ddfd6de2303855ef547,2,1,12-897
obqa,obqa_aa68d7233cf4538618f6,3,1,13-948
obqa,obqa_b621f937aa6b810e0197,4,1,12-598
obqa,obqa_c62e65908af9e6916a84,0,1,10-821
obqa,obqa_6e9e2e7cb99806f59024,1,1,11-396
obqa,obqa_253ea4ea3d65496443f7,2,1,8-6
obqa,obqa_d5e0dfa3f16172675397,3,1,14-770
obqa,obqa_ccc28459237f5eb80be1,4,1,13-637
obqa,obqa_69579a9764e2356f5bfd,0,1,7-764
obqa,obqa_841337095e7b7e79058a,1,1,10-52
obqa,obqa_ff579387ecfc6473c2b6,2,1,14-522
obqa,obqa_86b109138019d5777839,3,1,10-917
obqa,obqa_ffa61d1b64cc1f7ccb5d,4,1,9-5
obqa,obqa_dc965628ed506b152a56,0,1,12-613
obqa,obqa_98bbcec58db664182128,1,1,155
obqa,obqa_4cf4ba9662ba3f64e3c3,2,1,11-321
obqa,obqa_ad274d1e9ed09553f0cd,3,1,14-606
obqa,obqa_bf5742faa7c6ae0a3627,4,1,9-90
obqa,obqa_9a58585d855aeae90a23,0,1,7-576
obqa,obqa_e8fe516fe3066c319b16,1,1,11-374
obqa,obqa_6384a4cc66d2cd6c83dd,2,1,13-127
obqa,obqa_22ff984b8d67ef7fd820,3,1,7-1081
obqa,obqa_1e302baf15c214196106,4,1,11-468
obqa,obqa_cb512345f41c137f804e,0,1,10-777
obqa,obqa_8dc4de5cf3563c076679,1,1,12-535
obqa,obqa_26286c15edcce8e83774,2,1,13-1060
obqa,obqa_a81c2b72ca3809d9fc88,3,1,7-898
obqa,obqa_ee36e274cd3266857e7f,4,1,13-914
obqa,obqa_6e590b30e3c96f747261,0,1,7-525
obqa,obqa_b8854e0f7da3c6cd0310,1,1,12-632
obqa,obqa_4ec07d75dd98715852b9,2,1,14-1456
obqa,obqa_dd33d5be010ae062384a,3,1,12-466
obqa,obqa_24d47236e01b418acf7f,4,1,13-1031
obqa,obqa_218751471af8806ef32a,0,1,1115
obqa,obqa_2d732d42e01dc9e15ba6,1,1,10-367
obqa,obqa_e0705f6a27638ba497e6,2,1,831
obqa,obqa_1273dd1947df43666f83,3,1,14-1324
obqa,obqa_cae4efaf877ebebb6c77,4,1,13-626
obqa,obqa_2bdceab178270d619020,0,1,1261
obqa,obqa_e06eeececdc4f04f45a2,1,1,14-853
obqa,obqa_0e18eec411c38db7099e,2,1,1388
obqa,obqa_46da52476ab00cd457c1,3,1,9-261
obqa,obqa_9f9eaf8f73ec6bc5c43a,4,1,10-181
obqa,obqa_f5f5cb283186a4db28cf,0,1,12-304
obqa,obqa_7374badd05865cb03b70,1,1,13-334
obqa,obqa_c2b0e9a15e62388000cb,2,1,13-527
obqa,obqa_176e2bca4762d98a4bdf,3,1,7-574
obqa,obqa_f3f3a514cf61c3623ba1,4,1,10-72
obqa,obqa_1c0db50e8c6d81fb5be4,0,1,12-531
obqa,obqa_2bc43d43ae088ff68ef1,1,1,12-886
obqa,obqa_15f397756f4cccc34dbc,2,1,14-677
obqa,obqa_a16e2373c7c90efd6edd,3,1,14-46
obqa,obqa_b244beea4180dcf7f4cb,4,1,10-863
obqa,obqa_332565ca5e7d0f3bd0ad,0,1,13-200
obqa,obqa_9bee1c87c2775eb1263a,1,1,10-9
obqa,obqa_d0bf136224e914950ea7,2,1,13-413
obqa,obqa_e745682d6ae7f2505f26,3,1,12-10
obqa,obqa_d448930e765995391286,4,1,7-666
obqa,obqa_1c291a2776aa6f47e4e5,0,1,12-149
obqa,obqa_f20b255c358b0c44e6b6,1,1,8-347
obqa,obqa_58aa198a3ee496d3f70b,2,1,10-802
obqa,obqa_7b0edfbd6cf2322b9187,3,1,14-169
obqa,obqa_44f2ba40ec8370849773,4,1,9-128
obqa,obqa_2cda54182f5ccb99cead,0,1,873
obqa,obqa_954356152792bb86b03a,1,1,13-912
obqa,obqa_eb4917ca261874b8887c,2,1,14-998
obqa,obqa_b73ec20fea2263d1ec47,3,1,14-1326
obqa,obqa_cf08ff7050126e93bf10,4,1,10-731
obqa,obqa_dedd4b738993624818c0,0,1,11-750
obqa,obqa_0ba80d33b82cf3e7c09d,1,1,14-686
obqa,obqa_4811275827d099c826d3,2,1,14-330
obqa,obqa_3ec5da6e8316b0e70472,3,1,14-88
obqa,obqa_ff4210ba8ea5b5bbb5bd,4,1,14-17
obqa,obqa_e6b1672131f35fe49f8f,0,1,12-434
obqa,obqa_0989014da58e4c2f7dfb,1,1,9-841
obqa,obqa_4d4c7fef3404eb308bed,2,1,12-903
obqa,obqa_ee5a24467f2964ec8baa,3,1,11-197
obqa,obqa_f1b6b8a11d1d22bd7ba1,4,1,10-449
obqa,obqa_2c74b06716e794ed3900,0,1,13-474
obqa,obqa_4a1afef9be11ba62a86a,1,1,14-551
obqa,obqa_b01f14cf98d6f6dd882a,2,1,12-94
obqa,obqa_3e10c8f87d828311070b,3,1,13-204
obqa,obqa_a9a92a66e923aacbc2bd,4,1,7-405
obqa,obqa_103ae3759fdaf581eb9f,0,1,14-1297
obqa,obqa_62fafd248b80d2840d87,1,1,9-295
obqa,obqa_68ec9c814d0cc212f640,2,1,11-83
obqa,obqa_d839e63146a07ecf95de,3,1,10-582
obqa,obqa_76ed7ed0be572547a438,4,1,14-466
obqa,obqa_6ada496850fb2d5969b0,0,1,10-56
obqa,obqa_8d702df06d5fb5cb5d3d,1,1,12-328
obqa,obqa_ef803a233e6eb29fcd88,2,1,7-293
obqa,obqa_9ff5bb33c8bd299a82b6,3,1,14-1323
obqa,obqa_3efa1c3c6f3aa7dd0354,4,1,10-357
obqa,obqa_95b63a2053ec637ded58,0,1,12-1140
obqa,obqa_1d3855c3f130e6519841,1,1,7-178
obqa,obqa_ed09115a4eeac5d1c7dc,2,1,12-643
obqa,obqa_f722f0bcd62791312481,3,1,1766
obqa,obqa_9f3dd030f4e71f358957,4,1,7-1029
obqa,obqa_d6e7b8d63f1cb9c9f212,0,1,14-1106
obqa,obqa_beff8d31bd1e3cbb8bf4,1,1,12-23
obqa,obqa_6fbc662851d5dd8d66d1,2,1,11-18
obqa,obqa_f54691f91b79452efa57,3,1,10-796
obqa,obqa_a33bbdfc8f51d2cfa477,4,1,14-528
obqa,obqa_19ac6fedfc69a26a0e88,0,1,10-1131
obqa,obqa_795a94c0357fae9bb0f5,1,1,9-1121
obqa,obqa_bef45edc7a6480f9c8ca,2,1,14-1147
obqa,obqa_0a1fa566263836c14c61,3,1,14-1413
obqa,obqa_d5c06f59591abedf0879,4,1,814
obqa,obqa_54de9c6b44d3ff629c5c,0,1,10-15
obqa,obqa_6cd54fb0fc7fd63a8c68,1,1,10-493
obqa,obqa_98f744245e06f0ee6ba3,2,1,1269
obqa,obqa_02838321fe557bc7bdb2,3,1,11-326
obqa,obqa_aa5fc63b9bcceff98173,4,1,8-99
obqa,obqa_49c60cd2847d2102ce9a,0,1,10-1218
obqa,obqa_96f516ed2e50eb4218e9,1,1,10-234
obqa,obqa_4a86a2b99ca51d491d0f,2,1,14-1273
obqa,obqa_1b368b684a3bf3b4e479,3,1,12-1006
obqa,obqa_1fde1e1905d0aa165096,4,1,12-733
obqa,obqa_a06b51d5b1ad6afc43a9,0,1,10-1017
obqa,obqa_0a31cd1444dcf5cae59b,1,1,14-396
obqa,obqa_8159d727a9542e401bf4,2,1,12-683
obqa,obqa_3f33ac3e859f9bd5bf25,3,1,848
obqa,obqa_5b945086ab762e0b5d80,4,1,10-61
obqa,obqa_83706daa19d96f58ecce,0,1,11-132
obqa,obqa_dcdec645b7e039865607,1,1,10-420
obqa,obqa_4c32185e6305991551c6,2,1,10-1187
obqa,obqa_0e83047707a9d14ecb9b,3,1,14-1412
obqa,obqa_04d00020a329d3815495,4,1,12-1171
obqa,obqa_51844ac13b379f7bd3c8,0,1,14-608
obqa,obqa_f2ba791b9012ee6df908,1,1,10-930
obqa,obqa_c1fce566e68e8c9a75b6,2,1,1163
obqa,obqa_0399823e6bfecc8b86c1,3,1,13-319
obqa,obqa_90fb10e6d5d5c4601098,4,1,1875
obqa,obqa_1d9772ea259d121c6e0d,0,1,12-363
obqa,obqa_c5ca7c88ff8a8af67e53,1,1,14-1015
obqa,obqa_cd6181a5435809cc5676,2,1,10-368
obqa,obqa_efe0a8c352c8a2090169,3,1,14-285
obqa,obqa_2d16e968fb47e589db58,4,1,10-1016
obqa,obqa_4cb138eae49142c746b5,0,1,11-36
obqa,obqa_432311d974a31d0d0e4d,1,1,14-1289
obqa,obqa_35e7ea169b0aa4ccaf43,2,1,10-742
obqa,obqa_ce75b2338499b220d3ed,3,1,828
obqa,obqa_60b63338453ef5f53d94,4,1,12-399
obqa,obqa_08acb3415d8fd903eec3,0,1,10-1001
obqa,obqa_ed5999dd8193dd3ccf58,1,1,10-436
obqa,obqa_4b879ae2ff937138c196,2,1,14-413
obqa,obqa_2fd5247b4302a81fe1b9,3,1,11-432
obqa,obqa_11f148d4f9ec8180f5aa,4,1,7-224
obqa,obqa_d1c1300df92139d5dab2,0,1,14-645
obqa,obqa_0c10e4ea9dc648a2718a,1,1,10-812
obqa,obqa_a6c6e1465860be316a17,2,1,799
obqa,obqa_1558638f36aa8d88ae2b,3,1,7-285
obqa,obqa_90fe549df4b488473ff4,4,1,13-922
obqa,obqa_977d138410e905f4c645,0,1,14-642
obqa,obqa_e2f8b167fd3ae1293cee,1,1,13-323
obqa,obqa_c2a91045700b3605012a,2,1,11-752
obqa,obqa_9e296919d573400fc0cf,3,1,12-1055
obqa,obqa_9425b690801dc23ce5b2,4,1,12-361
obqa,obqa_4583b519dd340c35a1c9,0,1,8-103
obqa,obqa_35e0921c02b5d1e14243,1,1,12-463
obqa,obqa_9d4136fae500cbd6b038,2,1,10-1214
obqa,obqa_a4f33f21dd3e0c3070a0,3,1,12-583
obqa,obqa_d6b1d765b21926156671,4,1,13-859
obqa,obqa_2b60360315853db697eb,0,1,12-1026
obqa,obqa_7c88200dda0131551061,1,1,10-829
obqa,obqa_1cbc385e9e8be4b8d531,2,1,13-167
obqa,obqa_e2c649186eeeef4e0b86,3,1,10-621
obqa,obqa_4a63f7d6f83a293355f0,4,1,14-118
obqa,obqa_325353ddc4f70bc03fd4,0,1,1159
obqa,obqa_3ebc2a3352183911386e,1,1,12-611
obqa,obqa_b1dd44b360c0a53fffcb,2,1,10-919
obqa,obqa_51385dfe5913b363efdf,3,1,8-184
obqa,obqa_019556a5bf49c7791680,4,1,11-323
obqa,obqa_b4c1d7663e9d99845cd5,0,1,14-391
obqa,obqa_18763c6f570ea64a0333,1,1,10-167
obqa,obqa_0fc401bdff80806b445e,2,1,14-944
obqa,obqa_cce21d1df90395462f3a,3,1,8-212
obqa,obqa_851608118ea09d82f8ca,4,1,10-180
obqa,obqa_f7576a6df9752e1c2466,0,1,7-273
obqa,obqa_f3fc5a982fefec8c837c,1,1,7-1049
obqa,obqa_360d3e221a9e159ddbb9,2,1,9-344
obqa,obqa_59e594fc577d04c1dfb3,3,1,13-724
obqa,obqa_df88019cf409b9d52b44,4,1,14-234
obqa,obqa_295bd37cc5c7e467cd64,0,1,14-816
obqa,obqa_744b2074c70f0398ce5d,1,1,7-474
obqa,obqa_f16249c263f68fec0de5,2,1,10-324
obqa,obqa_ed400d6225d7a3a66949,3,1,10-316
obqa,obqa_6b13b3205b64abf34004,4,1,9-1171
obqa,obqa_7d7a4ee13b1f4b12a696,0,1,7-363
obqa,obqa_954983c424e54e4f8249,1,1,10-631
obqa,obqa_90e1ecf09b573cfffbd8,2,1,14-265
obqa,obqa_42bf4d5d9fcc02bfda4e,3,1,14-879
obqa,obqa_c2687385047b8edadc7a,4,1,10-132
obqa,obqa_c38b4e1f237307a3efe8,0,1,413
obqa,obqa_14472d76a6962cd03b87,1,1,7-783
obqa,obqa_6c5ea7c05ddc3a354de7,2,1,1378
obqa,obqa_c6ff7bc21d7141a2bc0b,3,1,13-926
obqa,obqa_19c394c7d5e4b24055fc,4,1,12-930
obqa,obqa_e08f8fe240de5f1f6cc8,0,1,14-884
obqa,obqa_1cb72c717c8e0a2328cf,1,1,11-538
obqa,obqa_2fb10a03a915e363eb17,2,1,10-1113
obqa,obqa_35165edc88726a4f76d2,3,1,12-807
obqa,obqa_8c9fcf0119b8e2ae2fea,4,1,1929
obqa,obqa_376178d07a5ae9ab8c8d,0,1,8-461
obqa,obqa_9981b4dcbed8c1957688,1,1,7-409
obqa,obqa_4c0a0e8e262ba20a6630,2,1,12-856
obqa,obqa_ab556879cc6f82310d45,3,1,13-440
obqa,obqa_3004d69f580865ac69fd,4,1,7-447
obqa,obqa_9b3d25f82ea696d07d19,0,1,14-1043
obqa,obqa_e21a702b78ab3f198918,1,1,10-1198
obqa,obqa_827a5f5fbe648603c7d7,2,1,13-31
obqa,obqa_b217c9eb27a02284c0ba,3,1,7-612
obqa,obqa_be1ffb28c417dfe9b480,4,1,11-273
obqa,obqa_5b2258fdebd48a484d8c,0,1,13-853
obqa,obqa_fab415644f000b07f298,1,1,401
obqa,obqa_1d89956c0b46b529a3e8,2,1,14-1111
obqa,obqa_e01737d3ff5e4e4b9e29,3,1,13-34
obqa,obqa_3318ea13fe3a68802c7d,4,1,8-433
obqa,obqa_2e09bc49c3a622ff7b47,0,1,9-1195
obqa,obqa_bc3008482eb995e13086,1,1,12-608
obqa,obqa_1fa37394d6a37452e12a,2,1,12-655
obqa,obqa_5cd5942459e588de48a9,3,1,12-870
obqa,obqa_72277587a46f89f35350,4,1,10-1156
obqa,obqa_b6ca482d7f2a95b7fc80,0,1,13-972
obqa,obqa_df31ed7b1e1402f879c6,1,1,12-1010
obqa,obqa_8c4e781c7b7f720657b2,2,1,13-692
obqa,obqa_8ecf8d08c848972bf081,3,1,9-928
obqa,obqa_48dec6ce32bef3bd7ae8,4,1,14-1420
obqa,obqa_a4f7242c5bdcac20d877,0,1,7-337
obqa,obqa_5354fd12427a8c4e5c03,1,1,13-47
obqa,obqa_94754ab8905602c0376b,2,1,7-975
obqa,obqa_6e6fb07b25c883647773,3,1,11-724
obqa,obqa_992b6de02147167a0a6d,4,1,12-1109
obqa,obqa_285db711391b61bac360,0,1,13-778
obqa,obqa_ea55dc0d76844d2bf52d,1,1,405
obqa,obqa_f4eaabd6442986d12637,2,1,10-586
obqa,obqa_4e912833365f5cc4b473,3,1,14-1478
obqa,obqa_a2dd0f193081bf867417,4,1,9-233
obqa,obqa_c130ffe01f55aeb261f3,0,1,14-805
obqa,obqa_f08c76f2e318d3f7c809,1,1,10-74
obqa,obqa_51afbf44ecbe882d96c2,2,1,10-82
obqa,obqa_c232d741aefcc7c2de01,3,1,204
obqa,obqa_c633a9a0da8a6a24dd4f,4,1,12-822
obqa,obqa_f04c89c0bb5bc3084b4a,0,1,11-187
obqa,obqa_2f93fb7b65bb49518a11,1,1,12-712
obqa,obqa_83b9cb194388dc9eeba8,2,1,11-25
obqa,obqa_87868d689be9bbf8bd39,3,1,14-711
obqa,obqa_3d0ff305ae516fe14c9c,4,1,1885
obqa,obqa_eeaab53d0089869c2e1a,0,1,10-1108
obqa,obqa_a17ffe53aa5d807f4b62,1,1,12-697
obqa,obqa_f359d137f6ba765ddfd1,2,1,10-824
obqa,obqa_48f7085964bf18398d03,3,1,13-697
obqa,obqa_e0609f0a84a4a5b53b7e,4,1,14-659
obqa,obqa_07119bc98e7f9f353e11,0,1,14-212
obqa,obqa_7109beb2df8bb590525a,1,1,12-188
obqa,obqa_366515a19c24f99108dc,2,1,14-821
obqa,obqa_6951cb62c50fc1be5648,3,1,9-616
obqa,obqa_0793745875f1a75cab8e,4,1,7-883
obqa,obqa_5f5c9c4be3b5d116f9c3,0,1,14-826
obqa,obqa_6fb3476e5de5c88dd2d5,1,1,12-865
obqa,obqa_a2aae44f7ee0d3a777e6,2,1,9-848
obqa,obqa_82316699166c1b8a5ea2,3,1,14-1492
obqa,obqa_595fee9b8e4b5f9c73fd,4,1,12-537
obqa,obqa_7b184e2ab2cefa3a1025,0,1,11-682
obqa,obqa_9bcb4a418448cd8d7bb5,1,1,10-734
obqa,obqa_61539941f70e2b47125d,2,1,12-701
obqa,obqa_a46aac3e0b3ef39d0850,3,1,13-387
obqa,obqa_1a58ec6dd62e85771ae8,4,1,10-868
obqa,obqa_425a375edecff51faa06,0,1,12-748
obqa,obqa_735d13751692ea3bd045,1,1,741
obqa,obqa_2b8faa54a3af96f4335a,2,1,14-324
obqa,obqa_5d4e1edf9ba1006385d9,3,1,10-1115
obqa,obqa_b6a2ec7e904b02ab5220,4,1,14-625
obqa,obqa_44e0dd817d2ec45e24f7,0,1,14-72
obqa,obqa_16a9ed1dfeca17eb8193,1,1,9-309
obqa,obqa_b3d4255c356d8b6651b1,2,1,14-571
obqa,obqa_ea49e8aad9f8daa5c484,3,1,9-733
obqa,obqa_ece1904893b732c18c7a,4,1,13-988
obqa,obqa_f87b5eb0672618fa261f,0,1,14-825
obqa,obqa_1ff412f48a95246c2a4b,1,1,14-980
obqa,obqa_e844862607d0b40f7bda,2,1,12-476
obqa,obqa_084c8790b5806e3eb3e0,3,1,9-403
obqa,obqa_ae9f57e75e9e0d2a3944,4,1,11-571
obqa,obqa_7fb1a12d8912a30f00c4,0,1,12-641
obqa,obqa_31475c1f6654f91d2d77,1,1,12-227
obqa,obqa_4dbdc931fa2b9d8d96a1,2,1,12-896
obqa,obqa_3e4e38de049c3c352e15,3,1,12-12
obqa,obqa_c8615af335aaeda85c5f,4,1,76
obqa,obqa_efeada334a56e3d7cbd7,0,1,9-28
obqa,obqa_4cbff05cb6a86e2d2603,1,1,10-20
obqa,obqa_36dda9babcb8ecc4c984,2,1,168
obqa,obqa_05bb64989070e866f04c,3,1,11-385
obqa,obqa_4c2d6fedf03ed745bc94,4,1,11-623
obqa,obqa_0277056e50ce4ae421d7,0,1,11-627
obqa,obqa_76f330448b3a39df80e0,1,1,10-237
obqa,obqa_e34f3e7383eb81381a10,2,1,10-304
obqa,obqa_205cb14f08e424a3fc4e,3,1,1228
obqa,obqa_a2fd2a036a7240c29f73,4,1,12-346
obqa,obqa_9650e31c78a7a0b14817,0,1,7-1168
obqa,obqa_ac57093e293d23bd34bb,1,1,10-667
obqa,obqa_781bb307364e3d5e2f1f,2,1,9-102
obqa,obqa_8ff752480d21e0488aec,3,1,14-1045
obqa,obqa_09aa20bfc88ca233e8a7,4,1,13-163
obqa,obqa_2c7d207d38e3a58ab5e2,0,1,12-991
obqa,obqa_11dcd6110f6f72436293,1,1,9-307
obqa,obqa_156219c58507fad67aeb,2,1,10-652
obqa,obqa_4e5ee817534aabd6fe16,3,1,13-833
obqa,obqa_8838f83279174d1cb138,4,1,12-464
obqa,obqa_41030df78edee0b97956,0,1,14-876
obqa,obqa_0779b45fdd316c5da403,1,1,10-126
obqa,obqa_dc9dd2966f07a067ee37,2,1,8-95
obqa,obqa_9e845ef46b36759a5ec6,3,1,11-29
obqa,obqa_c353b0843f6ddc6a48f4,4,1,334
obqa,obqa_65feeb3904fca1732c90,0,1,14-1407
obqa,obqa_ae0f21712b31de686166,1,1,12-603
obqa,obqa_a4f533be30ef0ed0f714,2,1,14-140
obqa,obqa_4220d9bc37b69565057e,3,1,13-807
obqa,obqa_0a8a3180d53cc2840cc8,4,1,9-512
obqa,obqa_7c7dc0bbb3eaa5ea960d,0,1,14-1457
obqa,obqa_0b8de1d9a4819253d830,1,1,9-770
obqa,obqa_081c3f0d56fc3ab22fbb,2,1,14-184
obqa,obqa_46e7272afb14404bd48d,3,1,13-814
obqa,obqa_94443d39581937ff2afe,4,1,8-40
obqa,obqa_03f3bae6b27927e26c74,0,1,11-405
obqa,obqa_72829b9ea8a597721b00,1,1,12-876
obqa,obqa_2715993f12411dfd872f,2,1,11-107
obqa,obqa_fb6d191a10231ee24efc,3,1,13-825
obqa,obqa_5bac8808a0ba981ee123,4,1,10-238
obqa,obqa_206f5ba701f497223a32,0,1,12-742
obqa,obqa_82f04ac3c2a1e7c9629a,1,1,9-451
obqa,obqa_cee711b6f6be00526e9f,2,1,9-373
obqa,obqa_b59eee0bf79cddc4a3d9,3,1,12-382
obqa,obqa_a8618d0bb8faa17a987c,4,1,9-1095
obqa,obqa_1144a2e0b3c6766632fb,0,1,13-751
obqa,obqa_a361db09b2b874ac2f70,1,1,7-76
obqa,obqa_6a5f7fb8a945911e7685,2,1,14-1257
obqa,obqa_535bc110c5bfa6b6a19a,3,1,11-509
obqa,obqa_6993be52f95c4bfa4d5a,4,1,11-248
obqa,obqa_d4f5afb28a372110e118,0,1,118
obqa,obqa_7b0a42ae4218ee389a87,1,1,14-1440
obqa,obqa_5de5880510e9b3f1cb20,2,1,10-139
obqa,obqa_e28b154a2c1c5b8f98be,3,1,12-1033
obqa,obqa_5e7c46a1b7c4616f9106,4,1,14-568
obqa,obqa_b0fe15a29ceed0f73bb9,0,1,1575
obqa,obqa_93103eb81ec7cab2a24f,1,1,14-382
obqa,obqa_0575b0cfc758ca936f40,2,1,12-142
obqa,obqa_f4072c09ed0398de26c4,3,1,12-1096
obqa,obqa_c82f95aff9e0029b0f10,4,1,14-951
obqa,obqa_b6d87414f820c08768c5,0,1,9-885
obqa,obqa_3c7da913972967e1e6fd,1,1,14-925
obqa,obqa_7820af11f67da16a4fcc,2,1,14-151
obqa,obqa_e0b76a52374a41a990ec,3,1,13-904
obqa,obqa_2d38107456eacb9952c0,4,1,13-796
obqa,obqa_4f49b9732a2939ddb1da,0,1,10-342
obqa,obqa_7542c99f24eb6b61a0ea,1,1,14-1025
obqa,obqa_af1724d10695ae6760f6,2,1,12-394
obqa,obqa_be2e975d464b4fbe3bf3,3,1,13-519
obqa,obqa_083861182b31dd16cd34,4,1,11-100
obqa,obqa_b68920f02f4984ab709f,0,1,12-935
obqa,obqa_aad54f0d84a236dc0c89,1,1,9-442
obqa,obqa_0f30fb900318c705f680,2,1,11-383
obqa,obqa_7231ef476b5573e3e717,3,1,7-167
obqa,obqa_08dea237cbdbdbad0761,4,1,9-601
obqa,obqa_e15cde41b438297e0794,0,1,12-1168
obqa,obqa_9da6564a7225a666e58f,1,1,8-145
obqa,obqa_2d36c96cb084c91ee64e,2,1,9-827
obqa,obqa_69c6eadf60f63463213d,3,1,14-1241
obqa,obqa_a99787e034238f7c0364,4,1,10-382
obqa,obqa_93e515e8cfefa8a54792,0,1,12-638
obqa,obqa_51e25db9115c20781e2f,1,1,11-308
obqa,obqa_b18b69354eaacfd6f3e8,2,1,14-47
obqa,obqa_d6d0b79dbbeead87e0d7,3,1,14-952
obqa,obqa_388cc24f19fbc3e370f8,4,1,14-540
obqa,obqa_c2a32a794a602d6fa7b1,0,1,11-144
obqa,obqa_e174ae13919ef57b13c4,1,1,13-403
obqa,obqa_6f245446f46bbae9461c,2,1,13-683
obqa,obqa_ad416a4fe94c3a641dfb,3,1,10-322
obqa,obqa_527b20c119ad570e0625,4,1,12-160
obqa,obqa_2723699cf2344009916b,0,1,13-27
obqa,obqa_1734dde1912a05e0d4a0,1,1,14-664
obqa,obqa_68c40f934133075af6e0,2,1,579
obqa,obqa_7417a6b29cbe6239d162,3,1,14-178
obqa,obqa_ad2c2dd27492d7738979,4,1,11-662
obqa,obqa_4dc11dea43eec4262c9c,0,1,14-891
obqa,obqa_9393b668f6b0f0079924,1,1,12-629
obqa,obqa_345bfab661315edb37b6,2,1,10-26
obqa,obqa_5f85a297a9009916d4ba,3,1,11-109
obqa,obqa_e7e405783a2878a3b7a3,4,1,11-47
obqa,obqa_ae33e68288116ecabf18,0,1,12-898
obqa,obqa_a83a55490288735963ef,1,1,9-608
obqa,obqa_91238fa232babad5d779,2,1,7-584
obqa,obqa_79dfc82bb6dda6753992,3,1,1873
obqa,obqa_58cbeb9800d6e3e93f83,4,1,12-212
obqa,obqa_f43f1dadeded789566a3,0,1,13-529
obqa,obqa_da536d41b8ac5a65dcad,1,1,14-620
obqa,obqa_13067e81e9dd686540c5,2,1,14-308
obqa,obqa_1c50dd5d9a481a265ee5,3,1,1489
obqa,obqa_35cd816084f8ce61980c,4,1,14-965
obqa,obqa_0204313c552165087668,0,1,9-516
obqa,obqa_7e8c82a6c721d964d63c,1,1,12-180
obqa,obqa_fd7a848d33c54fb4c768,2,1,10-435
obqa,obqa_70ec6240124cb8817276,3,1,13-453
obqa,obqa_2b80da537c5ece4b0717,4,1,9-997
obqa,obqa_42402591360fb61995c8,0,1,13-967
obqa,obqa_c2d5263f2c02fc6c3195,1,1,9-780
obqa,obqa_fb3a5ff8b18ce742d002,2,1,14-1276
obqa,obqa_c5872b4022bc4f4cdbdd,3,1,10-896
obqa,obqa_24c57634dc6f6beea92f,4,1,11-88
obqa,obqa_259392a43da9a61c4902,0,1,9-864
obqa,obqa_5138ca9ca72c9175fa38,1,1,10-657
obqa,obqa_dc5b70586eef83b924ef,2,1,10-439
obqa,obqa_6da812626c0527b35cee,3,1,12-667
obqa,obqa_53ad93bc118c39cf874b,4,1,12-124
obqa,obqa_4bb38777f0b83222e380,0,1,13-253
obqa,obqa_eee67744a08ecae008ce,1,1,8-87
obqa,obqa_cd8ad5af62c91c6ee8d8,2,1,7-812
obqa,obqa_85ecb8498e772f2ed7cc,3,1,10-1004
obqa,obqa_e912b072ab9a763e8fa5,4,1,608
obqa,obqa_f15e1ccb593b0a42d94e,0,1,13-985
obqa,obqa_1ccb25a0eca88403e46b,1,1,9-174
obqa,obqa_c8adbfbd99ebd2a5b47f,2,1,14-695
obqa,obqa_b43ce783edb90e92180f,3,1,7-1190
obqa,obqa_299124e81e7afa5f6679,4,1,13-360
obqa,obqa_84a8789382174d0634de,0,1,10-36
obqa,obqa_06e1f07c358c7594fd0f,1,1,14-153
obqa,obqa_4c240e0e95db06101b60,2,1,12-530
obqa,obqa_4771d7bc99f623add2f1,3,1,14-15
obqa,obqa_a3342f313a751f90be53,4,1,10-1050
obqa,obqa_74190cae186bad384a1c,0,1,12-890
obqa,obqa_01bbabde8b62cc52b5a6,1,1,14-995
obqa,obqa_42de81938d79045e72f5,2,1,10-577
obqa,obqa_9a281faa14d89f797e96,3,1,1427
obqa,obqa_ec4a6e8b9cb13f6e1588,4,1,7-1073
obqa,obqa_556117e5bbb60de32566,0,1,8-232
obqa,obqa_311be8b1566cbe80da34,1,1,10-1096
obqa,obqa_09770464beefef1f1f6c,2,1,13-382
obqa,obqa_17e65ea582b0c6d4ffad,3,1,12-1039
obqa,obqa_dda20071125f491c7007,4,1,9-243
obqa,obqa_10dcd213bd30f68cd52c,0,1,11-697
obqa,obqa_307e6dfd788fb30dbf3a,1,1,13-357
obqa,obqa_6833bec863fc7b278d5a,2,1,8-285
obqa,obqa_973dc48a9dac77a17c92,3,1,13-75
obqa,obqa_ff9e1cf403cefdecd9f0,4,1,14-1322
obqa,obqa_be3c7b1443672aa95f32,0,1,10-221
obqa,obqa_cf5dddfe34cf124f134f,1,1,10-644
obqa,obqa_59ccdb7d17d18dc14ac3,2,1,9-36
obqa,obqa_7ec65516b9e26b38d4cb,3,1,13-326
obqa,obqa_64d13e74c0dc5ce0e0fb,4,1,14-139
obqa,obqa_0dd13073279339e109d1,0,1,13-281
obqa,obqa_8ce4fab95810fa7af2d0,1,1,10-1064
obqa,obqa_71b33c79d14d0d891aac,2,1,1034
obqa,obqa_7e318b7cf0e20817bc58,3,1,8-415
obqa,obqa_c0d812d2e8c461983925,4,1,172
obqa,obqa_019ebc0af39b234840c1,0,1,12-1101
obqa,obqa_c819f12b581250b32a82,1,1,246
obqa,obqa_6e696f5370f92dd6461b,2,1,14-1302
obqa,obqa_3f444b2b9f88b20af157,3,1,11-89
obqa,obqa_e72b79f15ecb36a11d4a,4,1,14-892
obqa,obqa_a87c91c4c4ac4b3a94f1,0,1,10-981
obqa,obqa_3e20e32999f4e57609e5,1,1,1082
obqa,obqa_17ecadc2df33a2a53326,2,1,7-138
obqa,obqa_5fecc62aafc43c92ab77,3,1,13-486
obqa,obqa_d8f55b853d4c52f6fa2a,4,1,12-918
obqa,obqa_1c66553234100685f6bf,0,1,14-1421
obqa,obqa_732d97d5c0b99deba0b8,1,1,10-822
obqa,obqa_d18ac0ed1295450331a6,2,1,12-114
obqa,obqa_416916d4e31e4a686afb,3,1,14-86
obqa,obqa_1a84616d836a05f96932,4,1,14-1336
obqa,obqa_1759186203c873233c15,0,1,923
obqa,obqa_7cb2fdf431e597d70182,1,1,12-600
obqa,obqa_897b9da69f93d58c62a0,2,1,14-848
obqa,obqa_4713b1c25fe68c341e7e,3,1,13-251
obqa,obqa_51a730f5ce5597a29fc7,4,1,11-229
obqa,obqa_cf864be8190eb2f51762,0,1,10-989
obqa,obqa_7171696c66c933910ccd,1,1,10-1129
obqa,obqa_bcfb9f816e83feb4f5c4,2,1,12-821
obqa,obqa_0569cf3b6054c82c84dd,3,1,14-1355
obqa,obqa_3d72f7db6c20a917228d,4,1,14-196
obqa,obqa_5961f796bc558e797ef6,0,1,14-232
obqa,obqa_48993ace2db5b37c0281,1,1,11-456
obqa,obqa_1ea617e5050077089171,2,1,12-658
obqa,obqa_ce841f39ce7f99fa9a06,3,1,9-173
obqa,obqa_11190530fb7d0d5bd39b,4,1,14-480
obqa,obqa_de2c9666d50822a96f95,0,1,12-238
obqa,obqa_cd020daf220032ce09eb,1,1,9-262
obqa,obqa_75b59a7a32b60eb02ce0,2,1,14-692
obqa,obqa_5cbdcdc9680a5f153407,3,1,10-392
obqa,obqa_af666e3a49764d52fdf0,4,1,12-937
obqa,obqa_871b8f1684ced89b6005,0,1,12-672
obqa,obqa_c2f20585b92fc0909386,1,1,11-124
obqa,obqa_616a100bf0102df898a9,2,1,10-794
obqa,obqa_462ec33e9223fa035133,3,1,13-341
obqa,obqa_23adbfae7a57b610aa84,4,1,10-534
obqa,obqa_7c703b98cec78b517955,0,1,14-1188
obqa,obqa_892e5ed9a660e0ffd5eb,1,1,7-701
obqa,obqa_586f7ba3f43394581b24,2,1,14-452
obqa,obqa_36e8616fb97b4026147f,3,1,7-248
obqa,obqa_6c57ed4372ff51145df7,4,1,11-553
obqa,obqa_1c7690213ed7dc536286,0,1,11-97
obqa,obqa_5e0f53ec6fc1ba62e6f5,1,1,10-747
obqa,obqa_94e650fa49f41098fc0c,2,1,12-1074
obqa,obqa_e6781b1e2ddad007910a,3,1,12-686
obqa,obqa_b022f8e7becb95379a79,4,1,14-1252
obqa,obqa_6c744baf071d08bea3f9,0,1,13-934
obqa,obqa_e969857bfeeeae10da1f,1,1,9-231
obqa,obqa_1923799c71b60fc0cd37,2,1,10-462
obqa,obqa_5f5e9c45f64cb81b4ca0,3,1,13-750
obqa,obqa_4c54a7576f5f21b75696,4,1,8-300
obqa,obqa_69081232af7ff60129ef,0,1,13-858
obqa,obqa_ce1582cb9a63d20b2e72,1,1,12-724
obqa,obqa_929fc108752d8f00ac34,2,1,9-269
obqa,obqa_8e7838807d93167c17bb,3,1,10-193
obqa,obqa_eec248d9cf074faa698e,4,1,595
obqa,obqa_708c17da15dfa7f8cf9c,0,1,10-268
obqa,obqa_a4710b5228e3daf5a720,1,1,9-1041
obqa,obqa_427ac1ca5175a7317f29,2,1,9-319
obqa,obqa_97dff6f47f5cfadcb581,3,1,10-647
obqa,obqa_9332c979012085471a03,4,1,10-153
obqa,obqa_7324d7f4a98a73f5e638,0,1,9-976
obqa,obqa_13ce32972965b9148123,1,1,9-406
obqa,obqa_3d29977ba40b0048a3ca,2,1,14-405
obqa,obqa_43a0ca3325b88ec0522f,3,1,10-204
obqa,obqa_6ce1e8b8964deba17d31,4,1,9-412
obqa,obqa_7f84a508bfe2a83e4a44,0,1,13-957
obqa,obqa_4764f0db61a8d641a51d,1,1,12-548
obqa,obqa_ac3a22771e676aad1709,2,1,12-1162
obqa,obqa_09beb4c85d4cc0f2ea78,3,1,13-937
obqa,obqa_4713e6cfd4135c8a2c6b,4,1,14-999
obqa,obqa_3eaa973a90f4e8495044,0,1,852
obqa,obqa_a48f9dabd5eeddd8ad43,1,1,11-72
obqa,obqa_4babf9e9e0fc69fcaf2e,2,1,12-762
obqa,obqa_93a20e7c5989c42d940a,3,1,13-705
obqa,obqa_29c94306b8740470b6be,4,1,14-1134
obqa,obqa_71346ad76200e1121f77,0,1,9-496
obqa,obqa_1f0e381b93fdf2e282f9,1,1,10-549
obqa,obqa_feb9632ec95ac4d3d960,2,1,14-188
obqa,obqa_cb7d0bd82e20099a8e18,3,1,12-487
obqa,obqa_a726563914ae1e960fcd,4,1,7-749
obqa,obqa_cbd1871a821d67fdcbd0,0,1,1952
obqa,obqa_c3f18f6dc397a17b29d8,1,1,10-349
obqa,obqa_bb39fc61de01b2b41661,2,1,13-515
obqa,obqa_946b7a105d9dfee0f987,3,1,11-632
obqa,obqa_ae4a5d85b14342d9669f,4,1,9-1157
obqa,obqa_4389db5d7fb65cab7a0f,0,1,8-42
obqa,obqa_85e3d86345d15c186a12,1,1,13-971
obqa,obqa_d9b9f405d69bf084b8db,2,1,8-82
obqa,obqa_4f5952d702e4bab0f725,3,1,12-18
obqa,obqa_4f9ce953a11000a18d0b,4,1,14-581
obqa,obqa_42a3f26cda4e95cc3a8c,0,1,10-615
obqa,obqa_ff048d26cfc8dce6298c,1,1,11-557
obqa,obqa_f552f4f2a925cc5d370d,2,1,14-37
obqa,obqa_8d9210cd115b7b35693b,3,1,11-577
obqa,obqa_a67d84e601132e689b9d,4,1,13-1037
obqa,obqa_b0fb9b1c3c5c2fe2ce8f,0,1,7-460
obqa,obqa_4bfa94f1905f6b3f939a,1,1,8-242
obqa,obqa_bcc33ac9835c997307d2,2,1,9-443
obqa,obqa_b5647c8d5d3ee6783ed1,3,1,13-261
obqa,obqa_7735f66c5f04376e98d0,4,1,11-53
obqa,obqa_e1ce856d8dcf6dd26f92,0,1,14-643
obqa,obqa_2889e0a89c51c3d7d07c,1,1,14-714
obqa,obqa_727b7b0f9893106fc776,2,1,14-920
obqa,obqa_1af7e0d412560a56dffe,3,1,12-317
obqa,obqa_d7fd74db6ed13de7ded0,4,1,14-828
obqa,obqa_3a5a2aac104cbdd588bd,0,1,8-278
obqa,obqa_cf646f49e3046ce50618,1,1,13-583
obqa,obqa_20271e6995126c5590a9,2,1,12-698
obqa,obqa_07bae45f291f92af90c3,3,1,12-853
obqa,obqa_16b84559a653fcd09645,4,1,12-1125
obqa,obqa_d3c9bbc7e408fb5335c9,0,1,13-108
obqa,obqa_3e7e32bfc115e3a68af1,1,1,10-1125
obqa,obqa_c461b8e84e45e6338f09,2,1,10-1166
obqa,obqa_2c041b0d81c767327ffb,3,1,12-1068
obqa,obqa_088909493d6586fccddb,4,1,8-360
obqa,obqa_5f0aedc784a508d99450,0,1,1397
obqa,obqa_6f919a3b7d0758f6fb6a,1,1,14-736
obqa,obqa_0c94c66f62ebbe4138a7,2,1,9-445
obqa,obqa_dc889529c1622e979a6b,3,1,11-115
obqa,obqa_504a376ae5b73140e0f2,4,1,10-934
obqa,obqa_7ce3c334ddc53160e738,0,1,14-259
obqa,obqa_1ee8df9143353c87b040,1,1,10-608
obqa,obqa_fe7a7acff17edee9b29d,2,1,13-1002
obqa,obqa_3d9e049a3210783ff7e8,3,1,10-1061
obqa,obqa_f1abac01557234821ece,4,1,10-519
obqa,obqa_7815fc508036461435dd,0,1,11-450
obqa,obqa_864a6354d2661464144a,1,1,12-47
obqa,obqa_59f443c405c3b5ee3732,2,1,14-1107
obqa,obqa_89e93ee0a8363b8f2946,3,1,13-901
obqa,obqa_952e14bc0938f495576a,4,1,1989
obqa,obqa_191d610570a492e324c5,0,1,12-588
obqa,obqa_750ea1abf72499a7871b,1,1,13-37
obqa,obqa_9c6b0cdfcf4b57fcfc08,2,1,11-130
obqa,obqa_5085e1842564f23f7ae4,3,1,11-469
obqa,obqa_dc3b55fb6a725348bf32,4,1,13-304
obqa,obqa_486f10a7939b8cbc445d,0,1,14-255
obqa,obqa_75544b168549f6f63254,1,1,10-1114
obqa,obqa_63aca465b54e98d73d4a,2,1,13-305
obqa,obqa_bdbedffdb08f78184cdd,3,1,10-1178
obqa,obqa_4d6813dca23ac2450316,4,1,12-190
obqa,obqa_2e2f313e701e7e87fdb3,0,1,11-698
obqa,obqa_ff23b326f73a099b705b,1,1,10-177
obqa,obqa_7565655aee4e581f65df,2,1,11-528
obqa,obqa_83835567a4a8bd794be5,3,1,11-288
obqa,obqa_c83d5eb5d96887517dbc,4,1,10-27
obqa,obqa_06646272c0eba3903ca3,0,1,13-936
obqa,obqa_4580cebee56efee51884,1,1,1950
obqa,obqa_57972d5479aeb13a9000,2,1,9-1187
obqa,obqa_a6234a6b15a1dcff5b89,3,1,9-121
obqa,obqa_df84da1d15e32e22f442,4,1,7-774
obqa,obqa_f90b603c09af8677a946,0,1,12-932
obqa,obqa_95bc07556599a68a67a6,1,1,14-1511
obqa,obqa_005b8e0b2ac96f6a1d1b,2,1,8-44
obqa,obqa_4f379cd7f92252344313,3,1,7-778
obqa,obqa_2f1eab4929cd67ba726e,4,1,13-579
obqa,obqa_931c93d8cc7d65329844,0,1,13-432
obqa,obqa_4d6d357329705eef64a6,1,1,11-630
obqa,obqa_553086a3b65e75dac785,2,1,10-432
obqa,obqa_2c8c26365610ff47ca33,3,1,14-1499
obqa,obqa_95bb1a3e685cc287e6ff,4,1,11-241
obqa,obqa_cb9ad860ad5ee6169bf7,0,1,14-700
obqa,obqa_55a4112503f4a17775e9,1,1,14-964
obqa,obqa_0e4ac802de2e33df8da1,2,1,11-610
obqa,obqa_92f7a8738283eaeddb0c,3,1,12-904
obqa,obqa_b06e3b04224594d81509,4,1,10-355
obqa,obqa_a9bce1999798089a3568,0,1,10-305
obqa,obqa_a9f24587b936e763df2d,1,1,9-417
obqa,obqa_4958e317c77b1c865928,2,1,13-303
obqa,obqa_1aab14776788926b6fe8,3,1,11-562
obqa,obqa_93d3069be4189a369466,4,1,7-1136
obqa,obqa_4c547043040cafaf9566,0,1,10-710
obqa,obqa_2cc8c27efaf185eca970,1,1,12-1164
obqa,obqa_461f5cb9ea52b2ed4150,2,1,14-1119
obqa,obqa_0ddf13ceb44a5e7cbd3e,3,1,10-678
obqa,obqa_021ea21393605bd1384c,4,1,10-1219
obqa,obqa_ae28e340fbf86812fd34,0,1,12-455
obqa,obqa_af754889cfda0db1b934,1,1,812
obqa,obqa_a1c10ca2fdaacb7472fe,2,1,10-1121
obqa,obqa_fe7b0fb9c8672a3534ee,3,1,10-446
obqa,obqa_1ae99403efd4b7e4ccea,4,1,14-431
obqa,obqa_936ccb6da15f66a560e4,0,1,13-630
obqa,obqa_3fc1c3b49aaa80c6a80b,1,1,10-475
obqa,obqa_7aa5850152b529e7f55c,2,1,9-715
obqa,obqa_129915a6c2daf0e7de79,3,1,12-1184
obqa,obqa_752b1851b12282e05fbd,4,1,14-1367
obqa,obqa_ac29a283b8f09e4230fe,0,1,10-418
obqa,obqa_2d79a655656a9c2942ff,1,1,14-407
obqa,obqa_faf17b8170382508ef9f,2,1,10-152
obqa,obqa_d3a35b2d5917b56fc631,3,1,11-544
obqa,obqa_d038e430a7af33b77415,4,1,11-148
obqa,obqa_3573561849353df44d77,0,1,12-257
obqa,obqa_8c9b69a37823dd62d833,1,1,14-873
obqa,obqa_67792ee4f89a00286bbe,2,1,10-606
obqa,obqa_60340ceb632361984a3d,3,1,13-782
obqa,obqa_8c51c48ae814c249a6ed,4,1,9-388
obqa,obqa_3877a9065ed55ca008d9,0,1,10-66
obqa,obqa_e82dec6b7d643f9d1448,1,1,14-1146
obqa,obqa_b10f8dd149f5e0601033,2,1,8-319
obqa,obqa_c21e701b43186ea31ec1,3,1,10-509
obqa,obqa_6e8ea6eb13e23a604b21,4,1,14-636
obqa,obqa_f40681c42bbc60e6237d,0,1,9-382
obqa,obqa_49265b2bf7363cadadb3,1,1,14-1298
obqa,obqa_4617f78fe5b398521aab,2,1,12-803
obqa,obqa_34c204b3d527da09adc4,3,1,475
obqa,obqa_e47c33fc9c1b60e27e83,4,1,10-849
obqa,obqa_6960039197c33ed20ba6,0,1,12-408
obqa,obqa_9c0d62b6211d1c41c8a1,1,1,14-1220
obqa,obqa_baeffc63415552e38d9b,2,1,12-344
obqa,obqa_22955bdc6e9658995a21,3,1,13-393
obqa,obqa_563ff5f7ac3f2b2bd02f,4,1,14-1024
obqa,obqa_72690e662c60421844ab,0,1,11-476
obqa,obqa_b6360c8f67a024dfca55,1,1,11-52
obqa,obqa_90f05ad4f463a4324026,2,1,14-1174
obqa,obqa_306672c211bb59d61f54,3,1,12-91
obqa,obqa_4c2a81be0de4df1ab12c,4,1,13-362
obqa,obqa_f11817ea1f98c41a87e3,0,1,12-642
obqa,obqa_93f4ca93f45d58b46eb8,1,1,13-84
obqa,obqa_ba61fc31df085ee18cdd,2,1,12-1149
obqa,obqa_ba1e379777c432d142da,3,1,14-25
obqa,obqa_ee5e796c3b96466a5fa0,4,1,9-209
obqa,obqa_ee1260fa6cd25bdb850d,0,1,9-828
obqa,obqa_6734aaedf72e143e836c,1,1,14-277
obqa,obqa_55dae0a6d6ac332fcc6a,2,1,9-404
obqa,obqa_803c032b39183f04dc8c,3,1,12-945
obqa,obqa_d4d2534209d469391c66,4,1,13-894
obqa,obqa_430e4934bcfd394137ba,0,1,14-960
obqa,obqa_39ccd79fc5c4f8d9be1d,1,1,10-1220
obqa,obqa_8387dea5c933553c0a28,2,1,10-548
obqa,obqa_266f197b6a22a238d23a,3,1,11-510
obqa,obqa_f8cac47c98662174f9e0,4,1,11-540
obqa,obqa_4779eae211336190a7bd,0,1,13-8
obqa,obqa_5b7ff267c69cce06dc21,1,1,14-203
obqa,obqa_0f07009eeb1085e54a13,2,1,12-207
obqa,obqa_1278a1a72792f99f0a49,3,1,10-791
obqa,obqa_2ac02feb3749e840676d,4,1,7-192
obqa,obqa_f0fc4af2f4f9767c70ee,0,1,10-86
obqa,obqa_1717af96f13bb4862978,1,1,10-277
obqa,obqa_9c0952bc01110e429473,2,1,13-228
obqa,obqa_96dd73effef69a8b8c60,3,1,12-1059
obqa,obqa_5b17f170dea4ccedddea,4,1,13-567
obqa,obqa_2bc210a068f51a791ab0,0,1,14-701
obqa,obqa_ee2cce0301ebf5ea7556,1,1,12-415
obqa,obqa_1d05d006103057276745,2,1,14-498
obqa,obqa_9bd94932e743c4abca91,3,1,14-615
obqa,obqa_d774bbb9b025a64b0fef,4,1,14-1372
obqa,obqa_ec05ec787ca6452a4b1c,0,1,10-297
obqa,obqa_8697b1ef6b92df890cb6,1,1,7-982
obqa,obqa_3430cb1c5c05b88cdcc3,2,1,11-225
obqa,obqa_a45098ca078249a4f3cd,3,1,12-67
obqa,obqa_a8ab7807ffdbde8e3fbd,4,1,11-445
obqa,obqa_90874b6626df6afc2aa7,0,1,13-875
obqa,obqa_5548b98bcda08caf5843,1,1,10-1139
obqa,obqa_434723fcfb8d790d48ef,2,1,9-762
obqa,obqa_a724461778072e8fbf8a,3,1,14-972
obqa,obqa_bee5632c5f05384d095d,4,1,12-370
obqa,obqa_620b1ce8413335047340,0,1,9-136
obqa,obqa_2d99cd9b6a9902479737,1,1,10-1212
obqa,obqa_bdb1a4e9be0880679256,2,1,14-120
obqa,obqa_35e812401d57fa49366d,3,1,7-872
obqa,obqa_f19a538a82dc99710ad6,4,1,11-142
obqa,obqa_44a0fc1b97a04117f121,0,1,7-165
obqa,obqa_7e8da70bf5b3327d5602,1,1,14-49
obqa,obqa_42ad6ae280339ca55196,2,1,14-987
obqa,obqa_accd98ecabe7251669db,3,1,12-109
obqa,obqa_2fb154e0b679ee05a038,4,1,12-303
obqa,obqa_25bb60483ef81035a5c3,0,1,7-1193
obqa,obqa_d13c25690117c80d63c1,1,1,14-1016
obqa,obqa_a991fe7d1e29fa156591,2,1,7-24
obqa,obqa_1b15fcb5eb16d55a6b16,3,1,11-545
obqa,obqa_d88f2e6acfd6258e4489,4,1,9-170
obqa,obqa_1a6189c18d2b8be324b0,0,1,10-1140
obqa,obqa_0b95ee9e79ff9812f332,1,1,7-149
obqa,obqa_de63844af989127b55a1,2,1,12-1022
obqa,obqa_c5945c03dba64f3fe0db,3,1,888
obqa,obqa_71b92941970fec4cf2a1,4,1,14-836
obqa,obqa_dcdc4195589589b2d252,0,1,12-219
obqa,obqa_2f0b607a05bb6485ecac,1,1,11-688
obqa,obqa_53cdc59da7020f95b967,2,1,9-951
obqa,obqa_4f56ff7e24bdfc7fb765,3,1,12-934
obqa,obqa_3a1a26dfdc28359e8579,4,1,370
obqa,obqa_978de276d977220f10ff,0,1,14-1505
obqa,obqa_5efcf632b3af905f9548,1,1,12-1093
obqa,obqa_da251bf870b18711dd32,2,1,13-839
obqa,obqa_4360c12209f10da78e83,3,1,11-720
obqa,obqa_2194a4c431e30876f96e,4,1,13-797
obqa,obqa_6ccaf95895dac64f3cca,0,1,10-156
obqa,obqa_051b7ffa2c8494022927,1,1,14-541
obqa,obqa_f613071467fe9e4f78e6,2,1,12-1118
obqa,obqa_a282d5c15cf313aae8b1,3,1,13-930
obqa,obqa_f3b906d9287b8344edd6,4,1,10-505
obqa,obqa_84b631a18c1f407cfa75,0,1,12-623
obqa,obqa_733bb29dae561d11e496,1,1,10-611
obqa,obqa_9470309d978d1c1bd954,2,1,14-198
obqa,obqa_d765fd355e089a3dc7c2,3,1,13-221
obqa,obqa_2c2c558e75d5e5976b1b,4,1,384
obqa,obqa_aa431d1219dde4d5af0d,0,1,10-550
obqa,obqa_58db74479b5d062bff74,1,1,14-767
obqa,obqa_9948623dd7cff98623e5,2,1,12-696
obqa,obqa_358a7b00fe8a1d21a452,3,1,9-857
obqa,obqa_5f0fc88ce82b5702b998,4,1,14-55
obqa,obqa_3a78b35f4138eaf67d04,0,1,14-929
obqa,obqa_441dceabfcd16e589087,1,1,7-588
obqa,obqa_19b360d5b18e1f2966fa,2,1,1254
obqa,obqa_1f5f89e8d7b00df2e759,3,1,1826
obqa,obqa_aacf48e7ebad77df43f2,4,1,7-145
obqa,obqa_d1c0e27a92acb2fea273,0,1,10-772
obqa,obqa_21cc88b62bb9042d995f,1,1,10-1175
obqa,obqa_a8877ced2d7d4cd3e046,2,1,10-825
obqa,obqa_e1d228a84c24788ee3d6,3,1,14-204
obqa,obqa_132b3d5b5e6442b3f2a7,4,1,14-1151
obqa,obqa_b220eb473d949cbdfc4f,0,1,8-208
obqa,obqa_611888da9b42590d677b,1,1,7-530
obqa,obqa_899d7db5dc3cc0814033,2,1,9-632
obqa,obqa_e3da66ef24ce4b2ab55d,3,1,571
obqa,obqa_429e4ce778ac9a1fec52,4,1,13-577
obqa,obqa_8fd0a9756b1bd1cee280,0,1,9-572
obqa,obqa_6ee062148f9438061255,1,1,14-682
obqa,obqa_7f33b29d6ae459878751,2,1,12-448
obqa,obqa_b78841f39bce516a2301,3,1,12-297
obqa,obqa_c049eb2e45e7e646f97d,4,1,10-1042
obqa,obqa_d8ec34eb1ee5b21de3a6,0,1,14-1469
obqa,obqa_1d4adcfc4ee98f657a97,1,1,14-866
obqa,obqa_10a4a59a53648a319465,2,1,12-203
obqa,obqa_b4df64bb1bad01041150,3,1,13-628
obqa,obqa_25f0bbeb558c335ca597,4,1,10-552
obqa,obqa_e7193ca21cb23833726a,0,1,7-835
obqa,obqa_d8a2a1c4258bfc83de17,1,1,12-117
obqa,obqa_1f513925992d4425e83b,2,1,12-769
obqa,obqa_cb438a3bf2e2ac42bf5a,3,1,14-346
obqa,obqa_e5a1ab883c4055ea5bf2,4,1,11-339
obqa,obqa_9e33e10699fe45b9e85d,0,1,12-1050
obqa,obqa_c9639e6d8dc7c7ceefaf,1,1,7-889
obqa,obqa_4d6aac4ce0f8ed790b83,2,1,1284
obqa,obqa_69c28f462a7383ddc42a,3,1,13-517
obqa,obqa_beddd7e568a9577df46b,4,1,12-705
obqa,obqa_60d7ce025e15a394e429,0,1,8-117
obqa,obqa_3a84173fe9f988c8b839,1,1,7-842
obqa,obqa_6e033209398a75b3b01f,2,1,13-1043
obqa,obqa_172916ae1f06b8ca6119,3,1,14-1414
obqa,obqa_38eca4712fb6f1872c11,4,1,9-98
obqa,obqa_3f1ab5f290db6deb8f71,0,1,11-673
obqa,obqa_135a5609f741dcc97eca,1,1,13-79
obqa,obqa_36c5f61bede4f0f953cb,2,1,13-25
obqa,obqa_b0f884a914701dc24673,3,1,10-893
obqa,obqa_72d4a0d9291de3cce57f,4,1,13-822
obqa,obqa_2bf523c59119909ca21a,0,1,12-752
obqa,obqa_c3cc7029a01dadd5e3a0,1,1,14-1304
obqa,obqa_2a9c4c284ae7c129a771,2,1,9-178
obqa,obqa_57fe67ec515456aa53ab,3,1,14-552
obqa,obqa_132fae2bd9a2da749405,4,1,10-1033
obqa,obqa_da6eb7d8ec24a5eb41a1,0,1,9-97
obqa,obqa_9ca28450985e56a92867,1,1,1867
obqa,obqa_1fa7e56d0e3558fff12d,2,1,9-613
obqa,obqa_b2d674b19998be1a9e87,3,1,7-733
obqa,obqa_556da65cc0db3d35f641,4,1,13-754
obqa,obqa_6d274be553fa4d0c5326,0,1,13-798
obqa,obqa_f24b43eeffefcbf13b69,1,1,12-1031
obqa,obqa_d9082cec3bc7ce5a412a,2,1,13-260
obqa,obqa_cf52781d92e6b7b5af36,3,1,14-1265
obqa,obqa_9a92f198aa8157647d54,4,1,9-200
obqa,obqa_7533f1af3c032efa483c,0,1,9-725
obqa,obqa_0ef0796409b581cb81dd,1,1,14-577
obqa,obqa_94fdf43d9dce780c7a9c,2,1,10-636
obqa,obqa_65be00436b5089cb982c,3,1,14-674
obqa,obqa_c9b168b01e8a2912a70f,4,1,14-384
obqa,obqa_3a9ef352fe23c01b6ded,0,1,12-80
obqa,obqa_901effc71c26cf5d99a1,1,1,12-1001
obqa,obqa_db8b6b9ff75925cb12bd,2,1,7-466
obqa,obqa_c570482ed8a443f7f05a,3,1,9-761
obqa,obqa_10059c0543ec955ce87e,4,1,12-874
obqa,obqa_56876ca44143d2dc5b13,0,1,14-6
obqa,obqa_894932498d0a1c5d42bc,1,1,14-611
obqa,obqa_fe69d5942631442c101b,2,1,13-698
obqa,obqa_9b595a58514868e84748,3,1,13-247
obqa,obqa_f66c05c376503c9ebbb3,4,1,11-298
obqa,obqa_04b757617709a06c067a,0,1,10-138
obqa,obqa_340b136a93623f2634a0,1,1,791
obqa,obqa_23c01cfc8a15bae75bf7,2,1,13-130
obqa,obqa_20b4710fa5c56364022f,3,1,12-744
obqa,obqa_ef04be485a17959dc53f,4,1,10-302
obqa,obqa_9af72e1066baa144bb04,0,1,9-914
obqa,obqa_c85953cc1e51d56a02db,1,1,12-1138
obqa,obqa_f8b5c012f7b7a2cab63b,2,1,9-1113
obqa,obqa_b33e44543c19028710f4,3,1,12-814
obqa,obqa_5b195f4200e4b53a4da0,4,1,13-773
obqa,obqa_50a3e2ab3c75ce6ac803,0,1,12-503
obqa,obqa_1f68d029316f0c6139f1,1,1,14-389
obqa,obqa_277b4b57dabcead0669e,2,1,10-350
obqa,obqa_5a8c91df4f35a97351ac,3,1,1364
obqa,obqa_93468af9f33d0ba9b076,4,1,7-16
obqa,obqa_b061d091c9a8202b3cf3,0,1,1768
obqa,obqa_2126cc82b50b4c0a8831,1,1,7-1093
obqa,obqa_4717bf6f537fb70eeee4,2,1,13-340
obqa,obqa_85c188665c4f2e783b52,3,1,14-724
obqa,obqa_f3dbcc49d4c601757375,4,1,11-718
obqa,obqa_a0872f152fcdce917704,0,1,14-10
obqa,obqa_47e1bb53b30f71eb5658,1,1,11-8
obqa,obqa_cfac622709c8d22e85a3,2,1,10-131
obqa,obqa_5f0e171c99d887725314,3,1,12-210
obqa,obqa_ebb4d911501d8618c0a9,4,1,11-293
obqa,obqa_1d38dd598823c9ec8882,0,1,10-910
obqa,obqa_88cd589c33707dcbcc13,1,1,1443
obqa,obqa_d3c939d325ece178641d,2,1,1155
obqa,obqa_785dc622ae3616c7da57,3,1,12-501
obqa,obqa_b4a1afdfa45c33d2b612,4,1,11-93
obqa,obqa_95359834b5846e238864,0,1,7-313
obqa,obqa_f4889ae6052dac189b96,1,1,13-947
obqa,obqa_e1c81c676796f80af65e,2,1,9-126
obqa,obqa_deedf7ee66c2a1faca1f,3,1,10-159
obqa,obqa_1fedd5c1704e1ba8a108,4,1,12-437
obqa,obqa_94405c548aa5a4d048ce,0,1,267
obqa,obqa_88c22fce0435c8a0c036,1,1,14-1424
obqa,obqa_45a07f1989434fdce70e,2,1,9-1051
obqa,obqa_41f41a58b577ff81a67e,3,1,14-1202
obqa,obqa_24da31060a44220d7e69,4,1,14-152
obqa,obqa_28542c884d4f4f6e25c2,0,1,11-137
obqa,obqa_8e2a3351db11dc138cf0,1,1,12-405
obqa,obqa_7318a95cddab8e8e2cc9,2,1,10-922
obqa,obqa_916aaa15b871e8d54e1e,3,1,13-454
obqa,obqa_af97284ee235811a8a8c,4,1,11-278
obqa,obqa_ae1e966fd54c97b6bcf1,0,1,10-379
obqa,obqa_d3291afb33e85bb93b7a,1,1,13-311
obqa,obqa_def055a27e6760cef0e5,2,1,10-624
obqa,obqa_1d77571893547d860f29,3,1,13-787
obqa,obqa_8ed5d248b1eec4065022,4,1,12-732
obqa,obqa_7f12509c6cc160d81f70,0,1,11-729
obqa,obqa_2cdf84e4f47d7a0188a4,1,1,14-1347
obqa,obqa_5a02b839e7d67ac518ef,2,1,7-423
obqa,obqa_9aedd3b661848c2123ce,3,1,14-771
obqa,obqa_6ddb2f3ac691846f0ebd,4,1,11-315
obqa,obqa_33c8af13c66dfbf576b2,0,1,13-61
obqa,obqa_afc92572c181db1cf96f,1,1,12-259
obqa,obqa_3ec532f85cbd24ad907c,2,1,12-388
obqa,obqa_f2acc06ecd17c7051948,3,1,14-905
obqa,obqa_349df4605682ec9a2644,4,1,13-146
obqa,obqa_ba2ed87c07454ebe1af3,0,1,10-541
obqa,obqa_4baac1a1b6c981f067d1,1,1,9-180
obqa,obqa_c02db0e042c87382c83d,2,1,10-393
obqa,obqa_8555550a72f697538dc8,3,1,12-887
obqa,obqa_a9de09a396b8b665dee8,4,1,7-752
obqa,obqa_e84ac3bab203c21f127e,0,1,13-555
obqa,obqa_17f38b21eed5e8df02a9,1,1,14-97
obqa,obqa_31533a0c2f43f720732e,2,1,10-236
obqa,obqa_402513971d33ab2cd8e9,3,1,10-590
obqa,obqa_78ff99b799eea3e78871,4,1,12-562
obqa,obqa_e5b11ac14938af88105c,0,1,357
obqa,obqa_3e61eecff21a633b28ec,1,1,13-126
obqa,obqa_2f94a3e718326eb74d80,2,1,14-702
obqa,obqa_4e4d3393d680f83f0dd4,3,1,12-457
obqa,obqa_499ab47f1b77cc3504ee,4,1,13-559
obqa,obqa_021bcef1a6a8f47c2d4f,0,1,12-237
obqa,obqa_d9c7a3caa86ad73ded5a,1,1,14-273
obqa,obqa_1668b4c284b401e8306a,2,1,12-101
obqa,obqa_bebc3d58dbecd4d5f796,3,1,12-98
obqa,obqa_a8ee275d15c316edf1dc,4,1,12-1104
obqa,obqa_21115ff56823e1cd1027,0,1,100
obqa,obqa_b78b5e246f43a94d3d61,1,1,11-691
obqa,obqa_dcfbe13e0eab94d9741d,2,1,7-714
obqa,obqa_f1ea2a6be03bb5a7c862,3,1,12-356
obqa,obqa_979d8ab0d57e21d3b89b,4,1,9-232
obqa,obqa_4645634d9c9f2767e78d,0,1,10-37
obqa,obqa_5f7c95c79c7e4f15438c,1,1,12-323
obqa,obqa_8cb56ff8a22cdc574dd7,2,1,13-614
obqa,obqa_5b4f0f43849956001f79,3,1,12-1145
obqa,obqa_c7e1f1bfa6c767726e32,4,1,12-253
obqa,obqa_1f1d274b59f2dc47ce9f,0,1,7-261
obqa,obqa_c59e7eec3f9952a0e9e7,1,1,10-1205
obqa,obqa_2845792c7d09229d1083,2,1,10-844
obqa,obqa_25bd35469958cf7f5d4c,3,1,11-426
obqa,obqa_4ea633608c287120011c,4,1,8-413
obqa,obqa_06c9cc7bab4f791e2916,0,1,13-842
obqa,obqa_bf2e00a55e4ad620e3b7,1,1,12-951
obqa,obqa_3fb3c198016998d1a61e,2,1,7-507
obqa,obqa_b1cfc07ee4f5ef5a24f2,3,1,14-355
obqa,obqa_df87ef51aa635679ce26,4,1,10-560
obqa,obqa_265f08e62efc0f7dd961,0,1,14-534
obqa,obqa_0ff5892c1b829398e001,1,1,12-1111
obqa,obqa_77685d03bb39aeec6c29,2,1,13-445
obqa,obqa_c63f43ab95192a6330ef,3,1,8-436
obqa,obqa_0d7c7aeb73e7a97697df,4,1,13-430
obqa,obqa_8720b9386035071047a7,0,1,11-395
obqa,obqa_3b24fea36ba32062213c,1,1,7-1183
obqa,obqa_c1862423f23f63366e04,2,1,12-186
obqa,obqa_6201bee830b989442ada,3,1,13-63
obqa,obqa_8e04c93b0892e5d74e25,4,1,8-432
obqa,obqa_063dc2ee6f48b77ce317,0,1,7-560
obqa,obqa_02952d898636a9270642,1,1,13-986
obqa,obqa_18a9454161c1bade88a7,2,1,10-141
obqa,obqa_547c79c0f28ccfeec9d3,3,1,13-949
obqa,obqa_6d1249e993579d53daf6,4,1,14-1510
obqa,obqa_349ac261cb41f891e862,0,1,13-1026
obqa,obqa_761066053681bf424298,1,1,9-963
obqa,obqa_a6246569df35cfe70280,2,1,14-1118
obqa,obqa_7b158729656c86a34834,3,1,13-268
obqa,obqa_c591391f393c58c918f6,4,1,12-1135
obqa,obqa_31494bdd5dd110e2f534,0,1,1895
obqa,obqa_90e489a72c2512a2d948,1,1,13-594
obqa,obqa_5921dcb43f498891199f,2,1,12-622
obqa,obqa_38b831fc5c08faf7e183,3,1,1962
obqa,obqa_39383f560059b6a82461,4,1,14-1293
obqa,obqa_319647be975e82df397b,0,1,14-749
obqa,obqa_2a9f89bc6500beba3a91,1,1,9-650
obqa,obqa_d946e98146e120e935da,2,1,14-1152
obqa,obqa_f7fc4e0dfeb3628a9798,3,1,13-1022
obqa,obqa_47153751e9624982ef79,4,1,12-804
obqa,obqa_7cc53033746436be4f52,0,1,9-1072
obqa,obqa_d4b20b2e56ddf223bf70,1,1,7-418
obqa,obqa_65b1244ef24e55fa251d,2,1,14-21
obqa,obqa_a31d5cf449346a689606,3,1,12-73
obqa,obqa_0ff56391111e7378c24c,4,1,12-1053
obqa,obqa_3ee700bcf295054f49cf,0,1,773
obqa,obqa_29cb639b8ff40967beaa,1,1,11-576
obqa,obqa_469a3b8edc37b7367327,2,1,10-557
obqa,obqa_fd894605e78617f2218c,3,1,14-827
obqa,obqa_d566371126f5603950f0,4,1,12-89
obqa,obqa_892c868e3e9ee3dea074,0,1,9-33
obqa,obqa_aa3de9dc7e140e86b5a3,1,1,9-954
obqa,obqa_6a2c00cfab16c58e17f7,2,1,13-891
obqa,obqa_ebb3af0d59049cc989af,3,1,1770
obqa,obqa_3407239a6490972a25e3,4,1,7-1079
obqa,obqa_40d3d0c480a57df2a7bf,0,1,10-65
obqa,obqa_57a63943f73b18faeedd,1,1,7-743
obqa,obqa_5c3775afacd1d28fce53,2,1,10-925
obqa,obqa_d8478de84b7abd712a0e,3,1,14-176
obqa,obqa_f9f2501571b384e2071e,4,1,13-841
obqa,obqa_bf5351152a22e717e896,0,1,9-492
obqa,obqa_0f8169da389b34a4dd6e,1,1,10-817
obqa,obqa_d9d5c756b155d22cd130,2,1,8-320
obqa,obqa_21a8820a5fb0bbe82c97,3,1,12-962
obqa,obqa_05386ab13fd7247edde6,4,1,564
obqa,obqa_4bf64d23b49ce34081c1,0,1,1433
obqa,obqa_13eec0cf24af05d2c662,1,1,12-640
obqa,obqa_0bcafdc4e9d004fabcc0,2,1,9-541
obqa,obqa_106998deec245eebc364,3,1,14-377
obqa,obqa_cf734383cb778263ef23,4,1,11-734
obqa,obqa_0a6d3556278fc6759f22,0,1,13-241
obqa,obqa_c8a14e8042240551c7d7,1,1,13-207
obqa,obqa_a77d02ad0f7e61dfa419,2,1,13-65
obqa,obqa_bba6d717a1856f6110a2,3,1,13-575
obqa,obqa_15218523e9ced2b67cc8,4,1,12-223
obqa,obqa_6de4455cac89f686e304,0,1,1435
obqa,obqa_26a03db6ca8759da79da,1,1,10-501
obqa,obqa_86a8e6429773e2f7df63,2,1,11-590
obqa,obqa_477a98860a0fb1daa9f9,3,1,10-566
obqa,obqa_7413ee2b8879561c7889,4,1,10-438
obqa,obqa_0243572bc2a7d447f6c6,0,1,14-1357
obqa,obqa_eea687d53a97db1d24e3,1,1,11-609
obqa,obqa_8de5d241eb40e6a1766b,2,1,7-190
obqa,obqa_fe76b772ebb6b32bda6d,3,1,7-1083
obqa,obqa_68132dc561e40559abd2,4,1,14-1356
obqa,obqa_2bfc582107ddc05f9337,0,1,9-69
obqa,obqa_c3c83e28811ea77d5e6b,1,1,10-1122
obqa,obqa_69c0954a7cdd28c64144,2,1,593
obqa,obqa_ac99614f3ce26a5725b5,3,1,9-723
obqa,obqa_a439924c3d27747aff1f,4,1,10-622
obqa,obqa_299e3709ac342a762c4b,0,1,1579
obqa,obqa_04faa73d958185f14f15,1,1,13-921
obqa,obqa_779095eab349912e8204,2,1,12-293
obqa,obqa_3f773b6569754ebb13f2,3,1,11-421
obqa,obqa_9c54a098bd890fc25f1b,4,1,13-1028
obqa,obqa_6fcf436e2a9a2dcb0996,0,1,7-312
obqa,obqa_5812ae9fde572a159e61,1,1,9-353
obqa,obqa_14d080981ecec7f7cf14,2,1,13-176
obqa,obqa_e55c62eb260c27de8c3e,3,1,10-1221
obqa,obqa_ef460828e9c6652482b4,4,1,13-275
obqa,obqa_ce328f90b713faba0d5c,0,1,13-412
obqa,obqa_b6fcba4fe06f3b292437,1,1,14-687
obqa,obqa_8a37e57e21cb3f57f20c,2,1,12-586
obqa,obqa_4006e6947e3be4845653,3,1,12-169
obqa,obqa_dd7e07c6beb3b27c1593,4,1,14-44
obqa,obqa_e8174d5d43d743b36629,0,1,10-685
obqa,obqa_d6e8edf2379cf93c0329,1,1,7-721
obqa,obqa_2f79bd795b84087b1257,2,1,10-311
obqa,obqa_b0594e325122075d56cc,3,1,14-955
obqa,obqa_7bfd809537d20db07146,4,1,14-926
obqa,obqa_ac6365b5c19c8da92f21,0,1,8-159
obqa,obqa_eaf45943c5d3d7b2dfcb,1,1,10-906
obqa,obqa_5478ed45eadb998326a1,2,1,13-296
obqa,obqa_565de41a0e22e585a4dd,3,1,12-1141
obqa,obqa_f8a25f2939edd0b94ca5,4,1,8-187
obqa,obqa_fa952fb2521ccf16162b,0,1,11-327
obqa,obqa_b4952ee5c2ef96fbfb9f,1,1,10-1176
obqa,obqa_2132cee74a4e0907fdac,2,1,148
obqa,obqa_b6178a5c669ace8c5791,3,1,13-377
obqa,obqa_5563a8bb530b38bea0b1,4,1,890
obqa,obqa_5cd2269b91664fdbb572,0,1,12-999
obqa,obqa_b3affd679a510efc1e9a,1,1,14-644
obqa,obqa_e763bb2a4ac1b74d342d,2,1,13-982
obqa,obqa_17c3714798eb78d49110,3,1,10-719
obqa,obqa_58c1adacf2f09b842520,4,1,13-716
obqa,obqa_e060ad5cdff1efe94397,0,1,10-573
obqa,obqa_c9fae61624ba7d2882d8,1,1,13-206
obqa,obqa_241abfc36f86c1ff93f5,2,1,12-1167
obqa,obqa_03fb802726c2c4ed59e9,3,1,7-475
obqa,obqa_f86ee392d9335c2a2b0e,4,1,11-574
obqa,obqa_fc58aaa31fde75e4be56,0,1,11-213
obqa,obqa_b7ee1114779c672994b8,1,1,13-764
obqa,obqa_df92be85053c3e9226ff,2,1,14-1366
obqa,obqa_ba7c5ad0bbae01ba74ed,3,1,12-1058
obqa,obqa_bccace7961d0ec89f5c6,4,1,10-258
obqa,obqa_6ec385001f8e0541f037,0,1,7-826
obqa,obqa_55ff8c44720a3cdcec9a,1,1,10-645
obqa,obqa_f74e8f68c66516b7c9eb,2,1,482
obqa,obqa_4d5ca9e05dad9a747f81,3,1,7-122
obqa,obqa_7e978e54e7bd4bf76ba9,4,1,12-334
obqa,obqa_e1df6680c9866eebb6fd,0,1,10-840
obqa,obqa_46e25aad74745ea8d9b2,1,1,12-15
obqa,obqa_4c85536e1a00bef74e09,2,1,14-573
obqa,obqa_1514a2449b432f4e21e8,3,1,10-1136
obqa,obqa_00b6591f412afe4ebf17,4,1,13-94
obqa,obqa_b4a59779ce641af6ba2c,0,1,12-285
obqa,obqa_4f0a5ed2cfd75b260fea,1,1,684
obqa,obqa_bc7528eb5731a2524114,2,1,9-1148
obqa,obqa_8214f5961f6c6bbe8201,3,1,10-692
obqa,obqa_58b07cb9db16640e63d1,4,1,14-699
obqa,obqa_b337e95555a6d3d39ef5,0,1,11-433
obqa,obqa_3be9512bf0364b86eda5,1,1,9-467
obqa,obqa_677aaf339b90439165fb,2,1,10-190
obqa,obqa_dc715a56aff46ccb3649,3,1,274
obqa,obqa_e24ef5dc17ec3e2497fb,4,1,14-270
obqa,obqa_d009b5069897ec566c49,0,1,10-544
obqa,obqa_8aed1b4c625a025a25d9,1,1,10-172
obqa,obqa_443864ed73a1cbf4b1db,2,1,14-858
obqa,obqa_8989781d5cc867aa1dda,3,1,12-619
obqa,obqa_944d425329acd42f475e,4,1,396
obqa,obqa_11c03ed310744ea30ccc,0,1,14-1012
obqa,obqa_96ab248bc565fc577d73,1,1,10-1100
obqa,obqa_d88b2c4ada3e08547dd1,2,1,10-984
obqa,obqa_d0dd1df57e78c0eead72,3,1,12-987
obqa,obqa_531ca7ec5ea09bde9f79,4,1,13-352
obqa,obqa_7e78f9520d89b71e02e0,0,1,7-1115
obqa,obqa_40c7c4aaf70a60985700,1,1,9-1107
obqa,obqa_cebffff448649671bb68,2,1,11-331
obqa,obqa_a6d06c9bed7d7dd87b07,3,1,13-40
obqa,obqa_df9f3b439a7aebeeb743,4,1,9-546
obqa,obqa_36c85265950e6225e580,0,1,7-42
obqa,obqa_ec33b308056df17a42b0,1,1,13-843
obqa,obqa_52aa344f9cf84b716ebd,2,1,781
obqa,obqa_f745a94cf5751ba76bfa,3,1,14-718
obqa,obqa_5d3c5c237fed8e35f2c5,4,1,14-101
obqa,obqa_c5c881793afd96b6ea86,0,1,10-282
obqa,obqa_6f699828f42093f4eb25,1,1,1058
obqa,obqa_7e56825bd29b1b3ba449,2,1,14-1369
obqa,obqa_1112dfbd1cd2ce3697c0,3,1,9-355
obqa,obqa_bd6495556ddd456def56,4,1,12-665
obqa,obqa_a682f1b8b6bca7e68341,0,1,9-48
obqa,obqa_ba3229ad5fd3932782c3,1,1,13-795
obqa,obqa_f44201bcd44abbbf2853,2,1,14-763
obqa,obqa_c12397f804e013198b87,3,1,12-1044
obqa,obqa_a26eeb0a60a71ba5e81a,4,1,9-208
obqa,obqa_7cf78400fb333374c011,0,1,9-195
obqa,obqa_1e23d30ef8fa12ecd9f1,1,1,14-803
obqa,obqa_e1efa20638b2efb33e1c,2,1,13-789
obqa,obqa_2f86ab3311d31cc8b012,3,1,12-967
obqa,obqa_469d708bfe22143c20b3,4,1,12-400
obqa,obqa_c690f9bf243c2d7d822d,0,1,10-11
obqa,obqa_edfd0519f59a2b3268ab,1,1,13-186
obqa,obqa_8b098399208c9834c6a0,2,1,12-493
obqa,obqa_204d68315cb93d444fe6,3,1,13-700
obqa,obqa_9c9937994eaf21f7bf9b,4,1,9-773
obqa,obqa_17801f4719a6239596f7,0,1,10-120
obqa,obqa_3fc89613d17b9bf3d41c,1,1,14-815
obqa,obqa_df72d33eb0cff6200d16,2,1,1102
obqa,obqa_e18bf28594a2be9b56ce,3,1,8-219
obqa,obqa_f7efdc78e0d5ffce6880,4,1,14-1418
obqa,obqa_8aed6c1151b2da556e11,0,1,11-276
obqa,obqa_f45b4f0f1b63cf694e5f,1,1,7-748
obqa,obqa_fc471a0c00b8d4612eed,2,1,822
obqa,obqa_32da5241d92c8fcdbc90,3,1,7-56
obqa,obqa_78edd8285d0a4613af1f,4,1,14-90
obqa,obqa_97e819cac7b10ed44e87,0,1,11-420
obqa,obqa_193f351d090a20b57916,1,1,10-664
obqa,obqa_1d3f3a50890e30a215ed,2,1,12-392
obqa,obqa_c06c365717e7ae90730c,3,1,12-381
obqa,obqa_e1aa1a255d8f39551b58,4,1,8-243
obqa,obqa_983332c97ccd4d824496,0,1,9-1070
obqa,obqa_6cab34c50b2b55ceb424,1,1,11-446
obqa,obqa_44dfd4f0e77264c5594f,2,1,9-1158
obqa,obqa_7ed61f264a7fb72c6ea2,3,1,11-400
obqa,obqa_31df4de26607b3abcd52,4,1,10-514
obqa,obqa_7d02d901a99365131eeb,0,1,12-14
obqa,obqa_ad819f1f7f9c9d41ba85,1,1,11-125
obqa,obqa_fd5da354599e5e7a02d6,2,1,8-200
obqa,obqa_c658e82be0632790f814,3,1,8-245
obqa,obqa_b173ec580ae990cedd46,4,1,7-21
obqa,obqa_d4c0b14b277d55d6aa7a,0,1,1383
obqa,obqa_9c20c0019ea7a6593c77,1,1,13-500
obqa,obqa_1c9e8c7d243dbda3eee3,2,1,13-151
obqa,obqa_e96974b37222bf60bd27,3,1,110
obqa,obqa_88aebd839d033c96fa70,4,1,14-220
obqa,obqa_9bd42ff8353761b45082,0,1,12-432
obqa,obqa_f3aff9e62c978f784d65,1,1,7-1126
obqa,obqa_35399b9591aff1111aab,2,1,9-87
obqa,obqa_956a5405b1574ebfa7d5,3,1,12-296
obqa,obqa_82d2f00fe9d1c0d9dfbe,4,1,9-829
obqa,obqa_d16f0284e7b47508e8d5,0,1,11-195
obqa,obqa_805ec9fc62de4513a994,1,1,9-333
obqa,obqa_db4b94eda6679df6a08b,2,1,13-1035
obqa,obqa_fa3161f8676c8e5f1926,3,1,12-775
obqa,obqa_260b98f83ce8afadee79,4,1,14-1460
obqa,obqa_b74181d9dfd9101e79f4,0,1,10-520
obqa,obqa_3f4fdb7e7caf36c3b729,1,1,14-1235
obqa,obqa_21b06fe6c9b9aa18b7a3,2,1,8-78
obqa,obqa_8832a2903e5cc3175a2d,3,1,10-38
obqa,obqa_886f32957ecae3585489,4,1,13-636
obqa,obqa_8a08ca1528713f0ef579,0,1,12-167
obqa,obqa_9d858683985e08c851e5,1,1,11-336
obqa,obqa_424748c50aa41b609f9e,2,1,10-728
obqa,obqa_7c3aa9f20bc6353223df,3,1,12-690
obqa,obqa_707ca6adb49c35b36f4d,4,1,14-250
obqa,obqa_6997d9cc239437c9066c,0,1,13-580
obqa,obqa_92610381d5ab20b39f17,1,1,10-252
obqa,obqa_25706927f1164b351ecc,2,1,10-137
obqa,obqa_a6637c400d68ce95a9f0,3,1,7-585
obqa,obqa_5a6803c700d91ad9a246,4,1,13-956
obqa,obqa_85d620ba281efaec5493,0,1,13-156
obqa,obqa_93d214d76c12b120d6cf,1,1,10-869
obqa,obqa_a158ed3ebfbfcd79877d,2,1,8-4
obqa,obqa_0c5705ea5c244f11fd6f,3,1,13-398
obqa,obqa_f1c33a493ce6de3bac68,4,1,1573
obqa,obqa_cefe52d127cf459f9e87,0,1,13-966
obqa,obqa_c44d02361687cd096832,1,1,13-662
obqa,obqa_13fbf5986959e0666e3f,2,1,12-1061
obqa,obqa_96d78a30a6f167f05f7b,3,1,13-86
obqa,obqa_4eb474e844ab541815c5,4,1,14-1361
obqa,obqa_42ef2f4281b14dbc9cd3,0,1,13-746
obqa,obqa_b1cca1cbae3b46e0d8ee,1,1,13-880
obqa,obqa_44f62e11a1153d3585d9,2,1,14-760
obqa,obqa_42483ca98a1e1dc6283b,3,1,13-965
obqa,obqa_ba26f5556a1f2ed4fb7f,4,1,11-23
obqa,obqa_f1c4d8003f0148b2a105,0,1,14-990
obqa,obqa_a79ed6904368ea063fa8,1,1,1167
obqa,obqa_109e874e5546f7cf3088,2,1,13-388
obqa,obqa_8bacf029ae75cd3fb7ef,3,1,12-351
obqa,obqa_b63ec9ec2f8569f357ae,4,1,14-1385
obqa,obqa_5ecfad61679b482a5a5b,0,1,10-806
obqa,obqa_688cc2fe47c94cca3557,1,1,10-1040
obqa,obqa_81dd2a996db6e23de9b6,2,1,14-1399
obqa,obqa_8b09a5aa78901612f071,3,1,13-48
obqa,obqa_2f9b8222f19d49084645,4,1,13-12
obqa,obqa_78a3837923df403c72b4,0,1,10-147
obqa,obqa_9e6327bb2911ae42419c,1,1,1176
obqa,obqa_3786f87034ea6b64f58b,2,1,10-578
obqa,obqa_851c27ebab08f9316ea4,3,1,10-900
obqa,obqa_dd243ef4454aaf4afb25,4,1,12-627
obqa,obqa_b8a412686f2c7489db21,0,1,12-294
obqa,obqa_29be1368a7a6519f6d6e,1,1,14-300
obqa,obqa_584b7c02154248e4247b,2,1,12-456
obqa,obqa_10476c0fcafcc1496155,3,1,12-391
obqa,obqa_e6f4c22b80d0eba87bfb,4,1,12-746
obqa,obqa_5bb4adf0607e2d590114,0,1,14-492
obqa,obqa_4ac3dd1416e397b55b67,1,1,10-661
obqa,obqa_6ad4a3a0b70ac8e1b50e,2,1,14-661
obqa,obqa_14dce64c9b8dd079d144,3,1,13-536
obqa,obqa_beee0a58446904e095a2,4,1,13-106
obqa,obqa_32a3b35f1c2572d4c323,0,1,14-1436
obqa,obqa_ffedb171bc99873ea744,1,1,14-1248
obqa,obqa_b31751cdad0f156d93b9,2,1,11-330
obqa,obqa_9257f3be8ca6256a0c8e,3,1,13-249
obqa,obqa_e4e830cf0d1f6c188c89,4,1,9-936
obqa,obqa_74a84a7e5fe5fe1bd7ef,0,1,13-222
obqa,obqa_fc639b0bc1d07dad5cdd,1,1,12-929
obqa,obqa_70d06f5a3086fa4b242f,2,1,14-1201
obqa,obqa_c429cedacd4e49898144,3,1,10-628
obqa,obqa_1fd4c3533c6e8404565f,4,1,10-599
obqa,obqa_b6a450e2793ac3ac418d,0,1,11-472
obqa,obqa_ee5ec1744a6bfd9e8baa,1,1,12-975
obqa,obqa_9ca5cf618fcffe66546e,2,1,10-50
obqa,obqa_a53502d4b12cc232efd4,3,1,12-302
obqa,obqa_59ae58d930ece833632e,4,1,10-1126
obqa,obqa_7c139d50f76a0bd0b80d,0,1,12-472
obqa,obqa_f32e4bf6024bd1ff9084,1,1,10-903
obqa,obqa_718334b7ab89db7ac087,2,1,12-1089
obqa,obqa_4d504b0558392c4e757d,3,1,8-419
obqa,obqa_b23cffd884c6ed272511,4,1,11-11
obqa,obqa_3d452114f251322a1146,0,1,8-294
obqa,obqa_edfc9aba302c6527300d,1,1,11-33
obqa,obqa_a19938940a950e64ebcb,2,1,10-262
obqa,obqa_6855ef1eb55120156a8d,3,1,13-302
obqa,obqa_aae9f3d71e9cec9b34b1,4,1,11-2
obqa,obqa_b1ee28af4fba7ff96e1c,0,1,1827
obqa,obqa_0d1a22bcaead19befc8a,1,1,1846
obqa,obqa_ce9eece3ad4fdc75a4b5,2,1,1757
obqa,obqa_cf52d0ccc177310e6c5e,3,1,12-126
obqa,obqa_cf8bd92915dba58747c5,4,1,14-939
obqa,obqa_ddef57ef6a3cbeb9c394,0,1,1027
obqa,obqa_aba4b95c128aa6a29650,1,1,14-1283
obqa,obqa_ce7493b3220f3844849d,2,1,14-850
obqa,obqa_73e8ca50871b070eff61,3,1,13-861
obqa,obqa_b4b2ab11b63e0dc01f9b,4,1,12-734
obqa,obqa_0192761e9f2e4afe5d7f,0,1,7-836
obqa,obqa_8d0b4cab5fe5377b743a,1,1,14-895
obqa,obqa_2346ae894022079be5a4,2,1,13-723
obqa,obqa_fc2498b1b645eb4a9785,3,1,14-1463
obqa,obqa_777562e25c3c663d31be,4,1,14-93
obqa,obqa_64f87cd104c790320493,0,1,14-183
obqa,obqa_11791a183e76caefe76d,1,1,12-379
obqa,obqa_1b0a1214561f9304ddf1,2,1,12-942
obqa,obqa_fb507bb2fd06e152ef68,3,1,12-825
obqa,obqa_e30c11522e51ce86aac0,4,1,14-819
obqa,obqa_27c764f06f6b6d2594c6,0,1,12-444
obqa,obqa_e73865d0b425dacfce81,1,1,13-101
obqa,obqa_6c2d36cadfccc38dfec3,2,1,13-882
obqa,obqa_9b694d2fe0b52eac2840,3,1,14-1268
obqa,obqa_f8013d26bcf443d8297a,4,1,14-135
obqa,obqa_73c847621f36a7370521,0,1,10-158
obqa,obqa_70943bb8748537518601,1,1,12-33
obqa,obqa_224f8a8361042a3a95f4,2,1,14-24
obqa,obqa_65aba1d991b759943686,3,1,1248
obqa,obqa_c2a8e23d96418e382303,4,1,1217
obqa,obqa_452fa7ddc2999a306519,0,1,10-680
obqa,obqa_6389fc67663dad5dca91,1,1,13-480
obqa,obqa_0060b65f3222cb4ebd5f,2,1,8-267
obqa,obqa_86f1a7f7ed36b9916148,3,1,13-10
obqa,obqa_d626abc51e5ba4e0015e,4,1,768
obqa,obqa_233ef9ed3d67b9862a6a,0,1,12-265
obqa,obqa_68f971fd06eb1cd28b7d,1,1,7-591
obqa,obqa_60c603d6acf1b74cd177,2,1,11-501
obqa,obqa_48cfaffacf65f05b3183,3,1,8-492
obqa,obqa_3a99ea18c5941bb6cf0f,4,1,11-658
obqa,obqa_213e493e9cb432cf1e2e,0,1,7-1084
obqa,obqa_58c150229449dd6722bd,1,1,14-857
obqa,obqa_b8d9c9fc7993595a43b2,2,1,7-408
obqa,obqa_43ef9039a2903a6739e8,3,1,12-616
obqa,obqa_f811b957d8cdaca72678,4,1,13-566
obqa,obqa_e591ac731935efd97930,0,1,14-1430
obqa,obqa_94dea13eede3f863006a,1,1,12-110
obqa,obqa_d886e71574cd24827c1d,2,1,14-1052
obqa,obqa_e9cc46be8a29d37d3315,3,1,13-673
obqa,obqa_5ebf02145783b9e841c3,4,1,8-480
obqa,obqa_f8f1e48ef28254b3c386,0,1,14-1214
obqa,obqa_32b5c1abb9550a163008,1,1,10-736
obqa,obqa_c937d6bb6895f77495a0,2,1,14-1217
obqa,obqa_a759c698aa587898c821,3,1,12-620
obqa,obqa_3398358dc7de177ae23c,4,1,13-931
obqa,obqa_6c009cb102c4de396f5d,0,1,10-898
obqa,obqa_e8b4ec841717f45d3db7,1,1,9-9
obqa,obqa_13216b20009a91d0f203,2,1,7-926
obqa,obqa_8aa5065e2baed0614aca,3,1,13-329
obqa,obqa_991a88c2dab2671ce786,4,1,10-1092
obqa,obqa_b0ae2b32ba2cf1b31045,0,1,12-647
obqa,obqa_ff136de809c788e21168,1,1,12-741
obqa,obqa_3acac17ee28ceab76237,2,1,8-391
obqa,obqa_739e71935356b77bfaa1,3,1,13-1024
obqa,obqa_2a184d3bcc9b482b3c6b,4,1,11-367
obqa,obqa_c93d21d1fba76b21bacf,0,1,12-269
obqa,obqa_bbcf525f2fba82e6b518,1,1,8-210
obqa,obqa_bef6cf690472e5867eda,2,1,10-924
obqa,obqa_c52d981be9ebc3846a59,3,1,12-884
obqa,obqa_a50229d190329ac5f29f,4,1,12-153
obqa,obqa_68ee178adf339bb4b16b,0,1,12-330
obqa,obqa_75eb789c09bcf93943e3,1,1,13-1050
obqa,obqa_489662dd76a2539d1649,2,1,7-340
obqa,obqa_34b341f814a4c02f38ab,3,1,7-189
obqa,obqa_3b21df98e33250d981af,4,1,588
obqa,obqa_13004276c93c034758c3,0,1,10-398
obqa,obqa_13fea5f75e2891cf22b7,1,1,9-968
obqa,obqa_5855e502c6bc7359b54a,2,1,8-388
obqa,obqa_e943f63def5887bf9f50,3,1,12-703
obqa,obqa_2ac621e1a68a18acc89e,4,1,14-751
obqa,obqa_dd46a75ec1cb49a9d264,0,1,9-649
obqa,obqa_9cb1fdfb111a0cebdc1e,1,1,14-74
obqa,obqa_9e7b83b64395ed7cfad2,2,1,10-63
obqa,obqa_1ea428afe65c2160eedf,3,1,9-1142
obqa,obqa_6e87184c7e989459d5cf,4,1,13-615
obqa,obqa_e28775c632e64d213122,0,1,9-1065
obqa,obqa_16a67a4d867aef5cf050,1,1,13-468
obqa,obqa_f6dc59e1a7c6757488e9,2,1,14-950
obqa,obqa_35e841b66b37a9cb40d6,3,1,14-1309
obqa,obqa_e6647f4a3906ec86a1e7,4,1,10-809
obqa,obqa_3e54050ebae7b8812688,0,1,14-166
obqa,obqa_a5a990477e6b28bbf019,1,1,319
obqa,obqa_2db5884cfd34919622c0,2,1,10-267
obqa,obqa_f4d9fc189ce80b8bfd33,3,1,12-687
obqa,obqa_eb800fd8f3c4a34567f3,4,1,14-787
obqa,obqa_fc279090d9da9c5a9425,0,1,12-731
obqa,obqa_cf7dbb79d1041f855cc7,1,1,14-693
obqa,obqa_943768d84ee909bb2cef,2,1,9-639
obqa,obqa_926d6dcda1aaef79ae15,3,1,12-196
obqa,obqa_0196ff7b50cfe8bb0af4,4,1,12-515
obqa,obqa_75c5302cb05e847d6cba,0,1,9-558
obqa,obqa_a29cd970f94e177e554c,1,1,12-483
obqa,obqa_83cc7b2d90cc80f5820a,2,1,656
obqa,obqa_480ee8e471eaaf603f81,3,1,9-1088
obqa,obqa_c87b0f6e3ef21bbb874b,4,1,13-131
obqa,obqa_bb79ac58d2a96816bc9e,0,1,12-147
obqa,obqa_dbfd41fafc4de072af3b,1,1,11-333
obqa,obqa_0f85dc390755b6b31661,2,1,12-71
obqa,obqa_336b3dd8b4836eef6f0d,3,1,12-649
obqa,obqa_b9684f2888a2adfdb60a,4,1,7-784
obqa,obqa_4ff989b8dedab087d519,0,1,11-294
obqa,obqa_65865f223bc4810267d8,1,1,13-1011
obqa,obqa_10af911e777696a6da41,2,1,10-637
obqa,obqa_fa87e08c81dbafbe5d11,3,1,13-26
obqa,obqa_569412e8c8f448c10362,4,1,9-486
obqa,obqa_4fdc778265e6a5a60531,0,1,12-25
obqa,obqa_3b8b574bf1fda7f0f92b,1,1,585
obqa,obqa_7dd62591017853d02eab,2,1,7-1175
obqa,obqa_016cc7c68a110d8d0da0,3,1,10-1090
obqa,obqa_c8066646f0905df331ba,4,1,11-21
obqa,obqa_4fe9dba4ea519ec5aa40,0,1,7-47
obqa,obqa_981dd62953e1bd9945b3,1,1,13-621
obqa,obqa_151693e46342d1e51fa3,2,1,12-1103
obqa,obqa_5f24eca88e236fe9b05c,3,1,13-1044
obqa,obqa_08902ab64afdf5640a9f,4,1,14-114
obqa,obqa_cd205ce427aebbf0ebcb,0,1,13-105
obqa,obqa_cc2fced950be4ce1fdb1,1,1,196
obqa,obqa_cd8b883ac3b913547060,2,1,13-632
obqa,obqa_3530c383dd46016f2965,3,1,12-1080
obqa,obqa_c8d2baf242d4946dce86,4,1,10-653
obqa,obqa_d4af93b54915b0f6b95d,0,1,7-708
obqa,obqa_6aa09869b539c70bc674,1,1,14-578
obqa,obqa_64eb91866181334b019e,2,1,13-449
obqa,obqa_f5e84866478c557857c7,3,1,10-1123
obqa,obqa_6546312e7c42b2210f4b,4,1,14-1234
obqa,obqa_0ee433666f6d31c63358,0,1,8-487
obqa,obqa_8728570e422f9e38d11b,1,1,12-36
obqa,obqa_6c4989319c42a801b75c,2,1,11-307
obqa,obqa_8cf3db00597da694f27f,3,1,9-236
obqa,obqa_79ced2dc37b6c2f57abf,4,1,11-478
obqa,obqa_45d4afb9d486747fe0ca,0,1,13-318
obqa,obqa_6b01f21ebb50301db314,1,1,12-93
obqa,obqa_d7f09e1d85355aef8d71,2,1,12-226
obqa,obqa_e5ae8a1e6a62802c11a6,3,1,14-337
obqa,obqa_efd7f208d6a9fbfae771,4,1,14-1274
obqa,obqa_57d3e6de6d5e30dec248,0,1,10-41
obqa,obqa_a1158d2c9e4185f6ca8a,1,1,7-29
obqa,obqa_8870f822ab016d42feae,2,1,12-767
obqa,obqa_e312b96fd66a197aaafe,3,1,7-729
obqa,obqa_cc23db2c60ce5d20f93d,4,1,14-893
obqa,obqa_eb85029d7841a902a3f3,0,1,10-1107
obqa,obqa_d55eb4641ced2b6234a7,1,1,13-458
obqa,obqa_8b146f402d26f4963109,2,1,12-1182
obqa,obqa_ddf93ad18e62c88f2eec,3,1,12-959
obqa,obqa_3a3999fe27e750c63ba0,4,1,10-521
obqa,obqa_d585786924304a1d1adc,0,1,12-1160
obqa,obqa_f6060db9a14365c8116b,1,1,12-624
obqa,obqa_46f2ee75c9071fc23470,2,1,13-606
obqa,obqa_4962f2388b04f8f9a6cd,3,1,8-254
obqa,obqa_b8887bd146a5e445a8b5,4,1,12-675
obqa,obqa_102f5124a46200fe0385,0,1,11-13
obqa,obqa_58e3e2a5911859cd2d6d,1,1,10-343
obqa,obqa_ac957682d568a392d3fe,2,1,1908
obqa,obqa_05b7de16a456889106de,3,1,12-836
obqa,obqa_43041e956db4e618aead,4,1,12-1036
obqa,obqa_4939461bd8004422d7f5,0,1,205
obqa,obqa_234588eb1e11e6c0216d,1,1,10-579
obqa,obqa_31e8d427ace6b5dd0f2e,2,1,10-404
obqa,obqa_6e71509d63d40680d5d4,3,1,10-575
obqa,obqa_54d298d9456a0054abfb,4,1,7-412
obqa,obqa_c060152adde5fa4b72f8,0,1,14-802
obqa,obqa_0dff0f00e5b643a3f052,1,1,9-497
obqa,obqa_b2abb51c27f2b6b0d221,2,1,8-14
obqa,obqa_c96fa9f1fa74fcb0a7f9,3,1,14-475
obqa,obqa_f231344c7b46ba6f35e2,4,1,13-193
obqa,obqa_f2f9df047b320a7ec337,0,1,12-547
obqa,obqa_ab4c7371f52610b27ad8,1,1,10-1021
obqa,obqa_394bb73d7c074f6ad902,2,1,1412
obqa,obqa_78e537c02a28e1b1f785,3,1,1656
obqa,obqa_cb12f2b6442cb9fd47fe,4,1,12-353
obqa,obqa_808f0ff9c4b2c5c86499,0,1,7-1110
obqa,obqa_8170c798b9bff30c77ce,1,1,12-594
obqa,obqa_3bb91d54435d9a4cac35,2,1,94
obqa,obqa_61aa4cd7f36155a3ff0b,3,1,12-396
obqa,obqa_b6c54d715e5eaff7af9d,4,1,7-632
obqa,obqa_408e2d96f0d9f2fc0691,0,1,13-201
obqa,obqa_704046cbb6b046def9f7,1,1,12-996
obqa,obqa_5e8dfa85f078b2da29eb,2,1,12-551
obqa,obqa_57bf79f58a2b24644e26,3,1,7-890
obqa,obqa_d41bb4c04ef9a0c2897b,4,1,13-547
obqa,obqa_6b1f2e7daae32b6ae0dc,0,1,8-174
obqa,obqa_e56e8ca92453967dcf3f,1,1,10-1003
obqa,obqa_5bc6348d4da4d65a24e3,2,1,7-995
obqa,obqa_0429d9116e9cd5dcbb68,3,1,9-527
obqa,obqa_833d72cf12dd82319faf,4,1,12-467
obqa,obqa_99b05917842a9ada2390,0,1,12-784
obqa,obqa_968b3b9fcc744ff6915c,1,1,14-100
obqa,obqa_b57e7f6da57b0420317c,2,1,10-538
obqa,obqa_eb635bc6056a47127fe8,3,1,8-317
obqa,obqa_931f54663ebb59322633,4,1,10-790
obqa,obqa_bc9dde3a3cb5c0c71529,0,1,9-850
obqa,obqa_468a998821220d0d11fb,1,1,11-500
obqa,obqa_df6b3d5fdd62c981258d,2,1,1879
obqa,obqa_8ac013d146d44e4946f2,3,1,12-692
obqa,obqa_6427c00c64878b22e489,4,1,10-918
obqa,obqa_54149c1f22cb5fe3bac6,0,1,10-720
obqa,obqa_360ada0834c1e80a2df0,1,1,11-163
obqa,obqa_42bef189fadde0a27451,2,1,302
obqa,obqa_60952247c756f9c5744e,3,1,10-946
obqa,obqa_10c2a31325922abc63fe,4,1,14-172
obqa,obqa_2f890cb62f82669a28bd,0,1,14-307
obqa,obqa_8d8a49868322c9c20fdc,1,1,13-693
obqa,obqa_b53dc063a5d69a9fd9b9,2,1,14-1319
obqa,obqa_b18bfa9b854dbf4b55a9,3,1,13-854
obqa,obqa_c03669149078e8ed8002,4,1,9-651
obqa,obqa_01fc19c14cf60f279532,0,1,770
obqa,obqa_05750e311aefe88e76bb,1,1,10-1210
obqa,obqa_0dc3ed9af8f7fae886a4,2,1,13-510
obqa,obqa_e934f27e58db25571a29,3,1,825
obqa,obqa_1969ff0cc51afa07e5cb,4,1,11-612
obqa,obqa_588af2d25cf385cab207,0,1,7-362
obqa,obqa_fb75947712025e343f96,1,1,10-197
obqa,obqa_c489cf25e40bac4bfd4a,2,1,10-744
obqa,obqa_e280f077c828d558a57f,3,1,1014
obqa,obqa_ce8fd769815470bceac5,4,1,8-462
obqa,obqa_4a365064e3ca5c304e19,0,1,7-744
obqa,obqa_56f2c7a661655c27ef72,1,1,12-636
obqa,obqa_5bd49948763fbb29a81a,2,1,13-39
obqa,obqa_cc83cf308c7855c51766,3,1,14-302
obqa,obqa_aef477e7b7619e90d040,4,1,911
obqa,obqa_647f26e8cbbb6585d1bf,0,1,12-634
obqa,obqa_5c56b20e4bfcb12ddca7,1,1,11-41
obqa,obqa_a3b3f56dc5a37408984e,2,1,10-461
obqa,obqa_dcf6dc067382b904139f,3,1,9-1149
obqa,obqa_8a86bee3893a2929c1dc,4,1,12-24
obqa,obqa_f774dd54e2ad091d0c6c,0,1,9-625
obqa,obqa_f77c3d25177b2673957d,1,1,10-321
obqa,obqa_8e3e9fd07f0b85282ab9,2,1,14-360
obqa,obqa_fce5ab3d9139117f303f,3,1,10-122
obqa,obqa_012f7a80022e918b36a8,4,1,12-575
obqa,obqa_8321b165fd9702e3ec17,0,1,12-272
obqa,obqa_fd3896f70c3bac0e643e,1,1,13-959
obqa,obqa_61a04be405e80d79e919,2,1,10-1185
obqa,obqa_0f9af0431f92d2a1a0af,3,1,10-220
obqa,obqa_c986064e1c9c5391a8a0,4,1,12-819
obqa,obqa_3c6326144362181d7531,0,1,7-1137
obqa,obqa_2dea4b1a523456535b57,1,1,12-989
obqa,obqa_8def37e10edb74e11582,2,1,9-184
obqa,obqa_9d355186474858ddeebb,3,1,14-414
obqa,obqa_3998f66202d3014f62fa,4,1,8-313
obqa,obqa_33ea7973b719cf791b95,0,1,10-265
obqa,obqa_f751576fc72a3a214dd2,1,1,7-719
obqa,obqa_edbedd72dfeb8f84fb3f,2,1,13-417
obqa,obqa_2dc94507d5894bc8029e,3,1,14-847
obqa,obqa_4f713eb830ed93cf0889,4,1,1128
obqa,obqa_f2ea3c29341b3a6fdb46,0,1,10-296
obqa,obqa_6ae4fc46bc5e4d33f2eb,1,1,13-427
obqa,obqa_e5981b488b3d53406587,2,1,1944
obqa,obqa_d3d8053db399fc18ae9f,3,1,7-389
obqa,obqa_7f99089b31b6e26ceccd,4,1,10-21
obqa,obqa_4cb84343814fc17b6f52,0,1,14-1292
obqa,obqa_318714d8b326f75876c7,1,1,14-569
obqa,obqa_ec8314ddf1c8ce2abb5c,2,1,12-889
obqa,obqa_59ef44fa6d38042b8b06,3,1,13-777
obqa,obqa_fc25d9af8ff1dd89dae1,4,1,9-946
obqa,obqa_1841dfa04fb03d49122d,0,1,11-483
obqa,obqa_272e615ac8879ff6d599,1,1,13-585
obqa,obqa_fcf1fdc6f986ed69efed,2,1,14-1050
obqa,obqa_a2365963dfe683499db7,3,1,12-566
obqa,obqa_9573e55a77cdf1a67949,4,1,13-96
obqa,obqa_31f216819f9413be7664,0,1,13-370
obqa,obqa_9be69cf13ad4ee4d790e,1,1,11-244
obqa,obqa_2b81c70ddbd8d053e47a,2,1,10-396
obqa,obqa_6a6d3a5a8402b1323c60,3,1,12-335
obqa,obqa_597dd1bf273d39981402,4,1,9-1006
obqa,obqa_e1a1d6dd2bc2600fdb84,0,1,9-274
obqa,obqa_47422a530e436a4a0193,1,1,10-395
obqa,obqa_ab83aad363443e5810bb,2,1,12-1119
obqa,obqa_b9d5ad0b7ceeeae5cac2,3,1,14-1480
obqa,obqa_9b03c3e518c23438b270,4,1,13-623
obqa,obqa_2288349cfcfb4ca5719f,0,1,9-1068
obqa,obqa_190f41b58bd80af296a4,1,1,11-230
obqa,obqa_a7ca0c5918490bf96714,2,1,13-958
obqa,obqa_bfe34ca51fa25f07847f,3,1,14-539
obqa,obqa_b227dec34f0cbb77d7b5,4,1,10-811
obqa,obqa_1555caab54a354aec29d,0,1,1992
obqa,obqa_7fbcc4a21362aca12e23,1,1,10-793
obqa,obqa_e24161c96d670fe0ee9f,2,1,9-129
obqa,obqa_4e4f9c5b50d77563739e,3,1,12-1023
obqa,obqa_3ed8512c00e5dfbd7fba,4,1,1938
obqa,obqa_e62b3b829575d567dc72,0,1,1054
obqa,obqa_be7a2b9066ca3d142855,1,1,12-915
obqa,obqa_6633aa47472d476a856a,2,1,13-192
obqa,obqa_913c06b28d11ef50e3ad,3,1,13-812
obqa,obqa_aca62f367c74ce64d86b,4,1,1646
obqa,obqa_0beb087a5338c08cd676,0,1,12-113
obqa,obqa_e47dc283fc34fb1324e6,1,1,10-975
obqa,obqa_afee624f20769c3eef32,2,1,8-357
obqa,obqa_53116a48228fb9d21a63,3,1,10-480
obqa,obqa_f573414900c9e7d2e375,4,1,12-719
obqa,obqa_a586ac24cf6e926d9e3b,0,1,7-143
obqa,obqa_191dc750b58255cdbd8b,1,1,14-1228
obqa,obqa_34f3ce48dfc72ce976f2,2,1,12-240
obqa,obqa_585fd8285f2705dc73ed,3,1,13-487
obqa,obqa_111a992645f6876a9482,4,1,13-508
obqa,obqa_1495d681d5ff5ce67048,0,1,14-1140
obqa,obqa_8da430e755f736ef84e9,1,1,14-1041
obqa,obqa_b1f419efb2269e4649de,2,1,14-1150
obqa,obqa_1fa64ed969f12b0bb238,3,1,1154
obqa,obqa_69221a437e41f1a994e9,4,1,14-1141
obqa,obqa_97125e2ce705764767bc,0,1,14-312
obqa,obqa_2910b888be51c77b1c98,1,1,10-1052
obqa,obqa_3c648356a6287f68170e,2,1,13-239
obqa,obqa_6171ccadabe0767f868e,3,1,9-1052
obqa,obqa_05404d8363062a52e72e,4,1,161
obqa,obqa_b82c07524e7de892a988,0,1,13-95
obqa,obqa_4f3292f4eba3748b761a,1,1,7-1091
obqa,obqa_c879fd8c53e15d94f80f,2,1,14-1159
obqa,obqa_9a0cacb7ce43298e7526,3,1,11-443
obqa,obqa_5a7bb59ac39aa49c714c,4,1,299
obqa,obqa_9571e0d5f586d4f08b26,0,1,12-947
obqa,obqa_9cf3f02fc24cb535e005,1,1,14-1153
obqa,obqa_9b6bbbcd5e63fbf8e6b1,2,1,10-643
obqa,obqa_b691f326b1c2231cbdd5,3,1,13-941
obqa,obqa_ce7daddce08af8f4e223,4,1,14-323
obqa,obqa_80898a0c356fbf941aea,0,1,11-329
obqa,obqa_2698d8de7ba2de6dc741,1,1,7-856
obqa,obqa_e4390d188e6025198998,2,1,12-786
obqa,obqa_b58687c568723da91b4e,3,1,10-1055
obqa,obqa_6d8fd73a62e9d98d2651,4,1,12-1037
obqa,obqa_4b165d3079f1cd86cd43,0,1,12-779
obqa,obqa_a214bd57c1ed132ce759,1,1,7-499
obqa,obqa_453ea8240116a38f0013,2,1,581
obqa,obqa_6f290fe7c5a277122ae5,3,1,7-348
obqa,obqa_bae2edad9a331b2c2032,4,1,10-564
obqa,obqa_59f367f9a49e258f6fd7,0,1,12-589
obqa,obqa_16403ec983135edf13f0,1,1,11-437
obqa,obqa_33adab6120d4e49ff4c7,2,1,12-797
obqa,obqa_360946c3c4d7e6236159,3,1,12-666
obqa,obqa_1158c7fbdb081e870491,4,1,13-434
obqa,obqa_48ee6f45d64115fa632a,0,1,14-116
obqa,obqa_6eac4747782968746a80,1,1,14-753
obqa,obqa_b81ebe3bb5f4ecbba2b1,2,1,13-482
obqa,obqa_55246a018c15da03adf8,3,1,13-89
obqa,obqa_7c904437acd9e0ff6ac4,4,1,12-597
obqa,obqa_3c6f0a3d4e71b99dee89,0,1,14-1207
obqa,obqa_c0602db235955925e933,1,1,13-250
obqa,obqa_330a59ced1752232cd6e,2,1,13-231
obqa,obqa_197e064ecf5bf14eb19b,3,1,13-885
obqa,obqa_cfab02c4d5e5a14379b1,4,1,10-481
obqa,obqa_43f9e98d004219636e4f,0,1,14-1444
obqa,obqa_cdabdefe728a6eb3b5b8,1,1,11-554
obqa,obqa_43b9a3c26d6df554bb91,2,1,8-472
obqa,obqa_c9e7fa73d9d82ed2769c,3,1,11-360
obqa,obqa_cbccc6a3935c15922682,4,1,11-204
obqa,obqa_eb6830f25af943e2b273,0,1,10-935
obqa,obqa_3a05ac01e79db3255448,1,1,14-266
obqa,obqa_699c5fb76886cdeefedb,2,1,12-354
obqa,obqa_f0a38cbecc578227fd23,3,1,12-442
obqa,obqa_6f5441edbabf3d483515,4,1,10-835
obqa,obqa_7811ca4b1f8f5ecceb94,0,1,10-309
obqa,obqa_b28bc6b5c5d70d15637d,1,1,11-305
obqa,obqa_676f2d59bfcc00d3a7e5,2,1,9-781
obqa,obqa_169a45f89760d76b5942,3,1,12-957
obqa,obqa_0786e3d448a0b9a60ac4,4,1,864
obqa,obqa_4cdb818a2820dfcce8c0,0,1,13-783
obqa,obqa_10a8965d67b7b6fa43db,1,1,10-6
obqa,obqa_59cbf1a30f19900e1f54,2,1,7-274
obqa,obqa_39bb6e6db3c5c8749445,3,1,12-1196
obqa,obqa_73058de87addb941366f,4,1,13-485
obqa,obqa_d1c3745884cabf6c4a78,0,1,10-634
obqa,obqa_88d1cb08f30b6b072f6e,1,1,12-29
obqa,obqa_cd416b281565df8b86f6,2,1,12-747
obqa,obqa_2a021ca9b3bc28def6d9,3,1,14-543
obqa,obqa_23dedf4e15a3c7a22aa2,4,1,12-1114
obqa,obqa_455ffd378b93b4b69ffb,0,1,10-362
obqa,obqa_b167f33ba3985c6e99d6,1,1,7-1027
obqa,obqa_ce786c9c6bb28dabd272,2,1,11-202
obqa,obqa_82b7f62b182bdf8ab8c9,3,1,10-1154
obqa,obqa_9343832eee70b0fa6898,4,1,12-780
obqa,obqa_f3366559ddc7c1ff6b0c,0,1,9-1037
obqa,obqa_36a61d00c474faeb7d1e,1,1,14-887
obqa,obqa_4c02d9245a62d29134f0,2,1,13-494
obqa,obqa_ded0f7f0c643d98b3500,3,1,14-1419
obqa,obqa_25e49552c9d877ab677b,4,1,12-267
obqa,obqa_0a9908d19fecd88d3df2,0,1,11-210
obqa,obqa_53c5948aaa2558242124,1,1,12
obqa,obqa_e398cbc913b70c467694,2,1,12-808
obqa,obqa_460e52cbae9b2dfd3406,3,1,1921
obqa,obqa_c4ab170fb6777dcc5e09,4,1,12-232
obqa,obqa_e6852af171ff3ddfd78a,0,1,14-924
obqa,obqa_3a3be92fa969ed091fec,1,1,14-1175
obqa,obqa_c49aae2cdf790fe5196e,2,1,10-47
obqa,obqa_385820b01753a723f300,3,1,8-421
obqa,obqa_aa21e831f13dc86c3231,4,1,288
obqa,obqa_24fe203931f762bde1b5,0,1,10-271
obqa,obqa_78061b31df3efd5ade84,1,1,11-154
obqa,obqa_b59f9cdb22904678a9df,2,1,14-1402
obqa,obqa_d58957255fce21971130,3,1,11-153
obqa,obqa_80c51d5b85b1631d7046,4,1,14-1332
obqa,obqa_5e1d6e57ed4afde0a5d5,0,1,13-338
obqa,obqa_b65ce2cfc4d1fe5a5c84,1,1,9-156
obqa,obqa_e2109c15379e967ccff9,2,1,12-32
obqa,obqa_a6814d81ce4f15b235fd,3,1,14-1060
obqa,obqa_f146b01a3e8465b133d3,4,1,10-76
obqa,obqa_3ac87878140522f1ed13,0,1,13-590
obqa,obqa_4cb8e054bd0358b0a4b9,1,1,14-438
obqa,obqa_20dcfbf0687070c53fee,2,1,77
obqa,obqa_793543fa06dee9f18976,3,1,14-339
obqa,obqa_cf8ebdd7158706942710,4,1,9-599
obqa,obqa_9965a9dc88ef23b04894,0,1,14-1307
obqa,obqa_f0e6d7530436831c0ee0,1,1,14-214
obqa,obqa_d7c2010b8e4200e17808,2,1,12-7
obqa,obqa_319e6c4e43aacd770235,3,1,14-32
obqa,obqa_a1d35141f1ab29e59d38,4,1,13-23
obqa,obqa_515a9b4db4f6915a7aaf,0,1,12-1047
obqa,obqa_cf84893f68dbcfeb7147,1,1,9-623
obqa,obqa_3d9f8522e38671f77824,2,1,12-521
obqa,obqa_ed531396c9d772ef634a,3,1,11-626
obqa,obqa_c1c6e431a0012fa26987,4,1,10-937
obqa,obqa_37d02d5ed3c63d016984,0,1,12-75
obqa,obqa_7186ceec4448392fea48,1,1,14-110
obqa,obqa_6053c30cb9789be7c302,2,1,11-541
obqa,obqa_ec441a1c7641e33a72aa,3,1,12-286
obqa,obqa_7043bb6a93ea55504b0d,4,1,10-543
obqa,obqa_8e38a3c233b32ba7911b,0,1,11-75
obqa,obqa_de635cfa2d1929a2b1dc,1,1,7-531
obqa,obqa_51f13e5c10a48542958e,2,1,13-476
obqa,obqa_114d9bac2d9df4ecda94,3,1,7-3
obqa,obqa_cfe7157e238ab55895ad,4,1,12-331
obqa,obqa_0731274f2248bf4fee5f,0,1,14-1464
obqa,obqa_bc058a706f93ffa05471,1,1,14-325
obqa,obqa_bddb4e9147e250a82205,2,1,14-319
obqa,obqa_49b91470e224480efbe9,3,1,11-188
obqa,obqa_30252ee405cf07daa342,4,1,1081
obqa,obqa_8d577a0a63091b3cb14c,0,1,10-964
obqa,obqa_8f36e1ae141a6705ad9f,1,1,13-557
obqa,obqa_d9a2cc76bb92dec30623,2,1,14-1314
obqa,obqa_1707917f50b13cecb71b,3,1,10-60
obqa,obqa_19ac92c824931b6f9ecc,4,1,11-514
obqa,obqa_735f042917f42f3b5baa,0,1,1544
obqa,obqa_c685f2c30e851ef19e9d,1,1,1806
obqa,obqa_cc372495d3f435007e70,2,1,8-124
obqa,obqa_62528275844053d2a632,3,1,10-992
obqa,obqa_01379d026cac50e6d30f,4,1,12-172
obqa,obqa_5413a7f14b5b10849c40,0,1,14-1353
obqa,obqa_18c49579daad21302bb7,1,1,11-513
obqa,obqa_8050c9d9316e35846819,2,1,14-345
obqa,obqa_6f87ec72cdbf8c2ce910,3,1,10-210
obqa,obqa_50dfa0d0434e09c47fcc,4,1,12-916
obqa,obqa_38c9f2108ebf9ad9afb5,0,1,10-202
obqa,obqa_f716a2551abe587cf398,1,1,13-425
obqa,obqa_50fe5d5f58e892127ccd,2,1,7-443
obqa,obqa_35aa1eb3aa988d5f92d6,3,1,10-1089
obqa,obqa_442c4b633593cb9820ec,4,1,14-1229
obqa,obqa_b86ca5adc8a052548b19,0,1,13-928
obqa,obqa_19004bfacd10fa79ff90,1,1,13-166
obqa,obqa_21fc569ce5c8e1bdaab0,2,1,12-648
obqa,obqa_85fbb9c59601b99e91a5,3,1,12-614
obqa,obqa_d781f0b6184f44c0ddf4,4,1,13-351
obqa,obqa_1980cb7ce5e91f15dca8,0,1,10-454
obqa,obqa_d43521a23ebde9136b00,1,1,12-197
obqa,obqa_97bd67ba6a4ef5b2cea4,2,1,14-1348
obqa,obqa_8eb4f2dcceecae068f56,3,1,13-900
obqa,obqa_2448b35a4f68da0ebd0d,4,1,1094
obqa,obqa_220eabdce0ff64ca8683,0,1,11-600
obqa,obqa_842a03ea06dfb86e7732,1,1,13-68
obqa,obqa_e08f178bd331e710d20f,2,1,11-39
obqa,obqa_60d95e3b5e7398655897,3,1,14-1009
obqa,obqa_7d944d3057be942cc9e9,4,1,7-670
obqa,obqa_a6b387863d2de776b054,0,1,11-306
obqa,obqa_03fe7d66906a6f543780,1,1,9-917
obqa,obqa_30e4301088087986fca5,2,1,11-31
obqa,obqa_5998c5cf3e99eb34f5a5,3,1,7-1107
obqa,obqa_2477b5c79d95061e6a7d,4,1,10-1101
obqa,obqa_b9777440c7a7d57b3a26,0,1,12-65
obqa,obqa_f955d00bd5fcc9ab005a,1,1,9-760
obqa,obqa_18541824050c1c97179f,2,1,10-1038
obqa,obqa_70767f89cc43d668fca1,3,1,11-217
obqa,obqa_8b8ce87c07362e6ce280,4,1,1380
obqa,obqa_adc1a38b64616edaf54d,0,1,13-1006
obqa,obqa_16b55b46364b8be9ca96,1,1,14-658
obqa,obqa_63faf0fc32656e20e493,2,1,13-243
obqa,obqa_4eb52ce2118d3c4be15e,3,1,14-1006
obqa,obqa_ae9197948edd013dfcf2,4,1,14-1262
obqa,obqa_e7b911110e83b63707ba,0,1,12-412
obqa,obqa_a5171e339da1f6655e3a,1,1,9-1028
obqa,obqa_bb5251733d0034c5e9b6,2,1,14-449
obqa,obqa_05791c69c19d75923a8e,3,1,10-861
obqa,obqa_2b7bf61e3ff01fa082bf,4,1,800
obqa,obqa_73b8921f92c14ab4e4aa,0,1,12-115
obqa,obqa_92e43b84019de263b1c4,1,1,13-961
obqa,obqa_9579d85c43c58dc768ec,2,1,13-170
obqa,obqa_aa6c995bfb3235f800ca,3,1,10-1067
obqa,obqa_a8b7aa7b6dd56d811653,4,1,12-445
obqa,obqa_45251a27c8125375bc5f,0,1,1494
obqa,obqa_0fa684c677ceff7757b3,1,1,14-1264
obqa,obqa_35183303a9e6246dd758,2,1,13-851
obqa,obqa_8862b023b1dfa9f8f1f0,3,1,14-518
obqa,obqa_7f766056cc9fa64ffce0,4,1,13-219
obqa,obqa_775339d6e6dbfe8abb4a,0,1,11-129
obqa,obqa_e778bd6d370ed85d0e5e,1,1,12-389
obqa,obqa_0f35c858408ab22f9b1a,2,1,14-1490
obqa,obqa_4ab0e0cd203fa57d42b4,3,1,11-271
obqa,obqa_88f86bf615a80a90e20a,4,1,12-778
obqa,obqa_04a2ed25866d4af5d732,0,1,217
obqa,obqa_273005c8f2972f64e32f,1,1,13-184
obqa,obqa_7c5dbc601aab310f1fe3,2,1,11-219
obqa,obqa_f55528f5924a0378e71f,3,1,7-700
obqa,obqa_c14460367c3e52ed898e,4,1,10-1046
obqa,obqa_3b348e1af9b9ab6917a4,0,1,10-865
obqa,obqa_97e322c26a73aa927a92,1,1,10-928
obqa,obqa_4d1f2b13ba6ab78b48ea,2,1,10-491
obqa,obqa_07e542a0f0f1766dc1bb,3,1,10-247
obqa,obqa_7c5255403d000f5c3cbe,4,1,7-421
obqa,obqa_9c1c4d5b2c1e7d0e97fb,0,1,13-51
obqa,obqa_f91d033241d818f235ba,1,1,14-20
obqa,obqa_fcf201435278cdd02da0,2,1,699
obqa,obqa_63bac2d07a0d5294e3a3,3,1,11-239
obqa,obqa_7e163992ad1ff290c162,4,1,12-338
obqa,obqa_6c0f0edec41acafc989a,0,1,11-314
obqa,obqa_bf370c9e78ad3cdde819,1,1,14-725
obqa,obqa_7204d0d4147e1de05d83,2,1,10-196
obqa,obqa_8f8ad3fba38f17540046,3,1,9-1165
obqa,obqa_301d3ced81537f633ecd,4,1,11-151
obqa,obqa_02310400f96a46b74a80,0,1,14-1346
obqa,obqa_a00b93ee30adb34d80e3,1,1,10-42
obqa,obqa_c651ecd02b15967268df,2,1,14-488
obqa,obqa_dd73957aa48e0093e5b1,3,1,11-365
obqa,obqa_d7986672afc6d96e70ef,4,1,12-266
obqa,obqa_899c51d55003bb5bab28,0,1,7-1066
obqa,obqa_03e24471a2962dac5511,1,1,12-960
obqa,obqa_343b60034fc73efb76fe,2,1,14-928
obqa,obqa_043cb7920e88857ddd9e,3,1,14-1088
obqa,obqa_134860fcb0f088a6b6d6,4,1,13-617
obqa,obqa_dd79c08daa36a99108ca,0,1,12-1027
obqa,obqa_8338df264c900fd6047d,1,1,10-753
obqa,obqa_09c2dfd91730d8ca9d4e,2,1,14-402
obqa,obqa_8c7431297fa2e8f428c2,3,1,7-550
obqa,obqa_9069dc411c8936d0f70e,4,1,12-249
obqa,obqa_c185fb0845ad0a317bda,0,1,11-399
obqa,obqa_b7153ce578daf0c65c2c,1,1,14-1281
obqa,obqa_821b613ea768337ad58c,2,1,282
obqa,obqa_f32465091920670f6c6e,3,1,10-223
obqa,obqa_1bcc7ef6a162d6e56f7c,4,1,14-1102
obqa,obqa_d02ba230192cc251086e,0,1,8-233
obqa,obqa_42d3158492c16000af1e,1,1,13-405
obqa,obqa_73b347b516cfdedca46f,2,1,12-919
obqa,obqa_7b0547a450f1a01646fb,3,1,8-458
obqa,obqa_50a01b592b26d5ea3933,4,1,10-328
obqa,obqa_2e678b7e6a1a65a2c7ea,0,1,7-1005
obqa,obqa_602a3a6ebbb3894702af,1,1,14-333
obqa,obqa_262ebe63bb76f65117d5,2,1,1695
obqa,obqa_8a2aaaf026bfda443ca4,3,1,13-874
obqa,obqa_e9d0cdc980f2527c832c,4,1,10-169
obqa,obqa_5743aee0da1854ddbff6,0,1,11-634
obqa,obqa_94be0309bbb2a175c621,1,1,12-1035
obqa,obqa_4128b85f5b3be9aa6520,2,1,13-625
obqa,obqa_084866163ef97cb139cb,3,1,9-31
obqa,obqa_b277cfbca3c496873ece,4,1,12-837
obqa,obqa_f6be964b191493e55b3f,0,1,10-1036
obqa,obqa_e53f1361810a8b723cde,1,1,8-301
obqa,obqa_35111011543f4d37d356,2,1,10-980
obqa,obqa_c854c99a6fa7d918ee86,3,1,826
obqa,obqa_674bd35b921b60c34d64,4,1,10-1084
obqa,obqa_7280a3e144ab1fb2a9ff,0,1,14-1063
obqa,obqa_cf23be3bc0d68a860456,1,1,10-430
obqa,obqa_b62dd68d3b35f4d948a1,2,1,13-142
obqa,obqa_a39bed83c99c236affc0,3,1,12-56
obqa,obqa_d567dd6cfca3fec165f0,4,1,8-383
obqa,obqa_bb35138c6524aea113b3,0,1,13-989
obqa,obqa_db0f025f04b6b347165a,1,1,10-341
obqa,obqa_649d385ef11cb7c9afa3,2,1,12-63
obqa,obqa_09991fa43ef187b848f4,3,1,9-938
obqa,obqa_5bf3179f9d73b82b2509,4,1,11-258
obqa,obqa_3d11bcfcc63153d6064f,0,1,510
obqa,obqa_9c8db5a94316bd1d0e7e,1,1,7-555
obqa,obqa_b6b979318bee179468f5,2,1,12-9
obqa,obqa_861d77a19bd961caf1bb,3,1,7-579
obqa,obqa_80877aa5e4b2374e64e3,4,1,13-419
obqa,obqa_9c87837d59ae7d47c99c,0,1,12-284
obqa,obqa_9e4fea9302be1392df7d,1,1,10-22
obqa,obqa_8db3b3cfe57932dd45c0,2,1,13-950
obqa,obqa_e16c3177b41c42a0f053,3,1,12-969
obqa,obqa_f9bb5f5780dcfc9c242d,4,1,10-1022
obqa,obqa_03f4786322695ff21a30,0,1,11-257
obqa,obqa_ee14d51c9242446730cc,1,1,12-1161
obqa,obqa_b92527036a74aae25140,2,1,12-1147
obqa,obqa_12fab593399b7af27d5e,3,1,12-866
obqa,obqa_b678cd12cb76913ffc12,4,1,12-309
obqa,obqa_7c9edc5cc462bbbf71ef,0,1,9-162
obqa,obqa_a3738f94b38a4782bf2c,1,1,11-181
obqa,obqa_357a50e9475169b329c3,2,1,11-119
obqa,obqa_8986efb3bbee2a1e76ed,3,1,12-711
obqa,obqa_cad60434e3a83dc3b0f2,4,1,8-137
obqa,obqa_c13a3a42b7fe389023a8,0,1,8-17
obqa,obqa_3210ad168ed001c2be3c,1,1,14-840
obqa,obqa_a31ad412f34b6d8b50f3,2,1,10-683
obqa,obqa_960b3d0fc1c2a8eefa6c,3,1,10-140
obqa,obqa_348085dfae60d5b1d30b,4,1,13-552
obqa,obqa_57b1d9bb9a1b5aa3b717,0,1,12-1117
obqa,obqa_3effcc2d065ef2051094,1,1,11-604
obqa,obqa_1053469b57cb6d25eaf1,2,1,7-563
obqa,obqa_c9a6dac421226545b78d,3,1,13-1058
obqa,obqa_6fe2b91c552d588564c3,4,1,12-993
obqa,obqa_74d5ce99e47fed557b4d,0,1,9-654
obqa,obqa_0099fef14f6d34dbe7bc,1,1,1567
obqa,obqa_338865e2f083b9f676e4,2,1,12-471
obqa,obqa_ff8b7ddab24d5614edf0,3,1,14-1126
obqa,obqa_760651d97d59eeacc360,4,1,13-109
obqa,obqa_b53bfb3272fd76a78018,0,1,13-646
obqa,obqa_4e07749af23ff9d93c17,1,1,12-568
obqa,obqa_0894e9d8a8cb9715c38f,2,1,11-412
obqa,obqa_4f7a3a0a3e89a461e293,3,1,1093
obqa,obqa_6fa66a14dc5b79c8a5eb,4,1,10-1106
obqa,obqa_458dd7d5902543df9082,0,1,10-492
obqa,obqa_14fb07292d7fc97e03cd,1,1,8-90
obqa,obqa_5d819ef57146491684a8,2,1,84
obqa,obqa_84b4e20ce22b960276ea,3,1,14-365
obqa,obqa_31dc6c07d9ba20a8017c,4,1,14-1392
obqa,obqa_6701a81b0807ffcd1f24,0,1,13-918
obqa,obqa_dfd7081fcd709900a877,1,1,12-891
obqa,obqa_a8db7b0db110903e5324,2,1,14-883
obqa,obqa_436772f5b7e711c9d300,3,1,10-957
obqa,obqa_74ce5cbbc4aac4661238,4,1,1351
obqa,obqa_24176d19ead429d15697,0,1,10-630
obqa,obqa_daac8ee3b815a2a0314b,1,1,10-526
obqa,obqa_94f50a200e341f177908,2,1,9-86
obqa,obqa_a4ecce7b4bfbf719e52f,3,1,7-948
obqa,obqa_5ca88944215aa3959c59,4,1,306
obqa,obqa_1d62341252d3150a7a98,0,1,10-776
obqa,obqa_dec529779997d28639e4,1,1,10-142
obqa,obqa_9dba58648e0f85303db1,2,1,14-558
obqa,obqa_2f7f63ead4173cf212f1,3,1,7-1117
obqa,obqa_6e389cde8ebe4e54da4d,4,1,10-855
obqa,obqa_f9c28486852f6f9c12fd,0,1,7-398
obqa,obqa_cc8a0014e354887f93ce,1,1,14-959
obqa,obqa_4a34e00dc123619b258d,2,1,14-966
obqa,obqa_bfe19ac560e0a58036dc,3,1,12-526
obqa,obqa_1abaa009bb697c84c62a,4,1,14-557
obqa,obqa_d9678b27962278f93961,0,1,14-1416
obqa,obqa_e53672f0d2321c5dea40,1,1,14-436
obqa,obqa_05997ae3022ce47f2030,2,1,657
obqa,obqa_d03bcbad7f754fd2134e,3,1,10-292
obqa,obqa_4f45df1e34529c2336d9,4,1,12-1127
obqa,obqa_428bba824cf3fab54d93,0,1,10-539
obqa,obqa_82ef642cfdc2db6cb52a,1,1,12-635
obqa,obqa_6e29568a556d7f251d9f,2,1,12-422
obqa,obqa_17ec0c4adc2266ce1010,3,1,7-1014
obqa,obqa_847e3b3b883ad0988d29,4,1,10-892
obqa,obqa_4317993d23620390ffa9,0,1,9-459
obqa,obqa_88fa7520ea2f98860a4f,1,1,13-347
obqa,obqa_4ad6f1916eca4e921270,2,1,10-658
obqa,obqa_26c0180a8faa208bf327,3,1,7-751
obqa,obqa_eec602ba3feb0fef9a1d,4,1,8-252
obqa,obqa_2617fd6de180e8aed326,0,1,13-137
obqa,obqa_f9266aaf96b5ff089935,1,1,12-795
obqa,obqa_ef82741cc0105ec729a3,2,1,14-1396
obqa,obqa_ac2c43b7891bb51d603b,3,1,13-826
obqa,obqa_d2928a5092a3e854f0bf,4,1,12-1062
obqa,obqa_8bfd21f94d598032819f,0,1,356
obqa,obqa_f281c4469409f8d744a4,1,1,8-173
obqa,obqa_ccef8d9639c5cc5c59c8,2,1,558
obqa,obqa_fc6e9db81d4a45d8b000,3,1,12-182
obqa,obqa_19f6f579effab829ff32,4,1,14-40
obqa,obqa_e35243a73fb530d43ba7,0,1,12-355
obqa,obqa_ff9cf00a2f91643d2303,1,1,9-415
obqa,obqa_0d594d9fd169fc403257,2,1,12-336
obqa,obqa_7507197f981d7a54f880,3,1,14-865
obqa,obqa_fe3d1535062927fb594a,4,1,207
obqa,obqa_7336483106ba31d715df,0,1,1187
obqa,obqa_339d9507a35bfbd01f39,1,1,8-156
obqa,obqa_1b9c1742873334ce7346,2,1,183
obqa,obqa_8b08c0aa4f13c1d18191,3,1,12-46
obqa,obqa_39128afa0960d147e736,4,1,12-988
obqa,obqa_5a086aa7ddf0646dc201,0,1,14-1340
obqa,obqa_6450567d16d936521a4a,1,1,12-1084
obqa,obqa_6b8a855c4076d40fd3cf,2,1,12-1056
obqa,obqa_631823a9f5d7e08c6ae8,3,1,11-517
obqa,obqa_4f5b6efbfff90a9c1434,4,1,14-326
obqa,obqa_94f50e52ad61385c2fc2,0,1,24
obqa,obqa_e498979bed413edf0d1d,1,1,10-70
obqa,obqa_f001cae1859a85c5a8f9,2,1,7-11
obqa,obqa_76d563f73153d25076b3,3,1,13-726
obqa,obqa_69636d0f051170fcb333,4,1,12-316
obqa,obqa_072a72dcbbf9d91e4bbc,0,1,13-1055
obqa,obqa_e4ca7e093f5603aa6213,1,1,7-659
obqa,obqa_6ef7f2e1eaa7a47d9c5a,2,1,8-83
obqa,obqa_9ea72431a953843bc574,3,1,7-1182
obqa,obqa_5baac622e37b46bd2e0d,4,1,13-182
obqa,obqa_ce1bb7e04495c392b4a4,0,1,8-427
obqa,obqa_45f4dd0553fc6f98be5d,1,1,10-833
obqa,obqa_847f144ffb4d4674566f,2,1,12-637
obqa,obqa_14d406682d9faf56a3fb,3,1,12-178
obqa,obqa_e6a6cc00dfd8578f11c8,4,1,13-339
obqa,obqa_e67ecfd7fce19270d7ec,0,1,14-934
obqa,obqa_ab0dc37fcff78eb230d7,1,1,12-688
obqa,obqa_09044df83923e58ceb5a,2,1,7-30
obqa,obqa_49f308dd9e3aad6aceb3,3,1,13-666
obqa,obqa_98e1abb9688a852fb548,4,1,10-112
obqa,obqa_7d27194a22070baec92f,0,1,10-695
obqa,obqa_d53af974be89ca5b6bf1,1,1,325
obqa,obqa_fd7f2939ed257a01f639,2,1,12-593
obqa,obqa_55c7d6ae094912443bcf,3,1,12-481
obqa,obqa_1639b87c20181df96961,4,1,13-561
obqa,obqa_f3c04a6d96ad89e3b8c0,0,1,12-512
obqa,obqa_f82a3f6a92551b8d3a7a,1,1,10-856
obqa,obqa_29e30f655821745af6f2,2,1,12-714
obqa,obqa_92f58898f2455129835c,3,1,9-899
obqa,obqa_6f10574d41da2c2aadc1,4,1,10-786
obqa,obqa_137c8a26ec39fc82c6d6,0,1,12-798
obqa,obqa_83b302e7bc2dda3bd422,1,1,11-530
obqa,obqa_39f8f1869e5244ea4f2f,2,1,13-1057
obqa,obqa_8fa42e3ea58c905ed440,3,1,14-1391
obqa,obqa_a342ea199cfa0d0ef5d6,4,1,10-1211
obqa,obqa_8a605d70f066c43e0220,0,1,14-1013
obqa,obqa_8bdb22e2574ba9c0e0d0,1,1,14-1354
obqa,obqa_7a492e27cfff2d5162d3,2,1,783
obqa,obqa_795270d29a1d9cb671f4,3,1,7-446
obqa,obqa_879f96f932be10cba919,4,1,11-287
obqa,obqa_96c4433eaf1bcefb0726,0,1,10-554
obqa,obqa_cbca400079555e578d59,1,1,9-1133
obqa,obqa_f5d250484c9887fdcd77,2,1,10-1041
obqa,obqa_b4fea4d4acfa1a542e61,3,1,14-1379
obqa,obqa_eb8628b1a3e172d23a88,4,1,10-572
obqa,obqa_11244bf09da0b6453a7f,0,1,14-567
obqa,obqa_67f04c4bddbe934f1224,1,1,14-1030
obqa,obqa_1d0c279d70f4ec4079de,2,1,14-1358
obqa,obqa_0ac60aa388acbaf3da41,3,1,1440
obqa,obqa_e47ff29bc167d200b3c2,4,1,7-950
obqa,obqa_3545f8fcafff8274a266,0,1,13-215
obqa,obqa_33fde0e1497aab6f226e,1,1,13-154
obqa,obqa_7cf4919d90edf54f6a87,2,1,14-1333
obqa,obqa_51074ff8d2076d760a74,3,1,14-387
obqa,obqa_bb5fcf89c682696944e6,4,1,12-992
obqa,obqa_0632e9abe450647bd2f8,0,1,14-268
obqa,obqa_1508d0ca93699dd5ea55,1,1,14-215
obqa,obqa_d8de818e89eb9e0406ea,2,1,10-428
obqa,obqa_eda053f455484010f4fe,3,1,12-888
obqa,obqa_454a8e44b3f7a97c268c,4,1,13-461
obqa,obqa_3a849bd0dba3a7c2f33d,0,1,14-1028
obqa,obqa_0401ddb4d99d7485d76e,1,1,12-671
obqa,obqa_7649a792e96683854747,2,1,12-459
obqa,obqa_de7acf89e4dced7a1666,3,1,323
obqa,obqa_fea2587bebc04a0e1116,4,1,13-595
obqa,obqa_b58f6c38befa413fa841,0,1,10-465
obqa,obqa_a6b0336abd1c51c809e3,1,1,14-1064
obqa,obqa_c94c2a38e04bf62feb3a,2,1,12-339
obqa,obqa_516a84eb8479e29e2e5f,3,1,13-502
obqa,obqa_b8fac6d572a7ec204234,4,1,12-1186
obqa,obqa_34a5904538acb15bdf2a,0,1,11-703
obqa,obqa_448a84b40b86b1401004,1,1,13-512
obqa,obqa_53e656da9e11001f7056,2,1,7-467
obqa,obqa_9bc077652e3dcf5a3f52,3,1,11-44
obqa,obqa_ce1b02877e2c41417d0b,4,1,10-895
obqa,obqa_ab5d50259033d3b4966a,0,1,11-67
obqa,obqa_643689c6581cbb3ffd6e,1,1,14-874
obqa,obqa_f11ad3f1cf455e103c4b,2,1,11-254
obqa,obqa_6036bef5563b9b141ec5,3,1,12-131
obqa,obqa_59afeb59a617362ab056,4,1,13-120
obqa,obqa_5a9b2b1b51e436f505ac,0,1,14-512
obqa,obqa_6ff001e9c7c7524e0cc5,1,1,10-589
obqa,obqa_7e0a0443d559c1a869e6,2,1,10-14
obqa,obqa_cd94e8f64fd8504f0f1b,3,1,14-105
obqa,obqa_7289f810a1c2f4d79302,4,1,9-45
obqa,obqa_3bd78ce1520222dbc144,0,1,7-109
obqa,obqa_b3cf5c8b4a12795026f0,1,1,1696
obqa,obqa_03f0cf40e824eaeaadd5,2,1,14-768
obqa,obqa_f4928bad7e91a5cdc7d1,3,1,13-118
obqa,obqa_c7059824da64b0ddf6da,4,1,779
obqa,obqa_5877bfc53cf40bdf13ac,0,1,10-642
obqa,obqa_d836fd1a34d90768d872,1,1,12-800
obqa,obqa_5db22fe53deb09117961,2,1,13-467
obqa,obqa_674e6ef65f8a2a7b859e,3,1,8-81
obqa,obqa_7e87fc95827114419490,4,1,14-712
obqa,obqa_49157e62bba3590dacd6,0,1,14-213
obqa,obqa_4e3bcddde327205d6632,1,1,7-901
obqa,obqa_71cce91963275e3cb46e,2,1,14-1157
obqa,obqa_db9ebc951f3ef9085f8b,3,1,13-845
obqa,obqa_1453142a82624069e77a,4,1,9-721
obqa,obqa_aa74948117e59f14be4f,0,1,14-1315
obqa,obqa_31022624ad56cf2a6d4f,1,1,8-348
obqa,obqa_37334211c66fdba1b54d,2,1,10-662
obqa,obqa_1ec01101e40c104195f2,3,1,1738
obqa,obqa_82cf5c61aa4ba14b99d9,4,1,12-1043
obqa,obqa_c29f50f777aa9cfda524,0,1,10-183
obqa,obqa_e8a0e4a103ae31af670a,1,1,9-392
obqa,obqa_c1ba1d36a9c3afb65809,2,1,12-312
obqa,obqa_c8978a2eaab9587a4d36,3,1,14-938
obqa,obqa_3636722679c988bfc919,4,1,7-980
obqa,obqa_4ed53caafdd311ea8a7a,0,1,12-654
obqa,obqa_f763ee793b25ee289327,1,1,11-62
obqa,obqa_b95fb1fbf4138fc718aa,2,1,7-282
obqa,obqa_0592d16b859fb354f150,3,1,10-145
obqa,obqa_91cb1fce2a6a41fab917,4,1,13-503
obqa,obqa_66ef77b29ea841cf6c06,0,1,10-1047
obqa,obqa_394c6fd558b1ac6a1f47,1,1,14-1180
obqa,obqa_2f848efb9515a4581659,2,1,12-438
obqa,obqa_c43b30c6957b305af558,3,1,14-564
obqa,obqa_04eb517a60ce60041505,4,1,1011
obqa,obqa_431a5ad6983ce710ee2b,0,1,9-81
obqa,obqa_76c79620c8c91cc450e6,1,1,10-764
obqa,obqa_b98938c97c077f5bc7e2,2,1,13-203
obqa,obqa_87abd17c0599f7df0642,3,1,13-143
obqa,obqa_de2708cbed7002b373bb,4,1,14-1054
obqa,obqa_a24414f6cef3294f17b3,0,1,12-925
obqa,obqa_2eb27d453edd13d25031,1,1,13-173
obqa,obqa_021d99c635fda260bbde,2,1,14-99
obqa,obqa_2ad6b368a6998896f653,3,1,11-265
obqa,obqa_cf016a5a5999bca788f8,4,1,14-428
obqa,obqa_ade245b3a59a3c9c7e3f,0,1,12-863
obqa,obqa_61dc4428c1cb275327c8,1,1,14-376
obqa,obqa_5ad521c4df6d5c2f3065,2,1,10-95
obqa,obqa_c46e17ca678b688ff53e,3,1,13-857
obqa,obqa_5044e295518a22cca5b3,4,1,9-672
obqa,obqa_7c1e39e8198a05eaa7a0,0,1,8-113
obqa,obqa_0467d22318a3bc701d3a,1,1,10-434
obqa,obqa_517b06819cf11a3729a7,2,1,7-439
obqa,obqa_f26ef73516ebc76e0e92,3,1,11-304
obqa,obqa_4c89d8749e8291beda21,4,1,10-587
obqa,obqa_7dd763ff57a22511269a,0,1,9-992
obqa,obqa_a3f1410edea73cc6df06,1,1,8-310
obqa,obqa_93e82f1305aa450c49de,2,1,9-666
obqa,obqa_2133c6eb8f604e19639c,3,1,114
obqa,obqa_2f60da81424839ad2b09,4,1,13-744
obqa,obqa_13cf765e832c48191070,0,1,10-287
obqa,obqa_32e46587beb3644943ea,1,1,11-746
obqa,obqa_3404d25647e906d1ee43,2,1,7-675
obqa,obqa_b7f7dc2b8e9e2c1e3f13,3,1,10-965
obqa,obqa_7aa86cdd17013f2307fb,4,1,8-215
obqa,obqa_15808687f34def0dabe1,0,1,12-1071
obqa,obqa_36ff109d7d84ba36d87a,1,1,12-451
obqa,obqa_4aa821af99b9f4524a34,2,1,7-529
obqa,obqa_a5ce83bec02c6112abe2,3,1,14-1429
obqa,obqa_0324529e49e390a930f8,4,1,14-439
obqa,obqa_6179f2109ac2afe1147d,0,1,13-654
obqa,obqa_25e2989bb3cae7d837f6,1,1,8-80
obqa,obqa_a90d78fca92348ff678f,2,1,10-944
obqa,obqa_0dffde02185d399433f0,3,1,1365
obqa,obqa_d4fa1269802534cd3f93,4,1,11-94
obqa,obqa_fb4ee3cfc290eb3639b0,0,1,12-978
obqa,obqa_32f56365b59599f91d1a,1,1,1333
obqa,obqa_c7688f37696fe56e1352,2,1,1222
obqa,obqa_9a377018c204e1eb8d6d,3,1,13-255
obqa,obqa_a333f81f12ddb410db69,4,1,13-315
obqa,obqa_5c352dcf1f9511c0e761,0,1,7-1130
obqa,obqa_bf6935fc4b3d7dc2fa84,1,1,14-1022
obqa,obqa_c27741de03f140927a76,2,1,12-185
obqa,obqa_690204e52483516a8b40,3,1,12-486
obqa,obqa_62d64ad4399851470155,4,1,1442
obqa,obqa_bc646ea973cf325ee02f,0,1,10-175
obqa,obqa_a3961198a0366247d727,1,1,12-337
obqa,obqa_ac47e87a3d6f139d0422,2,1,10-1094
obqa,obqa_b440098223599dcbee89,3,1,10-1010
obqa,obqa_2dcc5d0a8efb49b4602f,4,1,12-839
obqa,obqa_3053c41645d052a96617,0,1,10-452
obqa,obqa_a0da93c28c39b510449d,1,1,13-123
obqa,obqa_4655802bf795f72dfb6b,2,1,10-891
obqa,obqa_5e5fefd41c3238b48461,3,1,11-234
obqa,obqa_fcfc22bf45f4e2b8f941,4,1,11-227
obqa,obqa_b394a7d2002ebf940b93,0,1,14-132
obqa,obqa_ede2f5d095e1e4c68686,1,1,10-546
obqa,obqa_6faa3726ae79da4cea7a,2,1,11-459
obqa,obqa_f21de981f41b9cff96e1,3,1,13-308
obqa,obqa_b17a15506d5df6f452b6,4,1,12-664
obqa,obqa_d74868859e59153524d1,0,1,12-881
obqa,obqa_b8dc488fd5f15064ca33,1,1,13-1034
obqa,obqa_4999c65008cd5f06e557,2,1,14-1275
obqa,obqa_0a9488b165f69e3748f3,3,1,13-589
obqa,obqa_4e86e9b9651e653c3524,4,1,12-540
obqa,obqa_c1d8f4c570934af9e60b,0,1,13-642
obqa,obqa_1038a58279086257bffe,1,1,13-871
obqa,obqa_914079ae45b4bd6f5af0,2,1,12-273
obqa,obqa_cc5abc5dd4659e0ace36,3,1,13-92
obqa,obqa_740ac7e3233071dcd666,4,1,752
obqa,obqa_243f54b7df36f768cbc2,0,1,10-730
obqa,obqa_fb44003ce2bb3b1c24ce,1,1,12-684
obqa,obqa_84a0f1f90950e861926e,2,1,7-830
obqa,obqa_a220c718e5e295444b7d,3,1,12-1028
obqa,obqa_4be6c6200e41872e1489,4,1,12-209
obqa,obqa_0b18b5b50e6fb99d2397,0,1,12-1128
obqa,obqa_895081b6cc50e161834c,1,1,7-223
obqa,obqa_52de37e52482b0f0a536,2,1,10-972
obqa,obqa_594bf0c29ec36ff27cff,3,1,10-250
obqa,obqa_e554235b8b3cac552e27,4,1,1030
obqa,obqa_713c25bbea09f7edcb07,0,1,11-422
obqa,obqa_90b7ab653befe4c9430b,1,1,11-343
obqa,obqa_4d8948ee030f0d4f810f,2,1,14-889
obqa,obqa_df50e76dff784c8de74f,3,1,8-21
obqa,obqa_74198c3a97fa97a3aa18,4,1,7-770
obqa,obqa_a17e1f37192f93174571,0,1,13-297
obqa,obqa_674d302c21ebe50c35cb,1,1,12-639
obqa,obqa_94b19aabc6aa886fc289,2,1,12-268
obqa,obqa_453aaf0290e02224b8b4,3,1,12-646
obqa,obqa_859c71777aef1f22add6,4,1,13-1039
obqa,obqa_2d40f936bab64b397198,0,1,10-743
obqa,obqa_545e0aca804210d103ce,1,1,14-831
obqa,obqa_67dc18ce43b76cd492fb,2,1,9-1035
obqa,obqa_f6de70f8937cc87a2026,3,1,7-795
obqa,obqa_917c4577b3a9c046e7ca,4,1,13-543
obqa,obqa_0b5ccb16ac428d28f0b9,0,1,11-550
obqa,obqa_084c3458779020e5f5e3,1,1,12-799
obqa,obqa_c2ef4693d39c7e25ac69,2,1,8-217
obqa,obqa_d4d5026f98825f6144fb,3,1,11-290
obqa,obqa_bc94521fe54a66f21015,4,1,10-834
obqa,obqa_0cb674852402f8e7e40b,0,1,14-673
obqa,obqa_2d27c8a0dea24bc1ae17,1,1,12-1095
obqa,obqa_8552cbf530e9d3a9110d,2,1,14-731
obqa,obqa_1f7e23cb8db033966492,3,1,10-1201
obqa,obqa_7bde6f82fc9465443b5c,4,1,9-140
obqa,obqa_c6e21f4ae1992351ffa0,0,1,11-272
obqa,obqa_cfddb84126e203ca410b,1,1,750
obqa,obqa_32b1d4d954383fa88487,2,1,9-678
obqa,obqa_a0c58488fee880bc3485,3,1,10-135
obqa,obqa_476349e0a7395f73132b,4,1,12-173
obqa,obqa_348bba3fe535458cded3,0,1,14-1143
obqa,obqa_4560a6129b10ea894b52,1,1,996
obqa,obqa_5e82c8696cd63b73c54d,2,1,11-211
obqa,obqa_18731f6d3cab7cc31e73,3,1,12-954
obqa,obqa_b3fa7324ed802206974f,4,1,14-1138
obqa,obqa_a90d1a2849900cfcb629,0,1,14-294
obqa,obqa_2a0c6da689806b3db505,1,1,13-283
obqa,obqa_932c179e9ef87279e0ae,2,1,7-1082
obqa,obqa_014f414af46734f3352d,3,1,13-691
obqa,obqa_ea403ea24b3cdf070e8e,4,1,12-841
obqa,obqa_708a0edff2c642c2823d,0,1,13-1061
obqa,obqa_75a49f22e67f28f5d01b,1,1,13-624
obqa,obqa_24f1c9cdf863a8d4abd9,2,1,11-637
obqa,obqa_0d7fe685a05441c7fa3c,3,1,14-798
obqa,obqa_870b9b2bd255afaf75a9,4,1,12-103
obqa,obqa_b851d9ab0068a045fa40,0,1,13-11
obqa,obqa_9bf78d1085c43d5ce0cb,1,1,10-912
obqa,obqa_4c1761050870dd0491f4,2,1,14-705
obqa,obqa_75b6ed28351ecc4c3fc4,3,1,9-1109
obqa,obqa_d4d88f4c2daf617d2ee0,4,1,13-640
obqa,obqa_6f1d4d0fc2081f234209,0,1,13-687
obqa,obqa_c0173d7efd367735ab60,1,1,14-1470
obqa,obqa_5e005137be8e16c34944,2,1,13-41
obqa,obqa_a4a24b518439d2a620dc,3,1,12-1116
obqa,obqa_597e68111b37ea0d9b53,4,1,10-1209
obqa,obqa_fedd7a7ac3f396b20179,0,1,12-95
obqa,obqa_c4f1a9b8817a83d9fe73,1,1,9-644
obqa,obqa_b3fc4da0470dc71e4ae4,2,1,12-659
obqa,obqa_82b054cd2d0b5c86ddce,3,1,10-212
obqa,obqa_3fb5fd57d7562d9f3701,4,1,14-1284
obqa,obqa_299d23f9af3a5001ae7e,0,1,12-823
obqa,obqa_7a5b6881177753554017,1,1,14-483
obqa,obqa_62deb409c620d4e38f1d,2,1,11-30
obqa,obqa_cf2353c1bcf7ad0be087,3,1,14-559
obqa,obqa_b5632fa2ee24d012a46b,4,1,13-294
obqa,obqa_5d559a2ca04cfd9b993a,0,1,11-231
obqa,obqa_42b627a75c111fc8f0b3,1,1,10-455
obqa,obqa_ec21d87c038ca429cb91,2,1,10-810
obqa,obqa_0e5304aefa394b3b27e5,3,1,10-1076
obqa,obqa_46226d79f5eee654ad3d,4,1,12-148
obqa,obqa_c56dfd47eede55207b53,0,1,14-1145
obqa,obqa_13429dd18bd0b79235d9,1,1,11-435
obqa,obqa_905e8533b60e5ee28da4,2,1,9-78
obqa,obqa_06c0eff3b732e28078ca,3,1,11-157
obqa,obqa_e1850024ade1c76d5bce,4,1,10-1137
obqa,obqa_d69537f37b718a2c686e,0,1,11-447
obqa,obqa_1244d010daaa6ad17890,1,1,7-243
obqa,obqa_9da43de8d502ffb41eb2,2,1,12-118
obqa,obqa_67541fa511351397bd16,3,1,958
obqa,obqa_051f100c4f73687ac156,4,1,10-173
obqa,obqa_5803f21f947c0a3cef07,0,1,7-401
obqa,obqa_3042b1744d7e9c1f9abc,1,1,11-313
obqa,obqa_62b6f407683ea7b5e577,2,1,14-1433
obqa,obqa_eeb2e366b0a85991b6f7,3,1,12-168
obqa,obqa_42b9548fc9f56856d08d,4,1,11-48
obqa,obqa_bfda34cf7e95be6ae035,0,1,45
obqa,obqa_6240753e2612d457d877,1,1,13-938
obqa,obqa_aa2ec3a2cfd0166fe7d8,2,1,13-888
obqa,obqa_59fbb9bcdb5cb48e9abe,3,1,1276
obqa,obqa_d5cea507f1bedae7b8e3,4,1,13-647
obqa,obqa_3d802682e82d6d366697,0,1,14-16
obqa,obqa_129f0d0fd0c8a221f0ed,1,1,14-1095
obqa,obqa_b4750dc4905c937005cc,2,1,10-414
obqa,obqa_53fb5344714d13ddee8d,3,1,7-592
obqa,obqa_5a56773fd2abcaf5f851,4,1,11-602
obqa,obqa_fa69f8e383c953921c64,0,1,12-66
obqa,obqa_e5539667cf76bc6746b1,1,1,12-1190
obqa,obqa_a5999880f1814c0383f4,2,1,13-587
obqa,obqa_ee3819a8e23660108b7a,3,1,14-479
obqa,obqa_18249a896e57ea23462c,4,1,13-1033
obqa,obqa_59e89695fc48b9538c68,0,1,12-1097
obqa,obqa_a012720a727200695172,1,1,13-675
obqa,obqa_8d603982775582f829ae,2,1,14-597
obqa,obqa_910828be39a45ebbfe86,3,1,11-440
obqa,obqa_b0a56a3f201b95c64ede,4,1,7-816
obqa,obqa_a33b8221c85cbdd9607c,0,1,1175
obqa,obqa_aa19760928b67d852747,1,1,896
obqa,obqa_041a8084168191698b70,2,1,1784
obqa,obqa_58b76ead443d5d26cc48,3,1,13-511
obqa,obqa_ae7cb886e68c8964eff2,4,1,105
obqa,obqa_8f9f9e8cbcf52fadfaec,0,1,9-809
obqa,obqa_d84cf54cb5533459fb9f,1,1,10-779
obqa,obqa_9a164f4047b24d84dea1,2,1,9-1116
obqa,obqa_07f77c8a31ac9aaee341,3,1,14-465
obqa,obqa_20be91daf6c85490af78,4,1,12-108
obqa,obqa_d570b0318b97b2317906,0,1,13-478
obqa,obqa_ea49de31eefe9bd1a454,1,1,13-991
obqa,obqa_662c49da5f237a53a478,2,1,7-947
obqa,obqa_b793c74d20e3ee597973,3,1,13-722
obqa,obqa_44b917b744b8cb1fdd21,4,1,14-1225
obqa,obqa_c2047c07c32ebbb151fd,0,1,14-5
obqa,obqa_44fa788c9df09f7ba3df,1,1,7-1133
obqa,obqa_aa8b859bcbd17e62cc60,2,1,332
obqa,obqa_c701ad49a29428e33733,3,1,9-446
obqa,obqa_3cc7ef7dddf6d833b1c4,4,1,10-1020
obqa,obqa_2998f7865f28044b43d9,0,1,10-623
obqa,obqa_17a0f28289fb78f1799a,1,1,13-924
obqa,obqa_953b4b6a1980744f75ac,2,1,10-1181
obqa,obqa_349b171819a8166cff0b,3,1,10-1189
obqa,obqa_2e84697375e90f0ad5e3,4,1,13-609
obqa,obqa_720e20cf6c8c512c31e0,0,1,12-717
obqa,obqa_dddf5fcb102a1b57be19,1,1,7-335
obqa,obqa_07bd03d6e69a48363204,2,1,13-736
obqa,obqa_6a0ff64939b4a36d3caa,3,1,9-219
obqa,obqa_5dda00b87a51d241827a,4,1,13-653
obqa,obqa_fea7671f9d468512cb95,0,1,10-73
obqa,obqa_c3d28b18821313d0307a,1,1,12-812
obqa,obqa_04dcef28a0ae27bda580,2,1,10-778
obqa,obqa_29d75b04a8a8ddfc00c8,3,1,11-601
obqa,obqa_3350387b24ace5ddcf66,4,1,11-269
obqa,obqa_52046bfe25ebb7b9354e,0,1,10-1043
obqa,obqa_8d541b5d301344bf57c4,1,1,12-1072
obqa,obqa_6c10c3b7430887ad762b,2,1,13-470
obqa,obqa_cfafb4ff840aa27cf971,3,1,13-284
obqa,obqa_5d75fc2d7acd993367de,4,1,9-343
obqa,obqa_588c3b1559e646c0732d,0,1,7-885
obqa,obqa_97956a272adb80ff6c36,1,1,12-1102
obqa,obqa_143d497e060a4603eff2,2,1,12-453
obqa,obqa_eb427cb9c59d26765388,3,1,9-166
obqa,obqa_418c7ec07d43ca5ce2cc,4,1,14-981
obqa,obqa_50ce56c96c3b5c1ea59e,0,1,12-1000
obqa,obqa_a0831a53575671f2fbbf,1,1,573
obqa,obqa_c93cc8e2e51d0bc0ef41,2,1,10-532
obqa,obqa_67f43bc4ddecfcc27ae5,3,1,14-516
obqa,obqa_dd8f00e1c9c1e6fcdde2,4,1,14-1512
obqa,obqa_b975a5ca543a77341bcf,0,1,12-290
obqa,obqa_a8c61a057615447d100d,1,1,10-1077
obqa,obqa_d955c517869dde6cfa57,2,1,8-8
obqa,obqa_24b6ea91b23008612e06,3,1,14-549
obqa,obqa_ce5761a49e071a2de2a1,4,1,14-1382
obqa,obqa_7c1a02344ec42454ea70,0,1,7-892
obqa,obqa_96d44291e6765026c7a0,1,1,12-311
obqa,obqa_d027e901c71c189e2e4e,2,1,12-774
obqa,obqa_cdf0809fad043bcc673f,3,1,12-753
obqa,obqa_b1b572983d87b459ac28,4,1,10-1163
obqa,obqa_4037125fe830f2bc8b88,0,1,14-919
obqa,obqa_48060d852f8a02c1bf01,1,1,7-934
obqa,obqa_dcc17de316fdf427f5cc,2,1,287
obqa,obqa_33aad1b9c32ec03f4b9f,3,1,13-581
obqa,obqa_1e492c544f5956ab999a,4,1,11-266
obqa,obqa_2401d999d7fc9c88cd5a,0,1,9-76
obqa,obqa_050f7f356fe18d7a75ac,1,1,14-343
obqa,obqa_44315db0b2ac629903c2,2,1,9-375
obqa,obqa_4e54bb3dfd4d05000854,3,1,14-1032
obqa,obqa_4ba87e6fb60f94c518d3,4,1,8-439
obqa,obqa_9c8597d75579b661f7af,0,1,1669
obqa,obqa_bce39ce753eb23a6f102,1,1,13-838
obqa,obqa_9681309a08bfee0229cd,2,1,10-429
obqa,obqa_804f0f6f30996fcca9cc,3,1,13-307
obqa,obqa_558f39a400c6f9a9e795,4,1,14-619
obqa,obqa_3b54a7c1b5fe8c150422,0,1,9-708
obqa,obqa_9dfde74e454693a88465,1,1,12-319
obqa,obqa_518ca50363e12b6b3f9c,2,1,13-799
obqa,obqa_a37ed86ba20444b5a196,3,1,13-38
obqa,obqa_20865565ac9bb029f66b,4,1,14-1364
obqa,obqa_7de3088c6f31eb6b91e8,0,1,13-391
obqa,obqa_5b64770b4abb8e13852d,1,1,14-957
obqa,obqa_eae8accc7089f4f4c9a0,2,1,10-105
obqa,obqa_4fc5e47aa1330a7c7600,3,1,11-625
obqa,obqa_264fea4c80814152d96c,4,1,10-775
obqa,obqa_f81b23bebf0035eb5b02,0,1,14-22
obqa,obqa_d645515b053899d41b44,1,1,12-479
obqa,obqa_48612afca7e29a20d000,2,1,884
obqa,obqa_ef7ad704c4080eb80b7c,3,1,14-485
obqa,obqa_d320b04236b97e5a7d4d,4,1,13-679
obqa,obqa_71c49c4133595606c748,0,1,13-74
obqa,obqa_a40fb9f9529894c679ae,1,1,12-51
obqa,obqa_7bc8bbd8fb997d71981a,2,1,723
obqa,obqa_17e5e059e20dbf2b0699,3,1,11-214
obqa,obqa_7fa260e90f7b465bb162,4,1,10-613
obqa,obqa_e501ea53f091593e68a6,0,1,8-345
obqa,obqa_777e6b49a56445ece3b2,1,1,7-269
obqa,obqa_2dfb4b8dcbfaa402e410,2,1,12-533
obqa,obqa_fdc9ac9b797a0e3512d3,3,1,10-995
obqa,obqa_461ca6209b113c677d36,4,1,10-244
obqa,obqa_e43c2b62e98cf8cda703,0,1,14-1270
obqa,obqa_ea65ba6e3fb468886240,1,1,13-794
obqa,obqa_23ca72ab73b744a06e3a,2,1,12-1203
obqa,obqa_7f9096359f72d7c967e8,3,1,10-799
obqa,obqa_862703a0c71f3fc707ee,4,1,11-105
obqa,obqa_cf6057fbb98fe986efd7,0,1,12-340
obqa,obqa_76d69ee5de6f0779af01,1,1,12-913
obqa,obqa_0f20a6a75af4dee08d2a,2,1,967
obqa,obqa_7ea244b90cffca4ad5af,3,1,7-1146
obqa,obqa_9138c24012be7010380d,4,1,10-1208
obqa,obqa_f6d8d30eb62de0bcea97,0,1,13-265
obqa,obqa_03191de48511e9b2dc3a,1,1,12-183
obqa,obqa_169f4a524751171ceb6a,2,1,13-563
obqa,obqa_a22caefecdb1b9c83368,3,1,13-124
obqa,obqa_581c69b6671a25f4e1de,4,1,10-486
obqa,obqa_c9a8e853164efd06eb20,0,1,10-371
obqa,obqa_45da92d84cad20cc3fb3,1,1,12-375
obqa,obqa_62771c9a44635e590a5d,2,1,12-1124
obqa,obqa_8d7738fa3526448ddd83,3,1,14-177
obqa,obqa_b117590c81e6316171e1,4,1,12-673
obqa,obqa_6f6dc9c8b56ef6293b69,0,1,14-239
obqa,obqa_973b8f95ed0498b4fbbc,1,1,12-228
obqa,obqa_e5aefe7892c85ba900f0,2,1,13-295
obqa,obqa_fb8a1efd7a722cae33ae,3,1,14-1020
obqa,obqa_48dac04f21a8a0e2a52d,4,1,10-887
obqa,obqa_3b57b09057cc68f806b4,0,1,10-1127
obqa,obqa_37075073003a0cc476da,1,1,13-327
obqa,obqa_631ada78b0e5922559d3,2,1,1936
obqa,obqa_f60afdd23dea9767978e,3,1,9-1080
obqa,obqa_3da64b24af68ba4217c9,4,1,11-274
obqa,obqa_f6b1e7a99839d0cfe625,0,1,1891
obqa,obqa_6aa0a3ba27f0e3cb805d,1,1,14-309
obqa,obqa_37e26e949271dcec6e6d,2,1,12-277
obqa,obqa_0e36b81f36549f9c935d,3,1,14-1087
obqa,obqa_98dbca7cef906ad2c011,4,1,10-1070
obqa,obqa_0897e9742f29834e00f4,0,1,8-283
obqa,obqa_d79bf4471b9c9553890b,1,1,12-554
obqa,obqa_5cc94c8668b441ab8706,2,1,14-704
obqa,obqa_849db43bf3270eca692e,3,1,8-286
obqa,obqa_9c7a164f5d618f0f5089,4,1,14-922
obqa,obqa_5c00deffdf5fa88ad03e,0,1,14-1316
obqa,obqa_5b1ab3eb31fbe426545d,1,1,12-58
obqa,obqa_19a72bbda9ab5056a21b,2,1,13-513
obqa,obqa_1f1f3b075a9ad04521ee,3,1,10-447
obqa,obqa_6115f6482239fc7c62b6,4,1,14-165
obqa,obqa_38b89e6d4169fd26a525,0,1,14-406
obqa,obqa_83fa680202daa337aa9a,1,1,1453
obqa,obqa_da1b566e815d144cc993,2,1,10-585
obqa,obqa_a3a1ac5fad2da3693382,3,1,52
obqa,obqa_e662773f2139a11714f3,4,1,14-63
obqa,obqa_41e334c0e2ce56014188,0,1,13-416
obqa,obqa_7c032a0db16a8053e363,1,1,14-894
obqa,obqa_13e4293045a33acb89ec,2,1,13-98
obqa,obqa_2aa1365e56613d104da9,3,1,10-908
obqa,obqa_c57744fcc06a34377532,4,1,14-238
obqa,obqa_d99cdcfe2448757312dc,0,1,12-1212
obqa,obqa_b521d4f0919ae331fea9,1,1,10-409
obqa,obqa_64c606cb0c3eb73ccc99,2,1,9-767
obqa,obqa_307ae2c022a3c72f5199,3,1,14-1381
obqa,obqa_10905150f504c93a4e40,4,1,7-822
obqa,obqa_0e1078e639b86a5c3edb,0,1,14-9
obqa,obqa_d727aec52267d3703738,1,1,12-532
obqa,obqa_4ca01dbff65ffc7c4f4f,2,1,11-58
obqa,obqa_6060c329c72ec3e671ff,3,1,712
obqa,obqa_3fa0a7f8f9f664ba96ff,4,1,14-719
obqa,obqa_fe77f9d6b66053bf39f5,0,1,14-1178
obqa,obqa_49b119ff217a676781e6,1,1,14-694
obqa,obqa_8fda8827c5563d04960e,2,1,10-1013
obqa,obqa_843ec51c9c764da1582e,3,1,10-1226
obqa,obqa_c30c498ec6dc63261a21,4,1,12-820
obqa,obqa_7c99fdeea383cf7b304f,0,1,11-184
obqa,obqa_f812b80619bf680c5102,1,1,11-695
obqa,obqa_96fc1a9d0621a57917e9,2,1,13-788
obqa,obqa_10b763dfc9303d2a28b8,3,1,11-20
obqa,obqa_d6d2aa82b94801c11862,4,1,7-110
obqa,obqa_76c3c77d35e9fc810656,0,1,13-80
obqa,obqa_662699f4e4914f5671f6,1,1,14-263
obqa,obqa_516a89137d1cfce26fb2,2,1,1705
obqa,obqa_9575865e460bdabfc246,3,1,7-874
obqa,obqa_d5cec2ae62e3dd7dc5c4,4,1,14-53
obqa,obqa_55accea7153b25746c0a,0,1,11-580
obqa,obqa_4497de126e4e34e65dc6,1,1,8-50
obqa,obqa_33f4b1b8fca54f2ed444,2,1,11-243
obqa,obqa_11c858798a247786df24,3,1,8-339
obqa,obqa_69087475284630e0d1cd,4,1,8-297
obqa,obqa_f74fc2d29fed32c12f8a,0,1,9-92
obqa,obqa_c0abfdfe1405311d5e89,1,1,9-1074
obqa,obqa_44b9ee3e28a951fc2b21,2,1,14-106
obqa,obqa_0a4b039b8fbfac490aaf,3,1,834
obqa,obqa_700a6b4349b387abaec6,4,1,11-531
obqa,obqa_0fce39077c9ffccdfac9,0,1,833
obqa,obqa_ad7cdfcc91b0a40ad505,1,1,13-835
obqa,obqa_3c36e8c5710cbb0d34eb,2,1,10-939
obqa,obqa_7f5adbe6b4830e0e2e1f,3,1,7-117
obqa,obqa_39e76bd7ae61f33ae6c6,4,1,10-370
obqa,obqa_d8dfcd4aef4d1c0967b8,0,1,12-1003
obqa,obqa_706e9e6de39bbdd8aad8,1,1,14-651
obqa,obqa_90b4d3d87b3e41090e2d,2,1,12-256
obqa,obqa_7be67642fce52e5ad9a6,3,1,11-414
obqa,obqa_701bbfe17c94c755d786,4,1,12-121
obqa,obqa_648d64d4e056ab2f877e,0,1,1091
obqa,obqa_80cff9df667171535841,1,1,13-933
obqa,obqa_c4b5c58268247fc53f94,2,1,11-575
obqa,obqa_3d96659d1cfc6cdd6f9b,3,1,10-201
obqa,obqa_26a980ffd765c398999a,4,1,10-325
obqa,obqa_5a3e90d0d59f6b1870a4,0,1,9-872
obqa,obqa_993097ec38ed3902e098,1,1,14-600
obqa,obqa_2c7dcff4adcbbe990a65,2,1,10-344
obqa,obqa_822b31af520563da4dbc,3,1,11-245
obqa,obqa_2caeb23da4a087ad159a,4,1,13-668
obqa,obqa_7de3e412ddf8719b5609,0,1,11-508
obqa,obqa_f468e9c32a30bb5ef5f6,1,1,12-495
obqa,obqa_d1c98017c5a3f2103976,2,1,11-325
obqa,obqa_3284c73d3c7d071f3d89,3,1,12-864
obqa,obqa_cf25c73bad9f3a34ba75,4,1,9-10
obqa,obqa_fd72d2e74d0f9a116f1e,0,1,13-344
obqa,obqa_d1be26d4a90f8add65af,1,1,12-582
obqa,obqa_7daf4c293f61bc26af9c,2,1,11-27
obqa,obqa_b83f2c2b51f2588e167d,3,1,12-157
obqa,obqa_386329063ab17b87221c,4,1,12-506
obqa,obqa_eac2377e7f711a7df3b7,0,1,14-761
obqa,obqa_a905368898861709b228,1,1,14-71
obqa,obqa_2aa4ea306afae38409ff,2,1,14-1386
obqa,obqa_42cdc1839bb11576b7f0,3,1,13-3
obqa,obqa_c40779c0eea5d181a60d,4,1,14-1083
obqa,obqa_4d9182b801cde148d519,0,1,14-935
obqa,obqa_018f6bc72b559f4d3ba4,1,1,10-1144
obqa,obqa_dbd7f49ec0d7c0a8ef22,2,1,14-1363
obqa,obqa_de8d7daea28fb4df634d,3,1,14-820
obqa,obqa_688be1eb2960e2c39d59,4,1,10-676
obqa,obqa_022c9d2ac3f2936156f4,0,1,10-39
obqa,obqa_71e9f3e840e43bfaa91d,1,1,1860
obqa,obqa_e2e4a1f8f12f29421e12,2,1,13-17
obqa,obqa_14c6cdd8d2b80138951e,3,1,12-511
obqa,obqa_9a272985d0124b17db65,4,1,12-155
obqa,obqa_0397c047b6df4c058c4c,0,1,14-801
obqa,obqa_70a6af5983a204f0e88c,1,1,12-292
obqa,obqa_ed4faf71e4af643c2d35,2,1,10-1168
obqa,obqa_be2a0824cc6468bf6f9a,3,1,12-663
obqa,obqa_07e4daa4396063a3970e,4,1,336
obqa,obqa_3fa2508eb6a68ce6b688,0,1,13-712
obqa,obqa_108f96a9f58ba9f0c2b1,1,1,12-972
obqa,obqa_d5aa39f7cae0c2135e8f,2,1,10-595
obqa,obqa_2b423a73f564a2c59eec,3,1,14-187
obqa,obqa_566100296034c3160b73,4,1,9-444
obqa,obqa_80c542c839ff7df64f4c,0,1,9-679
obqa,obqa_cc1d954fffab11634e44,1,1,1111
obqa,obqa_90da8032987fb23393e6,2,1,13-479
obqa,obqa_d4cb0c6a83c6c9eeeb34,3,1,14-287
obqa,obqa_93472df01b7b369a9b4d,4,1,13-984
obqa,obqa_8f9eb10269674168317f,0,1,11-645
obqa,obqa_c48d8cd4105f6a1de8a5,1,1,10-482
obqa,obqa_402cf207b5f7e37bab6b,2,1,9-706
obqa,obqa_c80508a62a41198d3beb,3,1,13-177
obqa,obqa_8a7a4291c5bbfd33007a,4,1,14-505
obqa,obqa_66c2e6ba167a9d549c90,0,1,13-5
obqa,obqa_5601d52a58292d4fbfb0,1,1,1413
obqa,obqa_fd54f71c41f33fb2e118,2,1,13-198
obqa,obqa_2a5b8b5e11d7ad3aa7fc,3,1,13-810
obqa,obqa_88fca975db376fbfefc9,4,1,7-1037
obqa,obqa_af354e91a5fd81581858,0,1,14-742
obqa,obqa_7387490af4ce60d6a2b8,1,1,13-15
obqa,obqa_6ed69f8db0b22219fe94,2,1,13-1
obqa,obqa_2454de5e3eee160081f5,3,1,7-78
obqa,obqa_253cda45e92339a477f2,4,1,14-1137
obqa,obqa_2f2bea3ceac3761aec8e,0,1,13-769
obqa,obqa_29fc73c47d03fc04d2a9,1,1,10-1200
obqa,obqa_e840975b372cbdace24f,2,1,12-1166
obqa,obqa_bf872762774bd2f44811,3,1,14-464
obqa,obqa_ed94c5d4eeb1595e58eb,4,1,12-16
obqa,obqa_541f3e1fcdbd47d8433d,0,1,11-159
obqa,obqa_4fba5ba04346552be5b9,1,1,203
obqa,obqa_74049eebb7c46cac7f83,2,1,7-824
obqa,obqa_9ebf64503a7c44323be3,3,1,10-721
obqa,obqa_763e073427f5c55311c8,4,1,14-1294
obqa,obqa_ccbce477e6f260fda5b6,0,1,12-26
obqa,obqa_9baf86337b8516af4d66,1,1,14-795
obqa,obqa_3e2bd62078cb0b3605d0,2,1,12-218
obqa,obqa_dd39b62e1fab0057042e,3,1,13-809
obqa,obqa_a9748931c136ae327356,4,1,7-74
obqa,obqa_28fd8de57ec4b50a81fa,0,1,13-790
obqa,obqa_97f3f96f8a5d6f6bcc91,1,1,7-834
obqa,obqa_510262029bb31090a2fa,2,1,13-538
obqa,obqa_fe2fecf994ed9ea3a03f,3,1,1299
obqa,obqa_77c8f39a314260b72e2d,4,1,12-189
obqa,obqa_15103abcace175f21f9e,0,1,7-235
obqa,obqa_3083883489ae9bc68e8a,1,1,10-312
obqa,obqa_4810b05870a644f58f67,2,1,14-1177
obqa,obqa_9b179aeecbffac66487f,3,1,7-45
obqa,obqa_23de026f8867b675a7ea,4,1,14-1000
obqa,obqa_612120dce6b2a887c43a,0,1,13-865
obqa,obqa_9bf6cb76d76fcfb62340,1,1,12-756
obqa,obqa_581bba3d2231552ea35d,2,1,12-383
obqa,obqa_4bece1f82aa9f299490d,3,1,10-655
obqa,obqa_c5f4fcd91b0d415bc489,4,1,13-28
obqa,obqa_e848d7dcbdee070ad962,0,1,10-682
obqa,obqa_19a5bb7405d2639d63e6,1,1,10-5
obqa,obqa_b0fcf25ca396f2ac5b32,2,1,13-805
obqa,obqa_39d031960430394ed097,3,1,10-479
obqa,obqa_51217954e1ec3f0eeba0,4,1,11-253
obqa,obqa_fd3ca31758a361093378,0,1,10-106
obqa,obqa_c6e43277314f405ed488,1,1,14-601
obqa,obqa_1f111cea04c8c788cd27,2,1,14-1295
obqa,obqa_c068931682da87c9868e,3,1,7-1085
obqa,obqa_72289f7a81d5696e4fb2,4,1,14-538
obqa,obqa_abc0a546ef98654281f3,0,1,7-712
obqa,obqa_99d395f11208393444f5,1,1,14-1438
obqa,obqa_728bb452d70ba945906f,2,1,13-710
obqa,obqa_d756610b150f56758a42,3,1,930
obqa,obqa_00431d755cc50f101a0a,4,1,7-514
obqa,obqa_d265ab8a942966b984e8,0,1,7-1090
obqa,obqa_4d911228af130891b7a0,1,1,12-371
obqa,obqa_2468a17d0b5cac5c990d,2,1,13-1036
obqa,obqa_f78d1a12adc11a18359f,3,1,14-762
obqa,obqa_c9e5f55d559ab193a40c,4,1,9-939
obqa,obqa_501bed23014dbcdb6c47,0,1,12-948
obqa,obqa_74a59002a1654fcbcdc5,1,1,11-448
obqa,obqa_9f3d4e9d162a38f95518,2,1,14-681
obqa,obqa_447c8849eac681788d8b,3,1,13-572
obqa,obqa_dba641bc85c8ee94dda9,4,1,1466
obqa,obqa_1c634557e4133b291048,0,1,13-93
obqa,obqa_8a1deca916e9b25a5b8d,1,1,9-913
obqa,obqa_7ad862dbc20cbd028d67,2,1,1878
obqa,obqa_c7fe9cadb6aa9aeaf42e,3,1,13-121
obqa,obqa_b4bd004b5953369ba07e,4,1,1172
obqa,obqa_9fd41e8954f9ea039e67,0,1,12-892
obqa,obqa_ef8b07b4b7eb5ca6244d,1,1,11-155
obqa,obqa_ba782dfd4c6bee431164,2,1,12-214
obqa,obqa_2288830e095f5316030c,3,1,10-985
obqa,obqa_55f96f67ff04b9c4bff9,4,1,121
obqa,obqa_405cefbdaf5893908c49,0,1,10-758
obqa,obqa_027a41a4940ce284a60f,1,1,12-289
obqa,obqa_86e2d1bd6dfbe048c930,2,1,9-923
obqa,obqa_b6f145bdd367a95322bb,3,1,12-380
obqa,obqa_82b2ecf58d8a4c0a1390,4,1,13-560
obqa,obqa_00b620d39a7fe7ba8378,0,1,13-330
obqa,obqa_550a20ead8552702fdb0,1,1,7-180
obqa,obqa_3c1b1264d50c9c7f0980,2,1,12-469
obqa,obqa_8db2774f6315077f5f2a,3,1,14-399
obqa,obqa_19bf6bb83b5115904576,4,1,10-310
obqa,obqa_e8b3e745a6ba8b992bed,0,1,10-143
obqa,obqa_bb6574dff195ea6c3303,1,1,8-73
obqa,obqa_870949573c0d2531f8d7,2,1,11-496
obqa,obqa_674506ed799c01dfdc60,3,1,10-331
obqa,obqa_fa18a5976a68583091a8,4,1,14-369
obqa,obqa_9924f1950ca5710e0104,0,1,13-77
obqa,obqa_6149d6d4e901410fa69a,1,1,13-262
obqa,obqa_83daef9f723638cba656,2,1,13-658
obqa,obqa_47b8396861469b00ba24,3,1,12-364
obqa,obqa_34219525cc8f9f5263cb,4,1,13-717
obqa,obqa_7cb7407583618978bcdb,0,1,11-661
obqa,obqa_79e2adb5b0142dc33e2f,1,1,8-152
obqa,obqa_bf57100577dd1aabfabd,2,1,14-27
obqa,obqa_fbc1f0e6a899304817fb,3,1,12-772
obqa,obqa_81e3ef59db3e8d0f88c9,4,1,12-994
obqa,obqa_2e06df1e9f5d4e49b42f,0,1,13-83
obqa,obqa_f1367bd30fa7bcbc0fac,1,1,13-760
obqa,obqa_a3c9e1d35b7f3b6f7dee,2,1,10-315
obqa,obqa_21b1bda1d8285a7d307b,3,1,14
obqa,obqa_4f577aca9976505a7ff2,4,1,12-546
obqa,obqa_20df1a4b7ec8f9057d0c,0,1,12-883
obqa,obqa_3646a58ea5b3422e0a74,1,1,10-733
obqa,obqa_1be7a9fcc4eeae8879a6,2,1,12-179
obqa,obqa_cd74258eb1f97af41b5f,3,1,14-554
obqa,obqa_c571ecc4c4a6b9e873d9,4,1,13-584
obqa,obqa_6b5238550dc2094cfe81,0,1,10-383
obqa,obqa_3c2937d442522fa52ba4,1,1,11-1
obqa,obqa_8038b1d4b69a65470256,2,1,14-141
obqa,obqa_5b9d1fc31426f64ef325,3,1,13-134
obqa,obqa_c7544d8c451f14e3b2ef,4,1,14-1231
obqa,obqa_0294c902d2b108a746ca,0,1,12-398
obqa,obqa_75886d5b2ccb9df51a91,1,1,11-555
obqa,obqa_6d5d859281cfc49fdcea,2,1,11-28
obqa,obqa_120599afc1296c309c68,3,1,12-833
obqa,obqa_9afa2a3851a4b9cfc109,4,1,13-1048
obqa,obqa_c0dc56504f50988c15f9,0,1,10
obqa,obqa_6ab63181ee09d6fd37af,1,1,9-441
obqa,obqa_bbadc468bd2481924163,2,1,13-235
obqa,obqa_813548c0f45fcc49fc92,3,1,9-1143
obqa,obqa_47b913959783447b6ea5,4,1,13-747
obqa,obqa_d3319bfac0ced7acba09,0,1,14-344
obqa,obqa_66f6b5fcd36b627bb920,1,1,13-1000
obqa,obqa_bcfd14c1a3dda578d303,2,1,9-1174
obqa,obqa_55cb7039b1a2d81c52a9,3,1,14-881
obqa,obqa_7a180a20ce6c5b4c384c,4,1,10-603
obqa,obqa_af36bba343dc8542e62d,0,1,7-271
obqa,obqa_2b0d8ae2a26096e87a91,1,1,11-464
obqa,obqa_784e64dbab7e84521c10,2,1,7-449
obqa,obqa_a1ca37d97b95f01f601b,3,1,13-574
obqa,obqa_562f6b6a7bc1ec7fad77,4,1,7-332
obqa,obqa_794ebd61a61803dbd348,0,1,9-62
obqa,obqa_27d6e4f4f92bc7b4ae66,1,1,7-350
obqa,obqa_16b39d5d6a92a1a329d0,2,1,14-284
obqa,obqa_17f1e4a958b12d7d1250,3,1,10-545
obqa,obqa_d9b7ae8b5e0730ac97f0,4,1,12-758
obqa,obqa_060c339e66e47fb9245c,0,1,14-721
obqa,obqa_b238c55575d618a6f019,1,1,11-363
obqa,obqa_27d94f66bb4c01db9b91,2,1,1505
obqa,obqa_0eea37bebb170491956e,3,1,9-1050
obqa,obqa_794bf41fa7df3fa9707d,4,1,13-818
obqa,obqa_e00044e839ba82b7ba19,0,1,11-467
obqa,obqa_df90be73e8fc630d5b6e,1,1,11-689
obqa,obqa_eca7378ed40763aebcb7,2,1,9-1185
obqa,obqa_454a506d7c574d7876f1,3,1,10-1008
obqa,obqa_465b0686455f58d0224f,4,1,12-418
obqa,obqa_94e4e7b9f3a03f7a2646,0,1,13-686
obqa,obqa_5a352a082f67e61a3111,1,1,12-99
obqa,obqa_4228ae153fda60345825,2,1,11-549
obqa,obqa_25afdd9ef4f495d3d459,3,1,8-164
obqa,obqa_fe179ee7d2ff46cdc94a,4,1,13-472
obqa,obqa_6d7427ac8c01fe4b5c4e,0,1,8-72
obqa,obqa_2edebd0568bf58be50ec,1,1,792
obqa,obqa_589b736a58ad466644c8,2,1,13-995
obqa,obqa_ab741748bcc3b5b13dcb,3,1,10-445
obqa,obqa_9bf27e59699e5e893e3a,4,1,9-568
obqa,obqa_1f29378bc5ca17afd3d5,0,1,12-460
obqa,obqa_e9755d189c3937a35607,1,1,9-475
obqa,obqa_b02cddb939b648590514,2,1,10-332
obqa,obqa_f7524439b5cf69d86e34,3,1,14-517
obqa,obqa_5d61e6a2820653b27f87,4,1,10-230
obqa,obqa_bca9439275d3924c5a09,0,1,8-474
obqa,obqa_a273d91e3c903bd46be0,1,1,12-893
obqa,obqa_cb3f4ea5c8444a28c613,2,1,12-490
obqa,obqa_54506645f484b2f149af,3,1,210
obqa,obqa_8a9341df41dc16906de3,4,1,13-903
obqa,obqa_db21cdb27a6a871c146f,0,1,10-940
obqa,obqa_68ce7d8a5158799ef4cb,1,1,10-831
obqa,obqa_3d597637b2aa414be2df,2,1,12-377
obqa,obqa_0871b646b03880d6e397,3,1,1721
obqa,obqa_f6d3b822d1adb3da8cce,4,1,14-1359
obqa,obqa_4abdb0980e2e04044325,0,1,11-489
obqa,obqa_62d1a71f082ec3e93186,1,1,14-359
obqa,obqa_fefb13e952ea2c0e8f48,2,1,10-632
obqa,obqa_21b8c035a6adc84bf507,3,1,12-596
obqa,obqa_8409e19f0ef4f1b48e13,4,1,14-59
obqa,obqa_36d5c3350ba2508ac51f,0,1,13-996
obqa,obqa_2af4f3aa7de7e5468cfc,1,1,14-490
obqa,obqa_449020403faeaea89b38,2,1,9-157
obqa,obqa_b3654dfefa530269b70b,3,1,14-1213
obqa,obqa_078dbc50d35cfa2e26d1,4,1,14-1034
obqa,obqa_6ab312f3ed175f10e621,0,1,8-120
obqa,obqa_ddc38a391c276533cdff,1,1,12-6
obqa,obqa_026d6fd5a4e0900be3bc,2,1,13-386
obqa,obqa_2512406fe4b00de41105,3,1,13-1025
obqa,obqa_c41941376b7e67164f39,4,1,12-656
obqa,obqa_3c4db39c1abbd7c34ff7,0,1,14-219
obqa,obqa_e509cb7d5ddf3aaa72a9,1,1,13-435
obqa,obqa_df9ddad0208f6edaaf7a,2,1,11-350
obqa,obqa_2b7aecc3f7bf78d22dd1,3,1,1589
obqa,obqa_ef17870beb49d5f5a1b0,4,1,7-1070
obqa,obqa_c6997a168aadbebe0dce,0,1,1005
obqa,obqa_69a2173136f899d4fa7c,1,1,11-5
obqa,obqa_43cbbe38db42a9c04d50,2,1,1844
obqa,obqa_038a25d0f17de67f8df8,3,1,10-668
obqa,obqa_34c0426a8b0ea2086e52,4,1,12-544
obqa,obqa_63fa4538e6f7278f7230,0,1,74
obqa,obqa_63049893ae2c6d07119e,1,1,13-320
obqa,obqa_08baf4e36020bfb2f7a4,2,1,14-1259
obqa,obqa_eaae6c281dc5b2de25d1,3,1,10-123
obqa,obqa_f1ee1f4ad6b3b30863ca,4,1,14-1184
obqa,obqa_158787895d2303696a2a,0,1,11-427
obqa,obqa_65ed0300321a1c657f87,1,1,13-1027
obqa,obqa_17f6b8b75cb3d91508c8,2,1,10-23
obqa,obqa_490dee8cd3bb9a69e09c,3,1,7-532
obqa,obqa_5cbc53b0cb11b8e421e0,4,1,11-479
obqa,obqa_91bea5915070d15b7039,0,1,10-469
obqa,obqa_093ad128df295dc04cfa,1,1,10-513
obqa,obqa_78558f8d79ae002b475d,2,1,13-2
obqa,obqa_7ca12b93c53662ed1a7c,3,1,12-941
obqa,obqa_81eeb68de56579679f5a,4,1,14-1417
obqa,obqa_0980e6f09fd26b0d5d97,0,1,10-219
obqa,obqa_2ed680c226d4fcc11898,1,1,10-884
obqa,obqa_e59e83f11bc52e5822af,2,1,14-171
obqa,obqa_1e94c068f155898e1978,3,1,10-487
obqa,obqa_fa709bf350b62eaecc48,4,1,14-148
obqa,obqa_7806f4f44813130b4c74,0,1,10-1048
obqa,obqa_d680f9d968d3243da0df,1,1,10-345
obqa,obqa_1957f994a199bd61643c,2,1,10-1103
obqa,obqa_79f5205500517f3f4e5d,3,1,12-1113
obqa,obqa_a68226d8f1276679fa17,4,1,8-377
obqa,obqa_7b35d9f07200f6979bc3,0,1,14-656
obqa,obqa_2bf9e68be9f58c75bc6e,1,1,14-442
obqa,obqa_223b88ace25e4efc5484,2,1,14-1196
obqa,obqa_58189781492ad53d8491,3,1,10-767
obqa,obqa_94a0595394ab4c7b039b,4,1,14-808
obqa,obqa_794d00256d68ab2ed0e3,0,1,8-20
obqa,obqa_992dbaac3965a83b70a1,1,1,12-1144
obqa,obqa_d1198951b9dfd7d0aea0,2,1,1529
obqa,obqa_b9f5e598732279eec4a1,3,1,10-986
obqa,obqa_fbe525b9965c65dba0f9,4,1,10-289
obqa,obqa_43893fd4ce42f333df26,0,1,7-286
obqa,obqa_d6f21ae11ac5feec5207,1,1,11-388
obqa,obqa_a8bf70598ee9e9dd34cb,2,1,13-333
obqa,obqa_ed1405a248f82d01d394,3,1,12-215
obqa,obqa_c640e0972351355ecc3f,4,1,12-861
obqa,obqa_981a2ca24285688edeca,0,1,14-646
obqa,obqa_f1d5efae08d7d570e8f0,1,1,13-952
obqa,obqa_49ede4dde12ff2158d0c,2,1,13-383
obqa,obqa_8e8d5f6844f0d3d88305,3,1,7-994
obqa,obqa_0cb19a97f9d1dff2a48c,4,1,9-1127
obqa,obqa_0e3d70d02547d90f6a8d,0,1,12-133
obqa,obqa_17542f7b586c0de6de7e,1,1,10-485
obqa,obqa_bb7b4e499ec95bc2ad94,2,1,7-186
obqa,obqa_67643c55b735c79b2139,3,1,7-420
obqa,obqa_8482a3d808fb1d9c869b,4,1,14-1509
obqa,obqa_e41a8280894205f9a4c4,0,1,14-864
obqa,obqa_6b331557935b44dddb57,1,1,9-1156
obqa,obqa_80d7b9810d892cd031ee,2,1,1509
obqa,obqa_70f4ec75e7202e83ac32,3,1,13-136
obqa,obqa_0bf40f10803c77cd2872,4,1,9-836
obqa,obqa_377a1fc6ff416e3ba0c2,0,1,12-595
obqa,obqa_f09d77c8af684bca5711,1,1,10-44
obqa,obqa_24884860e16ec5dbd600,2,1,9-207
obqa,obqa_54cb789337fac80c5cba,3,1,12-329
obqa,obqa_6fed5ac434d22a85d643,4,1,1703
obqa,obqa_261f72d3d127dde60f3d,0,1,11-212
obqa,obqa_55663fa417dbe305e615,1,1,8-452
obqa,obqa_b7fcad8ff0bbdf618b5c,2,1,14-180
obqa,obqa_dc181c4a36812ab19ee2,3,1,12-729
obqa,obqa_c151e6dcec82957dac36,4,1,14-667
obqa,obqa_6084d6ea890232e5baa5,0,1,11-728
obqa,obqa_bb7d4431870c9e340447,1,1,11-134
obqa,obqa_b5c2d47d44b9e8194459,2,1,13-211
obqa,obqa_ef3818cfb59e1f07d1f0,3,1,9-1177
obqa,obqa_eac2c4f6f64521141455,4,1,10-129
obqa,obqa_131a36bbdf2b8c45c9f0,0,1,9-787
obqa,obqa_21736f1418ead185b87c,1,1,12-1126
obqa,obqa_8fda985c46a6341e4481,2,1,10-1174
obqa,obqa_6f2d23322f4a7c9ed44a,3,1,14-217
obqa,obqa_398ac278b75a93254ca0,4,1,9-880
obqa,obqa_6389a35d1c044095a3dc,0,1,11-286
obqa,obqa_ecfe6631e605aed68d39,1,1,11-167
obqa,obqa_a159ccb9b627a50e9877,2,1,7-546
obqa,obqa_1fdd2b6cfb73aabac8b4,3,1,10-1118
obqa,obqa_5c70377b574a353cc94f,4,1,11-78
obqa,obqa_baf3893705a2b1c2a2ca,0,1,12-192
obqa,obqa_281d88ee9fc01cc904ee,1,1,14-1011
obqa,obqa_b6b1502e201b3c3acdb6,2,1,13-883
obqa,obqa_b1a265071140d47d4418,3,1,11-264
obqa,obqa_0a0ebd2c8fcdcbdeb577,4,1,619
obqa,obqa_05e732c04572810da631,0,1,12-847
obqa,obqa_ce2389da9afa6a9902fa,1,1,12-1158
obqa,obqa_89f748cae115b670c5da,2,1,14-1287
obqa,obqa_f2ccbe7dc6a232e5edfd,3,1,7-12
obqa,obqa_0f00c7dcf2e3db39bac5,4,1,12-668
obqa,obqa_85b3821d0fc769c3a10b,0,1,10-857
obqa,obqa_6fb69f885792f283f788,1,1,12-1076
obqa,obqa_88cb90f8917874023c0e,2,1,7-939
obqa,obqa_b5408671d42461d06f09,3,1,14-281
obqa,obqa_0b3034aa46948599cb71,4,1,10-1199
obqa,obqa_768c9421034751afbbf8,0,1,10-490
obqa,obqa_65f0fa918be5fd5081c7,1,1,1386
obqa,obqa_2d6034a5fd70b7825b40,2,1,7-1023
obqa,obqa_eaaff1fc5b8b26d75293,3,1,11-572
obqa,obqa_18f7033f6620b12b596d,4,1,13-455
obqa,obqa_fe21ff3acebb1673dd7e,0,1,12-64
obqa,obqa_908def040595b839027d,1,1,14-445
obqa,obqa_2aac0aece260aab9efb2,2,1,14-3
obqa,obqa_dbbae6c0bcaf7d4f4d28,3,1,14-1047
obqa,obqa_8d65ba3589cee292968b,4,1,12-906
obqa,obqa_0b52955ef3417500fe79,0,1,9-291
obqa,obqa_1139fbc51d24c30c69d9,1,1,8-330
obqa,obqa_5f654211310411fc843a,2,1,8-405
obqa,obqa_5217eb947b9b0dfd6875,3,1,13-114
obqa,obqa_45d0729714c9d95a379b,4,1,14-1066
obqa,obqa_2623fc524cd5f3645239,0,1,14-983
obqa,obqa_fbdb7183252e8cb14fba,1,1,7-1147
obqa,obqa_3094b41fab4187a56a64,2,1,10-674
obqa,obqa_fc30bd468aaeb676ef5e,3,1,11-7
obqa,obqa_6f2fad6a07c752380e1a,4,1,7-754
obqa,obqa_6f673bfc4ddc5a040464,0,1,11-594
obqa,obqa_7557232204a770e809b2,1,1,10-163
obqa,obqa_578f8a1a18536c48dd5e,2,1,10-1093
obqa,obqa_4bdf08b3defbb4144ef8,3,1,12-403
obqa,obqa_fb3bb95fc4594d7628ac,4,1,12-660
obqa,obqa_14640e742ef9ab4b834d,0,1,12-504
obqa,obqa_f2bc87fc2ece4cea9898,1,1,11-123
obqa,obqa_499d318eb56b702968e9,2,1,7-121
obqa,obqa_a8399479d642f6bf69f6,3,1,10-440
obqa,obqa_94918ad90de582aa8855,4,1,12-386
obqa,obqa_e35adc4c51c043834522,0,1,12-159
obqa,obqa_35b32b4649a85ba09dac,1,1,7-792
obqa,obqa_e65edd7c33e632bc0793,2,1,8-407
obqa,obqa_c35b169c7cddf3bb39fd,3,1,10-81
obqa,obqa_05fa945437f4dbb93823,4,1,13-699
obqa,obqa_44ac1b39dbfdd06ec06c,0,1,12-491
obqa,obqa_ad526a3bf8d279f9aabb,1,1,10-727
obqa,obqa_e9ab14bae8b79745da33,2,1,10-502
obqa,obqa_ecc64beb98773944b151,3,1,11-621
obqa,obqa_8d7a40fca15187593425,4,1,10-626
obqa,obqa_78772b32eb2160a54bea,0,1,1336
obqa,obqa_b1a425191102048f0b6f,1,1,13-610
obqa,obqa_9c646ae8ea642a7e26dc,2,1,11-477
obqa,obqa_539e63e20437c55ce7a7,3,1,10-358
obqa,obqa_3cc4e95cdb622c40d5a0,4,1,12-653
obqa,obqa_7b53a50266b6bab0b291,0,1,14-953
obqa,obqa_1797a72131b8047b2586,1,1,14-669
obqa,obqa_b2028b463419db920358,2,1,9-139
obqa,obqa_978e665fd0c108ccacc4,3,1,13-541
obqa,obqa_e5469d347bd29acb3c71,4,1,1001
obqa,obqa_1bd773658b9af189230d,0,1,893
obqa,obqa_f234acf601de2c2cc9a0,1,1,10-612
obqa,obqa_0a4e3a67ce6625d1558c,2,1,13-30
obqa,obqa_937f0c2a6e0311f2bfbf,3,1,13-82
obqa,obqa_9b0e4cf2b31de512edb5,4,1,14-404
obqa,obqa_6f0e946090be7dec1832,0,1,12-1112
obqa,obqa_94332b69693e2af6171a,1,1,10-472
obqa,obqa_6b26198fba599956bed1,2,1,7-342
obqa,obqa_8643ce911ba5caea22d8,3,1,10-278
obqa,obqa_c3055927a28f42c56bd5,4,1,10-740
obqa,obqa_2cd9aa3e76d4f51a7a2f,0,1,13-497
obqa,obqa_2fc545ca72cc97ee663a,1,1,14-1493
obqa,obqa_5e8f48e8936161206a96,2,1,14-1144
obqa,obqa_d977d53dba234a18c982,3,1,11-651
obqa,obqa_04d3a7b1e6ab7f175852,4,1,116
obqa,obqa_56681876992ed5acd81c,0,1,7-716
obqa,obqa_e1ad702b835d55afd332,1,1,12-406
obqa,obqa_eb25de1b8375c19572af,2,1,7-622
obqa,obqa_42a0c517748950c682e8,3,1,1658
obqa,obqa_d34802e1fb5368f1d085,4,1,10-771
obqa,obqa_ef33b8e1fbaa3b108308,0,1,12-255
obqa,obqa_970da3a863ca6f53e475,1,1,1898
obqa,obqa_da411ea0d924dd52364b,2,1,13-358
obqa,obqa_14b210b05a68863497df,3,1,14-1061
obqa,obqa_eea87c422776bbc31729,4,1,8-485
obqa,obqa_d2978670f409332f2bc0,0,1,7-722
obqa,obqa_54d561a1b2523d3b0802,1,1,9-234
obqa,obqa_ac54503e6dbf18a55609,2,1,12-563
obqa,obqa_6e480a02a67bca8fd908,3,1,10-1124
obqa,obqa_2ec7213372cd6d9b714e,4,1,10-283
obqa,obqa_b27885fb82db2d73148f,0,1,10-1117
obqa,obqa_4a41b2b3052297e78db6,1,1,14-416
obqa,obqa_d60a1b06bc9fac8b8aca,2,1,1681
obqa,obqa_996b0e44eb36572f2f62,3,1,12-258
obqa,obqa_0b3cfa53776bf2bf9e7d,4,1,12-1157
obqa,obqa_5bcfa66276906a53e81d,0,1,14-709
obqa,obqa_5aefa8639799babdbc00,1,1,13-780
obqa,obqa_d2176790b6c4f8808024,2,1,13-520
obqa,obqa_614486cc4b2bc83c59e2,3,1,12-875
obqa,obqa_032d776def8790fb2dbd,4,1,11-674
obqa,obqa_f9fa6d7ab840081fd286,0,1,13-4
obqa,obqa_b4d2c9d429e9a1a16e64,1,1,13-766
obqa,obqa_9e8595eac1a53ad06068,2,1,12-878
obqa,obqa_3b85ba72224252c8cfde,3,1,13-661
obqa,obqa_c7a7672db85449090593,4,1,12-52
obqa,obqa_bc8fc85a9c0fca160570,0,1,10-1151
obqa,obqa_9285a525ebd3c23844c1,1,1,10-1083
obqa,obqa_9281a3dd1e76422d8845,2,1,12-965
obqa,obqa_5beeb7401548f531d540,3,1,11-332
obqa,obqa_d9144e21fa7bd23cedda,4,1,12-1133
obqa,obqa_913abc2ebd95fba00a08,0,1,11-92
obqa,obqa_989382220e25f5df842a,1,1,10-781
obqa,obqa_7a75e8b7b3191b015233,2,1,12-1073
obqa,obqa_caa39eea512a8a7e1f29,3,1,12-1005
obqa,obqa_bdcc29584295f975452a,4,1,13-164
obqa,obqa_74b394c416e2b13325d5,0,1,13-864
obqa,obqa_a5a5b3a832f1186f4d2a,1,1,12-899
obqa,obqa_2cba5e4a3e4c4c3b1b58,2,1,13-195
obqa,obqa_8ef9061575a6ac64a5c4,3,1,12-332
obqa,obqa_f79ee227a870cbbbc8c9,4,1,10-115
obqa,obqa_1fcd19c4624a14669383,0,1,9-667
obqa,obqa_2d5feb695d5755f604f8,1,1,30
obqa,obqa_a0769374ad8897522fc1,2,1,9-83
obqa,obqa_68c291471354e78daba5,3,1,10-591
obqa,obqa_6e1dcde60f6d66b78382,4,1,12-235
obqa,obqa_859dfaa37bffa8a109fb,0,1,13-602
obqa,obqa_3a6d0a9d49e359131313,1,1,10-604
obqa,obqa_1fbc1a13f552c0472c80,2,1,11-384
obqa,obqa_f26262ed224b4aa00a8e,3,1,10-614
obqa,obqa_b86f8d3fbb9954b656e8,4,1,10-400
obqa,obqa_3fac61ee8d1a41f7a4a1,0,1,9-328
obqa,obqa_e0e4a25b0f8e46ba9523,1,1,14-910
obqa,obqa_bec0edf85b84cd71ed7e,2,1,14-423
obqa,obqa_3d21b287902fe640fae4,3,1,1644
obqa,obqa_e2864a94750e4e593057,4,1,14-1449
obqa,obqa_728a14cddd66d1218d94,0,1,14-509
obqa,obqa_922520d8806348884518,1,1,10-990
obqa,obqa_ffa4b692c9ca0dbae44b,2,1,10-927
obqa,obqa_3b6ebc6c62bf2e364350,3,1,11-357
obqa,obqa_c983ddf2a9a1f19263f7,4,1,13-978
obqa,obqa_83612d16c5ac6a8b5e65,0,1,14-822
obqa,obqa_99c9a6bb95049e6a4cf0,1,1,1514
obqa,obqa_08635aebda74b1621e46,2,1,12-1087
obqa,obqa_d0ad505b2f1c2975aa85,3,1,8-476
obqa,obqa_e7190401b82fb9debeda,4,1,8-178
obqa,obqa_e1edc369c6c6e38db2d2,0,1,8-366
obqa,obqa_eeb22ff0251b077c9a35,1,1,1432
obqa,obqa_388ee2c9660f2ed3b09d,2,1,12-233
obqa,obqa_7ca1a46f1f5c48404e23,3,1,9-1131
obqa,obqa_dae9127e6ed226468da5,4,1,9-495
obqa,obqa_ad17dcd36557bc9d164a,0,1,13-910
obqa,obqa_4b888ee9a152b83d898e,1,1,13-335
obqa,obqa_411a12f5b2d3e68f4747,2,1,11-96
obqa,obqa_6a956474f3818496f5ee,3,1,14-616
obqa,obqa_1931a3ffb03b22597f5e,4,1,13-535
obqa,obqa_7a5cc0a9e23447fe94db,0,1,14-1125
obqa,obqa_400056bf78762c461b18,1,1,10-782
obqa,obqa_f09385fbcb7e23eaed4e,2,1,9-845
obqa,obqa_d5ada5ea363939f83537,3,1,11-527
obqa,obqa_ace1a471e3740f0bddbf,4,1,11-408
obqa,obqa_8f934756151ca86e3887,0,1,14-1506
obqa,obqa_829ec929cb26cf193319,1,1,10-816
obqa,obqa_53ad524e5df4a7e448a0,2,1,12-145
obqa,obqa_97c2633de0d26258c7b7,3,1,272
obqa,obqa_a36212550953980e37c0,4,1,707
obqa,obqa_71b643f88de4c2d40434,0,1,12-299
obqa,obqa_1dbfa34dfd9a8a8e3fa9,1,1,9-619
obqa,obqa_027ff8ac6b407e33f906,2,1,10-669
obqa,obqa_f7800679fe2d94b22b68,3,1,1045
obqa,obqa_ef5ad42eaf7cac60d467,4,1,13-765
obqa,obqa_4159004b7c4d7c1dc648,0,1,12-873
obqa,obqa_3a732dec8d22e12e2539,1,1,11-226
obqa,obqa_197490fddff94a73cca5,2,1,12-176
obqa,obqa_1466c729b276159ad565,3,1,7-568
obqa,obqa_19dd565efc767e3b5629,4,1,14-95
obqa,obqa_bdf88e4248354f00acf5,0,1,14-982
obqa,obqa_df9577eb9ece5c2aceeb,1,1,14-366
obqa,obqa_a5e3ab719dee50db914f,2,1,10-406
obqa,obqa_b98ee35adecede031d23,3,1,11-684
obqa,obqa_31bcec9fb5f4ad1abafc,4,1,10-761
obqa,obqa_2ebfec21a6d3138dfea0,0,1,11-685
obqa,obqa_cd35a1f4509e3b505782,1,1,11-120
obqa,obqa_5fb6d5e8a590c6c2c6c8,2,1,14-1167
obqa,obqa_571e2f3d95c028c41aca,3,1,14-1494
obqa,obqa_0be9e4751b841cc72ba1,4,1,12-194
obqa,obqa_7b5b03e311ea73d4069f,0,1,14-66
obqa,obqa_925bcd550e149f007116,1,1,681
obqa,obqa_cff062d4e37542a61a35,2,1,12-50
obqa,obqa_f14a3dd5d9225d108e6b,3,1,12-452
obqa,obqa_f0c7c8ac6615e02fecfe,4,1,14-473
obqa,obqa_f1cbfad2d1b8a73c016f,0,1,7-51
obqa,obqa_625c2bc8c4f11d46eb44,1,1,12-1064
obqa,obqa_605941a7ed53e4e23928,2,1,10-803
obqa,obqa_8aebd4480a663560738f,3,1,13-591
obqa,obqa_8d630d9231db4dc45f15,4,1,12-136
obqa,obqa_a49cbc68f2af29af55d1,0,1,13-604
obqa,obqa_1ea18acd5ecec70ca241,1,1,11-201
obqa,obqa_20ef023e8837d014ae8c,2,1,10-1012
obqa,obqa_77a4fe0b1dac1b5bfc07,3,1,13-735
obqa,obqa_560abcb10ba5a9657453,4,1,10-387
obqa,obqa_5deac6c0c1a8140f42e8,0,1,12-348
obqa,obqa_73f26b6ac55208367ddf,1,1,10-1054
obqa,obqa_57837435cb46d6b6690f,2,1,12-1209
obqa,obqa_161b5c8d547f375a0688,3,1,14-31
obqa,obqa_d9ff554c17e8bf43f674,4,1,14-1423
obqa,obqa_991c8e370faf0144e96f,0,1,7-1064
obqa,obqa_351e6125110ae011013d,1,1,7-368
obqa,obqa_589c2dd6c312bcec06bd,2,1,1946
obqa,obqa_0f3a979e3317690b255f,3,1,11-608
obqa,obqa_45d9f0836e1248c3176d,4,1,12-1188
obqa,obqa_da9cbaf1a04897461340,0,1,14-780
obqa,obqa_8c5e3c03190ab58fc6b5,1,1,14-12
obqa,obqa_22c77b4d538a139de8c1,2,1,9-660
obqa,obqa_547a04e3304be1ae4891,3,1,11-118
obqa,obqa_26eb3ca69118637b49ff,4,1,13-196
obqa,obqa_e597cbcdb643e6c39ad7,0,1,8-30
obqa,obqa_71e9e2b01279a6d76dae,1,1,14-986
obqa,obqa_686387504f7fec98271b,2,1,14-57
obqa,obqa_53682484fc1c191f36ac,3,1,14-13
obqa,obqa_fed668354360918a979b,4,1,10-839
obqa,obqa_f6cd4e5029b54ac63498,0,1,12-87
obqa,obqa_30a52ecd38eca265a08e,1,1,13-867
obqa,obqa_4d738fb3de038b8909ed,2,1,12-38
obqa,obqa_0d4acd299ae0176721b9,3,1,10-807
obqa,obqa_0b4efeae9f3216a32d2c,4,1,13-549
obqa,obqa_f03e72af2a9553fd2c30,0,1,14-58
obqa,obqa_609d13f63f98424ebb29,1,1,10-649
obqa,obqa_1c88c318bfa1342048c9,2,1,7-943
obqa,obqa_d6e57281090796b8bc06,3,1,7-1143
obqa,obqa_6a21e500d6fa3f03b4b8,4,1,11-328
obqa,obqa_607cc299445dcc2d42fe,0,1,11-588
obqa,obqa_5f4cf65dd9b6a8797a8e,1,1,13-336
obqa,obqa_4df0dbabe0672b48da28,2,1,9-379
obqa,obqa_2d5539b761b18cfbb83b,3,1,9-494
obqa,obqa_2a1483a887026f356329,4,1,13-1016
obqa,obqa_02cecf23f672e65aa9b9,0,1,876
obqa,obqa_f8daef98e55d5c611ccb,1,1,11-595
obqa,obqa_f3e8b38ab131f9cee539,2,1,12-735
obqa,obqa_6cf5a25e66537f7f3523,3,1,7-209
obqa,obqa_3d480bbb48f9745e0ca2,4,1,14-1256
obqa,obqa_34e855dbd7f6fa60431e,0,1,11-9
obqa,obqa_9ccd5575f217153a047f,1,1,14-1051
obqa,obqa_6bde65bb7f6369bea071,2,1,11-56
obqa,obqa_7e0676e13e121d3b8521,3,1,714
obqa,obqa_be84b87f0e7f9e3e30b9,4,1,9-293
obqa,obqa_85b1e47668847a9844ec,0,1,722
obqa,obqa_bf5985a2c87855c6394c,1,1,10-1073
obqa,obqa_d50295e67ccc6d17a91d,2,1,1241
obqa,obqa_e5e0b9b7b1a36061a62a,3,1,14-408
obqa,obqa_c2da9a3b40f3690df861,4,1,10-1023
obqa,obqa_b449f78cb8a8278fbaa8,0,1,11-413
obqa,obqa_d085da3d1660d4902d4e,1,1,10-559
obqa,obqa_0d8bb8998c95436481bd,2,1,10-1060
obqa,obqa_e7990457b31fb78cccef,3,1,13-49
obqa,obqa_6a06d2a060a66b9d58b8,4,1,12-441
obqa,obqa_59f53da78f09f176b081,0,1,13-85
obqa,obqa_a3dd7fb5c41c1fb2a766,1,1,13-860
obqa,obqa_4b267d693b37b4808bca,2,1,9-96
obqa,obqa_cb15557dd0fde08bf218,3,1,7-451
obqa,obqa_3c7cffdaf2c17e7cce47,4,1,14-575
obqa,obqa_0cedcec7fffa78cd5dd4,0,1,7-406
obqa,obqa_0d8d84102a08e6821b9a,1,1,12-198
obqa,obqa_0580824399827706590c,2,1,12-1107
obqa,obqa_4fb351a8a27cf3a6ee09,3,1,14-1158
obqa,obqa_2e1f90a4674e43647764,4,1,1302
obqa,obqa_22e5cb7c2fe34dedc6b3,0,1,14-923
obqa,obqa_63a8179e8281ae8da97f,1,1,13-217
obqa,obqa_bfc17f52379894883f48,2,1,10-987
obqa,obqa_e9a3816167694a2d0a94,3,1,12-350
obqa,obqa_986adbc82b0ba6569b82,4,1,9-439
obqa,obqa_c27c2871951b22bf88b4,0,1,10-473
obqa,obqa_28592297110b6da8d051,1,1,11-362
obqa,obqa_4a35ccf7d8f3fe001426,2,1,9-248
obqa,obqa_2318d463b370f3cb0a4c,3,1,14-1044
obqa,obqa_83be034f4c21c7866b14,4,1,14-1371
obqa,obqa_4ee6c9e301a73c4db136,0,1,7-1177
obqa,obqa_0679e5efb238fa31e629,1,1,13-582
obqa,obqa_18d65db8ea4c38eee64d,2,1,1404
obqa,obqa_ba0f1dbcc99987ca4164,3,1,12-308
obqa,obqa_723a63a7beddf757fe39,4,1,9-769
obqa,obqa_8b88b1f8eab276a57580,0,1,12-120
obqa,obqa_1ebb3c91e043aa26d0a0,1,1,13-505
obqa,obqa_35b5911cd3ee29f1ca06,2,1,13-19
obqa,obqa_cd8cb6f512ba2c368832,3,1,12-984
obqa,obqa_501302847f6d2c2866f4,4,1,10-687
obqa,obqa_577b7926dfad94cabfe2,0,1,10-698
obqa,obqa_3a83e87d03fb5664ee9d,1,1,10-722
obqa,obqa_c121d17ae78ef0c83b96,2,1,12-790
obqa,obqa_b498537b804504558016,3,1,13-91
obqa,obqa_240a3eae64431cf0591d,4,1,10-933
obqa,obqa_384f73c5097723ef8e5c,0,1,10-929
obqa,obqa_1d9bcb5e6b4cbf993d38,1,1,12-842
obqa,obqa_b54d3d78d4cdd1b306b7,2,1,13-913
obqa,obqa_9ae33b1181c6ea757a09,3,1,254
obqa,obqa_c9425ba03d983000f412,4,1,13-465
obqa,obqa_00f83d400ffee5399a78,0,1,12-986
obqa,obqa_e2d1d8ac46a7429be957,1,1,1552
obqa,obqa_d6b829558474f145da23,2,1,10-34
obqa,obqa_04ab115ce4bcf9b9deb0,3,1,10-690
obqa,obqa_3efe950b3b43da1a9f93,4,1,11-233
obqa,obqa_0163b0b18bc65fa26916,0,1,11-659
obqa,obqa_fd2ff12414f8bb6fb19a,1,1,14-521
obqa,obqa_785e8e9bc9554fe8c423,2,1,8-229
obqa,obqa_c9f739d1bd09637b9240,3,1,7-956
obqa,obqa_73acf96ace8377a56710,4,1,10-308
obqa,obqa_04c4942c348fd559fb4f,0,1,10-3
obqa,obqa_272151db71fe7b62158e,1,1,13-299
obqa,obqa_d90ff28fffe03a63eae5,2,1,13-718
obqa,obqa_1930b21c0a898a52456f,3,1,7-617
obqa,obqa_bbf1b9e19e02c7d19c8b,4,1,1337
obqa,obqa_a1286bf8c6370d504fb2,0,1,14-272
obqa,obqa_3730d98f8dfa9c5e0138,1,1,13-664
obqa,obqa_77f04bc7e0f2566a2e11,2,1,14-295
obqa,obqa_0fdcf749ea84a260df9e,3,1,14-42
obqa,obqa_88e01075d1f6f4b9893d,4,1,14-104
obqa,obqa_5997aadb5cf273efa023,0,1,14-1370
obqa,obqa_5cf2ef7abe94c13e9788,1,1,10-706
obqa,obqa_9102ea6b456d88ead360,2,1,11-457
obqa,obqa_0c25b0955e57b4f8e7ad,3,1,10-1173
obqa,obqa_0009a680fc832c0dec61,4,1,14-717
obqa,obqa_e300fdbb878849a960c8,0,1,12-305
obqa,obqa_b307724785b49ada9383,1,1,14-635
obqa,obqa_a4e58d22248f3490b2f3,2,1,9-13
obqa,obqa_8eceddfcdc847d32242f,3,1,1792
obqa,obqa_9a427678b7285fb223bb,4,1,10-279
obqa,obqa_81e5c6a776edf8e2065e,0,1,14-1452
obqa,obqa_2f651168ce0bca954753,1,1,10-168
obqa,obqa_d0a33058671b859dd55d,2,1,14-1501
obqa,obqa_4b0a15c8c8197eb7db27,3,1,14-248
obqa,obqa_13eaa7a1fc828b54f251,4,1,506
obqa,obqa_816f82179dba422a68bf,0,1,9-737
obqa,obqa_316fb9702acb4f707d64,1,1,12-325
obqa,obqa_0ef617d4811ec0972146,2,1,13-507
obqa,obqa_d41f8aa750030edf9891,3,1,12-966
obqa,obqa_c5037a60edc4c15f7833,4,1,10-932
obqa,obqa_78cd8fa02dd4ea49fa11,0,1,12-982
obqa,obqa_fa4b0e032f41790fdecd,1,1,12-313
obqa,obqa_d0a7edc8cbeae854323e,2,1,10-746
obqa,obqa_73b5532efa37b9ada8d6,3,1,10-874
obqa,obqa_09aa3a47a6e4010db0fa,4,1,14-1070
obqa,obqa_e9a5910da16cea896792,0,1,11-38
obqa,obqa_a747810b2ed16f26e34e,1,1,7-88
obqa,obqa_c89130252404fe6b6d80,2,1,9-748
obqa,obqa_fbc1cc53a182a5d31443,3,1,7-94
obqa,obqa_6e302353bed2a9cd6dc8,4,1,14-845
obqa,obqa_825e102b2b854ae482ac,0,1,11-111
obqa,obqa_bd04b99793ecfd59d0d6,1,1,14-1486
obqa,obqa_423c78b489df2fcb5475,2,1,11-641
obqa,obqa_45d76760b930438dd11b,3,1,9-854
obqa,obqa_2f9e343dae040821da65,4,1,10-301
obqa,obqa_5f798b72d47c20b65787,0,1,12-678
obqa,obqa_cfbef1094d78c1dabec4,1,1,7-317
obqa,obqa_389a8e38bfd5c854e9d7,2,1,13-786
obqa,obqa_b0b40f3f247eb228a236,3,1,11-267
obqa,obqa_009b0d33c0f4b4262af0,4,1,14-43
obqa,obqa_189c3ddb17f20862fdb4,0,1,12-8
obqa,obqa_c17ae185474242c3364a,1,1,9-556
obqa,obqa_77923fe8af0eb26d2e8c,2,1,10-949
obqa,obqa_e09cecc45445d6315bd9,3,1,12-345
obqa,obqa_700456cd118803ebbf37,4,1,9-536
obqa,obqa_fddd2b74f0e00960136c,0,1,10-231
obqa,obqa_d5e704206275d9d8bc79,1,1,7-245
obqa,obqa_27e95198904e748c4dc8,2,1,12-1204
obqa,obqa_b7d1be89c51b4ecbed5b,3,1,14-728
obqa,obqa_bc2ca5dd5f28d79c781b,4,1,11-215
obqa,obqa_aef13bf58ab5ca7824a2,0,1,12-997
obqa,obqa_6811bf9fc3cf7fd2ad4c,1,1,7-1111
obqa,obqa_c884af16e1a03f3edd2a,2,1,7-6
obqa,obqa_52c76ded4aa1f2739099,3,1,14-1335
obqa,obqa_b4e8f90f995eaa1e0856,4,1,9-734
obqa,obqa_65d3288cd65d75f458de,0,1,7-1065
obqa,obqa_8d725c2516885bfb492b,1,1,10-588
obqa,obqa_e5545559d95ef8da9a96,2,1,21
obqa,obqa_45f13d88cc4a6905793f,3,1,11-190
obqa,obqa_293254b8dd891d110f16,4,1,11-177
obqa,obqa_507b170ef7995dd5d803,0,1,7-641
obqa,obqa_f0718cec33206be9aef7,1,1,13-244
obqa,obqa_0ebca0cf0948734a604f,2,1,7-786
obqa,obqa_ddb4b286b0431dc6e685,3,1,14-566
obqa,obqa_60243fe0a8382b3a1040,4,1,9-213
obqa,obqa_183e937f4b001c94f67a,0,1,11-192
obqa,obqa_de893dc7506f7e4a2193,1,1,13-233
obqa,obqa_8598a97e7c679b29a21c,2,1,10-714
obqa,obqa_0418870120f1b00977ec,3,1,10-13
obqa,obqa_ce55276905a59f86ad3b,4,1,12-1004
obqa,obqa_a497fd41ef2d7b050014,0,1,10-227
obqa,obqa_2df958d4421c53fac06b,1,1,13-380
obqa,obqa_48af4b5e4b7ffa2f634b,2,1,12-143
obqa,obqa_c38fc3e7d8ee30fbacf9,3,1,8-451
obqa,obqa_700f98fb0d3871dcd7d7,4,1,7-958
obqa,obqa_6772d39ad9e06c62d88f,0,1,14-579
obqa,obqa_c11d3e8759380619508d,1,1,10-467
obqa,obqa_596ca2f557df720da25b,2,1,14-862
obqa,obqa_94e6060e03ea873bfb7d,3,1,11-475
obqa,obqa_a7bff1787aed2f7c74e6,4,1,1591
obqa,obqa_75ddaa79354a05095acb,0,1,10-100
obqa,obqa_cb1970546b881e0787f2,1,1,10-666
obqa,obqa_8a265f7f98a3e3f47721,2,1,9-171
obqa,obqa_045fb6d8010fdc5f1f05,3,1,13-616
obqa,obqa_342c8d9a56331343e729,4,1,252
obqa,obqa_c60f25cfeb9cc6bf31f2,0,1,11-372
obqa,obqa_8059281c1d00187d3061,1,1,14-1406
obqa,obqa_b1505333fa160e29a300,2,1,13-437
obqa,obqa_238ce941c1321f6623d5,3,1,9-521
obqa,obqa_fe42a0156dcccbe8ab0e,4,1,10-136
obqa,obqa_9afe4e7dd6d53f2c9891,0,1,9-1093
obqa,obqa_61e000508366c431d826,1,1,10-272
obqa,obqa_303e57a8ea70445c5224,2,1,14-809
obqa,obqa_2f82d33a981aea5e563e,3,1,13-139
obqa,obqa_c95e6bf1f1baa9144edd,4,1,13-99
obqa,obqa_1231f8e6e4f258ab8bd4,0,1,12-681
obqa,obqa_e705390f03e4cce3b74e,1,1,7-804
obqa,obqa_3c0fb872a4f42db13f9d,2,1,14-162
obqa,obqa_c87701750da13f5ac0b8,3,1,10-381
obqa,obqa_fa2c31d211ecaf663d33,4,1,9-465
obqa,obqa_32c439b99868a9f46efb,0,1,12-1088
obqa,obqa_a7ed2dad22212d2a107e,1,1,12-796
obqa,obqa_89bfdc1acaf7e6511ac3,2,1,7-959
obqa,obqa_f3440010648d949ea84f,3,1,10-253
obqa,obqa_67ed7f8b712b5f815fd3,4,1,14-1468
obqa,obqa_f7375ab2b9f0a63be314,0,1,12-602
obqa,obqa_3a8e2c93cf3f79c811a3,1,1,13-719
obqa,obqa_f822cf78147bd3ab7f5e,2,1,1542
obqa,obqa_f66f62ace634b532d77d,3,1,14-19
obqa,obqa_1ee702bf80e50437be70,4,1,13-145
obqa,obqa_b13e3f43ca7190efd747,0,1,10-915
obqa,obqa_0c7e764b0ed249d16c4d,1,1,14-622
obqa,obqa_88e5e6d0c8fedf019376,2,1,8-264
obqa,obqa_93d68ec0f1412673ee32,3,1,14-41
obqa,obqa_f09603260e29fce0110f,4,1,10-1130
obqa,obqa_3544b644223d87d93bfa,0,1,10-1088
obqa,obqa_7e1c1eb3b20e5ee6579a,1,1,12-1191
obqa,obqa_64d79d67e3d1651f03b4,2,1,12-574
obqa,obqa_56bf0db7967f9dc6ca8f,3,1,13-902
obqa,obqa_c04020b8db19b654adf3,4,1,12-373
obqa,obqa_16789b8c5d28ee7d8ab6,0,1,10-1146
obqa,obqa_4148eb52f065b55363fa,1,1,12-524
obqa,obqa_157f03d2d4ba2b0a7f1b,2,1,14-11
obqa,obqa_4b389f1c2ab460e4cd8b,3,1,13-45
obqa,obqa_1efbe31d8a39324c92c4,4,1,1640
obqa,obqa_b78f6e5fb340b9387dda,0,1,13-946
obqa,obqa_7b30944304d5a5e02b72,1,1,14-937
obqa,obqa_9f6088fb8e6d629c1c46,2,1,12-1012
obqa,obqa_070ffc48a0e401c591be,3,1,12-44
obqa,obqa_ca296dca4c7cea31265d,4,1,7-745
obqa,obqa_1335329ea87e84881a53,0,1,10-886
obqa,obqa_d9a1ef0cd55d376de4ac,1,1,498
obqa,obqa_3e33dbc2d170d653edff,2,1,10-1056
obqa,obqa_8cb16b0982db8e659c98,3,1,14-997
obqa,obqa_255642ab1135b949c8f4,4,1,9-182
obqa,obqa_d6e1786e85ed7781463a,0,1,10-976
obqa,obqa_362d1a1e86bcd6939d8c,1,1,12-1176
obqa,obqa_395f617417768673dff4,2,1,8-295
obqa,obqa_06659f0abcdc5352ec38,3,1,14-670
obqa,obqa_b3bcbec7bd25acb11e1f,4,1,7-64
obqa,obqa_0b6eb22a51e5acfb79db,0,1,7-674
obqa,obqa_2319a6a1f223806a4426,1,1,11-168
obqa,obqa_6ae56fda34f91ac2aed1,2,1,11-161
obqa,obqa_1bfde88c56339e5df3a0,3,1,13-1014
obqa,obqa_f62c16d730214176b4bd,4,1,13-132
obqa,obqa_24328fe6b57fcdfb415e,0,1,14-1161
obqa,obqa_aa04a7e42ca0275a2782,1,1,10-1028
obqa,obqa_b3ef4c9e95f5af0e2fef,2,1,11-221
obqa,obqa_3760285332a766bda4af,3,1,12-651
obqa,obqa_bc8bb3e18734ba1794a3,4,1,13-232
obqa,obqa_2571e5a1a666bb2a1593,0,1,14-970
obqa,obqa_08474bb0bf7e1ad0b7be,1,1,1722
obqa,obqa_16dc3c5281a7c66c50a4,2,1,12-1079
obqa,obqa_cb092f0c03f216e59c45,3,1,13-97
obqa,obqa_b2769336441cef9641e5,4,1,7-741
obqa,obqa_9c0d60a2e1878afa0af2,0,1,206
obqa,obqa_bc352cd376e2476fa263,1,1,11-534
obqa,obqa_a95ca09214127e97ee14,2,1,9-702
obqa,obqa_0e6c782353e51fb0bd85,3,1,634
obqa,obqa_405f115d6accde78d193,4,1,11-263
obqa,obqa_cf9bd7636c0b2c6991ae,0,1,14-1458
obqa,obqa_2c06ead9746d384b71e6,1,1,13-117
obqa,obqa_ed03004a69987771cd0c,2,1,12-509
obqa,obqa_fd4cf7855074ac61048c,3,1,13-350
obqa,obqa_136ef2b456dc87009326,4,1,12-485
obqa,obqa_7b519cdd3b0ba527fbf4,0,1,10-547
obqa,obqa_f881b0a6c7974ba8a990,1,1,12-578
obqa,obqa_330fc417689432603842,2,1,14-1476
obqa,obqa_f00f229fc30ff64b2713,3,1,12-1077
obqa,obqa_6b52717535d6a74a49fc,4,1,14-381
obqa,obqa_412d661f0d2a0f587c46,0,1,8-275
obqa,obqa_d2104381994371239785,1,1,14-781
obqa,obqa_235012fffc4b57d81a63,2,1,14-356
obqa,obqa_4dc300acbc43e11264e0,3,1,14-1428
obqa,obqa_db1d121513b2c80528d0,4,1,11-337
obqa,obqa_04fc80ec7e91101697cd,0,1,12-90
obqa,obqa_4664b91054688ddfe55c,1,1,11-346
obqa,obqa_37f36308e8e370dc18a8,2,1,7-476
obqa,obqa_5feaabfe9dd17ad7e895,3,1,12-813
obqa,obqa_bafbe9b440989c234543,4,1,14-974
obqa,obqa_ada380e439e2d8f051e4,0,1,10-290
obqa,obqa_8eb307e91785ba306a09,1,1,10-1167
obqa,obqa_22fbb683c91b51c9ccb3,2,1,14-726
obqa,obqa_f747476f2e349b9f554e,3,1,14-383
obqa,obqa_5cb59b77d483fd9f4323,4,1,12-35
obqa,obqa_1910f0c016d2c5c8bc10,0,1,13-343
obqa,obqa_67735edc2f828ffea4fc,1,1,1564
obqa,obqa_efaced0a4126886c1fc7,2,1,11-624
obqa,obqa_d02a52ebe5c108c834ec,3,1,9-635
obqa,obqa_bed354cb8a7211b0e395,4,1,9-742
obqa,obqa_c462de51ae0239b24e44,0,1,11-497
obqa,obqa_90d026660db44b46f237,1,1,12-517
obqa,obqa_82fda136b7d853d55be6,2,1,11-375
obqa,obqa_4f17bb50ce98b03b7557,3,1,13-366
obqa,obqa_ab01676eda39deefe0fe,4,1,11-424
obqa,obqa_79347abb0208e0df1102,0,1,10-889
obqa,obqa_ae9bdaef77879b00eb83,1,1,12-1063
obqa,obqa_ca963d94805f01c0c687,2,1,12-751
obqa,obqa_3f820a7c78c8f9df06da,3,1,11-249
obqa,obqa_451f8681ac609703dc22,4,1,10-59
obqa,obqa_f4ec566cee3b7a1a76b4,0,1,7-413
obqa,obqa_98cdc1efae2a3ae07af9,1,1,14-723
obqa,obqa_4f231e927d35c2f87bc2,2,1,1570
obqa,obqa_99505c4aeed8e4576288,3,1,8-484
obqa,obqa_fe308df29afe6f4bea30,4,1,8-105
obqa,obqa_70afd848e865780e44c2,0,1,867
obqa,obqa_cc008f1634971ffb8aa9,1,1,12-261
obqa,obqa_9ddf29b1104ee302e16e,2,1,12-357
obqa,obqa_cfee9cc757435b182088,3,1,10-1049
obqa,obqa_188d166aae6450c06b39,4,1,9-314
obqa,obqa_0c203a2be916062b325e,0,1,11-502
obqa,obqa_2cea6699a525fdb217ca,1,1,14-23
obqa,obqa_271bd8b8edaa9ac9611b,2,1,7-436
obqa,obqa_e414f6c471b16266ee03,3,1,14-886
obqa,obqa_c9fa811d4c083c3ba799,4,1,14-1042
obqa,obqa_1b1c482ee4a9e7b5fa7f,0,1,13-674
obqa,obqa_154fbd91c62e9f583d68,1,1,355
obqa,obqa_8bbdae9bf73f3f2e3836,2,1,10-206
obqa,obqa_4b4ccde36576283234cd,3,1,14-614
obqa,obqa_c33d40d7a31d99260c8c,4,1,11-628
obqa,obqa_b5639e5e5be35a0e3370,0,1,10-718
obqa,obqa_0a38559c4baab8871cc9,1,1,12-433
obqa,obqa_36cf6f178cdf807b7f82,2,1,10-618
obqa,obqa_3785b05d908283704ada,3,1,9-356
obqa,obqa_35ec9bd93c84a485e1e7,4,1,14-967
obqa,obqa_53b82068ce3deba6f319,0,1,14-1426
obqa,obqa_4640f1527d1559616977,1,1,1295
obqa,obqa_a9e1a9c47d6919df1b5f,2,1,14-943
obqa,obqa_5a7b8583af409d73740d,3,1,12-107
obqa,obqa_6f70c6bd33b37f63211d,4,1,1210
obqa,obqa_f120f2a462b1653305a1,0,1,7-742
obqa,obqa_b12a49ffef389aa37659,1,1,12-955
obqa,obqa_1c0371589706bf53973d,2,1,13-657
obqa,obqa_815268555c1c0b07a8a0,3,1,12-245
obqa,obqa_52c55a9392a69a40f3d5,4,1,7-233
obqa,obqa_adde124873e7871c6fb9,0,1,1191
obqa,obqa_a0bcc64c431cc5527973,1,1,12-910
obqa,obqa_b2a3d5b74f1a57a9fecc,2,1,7-1142
obqa,obqa_fe6454a8b0594b70ce39,3,1,12-872
obqa,obqa_3c0bffa0bebc123ede08,4,1,10-1034
obqa,obqa_9dd68c6c4a2774599094,0,1,13-999
obqa,obqa_f669f3d19064fc03412f,1,1,9-172
obqa,obqa_5f1c78b1fc7bbe4b5d33,2,1,837
obqa,obqa_a0be5c48f15b8c609195,3,1,14-672
obqa,obqa_25ace1fc5e9ff26d317a,4,1,10-144
obqa,obqa_d2d5967538d292cb9bb0,0,1,10-1153
obqa,obqa_53e63cd68a42de8e256b,1,1,11-191
obqa,obqa_a1f27925da662ba68b82,2,1,1000
obqa,obqa_56e26c219666e6153eeb,3,1,8-146
obqa,obqa_20fc4c2a5266477e858c,4,1,11-490
obqa,obqa_8fa15891f3ad11887a90,0,1,9-210
obqa,obqa_94dd5ab589a627e8034a,1,1,7-521
obqa,obqa_5b6586fd0352d22171e0,2,1,10-157
obqa,obqa_188e4776ef0978c73808,3,1,731
obqa,obqa_1beb8bbfd3878d1fa3cf,4,1,11-471
obqa,obqa_825944cb3513ee392d8d,0,1,10-257
obqa,obqa_9ea482d86cd1fe06c298,1,1,10-597
obqa,obqa_f2578b693144f19983d0,2,1,7-296
obqa,obqa_2b1b74fd5d5d488b5fe6,3,1,13-313
obqa,obqa_f25b96df22f9c96f5d0a,4,1,11-748
obqa,obqa_45bbb1e8576f676c2a19,0,1,8-335
obqa,obqa_41a3bb5ae1076f160897,1,1,14-590
obqa,obqa_a7201a59aa50a7cb9565,2,1,8-397
obqa,obqa_385ffad8ab089b9ee0f2,3,1,11-740
obqa,obqa_13c92f8877aab96a9917,4,1,13-443
obqa,obqa_d1bbdc76ef0b14ee8aec,0,1,13-404
obqa,obqa_5ccd85831ee6501f42aa,1,1,14-638
obqa,obqa_da82e1113884bc16b9d5,2,1,10-498
obqa,obqa_46c451771778e810b261,3,1,9-912
obqa,obqa_5f3c07e50e5067e5f689,4,1,14-1194
obqa,obqa_fa318f668b4f5810a0f0,0,1,13-969
obqa,obqa_90e6d6f94c308720ccd6,1,1,7-931
obqa,obqa_b54648fc7ed4277b5a6f,2,1,11-106
obqa,obqa_00646405df92fc084b2a,3,1,9-413
obqa,obqa_b94c69e396e476fb2a64,4,1,12-1131
obqa,obqa_c6ac1b95d83e9308342c,0,1,7-705
obqa,obqa_ed5b65bdaa012aebe70a,1,1,13-651
obqa,obqa_f8fff53bc38c745a2f83,2,1,12-1175
obqa,obqa_d4b62c25706f9c31248f,3,1,7-1002
obqa,obqa_72ebb2b9ca9988319852,4,1,14-588
obqa,obqa_d72b74f8547bd9f1fa74,0,1,12-216
obqa,obqa_1c811ca996b733b8434c,1,1,9-1106
obqa,obqa_04aa0eafed6a0f269f72,2,1,13-881
obqa,obqa_a147ea05790a725c3e92,3,1,12-677
obqa,obqa_f2c545ac0b238b278d01,4,1,8-207
obqa,obqa_1372406c57c062bb2081,0,1,10-553
obqa,obqa_4b7fe20f277bf3a3ffb7,1,1,12-365
obqa,obqa_989ede2118e32573900b,2,1,12-1085
obqa,obqa_806ed50b2ad742f670bd,3,1,9-396
obqa,obqa_8bc508a0fb9bc9d851e9,4,1,11-218
obqa,obqa_a250ba79fded2050b00c,0,1,1157
obqa,obqa_3c36f3ac9d8a719723ec,1,1,10-1183
obqa,obqa_be8ff775103d1745a755,2,1,9-1176
obqa,obqa_b53550bacb2f72a932be,3,1,11-165
obqa,obqa_5a4eae142f7a99df8d2c,4,1,13-892
obqa,obqa_7db6b6f3e38b8a590bcd,0,1,10-4
obqa,obqa_664dcd1150410badb1ac,1,1,9-1091
obqa,obqa_1ee33eb9f49900a9ba31,2,1,14-1055
obqa,obqa_a46957e3682f88a3a28d,3,1,14-1008
obqa,obqa_8a2c1e79355ef57063cd,4,1,10-956
obqa,obqa_5e84410864d8b56cc306,0,1,12-250
obqa,obqa_cc223567e8ede848fa28,1,1,13-743
obqa,obqa_16da82f2cf4b2a9bfacc,2,1,14-633
obqa,obqa_da5960127d565e094517,3,1,13-493
obqa,obqa_1e40f380c1a7a03c6cd4,4,1,11-61
obqa,obqa_59197bca6bb4211779d0,0,1,7-69
obqa,obqa_2c4a82063c438cc86c5a,1,1,11-416
obqa,obqa_b25e42706d63f5c58318,2,1,13-613
obqa,obqa_f45ec6c62ee94d8b13ab,3,1,10-1019
obqa,obqa_d203f35734728124c874,4,1,12-869
obqa,obqa_9bda36c60dca0fe193c9,0,1,13-410
obqa,obqa_48a808336f9130c78e5d,1,1,12-1105
obqa,obqa_f17fd3d98c567900ddfd,2,1,9-631
obqa,obqa_b6d77784688735dd44b9,3,1,14-1156
obqa,obqa_1ced70404447cb2525bd,4,1,12-776
obqa,obqa_e301545c633a18ba8b4b,0,1,7-1009
obqa,obqa_2a88238606cc3b0bab82,1,1,10-226
obqa,obqa_50c35e75759c38350ef5,2,1,12-558
obqa,obqa_2a2b1cf6f254dec47a68,3,1,10-79
obqa,obqa_942f8f047c07c58c8355,4,1,14-482
obqa,obqa_403f7249eb9fdf1af07f,0,1,14-130
obqa,obqa_ac6003ba1df9fada4801,1,1,7-662
obqa,obqa_677f264dac640dbf8479,2,1,14-553
obqa,obqa_8bc3eb17d44aa013e00c,3,1,13-66
obqa,obqa_5798a5d1d0fe16c15143,4,1,13-218
obqa,obqa_faf98a0d0288743f2179,0,1,9-191
obqa,obqa_ed1d5f6af91d7730d1f0,1,1,12-171
obqa,obqa_741f0b049b0a82051796,2,1,623
obqa,obqa_8e8ce713aae8523425bd,3,1,9-959
obqa,obqa_956d7c274fc8fe3c056a,4,1,12-1139
obqa,obqa_4b07d9ae22bae69189d3,0,1,14-462
obqa,obqa_0ccb968461cb61ee6bd9,1,1,14-817
obqa,obqa_795051d6bfbc3b6abf51,2,1,11-232
obqa,obqa_e41791fc7f253d0a80b5,3,1,11-492
obqa,obqa_6f7f12c96ba7ae2608ee,4,1,14-936
obqa,obqa_ff537aba426e9b7923a9,0,1,14-838
arc,arc_135df760518fa107b396,0,2,MEA_2011_8_8|MEA_2012_5_8
arc,arc_8ceb6af11dfe27966755,1,1,MSA_2013_5_36
arc,arc_5937df3f05cbec9a6560,2,1,NYSEDREGENTS_2007_8_23
arc,arc_a7ba62c8aa7c7b33dc96,3,1,ACTAAP_2013_5_11
arc,arc_f37e54507399d55726d2,4,1,ACTAAP_2008_7_3
arc,arc_81e4582401e2bdbe52ab,1,1,Mercury_7216125
arc,arc_a70352769633579e733a,2,1,AKDE&ED_2012_4_22
arc,arc_3bc1cea7a78c407cc1f8,3,1,MDSA_2007_8_47
arc,arc_ce1476d0fcd526b61df5,4,1,MCAS_1998_8_4
arc,arc_a430fc727271138b026f,0,1,Mercury_7211103
arc,arc_67cd81b5532c2bf3f22a,1,1,MDSA_2008_5_16
arc,arc_1b74c714748007c15594,2,1,Mercury_182018
arc,arc_f49a0f96ea2ace0bb1dc,3,1,Mercury_7132038
arc,arc_f625409d0247e6fbb809,4,1,Mercury_7097388
arc,arc_a8ba2162fda44f41cc34,0,1,NYSEDREGENTS_2011_8_13
arc,arc_43055af8b23be342311f,1,1,Mercury_7038570
arc,arc_aa14514160de9b8061a5,2,1,Mercury_SC_400113
arc,arc_59817dd1100f9ac9d94a,3,1,Mercury_7075005
arc,arc_7f2a2ff41b2e80159c25,4,1,AKDE&ED_2008_8_12
arc,arc_9b8e35b12eae0cbf248e,0,1,Mercury_7215810
arc,arc_187ec58b628d7898a8bb,1,1,NYSEDREGENTS_2007_4_22
arc,arc_37130333ac20fbe2a1eb,2,1,Mercury_402213
arc,arc_46f40a9730ebfa545d43,3,1,Mercury_SC_407431
arc,arc_36eb55f067f2f441dbf7,4,1,ACTAAP_2008_7_15
arc,arc_ae413b2eb30d1d34f25a,0,1,MCAS_2013_5_29405
arc,arc_8b7bc87538b40ab8a5e1,1,1,NYSEDREGENTS_2009_8_12
arc,arc_bbbed9b8ae6c32854e7e,2,1,Mercury_SC_LBS10046
arc,arc_38e718012583cb92138a,3,1,Mercury_7267960
arc,arc_b54b1223451cd8e2e62b,4,1,Mercury_415092
arc,arc_8e4e7d164eaba97d6ad0,0,1,Mercury_SC_416456
arc,arc_02dab6745a71d4ebf936,1,1,MCAS_2001_8_13
arc,arc_fab3d45da051653f812e,2,1,MEA_2016_5_1
arc,arc_04a35fe1ddd2ec10208c,3,1,Mercury_7027055
arc,arc_d1fae2ca7df9802bd264,4,1,Mercury_7013405
arc,arc_cc0ad6673df38a12312b,0,1,Mercury_7041160
arc,arc_46bebea473b00ceb44cf,1,1,Mercury_SC_LBS10184
arc,arc_d25e30e2bf23e2853c67,2,1,MCAS_2009_8_11
arc,arc_e449317095cfa3077338,3,1,Mercury_7030083
arc,arc_3cdf7e043c842bac2785,4,1,Mercury_SC_402170
arc,arc_af160b87633e7f7ef71f,0,1,Mercury_SC_408038
arc,arc_67de18e9de5cd7a256d9,1,1,Mercury_7008995
arc,arc_b14e4431190d77ac6ecc,2,1,Mercury_7160983
arc,arc_87a19d5ae2f8900119ae,3,1,Mercury_LBS10444
arc,arc_7956259cdeb29ed1d108,4,1,Mercury_7271285
arc,arc_475f1f6611b238ce33c7,0,1,NCEOGA_2013_8_47
arc,arc_8eb560e5993b09959400,1,1,CSZ20059
arc,arc_89fb4b5361b109048a75,2,1,Mercury_SC_400673
arc,arc_3e29417f3a831b97f469,3,1,MCAS_2002_8_9
arc,arc_074fc7a9604d19f18bf9,4,1,Mercury_7004043
arc,arc_62c3c909c52f290da91b,0,1,Mercury_7013283
arc,arc_425432b4e62e0b14811f,1,1,Mercury_7223195
arc,arc_4c0e46196d7b31a10a25,2,1,Mercury_SC_LBS10907
arc,arc_44f6b5e4c885dc00233f,3,1,Mercury_7213273
arc,arc_cb9fbb19916c64fa1f24,4,1,MCAS_2006_9_31
arc,arc_a9949a32d608fe55c04c,0,1,Mercury_7207393
arc,arc_e3aace8f2e447fb4b587,1,1,Mercury_SC_415480
arc,arc_51cb7050a1f80bcfd3a3,2,1,Mercury_SC_407674
arc,arc_75694ef972abc4d90be7,3,1,MCAS_2008_5_5647
arc,arc_68fdd36d9f23ee069043,4,1,NYSEDREGENTS_2007_4_29
arc,arc_93f0b7c7bcf854398f68,0,1,Mercury_7107380
arc,arc_e5a5ffdde8852271bcac,1,1,ACTAAP_2010_5_14
arc,arc_843a661442340d41da28,2,1,NAEP_2011_8_S11+2
arc,arc_f262cc5da0d34442fd36,3,1,Mercury_SC_414245
arc,arc_15ee838b12e956f6c6a6,4,1,Mercury_7082810
arc,arc_b094250c668b4a372fb1,0,1,Mercury_7119858
arc,arc_871469600593ecc48a79,1,1,Mercury_7247030
arc,arc_c4a92a6697ebf35fbc02,2,1,Mercury_7213290
arc,arc_6395bb1d4f891ed47104,3,1,Mercury_SC_415424
arc,arc_16048055e02350c5754b,4,1,VASoL_2008_3_22
arc,arc_36777de59861d25cc640,0,1,LEAP_2011_4_10298
arc,arc_40cd2d34c19a86cecbcc,1,1,MCAS_1999_8_24
arc,arc_5593384cd23b83adc9c5,2,1,MCAS_2008_8_5707
arc,arc_70e29a3ef6286d978fd1,3,1,NYSEDREGENTS_2006_4_19
arc,arc_60e3b7462a1da5b8024d,4,1,Mercury_7142730
arc,arc_6c883a3e02dd5aa94bb6,0,1,AKDE&ED_2012_4_21
arc,arc_e92c61dcdd5c8b10ea66,1,1,MDSA_2007_8_53
arc,arc_394ab0fe6989d1d74ee7,2,1,Mercury_SC_408742
arc,arc_558e5a47240544749b19,3,1,Mercury_7026460
arc,arc_863632fea2d56e0314c8,4,1,ACTAAP_2007_7_23
arc,arc_b827cf5fc0acf48419a0,0,1,MSA_2013_8_5
arc,arc_7cecc88a469bcac8bc04,1,1,Mercury_7219643
arc,arc_14213f52dffa2d5822ba,2,1,Mercury_400350
arc,arc_9d726d61e7b6e4acc83a,3,1,Mercury_7236075
arc,arc_06ca6a7dab91bbfc87f6,4,1,Mercury_SC_401836
arc,arc_d4ceb5263d6033609650,0,1,NAEP_2005_4_S12+12
arc,arc_ca2284c4599ffaf8f64f,1,1,Mercury_SC_415465
arc,arc_a7337c790cc04f4dfa78,2,1,Mercury_7245910
arc,arc_e77f6163e7c75c4c6ac8,3,1,MEAP_2005_8_8
arc,arc_c07be6d4daa956b4292c,4,1,Mercury_411013
arc,arc_5822357e0408fdc78008,0,1,NYSEDREGENTS_2006_8_39
arc,arc_9dd1d3a6c2268f6be1cc,1,1,Mercury_7090353
arc,arc_1ea6967fee606d691b19,2,1,Mercury_SC_406048
arc,arc_7f497ed61db9f123b839,3,1,MCAS_2007_5_4788
arc,arc_05e956e04125341f0e27,4,1,Mercury_SC_400160
arc,arc_d0d866483c2adab97859,0,1,NYSEDREGENTS_2009_8_4
arc,arc_efc0da804b72dec67c03,1,1,MDSA_2007_8_29
arc,arc_6dd48a4007fda1276a69,2,1,Mercury_7024185
arc,arc_faeaa34b86fd9b0058eb,3,1,MCAS_1999_4_17
arc,arc_38a622c24eba2bfed828,4,1,NCEOGA_2013_8_44
arc,arc_ac1c6da08792742a9f05,0,1,Mercury_417572
arc,arc_1a45f561d15618a26b43,1,1,AKDE&ED_2012_8_9
arc,arc_fc4eb83c7587da10401d,2,1,Mercury_7168630
arc,arc_f1e63204f4034b754fbb,3,1,Mercury_7111248
arc,arc_cd5013dff49d813c5556,4,1,Mercury_7200848
arc,arc_6fe10a4004166c75e542,0,1,Mercury_SC_401284
arc,arc_df71c8d8104d198ec575,1,1,ACTAAP_2008_5_6
arc,arc_3a309477ecba2e3e4de6,2,1,ACTAAP_2010_7_1
arc,arc_b2b5351e9681797f967a,3,1,Mercury_SC_401645
arc,arc_405ea911b2ddb3517ef2,4,1,Mercury_SC_401199
arc,arc_bee4dd45214a210fbbca,0,1,MCAS_2006_9_38-v1
arc,arc_3c8338ef81a8561114b1,1,1,Mercury_416582
arc,arc_7e80e9505398968f9cd2,2,1,Mercury_7001523
arc,arc_3dec05bc089e304b6ab5,3,1,Mercury_7133700
arc,arc_898b7314d6559e1b27ae,4,1,Mercury_401400
arc,arc_1f688389222cbc3f4f11,0,1,Mercury_175858
arc,arc_6444f336ac5f67844f69,1,1,Mercury_7230580
arc,arc_0580a63bd3654e8c6cd1,2,1,Mercury_SC_408402
arc,arc_2f0c253f86f8777a14f1,3,1,Mercury_7212468
arc,arc_ba23973326a6149df245,4,1,MEA_2014_8_6
arc,arc_22da5bcc9a41030e4189,0,1,Mercury_7097895
arc,arc_d929407464d895018caa,1,1,VASoL_2007_5_39
arc,arc_b52ec3316e74d8893fb0,2,1,MSA_2012_8_33
arc,arc_8782c09995f7f5e282e5,3,1,Mercury_7085575
arc,arc_d80ff8b1c6277ca3621c,4,1,Mercury_7133368
arc,arc_13df0a80a61f619eed4b,0,1,NYSEDREGENTS_2004_4_12
arc,arc_0b87075ad0b5b31b39b4,1,1,MDSA_2011_8_25
arc,arc_9543610303aff5e91d22,2,1,Mercury_7283675
arc,arc_92102a433af544e90d6f,3,1,TAKS_2009_8_45
arc,arc_38bf0d3661cfc0cf6ef0,4,1,Mercury_7185448
arc,arc_86ae94c60ecee84cd257,0,1,Mercury_7080535
arc,arc_a673a7af3e1eb5d0bdb0,1,1,Mercury_184345
arc,arc_af1a7a8bfa03703c981b,2,1,MCAS_8_2015_9
arc,arc_d2ae2595015f1ef08bb1,3,1,Mercury_SC_LBS10900
arc,arc_f5adfa4137ac2b75612e,4,1,MDSA_2008_5_40
arc,arc_2e8de630ab3b8017eeac,0,1,Mercury_7106400
arc,arc_8c017e8e4a742437fdb3,1,1,Mercury_SC_405303
arc,arc_b0f4583bcb5016fe21fe,2,1,Mercury_7192780
arc,arc_d767667db83e7f5d0753,3,1,AKDE&ED_2012_8_29
arc,arc_cfbc5826b51a19cc66c8,4,1,Mercury_SC_415477
arc,arc_ab6b20086f8bcf69c4cd,0,1,Mercury_SC_405796
arc,arc_380c0effb83b109511c0,1,1,Mercury_SC_401814
arc,arc_92ee2920693ebaaa6436,2,1,Mercury_7042665
arc,arc_942371c976cf2a937116,3,1,LEAP__7_10338
arc,arc_1a6893049350254b8399,4,1,Mercury_7086223
arc,arc_766db1d54bd56a8d9d98,0,1,Mercury_7116130
arc,arc_1fa79514a1767cf59d28,1,1,LEAP__5_10318
arc,arc_832e03344c7cc585d233,2,1,Mercury_SC_416515
arc,arc_bc0a1d94a3a349db51a8,3,1,Mercury_SC_400696
arc,arc_2e9e595ba6691bd85a7a,4,1,VASoL_2009_3_35
arc,arc_17b06400f792e1334cf4,0,1,MCAS_2007_8_5179
arc,arc_8df817b09ac3a85c1fa2,1,1,Mercury_7077683
arc,arc_4b576902fc421cb8e15b,2,1,Mercury_401311
arc,arc_8689db7fc3adc9914532,3,1,MDSA_2011_8_1
arc,arc_b46c08659ffd3394ddbc,4,1,MEA_2010_8_20-v1
arc,arc_364bbd4d7eca86d039b4,0,1,NYSEDREGENTS_2011_4_24
arc,arc_269225a68e08200bc9bf,1,1,Mercury_SC_406987
arc,arc_4a50eddff1b27a8313a2,2,1,Mercury_7189070
arc,arc_8f0782408cf76884e290,3,1,Mercury_7228095
arc,arc_e06be487ab142357c18e,4,1,Mercury_7163258
arc,arc_d7182a92164f50934656,0,1,Mercury_7228043
arc,arc_052e4b9cd66ac16c69f6,1,1,NCEOGA_2013_5_21
arc,arc_d19175f1a76695005929,2,1,Mercury_LBS10257
arc,arc_98d2571b2184b592bb54,3,1,Mercury_7146090
arc,arc_bfe4e4b05f084df6d23f,4,1,Mercury_7213115
arc,arc_80cf137739d921fba97f,0,1,Mercury_7219013
arc,arc_753c9ba36b697a0e0d3f,1,1,MEA_2016_8_1
arc,arc_76e53bb04bcc58cec54f,2,1,Mercury_7188073
arc,arc_19cd91e9f55a1e08ba92,3,1,Mercury_7041458
arc,arc_6f516772d4393b365891,4,1,AIMS_2008_4_2
arc,arc_90a058f2ed84d28b4f1a,0,1,Mercury_7140035
arc,arc_28cec8aeba38dcfd3ed1,1,1,AIMS_2009_4_24
arc,arc_d7e8581d3db8b34cf0fc,2,1,Mercury_SC_415002
arc,arc_191c879270f280944c81,3,1,VASoL_2009_3_36
arc,arc_16215c90aeeabae2d0cc,4,1,NAEP_2011_8_S11+15
arc,arc_fe1e6b1de570d6f4d26d,0,1,MCAS_2016_8_2
arc,arc_365a138dc577ccc18d18,1,1,Mercury_7099365
arc,arc_ab1312c0b400448a5cbd,2,1,TAKS_2009_8_49
arc,arc_c7a9f2a2096a054ef15e,3,1,MSA_2012_8_41
arc,arc_be65ddf24581203c44ad,4,1,Mercury_7064243
arc,arc_f48f652f91fa1edb950e,0,1,ACTAAP_2012_7_13
arc,arc_3331cc315b575aab9f8b,1,1,Mercury_SC_415540
arc,arc_aac1d6d7e18eec12a3a4,2,1,NYSEDREGENTS_2005_8_26
arc,arc_98da6bfc12b832558c76,3,1,NCEOGA_2013_8_22
arc,arc_bae3e56bb2c74be06eda,4,1,Mercury_7267925
arc,arc_7a0abb5793842860a959,0,1,NYSEDREGENTS_2004_4_8
arc,arc_4c3dccb904fed90799cd,1,1,Mercury_SC_400986
arc,arc_d06814d81f65c2bd1564,2,1,Mercury_7093993
arc,arc_9f6b640a4cf2402853cf,3,1,VASoL_2007_3_35
arc,arc_3605df886f89fbb8fe90,4,1,Mercury_412642
arc,arc_b58811b04d1e7f094648,0,1,Mercury_SC_415389
arc,arc_16176614a4ea9e48fc01,1,1,MCAS_2008_8_5608
arc,arc_69b92d78b9d4910a66e3,2,1,Mercury_7188720
arc,arc_9700ddc0993b8c6daef2,3,1,Mercury_SC_400174
arc,arc_a463e76640f6915fcb13,4,1,TIMSS_2003_4_pg5
arc,arc_0609b04bb73f5301b6ac,0,1,AKDE&ED_2008_8_32
arc,arc_7f5278d18aa35d5a4093,1,1,MCAS_1998_4_3
arc,arc_eb2ddf144213fc2577d0,2,1,Mercury_7247835
arc,arc_22673287f285b47553ad,3,1,Mercury_7084000
arc,arc_52c39292ddb3591c839c,4,1,Mercury_SC_408550
arc,arc_92bfbec3fdb5929284f6,0,1,Mercury_7220220
arc,arc_4722989f932c861191fc,1,1,TAKS_2009_8_9
arc,arc_91729ce1204808897669,2,1,Mercury_7239523
arc,arc_72a3a2997b9cee42c9e8,3,1,MCAS_2008_8_5719
arc,arc_f427353f3c0c0656aa49,4,1,Mercury_7127173
arc,arc_c397cabf618aa1f62e62,0,1,Mercury_SC_417556
arc,arc_0f30b6e640507e6e4aa8,1,1,NCEOGA_2013_8_14
arc,arc_d4ee612bcf796d2e7d4c,2,1,Mercury_187075
arc,arc_b0ca14d9093c064ce664,3,1,CSZ_2005_5_CSZ10383
arc,arc_73bac44c9c7292b8a64e,4,1,ACTAAP_2012_7_4
arc,arc_79a63beb5e934b928c82,0,1,Mercury_7139580
arc,arc_86ec43109d203f118e83,1,1,TIMSS_2007_8_pg101
arc,arc_65eb47be8610111e9923,2,1,Mercury_7162925
arc,arc_a11f3f19e6f77963b2c2,3,1,Mercury_SC_413300
arc,arc_3895e362dd64d3e6ee5b,4,1,Mercury_7246978
arc,arc_c7da09e287c4b1746302,0,1,Mercury_7064628
arc,arc_63e3c729bbff93c754bc,1,1,Mercury_7221673
arc,arc_d4a96753c97fb6692911,2,1,TIMSS_2007_8_pg7
arc,arc_293770417a1393bdad21,3,1,Mercury_7091980
arc,arc_04d0cb3b7d70fb8726f4,4,1,Mercury_7269203
arc,arc_5f7111c8a0fbe7e67533,0,1,Mercury_SC_416518
arc,arc_5533d9d007f1b48b0448,1,1,Mercury_SC_401157
arc,arc_b91bc951b00e61f61bbc,2,1,Mercury_SC_405647
arc,arc_c98959b891235b7c095b,3,1,CSZ_2008_5_CSZ10022
arc,arc_cfd085ec27cf17afc044,4,1,MCAS_2003_8_14
arc,arc_38767b44cbfa42d7b362,0,1,Mercury_SC_400064
arc,arc_029d9f8e1432b9739237,1,1,Mercury_SC_403010
arc,arc_37cb6b5010ab6a60a3be,2,1,Mercury_7159530
arc,arc_bdbda1647bd7e3816be1,3,1,Mercury_SC_405764
arc,arc_803327d0b71b0c93c144,4,1,Mercury_7015750
arc,arc_77bf89cc5cc14ef98577,0,1,Mercury_SC_407783
arc,arc_36e73a68c77b8544a13f,1,1,NYSEDREGENTS_2007_4_17
arc,arc_a4cfea0d2b561b2ac813,2,1,NCEOGA_2013_8_55
arc,arc_3edc863b60c7490fe8cf,3,1,Mercury_SC_416461
arc,arc_38848929b89efa7331c6,4,1,MSA_2012_5_24
arc,arc_fe6cc0b190707413fa99,0,1,Mercury_7222740
arc,arc_690af1b4298f9f693306,1,1,TIMSS_1995_8_I17
arc,arc_6bad7b4f7114456c7e48,2,1,Mercury_SC_410891
arc,arc_4ba46a0c1560f9b6ab32,3,1,NCEOGA_2013_5_56
arc,arc_12cfc474ddee60d1730b,4,1,Mercury_7017168
arc,arc_f4fe17e57205d4347dff,0,1,Mercury_416649
arc,arc_29a9827bf36578a721f4,1,1,Mercury_404993
arc,arc_1be4197d682d8bf3ef91,2,1,AKDE&ED_2008_8_11
arc,arc_e13192125b7290cc7f50,3,1,Mercury_7141295
arc,arc_daa6153e300e5d8a6725,4,1,Mercury_7200165
arc,arc_615e11162db14b51ecf8,0,1,MSA_2013_5_44
arc,arc_398695ebcfebe21f350e,1,1,Mercury_7230545
arc,arc_5a6d198e31236f5778f0,2,1,Mercury_SC_413531
arc,arc_830a431bd3757302ccfb,3,1,MCAS_2008_5_5623
arc,arc_14722ce7626123eee3b8,4,1,Mercury_7212345
arc,arc_1076e7103ccfdade731b,0,1,MSA_2013_5_33
arc,arc_d57411e894fb5d0e8c34,1,1,Mercury_7143780
arc,arc_88ecc5ae452aa7356f77,2,1,Mercury_183908
arc,arc_07e1372d8331680f57fd,3,1,Mercury_SC_401591
arc,arc_d718aad1727d524ad2fa,4,1,Mercury_192763
arc,arc_602d860b2ac529519a5f,0,1,Mercury_7103233
arc,arc_2f87d3c11f957a7783cc,1,1,NCEOGA_2013_5_10
arc,arc_8c364e97479688b9043f,2,1,Mercury_SC_401369
arc,arc_7b153eabf11ae8b19782,3,1,Mercury_7168070
arc,arc_8ec9e7d5582067c8555e,4,1,CSZ30771
arc,arc_5cca4e6d8cd5317d83ff,0,1,Mercury_7233748
arc,arc_0f367cff8652edc70289,1,1,Mercury_SC_401002
arc,arc_519b0eee22ad2c2344db,2,1,Mercury_7183505
arc,arc_9998912aa717bf7fbd87,3,1,Mercury_7252735
arc,arc_91070173f30b3f21d2e3,4,1,Mercury_7084210
arc,arc_207853e67d92cff3160a,0,1,Mercury_7005408
arc,arc_8e421baf3551bcde824e,1,1,AKDE&ED_2012_8_5
arc,arc_b983e6fd4013fd417160,2,1,Mercury_7058030
arc,arc_8688e8b7cfa568808a53,3,1,MCAS_1999_8_6
arc,arc_fd428b1b1c8c88eed367,4,1,Mercury_7038763
arc,arc_8d94734ed730867757c6,0,1,Mercury_7044818
arc,arc_0f1ccb35c57ab363270c,1,1,Mercury_417463
arc,arc_ac302742785f013b5b0b,2,1,Mercury_410719
arc,arc_8e24a9a6bc4947236f75,3,1,Mercury_7172795
arc,arc_22f87e5b14a18564d6d6,4,1,MDSA_2010_5_35
arc,arc_6f0c330126f06f396a72,0,1,MEAP_2005_5_38
arc,arc_877647820b0ec6e13660,1,1,Mercury_7223178
arc,arc_8028e3b100685955475d,2,1,Mercury_7014193
arc,arc_53efc149b2c405db6e88,3,1,Mercury_7175718
arc,arc_3b6205d7bcd71f98068c,4,1,Mercury_SC_402240
arc,arc_0dceab692d0c5889e9ff,0,1,Mercury_7092523
arc,arc_8e8bfff23192984b363b,1,1,CSZ_2007_5_CSZ10068
arc,arc_cd849aa48597a7cbba39,2,1,MCAS_2009_8_1
arc,arc_b5434978e7baa40c9878,3,1,Mercury_7219345
arc,arc_1e2d78a78ef763d0e13c,4,1,Mercury_SC_406650
arc,arc_9259b350ebfcd57516df,0,1,NCEOGA_2013_8_19
arc,arc_04dc04f0ab2b3fba97f7,1,1,Mercury_SC_LBS10030
arc,arc_54860e1de8bdc9a8a18c,2,1,TIMSS_2003_8_pg52
arc,arc_98924b779c3d380e922e,3,1,Mercury_7013213
arc,arc_21d9dd91c38a9f47c293,4,1,Mercury_SC_408784
arc,arc_4b47458cd93cea37ac31,0,1,NYSEDREGENTS_2004_4_3
arc,arc_c305e23f6ffc66f7ea5e,1,1,Mercury_401790
arc,arc_5d0a5408cc3bfbcebf10,2,1,Mercury_7103460
arc,arc_f78e8905760befb5a74f,3,1,Mercury_7090773
arc,arc_bafca2f524b2700675c5,4,1,MCAS_2009_5_6522
arc,arc_3b01dece2033b3cb9324,0,1,Mercury_7271180
arc,arc_b6a0e5d26ce5f38accdf,1,1,MDSA_2008_4_2
arc,arc_1d4761f4975dbf5795b7,2,1,MSA_2012_8_8
arc,arc_4939fae5d87df2ee5bab,3,1,Mercury_SC_401254
arc,arc_b8bfbc3b59a44db46c72,4,1,Mercury_SC_405514
arc,arc_c92580539e215551706b,0,1,Mercury_LBS10252
arc,arc_97d5cb544496573f80dd,1,1,Mercury_SC_416112
arc,arc_03a9c1fa4609edee44ce,2,1,Mercury_7033863
arc,arc_21697d9a2c754abcdb0a,3,1,Mercury_402569
arc,arc_3022707117b8d70aa32f,4,1,Mercury_SC_401588
arc,arc_3d49eebd9a6423bef4bd,0,1,MCAS_1999_4_12
arc,arc_ca70013f969ef3e3998f,1,1,Mercury_401376
arc,arc_c806bb08501dce676cf1,2,1,Mercury_183750
arc,arc_8fb2b7e30822d9e82031,3,1,Mercury_7201688
arc,arc_51415ddcffcb6ba3abb2,4,1,MCAS_2004_9_20-v1
arc,arc_3231ae2b2f183c0f5b78,0,1,Mercury_SC_400123
arc,arc_f938906baa1b360a05a2,1,1,Mercury_7271268
arc,arc_3d86307409b5b246e4df,2,1,Mercury_7024220
arc,arc_90421cde759ae893afea,3,1,CSZ_2004_5_CSZ10003
arc,arc_9ff8540070f6a033665d,4,1,TIMSS_1995_8_K12
arc,arc_93813d47eb6e60c5b106,0,1,Mercury_7284060
arc,arc_a1dae5a1b6bad7e46f94,1,1,Mercury_7094693
arc,arc_6505c08f52aaf84e9587,2,1,Mercury_SC_400300
arc,arc_950698c67b2d009fc441,3,1,Mercury_7141470
arc,arc_47d2f9ee0852a3755707,4,1,Mercury_SC_408368
arc,arc_359c89adb3a4b99b334d,0,1,Mercury_SC_401281
arc,arc_f5fcbffebe8c5a036d1e,1,1,TIMSS_1995_8_P7
arc,arc_8dd8195fd09564966a09,2,1,Mercury_7182140
arc,arc_d044d0caa313eb466b8c,3,1,Mercury_7027020
arc,arc_38510a83d58a4cc33853,4,1,AKDE&ED_2008_4_37
arc,arc_09bbb2790eb186aeeb76,0,1,Mercury_7217070
arc,arc_7fc381dba07dec63c49c,1,1,Mercury_SC_401216
arc,arc_e8e5fee5bd99436a5d06,2,1,Mercury_192745
arc,arc_d6b45b318e641466f8de,3,1,ACTAAP_2015_5_6
arc,arc_90f259e6a8c0ff1d7b11,4,1,Mercury_7205153
arc,arc_9442effb824f082fcb72,0,1,Mercury_SC_401180
arc,arc_e6cc3d69ae94ed3164c5,1,1,Mercury_177468
arc,arc_63392228a51145e59e76,2,1,Mercury_7214463
arc,arc_eef4450d71b8ebd94a56,3,1,OHAT_2007_5_34
arc,arc_d151cd29600de5a3197a,4,1,AKDE&ED_2012_4_17
arc,arc_c349ab7bcc12540c545f,0,1,Mercury_415080
arc,arc_65b4de6169a1d8a2fb12,1,1,Mercury_SC_406088
arc,arc_7c0bd01acdfc119827ed,2,1,Mercury_417145
arc,arc_d4de8e2df9ac8433295f,3,1,MDSA_2010_8_18
arc,arc_6d43c9d17172aafbe608,4,1,Mercury_7114415
arc,arc_86cfaea1eb88368b38ae,0,1,Mercury_412216
arc,arc_cecf3dc18862cc57a843,1,1,Mercury_SC_402281
arc,arc_b0c9aa0049dbdc27c8dd,2,1,MCAS_2006_9_30-v1
arc,arc_ab03855e67c10b8839df,3,1,Mercury_7234465
arc,arc_a9cb4efa0225d9306338,4,1,MCAS_2016_5_11
arc,arc_0bc3fe57d8653ee56c45,0,1,TIMSS_2011_4_pg67
arc,arc_e40b2469c9f65a55d807,1,1,Mercury_SC_401306
arc,arc_ca3039550c0c244b7c03,2,1,Mercury_7215740
arc,arc_37761680a95d67d8bfeb,3,1,Mercury_7233800
arc,arc_64dfcaf9f6926d0374ef,4,1,MCAS_2003_5_21
arc,arc_e8a43c3c18c6f632d2d4,0,1,Mercury_7214603
arc,arc_65e2d9d2aea7f9a31751,1,1,Mercury_SC_LBS10343
arc,arc_ac3291c4fbd5824e784a,2,1,Mercury_SC_415706
arc,arc_88b819f19c7db981702d,3,1,Mercury_412647
arc,arc_55712497d4c9b8bf4fe3,4,1,Mercury_7068845
arc,arc_01a0c3f505c4123a5ca8,0,1,Mercury_7247975
arc,arc_308aa36bd06bc94855a8,1,1,Mercury_SC_401812
arc,arc_e511169e1274c96811fc,2,1,Mercury_7001610
arc,arc_068884de53dac0312db1,3,1,Mercury_SC_415702
arc,arc_3b139ef291a024c9b212,4,1,Mercury_7009590
arc,arc_54c85ed7c97cfadf3ee2,0,1,TIMSS_2003_8_pg27
arc,arc_dcc3b8768387c2a61b5a,1,1,LEAP_2006_8_10413
arc,arc_b9d8f8215c0ba770cf85,2,1,Mercury_SC_LBS10034
arc,arc_34ef34d70442e427377b,3,1,Mercury_7026338
arc,arc_db1f09502dd35edc7f86,4,1,AIMS_2009_4_8
arc,arc_e1377d3da4d52bd6993a,0,1,Mercury_7084648
arc,arc_2ac04819a92d4464996b,1,1,Mercury_7128380
arc,arc_4a8b2db767c53fc34fa5,2,1,Mercury_415261
arc,arc_b24dfb75bb58841d245a,3,1,Mercury_7093310
arc,arc_712bec8333d09ec16533,4,1,Mercury_7077700
arc,arc_43e1980279466b8cf4a5,0,1,Mercury_7282555
arc,arc_a1db94a5895bcf3a73df,1,1,Mercury_7056438
arc,arc_6c6cfcc45aebf7f085e8,2,1,Mercury_7081025
arc,arc_f05c22fa8182677c2d7e,3,1,Mercury_7027178
arc,arc_fc5f04b52d0bc66e24a9,4,1,Mercury_7143045
arc,arc_f85e17654d106a728ef1,0,1,Mercury_7161228
arc,arc_651e3b4f368a41a6367d,1,1,Mercury_400749
arc,arc_ded5966d076cfa2a3f3a,2,1,Mercury_7041633
arc,arc_535f4c5c42844d91ac60,3,1,Mercury_SC_408415
arc,arc_7a0257e301bac1f285aa,4,1,MEAP_2005_8_46
arc,arc_2f201b6bac5113f237cb,0,1,NCEOGA_2013_5_3
arc,arc_03a930875504aebacd52,1,1,MCAS_1999_4_8
arc,arc_c6ecc05c29d81c8d7af3,2,1,Mercury_7013860
arc,arc_8425dcc75a873009e48f,3,1,Mercury_415546
arc,arc_dad14ef08346de4adb84,4,1,Mercury_412775
arc,arc_4f1a195d62accbe39bd0,0,1,Mercury_7008050
arc,arc_31d31ca9de99b0a2c268,1,1,Mercury_7213360
arc,arc_2c012f5b8baa4de89878,2,1,Mercury_410707
arc,arc_609c2d3a6a1d58f29492,3,1,Mercury_7182893
arc,arc_cb0c6b0b27843e521d77,4,1,Mercury_410136
arc,arc_5a0f769039485be81d5e,0,1,Mercury_7196263
arc,arc_925d8b1dca617290b3cf,1,1,ACTAAP_2013_5_7
arc,arc_7a499f73703965f76cf1,2,1,Mercury_7222810
arc,arc_a0d9f39fcb05c110c5cf,3,1,Mercury_7239470
arc,arc_bf061020064e425ffe7d,4,1,Mercury_7283920
arc,arc_1a16df3d34dd7095ea7c,0,1,Mercury_7122570
arc,arc_0ea5c7ced46b30d6880a,1,1,NYSEDREGENTS_2005_4_14
arc,arc_fe69e0990f35425ee785,2,1,LEAP_2006_4_10274
arc,arc_bb16380d1b1b069dd080,3,1,NYSEDREGENTS_2009_8_20
arc,arc_cad40fa82a7e70a5e021,4,1,LEAP_2008_4_10288
arc,arc_cb90f266b400fe010668,0,1,Mercury_SC_405635
arc,arc_429c2996ef9fb74e3fd0,1,1,Mercury_SC_405500
arc,arc_3c106eea09918106894a,2,1,Mercury_SC_402625
arc,arc_0adddcd1538cfd60a5f8,3,1,Mercury_7142853
arc,arc_8975d85eba2f2a4b0dc6,4,1,Mercury_7187775
arc,arc_7b90e830333465eafe12,0,1,Mercury_7236600
arc,arc_15b1464c06a03a5d43f7,1,1,NCEOGA_2013_5_33
arc,arc_ebf1b264a19d1f51d3bf,2,1,Mercury_7042805
arc,arc_8e23957d6216d31c2a25,3,1,MCAS_2006_9_42-v1
arc,arc_3e7d8a0affacd176ca3a,4,1,Mercury_7071908
arc,arc_dd6170adb613bbab81e5,0,1,Mercury_7245070
arc,arc_e223ca6c88f537b40d1b,1,1,Mercury_7141558
arc,arc_37a90aad4eb0296ba822,2,1,Mercury_7180758
arc,arc_28cd54230e3936ac4f5b,3,1,VASoL_2008_3_17
arc,arc_2b74eab5892727dede07,4,1,Mercury_7120803
arc,arc_66f95fb94769eb4a2382,0,1,ACTAAP_2009_7_4
arc,arc_b9b7abf0b67d7374e20a,1,1,Mercury_7142713
arc,arc_0f0618622e68773a2669,2,1,MCAS_2002_8_13
arc,arc_cc11e7fb480d86b7656e,3,1,Mercury_416673
arc,arc_53d324534f8a34b01790,4,1,VASoL_2007_3_13
arc,arc_6904e397b43aa7f14e29,0,1,Mercury_7168665
arc,arc_81ef4df0d3acff27671a,1,1,ACTAAP_2007_7_24
arc,arc_0c8e797bbabf6a24c7ae,2,1,Mercury_7108640
arc,arc_363dfb3a251c32ecdab4,3,1,Mercury_SC_405170
arc,arc_a87471c283f691e22549,4,1,MEAP_2005_8_40
arc,arc_acb0ee15654c96232916,0,1,Mercury_7159758
arc,arc_e7edc624ccac751d92b2,1,1,Mercury_SC_415723
arc,arc_8505ee2f696084efccbe,2,1,Mercury_SC_416523
arc,arc_cb3f70a36f56331ed2e6,3,1,NCEOGA_2013_8_10
arc,arc_5227a798c4180f96a93d,4,1,MCAS_2000_8_27
arc,arc_2bd842c94798a515d7ce,0,1,Mercury_SC_408423
arc,arc_2333a72859e63dd963a2,1,1,Mercury_SC_405862
arc,arc_e717e155dfacb2e9e999,2,1,Mercury_7217963
arc,arc_ef5e09314bb3d4480089,3,1,MEA_2014_5_13
arc,arc_82c156b10cd284cee081,4,1,Mercury_7211663
arc,arc_573d7a52c700c0f979d4,0,1,Mercury_7093030
arc,arc_5063e822e879e2f3049b,1,1,MCAS_2016_8_10
arc,arc_4ec5f72e602529cdfd5c,2,1,Mercury_7268013
arc,arc_17a4b1ae59c583742374,3,1,Mercury_7009538
arc,arc_c4a864bab96918b6548a,4,1,NYSEDREGENTS_2005_4_28
arc,arc_17e6bf2f35a4f6f01d3c,0,1,Mercury_7101535
arc,arc_e498979f52b417f5affa,1,1,Mercury_7114818
arc,arc_45404adba2f84f410739,2,1,MDSA_2007_8_19
arc,arc_efc5b6e0b69eb9d8b1ae,3,1,Mercury_400893
arc,arc_f1b7b2981928aaa9c362,4,1,Mercury_7068530
arc,arc_785e2715a96e36612b04,0,1,Mercury_SC_LBS10791
arc,arc_9f14535ad017f635b1ed,1,1,Mercury_SC_413243
arc,arc_bba24d3e3515a8cbe61d,2,1,NYSEDREGENTS_2007_8_28
arc,arc_02825d7c31ed0f746ab4,3,1,Mercury_7246260
arc,arc_14801455ed7472130f36,4,1,Mercury_7210280
arc,arc_2a0c66dd300c8a013379,0,1,Mercury_7282118
arc,arc_295ea333c4bedc41b9e7,1,1,NYSEDREGENTS_2004_4_5
arc,arc_b3949e080c863f833f91,2,1,Mercury_SC_401298
arc,arc_7dfeb593988f688ed59b,3,1,Mercury_7007508
arc,arc_a43d7bf3f867af7178cd,4,1,Mercury_7014525
arc,arc_e8a6e7a35e845770e651,0,1,NYSEDREGENTS_2006_8_26
arc,arc_7fabda2edb2b7f8af016,1,1,Mercury_417468
arc,arc_2a325cd3b1a76117a2ef,2,1,Mercury_7141995
arc,arc_78667a9fe992a9a3b40a,3,1,Mercury_403967
arc,arc_1cbfc5630bdc94bb1cdc,4,1,Mercury_417154
arc,arc_a6a659dd671a7e27a16f,0,1,Mercury_7086678
arc,arc_27c2b5b97824e54dd8a5,1,1,Mercury_416466
arc,arc_67a6b27970b6a1259729,2,1,Mercury_7008085
arc,arc_3902b16d38f9c6476b56,3,1,Mercury_7228288
arc,arc_7f5c0d21bf51ca1aa481,4,1,Mercury_7132195
arc,arc_31ca5b579d605988d6d1,0,1,AKDE&ED_2008_4_21
arc,arc_9f96091e372534582766,1,1,MDSA_2008_5_30
arc,arc_3367e0ecba10aa61208c,2,1,Mercury_7064278
arc,arc_ff972c0c40868d62e4b1,3,1,MCAS_2014_5_4
arc,arc_5e4555be697a220e971e,4,1,Mercury_7221008
arc,arc_8931e19c4ce8176ff1dd,0,1,Mercury_7081270
arc,arc_adad68e7281d5a28db96,1,1,TIMSS_2011_8_pg100
arc,arc_ed8d44d972e305026c09,2,1,Mercury_7228165
arc,arc_7b4f74aeb4eebbfdbfe5,3,1,Mercury_7120698
arc,arc_7014fa1fd76ebdc67412,4,1,Mercury_SC_401359
arc,arc_0abbe06d5609bf7d3326,0,1,Mercury_SC_412697
arc,arc_df5bc7d74cfdaf7c9ab2,1,1,Mercury_7228550
arc,arc_d10f785034722ab8892a,2,1,Mercury_7197225
arc,arc_0b44ba36859d612d390d,3,1,Mercury_SC_400607
arc,arc_917d366c76f97cd5e882,4,1,MEA_2014_8_15
arc,arc_6edceca985106b888a5e,0,1,Mercury_7084263
arc,arc_3200fb3324d026508f27,1,1,MCAS_2006_9_22
arc,arc_40928d6d5a1271fc5c85,2,1,Mercury_SC_400156
arc,arc_bfb81ecd18a1ab0decab,3,1,Mercury_SC_402085
arc,arc_b9b9a6677d737c7a9d80,4,1,MCAS_1998_8_5
arc,arc_105430c7712c1e463ca6,0,1,Mercury_SC_400519
arc,arc_0c9d0cc81794d7d8416d,1,1,MCAS_2013_5_29398
arc,arc_7259aa396413c8066df0,2,1,MCAS_2009_5_6516
arc,arc_2540e6b302e84b4c71ba,3,1,Mercury_7202160
arc,arc_394c8aeabf4f6d038a1a,4,1,MCAS_2013_5_29408
arc,arc_dc7e9a19ced04182a92a,0,1,VASoL_2007_5_7
arc,arc_8351a0cdba3443d02a61,1,1,Mercury_SC_414079
arc,arc_52c63ebd69d1a059c340,2,1,Mercury_7216685
arc,arc_393972859c7921f9cf60,3,1,Mercury_407675
arc,arc_5ce1fcfd08ad4d248b1d,4,1,Mercury_7009923
arc,arc_49a3d21165037977a3c3,0,1,Mercury_7223283
arc,arc_847175c3ff87346cf269,1,1,Mercury_SC_409907
arc,arc_cf3cf21de6d5cfc77823,2,1,Mercury_SC_405455
arc,arc_ce1ce03a3fd6cc0e72ef,3,1,MCAS_2013_5_29397
arc,arc_c5c3c97d550781344a19,4,1,MDSA_2009_8_44
arc,arc_bfeb80fe0320513847af,0,1,Mercury_7210578
arc,arc_b7022a794ebe6ff22e00,1,1,Mercury_7213395
arc,arc_1962642ddc26ccb2282e,2,1,Mercury_184293
arc,arc_685b8794450e7b601bec,3,1,Mercury_183960
arc,arc_4177d7f0e6e84717a0aa,4,1,Mercury_7211873
arc,arc_f4423f9afd91999897c1,0,1,Mercury_406916
arc,arc_dc3913560a2437244271,1,1,NCEOGA_2013_5_1
arc,arc_d4dc3d955f51c9ef7bf9,2,1,Mercury_406732
arc,arc_7201a29a0deed3e1f4a9,3,1,Mercury_7227938
arc,arc_ce828790c8224a3cccbf,4,1,Mercury_7228025
arc,arc_6bdec77d3d9119a28391,0,1,LEAP__7_10343
arc,arc_7b5b984247818f75eab7,1,1,Mercury_412782
arc,arc_e895ec7d8d6817ca18eb,2,1,ACTAAP_2013_7_6
arc,arc_8aa38611e0c60d18d55a,3,1,MCAS_1999_8_34
arc,arc_09d5de49e8315725a441,4,1,Mercury_185255
arc,arc_119da22a027925ec0bda,0,1,Mercury_7212030
arc,arc_cc6e9bb47201485da879,1,1,Mercury_SC_400013
arc,arc_6ce86e542b845d82b0e0,2,1,Mercury_7283413
arc,arc_b7aca3e7a39e8c1344c9,3,1,Mercury_7041248
arc,arc_c5fee8578a46879a69d5,4,1,CSZ10245
arc,arc_69fa58612ce486f58c53,0,1,NYSEDREGENTS_2011_8_43
arc,arc_5cf6b04b48ff43445123,1,1,Mercury_7186480
arc,arc_bd0cb3e82812672ad3c7,2,1,Mercury_182613
arc,arc_e1cb0fc9434de762f227,3,1,MEA_2014_5_7
arc,arc_1b88fb17077e26404431,4,1,FCAT_2012_8_7
arc,arc_c01911f64f9e417e3991,0,1,Mercury_SC_409675
arc,arc_5c0432c28aa73867c951,1,1,Mercury_412149
arc,arc_ea2b860cee52d5c4f48c,2,1,Mercury_7166618
arc,arc_4408497b8c7366dd7a96,3,1,NYSEDREGENTS_2016_4_13
arc,arc_b54f12fdcba8273e49d6,4,1,TIMSS_2007_4_pg48
arc,arc_cb7c3602e4e7dbca6dee,0,1,MDSA_2009_4_18
arc,arc_bbdfaee9fbe12ce79531,1,1,Mercury_SC_406541
arc,arc_0e0ee8697c98fdbe3ec3,2,1,Mercury_SC_405460
arc,arc_1a0cc7544af9d17139c3,3,1,Mercury_7027038
arc,arc_76886b39ee58a2c642bf,4,1,Mercury_SC_LBS10615
arc,arc_82ef7717bb34fbbdfb5b,0,1,MCAS_2006_9_20
arc,arc_dcedb71e15b2db44ee1f,1,1,Mercury_7230195
arc,arc_524f2a8c9816f587e4bd,2,1,ACTAAP_2007_7_8
arc,arc_b4e07570bf8927f4a704,3,1,Mercury_416647
arc,arc_4b97e596283a29849793,4,1,Mercury_SC_406669
arc,arc_c683abb4b63ff476b900,0,1,Mercury_7027143
arc,arc_e8912e09a4546ea0cbe2,1,1,Mercury_7122010
arc,arc_86222e64e9b599539070,2,1,ACTAAP_2015_7_8
arc,arc_8028549ef88f2a9dd917,3,1,NCEOGA_2013_5_59
arc,arc_ce8271207629faf5fd6f,4,1,Mercury_7038868
arc,arc_d597ba331de0111d7b88,0,1,Mercury_7170433
arc,arc_0a870fe969f815c35891,1,1,Mercury_7057733
arc,arc_fa2fb5b0cdfb6822af4c,2,1,MCAS_2011_5_17663
arc,arc_5bd0e4975d83b48b49ab,3,1,Mercury_7109585
arc,arc_70970cf5dc1ca15a7d9d,4,1,Mercury_7142975
arc,arc_816fb03e803059939a81,0,1,Mercury_7081095
arc,arc_62f55130cf381eccd7ac,1,1,Mercury_7218173
arc,arc_53b7d0c5fdd2c5d92e42,2,1,Mercury_7017133
arc,arc_2515c14846c5ddd6015a,3,1,MCAS_1998_8_8
arc,arc_c56ce9f8ef1224c83537,4,1,Mercury_SC_400169
arc,arc_76d6ca9ca773c9003761,0,1,Mercury_7262833
arc,arc_21796b4b7c6bf2f35afd,1,1,Mercury_SC_LBS10384
arc,arc_d3724860c64ad13da50c,2,1,MEA_2010_8_7-v1
arc,arc_a02e12681fbd96f605ff,3,1,Mercury_SC_402619
arc,arc_ac634b7d27fce3849287,4,1,Mercury_7044048
arc,arc_0bd696ebb7a9a61b112f,0,1,TIMSS_2007_4_pg18
arc,arc_c3a3f689572e528adcc5,1,1,Mercury_7270305
arc,arc_417e5781d3b17a88421d,2,1,VASoL_2008_5_36
arc,arc_380120ece85b5ecc63ab,3,1,Mercury_7185395
arc,arc_1d2c15c4ccfde9d2e095,4,1,Mercury_SC_401207
arc,arc_b9ad9ee9d5d07b6dc97c,0,1,MSA_2012_5_14
arc,arc_e67ff3f4923a86e75a30,1,1,Mercury_7207498
arc,arc_5ac4cf4683ca570c4adc,2,1,VASoL_2008_5_9
arc,arc_5ad8575c64f18d5f608f,3,1,MEA_2016_5_12
arc,arc_627b92256f0673c8fafd,4,1,Mercury_7191153
arc,arc_463037fa1d9517e2d1c1,0,1,Mercury_SC_415475
arc,arc_3ac57376c349e37eab4a,1,1,Mercury_401242
arc,arc_7726e0137af0842a2395,2,1,Mercury_7215198
arc,arc_c42232af51b9e184c47e,3,1,Mercury_SC_LBS10340
arc,arc_e6a16b0cda09b8977cc7,4,1,Mercury_7041860
arc,arc_395f90c72a22a0af3dbe,0,1,NYSEDREGENTS_2007_8_21
arc,arc_79ba89c861682a6c0895,1,1,NYSEDREGENTS_2009_4_20
arc,arc_9d88cb3da4d19eb18ea0,2,1,MCAS_2009_8_3
arc,arc_b54bb755a58ad5a9e73f,3,1,Mercury_400761
arc,arc_bd36c9a7c3f71bcfe13a,4,1,MCAS_2006_9_21
arc,arc_052a9475f3c1ba248adb,0,1,Mercury_7268223
arc,arc_370d281e16640853647f,1,1,Mercury_7181965
arc,arc_c6e3e6a37fbbf11805ad,2,1,Mercury_7207165
arc,arc_c7f0567fd7ecbd599858,3,1,NYSEDREGENTS_2016_4_20
arc,arc_b9f108e0af124626a0d7,4,1,Mercury_401402
arc,arc_7f8bf870e19e32d1ffea,0,1,Mercury_7283955
arc,arc_97a70c6db594f56ee82d,1,1,Mercury_7168455
arc,arc_3112d85594ea47c72438,2,1,Mercury_7084700
arc,arc_9eb88e79bbc71d1567fc,3,1,TIMSS_2011_4_pg92
arc,arc_11dbe551306764c47582,4,1,MCAS_2008_5_5637
arc,arc_fea63cfa814697872147,0,1,NCEOGA_2013_8_51
arc,arc_1583b0370aeb5a54cae8,1,1,AKDE&ED_2008_8_9
arc,arc_f38c5f45517703737043,2,1,Mercury_SC_401220
arc,arc_07b468e8c40d422c0d50,3,1,Mercury_SC_407194
arc,arc_78d43cc6d6a231d71afb,4,1,Mercury_7013003
arc,arc_d41909d87f42c468958d,0,1,Mercury_7086118
arc,arc_f4a556631326e3a587ba,1,1,Mercury_7159093
arc,arc_79657734434231e365a0,2,1,TIMSS_1995_8_O11
arc,arc_e744599d38af0ed9b5e7,3,1,AKDE&ED_2012_4_33
arc,arc_6e2d6d7b7c340cc97aba,4,1,Mercury_7211348
arc,arc_238149484d34b7c01806,0,1,ACTAAP_2009_7_11
arc,arc_f3b76207a60af2e28a54,1,1,Mercury_7128713
arc,arc_4ee83bdfb763994cc3b3,2,1,Mercury_417139
arc,arc_c07037bcc03fd9aeac89,3,1,Mercury_7124180
arc,arc_bac6445055d9b9249731,4,1,VASoL_2009_3_10
arc,arc_45adab79f41998973454,0,1,Mercury_7082565
arc,arc_bd942430594c8787bc7e,1,1,Mercury_7083545
arc,arc_dc354cb9aeb7c7b92035,2,1,MCAS_2005_9_19
arc,arc_35a5f6aabe19b6711c45,3,1,Mercury_SC_401644
arc,arc_8b057f18336c4fead64b,4,1,Mercury_7159863
arc,arc_d6172c818db3985002a5,0,1,TIMSS_2011_4_pg64
arc,arc_7be4d11bae53aff82a2c,1,1,NYSEDREGENTS_2009_8_41
arc,arc_c1f95526d1fe917f5dc8,2,1,Mercury_7245753
arc,arc_9b33f17c335fd6b18636,3,1,MCAS_2005_8_4
arc,arc_d4a0b3532bc3e85857de,4,1,MCAS_2006_8_35
arc,arc_435e7c8bd5b5f5c8f4db,0,1,ACTAAP_2013_5_14
arc,arc_f34ed87973bc4b2fa921,1,1,ACTAAP_2007_7_4
arc,arc_5a2dcd6487475cc5a675,2,1,Mercury_402363
arc,arc_af1bb656cad971e01544,3,1,LEAP_2008_8_10423
arc,arc_f37af631abe29f52571e,4,1,Mercury_7056613
arc,arc_3a28779c57d0679ce5b7,0,1,Mercury_SC_415079
arc,arc_8f7384517b08bfa2de65,1,1,Mercury_SC_407137
arc,arc_7e089c4f34f8d34e92e6,2,1,NYSEDREGENTS_2005_8_44
arc,arc_a712afcf152b01dc52bf,3,1,CSZ_2004_5_CSZ20414
arc,arc_4b5859c6b629e153b67e,4,1,Mercury_SC_401765
arc,arc_4a55b0548374a2d5e67b,0,1,Mercury_7038430
arc,arc_5156f97bb508ed472daf,1,1,NCEOGA_2013_5_42
arc,arc_a9d94a829cdfe009dc58,2,1,Mercury_SC_405207
arc,arc_e5712f6c7b517181f525,3,1,Mercury_SC_414081
arc,arc_c7d2dc1b8beea717df9e,4,1,MDSA_2009_4_30
arc,arc_809d49082425c968c498,0,1,Mercury_7213255
arc,arc_cae235aa52c4ca945884,1,1,Mercury_7024483
arc,arc_8e544a5efc3120574d0e,2,1,NYSEDREGENTS_2004_8_37
arc,arc_783dfc6ab1be500ece18,3,1,MCAS_2008_8_5711
arc,arc_4b7def16276b1de4c4bd,4,1,Mercury_SC_401606
arc,arc_777d49a903c9f7952835,0,1,Mercury_188563
arc,arc_b17cda03781fbd2aaa3d,1,1,Mercury_7108973
arc,arc_953fe5ff0466396e7e70,2,1,ACTAAP_2014_7_14
arc,arc_6175e316f946ffe2651c,3,1,MDSA_2007_5_9
arc,arc_fb5a22d1ec2e29762e4c,4,1,Mercury_7161210
arc,arc_f99370d52d5b18a3f581,0,1,Mercury_7102270
arc,arc_f5a52efc4d7d07e96085,1,1,MCAS_2006_9_5-v1
arc,arc_d5d15359e4a3d638ccc6,2,1,Mercury_7210000
arc,arc_e4ac561fc8ad1da315f0,3,1,Mercury_7267680
arc,arc_a9c2bad115b6b7ec6e3f,4,1,Mercury_7274348
arc,arc_81a9539435af6a1c014f,0,1,MCAS_2002_8_15
arc,arc_554c8aa0a387b1a65a24,1,1,MCAS_2004_8_36
arc,arc_d486d8ae3306f70ec902,2,1,Mercury_404903
arc,arc_abfce39361787ee87028,3,1,Mercury_7057295
arc,arc_d1fdd3eb94977caf918b,4,1,Mercury_SC_400377
arc,arc_1876e99b0e2fc41c6068,0,1,Mercury_7221708
arc,arc_e9b07fd9318e96197726,1,1,MCAS_2008_8_5691
arc,arc_8f564f51bdbc91975db1,2,1,MCAS_2000_4_4
arc,arc_339a8cfbd152523a1175,3,1,Mercury_7239418
arc,arc_ad28e94796beacb3f3cd,4,1,MSA_2015_5_46
arc,arc_aa882037552cd14f124a,0,1,MCAS_2000_4_17
arc,arc_e498eb483ff971254f48,1,1,TIMSS_1995_8_N3
arc,arc_5f0da9c3ebdf8282c8e7,2,1,CSZ20740
arc,arc_9ed27a36a5c46c2d88c2,3,1,OHAT_2010_5_20
arc,arc_b767b78d0c1bf1d197a0,4,1,Mercury_7218155
arc,arc_f89def89498c423e2e35,0,1,Mercury_402349
arc,arc_6c384dc8dd60104b7c6a,1,1,LEAP_2001_4_10241
arc,arc_7e6da0fdd0ff1eaac30d,2,1,NYSEDREGENTS_2004_4_9
arc,arc_f64f38a88ebcd20297a2,3,1,Mercury_7217840
arc,arc_bfa83694473226c34a2a,4,1,Mercury_404786
arc,arc_a52b2a98a2452314d3a8,0,1,NYSEDREGENTS_2006_8_6
arc,arc_c6f433fd1e76764016e9,1,1,NCEOGA_2013_5_57
arc,arc_c41d3d85ac14b96aba0a,2,1,MDSA_2010_5_2
arc,arc_67584189e15dd6fda601,3,1,Mercury_7094010
arc,arc_e8c329669d05ee5dfede,4,1,Mercury_7171990
arc,arc_88b1c6369ac11de23682,0,1,Mercury_7086293
arc,arc_3a631b8a38261edd9aa4,1,1,Mercury_SC_407691
arc,arc_e7675d4cb9fcc8a22b3d,2,1,Mercury_7210263
arc,arc_57e09f03739a057c306c,3,1,Mercury_7069458
arc,arc_bafb89ba04b47adeec99,4,1,Mercury_7238980
arc,arc_6565897f36678f4c38d8,0,1,Mercury_SC_406796
arc,arc_33f2b04df861b137f1fa,1,1,MDSA_2011_8_10
arc,arc_88a5359eecc3ff77297c,2,1,Mercury_SC_401304
arc,arc_764426dfe481f3dca6ce,3,1,Mercury_7064208
arc,arc_6b73661847463b1df205,4,1,Mercury_7214673
arc,arc_e96d5b74c87f882479c0,0,1,ACTAAP_2008_7_5
arc,arc_7c61cc651c4de19f0cfb,1,1,Mercury_7097248
arc,arc_834752ef450364793090,2,1,Mercury_7215268
arc,arc_5d616207f6147849e022,3,1,Mercury_SC_402105
arc,arc_b821d652fb1e93858159,4,1,Mercury_412527
arc,arc_030ef5b1af24abbb788e,0,1,MCAS_2008_5_5625
arc,arc_5b8c18af9bf35595aaf5,1,1,AKDE&ED_2008_4_41
arc,arc_d701403edbf927e21a1f,2,1,Mercury_SC_401183
arc,arc_db4876154e9be1e1daac,3,1,Mercury_7010028
arc,arc_f9b5a8843507366d4c60,4,1,Mercury_7008838
arc,arc_1374397527f8d5602713,0,1,Mercury_SC_402089
arc,arc_ef52a0221faf3c7f2624,1,1,MCAS_2009_5_6510
arc,arc_1465956cb39c7d4b818e,2,1,ACTAAP_2010_7_13
arc,arc_91995df6941e4884d2c1,3,1,Mercury_7057715
arc,arc_aa3c10068320770b62f3,4,1,Mercury_7092260
arc,arc_85c6273e5329462aefd8,0,1,Mercury_7120943
arc,arc_8fdf39c487d4047d3442,1,1,Mercury_SC_LBS10674
arc,arc_2880a3879d239ace5724,2,1,VASoL_2010_3_10
arc,arc_268709e48f10e3679432,3,1,MCAS_2005_5_15
arc,arc_f1bdd3dae602789697cb,4,1,AIMS_2008_8_5
arc,arc_a27525a73cc813d0d17c,0,1,LEAP_2004_4_10259
arc,arc_08b271fe6d3d563bd6e0,1,1,NYSEDREGENTS_2009_8_29
arc,arc_e68fc3521f039145d7ad,2,1,Mercury_SC_405459
arc,arc_781727cf9bfbd30e7b75,3,1,Mercury_407023
arc,arc_b2b83a30f616b77a522d,4,1,Mercury_7029645
arc,arc_dc8d2a8cf774cf64ab97,0,1,Mercury_400940
arc,arc_e256b98dcf8d79df96a9,1,1,ACTAAP_2014_7_7
arc,arc_51bb1b758ec748d3c26d,2,1,Mercury_7263393
arc,arc_a9103d0082b6cd443135,3,1,Mercury_7268293
arc,arc_728cbf4cdcc0037e98d8,4,1,MDSA_2007_5_32
arc,arc_73d854347fcb826d1c04,0,1,Mercury_SC_401336
arc,arc_e685598b55c2693d191f,1,1,Mercury_7018480
arc,arc_16c110e85f0b8bb6e3bc,2,1,Mercury_7171920
arc,arc_197362eed74819f5b7e4,3,1,MCAS_2010_5_11983
arc,arc_c1a1bcacf1ffd7fa46d3,4,1,MSA_2013_8_4
arc,arc_ee7084e864cd2ef6dfb9,0,1,MCAS_2006_9_22-v1
arc,arc_4e89450b945e10f582cd,1,1,MSA_2015_8_31
arc,arc_60c6d2ee07b01d8ed43b,2,1,Mercury_SC_416424
arc,arc_b63cf40a11603eb224c2,3,1,Mercury_7212065
arc,arc_0fa6671799ce28b7fbb5,4,1,Mercury_SC_405724
arc,arc_7d49dd67457ad45e42fe,0,1,Mercury_SC_415697
arc,arc_ee83e5b47d5eb1596e65,1,1,Mercury_7233555
arc,arc_47c0fe1b2b1363cc0672,2,1,ACTAAP_2008_7_2
arc,arc_0a8ba01871bf427810ec,3,1,Mercury_7166093
arc,arc_c36ce81fe92c259355c8,4,1,NYSEDREGENTS_2007_8_31
arc,arc_73a00d7f7e91597f6d4e,0,1,MCAS_2016_5_15
arc,arc_b0daa312cf9db552ddd8,1,1,ACTAAP_2008_7_10
arc,arc_fa181b2dd44c581f743e,2,1,LEAP__7_10356
arc,arc_1d48b7c6f049e0823514,3,1,MEA_2014_5_14
arc,arc_bb1170ee57709a925f68,4,1,Mercury_SC_401354
arc,arc_5d698b91d062302f72a0,0,1,AKDE&ED_2008_8_25
arc,arc_554c55529e5978e8afbf,1,1,MEAP_2005_8_30
arc,arc_428589ce824169f2c077,2,1,Mercury_7227833
arc,arc_881d343fc2bbc9200e1f,3,1,Mercury_7263165
arc,arc_24920c0fdf27686e9db5,4,1,MCAS_2004_9_1
arc,arc_27f7caf2c3c1b97033c3,0,1,Mercury_7217105
arc,arc_3cf411ca555ec7ca5e4d,1,1,Mercury_7135835
arc,arc_0994a0a32f425a0c846e,2,1,MCAS_2006_9_13
arc,arc_088df682cec0f8f3c37b,3,1,Mercury_406808
arc,arc_c6e28f0b4e05baf7e464,4,1,Mercury_SC_405208
arc,arc_51071b789380f828b82f,0,1,MDSA_2007_8_16
arc,arc_15dea3469172d8ca2510,1,1,MCAS_2008_5_5634
arc,arc_f782a2d0dccfc99347aa,2,1,Mercury_7012618
arc,arc_ef8ce64f9bc570647dec,3,1,Mercury_7145478
arc,arc_50e677be745ac558164f,4,1,Mercury_406888
arc,arc_501f6154a18099e4a3c7,0,1,AKDE&ED_2008_8_16
arc,arc_e8083dd2fd47852ecbb7,1,1,NYSEDREGENTS_2004_8_31
arc,arc_249a07140735aa171e79,2,1,Mercury_7233905
arc,arc_eecf437046a06c03a0f0,3,1,Mercury_SC_415364
arc,arc_032b59742f8be396461e,4,1,Mercury_7085330
arc,arc_42a8b3c03e97c53e1c0a,0,1,Mercury_SC_400338
arc,arc_88ebf7639c537d154970,1,1,Mercury_7100398
arc,arc_596e1ae549ae27498f2c,2,1,Mercury_7187530
arc,arc_311375cff676dbdb3de2,3,1,NCEOGA_2013_5_25
arc,arc_2ae186c2d232795852df,4,1,ACTAAP_2009_5_13
arc,arc_7fbc4b3c7aee3e7413be,0,1,Mercury_7222373
arc,arc_58a314e87b6d6592aba7,1,1,Mercury_7188703
arc,arc_67e53c00513c79a492bd,2,1,ACTAAP_2009_7_17
arc,arc_f6d96466406112569af7,3,1,Mercury_SC_405927
arc,arc_6dc5a68932b3d1b7e99d,4,1,Mercury_SC_401198
arc,arc_92772bdd0e11720911d6,0,1,Mercury_7007910
arc,arc_a68d2e5cb8abdff443b7,1,1,Mercury_SC_415410
arc,arc_bc844434d92c96978a77,2,1,ACTAAP_2015_7_2
arc,arc_94705adfc1dcec1ed7db,3,1,Mercury_SC_401004
arc,arc_e63f0398ad6598c8c172,4,1,Mercury_405142
arc,arc_bf1ee655ce33618fdb90,0,1,Mercury_7210613
arc,arc_b05eec0eff6d543f655e,1,1,MCAS_2001_8_5
arc,arc_e14faa876803f872e5ac,2,1,Mercury_7222355
arc,arc_576b29f31c5401d69cf7,3,1,Mercury_SC_416141
arc,arc_49e6683186aee2ae727e,4,1,Mercury_7120785
arc,arc_8407bb20395b195187e2,0,1,Mercury_7115360
arc,arc_bf37cc630a4210bd46a4,1,1,Mercury_400639
arc,arc_ce50916631766c8450b5,2,1,AKDE&ED_2012_8_42
arc,arc_30e8ca9c71086cbf5a7e,3,1,MDSA_2008_8_26
arc,arc_09511c12a1ff169dd5b8,4,1,MEAP_2005_8_17
arc,arc_09b0cad9ef9c31d5e4f1,0,1,VASoL_2009_3_17
arc,arc_050cdcfd1969a77bf414,1,1,NCEOGA2013_8_50
arc,arc_fb92cbdc56d7310d5652,2,1,MCAS_2006_9_35-v1
arc,arc_264c10198114125de9f0,3,1,MDSA_2007_5_15
arc,arc_1a72c0b86f55a243481b,4,1,Mercury_7122465
arc,arc_526749bd37eb600c4abd,0,1,Mercury_7038150
arc,arc_92bf3cf3ee01c1997f58,1,1,Mercury_411450
arc,arc_c52a6a3b0bb779280dc8,2,1,LEAP_2001_8_10381
arc,arc_f6bf23bbf692dfa8f382,3,1,MCAS_2004_8_8
arc,arc_9428a18962156fea3047,4,1,Mercury_SC_401364
arc,arc_1e5a0381cfc82a7ce215,0,1,Mercury_7027353
arc,arc_3987871970d81a27c1f6,1,1,NCEOGA_2013_8_59
arc,arc_df1a04ee82aba555d29d,2,1,Mercury_7116253
arc,arc_6c39a63e61a2ed3f582b,3,1,Mercury_SC_405725
arc,arc_3e25e06938259281e5ae,4,1,Mercury_7166600
arc,arc_dd008baf10f0b44e8cb6,0,1,Mercury_SC_LBS10951
arc,arc_12e6e93cb225c9d10f35,1,1,Mercury_7230265
arc,arc_8ffc4f7d842721990d0d,2,1,MDSA_2007_4_35
arc,arc_5e5227a7e303e72af89e,3,1,MCAS_1998_8_25
arc,arc_72e08ee37be17eff679f,4,1,Mercury_7228375
arc,arc_171c008229e872344b0a,0,1,Mercury_401030
arc,arc_f3f5e88b41b704a71362,1,1,VASoL_2007_5_37
arc,arc_9f7dce2c7d07031efa75,2,1,Mercury_7168560
arc,arc_fb0f8b9a1dd367feaab0,3,1,Mercury_7038010
arc,arc_45f1a7dded3dce678478,4,1,Mercury_7001243
arc,arc_2f287d74ce50a64df237,0,1,Mercury_7107415
arc,arc_cd21eb42e86a31b1a303,1,1,Mercury_408090
arc,arc_8d495b626a05731a36f0,2,1,Mercury_LBS10002
arc,arc_1b24453346b0d964ad13,3,1,Mercury_7043015
arc,arc_2df5f113365cf71d6ff4,4,1,Mercury_7211068
arc,arc_166c90623f3b6de19094,0,1,Mercury_7071838
arc,arc_8dec36ffdcd75fcbfe0a,1,1,Mercury_7165060
arc,arc_7f1ae9a50204a1a15327,2,1,Mercury_7198275
arc,arc_9b4dfc1f3f080c2835e4,3,1,TIMSS_1995_8_N5
arc,arc_f5de82f0b17172822222,4,1,NCEOGA_2013_5_26
arc,arc_af1e9933f88d448dfb4b,0,1,ACTAAP_2011_5_9
arc,arc_a6f6ac40718590f68835,1,1,Mercury_7179778
arc,arc_0466300afaf2de65dea6,2,1,Mercury_400308
arc,arc_332dd66b6194c236968f,3,1,NYSEDREGENTS_2005_4_20
arc,arc_01864f5f1265a7956010,4,1,Mercury_7082635
arc,arc_4a4a29371e2b38303686,0,1,Mercury_7016818
arc,arc_6408c6fc696dbd135cd6,1,1,Mercury_SC_415349
arc,arc_9c9290f6138b858e758b,2,1,NYSEDREGENTS_2005_8_1
arc,arc_c11cc2465ee554705e7b,3,1,Mercury_186218
arc,arc_04808df4a216aa5aa77d,4,1,VASoL_2010_3_21
arc,arc_1dba97ff820ccbfed150,0,1,Mercury_7188878
arc,arc_a8e82fa052259e52982d,1,1,Mercury_SC_407186
arc,arc_13663d3998a331b9df4b,2,1,Mercury_SC_412698
arc,arc_c6ea780403db0581d7df,3,1,Mercury_7165883
arc,arc_81e7bc3e8a093e5cf797,4,1,MCAS_2005_9_20
arc,arc_2ce1c16ef63cf73776f2,0,1,Mercury_7216598
arc,arc_63a096a880662ac1dad7,1,1,TIMSS_2003_8_pg28
arc,arc_0ac8e3f1a863ee66b4a9,2,1,Mercury_7143185
arc,arc_d6513dad40fb74969001,3,1,Mercury_401011
arc,arc_492dcddc9c546b89748b,4,1,MCAS_1999_4_2
arc,arc_4bdcc42712dccd37ae18,0,1,Mercury_182718
arc,arc_775b860009e86ceddbbd,1,1,Mercury_7093188
arc,arc_08c56c5cda8f429afef5,2,1,Mercury_7220273
arc,arc_0056e31bff2b24d777a6,3,1,Mercury_183803
arc,arc_afe3aadc0683ff560166,4,1,Mercury_404134
arc,arc_8cde0db981d8cafe09bc,0,1,Mercury_7094238
arc,arc_cb8224ae4584bb73dbcb,1,1,Mercury_7092505
arc,arc_75e7bfdd5367cdd70434,2,1,Mercury_7090685
arc,arc_7e97e8e4064f4a7d3901,3,1,MCAS_2007_8_5169
arc,arc_6a149b5aa8b0ab9d8a7e,4,1,ACTAAP_2008_5_7
arc,arc_269ab4637c11e4a18d9b,0,1,Mercury_SC_400200
arc,arc_c11a94480e4329be5b91,1,1,Mercury_SC_401153
arc,arc_3a45762280f9a002f56f,2,1,Mercury_SC_400863
arc,arc_0edef839169db88edd2a,3,1,Mercury_SC_402047
arc,arc_69fbd603eba355520b39,4,1,Mercury_414102
arc,arc_283bd2b075f43615d042,0,1,Mercury_7009625
arc,arc_0a47ffc1ff26acfae20a,1,1,MCAS_2008_5_5633
arc,arc_a53859a691737c125396,2,1,Mercury_7154350
arc,arc_9732f0406ba8415a6a5b,3,1,Mercury_SC_415468
arc,arc_b474da97e9a6bf33902b,4,1,MEA_2016_8_14
arc,arc_640dac28f607a372a5d4,0,1,Mercury_7216878
arc,arc_d9819ea2ec7ca52b1511,1,1,Mercury_415753
arc,arc_a3f73ef9ff07bf0084bc,2,1,Mercury_7230300
arc,arc_60b9858547c87ec05ca4,3,1,Mercury_7084298
arc,arc_076cafb28ed666c30103,4,1,Mercury_187618
arc,arc_c572bf5ba28ac895739c,0,1,Mercury_7131950
arc,arc_863c1778ff5c8e611a33,1,1,ACTAAP_2014_5_1
arc,arc_c75d0928ec6ba5725ae1,2,1,Mercury_7084280
arc,arc_a6550c1181c7e6d5928b,3,1,Mercury_SC_400119
arc,arc_ef75329839e6a8c0ee19,4,1,Mercury_402398
arc,arc_6a8f49104da7e8b2b7f2,0,1,Mercury_7221253
arc,arc_9174db66bac9ff2545a6,1,1,TIMSS_2003_4_pg27
arc,arc_3538cd22e81df14f7a00,2,1,Mercury_7001155
arc,arc_f7dee7a786d8ff9dcaee,3,1,Mercury_7205818
arc,arc_275348ad495c50d7588e,4,1,MCAS_2006_8_34
arc,arc_503b7b9b36da4081fd10,0,1,Mercury_7106733
arc,arc_a26a239e8e1ffd0353db,1,1,Mercury_7188930
arc,arc_2e7261e5e3a0c6e30bcb,2,1,Mercury_7269168
arc,arc_8a4ccf33568029f4e450,3,1,Mercury_7233573
arc,arc_014b0aa8e35b5f711f85,4,1,Mercury_SC_408664
arc,arc_fecca6136a739ee16911,0,1,MCAS_2004_5_13
arc,arc_f549d1081392f6fc00ef,1,1,MCAS_2005_8_15
arc,arc_c07374eb9f95f558146f,2,1,Mercury_7218120
arc,arc_639a4f4abe33aa260f68,3,1,Mercury_7239575
arc,arc_ad34eb9d276989adf9b0,4,1,NYSEDREGENTS_2007_8_6
arc,arc_f719cc2b7ed2c6710fc0,0,1,Mercury_7106908
arc,arc_47e4ee2dbaf8441b4e18,1,1,Mercury_SC_LBS10271
arc,arc_a6bb43aa5ae05e99d713,2,1,Mercury_177328
arc,arc_1e581acbc18503783890,3,1,Mercury_7094868
arc,arc_d9d1f622e013a5142d11,4,1,MDSA_2010_4_1
arc,arc_c5d77f21cad20551e497,0,1,NAEP_2005_8_S14+9
arc,arc_913190eed98002e53262,1,1,MCAS_2003_5_6
arc,arc_8935b66afa2c49daa0a3,2,1,WASL_2005_8_11
arc,arc_d4dab40bb44027deec86,3,1,Mercury_7012670
arc,arc_9b2d31a57cf4f853d0b2,4,1,ACTAAP_2009_7_14
arc,arc_423b910773448d2bdeb3,0,1,Mercury_7041615
arc,arc_8dcdaed009aed988693c,1,1,Mercury_7212555
arc,arc_53989c438f61f4cba6d3,2,1,Mercury_SC_401596
arc,arc_74b5c0eb9ca10a036db8,3,1,Mercury_7018218
arc,arc_b145f629110d7fe7a2e7,4,1,Mercury_7239610
arc,arc_38022f9ca43e244540ef,0,1,Mercury_7056175
arc,arc_1f3e15102fac655f98ce,1,1,NYSEDREGENTS_2004_4_10
arc,arc_402f902066323ac3583e,2,1,Mercury_417140
arc,arc_f8ad425e86100ce7af53,3,1,Mercury_7033810
arc,arc_e513359b21860161d03e,4,1,VASoL_2010_3_18
arc,arc_ab4e5d17db5ab6b1b810,0,1,MCAS_2006_9_8
arc,arc_504899fc09d2b85b3974,1,1,Mercury_7090825
arc,arc_12b7de22e906161ee609,2,1,ACTAAP_2010_5_6
arc,arc_ac15221b042920c1c32a,3,1,MEA_2014_5_6
arc,arc_6d938b2b7d9262a8e7ed,4,1,AKDE&ED_2012_8_45
arc,arc_03bb30008b5a1e849bf4,0,1,Mercury_SC_401133
arc,arc_9fa236255057b6162927,1,1,Mercury_7186778
arc,arc_84469f534e330f93715f,2,1,Mercury_7199150
arc,arc_25c87d3d4d59dee03132,3,1,Mercury_7192448
arc,arc_fbed83c07e86045171a6,4,1,Mercury_7016730
arc,arc_9535977e11ffcdf1735e,0,1,ACTAAP_2010_7_7
arc,arc_c28d68d5d2725739b070,1,1,MDSA_2008_5_18
arc,arc_5c06567b5c39d704934a,2,1,Mercury_SC_405198
arc,arc_54c6bfb3a2b847410719,3,1,Mercury_7097965
arc,arc_e8e8c858d54d35c8112b,4,1,MCAS_2008_5_5616
arc,arc_491e7f35b04b646dd4ca,0,1,Mercury_183978
arc,arc_79c17ba9f23e1609d3fb,1,1,Mercury_SC_401197
arc,arc_ca76e08b151019ae0ba6,2,1,TAKS_2009_8_19
arc,arc_865efaa57299e916aa69,3,1,Mercury_7001418
arc,arc_62b17996cdf291aef514,4,1,Mercury_7145495
arc,arc_9d4e6bc88eda37f9be7e,0,1,Mercury_7234430
arc,arc_eb80cbb3fec2f3e8f363,1,1,Mercury_SC_407571
arc,arc_03e0fee4aa0258e35d53,2,1,Mercury_7219905
arc,arc_2a239dc0f6829fc1e0a9,3,1,Mercury_SC_LBS10647
arc,arc_f205ec23ba10c6575f57,4,1,Mercury_7181668
arc,arc_69728e945578d35ad957,0,1,Mercury_7188913
arc,arc_8aec8bb07933d2fba6c8,1,1,Mercury_7084420
arc,arc_1aeab0ff932e37dd133e,2,1,MSA_2015_8_38
arc,arc_391a1a6ceec57345de76,3,1,Mercury_402211
arc,arc_7f203ab7e4e218787677,4,1,Mercury_SC_413078
arc,arc_51adbb1f3cdfa6486ceb,0,1,NYSEDREGENTS_2009_8_7
arc,arc_27a0568848ca3286e3ce,1,1,AKDE&ED_2008_4_36
arc,arc_c40bdef885e1ca4646b4,2,1,Mercury_7193113
arc,arc_27311b2915adcb39ed37,3,1,Mercury_414133
arc,arc_9b59aba7e8923d373e6c,4,1,LEAP__7_10344
arc,arc_b8ef4aa60872fa612712,0,1,Mercury_7268835
arc,arc_0d99b4c52a41be32abd0,1,1,Mercury_SC_401371
arc,arc_b2b69988f387100b2650,2,1,Mercury_7016835
arc,arc_3045ea3256f9b36a6580,3,1,Mercury_7164798
arc,arc_9a4b9acdef9d59d5941a,4,1,Mercury_7100468
arc,arc_e57a6998c1dce8478450,0,1,Mercury_417153
arc,arc_28eb32a4547c8a4439d1,1,1,Mercury_7188090
arc,arc_867af197b5c7deddb8a9,2,1,Mercury_SC_LBS10244
arc,arc_d021451e5b6e8fad031c,3,1,Mercury_7187040
arc,arc_ea4c3a23ad096505c446,4,1,MEA_2011_8_3
arc,arc_71669f63c18fd085fa0e,0,1,Mercury_414091
arc,arc_e81b5420625ebf7c0149,1,1,Mercury_7248010
arc,arc_d072674205611ed6095e,2,1,ACTAAP_2014_7_11
arc,arc_5502bc26e0e683d62691,3,1,Mercury_7216843
arc,arc_d94f59d69674b09143e5,4,1,MCAS_1998_8_7
arc,arc_2f7452992bd4f4a60c86,0,1,MEA_2010_8_7
arc,arc_e0db49da6cb378e549ff,1,1,Mercury_SC_413558
arc,arc_a2714625d248f7932bb8,2,1,MCAS_2007_8_5171
arc,arc_d9cc1058e2c8704d7a6f,3,1,Mercury_400025
arc,arc_8ad950f6d48414507ec2,4,1,Mercury_7168683
arc,arc_090e11dbb91a96d33730,0,1,ACTAAP_2012_7_10
arc,arc_709d9bc8e0ba160686f6,1,1,Mercury_7058118
arc,arc_7924e5a383d0b463f274,2,1,NCEOGA_2013_5_29
arc,arc_db76a2b0363c9f46cb23,3,1,Mercury_7165953
arc,arc_2b7400b1db09f6f3eae9,4,1,MSA_2015_8_37
arc,arc_67f16911c50b456a62bd,0,1,Mercury_7044695
arc,arc_5338345cd0198f405945,1,1,MDSA_2009_5_17
arc,arc_45da5f1727cb51ff28ea,2,1,Mercury_7013545
arc,arc_92c8ecdb183a01f35593,3,1,Mercury_7175683
arc,arc_0fcd01dbdd39eb444343,4,1,MCAS_2004_8_17
arc,arc_34dd6b7fdfcebb347bb4,0,1,MCAS_2007_8_5168
arc,arc_0f4eef4173a9630733e9,1,1,Mercury_7083808
arc,arc_ee7ebd5ba010f05a0232,2,1,Mercury_7085243
arc,arc_c1bba93c7d98c3700ca3,3,1,VASoL_2007_5_28
arc,arc_f5b6c2c8e18e0efe69bc,4,1,MCAS_2003_8_8
arc,arc_f9f298c29f7380a9a493,0,1,Mercury_7006808
arc,arc_65bb17d469149bc8ed40,1,1,CSZ_2009_8_CSZ20870
arc,arc_815f8334dfda28f46d58,2,1,Mercury_SC_402643
arc,arc_054c171ec4cfe6ff21e0,3,1,NYSEDREGENTS_2004_8_3
arc,arc_9ccfccd0da3cf0220b6a,4,1,Mercury_7164430
arc,arc_d8d3db56a77e6c03112f,0,1,Mercury_7217018
arc,arc_0e193c76b7921d1638d0,1,1,Mercury_7040740
arc,arc_bae30c03980f2d32d12f,2,1,MDSA_2010_4_14
arc,arc_a91896f65faa837b8f15,3,1,Mercury_7038203
arc,arc_31db37e910c0da11f576,4,1,CSZ_2005_5_CSZ20330
arc,arc_73b8fd9047f0c92f0c8c,0,1,Mercury_7139125
arc,arc_1bf0ef577d0a9f51f6bc,1,1,TIMSS_2003_4_pg58
arc,arc_a6f6de7f8586bcc15f1c,2,1,Mercury_7011358
arc,arc_2bfa44ff562c5291935e,3,1,MCAS_1998_4_9
arc,arc_2ee42e93d0ea98e085d3,4,1,Mercury_SC_LBS10389
arc,arc_053b15d8a9765f32ca7b,0,1,Mercury_7132108
arc,arc_e187ad39d3d14c255ed2,1,1,Mercury_416594
arc,arc_0899f7fbcb3b4e7bb689,2,1,MCAS_2007_8_5166
arc,arc_1a935f5c75bd93d4b540,3,1,Mercury_7268188
arc,arc_c1739685a90ae68a6e27,4,1,VASoL_2007_3_6
arc,arc_583bb34809314c96881a,0,1,Mercury_7015645
arc,arc_1588aefb127f0c4a28c3,1,1,Mercury_SC_LBS10918
arc,arc_5ce82f2f56a3e82ed618,2,1,Mercury_SC_409238
arc,arc_1b29b85eff2a78d7a90e,3,1,Mercury_7145530
arc,arc_f1de1cb01d55eb36b91d,4,1,MDSA_2007_5_50
arc,arc_c0844cdeedb7d0ebffc0,0,1,Mercury_7041598
arc,arc_8d2fe2eabefd01e954c7,1,1,Mercury_7218733
arc,arc_2d71ee3159ac6daca97c,2,1,Mercury_178763
arc,arc_91518adc93131fd18a39,3,1,Mercury_7187005
arc,arc_f694cde98f8d5b472cd5,4,1,Mercury_SC_407295
arc,arc_06267dc6959fa4c624e8,0,1,Mercury_7206535
arc,arc_105448ee693c9d32f1e9,1,1,Mercury_7233695
arc,arc_9d4c8d1b096ff4f13abf,2,1,Mercury_7269010
arc,arc_8cc95e00a38ee738f85f,3,1,CSZ30564
arc,arc_7f7ee50c497df2af1884,4,1,MCAS_1998_4_17
arc,arc_d83703f6df86b0dabc39,0,1,Mercury_416464
arc,arc_d1de86120a9a44587951,1,1,MCAS_2007_8_5180
arc,arc_f054737a1ffa0c7d85b0,2,1,Mercury_7263148
arc,arc_86cacb759b104c7fceb5,3,1,MDSA_2009_8_14
arc,arc_be572e701f3b46fca1b2,4,1,Mercury_180163
arc,arc_09d6f7f553151da1620e,0,1,Mercury_7159670
arc,arc_33f9ad674777911b61d6,1,1,NCEOGA_2013_5_38
arc,arc_a2319a77180693816a19,2,1,TIMSS_2007_8_pg128
arc,arc_c5eede64ac27c6491cea,3,1,Mercury_SC_411900
arc,arc_2323340046f0e05cb7e2,4,1,MCAS_2006_9_27
arc,arc_ec93636e7f3b7eb6366f,0,1,Mercury_7113873
arc,arc_177595639a4351995a80,1,1,Mercury_7071943
arc,arc_0e847ad3f1207ca9c10d,2,1,Mercury_7246873
arc,arc_bdda6af4eafb9d1cd7c2,3,1,Mercury_411029
arc,arc_65d0070710ecd38956ff,4,1,Mercury_417136
arc,arc_5004183ab46255f75f1b,0,1,Mercury_SC_408759
arc,arc_2926b3af578dc5505a27,1,1,MDSA_2010_4_28
arc,arc_b9d016c90d4080925a3e,2,1,Mercury_SC_408447
arc,arc_584c441a8b154a41aa65,3,1,Mercury_7221795
arc,arc_3479b404d64bae68a408,4,1,Mercury_SC_415737
arc,arc_a49c453accc737c6dc55,0,1,Mercury_SC_LBS10656
arc,arc_1ae274f19767cad4dbc5,1,1,Mercury_SC_407397
arc,arc_3d06738806f0e71463b2,2,1,MDSA_2011_4_12
arc,arc_a9e7655f219ba1409709,3,1,Mercury_7005443
arc,arc_07a060888f8c942df2c0,4,1,MDSA_2007_8_54
arc,arc_75c4344f2da3de851a76,0,1,Mercury_7041125
arc,arc_5a42cf00509367349e17,1,1,Mercury_SC_405728
arc,arc_99557de8bc5abc6d2609,2,1,Mercury_7283938
arc,arc_e409bdf499b6e6500ec8,3,1,Mercury_SC_414080
arc,arc_36a984c626ce2a125304,4,1,Mercury_SC_406766
arc,arc_93088768ef26ca3d8a56,0,1,Mercury_409819
arc,arc_27fad54157046cb40045,1,1,NCEOGA_2013_5_60
arc,arc_a6b8c12101e8188f306d,2,1,TIMSS_2011_8_pg136
arc,arc_e5e52079ea434d5eda3b,3,1,TIMSS_2003_8_pg6
arc,arc_d0047b3f4d5fbb34a8cc,4,1,Mercury_189560
arc,arc_8202150ee9f181072d29,0,1,Mercury_7037240
arc,arc_c2badeee7610ba6022c1,1,1,AKDE&ED_2012_8_37
arc,arc_671d7e06bcc5229e9bbc,2,1,AIMS_2009_4_11
arc,arc_71d8bf2d755712ca3603,3,1,Mercury_SC_401202
arc,arc_8297963b4972c8fcd1a6,4,1,Mercury_7126630
arc,arc_b7117734f39f09522b31,0,1,VASoL_2008_3_8
arc,arc_f3f507cd21210bfd0fa4,1,1,Mercury_7211225
arc,arc_12679dc08a213d259c57,2,1,Mercury_7083580
arc,arc_457bdfb902dbe9cd3c01,3,1,Mercury_SC_415542
arc,arc_3a504405345d833ce3b0,4,1,Mercury_7040845
arc,arc_2aed73545a5fcf08d5d8,0,1,Mercury_177660
arc,arc_1fe0ff1754b958a2f231,1,1,Mercury_7223353
arc,arc_dca6b555d1bdbcb1145b,2,1,Mercury_7114870
arc,arc_7c70e354e9d974fe6c41,3,1,Mercury_400243
arc,arc_0f1ab23b0210fff107ce,4,1,MCAS_2008_8_5694
arc,arc_58fe844971335f0ee394,0,1,Mercury_7109253
arc,arc_5a222674c13cd2483590,1,1,Mercury_SC_400698
arc,arc_57796f59a188ffa1c8ae,2,1,Mercury_7142695
arc,arc_878f426ed37bc182cb0f,3,1,NCEOGA_2013_8_24
arc,arc_75549b038638b1707139,4,1,Mercury_SC_LBS10039
arc,arc_913dcdbb08e8903c1423,0,1,Mercury_7221743
arc,arc_ff9998eb530fec4c52a5,1,1,Mercury_7213850
arc,arc_2bb98bdc832da67a7f24,2,1,Mercury_SC_412487
arc,arc_ce10208fd73f5adae28e,3,1,AIMS_2009_8_9
arc,arc_86dce8b093f256872b5a,4,1,Mercury_412649
arc,arc_61af797101b63a5913c0,0,1,Mercury_7212730
arc,arc_98045d9921a95cd1d1c4,1,1,Mercury_7204260
arc,arc_39174f4bdbf94739335c,2,1,MCAS_2004_9_15
arc,arc_881036604141de6c2595,3,1,Mercury_7216703
arc,arc_8ccb02972c8c9abe040b,4,1,Mercury_SC_409578
arc,arc_33f4dd31db5a4af1bc36,0,1,Mercury_7174195
arc,arc_e50511d3559e27b884b3,1,1,Mercury_SC_401589
arc,arc_ecc9192df4159b2285f0,2,1,Mercury_7207218
arc,arc_91f7b32530e9f01c21ea,3,1,Mercury_7283588
arc,arc_279669817a05351c51db,4,1,Mercury_405467
arc,arc_2b8d3a266c88cd342fc6,0,1,ACTAAP_2011_5_15
arc,arc_cec4515cd72547666e2c,1,1,NYSEDREGENTS_2011_4_13
arc,arc_4162b164bf2ce263740e,2,1,Mercury_7086153
arc,arc_739784af5b492452b909,3,1,Mercury_SC_406042
arc,arc_69bc54f49cc10110e030,4,1,Mercury_SC_401653
arc,arc_5a97b7b2406d79487a01,0,1,Mercury_7102340
arc,arc_1ca1afda353221ee22a7,1,1,Mercury_7195685
arc,arc_93eba36fe59622b8a3a6,2,1,MCAS_2007_8_5172
arc,arc_760bedb02f8045d10392,3,1,ACTAAP_2012_7_5
arc,arc_9885ea9bdf30901fcebb,4,1,LEAP_2009_4_10293
arc,arc_e6605fc6a5fe057798e9,0,1,Mercury_SC_408743
arc,arc_016ccd17d4058d02f6ff,1,1,Mercury_SC_401165
arc,arc_b9f4e001b9925ffbb023,2,1,NCEOGA_2013_8_8
arc,arc_2cdf835e1a9caf4a4d62,3,1,Mercury_7033583
arc,arc_0628cac9bf9128446ca4,4,1,Mercury_7219100
arc,arc_1c25f0f890ade741942e,0,1,Mercury_7222058
arc,arc_7cd45d599ad68df9c6cb,1,1,ACTAAP_2007_7_28
arc,arc_f3d71876cbc6018e4c36,2,1,Mercury_7006178
arc,arc_cc26ffaf87231cf295ab,3,1,Mercury_7154648
arc,arc_fd3e440aa541905fd34c,4,1,Mercury_7136518
arc,arc_628358744923990561ce,0,1,Mercury_SC_LBS10782
arc,arc_912f216452a40d4ab8c7,1,1,Mercury_402062
arc,arc_c855e30878ef67ad6e9d,2,1,MCAS_8_2014_14
arc,arc_a508d2621522f9fb4a2b,3,1,Mercury_7193935
arc,arc_2fa2192d280310011ef9,4,1,Mercury_416635
arc,arc_daaf7a564f2ff92f2bae,0,1,Mercury_7043995
arc,arc_9587bf657f51c7327bf5,1,1,MCAS_2008_8_5716
arc,arc_236930e449d4216b48b3,2,1,MCAS_2011_5_17
arc,arc_2f2075b47177eedc5980,3,1,Mercury_7108833
arc,arc_8ec1c7f83b6798df1087,4,1,Mercury_7219083
arc,arc_4333d4fa4bc251c4d02d,0,1,Mercury_416144
arc,arc_f794830058764632d703,1,1,NYSEDREGENTS_2009_4_9
arc,arc_78a96e1243717a8ca4dd,2,1,MCAS_2011_5_17664
arc,arc_2d9bf1176928845f922e,3,1,Mercury_7126683
arc,arc_400f9ee99e17905ab038,4,1,Mercury_405061
arc,arc_8593c54d40b4bbed33bc,0,1,Mercury_7106330
arc,arc_3ef96e667cc54c3101ab,1,1,Mercury_SC_416654
arc,arc_e9e8379c24508cebd2cb,2,1,TIMSS_2011_4_pg105
arc,arc_684054855cdc1862d196,3,1,NYSEDREGENTS_2005_8_28
arc,arc_a6d9a91e63412b3fd089,4,1,Mercury_SC_406721
arc,arc_dcc0bade13585db38a04,0,1,TIMSS_2003_8_pg74
arc,arc_8d45db166d5e55d5e410,1,1,Mercury_7016625
arc,arc_bc239ceb7b93f931d37e,2,1,Mercury_406549
arc,arc_e40312c57b22e434f29c,3,1,Mercury_405773
arc,arc_eefb7369d557128d5958,4,1,AKDE&ED_2012_8_14
arc,arc_7c57cecd0e4634a5a863,0,1,OHAT_2007_5_39
arc,arc_12e50932badf9c02690c,1,1,Mercury_SC_402088
arc,arc_c359f60f1b73bfdddf11,2,1,CSZ30494
arc,arc_b3ca5394ab74a087b7cc,3,1,Mercury_7085908
