dataset,reference,id,group,q,route,policy_correct,reference_correct,policy_answer,reference_answer,policy_valid,reference_valid,policy_ms,reference_ms,latency_diff_policy_minus_reference_ms,net_saving_ms,accuracy_diff,policy_U,reference_U,delta_U,old_policy_ms,old_action_ms,old_probe_selector_ms,old_reference_ms,old_net_saving_ms,online_probe_selector_ms,policy_action_ms,policy_other_ms,reference_action_ms,reference_other_ms,reference_shift_ms,selected_action_shift_ms,online_control_shift_ms,saving_minus_component_ms,policy_historical_parsed_match,reference_historical_parsed_match,policy_historical_raw_match,reference_historical_raw_match,cold_first_request,policy_record_key,reference_record_key
obqa,T,9-782,9-782,0.8,R,1,1,A,A,True,True,3384.2922288458794,1083.6443630978465,2300.647865748033,-2300.647865748033,0,0.8658909240609203,0.9570585119857677,-0.09116758792484746,290.39693787558343,246.414073,43.98286487558341,995.727098,705.3301601244166,2656.306929886341,727.1277799736708,0.8575189858675003,1083.4851341787726,0.15922891907393932,87.91726509784655,480.7137069736708,2613.1815839966252,-3005.9780258724495,True,True,True,True,True,obqa|9-782|policy_T,obqa|9-782|reference_T
obqa,T,14-290,14-290,0.8,R,0,1,D,A,True,True,229.11863401532173,905.4392529651523,-676.3206189498305,676.3206189498305,-1,-0.00907926568111335,0.9641202315511811,-0.9731994972322945,287.9029700962472,244.139688,43.763282096247195,1118.558758,830.6557879037528,32.657617004588246,196.3438279926777,0.11718901805579662,905.3153810091317,0.12387195602059364,-213.11950503484763,-47.79586000732232,-10.988476073603152,-154.33516895392222,True,True,True,True,False,obqa|14-290|policy_T,obqa|14-290|reference_T
obqa,T,13-823,13-823,0.8,R,1,1,D,D,True,True,229.7715600579977,999.4679668452591,-769.6964067872614,769.6964067872614,0,0.9908948608711112,0.960394163269394,0.03050069760171719,291.6692830519309,245.993748,45.67553505193091,1238.429024,946.7597409480691,32.50161511823535,197.15307606384158,0.11686887592077255,999.3498651310802,0.11810171417891979,-238.96105715474096,-48.84067193615843,-13.057051057774785,-177.0633341608077,True,True,True,True,False,obqa|13-823|policy_T,obqa|13-823|reference_T
obqa,T,12-745,12-745,0.8,R,1,1,D,D,True,True,229.51765288598835,786.0806849785149,-556.5630320925266,556.5630320925266,0,0.9909049224301936,0.968850043924257,0.02205487850593656,290.7805227025466,246.266442,44.51408070254659,973.060621,682.2800982974534,32.343578059226274,197.05431093461812,0.11976389214396477,785.9664009884,0.11428399011492729,-186.97993602148506,-49.2121310653819,-12.050738751176354,-125.71706620492682,True,True,True,True,False,obqa|12-745|policy_T,obqa|12-745|reference_T
obqa,T,14-245,14-245,0.8,R,1,1,D,D,True,True,229.23418111167848,975.3754930570722,-746.1413119453937,746.1413119453937,0,0.9909161555433933,0.9613488737903357,0.029567281753057593,290.14903996266236,245.987717,44.16132296266234,1209.441847,919.2928070373378,32.65343909151852,196.4625210966915,0.11822092346847057,975.25889496319,0.1165980938822031,-234.0663539429279,-49.525195903308514,-11.389662947675347,-173.15149509194407,True,True,True,True,False,obqa|14-245|policy_T,obqa|14-245|reference_T
obqa,T,12-721,12-721,0.8,R,1,1,A,A,True,True,229.26622186787426,759.975756984204,-530.7095351163298,530.7095351163298,0,0.9909148858669247,0.9698845018061543,0.02103038406077042,290.67585608799556,245.693,44.98285608799553,944.11333,653.4374739120044,32.52970799803734,196.6146151535213,0.1218987163156271,759.8586280364543,0.11712894774973392,-184.13757301579597,-49.07838484647871,-12.331249373642564,-122.72793879567462,True,True,True,True,False,obqa|12-721|policy_T,obqa|12-721|reference_T
obqa,T,11-642,11-642,0.8,R,1,1,A,A,True,True,229.3824900407344,586.1777721438557,-356.7952821031213,356.7952821031213,0,0.9909102785173907,0.9767715805720922,0.014138697945298486,287.90624001455177,246.358607,41.54763301455176,722.763438,434.8571979854482,32.06856199540198,197.19836092554033,0.11556711979210377,586.0602420289069,0.11753011494874954,-136.58566585614426,-49.16024607445968,-9.363503899357674,-78.0619158823269,True,True,True,True,False,obqa|11-642|policy_T,obqa|11-642|reference_T
obqa,T,12-577,12-577,0.8,R,1,1,C,C,True,True,261.70233194716275,888.5802959557623,-626.8779640085995,626.8779640085995,0,0.9896295427417906,0.9647883000845527,0.024841242657237892,331.821064079293,289.935813,41.88525107929301,1091.473068,759.652003920707,32.082558143883944,229.50147301889956,0.11830078437924385,888.4627050720155,0.1175908837467432,-202.89277204423774,-60.434339981100436,-9.684392151029826,-132.77403991210747,True,True,True,True,False,obqa|12-577|policy_T,obqa|12-577|reference_T
obqa,T,14-1215,14-1215,0.8,T,1,1,A,A,True,True,855.5990620516241,824.8511559795588,30.747906072065234,-30.747906072065234,0,0.9660952447876474,0.9673136895883768,-0.0012184448007294332,1063.8094962825921,1019.654785,44.154711282592174,1019.654785,-44.15471128259219,32.94884297065437,822.5350421853364,0.11517689563333988,824.7352091129869,0.11594686657190323,-194.80362902044112,-197.1197428146636,-11.090691416304466,13.406805210526954,True,True,True,True,False,obqa|14-1215|policy_T,obqa|14-1215|reference_T
obqa,T,12-488,12-488,0.8,R,1,1,C,C,True,True,229.74373819306493,673.07686409913,-443.3331259060651,443.3331259060651,0,0.9908959633659151,0.9733280372448538,0.01756792612106124,289.30705521946453,247.214112,42.09294321946454,827.128418,537.8213627805355,32.30873215943575,197.31797487474978,0.1170311588793993,672.9624101426452,0.11445395648479462,-154.05155390086998,-49.89613712525022,-9.667179901149389,-94.48823687447043,True,True,True,True,False,obqa|12-488|policy_T,obqa|12-488|reference_T
obqa,T,9-892,9-892,0.8,R,1,1,C,C,True,True,261.83207612484694,976.6775949392468,-714.8455188143998,714.8455188143998,0,0.9896244013796974,0.9612972755037845,0.028327125875912944,328.1907580493494,285.720063,42.47069504934943,1210.246948,882.0561899506506,32.686962047591805,229.0251199156046,0.11999416165053844,976.5590520109981,0.11854292824864388,-233.5693530607532,-56.69494308439539,-9.663738840107087,-167.21067113625077,True,True,True,True,False,obqa|9-892|policy_T,obqa|9-892|reference_T
obqa,T,1683,1683,0.8,R,1,1,B,B,True,True,229.87208794802427,701.1645310558379,-471.2924431078136,471.2924431078136,0,0.9908908772604991,0.972215009525574,0.018675867734925005,286.37163899828795,245.168179,41.20345999828792,872.143451,585.7718120017121,32.63291087932885,197.1197130624205,0.11946400627493858,701.0474121198058,0.11711893603205681,-170.97891994416216,-48.04846593757952,-8.451085112684133,-114.47936889389848,True,True,True,True,False,obqa|1683|policy_T,obqa|1683|reference_T
obqa,T,11-744,11-744,0.8,R,1,1,C,C,True,True,232.54293692298234,961.0253900755197,-728.4824531525373,728.4824531525373,0,0.9907850397429964,0.9619175241669442,0.028867515576052164,286.83222226703214,245.103477,41.728745267032146,1196.110123,909.2779007329677,32.98604302108288,199.43847181275487,0.11842208914458752,960.9073898755014,0.1180002000182867,-235.08473292448025,-45.66500518724513,-8.62428015680468,-180.7954475804304,True,True,True,True,False,obqa|11-744|policy_T,obqa|11-744|reference_T
obqa,T,12-428,12-428,0.8,R,1,1,B,B,True,True,229.06686807982624,795.3071678057313,-566.2402997259051,566.2402997259051,0,0.9909227856434488,0.9684844268313892,0.022438358812059574,288.9421599849869,245.050246,43.8919139849869,987.320888,698.378728015013,32.39940293133259,196.55090710148215,0.11655804701149464,795.1875140424818,0.11965376324951649,-192.01372019426867,-48.499338898517834,-11.375953006642817,-132.138428289108,True,True,True,True,False,obqa|12-428|policy_T,obqa|12-428|reference_T
obqa,T,10-443,10-443,0.8,T,1,1,A,A,True,True,809.4193460419774,837.4903898220509,-28.071043780073524,28.071043780073524,0,0.9679252046795256,0.9668128356855292,0.0011123689939963961,1004.0553168718394,961.672728,42.3825888718394,961.672728,-42.3825888718394,32.451601000502706,776.8463569227606,0.12138811871409416,837.371057132259,0.1193326897919178,-124.18233817794908,-184.8263710772394,-9.809599752622603,70.45363265191293,True,True,True,True,False,obqa|10-443|policy_T,obqa|10-443|reference_T
obqa,T,14-676,14-676,0.8,R,1,1,B,B,True,True,229.13033701479435,735.7918319758028,-506.66149496100843,506.66149496100843,0,0.9909202705650678,0.9708428362572435,0.020077434307824334,286.45787319842077,245.240075,41.217798198420766,911.672772,625.2148988015792,32.87486406043172,196.13798195496202,0.11749099940061569,735.6766760349274,0.11515594087541103,-175.88094002419723,-49.102093045037975,-8.225443138588432,-118.55340384057081,True,True,True,True,False,obqa|14-676|policy_T,obqa|14-676|reference_T
obqa,T,14-129,14-129,0.8,R,1,1,D,D,True,True,229.43100007250905,714.4001540727913,-484.9691540002823,484.9691540002823,0,0.9909083562142634,0.9716905225568802,0.019217833657383308,288.6089303247566,244.899451,43.70947932475662,887.452989,598.8440586752433,32.70703018642962,196.60622999072075,0.11773989535868168,714.2839359585196,0.11621811427175999,-173.05283492720866,-48.29322100927925,-10.88470924296832,-113.87490467496104,True,True,True,True,False,obqa|14-129|policy_T,obqa|14-129|reference_T
obqa,T,7-321,7-321,0.8,R,1,1,C,C,True,True,229.7973579261452,761.2073770724237,-531.4100191462785,531.4100191462785,0,0.9908938385810652,0.969835696495983,0.021058142085082207,286.61085305857637,245.162959,41.447894058576345,944.359595,657.7487419414236,32.58371795527637,197.09433591924608,0.11930405162274837,761.0914900433272,0.11588702909648418,-183.15221792757632,-48.06862308075392,-8.744872051677227,-126.33872279514515,True,True,True,True,False,obqa|7-321|policy_T,obqa|7-321|reference_T
obqa,T,13-462,13-462,0.8,R,1,1,D,D,True,True,261.96288084611297,716.8381360825151,-454.87525523640215,454.87525523640215,0,0.989619217991529,0.9715939128398784,0.018025305151650663,328.51890879893483,285.578114,42.94079479893482,887.224327,558.7054182010652,32.61146997101605,229.2336809914559,0.11772988364100456,716.7227589525282,0.11537712998688221,-170.3861909174849,-56.344433008544115,-10.211594944277763,-103.83016296466303,True,True,True,True,False,obqa|13-462|policy_T,obqa|13-462|reference_T
obqa,T,7-455,7-455,0.8,R,1,1,A,A,True,True,229.47526397183537,724.3685880675912,-494.8933240957558,494.8933240957558,0,0.9909066021722852,0.9712955042247728,0.01961109794751232,286.99396486915555,245.479808,41.51415686915553,896.485405,609.4914401308445,32.44515904225409,196.91330613568425,0.11679879389703274,724.2529720533639,0.11561601422727108,-172.11681693240882,-48.56650186431574,-8.952199033004405,-114.59811603508865,True,True,True,True,False,obqa|7-455|policy_T,obqa|7-455|reference_T
obqa,T,10-677,10-677,0.8,R,0,0,D,D,True,True,229.97046308591962,898.9023838657886,-668.931920779869,668.931920779869,0,-0.009113021043177601,-0.03562073246280729,0.026507711419629685,288.47457371699176,246.454277,42.02029671699178,1115.403436,826.9288622830084,32.300857128575444,197.55369797348976,0.11590798385441303,898.7856151070446,0.11676875874400139,-216.50105213421148,-48.90057902651023,-9.603531604561923,-157.9969415031394,True,True,True,True,False,obqa|10-677|policy_T,obqa|10-677|reference_T
obqa,T,13-944,13-944,0.8,R,1,1,C,C,True,True,261.21591101400554,1180.4050512146205,-919.1891402006149,919.1891402006149,0,0.9896488181049838,0.9532241839806488,0.03642463412433509,328.6220447983327,286.296992,42.32505279833269,1389.357881,1060.735836201667,32.38363307900727,228.714135941118,0.11814199388027191,1180.2858670707792,0.11918414384126663,-208.95282978537944,-57.58285605888199,-9.823277725445152,-141.54669600105217,True,True,True,True,False,obqa|13-944|policy_T,obqa|13-944|reference_T
obqa,T,14-1171,14-1171,0.8,T,0,0,A,A,True,True,734.4503770582378,705.0497881136835,29.40058894455433,-29.40058894455433,0,-0.02910400601663719,-0.027938951243349032,-0.0011650547732881562,916.4649560766437,872.317048,44.1479080766437,872.317048,-44.147908076643716,32.58567210286856,701.7488279379904,0.11587701737880707,704.9337509088218,0.11603720486164093,-167.26725988631654,-170.56822006200957,-11.446358956396338,14.747319132089387,True,True,True,True,False,obqa|14-1171|policy_T,obqa|14-1171|reference_T
obqa,T,10-973,10-973,0.8,R,1,1,C,C,True,True,229.447390884161,716.1747619975358,-486.72737111337483,486.72737111337483,0,0.9909077066968885,0.9716202003113857,0.019287506385502747,291.4551378286543,246.364648,45.09048982865429,888.464809,597.0096711713456,32.10478997789323,197.22438999451697,0.11821091175079346,716.0596770700067,0.1150849275290966,-172.29004700246412,-49.14025800548302,-12.867488939010265,-110.28230005797082,True,True,True,True,False,obqa|10-973|policy_T,obqa|10-973|reference_T
obqa,T,14-109,14-109,0.8,T,1,1,C,C,True,True,841.9054299592972,806.1489618849009,35.75646807439625,-35.75646807439625,0,0.9666378812451315,0.9680547999294667,-0.001416918684335301,1034.9918968479572,992.276206,42.715690847957255,992.276206,-42.71569084795715,32.24811912514269,809.5390098169446,0.1183010172098875,806.0289570130408,0.12000487186014652,-186.12724411509907,-182.7371961830554,-10.349270705604674,6.959222773560896,True,True,True,True,False,obqa|14-109|policy_T,obqa|14-109|reference_T
obqa,T,13-42,13-42,0.8,T,1,1,D,D,True,True,871.9316518399864,833.946033148095,37.98561869189143,-37.98561869189143,0,0.9654480345658055,0.96695328762236,-0.0015052530565544684,1080.479302978207,1035.796775,44.68252797820699,1035.796775,-44.68252797820696,32.324782107025385,839.4855628721416,0.12130686081945896,833.826808957383,0.1192241907119751,-201.850741851905,-196.31121212785843,-12.236439010362147,6.696909286315531,True,True,True,True,False,obqa|13-42|policy_T,obqa|13-42|reference_T
obqa,T,10-702,10-702,0.8,R,1,1,D,D,True,True,260.53922181017697,840.456873876974,-579.917652066797,579.917652066797,0,0.9896756332136349,0.966695283060492,0.02298035015314295,330.6170330821601,286.50275,44.114283082160114,1033.404588,702.78755491784,32.385645899921656,228.03547396324575,0.11810194700956345,840.3604130726308,0.09646080434322357,-192.94771412302612,-58.46727603675424,-11.610535235228895,-122.86990285104298,True,True,True,True,False,obqa|10-702|policy_T,obqa|10-702|reference_T
obqa,T,14-1445,14-1445,0.8,R,1,1,B,B,True,True,230.34842079505324,770.7590612117201,-540.4106404166669,540.4106404166669,0,0.9908720016570833,0.9694571926768787,0.021414808980204633,288.38577588091135,245.841149,42.54462688091135,939.777453,651.3916771190886,32.77018805965781,197.45310791768134,0.12512481771409512,770.6429120153189,0.11614919640123844,-169.01839178827993,-48.388041082318665,-9.649314003539445,-110.98103670242176,True,True,True,True,False,obqa|14-1445|policy_T,obqa|14-1445|reference_T
obqa,T,7-1076,7-1076,0.8,R,1,1,B,B,True,True,229.31777918711305,916.8993860948831,-687.58160690777,687.58160690777,0,0.9909128428091822,0.9636661017774378,0.027246741031744362,290.0449710794535,245.924958,44.12001307945347,1136.372421,846.3274499205465,32.888170098885894,196.3148540817201,0.11475500650703907,916.7794219683856,0.1199641264975071,-219.47303490511695,-49.61010391827989,-11.117087974060539,-158.7458430127765,True,True,True,True,False,obqa|7-1076|policy_T,obqa|7-1076|reference_T
obqa,T,7-26,7-26,0.8,R,1,1,D,D,True,True,228.68380905129015,885.2437192108482,-656.5599101595581,656.5599101595581,0,0.9909379650927614,0.964920518342848,0.02601744674991344,290.0515942955639,246.200258,43.85133629556394,1098.518372,808.466777704436,32.500772969797254,196.06607710011303,0.1169589813798666,885.1284519769251,0.11526723392307758,-213.2746527891518,-50.13418089988696,-11.23360434438682,-151.90686754487797,True,True,True,True,False,obqa|7-26|policy_T,obqa|7-26|reference_T
obqa,T,12-1083,12-1083,0.8,R,1,1,D,D,True,True,229.03639590367675,540.1661721989512,-311.1297762952745,311.1297762952745,0,0.990923993161922,0.9785948785421952,0.012329114619726897,291.06631231131854,246.174349,44.89196331131852,664.226172,373.1598596886815,31.876454828307033,197.0424810424447,0.11746003292500973,540.0527890305966,0.11338316835463047,-124.05999980104878,-49.1318679575553,-12.898048450086478,-62.03008339340698,True,True,True,True,False,obqa|12-1083|policy_T,obqa|12-1083|reference_T
obqa,T,12-105,12-105,0.8,T,0,0,A,A,True,True,774.5737880468369,742.6572002004832,31.91658784635365,-31.91658784635365,0,-0.030693973196581324,-0.02942921713718434,-0.0012647560593969842,969.6951150070757,922.725313,46.969802007075664,922.725313,-46.969802007075714,32.56206004880369,741.8959019705653,0.11582602746784687,742.5424240063876,0.11477619409561157,-180.06811279951683,-180.8294110294347,-14.29191593080413,15.053214160722064,True,True,True,True,False,obqa|12-105|policy_T,obqa|12-105|reference_T
obqa,T,1341,1341,0.8,R,1,1,B,B,True,True,293.0441820062697,700.309979962185,-407.26579795591533,407.26579795591533,0,0.9883875617704602,0.972248872753027,0.016138689017433268,286.51371007073703,244.720704,41.79300607073701,871.220006,584.706295929263,32.70215215161443,260.2244089357555,0.11762091889977455,700.1912679988891,0.11871196329593658,-170.910026037815,15.50370493575548,-8.973233000222805,-177.44049797334765,True,True,True,True,False,obqa|1341|policy_T,obqa|1341|reference_T
obqa,T,14-671,14-671,0.8,T,0,0,B,B,True,True,910.351017024368,874.0419200621545,36.309096962213516,-36.309096962213516,0,-0.03607440652811878,-0.0346355888632963,-0.0014388176648224822,1138.249848951584,1094.225937,44.02391195158398,1094.225937,-44.02391195158407,32.65076712705195,877.5820690207183,0.11818087659776211,873.9258230198175,0.11609704233705997,-220.1840169378454,-216.6438679792816,-11.254963947934272,7.714814989370552,True,True,True,True,False,obqa|14-671|policy_T,obqa|14-671|reference_T
obqa,T,11-176,11-176,0.8,R,1,1,C,C,True,True,229.12933002226055,574.9480139929801,-345.8186839707196,345.8186839707196,0,0.99092031046908,0.9772165812950785,0.013703729174001502,289.9829811677717,246.289512,43.693469167771696,711.189224,421.20624283222827,31.931416830047965,197.0815050881356,0.11640810407698154,574.8542391229421,0.09377487003803253,-136.24121000701984,-49.2080069118644,-11.645644233646749,-75.3875588615087,True,True,True,True,False,obqa|11-176|policy_T,obqa|11-176|reference_T
obqa,T,9-695,9-695,0.8,R,1,1,A,A,True,True,228.54677797295153,793.5896480921656,-565.0428701192141,565.0428701192141,0,0.9909433952122808,0.9685524868469311,0.022390908365349717,290.6950241331463,245.590752,45.10427213314629,987.128707,696.4336828668536,32.471780898049474,195.9596611559391,0.11533591896295547,793.4753529261798,0.11429516598582268,-193.53905890783437,-49.63109084406091,-12.51715531613386,-131.39081274763953,True,True,True,True,False,obqa|9-695|policy_T,obqa|9-695|reference_T
obqa,T,9-985,9-985,0.8,T,0,0,A,A,True,True,888.8266929425299,852.6142810005695,36.212411941960454,-36.212411941960454,0,-0.03522146386902311,-0.0337864775337214,-0.0014349863353017123,1110.5018519679077,1062.612915,47.88893696790767,1062.612915,-47.88893696790774,32.48623805120587,856.2189070507884,0.12154784053564072,852.4991651065648,0.11511589400470257,-209.99863399943047,-206.39400794921153,-15.281151076166154,11.676525025947285,True,True,True,True,False,obqa|9-985|policy_T,obqa|9-985|reference_T
obqa,T,14-61,14-61,0.8,R,1,1,D,D,True,True,228.40546001680195,916.3036330137402,-687.8981729969382,687.8981729969382,0,0.9909489952075623,0.9636897096368653,0.027259285570697036,289.8759866605467,245.843819,44.03216766054666,1135.703111,845.8271243394533,32.445467077195644,195.84269309416413,0.11729984544217587,916.1872148979455,0.11641811579465866,-219.39947798625985,-50.00112590583586,-11.469400737908842,-157.92895134251512,True,True,True,True,False,obqa|14-61|policy_T,obqa|14-61|reference_T
obqa,T,10-823,10-823,0.8,R,1,1,D,D,True,True,231.90231900662184,875.4743521567434,-643.5720331501216,643.5720331501216,0,0.9908104254576403,0.9653076482653082,0.025502777192332137,289.2522908829023,245.441851,43.810439882902266,1085.916842,796.6645511170977,32.433816930279136,199.3502511177212,0.11825095862150192,875.3570220433176,0.11733011342585087,-210.44248984325668,-46.091599882278814,-11.258371994001628,-153.09251796697617,True,True,True,True,False,obqa|10-823|policy_T,obqa|10-823|reference_T
obqa,T,1851,1851,0.8,R,1,1,A,A,True,True,229.528316995129,764.5897299516946,-535.0614129565656,535.0614129565656,0,0.9909044998443984,0.9697016642704935,0.021202835573904913,290.31241201824974,246.307876,44.00453601824975,946.147568,655.8351559817502,32.50681306235492,196.9055060762912,0.11599785648286343,764.4753959029913,0.11433404870331287,-181.55783804830537,-49.40236992370879,-11.381725099411966,-120.77374302518456,True,True,True,True,False,obqa|1851|policy_T,obqa|1851|reference_T
obqa,T,9-844,9-844,0.8,R,1,1,C,C,True,True,228.74412592500448,692.2201979905367,-463.4760720655322,463.4760720655322,0,0.9909355749208584,0.9725694458925209,0.01836612902833736,286.35935187371217,244.413028,41.94632387371218,863.003064,576.6437121262878,32.617110991850495,196.01242011412978,0.11459481902420521,692.1044809278101,0.11571706272661686,-170.7828660094633,-48.400607885870215,-9.21461806283748,-113.16764006075562,True,True,True,True,False,obqa|9-844|policy_T,obqa|9-844|reference_T
obqa,T,1655,1655,0.8,R,1,1,C,C,True,True,228.32680400460958,675.8779399096966,-447.551135905087,447.551135905087,0,0.9909521121030308,0.9732170392390113,0.017735072864019524,289.4940582220118,245.193702,44.30035622201181,841.31101,551.8169517779882,32.20356488600373,196.0056379903108,0.11760112829506397,675.7642459124327,0.11369399726390839,-165.43307009030343,-49.188064009689214,-11.97919020771301,-104.26581587290116,True,True,True,True,False,obqa|1655|policy_T,obqa|1655|reference_T
obqa,T,383,383,0.8,R,1,1,D,D,True,True,231.23460705392063,754.1646079625934,-522.9300009086728,522.9300009086728,0,0.990836884825483,0.9701147797410176,0.020722105084465488,287.86963506997597,245.540556,42.329079069975975,938.456083,650.5864479300241,32.45116909965873,198.65905493497849,0.12438301928341389,754.0494329296052,0.11517503298819065,-184.2914750374066,-46.881501065021524,-9.753526951033834,-127.65644702135125,True,True,True,True,False,obqa|383|policy_T,obqa|383|reference_T
obqa,T,919,919,0.8,T,1,1,B,B,True,True,794.1731000319123,828.4482499584556,-34.275149926543236,34.275149926543236,0,0.9685293664438444,0.9671711478346051,0.001358218609239214,987.7372251199617,942.340468,45.39675711996174,942.340468,-45.39675711996176,32.2769321501255,761.7773357778788,0.11883210390806198,828.3336039166898,0.11464604176580906,-113.89221804154442,-180.56313222212123,-13.000992865928175,79.671907046505,True,True,True,True,False,obqa|919|policy_T,obqa|919|reference_T
obqa,T,14-45,14-45,0.8,R,1,1,C,C,True,True,260.6065100990236,833.3874028176069,-572.7808927185833,572.7808927185833,0,0.9896729667860251,0.9669754244215332,0.022697542364491993,327.2826458829642,285.438773,41.843872882964135,1034.745289,707.4626431170358,32.38077601417899,228.1048281583935,0.120905926451087,833.2680091261864,0.11939369142055511,-201.35788618239303,-57.333944841606524,-9.342190942334057,-134.68175039845244,True,True,True,True,False,obqa|14-45|policy_T,obqa|14-45|reference_T
obqa,T,11-131,11-131,0.8,R,1,0,B,D,True,True,231.31029889918864,853.2665339298546,-621.956235030666,621.956235030666,1,0.9908338853908188,-0.03381232430808664,1.0246462096989055,287.7868301603497,245.851805,41.935025160349724,1056.430319,768.6434888396503,32.30120800435543,198.89261317439377,0.11647772043943405,853.1520301476121,0.11450378224253654,-203.16378507014542,-46.95919182560624,-9.51733943555486,-146.68725380898434,True,True,True,True,False,obqa|11-131|policy_T,obqa|11-131|reference_T
obqa,T,11-559,11-559,0.8,R,1,1,D,D,True,True,261.24785421416163,954.6975172124803,-693.4496629983187,693.4496629983187,0,0.9896475522943606,0.9621682782759094,0.02747927401845117,328.48562799417374,286.307934,42.177693994173765,1183.052246,854.5666180058263,32.35652111470699,228.77270099706948,0.11863210238516331,954.5822718646377,0.11524534784257412,-228.35472878751966,-57.53523300293051,-9.702540777081609,-161.1169550075076,True,True,True,True,False,obqa|11-559|policy_T,obqa|11-559|reference_T
obqa,T,12-1066,12-1066,0.8,R,1,1,C,C,True,True,260.29045786708593,872.2385040018708,-611.9480461347848,611.9480461347848,0,0.9896854909623987,0.9654358749598679,0.0242496160025307,329.9797032106035,285.745822,44.23388121060348,1086.362654,756.3829507893965,32.423638040199876,227.7492000721395,0.11761975474655628,872.121644904837,0.11685909703373909,-214.12414999812927,-57.996621927860474,-11.692623415657046,-144.43490465461173,True,True,True,True,False,obqa|12-1066|policy_T,obqa|12-1066|reference_T
obqa,T,14-1299,14-1299,0.8,R,0,0,D,D,True,True,261.38119399547577,777.7285189367831,-516.3473249413073,516.3473249413073,0,-0.010357731550428392,-0.030818985463808447,0.020461253913380054,328.8408579604781,287.213363,41.62749496047807,963.222231,634.3813730395218,32.59854484349489,228.66649110801518,0.11615804396569729,777.6102682109922,0.11825072579085827,-185.4937120632169,-58.546871891984836,-8.912792073017478,-118.0340480982145,True,True,True,True,False,obqa|14-1299|policy_T,obqa|14-1299|reference_T
obqa,T,11-240,11-240,0.8,R,1,1,D,D,True,True,227.9485329054296,834.1593299992383,-606.2107970938087,606.2107970938087,0,0.990967101821452,0.966944835325196,0.02402226649625592,287.5432910725051,245.644714,41.89857707250512,1037.263474,749.720182927495,32.32477209530771,195.50980790518224,0.11395290493965149,834.0425021015108,0.11682789772748947,-203.10414400076183,-50.13490609481775,-9.45985207225776,-143.50938583368634,True,True,True,True,False,obqa|11-240|policy_T,obqa|11-240|reference_T
obqa,T,14-491,14-491,0.8,R,1,1,B,B,True,True,228.19115011952817,806.5749478992075,-578.3837977796793,578.3837977796793,0,0.9909574876486237,0.9680379194159417,0.02291956823268193,287.28436045512876,245.551818,41.73254245512879,995.484888,708.2005275448712,32.26463915780187,195.80999086610973,0.11652009561657906,806.4598119817674,0.1151359174400568,-188.90994010079248,-49.74182713389027,-9.351383201710341,-129.8167297651919,True,True,True,True,False,obqa|14-491|policy_T,obqa|14-491|reference_T
obqa,T,10-916,10-916,0.8,R,0,0,B,B,True,True,230.0915929954499,926.7926251050085,-696.7010321095586,696.7010321095586,0,-0.00911782104835955,-0.036725936809060014,0.027608115760700463,288.9832478091248,247.147963,41.83528480912483,1100.326184,811.3429361908752,32.06828096881509,197.90746388025582,0.11584814637899399,926.669143140316,0.12348196469247341,-173.53355889499153,-49.240499119744186,-9.651155693930747,-114.64190408131662,True,True,True,True,False,obqa|10-916|policy_T,obqa|10-916|reference_T
obqa,T,9-1064,9-1064,0.8,T,1,1,D,D,True,True,808.0428519751877,772.2100510727614,35.83280090242624,-35.83280090242624,0,0.9679797508991929,0.9693996944183647,-0.001419943519171863,1005.5500971143317,964.091844,41.458253114331725,964.091844,-41.45825311433168,32.45391394011676,775.4675699397922,0.12136809527873993,772.0964578911662,0.11359318159520626,-191.88179292723862,-188.62427406020788,-8.882971078936222,5.62545221190544,True,True,True,True,False,obqa|9-1064|policy_T,obqa|9-1064|reference_T
obqa,T,14-223,14-223,0.8,T,0,0,D,D,True,True,1027.6792768854648,992.6119330339134,35.06734385155141,-35.06734385155141,0,-0.040723764044410395,-0.039334153230224496,-0.0013896108141858978,1278.3206168823108,1236.279843,42.040773882310745,1236.279843,-42.04077388231076,32.47413202188909,995.0866219587624,0.11852290481328964,992.4896219745278,0.1223110593855381,-243.66790996608665,-241.19322104123762,-9.448118955608365,6.973430030759346,True,True,True,True,False,obqa|14-223|policy_T,obqa|14-223|reference_T
obqa,T,11-141,11-141,0.8,R,1,1,A,A,True,True,228.24058192782104,722.1505800262094,-493.9099980983883,493.9099980983883,0,0.9909555288183325,0.9713833970510246,0.01957213176730784,289.8707569466195,245.7963,44.07445694661951,896.154719,606.2839620533805,32.46146813035011,195.66038087941706,0.11873291805386543,722.0378888305277,0.11269119568169117,-174.00413897379065,-50.13591912058294,-11.494255898215535,-112.37396395499218,True,True,True,True,False,obqa|11-141|policy_T,obqa|11-141|reference_T
obqa,T,10-347,10-347,0.8,T,1,1,C,C,True,True,925.5542219616473,896.9556679949164,28.598553966730833,-28.598553966730833,0,0.9633231372926918,0.9644564098904249,-0.0011332725977331185,1158.6350331243252,1114.074176,44.56085712432504,1114.074176,-44.56085712432514,32.46525512076914,892.968992004171,0.11997483670711517,896.8410028610379,0.11466513387858868,-217.11850800508364,-221.10518399582907,-11.975627166848781,15.962303157594306,True,True,True,True,False,obqa|10-347|policy_T,obqa|10-347|reference_T
obqa,T,12-306,12-306,0.8,R,1,1,D,D,True,True,261.325848987326,550.7289660163224,-289.40311702899635,289.40311702899635,0,0.9896444616017579,0.9781763075612058,0.01146815404055213,330.340422259676,286.444091,43.89633125967598,682.060737,351.720314740324,32.739348942413926,228.46314893104136,0.12335111387073994,550.63611199148,0.09285402484238148,-131.33177098367764,-57.980942068958655,-11.033631203391316,-62.31719771132765,True,True,True,True,False,obqa|12-306|policy_T,obqa|12-306|reference_T
obqa,T,13-71,13-71,0.8,R,1,1,A,A,True,True,228.5107779316604,824.0338708274066,-595.5230928957462,595.5230928957462,0,0.9909448217830213,0.9673460760813634,0.023598745701658,293.2508370078602,245.377028,47.87380900786018,1021.893459,728.6426219921398,32.52742113545537,195.8673899061978,0.11596689000725746,823.9192960318178,0.11457479558885098,-197.85958817259336,-49.50963809380221,-15.230420982397554,-133.11952909639353,True,True,True,True,False,obqa|13-71|policy_T,obqa|13-71|reference_T
obqa,T,10-415,10-415,0.8,R,1,1,B,B,True,True,231.78205406293273,1036.380325909704,-804.5982718467712,804.5982718467712,0,0.9908151911868904,0.9589314401857695,0.03188375100112104,292.09005132206573,246.289571,45.80048032206571,1277.099449,985.0093976779343,31.960008200258017,199.70607897266746,0.11596689000725746,1036.2582560628653,0.12206984683871269,-240.71912309029608,-46.58349202733254,-13.724505231800435,-180.41112583116308,True,True,True,True,False,obqa|10-415|policy_T,obqa|10-415|reference_T
obqa,T,10-184,10-184,0.8,R,1,1,C,C,True,True,229.15161098353565,957.5143898837268,-728.3627789001912,728.3627789001912,0,0.9909194275432197,0.9620566542891393,0.028862773254080366,289.42772200463173,245.218119,44.20960300463176,1186.585859,897.1581369953683,32.7002159319818,196.33581792004406,0.11557713150978088,957.3987829498947,0.11560693383216858,-229.0714691162732,-48.88230107995594,-11.393809941140177,-168.7953580951771,True,True,True,True,False,obqa|10-184|policy_T,obqa|10-184|reference_T
obqa,T,11-57,11-57,0.8,R,1,1,A,A,True,True,228.69272017851472,760.5625970754772,-531.8698768969625,531.8698768969625,0,0.9909376119722397,0.9698612471410595,0.021076364831180198,291.11160185016035,246.769398,44.34220385016036,945.387281,654.2756791498397,32.4793120380491,196.09657814726233,0.11682999320328236,760.446870001033,0.11572707444429398,-184.8246839245228,-50.67281985273766,-11.746061818907975,-122.40580225287715,True,True,True,True,False,obqa|11-57|policy_T,obqa|11-57|reference_T
obqa,T,11-747,11-747,0.8,T,1,1,D,D,True,True,858.1563250627369,813.4616340976208,44.694690965116024,-44.694690965116024,0,0.9659939083319979,0.9677650212558835,-0.0017711129238855722,1056.4291819801706,1011.954028,44.47515398017049,1011.954028,-44.4751539801706,33.514562994241714,824.5183399412781,0.12342212721705437,813.3454860653728,0.11614803224802017,-198.49239390237915,-187.4356880587219,-10.83716885871172,-0.21953698494542095,True,True,True,True,False,obqa|11-747|policy_T,obqa|11-747|reference_T
obqa,T,12-1159,12-1159,0.8,T,1,1,A,A,True,True,856.46827891469,821.2682139128447,35.20006500184536,-35.20006500184536,0,0.9660608004009296,0.9674556705454629,-0.0013948701445332546,1063.4226572684329,1021.475549,41.94710826843298,1021.475549,-41.947108268432885,32.54910302348435,823.8019458949566,0.1172299962490797,821.154560893774,0.1136530190706253,-200.20733508715534,-197.6736031050434,-9.280775248699548,6.747043266587525,True,True,True,True,False,obqa|12-1159|policy_T,obqa|12-1159|reference_T
obqa,T,14-595,14-595,0.8,R,1,1,D,D,True,True,261.04132598266006,838.227649917826,-577.186323935166,577.186323935166,0,0.9896557363719783,0.966783620339015,0.022872116032963453,330.8339540388328,286.803509,44.03044503883278,1038.043266,707.209311961167,32.372271874919534,228.55213517323136,0.11691893450915813,838.1130858324468,0.1145640853792429,-199.81561608217385,-58.251373826768656,-11.541254229404089,-130.02298802600103,True,True,True,True,False,obqa|14-595|policy_T,obqa|14-595|reference_T
obqa,T,10-58,10-58,0.8,R,1,1,A,A,True,True,229.0449901483953,833.748719887808,-604.7037297394127,604.7037297394127,0,0.9909236525984778,0.9669611065390545,0.023962546059423277,287.944629203099,245.451419,42.49321020309901,1036.606132,748.6615027969009,32.637939089909196,196.28937100060284,0.11768005788326263,833.6235759779811,0.12514390982687473,-202.85741211219192,-49.162047999397146,-9.737591055306552,-143.95777305748823,True,True,True,True,False,obqa|10-58|policy_T,obqa|10-58|reference_T
obqa,T,9-400,9-400,0.8,R,1,1,B,B,True,True,229.07314309850335,782.4075960088521,-553.3344529103488,553.3344529103488,0,0.9909225369837884,0.9689955971254153,0.021926939858373115,290.8266038187963,246.282479,44.54412481879628,971.123614,680.2970101812036,32.021282939240336,196.93559198640287,0.11626817286014557,782.2940030600876,0.1135929487645626,-188.71601799114785,-49.346887013597126,-12.406573706695795,-126.96255727085486,True,True,True,True,False,obqa|9-400|policy_T,obqa|9-400|reference_T
obqa,T,11-666,11-666,0.8,R,1,1,B,B,True,True,229.25039497204125,884.5628378912807,-655.3124429192394,655.3124429192394,0,0.9909155130380528,0.9649474995721322,0.025968013465920568,289.47670704394164,245.527994,43.948713043941616,1098.959612,809.4829049560585,32.485102070495486,196.65072788484395,0.11456501670181751,884.4489539042115,0.11388398706912994,-214.39677410871946,-48.87726611515606,-11.349045956744312,-154.17046203681912,True,True,True,True,False,obqa|11-666|policy_T,obqa|11-666|reference_T
obqa,T,8-323,8-323,0.8,T,1,1,D,D,True,True,730.4510460235178,694.6281641721725,35.8228818513453,-35.8228818513453,0,0.971054475152592,0.9724740256103245,-0.001419550457732511,907.1324091271691,862.843886,44.288523127169135,862.843886,-44.28852312716913,31.92510292865336,698.4089140314609,0.11702906340360641,694.5135178975761,0.11464627459645271,-168.21572182782745,-164.43497196853912,-12.24639113511217,8.465641275823828,True,True,True,True,False,obqa|8-323|policy_T,obqa|8-323|reference_T
obqa,T,14-948,14-948,0.8,R,1,1,B,B,True,True,229.07733102329075,776.850403053686,-547.7730720303953,547.7730720303953,0,0.9909223710292296,0.9692158115636603,0.021706559465569337,287.3410781267877,245.544666,41.796412126787665,961.382784,674.0417058732123,32.64974080957472,196.31013018079102,0.11746003292500973,776.7324030864984,0.11799996718764305,-184.532380946314,-49.234535819208986,-9.029211284287932,-126.26863384281705,True,True,True,True,False,obqa|14-948|policy_T,obqa|14-948|reference_T
obqa,T,11-693,11-693,0.8,R,1,1,B,B,True,True,229.06252299435437,998.5980892088264,-769.535566214472,769.535566214472,0,0.9909229578258013,0.9604286338405249,0.030494323985276378,287.2860860038725,245.543894,41.74219200387251,1237.806197,950.5201109961276,32.58199500851333,196.36452104896307,0.11600693687796593,998.4813900664449,0.11669914238154888,-239.2081077911737,-49.179372951036925,-9.044190058481213,-180.9845447816556,True,True,True,True,False,obqa|11-693|policy_T,obqa|11-693|reference_T
obqa,T,10-741,10-741,0.8,R,1,1,A,A,True,True,228.49739296361804,777.9666169080883,-549.4692239444703,549.4692239444703,0,0.9909453521880733,0.9691715794470339,0.021773772741039487,287.9506610012161,245.603837,42.346824001216056,962.936819,674.9861579987839,32.28691010735929,196.0884239524603,0.12205890379846096,777.7420550119132,0.2245618961751461,-184.9702020919117,-49.51541304753971,-9.937854990058305,-125.51693405431365,True,True,True,True,False,obqa|10-741|policy_T,obqa|10-741|reference_T
obqa,T,7-647,7-647,0.8,R,1,1,A,A,True,True,228.34874503314495,861.2610569689423,-632.9123119357973,632.9123119357973,0,0.9909512426476579,0.9658708773704778,0.02508036527718002,287.00657637662516,245.375667,41.63090937662518,1070.735032,783.7284556233749,32.41946920752525,195.8139098715037,0.11536595411598682,861.1465319991112,0.11452496983110905,-209.47397503105776,-49.56175712849628,-9.096074214983943,-150.81614368757755,True,True,True,True,False,obqa|7-647|policy_T,obqa|7-647|reference_T
obqa,T,7-104,7-104,0.8,R,1,1,A,A,True,True,296.74014588817954,683.3867321256548,-386.6465862374753,386.6465862374753,0,0.9882411021069942,0.9729194889338344,0.015321613173159844,287.8065950456133,246.870158,40.93643704561329,845.239384,557.4327889543868,32.17395907267928,264.44695284590125,0.11923396959900856,683.2714849151671,0.11524721048772335,-161.85265187434516,17.576794845901247,-8.643244003334999,-170.78620271691148,True,True,True,True,False,obqa|7-104|policy_T,obqa|7-104|reference_T
obqa,T,12-645,12-645,0.8,T,1,1,B,B,True,True,853.1889098230749,824.3771300185472,28.81177980452776,-28.81177980452776,0,0.9661907516961491,0.9673324737770059,-0.0011417220808568125,1062.0509020715613,1020.796224,41.254678071561216,1020.796224,-41.254678071561216,32.39042079076171,820.6854271702468,0.11306186206638813,824.2617640644312,0.11536595411598682,-196.41909398145287,-200.1107968297532,-8.751195418733118,12.442898267033456,True,True,True,True,False,obqa|12-645|policy_T,obqa|12-645|reference_T
obqa,T,10-1035,10-1035,0.8,T,1,1,A,A,True,True,934.156368020922,903.8432419765741,30.313126044347882,-30.313126044347882,0,0.9629822607427091,0.9641834765502514,-0.0012012158075423332,1167.9440847338283,1122.191666,45.75241873382843,1122.191666,-45.752418733828335,32.59320114739239,901.4467380475253,0.11642882600426674,903.7255910225213,0.1176509540528059,-218.34842402342588,-220.74492795247465,-13.042788760431769,15.439292689480453,True,True,True,True,False,obqa|10-1035|policy_T,obqa|10-1035|reference_T
obqa,T,241,241,0.8,R,1,1,B,B,True,True,228.78062794916332,874.3198171723634,-645.5391892232001,645.5391892232001,0,0.990934128458083,0.96535339893027,0.02558072952781307,289.707671211581,245.43545,44.27222121158099,1088.363589,798.6559177884191,32.55826607346535,196.10466202721,0.11769984848797321,874.2041708901525,0.11564628221094608,-214.04377182763665,-49.330787972790006,-11.59625528962767,-153.11672856521898,True,True,True,True,False,obqa|241|policy_T,obqa|241|reference_T
obqa,T,10-783,10-783,0.8,R,1,1,C,C,True,True,229.30946992710233,957.1364121511579,-727.8269422240555,727.8269422240555,0,0.9909131720795603,0.9620716323823455,0.028841539697214823,288.843177076528,245.844502,42.99867507652795,1186.004431,897.161253923472,32.515555853024125,196.67960004881024,0.11431402526795864,957.0200240705162,0.11638808064162731,-228.8680188488422,-49.16490195118976,-10.368805198235869,-169.3343116994165,True,True,True,True,False,obqa|10-783|policy_T,obqa|10-783|reference_T
obqa,T,9-795,9-795,0.8,T,1,1,B,B,True,True,452.36988086253405,420.1363450847566,32.23353577777743,-32.23353577777743,0,0.9820739751171444,0.9833512908467265,-0.0012773157295820087,568.481611856446,524.46259,44.01902185644603,524.46259,-44.01902185644599,32.4632169213146,419.79340207763016,0.1132618635892868,420.0256569311023,0.11068815365433693,-104.32624491524336,-104.66918792236982,-11.442543071542147,11.785486078668555,True,True,True,True,False,obqa|9-795|policy_T,obqa|9-795|reference_T
obqa,T,14-757,14-757,0.8,R,1,1,D,D,True,True,228.2885150052607,897.8967198636383,-669.6082048583776,669.6082048583776,0,0.9909536293781283,0.964419118903716,0.026534510474412264,289.58638417525447,244.68949,44.89689417525447,1110.452759,820.8663748247455,32.42192999459803,195.75160881504416,0.11497619561851025,897.7806328330189,0.11608703061938286,-212.55603913636173,-48.93788118495584,-12.359987985037925,-151.25816996636797,True,True,True,True,False,obqa|14-757|policy_T,obqa|14-757|reference_T
obqa,T,9-1040,9-1040,0.8,R,1,1,B,B,True,True,229.04217918403447,793.7491040211171,-564.7069248370826,564.7069248370826,0,0.9909237639883365,0.9685461680996602,0.02237759588867624,287.66953884564924,245.507966,42.16157284564924,988.683456,701.0139171543508,32.67636685632169,196.25143706798553,0.11437525972723961,793.6310428194702,0.11806120164692402,-194.9343519788829,-49.256528932014476,-9.370830729600307,-136.30699231726817,True,True,True,True,False,obqa|9-1040|policy_T,obqa|9-1040|reference_T
obqa,T,10-580,10-580,0.8,R,1,1,C,C,True,True,272.91764691472054,782.5178930070251,-509.6002460923046,509.6002460923046,0,0.989185114357668,0.9689912263951403,0.020193887962527628,330.24511621557417,286.187309,44.057807215574144,911.851416,581.6062997844258,32.92685700580478,239.86982414498925,0.12096576392650604,782.402346143499,0.11554686352610588,-129.33352299297485,-46.317484855010775,-11.00998444584286,-72.00605369212121,True,True,True,True,False,obqa|10-580|policy_T,obqa|10-580|reference_T
obqa,T,10-681,10-681,0.8,R,1,1,D,D,True,True,228.61202294006944,842.9183301050216,-614.3063071649522,614.3063071649522,0,0.9909408097552167,0.9665977431325288,0.02434306662268791,289.8549898641928,245.434358,44.42063186419284,1011.413556,721.5585661358072,32.41006704047322,196.08625792898238,0.11569797061383724,842.8005399182439,0.11779018677771091,-168.49522589497838,-49.348100071017626,-11.894866853105782,-107.252258970855,True,True,True,True,False,obqa|10-681|policy_T,obqa|10-681|reference_T
obqa,T,14-1004,14-1004,0.8,T,0,0,D,D,True,True,991.5478529874235,955.5391860194504,36.00866696797311,-36.00866696797311,0,-0.039291987015810846,-0.03786507446620523,-0.0014269125496056134,1232.3412420358593,1188.236616,44.10462603585935,1188.236616,-44.10462603585938,32.45878987945616,958.96992017515,0.1191429328173399,955.4224270395935,0.11675897985696793,-232.6974299805495,-229.26669582484988,-11.526693223585845,8.09595906788627,True,True,True,True,False,obqa|14-1004|policy_T,obqa|14-1004|reference_T
obqa,T,14-456,14-456,0.8,R,1,1,C,C,True,True,263.8771440833807,734.199692029506,-470.32254794612527,470.32254794612527,0,0.9895433616361984,0.9709059278588327,0.01863743377736568,328.3029050638578,286.375315,41.92759006385779,912.629916,584.3270109361422,34.07939895987511,229.6785321086645,0.11921301484107971,734.0834841597825,0.11620786972343922,-178.430223970494,-56.69678289133549,-7.728978089141606,-114.00446299001692,True,True,True,True,False,obqa|14-456|policy_T,obqa|14-456|reference_T
obqa,T,9-1036,9-1036,0.8,R,1,1,D,D,True,True,229.4747910927981,1010.5863350909203,-781.1115439981222,781.1115439981222,0,0.9909066209110248,0.9599535765852221,0.03095304432580266,290.6710289676769,246.672686,43.99834296767688,1242.762497,952.0914680323231,32.181560061872005,197.1745570190251,0.118674011901021,1010.4623332154006,0.1240018755197525,-232.1761619090796,-49.49812898097491,-11.69810889390385,-170.97992403420085,True,True,True,True,False,obqa|9-1036|policy_T,obqa|9-1036|reference_T
obqa,T,11-737,11-737,0.8,T,1,1,B,B,True,True,936.7444720119238,906.596063869074,30.148408142849803,-30.148408142849803,0,0.9628797021540302,0.9640743906985387,-0.0011946885445086486,1162.696096886378,1121.134138,41.56195888637817,1121.134138,-41.56195888637808,32.675555907189846,903.954179957509,0.1147361472249031,906.4811579883099,0.11490588076412678,-214.5380741309259,-217.17995804249085,-8.771666831963422,11.413550743528276,True,True,True,True,False,obqa|11-737|policy_T,obqa|11-737|reference_T
obqa,T,12-541,12-541,0.8,R,1,1,A,A,True,True,232.13569913059473,781.4923499245197,-549.3566507939249,549.3566507939249,0,0.9908011773222395,0.9690318655083818,0.021769311813857575,290.19978112068236,246.211034,43.98874712068236,972.676941,682.4771598793177,32.47352712787688,199.54763795249164,0.11453405022621155,781.3652008771896,0.12714904733002186,-191.1845910754804,-46.66339604750837,-11.400685942579273,-133.12050908539277,True,True,True,True,False,obqa|12-541|policy_T,obqa|12-541|reference_T
obqa,T,13-286,13-286,0.8,R,0,0,C,C,True,True,229.13603484630585,886.200716951862,-657.0646821055561,657.0646821055561,0,-0.009079955222443132,-0.03511740452965963,0.026037449307216496,287.42796408152196,245.829654,41.59831008152199,1098.936192,811.5082279184779,32.56460698321462,196.44657289609313,0.12485496699810028,886.0863130539656,0.11440389789640903,-212.7354750481379,-49.383081103906875,-8.90884813130927,-154.4435458129218,True,True,True,True,False,obqa|13-286|policy_T,obqa|13-286|reference_T
obqa,T,1894,1894,0.8,R,1,1,A,A,True,True,229.19829096645117,1017.5467180088162,-788.3484270423651,788.3484270423651,0,0.9909175777592913,0.9596777580511886,0.031239819708102783,288.8846019022086,247.066008,41.81859390220857,1255.028849,966.1442470977914,32.52647607587278,196.5537539217621,0.11806096881628036,1017.4280360806733,0.11868192814290524,-237.4821309911838,-50.5122540782379,-9.17405685751951,-177.79582005542636,True,True,True,True,False,obqa|1894|policy_T,obqa|1894|reference_T
obqa,T,1046,1046,0.8,T,1,1,A,A,True,True,605.6211309041828,613.990135025233,-8.369004121050239,8.369004121050239,0,0.9760011001584109,0.9756694623052616,0.0003316378531493268,755.3940929686581,712.746882,42.64721096865809,712.746882,-42.6472109686581,32.56027912721038,572.9451549705118,0.11569680646061897,613.8721639290452,0.11797109618782997,-98.756746974767,-139.80172702948823,-9.971235034987089,51.01621508970834,True,True,True,True,False,obqa|1046|policy_T,obqa|1046|reference_T
obqa,T,7-229,7-229,0.8,R,0,0,C,C,True,True,260.8029991388321,633.2217091694474,-372.41871003061533,372.41871003061533,0,-0.010334819469350909,-0.0250926257364717,0.01475780626712079,330.00966030185486,286.437403,43.57225730185485,787.183549,457.1738886981451,32.39012090489268,228.2963499892503,0.11652824468910694,633.102887077257,0.11882209219038486,-153.96183983055255,-58.141053010749715,-11.065608152273057,-84.75517866752978,True,True,True,True,False,obqa|7-229|policy_T,obqa|7-229|reference_T
obqa,T,12-401,12-401,0.8,R,1,1,B,B,True,True,228.9828979410231,857.9835421405733,-629.0006441995502,629.0006441995502,0,0.990926113121385,0.9660007551869568,0.02492535793442826,289.2875078674569,245.342363,43.94514486745691,1066.378386,777.0908781325431,32.474959967657924,196.38893497176468,0.11900300160050392,857.8668830450624,0.11665909551084042,-208.39484385942683,-48.95342802823532,-11.351181898198483,-148.090233932993,True,True,True,True,False,obqa|12-401|policy_T,obqa|12-401|reference_T
obqa,T,12-914,12-914,0.8,T,1,1,C,C,True,True,792.2901979181916,760.2053398732096,32.08485804498196,-32.08485804498196,0,0.9686039800544547,0.969875404143478,-0.0012714240890233214,985.2880891510843,941.588257,43.6998321510843,941.588257,-43.69983215108425,32.072134083136916,760.0995118264109,0.11855200864374638,760.0910561159253,0.11428375728428364,-181.3829171267904,-181.4887451735891,-11.509146059303639,11.614974106102295,True,True,True,True,False,obqa|12-914|policy_T,obqa|12-914|reference_T
obqa,T,11-430,11-430,0.8,R,1,1,B,B,True,True,229.0993770584464,559.9625688046217,-330.8631917461753,330.8631917461753,0,0.9909214974127678,0.9778104083262128,0.013111089086555004,289.0174469383594,245.392348,43.62509893835938,698.179745,409.1622980616406,32.612025970593095,196.35508209466934,0.13226899318397045,559.8490349948406,0.11353380978107452,-138.21717619537833,-49.037265905330656,-10.880803974582314,-78.29910631546534,True,True,True,True,False,obqa|11-430|policy_T,obqa|11-430|reference_T
obqa,T,13-460,13-460,0.8,R,1,1,B,B,True,True,229.09519798122346,806.8038248457015,-577.708626864478,577.708626864478,0,0.9909216630167248,0.9680288497275926,0.022892813289132192,287.4709830724592,245.957676,41.51330707245922,922.200287,634.7293039275407,32.53124514594674,196.4442788157612,0.11967401951551437,806.6880891565233,0.11573568917810917,-115.39646215429855,-49.513397184238784,-8.862387906996965,-57.02067706306275,True,True,True,True,False,obqa|13-460|policy_T,obqa|13-460|reference_T
obqa,T,11-629,11-629,0.8,T,1,1,D,D,True,True,846.7832379974425,820.6367248203605,26.146513177081943,-26.146513177081943,0,0.9664445887383473,0.9674806945129373,-0.0010361057745900454,1058.0864626532637,1013.403995,44.68246765326357,1013.403995,-44.68246765326364,32.93077414855361,813.7373779900372,0.11508585885167122,820.520156994462,0.1165678258985281,-192.76727017963947,-199.6666170099628,-11.636607645858291,18.5359544761817,True,True,True,True,False,obqa|11-629|policy_T,obqa|11-629|reference_T
obqa,T,13-516,13-516,0.8,R,1,1,B,B,True,True,230.04576098173857,817.02546402812,-586.9797030463815,586.9797030463815,0,0.9908839951331613,0.967623797653882,0.02326019747927936,290.32847406540895,245.855283,44.47319106540895,996.865175,706.5367009345911,32.86790591664612,197.05666811205447,0.12118695303797722,816.9103080872446,0.11515594087541103,-179.83971097187998,-48.79861488794552,-11.484098195724847,-119.5569978882096,True,True,True,True,False,obqa|13-516|policy_T,obqa|13-516|reference_T
obqa,T,10-176,10-176,0.8,R,1,1,B,B,True,True,228.8865870796144,777.2192158736289,-548.3326287940145,548.3326287940145,0,0.9909299296241434,0.9692011966477097,0.02172873297643368,290.586182104254,246.014323,44.57185910425401,963.362742,672.776559895746,32.69253810867667,196.0776608902961,0.11638808064162731,777.1048718132079,0.11434406042098999,-186.14352612637117,-49.93666210970389,-11.76293291493571,-124.44393110173155,True,True,True,True,False,obqa|10-176|policy_T,obqa|10-176|reference_T
obqa,T,12-116,12-116,0.8,R,1,1,C,C,True,True,228.7348120007664,1000.3425250761211,-771.6077130753547,771.6077130753547,0,0.9909359440029849,0.9603595072207242,0.030576436782260758,291.73434894919825,247.141441,44.59290794919825,1239.076246,947.3418970508019,32.506168121472,196.11281692050397,0.11582695879042149,1000.2269479446113,0.11557713150978088,-238.733720923879,-51.02862407949601,-11.970912868935827,-175.7341839754472,True,True,True,True,False,obqa|12-116|policy_T,obqa|12-116|reference_T
obqa,T,11-694,11-694,0.8,T,1,1,A,A,True,True,752.3307229857892,722.9155621025711,29.41516088321805,-29.41516088321805,0,0.970187450953486,0.9713530831678155,-0.0011656322143294988,942.0696882327372,897.398111,44.671577232737306,897.398111,-44.67157723273726,32.362828962504864,719.8497320059687,0.11816201731562614,722.7996040601283,0.11595804244279861,-174.48254889742884,-177.54837899403128,-12.190586252916816,15.256416349519213,True,True,True,True,False,obqa|11-694|policy_T,obqa|11-694|reference_T
obqa,T,8-133,8-133,0.8,T,1,1,A,A,True,True,837.658106116578,744.8491218965501,92.80898422002792,-92.80898422002792,0,0.9668061896054161,0.9704839237580715,-0.0036777341526553473,966.4306511037694,925.039975,41.3906761037693,925.039975,-41.39067610376935,32.098504016175866,805.4389250464737,0.12067705392837524,744.7315519675612,0.11756992898881435,-180.19085310344997,-119.60104995352629,-9.17149503366506,-51.41830811625857,True,True,True,True,False,obqa|8-133|policy_T,obqa|8-133|reference_T
obqa,T,10-959,10-959,0.8,R,1,1,B,B,True,True,228.491575922817,839.9764730129391,-611.4848970901221,611.4848970901221,0,0.9909455826994813,0.9667143198668904,0.024231262832590948,290.4445108784256,246.39486,44.049650878425595,1043.440322,752.9958111215743,32.435856061056256,195.93897089362144,0.11674896813929081,839.8620379157364,0.11443509720265865,-203.46384898706083,-50.45588910637855,-11.497045849230048,-141.51091403145222,True,True,True,True,False,obqa|10-959|policy_T,obqa|10-959|reference_T
obqa,T,14-1056,14-1056,0.8,R,1,1,C,C,True,True,261.03496411815286,794.2917419131845,-533.2567777950317,533.2567777950317,0,0.9896559884730715,0.968524665031558,0.02113132344151349,327.99379011444665,286.458609,41.53518111444664,988.263174,660.2693838855535,32.53277810290456,228.3835739362985,0.11861207894980907,794.1706441342831,0.12109777890145779,-193.97143208681553,-58.075035063701534,-8.88379093259227,-127.01260609052179,True,True,True,True,False,obqa|14-1056|policy_T,obqa|14-1056|reference_T
obqa,T,10-380,10-380,0.8,R,1,1,D,D,True,True,229.15289690718055,631.4160330221057,-402.26313611492515,402.26313611492515,0,0.9909193765860269,0.9749789276469806,0.015940448939046278,290.981177035907,245.588426,45.39275103590703,782.667514,491.68633696409296,32.485980074852705,196.54918485321105,0.11773197911679745,631.3215370755643,0.09449594654142857,-151.2514809778943,-49.03924114678895,-12.78903898193753,-89.42320084916781,True,True,True,True,False,obqa|10-380|policy_T,obqa|10-380|reference_T
obqa,T,11-523,11-523,0.8,R,0,1,B,C,True,True,228.87953300960362,942.7308770827949,-713.8513440731913,713.8513440731913,-1,-0.009069790844791696,0.9626424793617994,-0.9717122702065911,288.1498438416214,245.709946,42.4398978416214,1171.096244,882.9464001583787,32.61298895813525,196.14753196947277,0.11901208199560642,942.6086689345539,0.12220814824104309,-228.36536691720517,-49.562414030527236,-9.707896801490548,-169.09505608518737,True,True,True,True,False,obqa|11-523|policy_T,obqa|11-523|reference_T
obqa,T,12-352,12-352,0.8,R,1,1,C,C,True,True,228.9842499885708,733.0153109505773,-504.03106096200645,504.03106096200645,0,0.9909260595439057,0.9709528612325824,0.01997319831132317,287.74954870924796,245.928348,41.82120070924795,914.649556,626.900007290752,32.264034962281585,196.60549005493522,0.11472497135400772,732.8997640870512,0.11554686352610588,-181.6342450494227,-49.32285794506478,-9.442440775612354,-122.86894632874555,True,True,True,True,False,obqa|12-352|policy_T,obqa|12-352|reference_T
obqa,T,14-754,14-754,0.8,R,1,1,D,D,True,True,228.1655848491937,847.7958370931447,-619.630252243951,619.630252243951,0,0.9909585007215349,0.9664044625554297,0.02455403816610526,289.8293111577289,245.569972,44.25933915772891,972.859008,683.029696842271,32.286636997014284,195.76273998245597,0.11620786972343922,847.6797491312027,0.11608796194195747,-125.06317090685536,-49.80723201754404,-11.856494290991186,-63.39944459832009,True,True,True,True,False,obqa|14-754|policy_T,obqa|14-754|reference_T
obqa,T,12-1046,12-1046,0.8,R,1,1,D,D,True,True,228.79164898768067,1015.1333131361753,-786.3416641484946,786.3416641484946,0,0.9909336917282762,0.959773393851956,0.031160297876320076,290.02825619520877,246.122065,43.90619119520879,1263.684924,973.6566678047911,32.81562798656523,195.85924199782312,0.11677900329232216,1015.0165630038828,0.11675013229250908,-248.55161086382464,-50.26282300217687,-10.973784205351237,-187.31500365629654,True,True,True,True,False,obqa|12-1046|policy_T,obqa|12-1046|reference_T
obqa,T,11-442,11-442,0.8,T,1,1,D,D,True,True,842.2840011771768,792.3317858949304,49.95221528224647,-49.95221528224647,0,0.9666228796339307,0.9686023320510455,-0.0019794524171148713,1002.7374010233958,959.567581,43.16982002339578,959.567581,-43.1698200233958,32.64207299798727,809.5205200370401,0.1214081421494484,792.2139749862254,0.11781090870499611,-167.23579510506966,-150.0470609629599,-10.40633888325906,-6.78239525885067,True,True,True,True,False,obqa|11-442|policy_T,obqa|11-442|reference_T
obqa,T,11-564,11-564,0.8,R,1,1,D,D,True,True,261.29640312865376,840.9755518659949,-579.6791487373412,579.6791487373412,0,0.989645628450431,0.9666747294495406,0.022970899000890468,330.8054790694458,289.197911,41.60756806944585,990.361056,659.5555769305541,32.4522468727082,228.72868017293513,0.1154760830104351,840.8597148954868,0.1158369705080986,-149.38550413400503,-60.46923082706485,-9.03984511372721,-79.87642819321297,True,True,True,True,False,obqa|11-564|policy_T,obqa|11-564|reference_T
obqa,T,12-1146,12-1146,0.8,R,1,1,D,D,True,True,261.9513610843569,799.5398589409888,-537.5884978566319,537.5884978566319,0,0.9896196744842015,0.9683166983202262,0.02130297616397537,332.2899777482274,287.644268,44.64570974822736,992.162387,659.8724092517725,32.14032202959061,229.69279694370925,0.11824211105704308,799.4267959147692,0.1130630262196064,-192.6225280590112,-57.95147105629076,-12.387145607579711,-122.28391139514065,True,True,True,True,False,obqa|12-1146|policy_T,obqa|12-1146|reference_T
obqa,T,12-605,12-605,0.8,R,1,1,C,C,True,True,232.07777994684875,661.5732337813824,-429.4954538345337,429.4954538345337,0,0.990803472481075,0.9737838906781681,0.017019581802907028,291.3495417775793,247.816965,43.53257677757931,824.984076,533.6345342224206,31.943673035129905,200.01713815145195,0.11696876026690006,661.4591090474278,0.11412473395466805,-163.41084221861752,-47.799826848548065,-11.471934982182503,-104.1390803878869,True,True,True,True,False,obqa|12-605|policy_T,obqa|12-605|reference_T
obqa,T,14-311,14-311,0.8,R,1,1,D,D,True,True,293.0557110812515,530.9047740884125,-237.84906300716102,237.84906300716102,0,0.9883871049087333,0.9789618792201867,0.009425225688546455,290.65602294425213,245.858407,44.797615944252136,660.732733,370.0767100557479,32.80383604578674,260.1322908885777,0.11958414688706398,530.8124599978328,0.09231409057974815,-129.82795891158753,14.2738838885777,-11.874195751578334,-132.2276470485869,True,True,True,True,False,obqa|14-311|policy_T,obqa|14-311|reference_T
obqa,T,13-9,13-9,0.8,R,1,1,C,C,True,True,261.56178093515337,490.93037098646164,-229.36859005130827,229.36859005130827,0,0.9896351123454384,0.980545941676592,0.009089170668846333,331.6680799011067,287.558025,44.110054901106714,609.666068,277.9979880988933,32.1433967910707,229.30142399854958,0.11696014553308487,490.83819799125195,0.09217299520969391,-118.73569701353836,-58.256601001450406,-11.84969796450293,-48.62939804758503,True,True,True,True,False,obqa|13-9|policy_T,obqa|13-9|reference_T
obqa,T,13-492,13-492,0.8,R,1,1,A,A,True,True,228.5870141349733,741.0603540483862,-512.4733399134129,512.4733399134129,0,0.9909418007771247,0.9706340609568435,0.02030773982028121,289.7458012264459,245.686892,44.05890922644591,917.320589,627.5747877735541,32.50103909522295,195.96861489117146,0.11736014857888222,740.944306133315,0.11604791507124901,-176.26023495161382,-49.718277108828545,-11.44050998264408,-115.1014478601412,True,True,True,True,False,obqa|13-492|policy_T,obqa|13-492|reference_T
obqa,T,13-376,13-376,0.8,R,1,1,C,C,True,True,228.55238895863295,763.6537731159478,-535.1013841573149,535.1013841573149,0,0.9909431728662025,0.9697387533567405,0.021204419509461947,288.90255798073315,244.853128,44.04942998073316,945.065769,656.1632110192669,32.36609511077404,196.0722201038152,0.11407374404370785,763.5375340469182,0.11623906902968884,-181.4119958840522,-48.7809078961848,-11.56926112591541,-121.061826861952,True,True,True,True,False,obqa|13-376|policy_T,obqa|13-376|reference_T
obqa,T,13-804,13-804,0.8,R,1,1,B,B,True,True,254.075261997059,680.1705379039049,-426.0952759068459,426.0952759068459,0,0.9899317800292249,0.9730469368035671,0.016884843225657697,287.5224421357284,245.422894,42.09954813572836,847.538886,560.0164438642717,36.221865098923445,217.72997407242656,0.12342282570898533,680.0562639255077,0.11427397839725018,-167.36834809609513,-27.692919927573456,-5.754260211095932,-133.92116795742572,True,True,True,True,False,obqa|13-804|policy_T,obqa|13-804|reference_T
obqa,T,14-216,14-216,0.8,T,0,0,D,D,True,True,809.1381390113384,774.2575779557228,34.880561055615544,-34.880561055615544,0,-0.03206365195209001,-0.030681442764734907,-0.0013822091873551027,1007.7422902991748,963.763594,43.978696299174786,963.763594,-43.97869629917477,31.94109909236431,777.0799100399017,0.11712987907230854,774.1416599601507,0.11591799557209015,-189.5060160442772,-186.68368396009828,-11.920467327738166,9.098135243559227,True,True,True,True,False,obqa|14-216|policy_T,obqa|14-216|reference_T
obqa,T,14-745,14-745,0.8,R,1,1,B,B,True,True,229.19866093434393,797.2605538088828,-568.0618928745389,568.0618928745389,0,0.9909175630986035,0.9684070201613617,0.0225105429372418,287.73980011271954,245.788364,41.951436112719534,914.290387,626.5505868872805,32.34220016747713,196.74333790317178,0.11312286369502544,797.1451778430492,0.11537596583366394,-117.02983319111718,-49.045026096828224,-9.496113081547378,-58.488694012741576,True,True,True,True,False,obqa|14-745|policy_T,obqa|14-745|reference_T
obqa,T,14-877,14-877,0.8,R,1,1,B,B,True,True,231.47811507806182,773.4533390030265,-541.9752239249647,541.9752239249647,0,0.9908272353525968,0.9693504267475551,0.02147680860504167,289.7569140235757,245.609677,44.14723702357566,963.426127,673.6692129764242,32.654695911332965,198.7075221259147,0.1158970408141613,773.3368610497564,0.1164779532700777,-189.97278799697347,-46.90215487408531,-11.376644071428537,-131.69398905145954,True,True,True,True,False,obqa|14-877|policy_T,obqa|14-877|reference_T
obqa,T,10-354,10-354,0.8,R,1,1,A,A,True,True,228.54475514031947,824.9752270057797,-596.4304718654603,596.4304718654603,0,0.9909434753709068,0.9673087730358003,0.023634702335106405,293.1981361030537,245.918499,47.27963710305369,1020.352426,727.1542898969464,32.579445047304034,195.8459159359336,0.11939415708184242,824.8561441432685,0.1190828625112772,-195.3771989942203,-50.07258306406641,-14.58079789866781,-130.72381803148608,True,True,True,True,False,obqa|10-354|policy_T,obqa|10-354|reference_T
obqa,T,14-362,14-362,0.8,R,1,1,D,D,True,True,232.12419706396759,892.1473531518131,-660.0231560878456,660.0231560878456,0,0.9908016331137085,0.9646469485959588,0.0261546845177497,287.45258705132426,245.981969,41.47061805132425,1111.252687,823.8000999486757,32.67172910273075,199.3375129532069,0.11495500802993774,892.029803013429,0.11755013838410378,-219.10533384818677,-46.644456046793096,-8.683933940563563,-163.7769438608301,True,True,True,True,False,obqa|14-362|policy_T,obqa|14-362|reference_T
obqa,T,12-242,12-242,0.8,T,0,0,D,D,True,True,788.0441111046821,756.6535049118102,31.390606192871928,-31.390606192871928,0,-0.03122776060491768,-0.029983847578196214,-0.0012439130267214642,976.607915918817,935.636935,40.97098091881693,935.636935,-40.97098091881696,32.00620110146701,755.9226539451629,0.1152560580521822,756.5368260256946,0.116678886115551,-178.98343008818983,-179.7142810548371,-8.849523759297732,9.580374725945035,True,True,True,True,False,obqa|12-242|policy_T,obqa|12-242|reference_T
obqa,T,10-616,10-616,0.8,R,1,1,D,D,True,True,261.284742038697,833.6252078879625,-572.3404658492655,572.3404658492655,0,0.9896460905435048,0.9669660009391379,0.022680089604366988,328.63385586626265,286.72396,41.90989586626267,1038.343057,709.7092011337375,32.54782618023455,228.6198060028255,0.11710985563695431,833.5090801119804,0.11612777598202229,-204.71784911203758,-58.10415399717448,-9.244959830391167,-137.368735284472,True,True,True,True,False,obqa|10-616|policy_T,obqa|10-616|reference_T
obqa,T,14-1328,14-1328,0.8,R,0,0,D,D,True,True,264.5419598557055,791.4397390559316,-526.8977792002261,526.8977792002261,0,-0.010482982964937522,-0.03136231888061666,0.020879335915679142,333.76333413731345,291.496341,42.266993137313484,963.514633,629.7512988626866,33.517864998430014,230.89988087303936,0.12421398423612118,791.2988450843841,0.1408939715474844,-172.07489394406844,-60.59646012696061,-8.62491415464735,-102.85351966246049,True,True,True,True,False,obqa|14-1328|policy_T,obqa|14-1328|reference_T
obqa,T,13-438,13-438,0.8,T,1,1,A,A,True,True,1036.7003709543496,1005.3957849740982,31.30458598025143,-31.30458598025143,0,0.9589187577865279,0.9601592620972028,-0.001240504310674933,1293.2600948767897,1248.915435,44.344659876789805,1248.915435,-44.34465987678982,32.47782518155873,1004.106136970222,0.1164088025689125,1005.2804390434176,0.11534593068063259,-243.51965002590168,-244.8092980297779,-11.750425892662165,13.040073896538388,True,True,True,True,False,obqa|13-438|policy_T,obqa|13-438|reference_T
obqa,T,12-1208,12-1208,0.8,T,1,1,A,A,True,True,835.6203699950129,802.5594509672374,33.060919027775526,-33.060919027775526,0,0.9668869388108013,0.968197041189881,-0.001310102379079637,1039.7129969699126,996.477274,43.23572296991265,996.477274,-43.23572296991267,32.40344510413706,803.0991938430816,0.11773104779422283,802.4440850131214,0.11536595411598682,-193.9178230327626,-193.37808015691837,-10.714546817981365,10.174803942137146,True,True,True,True,False,obqa|12-1208|policy_T,obqa|12-1208|reference_T
obqa,T,10-351,10-351,0.8,T,1,1,C,C,True,True,753.6309869028628,721.7147550545633,31.916231848299503,-31.916231848299503,0,0.9701359254998301,0.9714006674521207,-0.001264741952290727,939.147027220379,896.302242,42.844785220378995,896.302242,-42.84478522037898,32.566891983151436,720.9505820646882,0.11351285502314568,721.5967930387706,0.11796201579272747,-174.5874869454367,-175.35165993531177,-10.164380382204413,10.928553372079477,True,True,True,True,False,obqa|10-351|policy_T,obqa|10-351|reference_T
obqa,C,9-782,9-782,0.8,R,1,1,A,A,True,True,230.6831788737327,587.7785438206047,-357.095364946872,357.095364946872,0,0.9908587362256256,0.9767081469216148,0.014150589304010822,290.3969988755834,246.414073,43.98292587558341,423.570235,133.17323612441663,32.87669690325856,197.68755906261504,0.11892290785908699,587.6083842013031,0.17015961930155754,164.20830882060466,-48.726513937384965,-10.987306064465763,223.92212882245536,True,True,True,True,False,obqa|9-782|policy_C,obqa|9-782|reference_C
obqa,C,14-290,14-290,0.8,R,0,0,D,D,True,True,229.5349861960858,245.71225512772799,-16.177268931642175,16.177268931642175,0,-0.009095764435491465,-0.009736819770237297,0.0006410553347458328,287.9027890962472,244.139688,43.7631010962472,301.344275,13.441485903752778,32.89208700880408,196.2763408664614,0.3665583208203316,245.59258087538183,0.11967425234615803,-55.632019872272,-47.86334713353861,-10.504455766622783,2.735783027889397,True,True,True,True,False,obqa|14-290|policy_C,obqa|14-290|reference_C
obqa,C,13-823,13-823,0.8,R,1,1,D,D,True,True,229.49585178866982,439.0947890933603,-209.59893730469048,209.59893730469048,0,0.9909057863405235,0.9826000261109079,0.008305760229615572,291.6692630519309,245.993748,45.6755150519309,544.45025,252.78098694806908,32.62683912180364,196.74910884350538,0.11990382336080074,438.9649350196123,0.12985407374799252,-105.35546090663968,-49.24463915649463,-12.92877210676646,-43.182049643378605,True,True,True,True,False,obqa|13-823|policy_C,obqa|13-823|reference_C
obqa,C,12-745,12-745,0.8,R,1,1,D,D,True,True,229.44643907248974,509.3202721327543,-279.8738330602646,279.8738330602646,0,0.990907744414253,0.9798172065430479,0.011090537871205102,290.7806537025466,246.266442,44.514211702546596,546.187681,255.4070272974534,32.14417491108179,197.18260108493268,0.11966307647526264,509.1900071129203,0.1302650198340416,-36.86740886724567,-49.08384091506733,-12.250373714989543,24.46680576281119,True,True,True,True,False,obqa|12-745|policy_C,obqa|12-745|reference_C
obqa,C,14-245,14-245,0.8,R,1,1,D,D,True,True,232.3869839310646,212.85462216474116,19.532361766323447,-19.532361766323447,0,0.9907912196796631,0.9915652270083042,-0.0007740073286409863,290.14894996266236,245.987717,44.16123296266234,262.309276,-27.839673962662346,33.85664592497051,198.4105040319264,0.11983397416770458,212.74240198545158,0.11222017928957939,-49.45465383525885,-47.57721296807361,-10.184753063524127,8.307312196338899,True,True,True,True,False,obqa|14-245|policy_C,obqa|14-245|reference_C
obqa,C,12-721,12-721,0.8,R,1,1,A,A,True,True,229.52751209959388,277.2231420967728,-47.69562999717891,47.69562999717891,0,0.9909045317399291,0.9890145008463985,0.0018900308935305033,290.6760260879955,245.693,44.983026087995526,341.47803,50.802003912004466,32.60684083215892,196.80348015390337,0.11719111353158951,277.1042180247605,0.11892407201230526,-64.2548879032272,-48.88951984609665,-12.258994142305013,-3.1063739148255536,True,True,True,True,False,obqa|12-721|policy_C,obqa|12-721|reference_C
obqa,C,11-642,11-642,0.8,R,1,1,A,A,True,True,232.1305931545794,346.54383710585535,-114.41324395127594,114.41324395127594,0,0.9908013796563403,0.9862675352410397,0.004533844415300603,287.90634101455174,246.358607,41.54773401455176,423.529397,135.62305598544827,32.19735389575362,199.81638016179204,0.11685909703373909,346.41204006038606,0.13179704546928406,-76.98555989414467,-46.54222683820797,-9.233521021764396,-21.20981203417233,True,True,True,True,False,obqa|11-642|policy_C,obqa|11-642|reference_C
obqa,C,12-577,12-577,0.8,R,1,1,C,C,True,True,261.8366649840027,249.8515578918159,11.985107092186809,-11.985107092186809,0,0.9896242195373448,0.9900991524120724,-0.0004749328747276099,331.821004079293,289.935813,41.885191079293016,305.802604,-26.01840007929303,32.26067288778722,229.4589530210942,0.11703907512128353,249.49257401749492,0.3589838743209839,-55.95104610818407,-60.47685997890579,-9.50747911638451,14.033292987106222,True,True,True,True,False,obqa|12-577|policy_C,obqa|12-577|reference_C
obqa,C,14-1215,14-1215,0.8,C,0,0,D,D,True,True,310.00545201823115,340.5233761295676,-30.51792411133647,30.51792411133647,0,-0.01228456111203481,-0.013493892436104897,0.0012093313240700875,385.8585572825922,341.703866,44.154691282592175,341.703866,-44.15469128259218,32.70600689575076,277.18259510584176,0.11685001663863659,340.4079901520163,0.11538597755134106,-1.1804898704323818,-64.52127089415825,-11.331834370202778,74.67261539392865,True,True,True,True,False,obqa|14-1215|policy_C,obqa|14-1215|reference_C
obqa,C,12-488,12-488,0.8,R,1,1,C,C,True,True,231.1305080074817,185.63129706308246,45.49921094439924,-45.49921094439924,0,0.9908410099500231,0.9926440035224167,-0.0018029935723935745,289.30713421946456,247.214112,42.093022219464544,222.290829,-67.01630521946456,33.03631697781384,197.9778630193323,0.11632801033556461,185.52193185314536,0.10936520993709564,-36.659531936917546,-49.23624898066771,-8.94037723131514,21.51709427506532,True,True,True,True,False,obqa|12-488|policy_C,obqa|12-488|reference_C
obqa,C,9-892,9-892,0.8,R,1,1,C,C,True,True,261.74156717024744,243.49592812359333,18.245639046654105,-18.245639046654105,0,0.9896279879707613,0.9903510064416867,-0.0007230184709253741,328.1908290493494,285.720063,42.47076604934943,302.567785,-25.623044049349403,32.610137946903706,229.01452891528606,0.11690030805766582,243.3777169790119,0.11821114458143711,-59.071856876406684,-56.70553408471392,-9.743727794388057,7.377405002695298,True,True,True,True,False,obqa|9-892|policy_C,obqa|9-892|reference_C
obqa,C,1683,1683,0.8,R,1,1,B,B,True,True,228.66153717041016,308.93655703403056,-80.2750198636204,80.2750198636204,0,0.9909388476587937,0.9877577959035282,0.0031810517552654486,286.3717489982879,245.168179,41.20356999828792,382.402277,96.03052800171213,32.492877915501595,196.05170004069805,0.11695921421051025,308.5715230554342,0.3650339785963297,-73.46571996596947,-49.11647895930196,-8.593732868575813,-15.755508138091727,True,True,True,True,False,obqa|1683|policy_C,obqa|1683|reference_C
obqa,C,11-744,11-744,0.8,R,1,1,C,C,True,True,228.53969899006188,180.03224697895348,48.5074520111084,-48.5074520111084,0,0.9909436757305663,0.9928658766297445,-0.001922200899178099,286.8322522670321,245.103477,41.72877526703215,221.409385,-65.42286726703213,32.3639961425215,196.05643884278834,0.11926400475203991,179.92542684078217,0.1068201381713152,-41.377138021046505,-49.04703815721166,-9.245515119758608,16.915415255923733,True,True,True,True,False,obqa|11-744|policy_C,obqa|11-744|reference_C
obqa,C,12-428,12-428,0.8,R,1,1,B,B,True,True,229.38214894384146,211.8021489586681,17.579999985173345,-17.579999985173345,0,0.9909102920340098,0.9916069332793862,-0.000696641245376331,288.9424009849869,245.050246,43.8921549849869,261.767423,-27.174977984986867,32.85184106789529,196.41116494312882,0.1191429328173399,211.68788499198854,0.11426396667957306,-49.965274041331895,-48.63908105687116,-10.92117098427427,9.594977999813523,True,True,True,True,False,obqa|12-428|policy_C,obqa|12-428|reference_C
obqa,C,10-443,10-443,0.8,C,1,1,A,A,True,True,372.72848398424685,338.91020994633436,33.81827403791249,-33.81827403791249,0,0.9852299183453351,0.9865700323704841,-0.0013401140251489653,464.5713138718394,422.188725,42.3825888718394,422.188725,-42.3825888718394,32.566776033490896,340.0310529395938,0.13065501116216183,338.77644897438586,0.13376097194850445,-83.27851505366561,-82.15767206040618,-9.685157827186345,8.564314833926915,True,True,True,True,False,obqa|10-443|policy_C,obqa|10-443|reference_C
obqa,C,14-676,14-676,0.8,R,1,1,B,B,True,True,228.7787669338286,276.43398102372885,-47.655214089900255,47.655214089900255,0,0.990934202204388,0.9890457728687644,0.0018884293356235997,286.45797319842075,245.240075,41.21789819842076,342.593335,56.13536180157928,32.507895957678556,196.155094075948,0.1157769002020359,276.3131239917129,0.12085703201591969,-66.15935397627118,-49.08498092405199,-8.59422534054017,-8.480147711679024,True,True,True,True,False,obqa|14-676|policy_C,obqa|14-676|reference_C
obqa,C,14-129,14-129,0.8,R,1,1,D,D,True,True,228.83384977467358,311.6838289424777,-82.84997916780412,82.84997916780412,0,0.9909320194410843,0.9876489299805873,0.003283089460497121,288.60899032475663,244.899451,43.70953932475662,381.995037,93.38604667524339,32.38692902959883,196.33031310513616,0.11660763993859291,311.561259906739,0.12256903573870659,-70.31120805752232,-48.56913789486384,-11.206002655219194,-10.53606750743927,True,True,True,True,False,obqa|14-129|policy_C,obqa|14-129|reference_C
obqa,C,7-321,7-321,0.8,R,1,1,C,C,True,True,229.62679783813655,501.9048540852964,-272.27805624715984,272.27805624715984,0,0.9909005973519538,0.9801110567175602,0.010789540634393684,286.61079205857635,245.162959,41.44783305857634,622.49433,335.88353794142364,32.70650911144912,196.80433184839785,0.11595687828958035,501.7697410658002,0.13511301949620247,-120.5894759147036,-48.35862715160215,-8.62536706883764,-63.6054816942638,True,True,True,True,False,obqa|7-321|policy_C,obqa|7-321|reference_C
obqa,C,13-462,13-462,0.8,R,1,1,D,D,True,True,265.27152699418366,212.5323680229485,52.739158971235156,-52.739158971235156,0,0.9894881065367482,0.9915779969472607,-0.0020898904105123802,328.51898879893486,285.578114,42.940874798934814,261.554481,-66.96450779893485,32.60031994432211,232.5518629513681,0.11934409849345684,212.4198479577899,0.11252006515860558,-49.022112977051506,-53.026251048631934,-10.221210756119248,14.22534882769969,True,True,True,True,False,obqa|13-462|policy_C,obqa|13-462|reference_C
obqa,C,7-455,7-455,0.8,R,1,1,A,A,True,True,228.9633231703192,340.20728315226734,-111.24395998194814,111.24395998194814,0,0.9909268888092493,0.9865186333548819,0.004408255454367393,286.99387486915555,245.479808,41.51406686915553,423.278413,136.28453813084445,32.58838690817356,196.25507201999426,0.11986424215137959,340.074323117733,0.13296003453433514,-83.07112984773266,-49.22473598000573,-8.805815718830587,-25.040578148896316,True,True,True,True,False,obqa|7-455|policy_C,obqa|7-455|reference_C
obqa,C,10-677,10-677,0.8,R,0,0,D,D,True,True,228.91190717928112,308.34197206422687,-79.43006488494575,79.43006488494575,0,-0.00907107373340951,-0.012218642525698434,0.0031475687922889253,288.4746327169918,246.454277,42.02035571699178,382.516092,94.04145928300824,32.157378969714046,196.63759809918702,0.11693011038005352,308.2208149135113,0.12115715071558952,-74.17411993577315,-49.816678900812974,-9.746046636897681,-14.611394398062487,True,True,True,True,False,obqa|10-677|policy_C,obqa|10-677|reference_C
obqa,C,13-944,13-944,0.8,R,1,1,C,C,True,True,261.9906540494412,244.32003404945135,17.670619999989867,-17.670619999989867,0,0.9896181174250347,0.9903183496624491,-0.0007002322374145021,328.62210379833266,286.296992,42.32511179833269,303.611347,-25.010756798332636,32.4588140938431,229.4129270594567,0.11891289614140987,244.2008201032877,0.11921394616365433,-59.29131295054867,-56.88406494054328,-9.74738480834818,7.340136798342769,True,True,True,True,False,obqa|13-944|policy_C,obqa|13-944|reference_C
obqa,C,14-1171,14-1171,0.8,C,0,0,D,D,True,True,244.14497590623796,211.18446113541722,32.96051477082074,-32.96051477082074,0,-0.009674713322590421,-0.00836858965492518,-0.0013061236676652423,306.38268307664373,262.234645,44.14803807664371,262.234645,-44.14803807664373,32.61973592452705,211.41379117034376,0.11144881136715412,211.07359300367534,0.11086813174188137,-51.05018386458278,-50.820853829656244,-11.416853340749505,11.187523305822992,True,True,True,True,False,obqa|14-1171|policy_C,obqa|14-1171|reference_C
obqa,C,10-973,10-973,0.8,R,1,1,C,C,True,True,229.32207700796425,218.16612407565117,11.155952932313085,-11.155952932313085,0,0.990912672499781,0.9913547485493078,-0.00044207604952678205,291.4554788286543,246.364648,45.09083082865429,263.321377,-28.13410182865431,31.990867108106613,197.21252680756152,0.1186830922961235,218.05222099646926,0.11390307918190956,-45.155252924348815,-49.15212119243847,-12.981280628251554,16.978148896341224,True,True,True,True,False,obqa|10-973|policy_C,obqa|10-973|reference_C
obqa,C,14-109,14-109,0.8,C,0,0,D,D,True,True,378.77060612663627,348.7459060270339,30.02470009960234,-30.02470009960234,0,-0.015009512342807084,-0.013819725966977824,-0.0011897863758292594,468.8769568479572,426.161387,42.715569847957255,426.161387,-42.71556984795723,32.14449412189424,346.4941750280559,0.13193697668612003,348.61164493486285,0.13426109217107296,-77.41548097296607,-79.66721197194408,-10.439138749376895,12.690869748354885,True,True,True,True,False,obqa|14-109|policy_C,obqa|14-109|reference_C
obqa,C,13-42,13-42,0.8,C,0,0,C,C,True,True,376.63763598538935,339.3449371214956,37.29269886389375,-37.29269886389375,0,-0.01492498930658399,-0.01344719452831902,-0.0014777947782649704,468.470079978207,423.787523,44.68255697820699,423.787523,-44.682556978207,32.60680194944143,343.90841401182115,0.12242002412676811,339.2279769759625,0.11696014553308487,-84.44258587850442,-79.87910898817887,-11.953335004638788,7.389858114313256,True,True,True,True,False,obqa|13-42|policy_C,obqa|13-42|reference_C
obqa,C,10-702,10-702,0.8,R,1,1,D,D,True,True,261.25903194770217,276.08033805154264,-14.82130610384047,14.82130610384047,0,0.9896471093552127,0.9890597866503782,0.0005873227048345434,330.6171730821601,286.50275,44.114423082160116,267.282166,-63.335007082160075,32.511011930182576,228.62950689159334,0.11851312592625618,275.9688990190625,0.11143903248012066,8.798172051542622,-57.873243108406655,-11.484898026051283,78.15631318600055,True,True,True,True,False,obqa|10-702|policy_C,obqa|10-702|reference_C
obqa,C,14-1445,14-1445,0.8,R,1,1,B,B,True,True,228.33826206624508,246.12443801015615,-17.786175943911076,17.786175943911076,0,0.990951658055344,0.9902468466918344,0.0007048113635095988,288.3856958809113,245.841149,42.54454688091135,300.474433,12.088737119088648,32.61748095974326,195.60096506029367,0.11981604620814323,246.0056950803846,0.11874292977154255,-54.34999498984382,-50.24018393970633,-9.807249874959943,5.697438824822427,True,True,True,True,False,obqa|14-1445|policy_C,obqa|14-1445|reference_C
obqa,C,7-1076,7-1076,0.8,R,1,1,B,B,True,True,228.99228800088167,244.6577069349587,-15.665418934077024,15.665418934077024,0,0.9909257410222383,0.9903049687261757,0.000620772296062648,290.0450110794535,245.924958,44.12005307945347,303.044546,12.999534920546523,32.45317400433123,196.42110308632255,0.11801091022789478,244.54131885431707,0.11638808064162731,-58.38683906504133,-49.50385491367746,-11.548868164894344,2.6658840135305013,True,True,True,True,False,obqa|7-1076|policy_C,obqa|7-1076|reference_C
obqa,C,7-26,7-26,0.8,R,1,1,D,D,True,True,229.1538300924003,436.8029208853841,-207.64909079298377,207.64909079298377,0,0.9909193396067713,0.9826908457880404,0.008228493818730837,290.0516642955639,246.200258,43.85140629556393,543.62974,253.57807570443606,32.468642108142376,196.56815892085433,0.11702906340360641,436.66855921037495,0.13436167500913143,-106.82681911461589,-49.63209907914566,-11.26573512401795,-45.92898491145229,True,True,True,True,False,obqa|7-26|policy_C,obqa|7-26|reference_C
obqa,C,12-1083,12-1083,0.8,R,1,1,D,D,True,True,229.28406903520226,470.2178458683193,-240.933776833117,240.933776833117,0,0.9909141786386605,0.9813667152434499,0.009547463395210615,291.0664333113185,246.174349,44.89208431131852,587.576605,296.51017168868145,32.187925884500146,196.98047707788646,0.11566607281565666,470.08434613235295,0.1334997359663248,-117.3587591316807,-49.193871922113544,-12.588492354002717,-55.576394855564445,True,True,True,True,False,obqa|12-1083|policy_C,obqa|12-1083|reference_C
obqa,C,12-105,12-105,0.8,C,0,0,A,A,True,True,372.46198509819806,340.1754819788039,32.28650311939418,-32.28650311939418,0,-0.014759521124743089,-0.013480106462575227,-0.0012794146621678613,469.01680800707567,422.046927,46.96988100707567,422.046927,-46.969881007075685,32.64638804830611,339.6808139514178,0.13478309847414494,340.0368809234351,0.1386010553687811,-81.87144502119611,-82.36611304858218,-14.188709860295418,14.683377887681502,True,True,True,True,False,obqa|12-105|policy_C,obqa|12-105|reference_C
obqa,C,1341,1341,0.8,R,1,1,B,B,True,True,228.80614385940135,343.29203702509403,-114.48589316569269,114.48589316569269,0,0.9909331173411604,0.9863963940612835,0.004536723279876802,286.513780070737,244.720704,41.793076070737,422.554786,136.04100592926295,32.45657216757536,196.2348169181496,0.11475477367639542,343.16831501200795,0.12372201308608055,-79.26274897490595,-48.48588708185042,-9.221749129485246,-21.555112763570264,True,True,True,True,False,obqa|1341|policy_C,obqa|1341|reference_C
obqa,C,14-671,14-671,0.8,C,0,0,D,D,True,True,308.1416222266853,274.85541510395706,33.28620712272823,-33.28620712272823,0,-0.012210703278801187,-0.010891673426503764,-0.001319029852297423,389.18952495158396,345.165512,44.024012951583984,345.165512,-44.024012951583984,32.610861118882895,275.40679881349206,0.12396229431033134,274.7349189594388,0.12049614451825619,-70.31009689604292,-69.75871318650792,-11.289189538390758,10.737805828855755,True,True,True,True,False,obqa|14-671|policy_C,obqa|14-671|reference_C
obqa,C,11-176,11-176,0.8,R,1,1,C,C,True,True,229.49527599848807,211.63495513610542,17.86032086238265,-17.86032086238265,0,0.9909058091573146,0.9916135586555448,-0.0007077494982300725,289.9830011677717,246.289512,43.693489167771695,261.868021,-28.114980167771705,32.12271607480943,197.25240487605333,0.12015504762530327,211.5220131818205,0.11294195428490639,-50.23306586389458,-49.03710712394667,-11.45061804533696,10.254659305389055,True,True,True,True,False,obqa|11-176|policy_C,obqa|11-176|reference_C
obqa,C,9-695,9-695,0.8,R,1,1,A,A,True,True,228.88469090685248,406.4881708472967,-177.60347994044423,177.60347994044423,0,0.9909300047636289,0.983892125949452,0.007037878814176878,290.6950641331463,245.590752,45.10431213314629,502.642106,211.94704186685374,32.57190901786089,196.19656493887305,0.11621695011854172,406.3627850264311,0.1253858208656311,-96.1539351527033,-49.39418706112696,-12.416186165166856,-34.34356192640951,True,True,True,True,False,obqa|9-695|policy_C,obqa|9-695|reference_C
obqa,C,9-985,9-985,0.8,C,0,0,A,A,True,True,276.5107969753444,243.43819310888648,33.07260386645794,-33.07260386645794,0,-0.010957271110771641,-0.009646705697529399,-0.0013105654132422424,351.19066096790766,303.301835,47.888825967907664,303.301835,-47.88882596790768,32.31343999505043,244.08144992776215,0.11590705253183842,243.32077312283218,0.11741998605430126,-59.8636418911135,-59.22038507223783,-15.459478920325395,14.816222101449739,True,True,True,True,False,obqa|9-985|policy_C,obqa|9-985|reference_C
obqa,C,14-61,14-61,0.8,R,1,1,D,D,True,True,292.9735218640417,275.5743209272623,17.39920093677938,-17.39920093677938,0,0.9883903618142328,0.9890798385502608,-0.00068947673602808,289.87588666054666,245.843819,44.03206766054666,342.931634,53.05574733945332,32.55158709362149,260.30297204852104,0.1189627218991518,275.45235212892294,0.12196879833936691,-67.35731307273767,14.459153048521046,-11.361517845026015,-70.4549482762327,True,True,True,True,False,obqa|14-61|policy_C,obqa|14-61|reference_C
obqa,C,10-823,10-823,0.8,R,1,1,D,D,True,True,228.62275899387896,306.96635297499597,-78.34359398111701,78.34359398111701,0,0.990940384318476,0.9878358690213035,0.003104515297172501,289.2522508829023,245.441851,43.81039988290227,382.335846,93.08359511709773,32.39182801917195,196.11534499563277,0.11558597907423973,306.8452070001513,0.12114597484469414,-75.36949302500403,-49.326506004367246,-11.302985884656074,-14.74000113598072,True,True,True,True,False,obqa|10-823|policy_C,obqa|10-823|reference_C
obqa,C,1851,1851,0.8,R,1,1,A,A,True,True,228.92761090770364,345.3644961118698,-116.43688520416617,116.43688520416617,0,0.9909283039762075,0.9863142688917488,0.004614035084458585,290.31241301824974,246.307876,44.00453701824975,424.878174,134.56576098175026,31.934720929712057,196.87312515452504,0.11976482346653938,345.2311458531767,0.13335025869309902,-79.51367788813019,-49.43475084547495,-11.950051265071153,-18.128875777584085,True,True,True,True,False,obqa|1851|policy_C,obqa|1851|reference_C
obqa,C,9-844,9-844,0.8,R,1,1,C,C,True,True,228.73738408088684,275.7680951617658,-47.03071108087897,47.03071108087897,0,0.9909358420793729,0.9890721598742563,0.0018636822051166164,286.35940187371216,244.413028,41.94637387371218,342.8552,56.495798126287866,32.441521063447,196.17977505549788,0.11608796194195747,275.6471170578152,0.1209781039506197,-67.08710483823421,-48.23325294450211,-9.388764848323227,-9.465087045408893,True,True,True,True,False,obqa|9-844|policy_C,obqa|9-844|reference_C
obqa,C,1655,1655,0.8,R,1,1,C,C,True,True,228.293509921059,405.2298970054835,-176.9363870844245,176.9363870844245,0,0.9909534314450017,0.9839419874657731,0.007011443979228573,289.4941482220118,245.193702,44.30044622201181,505.321366,215.8272177779882,32.259237952530384,195.91759401373565,0.11667795479297638,405.1026189699769,0.1272780355066061,-100.0914689945165,-49.27610798626435,-11.924530314688447,-38.890830693563714,True,True,True,True,False,obqa|1655|policy_C,obqa|1655|reference_C
obqa,C,383,383,0.8,R,1,1,D,D,True,True,228.48600195720792,211.27012488432229,17.215877072885633,-17.215877072885633,0,0.9909458035785682,0.9916280157545873,-0.0006822121760191011,287.86959506997596,245.540556,42.32903906997597,264.090348,-23.779247069975952,32.39362104795873,195.97596302628517,0.11641788296401501,211.15836594253778,0.11175894178450108,-52.82022311567772,-49.56459297371484,-9.819000139053223,6.563369997090319,True,True,True,True,False,obqa|383|policy_C,obqa|383|reference_C
obqa,C,919,919,0.8,C,0,0,D,D,True,True,244.21621300280094,211.65173104964197,32.564481953158975,-32.564481953158975,0,-0.00967753622928601,-0.008387106122231603,-0.0012904301070544078,309.38919911996175,263.992482,45.396717119961735,263.992482,-45.39671711996175,32.401625998318195,211.7041691672057,0.11041783727705479,211.5402021445334,0.11152890510857105,-52.34075095035803,-52.288312832794304,-12.884673284366485,12.832235166802775,True,True,True,True,False,obqa|919|policy_C,obqa|919|reference_C
obqa,C,14-45,14-45,0.8,R,1,1,C,C,True,True,260.64579491503537,275.1853819936514,-14.539587078616023,14.539587078616023,0,0.9896714100497809,0.9890952510020989,0.0005761590476818651,327.28271488296417,285.438773,41.84394188296413,342.072892,14.790177117035853,32.79551398009062,227.73165721446276,0.11862372048199177,275.0687829684466,0.11659902520477772,-66.88751000634863,-57.70711578553727,-8.929804182391521,-0.25059003841982985,True,True,True,True,False,obqa|14-45|policy_C,obqa|14-45|reference_C
obqa,C,11-131,11-131,0.8,R,1,0,B,D,True,True,228.13938185572624,308.0391969997436,-79.89981514401734,79.89981514401734,1,0.9909595390654494,-0.012206644482571676,1.003166183548021,287.78695016034976,245.851805,41.93514516034973,382.446415,94.65946483965024,32.325423089787364,195.69576694630086,0.11819181963801384,307.9159951303154,0.1232018694281578,-74.40721800025642,-50.15603805369915,-9.491530250924349,-14.759649695632902,True,True,True,True,False,obqa|11-131|policy_C,obqa|11-131|reference_C
obqa,C,11-559,11-559,0.8,R,1,1,D,D,True,True,260.9915130306035,210.92733182013035,50.06418121047318,-50.06418121047318,0,0.9896577103058228,0.9916415995877697,-0.0019838892819468027,328.48579799417377,286.307934,42.17786399417376,261.476031,-67.00976699417379,32.44186099618673,228.4345650114119,0.11508702300488949,210.8121959026903,0.1151359174400568,-50.54869917986963,-57.87336898858808,-9.62091597498214,16.945585783700608,True,True,True,True,False,obqa|11-559|policy_C,obqa|11-559|reference_C
obqa,C,12-1066,12-1066,0.8,R,1,1,C,C,True,True,283.19537406787276,342.41050598211586,-59.2151319142431,59.2151319142431,0,0.9887778396904524,0.9864313264210183,0.0023465132694341856,329.9796542106034,285.745822,44.233832210603474,423.168686,93.18903178939655,32.443884992972016,250.6293198093772,0.1221692655235529,342.2863041050732,0.12420187704265118,-80.75818001788411,-35.11650219062278,-11.667777952107905,-33.97389987515345,True,True,True,True,False,obqa|12-1066|policy_C,obqa|12-1066|reference_C
obqa,C,14-1299,14-1299,0.8,R,0,0,D,D,True,True,260.5991270393133,276.3034990057349,-15.704371966421604,15.704371966421604,0,-0.010326740646061603,-0.010949056530803806,0.0006223158847422042,328.8407869604781,287.213363,41.62742396047807,342.220951,13.380164039521901,32.31961210258305,228.1605820171535,0.1189329195767641,276.18440613150597,0.11909287422895432,-65.9174519942651,-59.052780982846514,-9.188878938318254,2.324207926899703,True,True,True,True,False,obqa|14-1299|policy_C,obqa|14-1299|reference_C
obqa,C,11-240,11-240,0.8,R,1,1,D,D,True,True,228.58955594711006,370.7811019849032,-142.19154603779316,142.19154603779316,0,0.9909417000529396,0.9853070870951867,0.005634612957752936,287.54330107250513,245.644714,41.898587072505116,382.988578,95.44527692749489,32.72959101013839,195.74177381582558,0.11819112114608288,370.6558970734477,0.12520491145551205,-12.207476015096802,-49.90294018417441,-9.05080494122064,46.74626911029827,True,True,True,True,False,obqa|11-240|policy_C,obqa|11-240|reference_C
obqa,C,14-491,14-491,0.8,R,1,1,B,B,True,True,228.14733581617475,243.60428494401276,-15.456949127838016,15.456949127838016,0,0.9909592238744985,0.9903467125946795,0.0006125112798189513,287.2842504551288,245.551818,41.73243245512879,302.124573,14.840322544871185,32.27810398675501,195.75178297236562,0.11744885705411434,243.48639394156635,0.11789100244641304,-58.52028805598724,-49.80003502763438,-9.33687961131966,0.6166265829668305,True,True,True,True,False,obqa|14-491|policy_C,obqa|14-491|reference_C
obqa,C,10-916,10-916,0.8,R,0,0,B,C,True,True,228.7503071129322,179.5210239943117,49.229283118620515,-49.229283118620515,0,-0.0090646700205785,-0.0071138651781630455,-0.0019508048424154549,288.98327880912484,247.147963,41.83531580912483,221.907397,-67.07588180912484,31.86684288084507,196.76528312265873,0.11818110942840576,179.4119190890342,0.10910490527749062,-42.38637300568831,-50.382679877341275,-9.850291818851353,17.846598690504322,True,True,True,True,False,obqa|10-916|policy_C,obqa|10-916|reference_C
obqa,C,9-1064,9-1064,0.8,C,1,1,D,D,True,True,308.1473489291966,278.39643391780555,29.750915011391044,-29.750915011391044,0,0.987789069789619,0.9889680069057795,-0.00117893711616044,385.2491901143317,343.790937,41.458253114331725,343.790937,-41.45825311433174,32.27593004703522,275.7505208719522,0.12089801020920277,278.27157988213,0.12485403567552567,-65.39450308219443,-68.04041612804781,-9.061425057087305,11.707338102940696,True,True,True,True,False,obqa|9-1064|policy_C,obqa|9-1064|reference_C
obqa,C,14-223,14-223,0.8,C,0,0,D,D,True,True,340.3598298318684,307.3281329125166,33.031696919351816,-33.031696919351816,0,-0.013487411600120713,-0.01217846720318112,-0.0013089443969395923,424.81556888231074,382.774744,42.04082488231075,382.774744,-42.040824882310744,32.41970995441079,307.81279085204005,0.1273290254175663,307.2093890514225,0.11874386109411716,-75.4466110874834,-74.96195314795995,-9.493785902482394,9.009127962958928,True,True,True,True,False,obqa|14-223|policy_C,obqa|14-223|reference_C
obqa,C,11-141,11-141,0.8,R,1,1,A,A,True,True,228.56377810239792,179.4664110057056,49.097367096692324,-49.097367096692324,0,0.9909427215495186,0.9928882989663437,-0.0019455774168250879,289.8709069466195,245.7963,44.07460694661951,221.817077,-68.05382994661952,32.616689102724195,195.8302699495107,0.11681905016303062,179.36024093069136,0.10617007501423359,-42.35066599429442,-49.96603005048931,-11.341098793732286,18.956462849927192,True,True,True,True,False,obqa|11-141|policy_C,obqa|11-141|reference_C
obqa,C,10-347,10-347,0.8,C,1,1,C,C,True,True,376.5500399749726,403.65144703537226,-27.10140706039965,27.10140706039965,0,0.985078481853475,0.984004536575777,0.0010739452776979933,467.94662412432507,423.385736,44.56088812432504,423.385736,-44.56088812432506,32.76424505747855,343.6086031142622,0.17719180323183537,403.5172751173377,0.13417191803455353,-19.73428896462775,-79.77713288573779,-11.619451263614657,71.66229518472471,True,True,True,True,False,obqa|10-347|policy_C,obqa|10-347|reference_C
obqa,C,12-306,12-306,0.8,R,1,1,D,D,True,True,260.96778898499906,180.14966207556427,80.8181269094348,-80.8181269094348,0,0.9896586504166698,0.9928612238311553,-0.0032025734144854653,330.340392259676,286.444091,43.89630125967598,221.826074,-108.51431825967597,32.65738603658974,228.19251101464033,0.11789193376898766,180.0442838575691,0.10537821799516678,-41.67641192443574,-58.25157998535968,-11.12102328931725,27.69619135024118,True,True,True,True,False,obqa|12-306|policy_C,obqa|12-306|reference_C
obqa,C,13-71,13-71,0.8,R,1,1,A,A,True,True,228.68772107176483,275.59067215770483,-46.90295108594,46.90295108594,0,0.9909378100714408,0.9890791906013673,0.0018586194700734638,293.2509480078602,245.377028,47.873920007860185,341.538823,48.28787499213979,32.668736996129155,195.8998399786651,0.11914409697055817,275.4736829083413,0.1169892493635416,-65.94815084229515,-49.47718802133488,-15.086038914760472,-1.3849239061997878,True,True,True,True,False,obqa|13-71|policy_C,obqa|13-71|reference_C
obqa,C,10-415,10-415,0.8,R,1,1,B,B,True,True,229.40323315560818,248.51821991614997,-19.114986760541797,19.114986760541797,0,0.9909094565316461,0.9901519884887879,0.0007574680428581703,292.0900323220657,246.289571,45.80046132206571,304.065949,11.975916677934265,32.35575999133289,196.929280878976,0.11819228529930115,248.40192194096744,0.11629797518253326,-55.547729083850015,-49.36029012102401,-13.326509045433518,7.139070082607532,True,True,True,True,False,obqa|10-415|policy_C,obqa|10-415|reference_C
obqa,C,10-184,10-184,0.8,R,1,1,C,C,True,True,228.39468088932335,180.96839706413448,47.426283825188875,-47.426283825188875,0,0.9909494223511799,0.9928287798856176,-0.0018793575344377424,289.42767200463175,245.218119,44.20955300463176,221.070227,-68.35744500463176,32.51741291023791,195.7632740959525,0.11399388313293457,180.86024397052824,0.1081530936062336,-40.10182993586551,-49.45484490404749,-11.578146211260915,20.93116117944288,True,True,True,True,False,obqa|10-184|policy_C,obqa|10-184|reference_C
obqa,C,11-57,11-57,0.8,R,1,1,A,A,True,True,229.06729206442833,372.94919695705175,-143.88190489262342,143.88190489262342,0,0.9909227688422451,0.9852211721701147,0.005701596672130354,291.11153085016036,246.769398,44.34213285016036,382.508241,91.39671014983963,32.27405599318445,196.67585496790707,0.11738110333681107,372.82930314540863,0.11989381164312363,-9.559044042948244,-50.093543032092924,-11.950695753639103,52.48519474278379,True,True,True,True,False,obqa|11-57|policy_C,obqa|11-57|reference_C
obqa,C,11-747,11-747,0.8,C,1,1,D,D,True,True,335.67118598148227,278.5522360354662,57.11894994601607,-57.11894994601607,0,0.9866983849126104,0.9889618329477947,-0.0022634480351843185,387.79951098017045,343.324346,44.47516498017049,343.324346,-44.47516498017046,32.41531201638281,303.13572008162737,0.120153883472085,278.4282430075109,0.12399302795529366,-64.7721099645338,-40.18862591837262,-11.939699080315592,-12.643784965845612,True,True,True,True,False,obqa|11-747|policy_C,obqa|11-747|reference_C
obqa,C,12-1159,12-1159,0.8,C,0,0,D,D,True,True,285.04035412333906,248.91563598066568,36.12471814267337,-36.12471814267337,0,-0.011295271185805714,-0.009863759885634754,-0.001431511300170958,344.37859026843296,302.431382,41.94720826843297,302.431382,-41.94720826843297,33.8813909329474,251.03848706930876,0.12047612108290195,248.79739410243928,0.11824187822639942,-53.5157460193343,-51.39289493069123,-7.945341214402674,5.8224901257596,True,True,True,True,False,obqa|12-1159|policy_C,obqa|12-1159|reference_C
obqa,C,14-595,14-595,0.8,R,1,1,D,D,True,True,261.0800489783287,276.0769338347018,-14.996884856373072,14.996884856373072,0,0.9896542018989437,0.9890599215490051,0.0005942803499385874,330.8339950388328,286.803509,44.030486038832784,343.198688,12.36469296116718,32.32419118285179,228.64054096862674,0.11531682685017586,275.9618381969631,0.11509563773870468,-67.12175416529823,-58.16296803137328,-11.590978029130817,2.6321918952058923,True,True,True,True,False,obqa|14-595|policy_C,obqa|14-595|reference_C
obqa,C,10-58,10-58,0.8,R,1,1,A,A,True,True,228.89242391102016,183.25738003477454,45.63504387624562,-45.63504387624562,0,0.9909296983284948,0.9927380745415529,-0.0018083762130582156,287.944750203099,245.451419,42.49333120309901,222.752203,-65.19254720309897,32.45671885088086,196.3205891661346,0.11511589400470257,183.14948794431984,0.10789209045469761,-39.49482296522547,-49.13082983386539,-9.921496458213447,19.55750332685335,True,True,True,True,False,obqa|10-58|policy_C,obqa|10-58|reference_C
obqa,C,9-400,9-400,0.8,R,1,1,B,B,True,True,228.75034902244806,502.2586949635297,-273.50834594108164,273.50834594108164,0,0.9909353283186765,0.9800970350935393,0.010838293225137153,290.82675381879625,246.282479,44.544274818796275,626.625993,335.79923918120375,32.07951202057302,196.55613112263381,0.1147058792412281,502.1248839329928,0.13381103053689003,-124.36729803647029,-49.72634787736618,-12.350056918982027,-62.2908932401221,True,True,True,True,False,obqa|9-400|policy_C,obqa|9-400|reference_C
obqa,C,11-666,11-666,0.8,R,1,1,B,B,True,True,231.84947902336717,340.6316200271249,-108.78214100375772,108.78214100375772,0,0.9908125193434066,0.9865018181916732,0.004310701151733487,289.47677704394164,245.527994,43.94878304394162,346.767612,57.29083495605835,32.45517611503601,199.272956000641,0.12134690769016743,340.5143490526825,0.11727097444236279,-6.135991972875104,-46.25503799935902,-11.372260021215439,51.49130604769937,True,True,True,True,False,obqa|11-666|policy_C,obqa|11-666|reference_C
obqa,C,8-323,8-323,0.8,C,1,1,D,D,True,True,405.219767941162,373.5674279741943,31.652339966967702,-31.652339966967702,0,0.9839423888493902,0.9851966735793254,-0.0012542847299351675,508.58494112716915,464.296369,44.28857212716913,464.296369,-44.28857212716912,32.03936596401036,373.05403500795364,0.1263669691979885,373.43166302889585,0.1357649452984333,-90.72894102580574,-91.24233399204638,-12.122839193960786,12.636232160201416,True,True,True,True,False,obqa|8-323|policy_C,obqa|8-323|reference_C
obqa,C,14-948,14-948,0.8,R,1,1,B,B,True,True,228.7711570970714,276.6708468552679,-47.89968975819647,47.89968975819647,0,0.9909345037587771,0.9890363866055102,0.0018981171532669288,287.3411481267877,245.544666,41.796482126787666,341.56565,54.22450187321232,32.3874200694263,196.26903207972646,0.11470494791865349,276.55491000041366,0.11593685485422611,-64.89480314473212,-49.27563392027355,-9.294357109442714,-6.324812115015845,True,True,True,True,False,obqa|14-948|policy_C,obqa|14-948|reference_C
obqa,C,11-693,11-693,0.8,R,1,1,B,B,True,True,229.16036588139832,244.563153013587,-15.402787132188678,15.402787132188678,0,0.9909190806135864,0.9903087156068124,0.0006103650067738407,287.2863260038725,245.543894,41.742432003872516,302.311197,15.024870996127504,32.40482183173299,196.6399080120027,0.11563603766262531,244.44381007924676,0.11934293434023857,-57.748043986412995,-48.90398598799729,-9.221974134476902,0.3779161360611738,True,True,True,True,False,obqa|11-693|policy_C,obqa|11-693|reference_C
obqa,C,10-741,10-741,0.8,R,1,1,A,A,True,True,228.53990318253636,307.7057800255716,-79.16587684303522,79.16587684303522,0,0.9909436676390476,0.9878065678050456,0.0031370998340019343,287.95072100121604,245.603837,42.346884001216054,382.821842,94.87112099878397,32.33925881795585,196.08703115954995,0.1136132050305605,307.58754909038544,0.11823093518614769,-75.11606197442842,-49.51680584045005,-9.894011978229642,-15.705244155748744,True,True,True,True,False,obqa|10-741|policy_C,obqa|10-741|reference_C
obqa,C,7-647,7-647,0.8,R,1,1,A,A,True,True,228.46506303176284,179.50588394887745,48.959179082885385,-48.959179082885385,0,0.9909466333236826,0.9928867347751996,-0.0019401014515170254,287.0066763766252,245.375667,41.63100937662518,221.368224,-65.6384523766252,32.36218192614615,195.9870329592377,0.11584814637899399,179.39832294359803,0.1075610052794218,-41.862340051122544,-49.3886340407623,-9.152979304100036,16.67927329373981,True,True,True,True,False,obqa|7-647|policy_C,obqa|7-647|reference_C
obqa,C,7-104,7-104,0.8,R,1,1,A,A,True,True,228.90476207248867,342.8809689357877,-113.97620686329901,113.97620686329901,0,0.9909292094051626,0.9864126834233945,0.004516525981768142,287.8066460456133,246.870158,40.93648804561329,422.420496,134.6138499543867,31.98496508412063,196.80371996946633,0.11607701890170574,342.74880099110305,0.13216794468462467,-79.53952706421234,-50.066438030533675,-8.835445942590951,-20.637643091087682,True,True,True,True,False,obqa|7-104|policy_C,obqa|7-104|reference_C
obqa,C,12-645,12-645,0.8,C,1,1,B,B,True,True,372.4648770876229,339.7485751193017,32.716301968321204,-32.716301968321204,0,0.9852403642746246,0.9865368105412082,-0.001296446266583695,464.5709750715612,423.316377,41.25459807156122,423.316377,-41.25459807156119,32.56041998974979,339.77289008907974,0.13156700879335403,339.61709891445935,0.13147620484232903,-83.56780188069831,-83.54348691092025,-8.562611073018076,8.538296103239986,True,True,True,True,False,obqa|12-645|policy_C,obqa|12-645|reference_C
obqa,C,10-1035,10-1035,0.8,C,0,0,D,D,True,True,277.57731499150395,243.11917810700834,34.458136884495616,-34.458136884495616,0,-0.010999533934413296,-0.009634064115709743,-0.001365469818703553,348.37133673382846,302.618827,45.752509733828425,302.618827,-45.75250973382845,32.71266492083669,244.74839307367802,0.11625699698925018,243.00220818258822,0.11696992442011833,-59.49964889299167,-57.870433926321994,-12.923587816002488,11.29437284933283,True,True,True,True,False,obqa|10-1035|policy_C,obqa|10-1035|reference_C
obqa,C,241,241,0.8,R,1,1,B,B,True,True,228.70354307815433,243.77813399769366,-15.074590919539332,15.074590919539332,0,0.9909371830940662,0.9903398234922127,0.0005973596018534389,289.707871211581,245.43545,44.27242121158099,301.983768,12.275896788419004,32.60364010930061,195.98519778810441,0.11470518074929714,243.66009212099016,0.11804187670350075,-58.20563400230634,-49.45025221189559,-11.55407592153108,2.798694131120328,True,True,True,True,False,obqa|241|policy_C,obqa|241|reference_C
obqa,C,10-783,10-783,0.8,R,1,1,C,C,True,True,228.9821458980441,179.96744019910693,49.01470569893718,-49.01470569893718,0,0.9909261429225317,0.9928684447227968,-0.001942301800265062,288.84340707652797,245.844502,42.998905076527954,222.080358,-66.76304907652798,32.4768228456378,196.39076804742217,0.1145550049841404,179.860858945176,0.10658125393092632,-42.11291780089306,-49.453733952577835,-10.407527225906016,17.7483433775908,True,True,True,True,False,obqa|10-783|policy_C,obqa|10-783|reference_C
obqa,C,9-795,9-795,0.8,C,1,1,B,B,True,True,340.3781650122255,243.71816986240447,96.65999514982104,-96.65999514982104,0,0.9865118618331621,0.9903421996861786,-0.0038303378530166413,345.93886885644605,301.919847,44.01902185644603,301.919847,-44.019021856446045,32.56015898659825,307.6992130372673,0.11879298835992813,243.59701410867274,0.1211557537317276,-58.20167713759554,5.779366037267323,-11.34006988148785,-52.640973293375,True,True,True,True,False,obqa|9-795|policy_C,obqa|9-795|reference_C
obqa,C,14-757,14-757,0.8,R,1,1,D,D,True,True,228.60822500661016,307.99926491454244,-79.39103990793228,79.39103990793228,0,0.9909409602556204,0.9877949379029567,0.003146022352663762,289.5863141752545,244.68949,44.896824175254466,381.674566,92.08825182474556,32.44261909276247,196.04881689883769,0.11678901500999928,307.88299697451293,0.11626794002950191,-73.67530108545759,-48.64067310116232,-12.337416067481996,-12.697211916813274,True,True,True,True,False,obqa|14-757|policy_C,obqa|14-757|reference_C
obqa,C,9-1040,9-1040,0.8,R,1,1,B,B,True,True,228.73929096385837,243.83662291802466,-15.097331954166293,15.097331954166293,0,0.9909357665154748,0.9903375057564713,0.0005982607590034409,287.66948784564926,245.507966,42.16152184564924,301.878429,14.208941154350725,32.413954846560955,196.2103801779449,0.11495593935251236,243.71832120232284,0.11830171570181847,-58.041806081975324,-49.29758582205511,-9.632611059735773,0.8883907998155678,True,True,True,True,False,obqa|9-1040|policy_C,obqa|9-1040|reference_C
obqa,C,10-580,10-580,0.8,R,1,1,C,C,True,True,260.7516429852694,339.6038329228759,-78.85218993760645,78.85218993760645,0,0.9896672156168155,0.9865425462285838,0.0031246693882317155,330.24518721557416,286.187309,44.05787821557414,382.293184,52.047996784425834,32.500867964699864,228.1340160407126,0.11675897985696793,339.480672031641,0.12316089123487473,-42.689351077124115,-58.05329295928743,-11.44025127101731,26.80419315318062,True,True,True,True,False,obqa|10-580|policy_C,obqa|10-580|reference_C
obqa,C,10-681,10-681,0.8,R,1,1,D,D,True,True,253.4240421373397,211.82750700972974,41.59653512760997,-41.59653512760997,0,0.9899575858662255,0.9916059284179364,-0.0016483425517109169,289.85508986419285,245.434358,44.420731864192845,261.692997,-28.162092864192857,35.844439174979925,217.46223280206323,0.11737016029655933,211.71589801087976,0.11160899884998798,-49.86548999027025,-27.972125197936776,-8.45892252891636,-13.434442263417111,True,True,True,True,False,obqa|10-681|policy_C,obqa|10-681|reference_C
obqa,C,14-1004,14-1004,0.8,C,0,0,D,D,True,True,269.3725498393178,211.09379106201231,58.278758777305484,-58.278758777305484,0,-0.010674404365672688,-0.008364996679219352,-0.002309407686453337,305.31069403585934,261.206038,44.10465603585935,261.206038,-44.104656035859364,36.182803101837635,233.07208600454032,0.11766073293983936,210.98140999674797,0.11238106526434422,-50.11224693798766,-28.133951995459654,-7.804192201081875,-14.17410274144612,True,True,True,True,False,obqa|14-1004|policy_C,obqa|14-1004|reference_C
obqa,C,14-456,14-456,0.8,R,1,1,C,C,True,True,273.43635098077357,340.0643370114267,-66.62798603065312,66.62798603065312,0,0.9891645597133641,0.9865242978701072,0.0026402618432569526,328.3031560638578,286.375315,41.92784106385779,346.598413,18.29525693614221,32.665987964719534,240.64976605586708,0.12059696018695831,339.9470071308315,0.11732988059520721,-6.534075988573306,-45.725548944132925,-9.141256138951299,48.33272909451091,True,True,True,True,False,obqa|14-456|policy_C,obqa|14-456|reference_C
obqa,C,9-1036,9-1036,0.8,R,1,1,D,D,True,True,229.330349015072,474.8575419653207,-245.52719295024872,245.52719295024872,0,0.9909123447056207,0.981182858379405,0.009729486326215685,290.67112996767685,246.672686,43.99844396767688,586.600102,295.92897203232314,32.100437209010124,197.1130019519478,0.11690985411405563,474.71628803759813,0.14125392772257328,-111.74256003467929,-49.55968404805219,-11.781096904552697,-50.40177908207443,True,True,True,True,False,obqa|9-1036|policy_C,obqa|9-1036|reference_C
obqa,C,11-737,11-737,0.8,C,0,0,D,D,True,True,244.49784285388887,211.11383801326156,33.38400484062731,-33.38400484062731,0,-0.009688696352742355,-0.008365791078144042,-0.0013229052745983127,303.5436728863782,261.981714,41.56195888637817,261.981714,-41.56195888637819,32.63373696245253,211.75177511759102,0.11233077384531498,211.0034809447825,0.11035706847906113,-50.867875986738454,-50.22993888240899,-8.815891150080326,8.17795404575088,True,True,True,True,False,obqa|11-737|policy_C,obqa|11-737|reference_C
obqa,C,12-541,12-541,0.8,R,1,1,A,A,True,True,229.48747500777245,179.65924204327166,49.828232964500785,-49.828232964500785,0,0.9909061182865463,0.9928806576663283,-0.001974539379782002,290.19974112068235,246.211034,43.988707120682356,221.520882,-68.67885912068235,32.708598067983985,196.66276802308857,0.11610891669988632,179.5523518230766,0.10689022019505501,-41.86163995672834,-49.54826597691144,-11.164000135998485,18.850626156181562,True,True,True,True,False,obqa|12-541|policy_C,obqa|12-541|reference_C
obqa,C,13-286,13-286,0.8,R,0,0,C,C,True,True,229.10378500819206,179.5801839325577,49.52360107563436,-49.52360107563436,0,-0.009078677260702193,-0.007116209504277428,-0.0019624677564247647,287.428004081522,245.829654,41.598350081521986,222.812231,-64.61577308152198,32.466174103319645,196.5186079032719,0.11900300160050392,179.472983116284,0.10720081627368927,-43.232047067442295,-49.31104609672809,-9.013172976601837,15.092172005887619,True,True,True,True,False,obqa|13-286|policy_C,obqa|13-286|reference_C
obqa,C,1894,1894,0.8,R,1,1,A,A,True,True,293.4199960436672,511.2590449862182,-217.83904894255102,217.83904894255102,0,0.9883726694178286,0.9797403789471277,0.008632290470700925,288.8845219022086,247.066008,41.818513902208565,627.81132,338.92679809779145,64.16596006602049,229.13574380800128,0.11829216964542866,511.12270005978644,0.1363449264317751,-116.55227501378181,-17.93026419199873,22.465738333457352,-121.08774915524043,True,True,True,True,False,obqa|1894|policy_C,obqa|1894|reference_C
obqa,C,1046,1046,0.8,C,1,1,A,A,True,True,212.17441698536277,179.09608501940966,33.07833196595311,-33.07833196595311,0,0.9915921814442354,0.9929029738444157,-0.0013107924001802016,265.6759099686581,223.028509,42.64740096865809,223.028509,-42.647400968658104,32.63809601776302,179.4260039459914,0.11031702160835266,178.98938595317304,0.10669906623661518,-43.93242398059036,-43.60250505400862,-9.898987929286719,9.569069002704992,True,True,True,True,False,obqa|1046|policy_C,obqa|1046|reference_C
obqa,C,7-229,7-229,0.8,R,0,0,C,C,True,True,262.4434258323163,179.9053840804845,82.53804175183177,-82.53804175183177,0,-0.010399824525986928,-0.007129096184382056,-0.0032707283416048725,330.00966030185486,286.437403,43.57225730185485,221.549376,-108.46028430185487,33.1436840351671,229.1824819985777,0.1172597985714674,179.79695997200906,0.1084241084754467,-41.643991919515486,-57.254921001422304,-10.311313468116282,25.9222425500231,True,True,True,True,False,obqa|7-229|policy_C,obqa|7-229|reference_C
obqa,C,12-401,12-401,0.8,R,1,1,B,B,True,True,228.4249709919095,243.44541877508163,-15.02044778317213,15.02044778317213,0,0.990948222047721,0.9903530079715774,0.0005952140761435847,289.2874178674569,245.342363,43.94505486745691,302.305066,13.017648132543115,32.439423026517034,195.86892006918788,0.1166278962045908,243.32890007644892,0.11651869863271713,-58.859647224918376,-49.473442930812126,-11.389003944735286,2.002799650629015,True,True,True,True,False,obqa|12-401|policy_C,obqa|12-401|reference_C
obqa,C,12-914,12-914,0.8,C,1,1,C,C,True,True,373.10185097157955,340.95534798689187,32.146502984687686,-32.146502984687686,0,0.9852151229617596,0.9864889898498503,-0.001273866888090669,468.1656311510843,424.465568,43.7000631510843,424.465568,-43.700063151084294,32.07244514487684,340.8945738337934,0.13483199290931225,340.82630509510636,0.12904289178550243,-83.51022001310815,-83.57099416620662,-11.49278601329815,11.553560166396608,True,True,True,True,False,obqa|12-914|policy_C,obqa|12-914|reference_C
obqa,C,11-430,11-430,0.8,R,1,1,B,B,True,True,228.78351411782205,312.0190240442753,-83.23550992645323,83.23550992645323,0,0.9909340140881097,0.9876356472312495,0.0032983668568601875,289.01761793835936,245.392348,43.62526993835938,382.707877,93.69025906164063,32.55260502919555,196.11658388748765,0.11432520113885403,311.8917350657284,0.12728897854685783,-70.68885295572471,-49.27576411251235,-10.95833970802498,-10.454749135187399,True,True,True,True,False,obqa|11-430|policy_C,obqa|11-430|reference_C
obqa,C,13-460,13-460,0.8,R,1,1,B,B,True,True,229.06584409065545,179.4062179978937,49.659626092761755,-49.659626092761755,0,0.9909228262209853,0.9928906842298226,-0.001967858008837386,287.4708730724592,245.957676,41.51319707245922,221.672349,-65.7985240724592,32.303989166393876,196.64718979038298,0.11466513387858868,179.29879599250853,0.10742200538516045,-42.266131002106306,-49.31048620961701,-9.094542772186756,16.138897979697447,True,True,True,True,False,obqa|13-460|policy_C,obqa|13-460|reference_C
obqa,C,11-629,11-629,0.8,C,1,1,D,D,True,True,281.68873698450625,247.92135297320783,33.76738401129842,-33.76738401129842,0,0.9888375430769696,0.9901756404871273,-0.0013380974101576365,348.2548756532636,303.572217,44.682658653263566,303.572217,-44.68265865326356,32.85234700888395,248.71680489741266,0.1195850782096386,247.79721000231802,0.12414297088980675,-55.65086402679219,-54.855412102587366,-11.710726566169974,10.91527464196514,True,True,True,True,False,obqa|11-629|policy_C,obqa|11-629|reference_C
obqa,C,13-516,13-516,0.8,R,1,1,B,B,True,True,228.3040250185877,179.80223009362817,48.50179492495954,-48.50179492495954,0,0.9909530147640777,0.992874991490358,-0.0019219767262803023,290.32872406540895,245.855283,44.47344106540894,221.416585,-68.91213906540895,32.4025338049978,195.78510313294828,0.11638808064162731,179.69507002271712,0.10716007091104984,-41.61435490637183,-50.070179867051706,-11.954519179769513,20.41034414044941,True,True,True,True,False,obqa|13-516|policy_C,obqa|13-516|reference_C
obqa,C,10-176,10-176,0.8,R,1,1,B,B,True,True,228.9890288375318,243.37463709525764,-14.385608257725835,14.385608257725835,0,0.9909258701728422,0.9903558128315105,0.0005700573413316383,290.586262104254,246.014323,44.57193910425401,302.130184,11.543921895745996,32.690173014998436,196.18377997539937,0.1150758471339941,243.24683588929474,0.12780120596289635,-58.755546904742346,-49.830543024600615,-11.766690242121577,2.841686361979839,True,True,True,True,False,obqa|10-176|policy_C,obqa|10-176|reference_C
obqa,C,12-116,12-116,0.8,R,1,1,C,C,True,True,228.1052020844072,370.7767007872462,-142.67149870283902,142.67149870283902,0,0.9909608935044982,0.9853072615010923,0.00565363200340602,291.7343589491982,247.141441,44.592917949198245,464.739736,173.00537705080177,32.287779031321406,195.70555305108428,0.11187000200152397,370.6470178440213,0.12968294322490692,-93.96303521275377,-51.435887948915706,-12.193268915875315,-30.333878347962752,True,True,True,True,False,obqa|12-116|policy_C,obqa|12-116|reference_C
obqa,C,11-694,11-694,0.8,C,0,0,D,D,True,True,276.08510782010853,243.8696341123432,32.21547370776534,-32.21547370776534,0,-0.010940402360857146,-0.009663802375470695,-0.0012765999853864508,347.0079712327373,302.336203,44.6717682327373,302.336203,-44.67176823273729,32.50536718405783,243.46361286006868,0.11612777598202229,243.7487170100212,0.12091710232198238,-58.46656888765682,-58.87259013993133,-12.050273272697446,12.456294524971952,True,True,True,True,False,obqa|11-694|policy_C,obqa|11-694|reference_C
obqa,C,8-133,8-133,0.8,C,1,1,A,A,True,True,211.51377796195447,178.7342568859458,32.77952107600868,-32.77952107600868,0,0.991618360533678,0.9929173119787571,-0.0012989514450790377,263.7359141037693,222.345268,41.3906461037693,222.345268,-41.390646103769285,32.00505883432925,179.38539804890752,0.12332107871770859,178.62727702595294,0.10697985999286175,-43.61101111405421,-42.959869951092486,-9.262266190722343,8.611125027760608,True,True,True,True,False,obqa|8-133|policy_C,obqa|8-133|reference_C
obqa,C,10-959,10-959,0.8,R,1,1,B,B,True,True,228.58509188517928,311.1140870023519,-82.5289951171726,82.5289951171726,0,0.9909418769499627,0.9876715070986218,0.0032703698513408936,290.44466087842557,246.39486,44.0498008784256,383.477983,93.03332212157443,32.43683883920312,196.03177509270608,0.1164779532700777,310.9905750025064,0.12351199984550476,-72.36389599764811,-50.36308490729391,-11.496484085952403,-10.50432700440183,True,True,True,True,False,obqa|10-959|policy_C,obqa|10-959|reference_C
obqa,C,14-1056,14-1056,0.8,R,1,1,C,C,True,True,261.4305259194225,243.74544201418757,17.685083905234933,-17.685083905234933,0,0.9896403135773894,0.9903411189748136,-0.0007008053974242532,327.99373911444667,286.458609,41.53513011444664,301.821217,-26.17252211444668,32.756648026406765,228.5569990053773,0.11687888763844967,243.6285619623959,0.11688005179166794,-58.075774985812416,-57.90160999462273,-8.661603200401423,8.487438209211746,True,True,True,True,False,obqa|14-1056|policy_C,obqa|14-1056|reference_C
obqa,C,10-380,10-380,0.8,R,1,1,D,D,True,True,228.597825858742,375.6428880151361,-147.04506215639412,147.04506215639412,0,0.9909413723418166,0.9851144294912213,0.0058269428505952495,290.981248035907,245.588426,45.39282203590703,462.270471,171.28922296409297,32.59602701291442,195.88685291819274,0.11494592763483524,375.51711103878915,0.1257769763469696,-86.62758298486386,-49.701573081807254,-12.681849095357776,-24.244160807698847,True,True,True,True,False,obqa|10-380|policy_C,obqa|10-380|reference_C
obqa,C,11-523,11-523,0.8,R,0,0,B,B,True,True,228.26855792663991,244.39173401333392,-16.123176086694002,16.123176086694002,0,-0.009045579784322485,-0.00968449158625248,0.0006389118019299951,288.1498538416214,245.709946,42.4399078416214,302.075437,13.925583158378629,32.272729789838195,195.88337722234428,0.11245091445744038,244.27817109972239,0.11356291361153126,-57.683702986666106,-49.82656877765572,-10.054727137325763,2.1975929283153732,True,True,True,True,False,obqa|11-523|policy_C,obqa|11-523|reference_C
obqa,C,12-352,12-352,0.8,R,1,1,C,C,True,True,228.69098000228405,214.25739279948175,14.4335872028023,-14.4335872028023,0,0.9909376809300632,0.9915096395291922,-0.0005719585991290274,287.7497887092479,245.928348,41.821440709247945,261.9545,-25.795288709247927,32.232193974778056,196.34333904832602,0.11544697917997837,214.14370997808874,0.113682821393013,-47.697107200518246,-49.585008951673984,-9.47379975528991,11.361701506445627,True,True,True,True,False,obqa|12-352|policy_C,obqa|12-352|reference_C
obqa,C,14-754,14-754,0.8,R,1,1,D,D,True,True,227.7483029756695,370.658690109849,-142.91038713417947,142.91038713417947,0,0.9909750363167732,0.9853119379007134,0.005663098416059909,289.8293811577289,245.569972,44.25940915772891,462.136448,172.30706684227107,32.197048887610435,195.43573702685535,0.11551706120371819,370.5344470217824,0.12424308806657791,-91.477757890151,-50.13423497314466,-11.946843208914757,-29.396679708091597,True,True,True,True,False,obqa|14-754|policy_C,obqa|14-754|reference_C
obqa,C,12-1046,12-1046,0.8,R,1,1,D,D,True,True,228.37974689900875,243.7170590274036,-15.337312128394842,15.337312128394842,0,0.9909500141392129,0.9903422437051479,0.0006077704340649427,290.0283861952088,246.122065,43.90632119520879,301.347753,11.31936680479123,32.31805609539151,195.94623381271958,0.11545699089765549,243.60005999915302,0.11699902825057507,-57.63069397259642,-50.17583118728041,-11.472808108919622,4.0179453236036125,True,True,True,True,False,obqa|12-1046|policy_C,obqa|12-1046|reference_C
obqa,C,11-442,11-442,0.8,C,1,1,D,D,True,True,355.62781104817986,317.2969399020076,38.330871146172285,-38.330871146172285,0,0.9859075653362909,0.987426499684081,-0.001518934347790094,425.12746202339576,381.957672,43.16979002339578,381.957672,-43.16979002339576,32.4483688455075,323.0476141907275,0.13182801194489002,317.16802692972124,0.12891297228634357,-64.66073209799242,-58.91005780927253,-10.589593165943384,4.8389188772234775,True,True,True,True,False,obqa|11-442|policy_C,obqa|11-442|reference_C
obqa,C,11-564,11-564,0.8,R,1,1,D,D,True,True,290.2865179348737,275.79725603573024,14.489261899143457,-14.489261899143457,0,0.9884968395028064,0.9890710043186492,-0.0005741648158427797,330.80560906944584,289.197911,41.607698069445846,341.118689,10.313079930554181,36.01764305494726,254.14359010756016,0.12528477236628532,275.67969588562846,0.11756015010178089,-65.32143296426977,-35.05432089243982,-5.464770242132303,-24.80234182969764,True,True,True,True,False,obqa|11-564|policy_C,obqa|11-564|reference_C
obqa,C,12-1146,12-1146,0.8,R,1,1,D,D,True,True,262.07827986218035,377.8298548422754,-115.75157498009503,115.75157498009503,0,0.9896146450840013,0.9850277667326696,0.004586878351331811,332.29014774822735,287.644268,44.64587974822736,467.880554,135.59040625177266,32.02258097007871,229.9412339925766,0.11446489952504635,377.7037989348173,0.12605590745806694,-90.05069915772464,-57.70303400742341,-12.508833878623605,-19.838831271677634,True,True,True,True,False,obqa|12-1146|policy_C,obqa|12-1146|reference_C
obqa,C,12-605,12-605,0.8,R,1,1,C,C,True,True,229.0159580297768,474.7308921068907,-245.71493407711387,245.71493407711387,0,0.9909248030519071,0.981187877123158,0.009736925928749132,291.34955077757934,247.816965,43.53258577757931,585.301021,293.95147022242065,31.94487513974309,196.9567988999188,0.11428399011492729,474.59943499416113,0.1314571127295494,-110.57012889310931,-50.860166100081216,-11.47342664772129,-48.236536145306786,True,True,True,True,False,obqa|12-605|policy_C,obqa|12-605|reference_C
obqa,C,14-311,14-311,0.8,R,1,1,D,D,True,True,232.2895780671388,276.9048430491239,-44.61526498198509,44.61526498198509,0,0.9907950795739981,0.9890271140571576,0.0017679655168406213,290.65603194425216,245.858407,44.797624944252135,342.682863,52.026831055747834,32.581589883193374,199.58718097768724,0.12080720625817776,276.7809610813856,0.12388196773827076,-65.77801995087611,-46.27122602231276,-12.095227854800584,-7.411566073762742,True,True,True,True,False,obqa|14-311|policy_C,obqa|14-311|reference_C
obqa,C,13-9,13-9,0.8,R,1,1,C,C,True,True,261.3551029935479,179.25822897814214,82.09687401540577,-82.09687401540577,0,0.9896433023556064,0.9928965485788049,-0.003253246223198566,331.6680999011067,287.558025,44.110074901106714,221.802603,-109.8654969011067,31.876627122983336,229.36092596501112,0.11754990555346012,179.1519799735397,0.10624900460243225,-42.54437402185786,-58.19709903498887,-12.115897872569917,27.76862288570092,True,True,True,True,False,obqa|13-9|policy_C,obqa|13-9|reference_C
obqa,C,13-492,13-492,0.8,R,1,1,A,A,True,True,228.29927410930395,310.97878189757466,-82.67950778827071,82.67950778827071,0,0.9909532030279777,0.9876768688231257,0.0032763342048521076,289.7459822264459,245.686892,44.05909022644591,382.378757,92.6327747735541,32.52141713164747,195.66187006421387,0.1159869134426117,310.8589069452137,0.11987495236098766,-71.39997510242534,-50.02502193578613,-11.421686181355831,-9.953266985283392,True,True,True,True,False,obqa|13-492|policy_C,obqa|13-492|reference_C
obqa,C,13-376,13-376,0.8,R,1,1,C,C,True,True,236.87455500476062,179.74553303793073,57.129021966829896,-57.129021966829896,0,0.9906133910616808,0.9928772382200237,-0.0022638471583429714,288.9025679807331,244.853128,44.049439980733155,221.787254,-67.11531398073313,32.44451293721795,204.31183092296124,0.11821114458143711,179.63802115991712,0.10751187801361084,-42.04172096206926,-40.54129707703876,-11.486715898933767,9.986292013903238,True,True,True,True,False,obqa|13-376|policy_C,obqa|13-376|reference_C
obqa,C,13-804,13-804,0.8,R,1,1,B,B,True,True,228.76014886423945,308.2224919926375,-79.46234312839806,79.46234312839806,0,0.990934939981134,0.9877860921014882,0.00314884787964593,287.5224211357284,245.422894,42.09952713572836,381.96141,94.43898886427161,32.58940507657826,196.05414499528706,0.11659879237413406,308.101134840399,0.1213571522384882,-73.73891800736249,-49.36874900471295,-9.393523266775965,-14.976645735873547,True,True,True,True,False,obqa|13-804|policy_C,obqa|13-804|reference_C
obqa,C,14-216,14-216,0.8,C,0,0,D,D,True,True,248.66632907651365,216.2970770150423,32.36925206147134,-32.36925206147134,0,-0.009853880620996765,-0.00857118687315707,-0.0012826937478396944,306.4284212991748,262.449554,43.97886729917479,262.449554,-43.978867299174794,32.052528113126755,216.50216192938387,0.11163903400301933,216.1871800199151,0.10989699512720108,-46.15247698495767,-45.947392070616104,-11.814700152045013,11.609615237703451,True,True,True,True,False,obqa|14-216|policy_C,obqa|14-216|reference_C
obqa,C,14-745,14-745,0.8,R,1,1,B,B,True,True,228.8248490076512,243.286469951272,-14.461620943620801,14.461620943620801,0,0.9909323761137552,0.9903593066238336,0.000573069489921566,287.73971011271954,245.788364,41.951346112719534,304.169802,16.43009188728047,32.45905018411577,196.24611595645547,0.11968286707997322,243.1716041173786,0.11486583389341831,-60.88333204872799,-49.54224804354453,-9.372613061523793,-1.9684709436596677,True,True,True,True,False,obqa|14-745|policy_C,obqa|14-745|reference_C
obqa,C,14-877,14-877,0.8,R,1,1,B,B,True,True,228.63572603091598,243.49905783310533,-14.86333180218935,14.86333180218935,0,0.9909398704747423,0.9903508824209396,0.0005889880538027042,289.75681402357566,245.609677,44.14713702357567,303.818959,14.06214497642435,32.56207308731973,195.9563628770411,0.1172900665551424,243.37298213504255,0.12607569806277752,-60.31990116689468,-49.6533141229589,-11.467773869700792,0.8011868257650008,True,True,True,True,False,obqa|14-877|policy_C,obqa|14-877|reference_C
obqa,C,10-354,10-354,0.8,R,1,1,A,A,True,True,229.33389386162162,180.48304598778486,48.850847873836756,-48.850847873836756,0,0.9909122042342716,0.9928480128536812,-0.0019358086194096074,293.19832610305366,245.918499,47.27982710305369,221.543203,-71.65512310305365,32.63872698880732,196.57800788991153,0.11715898290276527,180.37813901901245,0.10490696877241135,-41.06015701221514,-49.340491110088465,-14.523941131343605,22.8042752292169,True,True,True,True,False,obqa|10-354|policy_C,obqa|10-354|reference_C
obqa,C,14-362,14-362,0.8,R,1,1,D,D,True,True,229.42213993519545,307.9580869525671,-78.53594701737165,78.53594701737165,0,0.9909087073142121,0.9877965696587437,0.0031121376554683693,287.4524670513242,245.981969,41.47049805132425,382.958993,95.5065259486758,32.57298399694264,196.73494203016162,0.11421390809118748,307.8362678643316,0.12181908823549747,-75.00090604743292,-49.24702696983837,-8.783300146290422,-16.970578931304146,True,True,True,True,False,obqa|14-362|policy_C,obqa|14-362|reference_C
obqa,C,12-242,12-242,0.8,C,0,0,C,C,True,True,372.48451192863286,339.9569939356297,32.52751799300313,-32.52751799300313,0,-0.014760413793640797,-0.013471448454462312,-0.0012889653391784848,465.22024091881696,424.249069,40.97117191881692,424.249069,-40.971171918816935,32.2521619964391,340.10218596085906,0.13016397133469582,339.82676919549704,0.13022474013268948,-84.2920750643703,-84.14688303914096,-8.588845951043126,8.443653925813805,True,True,True,True,False,obqa|12-242|policy_C,obqa|12-242|reference_C
obqa,C,10-616,10-616,0.8,R,1,1,D,D,True,True,261.3735080230981,275.6257839500904,-14.252275926992297,14.252275926992297,0,0.9896425730209808,0.9890777992291946,0.0005647737917861618,328.63398686626266,286.72396,41.910026866262676,342.481031,13.847044133737313,32.38145401701331,228.87695813551545,0.11509587056934834,275.5073031876236,0.11848076246678829,-66.85524704990956,-57.847001864484525,-9.413476978680016,0.40523179325498404,True,True,True,True,False,obqa|10-616|policy_C,obqa|10-616|reference_C
obqa,C,14-1328,14-1328,0.8,R,0,0,D,D,True,True,260.9387419652194,276.2349680997431,-15.29622613452375,15.29622613452375,0,-0.01034019853941377,-0.010946340862104309,0.0006061423226905387,333.76340413731344,291.496341,42.267063137313485,342.82979,9.066385862686559,32.474108040332794,228.34487003274262,0.11976389214396477,276.1150221340358,0.1199459657073021,-66.59482190025687,-63.15147096725735,-9.673191204836726,6.22984027183719,True,True,True,True,False,obqa|14-1328|policy_C,obqa|14-1328|reference_C
obqa,C,13-438,13-438,0.8,C,0,0,D,D,True,True,308.1790409050882,274.528447072953,33.6505938321352,-33.6505938321352,0,-0.012212186065760511,-0.010878716690638631,-0.0013334693751218794,386.5084528767898,342.163672,44.344780876789805,342.163672,-44.3447808767898,32.61277778074145,275.44706012122333,0.1192030031234026,274.4089129846543,0.1195340882986784,-67.63522492704703,-66.71661187877669,-11.61280009292495,10.694187044654598,True,True,True,True,False,obqa|13-438|policy_C,obqa|13-438|reference_C
obqa,C,12-1208,12-1208,0.8,C,0,0,D,D,True,True,244.00903494097292,210.56486712768674,33.444167813286185,-33.444167813286185,0,-0.009669326400894188,-0.008344037053017494,-0.0013252893478766952,306.11865696991265,262.882913,43.23574396991265,262.882913,-43.235743969912676,32.70085295662284,211.19426796212792,0.11391402222216129,210.4501419235021,0.11472520418465137,-52.318045872313235,-51.68864503787205,-10.420976991067647,9.79157615662649,True,True,True,True,False,obqa|12-1208|policy_C,obqa|12-1208|reference_C
obqa,C,10-351,10-351,0.8,C,1,1,C,C,True,True,372.58045095950365,340.31570609658957,32.264744862914085,-32.264744862914085,0,0.9852357844380997,0.9865143368875882,-0.001278552449488436,465.678071220379,422.833296,42.84477522037899,422.833296,-42.844775220379006,32.814946956932545,339.6336070727557,0.13189692981541157,340.1853118557483,0.1303942408412695,-82.51758990341045,-83.19968892724432,-9.897931333631035,10.58003035746492,True,True,True,True,False,obqa|10-351|policy_C,obqa|10-351|reference_C
arc,T,Mercury_7207358,Mercury_7207358,0.95,R,1,1,C,C,True,True,229.35439296998084,852.3078840225935,-622.9534910526127,622.9534910526127,0,0.9914080403919346,0.9680712681438969,0.023336772248037714,291.1782559881537,248.045802,43.1324539881537,1060.324284,769.1460280118463,32.39746391773224,196.83280610479414,0.12412294745445251,852.1944610401988,0.11342298239469528,-208.01639997740654,-51.212995895205864,-10.610867122967008,-146.19253695923362,True,True,True,True,False,arc|Mercury_7207358|policy_T,arc|Mercury_7207358|reference_T
arc,T,Mercury_SC_LBS10915,Mercury_SC_LBS10915,0.95,R,1,1,B,B,True,True,261.5752660203725,778.4110668580979,-516.8358008377254,516.8358008377254,0,0.9902009981539348,0.9708395537652019,0.0193614443887329,329.3475168687613,288.301965,41.0455518687613,967.458551,638.1110341312387,31.996502075344324,229.46109296754003,0.11767097748816013,778.2945882063359,0.11647865176200867,-189.04748414190215,-58.84087203245997,-8.931378815928817,-121.27523329351334,True,True,True,True,False,arc|Mercury_SC_LBS10915|policy_T,arc|Mercury_SC_LBS10915|reference_T
arc,T,Mercury_177398,Mercury_177398,0.95,R,1,1,B,B,True,True,228.3862279728055,735.6310619506985,-507.244833977893,507.244833977893,0,0.991444309305043,0.9724421569219913,0.019002152383051717,287.79681889229164,246.308752,41.48806689229166,915.86549,628.0686711077084,32.27042593061924,196.00053620524704,0.11526583693921566,735.5190021917224,0.11205975897610188,-180.23442804930153,-50.308215794752954,-9.102375124733207,-120.82383712981539,True,True,True,True,False,arc|Mercury_177398|policy_T,arc|Mercury_177398|reference_T
arc,T,Mercury_SC_400655,Mercury_SC_400655,0.95,R,1,1,A,A,True,True,234.92488986812532,991.0244250204414,-756.0995351523161,756.0995351523161,0,0.9911993612220005,0.9628747384337376,0.02832462278826294,290.40103105926664,247.41946,42.981571059266685,1215.136588,924.7355569407334,32.296685967594385,202.5075270794332,0.12067682109773159,990.9101109951735,0.11431402526795864,-224.11216297955866,-44.911932920566784,-10.564208270574568,-168.63602178841734,True,True,True,True,False,arc|Mercury_SC_400655|policy_T,arc|Mercury_SC_400655|reference_T
arc,T,Mercury_414131,Mercury_414131,0.95,R,1,1,C,C,True,True,269.0674760378897,712.9081198945642,-443.84064385667443,443.84064385667443,0,0.9899203287278467,0.9732933924173947,0.016626936310452176,328.9361477831144,287.055772,41.88037578311443,890.002304,561.0661562168856,33.3595578558743,235.58221315033734,0.12570503167808056,712.7920628990978,0.11605699546635151,-177.09418410543583,-51.47355884966265,-8.39511289556205,-117.22551236021116,True,True,True,True,False,arc|Mercury_414131|policy_T,arc|Mercury_414131|reference_T
arc,T,Mercury_7223038,Mercury_7223038,0.95,R,1,1,C,C,True,True,264.16252786293626,856.9366540759802,-592.7741262130439,592.7741262130439,0,0.9901040754442412,0.9678978674742227,0.022206207970018488,330.4520550250489,287.964959,42.48709602504885,1069.561877,739.1098219749513,31.96808905340731,231.94579198025167,0.248646829277277,856.821256922558,0.11539715342223644,-212.6252229240199,-56.01916701974835,-10.270360142364261,-146.33569576190735,True,True,True,True,False,arc|Mercury_7223038|policy_T,arc|Mercury_7223038|reference_T
arc,T,Mercury_7124338,Mercury_7124338,0.95,R,1,1,D,D,True,True,261.84679521247745,757.7704901341349,-495.92369492165744,495.92369492165744,0,0.9901908262630861,0.9716127807315704,0.01857804553151564,329.83073889001884,288.068845,41.76189389001882,940.331819,610.5010801099811,32.354222843423486,229.37512211501598,0.11745025403797626,757.6580890454352,0.11240108869969845,-182.5613288658651,-58.69372288498403,-9.290220792557356,-114.57738518832366,True,True,True,True,False,arc|Mercury_7124338|policy_T,arc|Mercury_7124338|reference_T
arc,T,MDSA_2008_5_24,MDSA_2008_5_24,0.95,T,1,1,C,C,True,True,993.5141040477902,896.271948935464,97.24215511232615,-97.24215511232615,0,0.9627814713226828,0.9664243083231308,-0.003642837000448003,1143.611517821434,1101.959882,41.65163582143402,1101.959882,-41.651635821433956,32.02729998156428,961.3686730153859,0.11813105084002018,896.1525249760598,0.11942395940423012,-205.68793306453608,-140.59120898461424,-9.506204789029717,-55.59051929089219,True,True,True,True,False,arc|MDSA_2008_5_24|policy_T,arc|MDSA_2008_5_24|reference_T
arc,T,Mercury_7018008,Mercury_7018008,0.95,R,1,1,A,A,True,True,229.15267408825457,872.4287261720747,-643.2760520838201,643.2760520838201,0,0.9914155970838363,0.9673175112143262,0.024098085869510108,286.517513204298,244.790044,41.72746920429802,1086.818522,800.301008795702,32.8877039719373,196.14341296255589,0.12155715376138687,872.3132389131933,0.11548725888133049,-214.38979582792535,-48.64663103744411,-8.718208078599332,-157.02495671188194,True,True,True,True,False,arc|Mercury_7018008|policy_T,arc|Mercury_7018008|reference_T
arc,T,Mercury_7011270,Mercury_7011270,0.95,R,1,1,B,B,True,True,261.3541109021753,855.1472381222993,-593.793127220124,593.793127220124,0,0.9902092829564104,0.9679649016800949,0.02224438127631551,328.4671158890296,286.131376,42.335739889029625,1063.175498,734.7083821109704,32.45805809274316,228.77903399057686,0.11701881885528564,855.0318609923124,0.11537712998688221,-208.02825987770075,-57.352342009423126,-9.760662977431181,-140.91525489084643,True,True,True,True,False,arc|Mercury_7011270|policy_T,arc|Mercury_7011270|reference_T
arc,T,Mercury_7082145,Mercury_7082145,0.95,R,1,1,D,D,True,True,262.0983181986958,1327.9390328098089,-1065.840714611113,1065.840714611113,0,0.9901814038347204,0.9502534118307964,0.03992799200392408,330.6244597753426,288.110955,42.51350477534258,1624.353722,1293.7292622246575,32.31428889557719,229.66827196069062,0.11575734242796898,1327.8198998887092,0.11913292109966278,-296.4146891901912,-58.44268303930937,-10.083458537337421,-227.88854761354446,True,True,True,True,False,arc|Mercury_7082145|policy_T,arc|Mercury_7082145|reference_T
arc,T,Mercury_SC_407314,Mercury_SC_407314,0.95,R,1,1,A,A,True,True,229.53944094479084,828.4260279033333,-598.8865869585425,598.8865869585425,0,0.9914011082172135,0.9689659182985558,0.02243518991865761,287.72003388744736,246.060473,41.659560887447356,1020.637045,732.9170111125526,32.41693996824324,197.00731406919658,0.115186907351017,828.2763380557299,0.14968984760344028,-192.21101709666664,-49.05315893080342,-9.127434011853097,-134.03042415401012,True,True,True,True,False,arc|Mercury_SC_407314|policy_T,arc|Mercury_SC_407314|reference_T
arc,T,Mercury_400934,Mercury_400934,0.95,R,1,1,C,C,True,True,229.53733592294157,1040.8122320659459,-811.2748961430043,811.2748961430043,0,0.9914011870744897,0.9610096124966682,0.030391574577821507,287.8116251271591,246.623556,41.18806912715912,1216.57283,928.761204872841,32.457186141982675,196.95956399664283,0.12058578431606293,1040.6814760062844,0.1307560596615076,-175.7605979340542,-49.66399200335718,-8.61029720086038,-117.48630872983665,True,True,True,True,False,arc|Mercury_400934|policy_T,arc|Mercury_400934|reference_T
arc,T,Mercury_7032340,Mercury_7032340,0.95,T,0,0,B,B,True,True,948.7299819011241,919.2154540214688,29.51452787965536,-29.51452787965536,0,-0.03554084828243073,-0.03443518979423116,-0.0011056584881995709,1176.4978470492847,1134.747113,41.750734049284816,1134.747113,-41.7507340492848,32.228918047621846,916.3847549352795,0.116308918222785,919.0998570993543,0.11559692211449146,-215.53165897853114,-218.3623580647204,-9.405507083440185,12.23620616962944,True,True,True,True,False,arc|Mercury_7032340|policy_T,arc|Mercury_7032340|reference_T
arc,T,TIMSS_2007_4_pg90,TIMSS_2007_4_pg90,0.95,R,1,1,C,C,True,True,262.1659431606531,978.2757880166173,-716.1098448559642,716.1098448559642,0,0.9901788705022034,0.9633523214997357,0.026826549002467732,329.9754440918333,288.109001,41.866443091833354,1205.676735,875.7012909081667,32.159677939489484,229.8896370921284,0.11662812903523445,978.1584879383445,0.11730007827281952,-227.4009469833827,-58.21936390787158,-9.590137023308635,-159.5914460522025,True,True,True,True,False,arc|TIMSS_2007_4_pg90|policy_T,arc|TIMSS_2007_4_pg90|reference_T
arc,T,Mercury_7144795,Mercury_7144795,0.95,R,0,0,C,C,True,True,229.55622198060155,937.1025571599603,-707.5463351793587,707.5463351793587,0,-0.0085995204255607,-0.03510526750968758,0.026505747084126882,287.4474279524913,246.282953,41.16447495249128,1150.039369,862.5919410475087,32.35205891542137,197.08900596015155,0.1151571050286293,936.9849669747055,0.11759018525481224,-212.9368118400398,-49.19394703984844,-8.697258932041287,-155.04560586815,True,True,True,True,False,arc|Mercury_7144795|policy_T,arc|Mercury_7144795|reference_T
arc,T,Mercury_7183733,Mercury_7183733,0.95,R,1,1,B,B,True,True,230.656216153875,929.9921989440918,-699.3359827902168,699.3359827902168,0,0.9913592721426413,0.9651610971751067,0.026198174967534706,288.97585692646993,246.792976,42.18288092646992,1146.511577,857.53572007353,33.21462613530457,197.31485191732645,0.12673810124397278,929.8772241454571,0.11497479863464832,-216.5193780559082,-49.47812408267356,-8.841516689921377,-158.1997372833132,True,True,True,True,False,arc|Mercury_7183733|policy_T,arc|Mercury_7183733|reference_T
arc,T,Mercury_7185133,Mercury_7185133,0.95,R,0,1,D,A,True,True,261.446074815467,839.3168312031776,-577.8707563877106,577.8707563877106,-1,-0.009794162149733719,0.9685579324699876,-0.9783520946197213,327.98647785995047,286.15426,41.832217859950426,963.846531,635.8600531400496,32.5812678784132,228.7474861368537,0.11732080020010471,839.2000319436193,0.11679925955832005,-124.52969979682246,-57.40677386314633,-9.13362918133712,-57.98929675233899,True,True,True,True,False,arc|Mercury_7185133|policy_T,arc|Mercury_7185133|reference_T
arc,T,NYSEDREGENTS_2014_4_17,NYSEDREGENTS_2014_4_17,0.95,R,1,1,C,C,True,True,229.06353906728327,775.338927982375,-546.2753889150918,546.2753889150918,0,0.9914189362154305,0.9709546406959068,0.02046429551952385,287.7773020406365,245.828104,41.94919804063654,962.290983,674.5136809593635,32.40505699068308,196.54323579743505,0.11524627916514874,775.2238810062408,0.11504697613418102,-186.95205501762496,-49.28486820256495,-9.428894770788311,-128.2382920442717,True,True,True,True,False,arc|NYSEDREGENTS_2014_4_17|policy_T,arc|NYSEDREGENTS_2014_4_17|reference_T
arc,T,Mercury_7141698,Mercury_7141698,0.95,R,1,1,B,B,True,True,290.7080580480397,1010.2617728989571,-719.5537148509175,719.5537148509175,0,0.9891096400633809,0.9621540785248596,0.026955561538521227,330.1573742341721,289.598794,40.558580234172105,1194.561276,864.4039017658279,35.3193620685488,255.2698829676956,0.11881301179528236,1010.1450448855758,0.11672801338136196,-184.29950310104277,-34.328911032304404,-5.120405153828024,-144.8501869149104,True,True,True,True,False,arc|Mercury_7141698|policy_T,arc|Mercury_7141698|reference_T
arc,T,MCAS_1998_4_8,MCAS_1998_4_8,0.95,R,1,1,B,B,True,True,229.31060288101435,609.9835061468184,-380.67290326580405,380.67290326580405,0,0.9914096808343554,0.9771491028424053,0.014260577991950083,286.94114190518485,245.705643,41.23549890518486,761.269444,474.3283020948152,32.800538931041956,196.38534006662667,0.12472388334572315,609.8912521265447,0.09225402027368546,-151.28593785318162,-49.32030293337334,-8.310236090797183,-93.65539882901112,True,True,True,True,False,arc|MCAS_1998_4_8|policy_T,arc|MCAS_1998_4_8|reference_T
arc,T,Mercury_SC_400845,Mercury_SC_400845,0.95,R,1,1,B,B,True,True,263.3266500197351,1012.8266829997301,-749.500032979995,749.500032979995,0,0.9901353886821219,0.9620579931449426,0.028077395537179313,328.3897168850896,286.99129,41.398426885089634,1265.502681,937.1129641149103,32.95051003806293,230.25243799202144,0.12370198965072632,1012.7110469620675,0.11563603766262531,-252.67599800026983,-56.73885200797855,-8.324214857375978,-187.61293113491524,True,True,True,True,False,arc|Mercury_SC_400845|policy_T,arc|Mercury_SC_400845|reference_T
arc,T,Mercury_7205345,Mercury_7205345,0.95,R,1,1,D,D,True,True,282.6770879328251,837.1851639822125,-554.5080760493875,554.5080760493875,0,0.9894104922509059,0.9686377879217327,0.020772704329173147,327.86919485937284,286.624097,41.245097859372855,1021.266714,693.3975191406271,32.01354295015335,250.54343999363482,0.12010498903691769,837.0695668272674,0.11559715494513512,-184.08155001778744,-36.080657006365186,-9.111449920182586,-138.88944309123963,True,True,True,True,False,arc|Mercury_7205345|policy_T,arc|Mercury_7205345|reference_T
arc,T,Mercury_7068863,Mercury_7068863,0.95,R,1,1,C,C,True,True,326.48367597721517,931.5944549161941,-605.1107789389789,605.1107789389789,0,0.9877694317498593,0.9651010742628972,0.022668357486962065,328.86875404559675,287.183694,41.68506004559672,1149.393579,820.5248249544034,32.17566688545048,294.1908889915794,0.11712010018527508,931.4775951206684,0.11685979552567005,-217.79912408380596,7.007194991579411,-9.392273059960964,-215.41404601542445,True,True,True,True,False,arc|Mercury_7068863|policy_T,arc|Mercury_7068863|reference_T
arc,T,MCAS_1998_8_2,MCAS_1998_8_2,0.95,R,1,1,C,C,True,True,265.4616441577673,851.4889068901539,-586.0272627323866,586.0272627323866,0,0.9900554085990727,0.9681019482558002,0.021953460343272457,329.4438309721154,286.71534,42.728490972115395,1063.673181,734.2293500278847,32.63331507332623,232.70361591130495,0.12471317313611507,851.3948200270534,0.09408686310052872,-212.18427410984623,-54.011724088695075,-9.97046272565305,-148.20208729549813,True,True,True,True,False,arc|MCAS_1998_8_2|policy_T,arc|MCAS_1998_8_2|reference_T
arc,T,Mercury_7158673,Mercury_7158673,0.95,R,1,1,D,D,True,True,261.44469203427434,891.7423810344189,-630.2976890001446,630.2976890001446,0,0.9902058896513241,0.9665939927313683,0.02361189691995577,328.66969595736316,287.445527,41.224168957363126,1097.847913,769.1782170426369,32.128107035532594,229.1969198267907,0.11966517195105553,891.6269550099969,0.11542602442204952,-206.10553196558112,-58.24860717320934,-8.976396749879477,-138.8805280424923,True,True,True,True,False,arc|Mercury_7158673|policy_T,arc|Mercury_7158673|reference_T
arc,T,Mercury_7014368,Mercury_7014368,0.95,R,1,1,C,C,True,True,262.30930304154754,807.3557571042329,-545.0464540626854,545.0464540626854,0,0.9901735000260155,0.9697552422495498,0.020418257776465658,328.8467250820966,288.817066,40.02965908209658,996.090353,667.2436279179035,31.987352995201945,230.20251584239304,0.11943420395255089,807.2355510666966,0.12020603753626347,-188.73459589576714,-58.61455015760697,-7.922871882942083,-122.19717385521813,True,True,True,True,False,arc|Mercury_7014368|policy_T,arc|Mercury_7014368|reference_T
arc,T,Mercury_7228603,Mercury_7228603,0.95,R,1,1,C,C,True,True,228.72691694647074,763.673139968887,-534.9462230224162,534.9462230224162,0,0.9914315465850326,0.9713916586143787,0.02003988797065392,296.1160460690153,247.292229,48.82381706901526,866.258314,570.1422679309848,31.931499019265175,196.68161496520042,0.1138029620051384,763.5555700398982,0.11756992898881435,-102.58517403111307,-50.61061403479957,-16.77851508774495,-35.196044908568524,True,True,True,True,False,arc|Mercury_7228603|policy_T,arc|Mercury_7228603|reference_T
arc,T,Mercury_7138688,Mercury_7138688,0.95,R,1,1,D,D,True,True,228.98205602541566,733.7459500413388,-504.76389401592314,504.76389401592314,0,0.991421988692409,0.9725127760419139,0.018909212650495253,290.51455094976916,248.053756,42.46079494976914,917.779386,627.2648350502309,32.34119713306427,196.5212740469724,0.11958484537899494,733.6299829185009,0.11596712283790112,-184.03343595866124,-51.5324819530276,-10.000012971325873,-122.50094103430774,True,True,True,True,False,arc|Mercury_7138688|policy_T,arc|Mercury_7138688|reference_T
arc,T,Mercury_7026198,Mercury_7026198,0.95,R,1,1,A,A,True,True,232.83508187159896,889.8075739853084,-656.9724921137094,656.9724921137094,0,0.9912776485644065,0.966666473505772,0.024611175058634565,290.0512486899787,247.702734,42.34851468997872,1109.419762,819.3685133100213,32.04472200013697,200.66406298428774,0.1262968871742487,889.6902541164309,0.1173198688775301,-219.61218801469158,-47.038671015712254,-10.1774958026675,-162.39602119631184,True,True,True,True,False,arc|Mercury_7026198|policy_T,arc|Mercury_7026198|reference_T
arc,T,Mercury_7015435,Mercury_7015435,0.95,R,1,1,A,A,True,True,228.58662507496774,808.841252932325,-580.2546278573573,580.2546278573573,0,0.9914368021289865,0.9696995933474832,0.02173720878150336,287.8820089939667,246.732391,41.1496179939667,1001.028237,713.1462280060333,32.057574950158596,196.4150860439986,0.11396408081054688,808.7309249676764,0.11032796464860439,-192.18698406767498,-50.31730495600141,-8.978078962997557,-132.89160014867605,True,True,True,True,False,arc|Mercury_7015435|policy_T,arc|Mercury_7015435|reference_T
arc,T,Mercury_7251685,Mercury_7251685,0.95,R,1,1,B,B,True,True,228.2463270239532,752.3872870951891,-524.1409600712359,524.1409600712359,0,0.9914495502044481,0.9718144435925852,0.01963510661186295,287.4850221260344,245.797827,41.68719512603438,939.967022,652.4819998739656,32.437206944450736,195.6964589189738,0.11266116052865982,752.2702680435032,0.1170190516859293,-187.57973490481095,-50.10136808102621,-9.137327021054986,-128.3410398027297,True,True,True,True,False,arc|Mercury_7251685|policy_T,arc|Mercury_7251685|reference_T
arc,T,MCAS_2006_5_29,MCAS_2006_5_29,0.95,R,1,1,D,D,True,True,261.74707897007465,751.0569519363344,-489.3098729662597,489.3098729662597,0,0.9901945617831077,0.9718642799432304,0.018330281839877297,330.06433888039396,288.311832,41.75250688039398,921.354907,591.2905681196061,32.433140091598034,229.19105784967542,0.12288102880120277,750.9621039498597,0.09484798647463322,-170.29795506366565,-59.120774150324564,-9.196485759994744,-101.98069515334635,True,True,True,True,False,arc|MCAS_2006_5_29|policy_T,arc|MCAS_2006_5_29|reference_T
arc,T,NYSEDREGENTS_2014_4_13,NYSEDREGENTS_2014_4_13,0.95,R,1,1,B,B,True,True,261.8068109732121,938.0869490560144,-676.2801380828023,676.2801380828023,0,0.990192324132668,0.9648578556932305,0.025334468439437544,328.16746600883533,286.667507,41.49995900883532,1016.528154,688.3606879911647,32.59221790358424,229.09730207175016,0.11729099787771702,937.9678759723902,0.11907308362424374,-78.44120494398555,-57.57020492824984,-8.79045010737336,-12.0805499083624,True,True,True,True,False,arc|NYSEDREGENTS_2014_4_13|policy_T,arc|NYSEDREGENTS_2014_4_13|reference_T
arc,T,Mercury_412551,Mercury_412551,0.95,R,1,1,D,D,True,True,261.06596109457314,868.8062911387533,-607.7403300441802,607.7403300441802,0,0.9902200774804477,0.9674532130645768,0.022766864415870943,345.4088111994056,288.111574,57.29723719940555,1070.845186,725.4363748005944,31.94480389356613,229.00517005473375,0.11598714627325535,868.6911351978779,0.11515594087541103,-202.03889486124672,-59.106403945266266,-25.236446159566164,-117.69604475641427,True,True,True,True,False,arc|Mercury_412551|policy_T,arc|Mercury_412551|reference_T
arc,T,Mercury_7044678,Mercury_7044678,0.95,R,1,1,A,A,True,True,228.9390959776938,964.6240519359708,-735.684955958277,735.684955958277,0,0.9914235980402398,0.9638637360118625,0.02755986202837728,287.71642520119536,247.354496,40.36192920119536,1195.550585,907.8341597988046,31.893908977508545,196.93112303502858,0.11406396515667439,964.5088871475309,0.11516478843986988,-230.92653306402917,-50.423372964971435,-8.35395625853014,-172.14920384052766,True,True,True,True,False,arc|Mercury_7044678|policy_T,arc|Mercury_7044678|reference_T
arc,T,Mercury_7270008,Mercury_7270008,0.95,R,1,1,C,C,True,True,228.9258809760213,603.6857860162854,-374.75990504026413,374.75990504026413,0,0.9914240930940259,0.9773850248855097,0.01403906820851615,292.15210275170966,246.504832,45.6472707517097,739.196314,447.04421124829037,32.14003099128604,196.6610059607774,0.12484402395784855,603.5926111508161,0.09317486546933651,-135.5105279837146,-49.84382603922259,-13.38239573646581,-72.28430620802624,True,True,True,True,False,arc|Mercury_7270008|policy_T,arc|Mercury_7270008|reference_T
arc,T,MDSA_2011_5_20,MDSA_2011_5_20,0.95,R,1,1,D,D,True,True,261.4570551086217,870.3685498330742,-608.9114947244525,608.9114947244525,0,0.9902054265120135,0.9673946885103918,0.02281073800162175,329.2822818252606,287.289942,41.992339825260636,1055.553451,726.2711691747394,32.2408489882946,229.09921687096357,0.1169892493635416,870.2524628024548,0.11608703061938286,-185.18490116692578,-58.19072512903642,-9.634501587602493,-117.35967445028689,True,True,True,True,False,arc|MDSA_2011_5_20|policy_T,arc|MDSA_2011_5_20|reference_T
arc,T,Mercury_7130603,Mercury_7130603,0.95,R,0,0,B,B,True,True,228.31816086545587,720.8637630101293,-492.54560214467347,492.54560214467347,0,-0.00855314079901027,-0.027004637907727908,0.018451497108717636,288.15613766759475,246.214173,41.94196466759479,897.236126,609.0799883324053,32.60445105843246,195.59924607165158,0.11446373537182808,720.7528438884765,0.11091912165284157,-176.37236298987068,-50.61492692834841,-9.223049873790501,-116.5343861877318,True,True,True,True,False,arc|Mercury_7130603|policy_T,arc|Mercury_7130603|reference_T
arc,T,Mercury_7246348,Mercury_7246348,0.95,R,1,1,A,A,True,True,228.83509122766554,662.555209826678,-433.7201185990125,433.7201185990125,0,0.9914274942141902,0.975179687961376,0.016247806252814176,287.41767391192604,245.700042,41.717631911926034,823.356857,535.939183088074,32.46134310029447,196.25668786466122,0.11706026270985603,662.4418881256133,0.11332170106470585,-160.80164717332195,-49.44335413533878,-9.139228548921707,-102.21906448906145,True,True,True,True,False,arc|Mercury_7246348|policy_T,arc|Mercury_7246348|reference_T
arc,T,Mercury_417146,Mercury_417146,0.95,R,1,1,A,A,True,True,229.00199494324625,860.9786520246416,-631.9766570813954,631.9766570813954,0,0.9914212417506374,0.9677464481677901,0.02367479358284736,292.505592331692,245.973699,46.53189333169198,1073.3948,780.889207668308,32.64340409077704,196.2389659602195,0.11962489224970341,860.854489961639,0.12416206300258636,-212.4161479753584,-49.73473303978051,-13.76886434866524,-148.91255058691263,True,True,True,True,False,arc|Mercury_417146|policy_T,arc|Mercury_417146|reference_T
arc,T,Mercury_192290,Mercury_192290,0.95,R,1,1,D,D,True,True,261.6466199979186,950.9699668269604,-689.3233468290418,689.3233468290418,0,0.9901983251269,0.9643752385221156,0.025823086604784495,329.7473241540836,286.082292,43.66503215408361,1089.275396,759.5280718459164,32.235420076176524,229.29485188797116,0.11634803377091885,950.8555128704756,0.11445395648479462,-138.30542917303956,-56.78744011202883,-11.313264044136169,-70.20472501687459,True,True,True,True,False,arc|Mercury_192290|policy_T,arc|Mercury_192290|reference_T
arc,T,Mercury_7018148,Mercury_7018148,0.95,R,1,1,B,B,True,True,262.02885806560516,933.9425771031529,-671.9137190375477,671.9137190375477,0,0.990184005915501,0.9650131100834285,0.025170895832072552,328.53833001506166,286.084286,42.45404401506162,1161.871833,833.3335029849383,32.41330198943615,229.5009500812739,0.1146059948951006,933.8260490912944,0.11652801185846329,-227.92925589684705,-56.58333591872611,-9.926136030730369,-161.41978394739056,True,True,True,True,False,arc|Mercury_7018148|policy_T,arc|Mercury_7018148|reference_T
arc,T,Mercury_SC_407695,Mercury_SC_407695,0.95,R,1,1,D,D,True,True,265.15897712670267,685.7646440621465,-420.6056669354439,420.6056669354439,0,0.9900667469600778,0.974310227739163,0.01575651922091479,346.20417394458565,287.947684,58.25648994458568,845.907988,499.7038140554144,31.9916820153594,233.050555922091,0.11673918925225735,685.6508201453835,0.11382391676306725,-160.1433439378535,-54.897128077908974,-26.148068739974022,-79.09814711997052,True,True,True,True,False,arc|Mercury_SC_407695|policy_T,arc|Mercury_SC_407695|reference_T
arc,T,Mercury_SC_400172,Mercury_SC_400172,0.95,R,1,1,A,A,True,True,229.46420987136662,933.7590029463172,-704.2947930749506,704.2947930749506,0,0.9914039264860758,0.9650199870467174,0.02638393943935831,286.6957379031543,245.283615,41.412122903154255,1160.46671,873.7709720968456,32.77646307833493,196.56560802832246,0.12213876470923424,933.6425641085953,0.11643883772194386,-226.70770705368273,-48.71800697167754,-8.513521060110094,-169.47617902189506,True,True,True,True,False,arc|Mercury_SC_400172|policy_T,arc|Mercury_SC_400172|reference_T
arc,T,Mercury_7264023,Mercury_7264023,0.95,R,1,1,D,D,True,True,228.80317200906575,1112.4122499022633,-883.6090778931975,883.6090778931975,0,0.991428689956,0.958327368423554,0.03310132153244586,288.4563554888712,246.669212,41.787143488871216,1389.988995,1101.5326395111288,32.45559195056558,196.23256311751902,0.11501694098114967,1112.2951610013843,0.11708890087902546,-277.57674509773665,-50.43664888248097,-9.21653459732449,-217.92356161793123,True,True,True,True,False,arc|Mercury_7264023|policy_T,arc|Mercury_7264023|reference_T
arc,T,MCAS_2000_8_10,MCAS_2000_8_10,0.95,R,1,1,B,B,True,True,261.7329219356179,672.0074361655861,-410.2745142299682,410.2745142299682,0,0.990195092126855,0.974825593383729,0.015369498743125987,328.7248700313876,286.470625,42.25424503138757,840.319386,511.5945159686124,32.361144898459315,229.25523901358247,0.1165380235761404,671.8919989652932,0.11543720029294491,-168.3119498344139,-57.215385986417516,-9.776562109352113,-101.32000173864424,True,True,True,True,False,arc|MCAS_2000_8_10|policy_T,arc|MCAS_2000_8_10|reference_T
arc,T,Mercury_7207620,Mercury_7207620,0.95,R,1,1,A,A,True,True,261.2836300395429,946.8711521476507,-685.5875221081078,685.5875221081078,0,0.9902119232752508,0.9645287862685072,0.025683137006743535,329.56765291618774,287.23021,42.33744291618776,1172.027068,842.4594150838124,32.20930998213589,228.95707981660962,0.11724024079740047,946.755203884095,0.11594826355576515,-225.15591585234938,-58.27313018339038,-10.010892693254469,-156.87189297570455,True,True,True,True,False,arc|Mercury_7207620|policy_T,arc|Mercury_7207620|reference_T
arc,T,TIMSS_2003_8_pg14,TIMSS_2003_8_pg14,0.95,R,1,1,B,B,True,True,229.25541806034744,635.337992105633,-406.0825740452856,406.0825740452856,0,0.9914117481405187,0.9761992857649103,0.015212462375608346,289.3962993129859,247.730235,41.666064312985895,791.538908,502.1426086870141,32.19855995848775,196.93510001525283,0.12175808660686016,635.2224638685584,0.11552823707461357,-156.20091589436697,-50.795134984747165,-9.345746267891286,-96.06003464172852,True,True,True,True,False,arc|TIMSS_2003_8_pg14|policy_T,arc|TIMSS_2003_8_pg14|reference_T
arc,T,MCAS_2009_8_5,MCAS_2009_8_5,0.95,R,1,1,D,D,True,True,229.1720020584762,827.1062029525638,-597.9342008940876,597.9342008940876,0,0.9914148730290785,0.9690153609210401,0.02239951210803834,288.8195311402092,247.45702,41.3625111402092,1018.390721,729.5711898597908,32.10447309538722,196.95370504632592,0.11382391676306725,827.0134089980274,0.09279395453631878,-191.28451804743622,-50.50331495367408,-9.144214128058913,-131.63698896570327,True,True,True,True,False,arc|MCAS_2009_8_5|policy_T,arc|MCAS_2009_8_5|reference_T
arc,T,Mercury_7215180,Mercury_7215180,0.95,R,1,1,C,C,True,True,261.62025099620223,1154.1775611694902,-892.557310173288,892.557310173288,0,0.9901993129492597,0.9567627772126359,0.0334365357366237,342.45301201389697,287.759028,54.693984013896944,1422.079869,1079.626856986103,32.175117172300816,229.33008801192045,0.11504581198096275,1154.060211032629,0.1173501368612051,-267.9023078305097,-58.42893998807955,-22.403821029615166,-187.0695468128149,True,True,True,True,False,arc|Mercury_7215180|policy_T,arc|Mercury_7215180|reference_T
arc,T,Mercury_SC_415354,Mercury_SC_415354,0.95,R,1,1,C,C,True,True,229.20303093269467,766.8456800747663,-537.6426491420716,537.6426491420716,0,0.9914137106409048,0.9712728105029834,0.020140900137921386,287.9973478210085,246.367152,41.63019582100844,948.275078,660.2777301789915,32.64158102683723,196.4441288728267,0.11732103303074837,766.7288309894502,0.11684908531606197,-181.42939792523373,-49.92302312717331,-8.871293761140464,-122.63508103691993,True,True,True,True,False,arc|Mercury_SC_415354|policy_T,arc|Mercury_SC_415354|reference_T
arc,T,Mercury_7171938,Mercury_7171938,0.95,R,1,1,D,D,True,True,262.5147888902575,743.4218840207905,-480.907095130533,480.907095130533,0,0.9901658022178798,0.9721503010404752,0.018015501177404608,329.94479207425417,288.455954,41.488838074254154,916.286488,586.3416959257459,32.379719195887446,230.00943381339312,0.12563588097691536,743.3283489663154,0.09353505447506905,-172.8646039792095,-58.446520186606904,-8.983482997389793,-105.43460079521287,True,True,True,True,False,arc|Mercury_7171938|policy_T,arc|Mercury_7171938|reference_T
arc,T,MCAS_1999_8_22,MCAS_1999_8_22,0.95,R,1,1,B,B,True,True,229.24859006889164,753.9515800308436,-524.702989961952,524.702989961952,0,0.9914120039273211,0.9717558428326682,0.019656161094652777,287.18873993914406,245.854755,41.33398493914402,860.544404,573.3556640608559,32.62058808468282,196.51294592767954,0.11505605652928352,753.8593681529164,0.0922118779271841,-106.59282396915637,-49.34180907232047,-8.598340797931911,-48.65267409890396,True,True,True,True,False,arc|MCAS_1999_8_22|policy_T,arc|MCAS_1999_8_22|reference_T
arc,T,MEA_2016_5_7,MEA_2016_5_7,0.95,R,1,1,B,B,True,True,261.8653301615268,777.7440468780696,-515.8787167165428,515.8787167165428,0,0.990190131916091,0.9708645413342297,0.019325590581861198,328.25293700848556,287.55836,40.69457700848555,948.591976,620.3390389915145,32.08691789768636,229.660201119259,0.11821114458143711,777.6314958464354,0.11255103163421154,-170.8479291219304,-57.89815888074099,-8.489447966217753,-104.46032227497165,True,True,True,True,False,arc|MEA_2016_5_7|policy_T,arc|MEA_2016_5_7|reference_T
arc,T,MCAS_2005_8_5,MCAS_2005_8_5,0.95,R,1,1,D,D,True,True,262.19226396642625,508.67888517677784,-246.4866212103516,246.4866212103516,0,0.9901778844853362,0.9809441259078623,0.009233758577473812,332.10874665313463,287.443885,44.66486165313459,619.970181,287.8614343468654,32.41752786561847,229.6600709669292,0.11466513387858868,508.5901590064168,0.08872617036104202,-111.29129582322219,-57.783814033070826,-12.13266865363753,-41.37481313651381,True,True,True,True,False,arc|MCAS_2005_8_5|policy_T,arc|MCAS_2005_8_5|reference_T
arc,T,Mercury_7141908,Mercury_7141908,0.95,R,1,1,C,C,True,True,261.75262895412743,1006.8218358792365,-745.069206925109,745.069206925109,0,0.9901943538723798,0.9622829437257612,0.02791141014661857,329.12160636805606,287.693091,41.42851536805606,1245.057977,915.9363706319439,32.279469072818756,229.34940783306956,0.1237520482391119,1006.7035851534456,0.11825072579085827,-238.23614112076348,-58.34368316693042,-9.025294246998193,-170.86716370683484,True,True,True,True,False,arc|Mercury_7141908|policy_T,arc|Mercury_7141908|reference_T
arc,T,Mercury_7027230,Mercury_7027230,0.95,R,1,1,A,A,True,True,228.7658650893718,1004.3479511514306,-775.5820860620588,775.5820860620588,0,0.9914300875291746,0.9623756191586624,0.02905446837051214,288.7701733445482,246.174592,42.59558134454822,1245.399322,956.6291486554518,32.10729593411088,196.54409494251013,0.1144742127507925,1004.2301099747419,0.11784117668867111,-241.05137084856938,-49.63049705748986,-10.37381119768655,-181.04706259339298,True,True,True,True,False,arc|Mercury_7027230|policy_T,arc|Mercury_7027230|reference_T
arc,T,Mercury_SC_405973,Mercury_SC_405973,0.95,R,1,1,B,B,True,True,228.53809804655612,943.7872958369553,-715.2491977903992,715.2491977903992,0,0.9914386200242647,0.964644312151903,0.026794307872361704,288.0455241619083,246.343812,41.70171216190827,1074.503375,786.4578508380916,31.998801976442337,196.42278808169067,0.11650798842310905,943.6716600321233,0.11563580483198166,-130.7160791630447,-49.921023918309345,-9.586402197042823,-71.20865304769245,True,True,True,True,False,arc|Mercury_SC_405973|policy_T,arc|Mercury_SC_405973|reference_T
arc,T,Mercury_7245053,Mercury_7245053,0.95,R,1,1,B,B,True,True,228.11035718768835,692.0941779389977,-463.9838207513094,463.9838207513094,0,0.9914546438384787,0.9740731139053987,0.017381529933079985,288.39804007403694,245.891608,42.50643207403696,865.617374,577.2193339259632,32.44151291437447,195.551484124735,0.11736014857888222,691.9789619278163,0.11521601118147373,-173.5231960610023,-50.34012387526499,-9.947559011083605,-113.23551317465376,True,True,True,True,False,arc|Mercury_7245053|policy_T,arc|Mercury_7245053|reference_T
arc,T,Mercury_7198380,Mercury_7198380,0.95,R,1,1,D,D,True,True,228.94659405574203,854.7827599104494,-625.8361658547074,625.8361658547074,0,0.9914233171509885,0.9679785555806533,0.023444761570335225,288.236273983533,246.606027,41.63024698353303,1054.923653,766.687379016467,32.52057987265289,196.30551803857088,0.12049614451825619,854.6649001073092,0.11785980314016342,-200.14089308955067,-50.30050896142913,-8.989170966361883,-140.8512131617597,True,True,True,True,False,arc|Mercury_7198380|policy_T,arc|Mercury_7198380|reference_T
arc,T,NCEOGA_2013_5_43,NCEOGA_2013_5_43,0.95,R,1,1,B,B,True,True,261.6867758333683,717.1295611187816,-455.44278528541327,455.44278528541327,0,0.9901968208290676,0.9731352508966824,0.01706156993238517,329.99898386432216,287.333562,42.665421864322184,889.02854,559.0295561356779,31.78168600425124,229.78796111419797,0.11712871491909027,717.0160477980971,0.11351332068443298,-171.89897888121845,-57.545600885802,-10.766607145151852,-103.58677085026466,True,True,True,True,False,arc|NCEOGA_2013_5_43|policy_T,arc|NCEOGA_2013_5_43|reference_T
arc,T,Mercury_SC_402239,Mercury_SC_402239,0.95,R,1,1,C,C,True,True,265.00468305312097,899.2741908878088,-634.2695078346878,634.2695078346878,0,0.9900725270475259,0.966311839836026,0.023760687211499983,329.63823301381467,287.175954,42.46227901381469,1118.188284,788.5500509861854,32.02861803583801,232.85818402655423,0.11788099072873592,899.1596570704132,0.1145338173955679,-218.91409311219127,-54.31776997344576,-10.315779987247943,-154.28054315149757,True,True,True,True,False,arc|Mercury_SC_402239|policy_T,arc|Mercury_SC_402239|reference_T
arc,T,Mercury_SC_412337,Mercury_SC_412337,0.95,R,0,0,C,C,True,True,229.00330810807645,1038.8282251078635,-809.8249169997871,809.8249169997871,0,-0.008578807442486963,-0.038916063626534825,0.03033725618404786,287.80415600497304,246.41145,41.39270600497306,1276.068543,988.264386995027,32.28459903039038,196.60544698126614,0.11326209641993046,1038.7103829998523,0.11784210801124573,-237.24031789213655,-49.80600301873386,-8.994844878162745,-178.43946999523996,True,True,True,True,False,arc|Mercury_SC_412337|policy_T,arc|Mercury_SC_412337|reference_T
arc,T,Mercury_7238963,Mercury_7238963,0.95,R,1,1,A,A,True,True,229.7583851031959,943.9775340724736,-714.2191489692777,714.2191489692777,0,0.9913929062406083,0.9646371855422301,0.026755720698378213,288.3213741598053,246.517811,41.8035631598053,1083.563052,795.2416778401946,32.62621909379959,197.01225101016462,0.11991499923169613,943.8633690588176,0.11416501365602016,-139.58551792752633,-49.505559989835376,-9.057429066774013,-81.02252887091686,True,True,True,True,False,arc|Mercury_7238963|policy_T,arc|Mercury_7238963|reference_T
arc,T,Mercury_412683,Mercury_412683,0.95,R,1,1,D,D,True,True,261.6450779605657,1456.2384970486164,-1194.5934190880507,1194.5934190880507,0,0.9901983828939325,0.9454471214423644,0.04475126145156802,328.0396831029103,286.758055,41.28162810291028,1797.417738,1469.37805489709,32.01588592492044,229.51388591900468,0.11530611664056778,1456.1002780683339,0.1382189802825451,-341.1792409513837,-57.244169080995334,-9.150436061349275,-274.7846358090392,True,True,True,True,False,arc|Mercury_412683|policy_T,arc|Mercury_412683|reference_T
arc,T,ACTAAP_2009_5_5,ACTAAP_2009_5_5,0.95,R,1,1,B,B,True,True,228.62538089975715,576.1844411026686,-347.5590602029115,347.5590602029115,0,0.9914353502776536,0.9784152665198882,0.013020083757765397,286.9126519542531,246.228304,40.68434795425308,714.332618,427.41996604574695,31.760746147483587,196.7493079137057,0.11532683856785297,576.0736321099102,0.11080899275839329,-138.14817689733138,-49.4789960862943,-8.808274968201637,-79.86090584283545,True,True,True,True,False,arc|ACTAAP_2009_5_5|policy_T,arc|ACTAAP_2009_5_5|reference_T
arc,T,Mercury_SC_401244,Mercury_SC_401244,0.95,R,1,1,D,D,True,True,228.8287819828838,993.8692988362163,-765.0405168533325,765.0405168533325,0,0.991427730567964,0.9627681651930917,0.0286595653748723,286.80923683241775,245.282057,41.52717983241773,1236.236109,949.4268721675821,32.544816844165325,196.1667351424694,0.1172299962490797,993.7529908493161,0.11630798690021038,-242.3668101637836,-49.1153218575306,-8.865132992003325,-184.3863553142496,True,True,True,True,False,arc|Mercury_SC_401244|policy_T,arc|Mercury_SC_401244|reference_T
arc,T,AIMS_2009_4_29,AIMS_2009_4_29,0.95,R,1,1,D,D,True,True,262.2824830468744,795.2553350478411,-532.9728520009667,532.9728520009667,0,0.9901745047432478,0.97020854221125,0.019965962531997766,328.3528829545161,287.058942,41.29394095451605,973.086834,644.7339510454839,32.419482013210654,229.7409118618816,0.12208917178213596,795.1376440469176,0.11769100092351437,-177.83149895215888,-57.31803013811839,-8.752369769523263,-111.76109904451721,True,True,True,True,False,arc|AIMS_2009_4_29|policy_T,arc|AIMS_2009_4_29|reference_T
arc,T,Mercury_7018445,Mercury_7018445,0.95,R,1,1,D,D,True,True,260.5387831572443,673.9175259135664,-413.378742756322,413.378742756322,0,0.9902398263567834,0.9747540385565032,0.015485787800280116,327.20080834035747,285.872402,41.328406340357425,835.422397,508.2215886596426,32.346225110813975,228.07499789632857,0.11756015010178089,673.8249531481415,0.0925727654248476,-161.5048710864337,-57.797404103671454,-8.864621079441669,-94.84284590332055,True,True,True,True,False,arc|Mercury_7018445|policy_T,arc|Mercury_7018445|reference_T
arc,T,Mercury_7103215,Mercury_7103215,0.95,R,1,1,C,C,True,True,261.3568769302219,981.9648570846766,-720.6079801544547,720.6079801544547,0,0.9902091793368506,0.9632141234385881,0.02699505589826241,327.44589887340237,286.324887,41.12101187340236,1200.192089,872.7461901265975,31.91210003569722,229.32911105453968,0.11566583998501301,981.8672630935907,0.09759399108588696,-218.22723191532327,-56.99577594546031,-9.093245997720125,-152.13820997214282,True,True,True,True,False,arc|Mercury_7103215|policy_T,arc|Mercury_7103215|reference_T
arc,T,Mercury_7032743,Mercury_7032743,0.95,R,1,1,C,C,True,True,228.63669111393392,835.2464949712157,-606.6098038572818,606.6098038572818,0,0.9914349265800644,0.9687104133710219,0.02272451320904247,287.79761415983904,245.888462,41.90915215983903,1037.95408,750.156465840161,32.67671400681138,195.8433489780873,0.11662812903523445,835.1291848812252,0.11731008999049664,-202.70758502878425,-50.0451130219127,-9.115810023992417,-143.5466619828792,True,True,True,True,False,arc|Mercury_7032743|policy_T,arc|Mercury_7032743|reference_T
arc,T,Mercury_7193043,Mercury_7193043,0.95,R,1,1,B,B,True,True,229.1241551283747,903.3373571000993,-674.2132019717246,674.2132019717246,0,0.9914166654468538,0.966159627534684,0.025257037912169836,303.9245219623463,246.791237,57.133284962346316,1117.367634,813.4431120376537,32.394313951954246,196.6084442101419,0.12139696627855301,903.2185040414333,0.11885305866599083,-214.03027689990063,-50.1827927898581,-24.617574044113518,-139.22991006592906,True,True,True,True,False,arc|Mercury_7193043|policy_T,arc|Mercury_7193043|reference_T
arc,T,MEA_2013_5_3,MEA_2013_5_3,0.95,R,1,1,D,D,True,True,261.8482089601457,734.1388110071421,-472.29060204699636,472.29060204699636,0,0.9901907733019777,0.9724980588808163,0.01769271442116135,330.1275331365601,288.680945,41.44658813656008,893.126578,562.9990448634398,32.08131808787584,229.65256590396166,0.11432496830821037,734.0462182182819,0.09259278886020184,-158.98776699285793,-59.02837909603835,-9.250945080376027,-90.7084428164435,True,True,True,True,False,arc|MEA_2013_5_3|policy_T,arc|MEA_2013_5_3|reference_T
arc,T,Mercury_176838,Mercury_176838,0.95,R,1,1,A,A,True,True,228.543367004022,684.1770051978528,-455.63363819383085,455.63363819383085,0,0.9914384226412143,0.9743697030725873,0.017068719568627023,292.1225097186959,247.160594,44.96191571869588,849.032898,556.9103882813042,31.975990859791636,196.4409090578556,0.12646708637475967,684.0647540520877,0.11225114576518536,-164.8558928021472,-50.7196849421444,-12.859457772529481,-101.27675008747337,True,True,True,True,False,arc|Mercury_176838|policy_T,arc|Mercury_176838|reference_T
arc,T,MCAS_2011_5_17673,MCAS_2011_5_17673,0.95,R,1,1,A,A,True,True,265.6630421988666,935.0067218765616,-669.343679677695,669.343679677695,0,0.9900478639263421,0.9649732456239261,0.025074618302416155,330.0900357330991,287.974351,42.1156847330991,1156.113938,826.0239022669009,32.20048081129789,233.34494000300765,0.11762138456106186,934.886836912483,0.11988496407866478,-221.10721612343832,-54.62941099699236,-9.797582537240146,-156.68022258920587,True,True,True,True,False,arc|MCAS_2011_5_17673|policy_T,arc|MCAS_2011_5_17673|reference_T
arc,T,Mercury_7090720,Mercury_7090720,0.95,R,1,1,B,B,True,True,230.43653601780534,768.1150729767978,-537.6785369589925,537.6785369589925,0,0.9913675016900738,0.9712252571406964,0.020142244549377443,288.85581110468496,247.413562,41.44224910468495,942.298958,653.4431468953151,32.36931818537414,197.9419628623873,0.12525497004389763,767.9990159813315,0.11605699546635151,-174.18388502320215,-49.47159913761271,-8.947675949266909,-115.76460993632259,True,True,True,True,False,arc|Mercury_7090720|policy_T,arc|Mercury_7090720|reference_T
arc,T,NCEOGA_2013_8_40,NCEOGA_2013_8_40,0.95,R,1,1,C,C,True,True,261.6363710258156,787.6746801193804,-526.0383090935647,526.0383090935647,0,0.9901987090687692,0.9704925249163754,0.019706184152393797,329.6513753328755,288.454057,41.19731833287549,969.876833,640.2254576671246,32.16527518816292,229.3532658368349,0.11783000081777573,787.5569590833038,0.11772103607654572,-182.20215288061968,-59.10079116316507,-8.914213143894791,-114.18714857355985,True,True,True,True,False,arc|NCEOGA_2013_8_40|policy_T,arc|NCEOGA_2013_8_40|reference_T
arc,T,Mercury_7164850,Mercury_7164850,0.95,R,1,1,A,A,True,True,229.6659720595926,1126.1866758577526,-896.52070379816,896.52070379816,0,0.9913963681718476,0.9578113577646724,0.03358501040717523,289.39135797942413,246.742956,42.64840197942412,1377.85307,1088.4617120205758,32.154775923117995,197.39273306913674,0.1184630673378706,1126.0711790528148,0.1154968049377203,-251.66639414224733,-49.350222930863254,-10.375162988968256,-191.9410082224158,True,True,True,True,False,arc|Mercury_7164850|policy_T,arc|Mercury_7164850|reference_T
arc,T,Mercury_7131828,Mercury_7131828,0.95,T,1,1,C,C,True,True,817.270376952365,787.2784070204943,29.9919699318707,-29.9919699318707,0,0.9693838257174251,0.9705073699010967,-0.0011235441836715688,1015.3034339983118,970.52634,44.777093998311756,970.52634,-44.777093998311784,32.126974081620574,785.0278960540891,0.11550681665539742,787.1625798288733,0.11582719162106514,-183.24793297950566,-185.49844394591094,-12.534613100035784,14.785124066441085,True,True,True,True,False,arc|Mercury_7131828|policy_T,arc|Mercury_7131828|reference_T
arc,T,Mercury_7245088,Mercury_7245088,0.95,T,1,1,D,D,True,True,868.2540899608284,838.5779508389533,29.676139121875167,-29.676139121875167,0,0.9674738993490417,0.9685856120368028,-0.0011117126877611357,1086.381704013264,1043.925286,42.45641801326406,1043.925286,-42.456418013264056,32.393272034823895,835.7375559862703,0.1232619397342205,838.4646899066865,0.11326093226671219,-205.34733516104666,-208.1877300137296,-9.939884038705948,12.780278891388889,True,True,True,True,False,arc|Mercury_7245088|policy_T,arc|Mercury_7245088|reference_T
arc,T,LEAP_2006_8_10412,LEAP_2006_8_10412,0.95,R,1,1,B,B,True,True,261.27181691117585,836.0274999868125,-574.7556830756366,574.7556830756366,0,0.99021236581276,0.9686811557515763,0.021531210061183623,344.4975838800963,287.665779,56.831804880096314,949.266365,604.7687811199037,32.20226406119764,228.95357594825327,0.11597690172493458,835.9112411271781,0.11625885963439941,-113.23886501318748,-58.71220305174671,-24.51356391717374,-30.013098044267053,True,True,True,True,False,arc|LEAP_2006_8_10412|policy_T,arc|LEAP_2006_8_10412|reference_T
arc,T,Mercury_SC_415366,Mercury_SC_415366,0.95,R,1,1,B,B,True,True,228.87106984853745,963.9963319059461,-735.1252620574087,735.1252620574087,0,0.9914261464010818,0.9638872513458105,0.0275388950552713,287.90372285821763,246.591078,41.312644858217595,1173.882249,885.9785261417824,32.08341100253165,196.6711508575827,0.11650798842310905,963.8777000363916,0.11863186955451965,-209.88591709405387,-49.91992714241732,-9.112725867262839,-150.85326408437368,True,True,True,True,False,arc|Mercury_SC_415366|policy_T,arc|Mercury_SC_415366|reference_T
arc,T,Mercury_180058,Mercury_180058,0.95,R,1,1,A,A,True,True,262.0746830943972,835.7559910509735,-573.6813079565763,573.6813079565763,0,0.9901822892411818,0.9686913268835949,0.021490962357586837,330.28206890873054,287.335795,42.946273908730504,1023.190954,692.9088850912694,32.05363592132926,229.90165394730866,0.11939322575926781,835.6405340600759,0.11545699089765549,-187.4349629490265,-57.43414105269136,-10.773244761641976,-119.22757713469309,True,True,True,True,False,arc|Mercury_180058|policy_T,arc|Mercury_180058|reference_T
arc,T,Mercury_7081760,Mercury_7081760,0.95,R,1,1,B,B,True,True,262.51232298091054,887.2640868648887,-624.7517638839781,624.7517638839781,0,0.990165894594543,0.966761756348709,0.023404138245833952,343.3695208288779,288.234133,55.135387828877924,1096.92802,753.5584991711221,32.422828022390604,229.96318782679737,0.12630713172256947,887.1409860439599,0.12310082092881203,-209.6639331351114,-58.27094517320262,-22.58625267476475,-128.80673528714397,True,True,True,True,False,arc|Mercury_7081760|policy_T,arc|Mercury_7081760|reference_T
arc,T,NYSEDREGENTS_2014_4_28,NYSEDREGENTS_2014_4_28,0.95,R,1,1,B,B,True,True,228.91603596508503,875.9197241161019,-647.0036881510168,647.0036881510168,0,0.9914244619029038,0.9671867331946052,0.024237728708298524,287.75072278650055,246.563996,41.18672678650057,1091.487745,803.7370222134994,31.990839168429375,196.80959987454116,0.11559692211449146,875.8019241504371,0.11779996566474438,-215.56802088389804,-49.75439612545884,-9.080290695956705,-156.73333406248253,True,True,True,True,False,arc|NYSEDREGENTS_2014_4_28|policy_T,arc|NYSEDREGENTS_2014_4_28|reference_T
arc,T,Mercury_7085820,Mercury_7085820,0.95,R,1,1,D,D,True,True,261.70535990968347,980.0827871076763,-718.3774271979928,718.3774271979928,0,0.9901961246416914,0.9632846286031613,0.02691149603853005,327.83565212750983,286.013856,41.821796127509835,1136.715985,808.8803328724903,32.40849100984633,229.17966009117663,0.1172088086605072,979.9628721084446,0.11991499923169613,-156.63319789232378,-56.83419590882335,-9.296096309002998,-90.50290567449747,True,True,True,True,False,arc|Mercury_7085820|policy_T,arc|Mercury_7085820|reference_T
arc,T,NCEOGA_2013_8_4,NCEOGA_2013_8_4,0.95,R,1,1,D,D,True,True,275.3271241672337,912.5088939908892,-637.1817698236555,637.1817698236555,0,0.9896858329190176,0.965816048004817,0.023869784914200578,330.0032390355321,287.047628,42.955611035532115,1120.813679,790.8104399644681,32.10808802396059,243.0950030684471,0.12403307482600212,912.4147591646761,0.09413482621312141,-208.3047850091109,-43.95262493155286,-10.723489936745523,-153.62867014081257,True,True,True,True,False,arc|NCEOGA_2013_8_4|policy_T,arc|NCEOGA_2013_8_4|reference_T
arc,T,Mercury_7183015,Mercury_7183015,0.95,R,1,1,A,A,True,True,262.3548889532685,814.9290669243783,-552.5741779711097,552.5741779711097,0,0.9901717923093803,0.9694715347032,0.02070025760618035,330.2374328525486,287.153558,43.0838748525486,998.452975,668.2155421474515,32.51455002464354,229.71577499993145,0.12456392869353294,814.8070080205798,0.12205890379846096,-183.52390807562176,-57.43778300006852,-10.444760899211524,-115.64136417634177,True,True,True,True,False,arc|Mercury_7183015|policy_T,arc|Mercury_7183015|reference_T
arc,T,AKDE&ED_2008_8_44,AKDE&ED_2008_8_44,0.95,T,1,1,A,A,True,True,1066.8403399176896,1034.488779027015,32.35156089067459,-32.35156089067459,0,0.9600345605325846,0.9612464985331222,-0.0012119380005375614,1317.8147461376348,1276.757133,41.05761313763475,1276.757133,-41.05761313763469,31.938747968524694,1034.7839421592653,0.11764978989958763,1034.3725210987031,0.1162579283118248,-242.2683539729851,-241.9731908407348,-9.001215379210471,8.706052246960098,True,True,True,True,False,arc|AKDE&ED_2008_8_44|policy_T,arc|AKDE&ED_2008_8_44|reference_T
arc,T,Mercury_SC_LBS10598,Mercury_SC_LBS10598,0.95,T,1,1,A,A,True,True,795.4519118648022,693.5952052008361,101.85670666396618,-101.85670666396618,0,0.9702011781488078,0.9740168831725259,-0.00381570502371807,905.2199688817345,863.755497,41.46447188173449,863.755497,-41.46447188173454,32.569189090281725,762.764381011948,0.11834176257252693,693.4855189174414,0.10968628339469433,-170.16029179916393,-100.991115988052,-8.776941028880238,-60.39223478223164,True,True,True,True,False,arc|Mercury_SC_LBS10598|policy_T,arc|Mercury_SC_LBS10598|reference_T
arc,T,Mercury_7282608,Mercury_7282608,0.95,R,1,1,C,C,True,True,229.50991592369974,898.8944820594043,-669.3845661357045,669.3845661357045,0,0.9914022142687932,0.9663260642983275,0.025076149970465696,288.7099858419962,246.497521,42.212464841996194,1030.687781,741.9777951580039,32.22307004034519,197.17013696208596,0.11670892126858234,898.7779030576348,0.11657900176942348,-131.79329894059583,-49.327384037914044,-9.87268588038242,-72.5932290222994,True,True,True,True,False,arc|Mercury_7282608|policy_T,arc|Mercury_7282608|reference_T
arc,T,Mercury_7145513,Mercury_7145513,0.95,R,1,1,B,B,True,True,233.4128930233419,787.0221380144358,-553.6092449910939,553.6092449910939,0,0.9912560028919056,0.9705169701224847,0.020739032769420882,305.01006502845183,246.917705,58.0923600284518,967.80214,662.7920749715481,32.44836302474141,200.8391551207751,0.12537487782537937,786.9056898634881,0.11644815094769001,-180.78000198556424,-46.07854987922491,-25.51862212588501,-109.18282998045424,True,True,True,True,False,arc|Mercury_7145513|policy_T,arc|Mercury_7145513|reference_T
arc,T,NYSEDREGENTS_2014_4_22,NYSEDREGENTS_2014_4_22,0.95,R,1,1,A,A,True,True,229.8569269478321,707.1771980263293,-477.32027107849717,477.32027107849717,0,0.9913892147152886,0.9735080813473568,0.017881133367931856,288.6349928519967,247.521163,41.11382985199666,868.102896,579.4679031480033,32.2159668430686,197.52604514360428,0.11491496115922928,707.0616609416902,0.11553708463907242,-160.9256979736707,-49.99511785639572,-8.782948047768834,-102.14763206950613,True,True,True,True,False,arc|NYSEDREGENTS_2014_4_22|policy_T,arc|NYSEDREGENTS_2014_4_22|reference_T
arc,T,Mercury_7284043,Mercury_7284043,0.95,R,1,1,C,C,True,True,230.797179043293,889.7289279848337,-658.9317489415407,658.9317489415407,0,0.9913539914613497,0.9666694197029242,0.024684571758425512,290.3013650232846,246.644839,43.656526023284556,1056.812049,766.5106839767153,32.12178102694452,198.55817896313965,0.11721905320882797,889.6086530294269,0.12027495540678501,-167.08312101516617,-48.08666003686034,-11.41752594313121,-107.5789350351746,True,True,True,True,False,arc|Mercury_7284043|policy_T,arc|Mercury_7284043|reference_T
arc,T,Mercury_7192990,Mercury_7192990,0.95,R,1,1,A,A,True,True,229.2744549922645,800.5067589692771,-571.2323039770126,571.2323039770126,0,0.9914110349884924,0.9700118159936548,0.021399218994837484,297.6830911340521,246.394997,51.28809413405216,982.583961,684.9008698659479,32.165643060579896,196.99342595413327,0.11538597755134106,800.3910020925105,0.11575687676668167,-182.0772020307229,-49.40157104586672,-19.00706509592092,-113.66856588893529,True,True,True,True,False,arc|Mercury_7192990|policy_T,arc|Mercury_7192990|reference_T
arc,T,Mercury_SC_415348,Mercury_SC_415348,0.95,R,1,1,D,D,True,True,230.1406490150839,815.9138429909945,-585.7731939759105,585.7731939759105,0,0.9913785860610467,0.9694346435145125,0.021943942546534204,288.8688740570364,247.564385,41.3044890570364,1016.808754,727.9398799429637,32.717606984078884,197.29640404693782,0.12663798406720161,815.8004011493176,0.11344184167683125,-200.89491100900557,-50.267980953062164,-8.460244088890313,-142.16668596705313,True,True,True,True,False,arc|Mercury_SC_415348|policy_T,arc|Mercury_SC_415348|reference_T
arc,T,Mercury_7008120,Mercury_7008120,0.95,R,1,1,A,A,True,True,262.46001990512013,838.4116920642555,-575.9516721591353,575.9516721591353,0,0.9901678539462203,0.9685918403399026,0.02157601360631761,327.3540221844417,285.943954,41.410068184441684,1040.348202,712.9941798155583,32.50185283832252,229.8409880604595,0.1171790063381195,838.2902040611953,0.12148800306022167,-201.93650993574443,-56.102965939540525,-8.791036339781044,-137.0425076564229,True,True,True,True,False,arc|Mercury_7008120|policy_T,arc|Mercury_7008120|reference_T
arc,T,Mercury_SC_LBS10040,Mercury_SC_LBS10040,0.95,R,1,1,D,D,True,True,261.51836407370865,737.3913319315761,-475.8729678578675,475.8729678578675,0,0.9902031297862137,0.9723762145679813,0.017826915218232403,328.2529731101359,286.683661,41.56931211013591,914.707786,586.4548128898641,32.5680470559746,228.83241600356996,0.11790101416409016,737.2767168562859,0.1146150752902031,-177.31645406842392,-57.85124499643001,-8.883364039997218,-110.58184503199664,True,True,True,True,False,arc|Mercury_SC_LBS10040|policy_T,arc|Mercury_SC_LBS10040|reference_T
arc,T,MCAS_2013_8_29421,MCAS_2013_8_29421,0.95,R,1,1,A,A,True,True,262.4018818605691,816.9373329728842,-554.5354511123151,554.5354511123151,0,0.9901700318845803,0.9693963020444853,0.020773729840094898,329.5312229395981,288.114151,41.41707193959808,1001.258011,671.726788060402,32.23740798421204,230.04756402224302,0.11690985411405563,816.8216361664236,0.11569680646061897,-184.32067802711583,-58.06658697775697,-9.062754101271985,-117.19133694808693,True,True,True,True,False,arc|MCAS_2013_8_29421|policy_T,arc|MCAS_2013_8_29421|reference_T
arc,T,Mercury_7044100,Mercury_7044100,0.95,R,0,0,B,A,True,True,230.40267988108099,843.5463069472462,-613.1436270661652,613.1436270661652,0,-0.008631230008257898,-0.03160051003589064,0.022969280027632745,288.2408100096407,246.371963,41.868847009640696,1048.242769,760.0019589903593,32.864883076399565,197.41398398764431,0.12381281703710556,843.4307910501957,0.11551589705049992,-204.69646205275376,-48.95797901235568,-8.880151116204026,-146.8583319241941,True,True,True,True,False,arc|Mercury_7044100|policy_T,arc|Mercury_7044100|reference_T
arc,T,Mercury_7241115,Mercury_7241115,0.95,R,0,0,B,B,True,True,265.5648400541395,917.254582978785,-651.6897429246455,651.6897429246455,0,-0.009948457274006355,-0.03436173262353041,0.02441327534952405,336.18402102495776,288.246942,47.937079024957775,1141.55911,805.3750889750422,32.26227406412363,233.1867590546608,0.11580693535506725,917.1378239989281,0.11675897985696793,-224.30452702121488,-55.06018294533919,-15.558998025479077,-153.68534605039667,True,True,True,True,False,arc|Mercury_7241115|policy_T,arc|Mercury_7241115|reference_T
arc,T,Mercury_415263,Mercury_415263,0.95,R,1,1,C,C,True,True,262.7297060098499,980.7680849917233,-718.0383789818734,718.0383789818734,0,0.9901577511001893,0.9632589563164309,0.026898794783758506,327.3940390547743,286.258308,41.13573105477428,1216.81561,889.4215709452258,32.30979386717081,230.30365421436727,0.1162579283118248,980.6761129293591,0.09197206236422062,-236.0475250082768,-55.95465378563273,-8.709679259291647,-171.38319196335237,True,True,True,True,False,arc|Mercury_415263|policy_T,arc|Mercury_415263|reference_T
arc,T,MCAS_2012_8_23636,MCAS_2012_8_23636,0.95,R,1,1,D,D,True,True,229.7148599755019,1112.4924370087683,-882.7775770332664,882.7775770332664,0,0.9913945367571824,0.9583243644942582,0.0330701722629242,289.466097078337,246.551362,42.91473507833695,1296.661077,1007.1949799216629,32.07324002869427,197.52644514665008,0.115174800157547,1112.3754880391061,0.11694896966218948,-184.16863999123166,-49.024916853349936,-10.726320249485134,-124.41740288839651,True,True,True,True,False,arc|MCAS_2012_8_23636|policy_T,arc|MCAS_2012_8_23636|reference_T
arc,T,Mercury_7245893,Mercury_7245893,0.95,R,1,1,B,B,True,True,230.2978429943323,963.1664059124887,-732.8685629181564,732.8685629181564,0,0.9913726973387823,0.9639183416184718,0.027454355720310533,289.29949093994924,246.354821,42.94466993994927,1199.97965,910.6801590600508,32.69816096872091,197.4745981860906,0.12508383952081203,963.0506688263267,0.11573708616197109,-236.8132440875113,-48.8802228139094,-10.121425131707547,-177.81159614189437,True,True,True,True,False,arc|Mercury_7245893|policy_T,arc|Mercury_7245893|reference_T
arc,T,Mercury_7139790,Mercury_7139790,0.95,R,1,1,C,C,True,True,264.1162038780749,888.8605511747301,-624.7443472966552,624.7443472966552,0,0.9901058108102032,0.9667019504008558,0.023403860409347443,340.2592077115865,287.684631,52.574576711586474,1099.13223,758.8730222884135,32.4020660482347,231.5974091179669,0.11672871187329292,888.7448241002858,0.11572707444429398,-210.27167882526987,-56.087221882033134,-20.05578195147848,-134.12867499175832,True,True,True,True,False,arc|Mercury_7139790|policy_T,arc|Mercury_7139790|reference_T
arc,T,TIMSS_2011_8_pg63,TIMSS_2011_8_pg63,0.95,R,1,1,C,C,True,True,241.0619941074401,1018.4692670591176,-777.4072729516774,777.4072729516774,0,0.9909694560911161,0.9618466134818126,0.029122842609303486,287.3367528456092,245.866609,41.470143845609186,1270.509366,983.1726131543908,34.12433504126966,206.82130986824632,0.11634919792413712,1018.3542708400637,0.11499621905386448,-252.04009894088244,-39.045299131753694,-7.229459606415389,-205.76534020271333,True,True,True,True,False,arc|TIMSS_2011_8_pg63|policy_T,arc|TIMSS_2011_8_pg63|reference_T
arc,T,MCAS_2006_9_33,MCAS_2006_9_33,0.95,R,1,1,D,D,True,True,266.1877281498164,800.7206488400698,-534.5329206902534,534.5329206902534,0,0.9900282084035544,0.9700038033582454,0.020024405045309092,329.1933771013834,287.944983,41.24839410138345,981.817503,652.6241258986165,33.589813159778714,232.4817469343543,0.1161680556833744,800.6026381626725,0.11801067739725113,-181.09685415993022,-55.463236065645674,-7.542412885921358,-118.09120520836314,True,True,True,True,False,arc|MCAS_2006_9_33|policy_T,arc|MCAS_2006_9_33|reference_T
arc,T,Mercury_184258,Mercury_184258,0.95,R,1,1,A,A,True,True,229.02353503741324,717.5086268689483,-488.4850918315351,488.4850918315351,0,0.9914204348263983,0.9731210505250564,0.01829938430134192,287.75960215129373,246.385229,41.37437315129375,889.213026,601.4534238487063,32.716836081817746,196.18370686657727,0.12299208901822567,717.3905749805272,0.11805188842117786,-171.70439913105167,-50.20152213342274,-8.534544980457781,-112.96833201717118,True,True,True,True,False,arc|Mercury_184258|policy_T,arc|Mercury_184258|reference_T
arc,T,VASoL_2008_5_19,VASoL_2008_5_19,0.95,R,1,1,D,D,True,True,261.2204561010003,989.2526119947433,-728.032155893743,728.032155893743,0,0.9902142898657539,0.962941113207522,0.027273176658231865,328.9176570849996,287.423117,41.494540084999564,1146.793955,817.8762979150006,32.119557028636336,228.98481111042202,0.11608796194195747,989.1590462066233,0.09356578812003136,-157.54134300525675,-58.438305889577975,-9.25889509442127,-89.84414202125754,True,True,True,True,False,arc|VASoL_2008_5_19|policy_T,arc|VASoL_2008_5_19|reference_T
arc,T,Mercury_7234483,Mercury_7234483,0.95,T,1,1,B,B,True,True,1191.9161179102957,1157.5177588965744,34.39835901372135,-34.39835901372135,0,0.9553490342666872,0.9566376483952523,-0.0012886141285652622,1485.0347117975978,1444.61787,40.41684179759777,1444.61787,-40.416841797597726,32.22574503161013,1159.573283046484,0.11708983220160007,1157.4014010839164,0.11635781265795231,-287.10011110342566,-285.04458695351605,-8.074006933786038,6.0184827838763795,True,True,True,True,False,arc|Mercury_7234483|policy_T,arc|Mercury_7234483|reference_T
arc,T,ACTAAP_2010_5_10,ACTAAP_2010_5_10,0.95,R,1,1,A,A,True,True,262.8649689722806,708.1870520487428,-445.32208307646215,445.32208307646215,0,0.990152683946713,0.9734702507008265,0.01668243324588644,327.7855267640541,287.353195,40.43233176405406,869.061396,541.2758692359458,32.07349102012813,230.6756319012493,0.1158460509032011,708.0730069428682,0.11404510587453842,-160.87434395125717,-56.67756309875074,-8.24299469302273,-95.95378615948368,True,True,True,True,False,arc|ACTAAP_2010_5_10|policy_T,arc|ACTAAP_2010_5_10|reference_T
arc,T,Mercury_7007875,Mercury_7007875,0.95,R,1,1,B,B,True,True,229.07275590114295,832.9011101741344,-603.8283542729914,603.8283542729914,0,0.9914185909390083,0.9687982750037596,0.022620315935248714,286.96089310090326,245.304508,41.65638510090327,1039.277521,752.3166278990967,32.94331091456115,196.00477209314704,0.12467289343476295,832.7884590253234,0.1126511488109827,-206.3764108258656,-49.29973590685296,-8.588401292907356,-148.4882736261053,True,True,True,True,False,arc|Mercury_7007875|policy_T,arc|Mercury_7007875|reference_T
arc,T,Mercury_180443,Mercury_180443,0.95,R,0,0,A,A,True,True,261.5097879897803,753.4445580095053,-491.93477001972497,491.93477001972497,0,-0.009796548940817652,-0.028225163361844396,0.018428614421026744,327.645363926661,285.988909,41.65645492666101,937.423308,609.7779440733391,32.586941961199045,228.80746005102992,0.11538597755134106,753.3328291028738,0.11172890663146973,-183.97874999049475,-57.18144894897006,-8.954126987910627,-117.84317405361412,True,True,True,True,False,arc|Mercury_180443|policy_T,arc|Mercury_180443|reference_T
arc,T,Mercury_7159268,Mercury_7159268,0.95,T,0,0,B,B,True,True,1029.775452800095,935.414438135922,94.36101466417313,-94.36101466417313,0,-0.038576933196102905,-0.03504202803875213,-0.0035349051573507827,1191.6408139331215,1150.616002,41.02481193312144,1150.616002,-41.024811933121555,32.10509987547994,997.54583905451,0.12451387010514736,935.300423996523,0.11401413939893246,-215.20156386407803,-153.07016294548998,-8.795198187536357,-53.33620273105157,True,True,True,True,False,arc|Mercury_7159268|policy_T,arc|Mercury_7159268|reference_T
arc,T,Mercury_7221865,Mercury_7221865,0.95,R,1,1,C,C,True,True,262.072284007445,645.2283470425755,-383.1560630351305,383.1560630351305,0,0.9901823791145778,0.9758287782327578,0.01435360088181999,328.07624421272135,286.837681,41.238563212721346,791.286647,463.21040278727867,32.06936316564679,229.88738282583654,0.11553801596164703,645.1360839419067,0.09226310066878796,-146.05829995742454,-56.950298174163436,-9.053662031112907,-80.05433975214817,True,True,True,True,False,arc|Mercury_7221865|policy_T,arc|Mercury_7221865|reference_T
arc,T,Mercury_SC_401663,Mercury_SC_401663,0.95,R,1,1,B,B,True,True,233.44985698349774,963.1449240259826,-729.6950670424849,729.6950670424849,0,0.9912546181665097,0.9639191463621646,0.027335471804345163,289.31591994432404,245.335441,43.98047894432402,1197.550409,908.2344890556759,33.050684025511146,200.27341810055077,0.1257548574358225,963.0277152173221,0.1172088086605072,-234.40548497401733,-45.06202289944923,-10.804040061377052,-178.53942201319103,True,True,True,True,False,arc|Mercury_SC_401663|policy_T,arc|Mercury_SC_401663|reference_T
arc,T,Mercury_184765,Mercury_184765,0.95,R,1,1,B,B,True,True,228.7126339506358,829.3693989980966,-600.6567650474608,600.6567650474608,0,0.9914320816474821,0.9689305782022243,0.022501503445257726,287.1120218799627,246.316743,40.79527887996268,1019.867233,732.7552111200373,32.237448962405324,196.35172397829592,0.12346100993454456,829.256416996941,0.11298200115561485,-190.49783400190347,-49.96501902170408,-8.434368907622812,-132.0984460725765,True,True,True,True,False,arc|Mercury_184765|policy_T,arc|Mercury_184765|reference_T
arc,T,Mercury_7143518,Mercury_7143518,0.95,R,1,1,D,D,True,True,229.03665201738477,780.6988258380443,-551.6621738206595,551.6621738206595,0,0.9914199434446522,0.9707538508820168,0.02066609256263535,288.84613699113214,247.166518,41.67961899113214,957.892057,669.0459200088678,32.11564105004072,196.80545409210026,0.115556875243783,780.580332968384,0.1184928696602583,-177.19323116195574,-50.361063907899734,-9.448421065847633,-117.3837461882083,True,True,True,True,False,arc|Mercury_7143518|policy_T,arc|Mercury_7143518|reference_T
arc,T,MCAS_2010_8_12010,MCAS_2010_8_12010,0.95,R,1,1,C,C,True,True,262.17956910841167,1102.3599801119417,-840.18041100353,840.18041100353,0,0.9901783600537606,0.9587039415289976,0.031474418524762945,333.12084277257793,287.362202,45.758640772577884,1278.217947,945.0971042274222,31.996296951547265,230.07043986581266,0.11283229105174541,1102.2431710734963,0.11680903844535351,-175.8579668880584,-57.291762134187366,-13.649511529978874,-104.91669322389214,True,True,True,True,False,arc|MCAS_2010_8_12010|policy_T,arc|MCAS_2010_8_12010|reference_T
arc,T,Mercury_7026443,Mercury_7026443,0.95,R,1,1,D,D,True,True,261.894365074113,778.4755271859467,-516.5811621118337,516.5811621118337,0,0.9901890442247111,0.9708371389846258,0.019351905240085343,329.8221059637345,287.313791,42.508314963734506,965.277341,635.4552350362655,32.300197053700686,229.46854191832244,0.1256261020898819,778.3569239545614,0.11860323138535023,-186.80181381405328,-57.84524908167754,-10.082491807943939,-118.87407292443186,True,True,True,True,False,arc|Mercury_7026443|policy_T,arc|Mercury_7026443|reference_T
arc,T,Mercury_7250023,Mercury_7250023,0.95,R,1,1,A,A,True,True,229.5798899140209,1148.1340108439326,-918.5541209299117,918.5541209299117,0,0.9913995929381498,0.9569891776735737,0.03441041526457618,288.9105468824501,247.475621,41.4349258824501,1423.093278,1134.18273111755,31.984806060791016,197.47967785224319,0.11540600098669529,1148.017933126539,0.1160777173936367,-274.9592671560674,-49.995943147756805,-9.334713820672391,-215.6286101876383,True,True,True,True,False,arc|Mercury_7250023|policy_T,arc|Mercury_7250023|reference_T
arc,T,Mercury_SC_401714,Mercury_SC_401714,0.95,R,1,1,B,B,True,True,229.3985199648887,983.669611858204,-754.2710918933153,754.2710918933153,0,0.9914063873285118,0.9631502607675221,0.02825612656098976,287.9342521809983,247.376224,40.55802818099833,1208.242216,920.3079638190018,32.05689089372754,197.22669408656657,0.11493498459458351,983.5553171578795,0.11429470032453537,-224.5726041417961,-50.14952991343344,-8.386202302676203,-166.03687192568646,True,True,True,True,False,arc|Mercury_SC_401714|policy_T,arc|Mercury_SC_401714|reference_T
arc,T,Mercury_7100695,Mercury_7100695,0.95,R,1,1,D,D,True,True,228.55857503600419,992.0685330871493,-763.5099580511451,763.5099580511451,0,0.9914378529255231,0.9628356245793246,0.02860222834619858,289.3231729455879,245.919023,43.404149945587875,1240.834353,951.5111800544121,32.51905692741275,195.9221581928432,0.11735991574823856,991.9498809613287,0.11865212582051754,-248.7658199128507,-49.99686480715681,-10.767733102426888,-188.001222003267,True,True,True,True,False,arc|Mercury_7100695|policy_T,arc|Mercury_7100695|reference_T
arc,T,ACTAAP_2007_7_25,ACTAAP_2007_7_25,0.95,R,1,1,A,A,True,True,229.5668728183955,746.5666548814625,-516.999782063067,516.999782063067,0,0.9914000805780786,0.9720324932066612,0.019367587371417343,287.86786094708583,246.625657,41.242203947085855,922.54129,634.6734290529141,32.83970500342548,196.60049001686275,0.12667779810726643,746.4516190811992,0.11503580026328564,-175.97463511853755,-50.02516698313724,-8.27582114555311,-117.67364698984716,True,True,True,True,False,arc|ACTAAP_2007_7_25|policy_T,arc|ACTAAP_2007_7_25|reference_T
arc,T,Mercury_7135310,Mercury_7135310,0.95,R,0,0,D,D,True,True,261.34441792964935,789.8630399722606,-528.5186220426112,528.5186220426112,0,-0.009790353930298649,-0.029589454326404238,0.01979910039610559,328.48385677617455,287.155852,41.328004776174545,970.79001,642.3061532238255,32.09666186012328,229.1333309840411,0.11442508548498154,789.744958980009,0.1180809922516346,-180.92697002773946,-58.02252101595889,-9.116917830566287,-113.78753118121426,True,True,True,True,False,arc|Mercury_7135310|policy_T,arc|Mercury_7135310|reference_T
arc,T,Mercury_400905,Mercury_400905,0.95,R,0,0,A,A,True,True,261.72943878918886,905.95923201181,-644.2297932226211,644.2297932226211,0,-0.009804777389254848,-0.03393859183250193,0.02413381444324709,335.8765608593125,287.325352,48.55120885931253,1102.447394,766.5708331406875,31.766793923452497,229.8422900494188,0.12035481631755829,905.843896092847,0.11533591896295547,-196.4881619881901,-57.4830619505812,-16.664060119542476,-122.34103991806637,True,True,True,True,False,arc|Mercury_400905|policy_T,arc|Mercury_400905|reference_T
arc,T,Mercury_7159775,Mercury_7159775,0.95,R,1,0,A,B,True,True,261.91699085757136,1041.0769199952483,-779.159929137677,779.159929137677,1,0.9901881966289225,-0.0390003031102137,1.0291884997391363,330.4932748864842,287.509089,42.98418588648415,1279.401272,948.9079971135159,32.47417905367911,229.32722396217287,0.11558784171938896,1040.9575949888676,0.11932500638067722,-238.32435200475174,-58.18186503782715,-10.39441899108565,-169.74806797583892,True,True,True,True,False,arc|Mercury_7159775|policy_T,arc|Mercury_7159775|reference_T
arc,C,Mercury_7207358,Mercury_7207358,0.9,R,1,1,C,C,True,True,228.654851205647,185.7142560184002,42.9405951872468,-42.9405951872468,0,0.9914342462757875,0.9930428653853565,-0.0016086191095690146,291.1780159881537,248.045802,43.132213988153694,227.179582,-63.998433988153664,32.01559791341424,196.52397697791457,0.11527631431818008,185.60788594186306,0.10637007653713226,-41.46532598159982,-51.52182502208544,-11.001339760421274,21.057838800906865,True,True,True,True,False,arc|Mercury_7207358|policy_C,arc|Mercury_7207358|reference_C
arc,C,Mercury_SC_LBS10915,Mercury_SC_LBS10915,0.9,R,1,1,B,B,True,True,293.92859688960016,474.63216609321535,-180.7035692036152,180.7035692036152,0,0.9889889938473455,0.9822195670771597,0.006769426770185853,329.3473458687613,288.301965,41.0453808687613,588.56198,259.21463413123865,31.976965023204684,261.8315271101892,0.12010475620627403,474.5047381147742,0.1274279784411192,-113.9298139067846,-26.470437889810796,-8.94831108935034,-78.51106492762347,True,True,True,True,False,arc|Mercury_SC_LBS10915|policy_C,arc|Mercury_SC_LBS10915|reference_C
arc,C,Mercury_177398,Mercury_177398,0.9,R,1,1,B,B,True,True,228.60989696346223,246.67510390281677,-18.06520693935454,18.06520693935454,0,0.9914359303291341,0.9907591805781294,0.0006767497510047371,287.79664889229167,246.308752,41.487896892291666,303.311387,15.514738107708354,32.44874090887606,196.04828394949436,0.11287210509181023,246.5590569190681,0.11604698374867439,-56.63628309718325,-50.26046805050564,-8.926283878323794,2.550468831646185,True,True,True,True,False,arc|Mercury_177398|policy_C,arc|Mercury_177398|reference_C
arc,C,Mercury_SC_400655,Mercury_SC_400655,0.9,R,1,1,A,A,True,True,236.04362714104354,179.97667589224875,56.066951248794794,-56.066951248794794,0,0.9911574516455739,0.993257803743648,-0.0021003520980741285,290.40094005926665,247.41946,42.98148005926669,222.641662,-67.75927805926665,33.585392171517015,202.34405086375773,0.11418410576879978,179.87091792747378,0.10575796477496624,-42.66498610775125,-45.07540913624226,-9.281903781980873,11.692326810471855,True,True,True,True,False,arc|Mercury_SC_400655|policy_C,arc|Mercury_SC_400655|reference_C
arc,C,Mercury_414131,Mercury_414131,0.9,R,1,1,C,C,True,True,262.6329897902906,403.8381581194699,-141.2051683291793,141.2051683291793,0,0.9901613742348551,0.9848716168117514,0.005289757423103641,328.9359987831144,287.055772,41.88022678311443,503.872275,174.93627621688557,32.44809899479151,230.05583905614913,0.12905173934996128,403.7103191949427,0.12783892452716827,-100.03411688053012,-56.999932943850865,-9.303076048972962,-33.73110788770629,True,True,True,True,False,arc|Mercury_414131|policy_C,arc|Mercury_414131|reference_C
arc,C,Mercury_7223038,Mercury_7223038,0.9,R,1,1,C,C,True,True,261.5449200384319,216.97520790621638,44.5697121322155,-44.5697121322155,0,0.9902021349599394,0.9918717832340547,-0.0016696482741153334,330.4519340250489,287.964959,42.48697502504885,263.019927,-67.4320070250489,31.89054410904646,229.53969100490212,0.11468492448329926,216.85467287898064,0.12053502723574638,-46.04471909378361,-58.4252679950979,-10.481745991519091,22.862294892833404,True,True,True,True,False,arc|Mercury_7223038|policy_C,arc|Mercury_7223038|reference_C
arc,C,Mercury_7124338,Mercury_7124338,0.9,R,1,1,D,D,True,True,261.77586195990443,506.08342699706554,-244.3075650371611,244.3075650371611,0,0.9901934835291322,0.9810413556646407,0.009152127864491528,329.83062889001883,288.068845,41.76178389001882,627.152269,297.3216401099812,32.18809189274907,229.47157197631896,0.11619809083640575,505.9522909577936,0.13113603927195072,-121.0688420029345,-58.597273023681055,-9.457493906433342,-53.014075072820106,True,True,True,True,False,arc|Mercury_7124338|policy_C,arc|Mercury_7124338|reference_C
arc,C,MDSA_2008_5_24,MDSA_2008_5_24,0.9,C,1,1,C,C,True,True,410.20179213956,383.4698428399861,26.7319492995739,-26.7319492995739,0,0.9846332255354688,0.9856346444559988,-0.0010014189205299116,507.819295821434,466.16759,41.65170582143402,466.16759,-41.65170582143401,32.15537988580763,377.9187919571996,0.1276202965527773,383.343324996531,0.12651784345507622,-82.69774716001393,-88.24879804280044,-9.36870563907361,14.919756521860108,True,True,True,True,False,arc|MDSA_2008_5_24|policy_C,arc|MDSA_2008_5_24|reference_C
arc,C,Mercury_7018008,Mercury_7018008,0.9,R,1,1,A,A,True,True,228.35076111368835,247.65651486814022,-19.30575375445187,19.30575375445187,0,0.9914456379467883,0.9907224154511842,0.0007232224956040766,286.517343204298,244.790044,41.72729920429802,302.356093,15.838749795701972,32.333123963326216,195.90442487969995,0.11321227066218853,247.5374008063227,0.11911406181752682,-54.69957813185977,-48.88561912030005,-9.280962970309616,3.467003958749899,True,True,True,True,False,arc|Mercury_7018008|policy_C,arc|Mercury_7018008|reference_C
arc,C,Mercury_7011270,Mercury_7011270,0.9,R,1,1,B,B,True,True,261.813092045486,341.084789019078,-79.27169697359204,79.27169697359204,0,0.9901920888342786,0.9872224521526344,0.002969636681644244,328.4668948890296,286.131376,42.33551888902962,423.639777,95.17288211097036,32.33015793375671,229.3664349708706,0.11649914085865021,340.96777881495655,0.11701020412147045,-82.55498798092196,-56.764941029129375,-9.888861814414263,-15.90118513737832,True,True,True,True,False,arc|Mercury_7011270|policy_C,arc|Mercury_7011270|reference_C
arc,C,Mercury_7082145,Mercury_7082145,0.9,R,1,1,D,D,True,True,264.2283709719777,703.3258399460465,-439.09746897406876,439.09746897406876,0,0.9901016088626072,0.973652358998347,0.016449249864260267,330.62233677534255,288.110955,42.511381775342585,870.787682,540.1653452246575,32.24704205058515,231.8658430594951,0.11548586189746857,703.1839150004089,0.14192494563758373,-167.46184205395355,-56.2451119405049,-10.148853862859966,-101.06787625058871,True,True,True,True,False,arc|Mercury_7082145|policy_C,arc|Mercury_7082145|reference_C
arc,C,Mercury_SC_407314,Mercury_SC_407314,0.9,R,1,1,A,A,True,True,231.42221081070602,475.9410519618541,-244.51884115114808,244.51884115114808,0,0.9913305768337516,0.9821705342491014,0.009160042584650224,287.71987288744737,246.060473,41.65939988744736,589.167944,301.44807111255267,32.177351880818605,199.12701821886003,0.1178407110273838,475.80839321017265,0.13265875168144703,-113.22689203814593,-46.93345478113997,-9.364207295601368,-56.92922996140459,True,True,True,True,False,arc|Mercury_SC_407314|policy_C,arc|Mercury_SC_407314|reference_C
arc,C,Mercury_400934,Mercury_400934,0.9,R,1,1,C,C,True,True,228.86045696213841,378.5051719751209,-149.6447150129825,149.6447150129825,0,0.9914265439757265,0.9858206284739454,0.00560591550178108,287.80948112715913,246.623556,41.185925127159116,465.600198,177.79071687284085,32.05085499212146,196.68970699422061,0.1198949757963419,378.3856469672173,0.1195250079035759,-87.09502602487908,-49.93384900577939,-9.015175159241316,-28.14600185985836,True,True,True,True,False,arc|Mercury_400934|policy_C,arc|Mercury_400934|reference_C
arc,C,Mercury_7032340,Mercury_7032340,0.9,C,1,1,D,D,True,True,638.5996819008142,609.6015819348395,28.99809996597469,-28.99809996597469,0,0.9760770979724231,0.9771634102962987,-0.0010863123238756,790.3735900492849,748.623056,41.750534049284816,748.623056,-41.75053404928485,32.1281289216131,606.3337151426822,0.1378378365188837,609.4606679398566,0.14091399498283863,-139.02147406516053,-142.28934085731782,-9.484567291152835,12.752434083310163,True,True,True,True,False,arc|Mercury_7032340|policy_C,arc|Mercury_7032340|reference_C
arc,C,TIMSS_2007_4_pg90,TIMSS_2007_4_pg90,0.9,R,1,1,C,C,True,True,262.87586498074234,218.437371077016,44.43849390372634,-44.43849390372634,0,0.9901522757658912,0.991817008408331,-0.0016647326424397355,329.9753530918333,288.109001,41.866352091833356,264.564934,-65.41041909183332,32.19813108444214,230.56077491492033,0.1169589813798666,218.32488989457488,0.11248118244111538,-46.127562922984,-57.54822608507965,-9.55126202601135,20.97192518810698,True,True,True,True,False,arc|TIMSS_2007_4_pg90|policy_C,arc|TIMSS_2007_4_pg90|reference_C
arc,C,Mercury_7144795,Mercury_7144795,0.9,R,0,0,C,C,True,True,229.3185698799789,218.6671511735767,10.651418706402183,-10.651418706402183,0,-0.008590617621376832,-0.00819159949877223,-0.000399018122604602,287.4472779524913,246.282953,41.164324952491285,264.24504,-23.20223795249126,32.345477025955915,196.8566041905433,0.11648866347968578,218.5577058698982,0.10944530367851257,-45.577888826423305,-49.4263488094567,-8.702359263055683,12.550819246089077,True,True,True,True,False,arc|Mercury_7144795|policy_C,arc|Mercury_7144795|reference_C
arc,C,Mercury_7183733,Mercury_7183733,0.9,R,1,0,B,D,True,True,230.21568008698523,285.41273809969425,-55.19705801270902,55.19705801270902,1,0.9913757752845416,-0.010691989308008978,1.0020677645925504,288.9757759264699,246.792976,42.18279992646992,346.741042,57.765266073530086,32.9155339859426,197.1847591921687,0.11538690887391567,285.2883448358625,0.12439326383173466,-61.32830390030574,-49.6082168078313,-9.1518790316534,-2.568208060821064,True,True,True,True,False,arc|Mercury_7183733|policy_C,arc|Mercury_7183733|reference_C
arc,C,Mercury_7185133,Mercury_7185133,0.9,C,0,0,D,D,True,True,308.66572191007435,275.88427904993296,32.7814428601414,-32.7814428601414,0,-0.011563080962625483,-0.01033503893865909,-0.0012280420239663948,385.3067718599504,343.474725,41.832046859950424,343.474725,-41.832046859950424,32.29508106596768,276.2526299338788,0.11801091022789478,275.76801110990345,0.11626794002950191,-67.59044595006702,-67.2220950661212,-9.41895488375485,9.050603999809027,True,True,True,True,False,arc|Mercury_7185133|policy_C,arc|Mercury_7185133|reference_C
arc,C,NYSEDREGENTS_2014_4_17,NYSEDREGENTS_2014_4_17,0.9,C,1,1,C,C,True,True,340.95431095920503,310.5336050502956,30.42070590890944,-30.42070590890944,0,0.9872273400564833,0.9883669453329883,-0.0011396052765049792,424.15882504063654,382.209787,41.94903804063654,382.209787,-41.94903804063654,33.07127603329718,307.75810102932155,0.12493389658629894,310.4113459121436,0.12225913815200329,-71.67618194970441,-74.45168597067845,-8.752828110753057,11.528332131727097,True,True,True,True,False,arc|NYSEDREGENTS_2014_4_17|policy_C,arc|NYSEDREGENTS_2014_4_17|reference_C
arc,C,Mercury_7141698,Mercury_7141698,0.9,R,1,1,B,B,True,True,261.8051371537149,249.77415706962347,12.030980084091425,-12.030980084091425,0,0.9901923868364573,0.9906430853977073,-0.00045069856125006734,330.1572242341721,289.598794,40.55843023417211,306.664358,-23.492866234172084,32.03851985745132,229.65049999766052,0.11611729860305786,249.65224810875952,0.12190896086394787,-56.89020093037652,-59.94829400233948,-8.40379307811773,11.461886150080659,True,True,True,True,False,arc|Mercury_7141698|policy_C,arc|Mercury_7141698|reference_C
arc,C,MCAS_1998_4_8,MCAS_1998_4_8,0.9,R,1,1,B,B,True,True,232.38099995069206,180.13315205462277,52.24784789606929,-52.24784789606929,0,0.9912946591543179,0.9932519419118805,-0.001957282757562567,286.94096290518485,245.705643,41.235319905184866,221.975474,-64.96548890518486,32.51430206000805,199.74674377590418,0.11995411477982998,180.0276751164347,0.10547693818807602,-41.84232194537722,-45.95889922409583,-8.601063730396987,12.717641009115567,True,True,True,True,False,arc|MCAS_1998_4_8|policy_C,arc|MCAS_1998_4_8|reference_C
arc,C,Mercury_SC_400845,Mercury_SC_400845,0.9,R,1,1,B,B,True,True,261.60101499408484,212.03440497629344,49.56661001779139,-49.56661001779139,0,0.9902000335587543,0.9920568731233548,-0.001856839564600512,328.38955688508963,286.99129,41.39826688508963,262.591547,-65.79800988508964,32.51976193860173,228.96844102069736,0.11281203478574753,211.92394918762147,0.11045578867197037,-50.55714202370655,-58.02284897930264,-8.765692911702153,16.23139986729825,True,True,True,True,False,arc|Mercury_SC_400845|policy_C,arc|Mercury_SC_400845|reference_C
arc,C,Mercury_7205345,Mercury_7205345,0.9,R,1,1,D,D,True,True,262.2287019621581,478.0815679114312,-215.8528659492731,215.8528659492731,0,0.9901765194633565,0.9820903473107087,0.008086172152647855,327.86901385937284,286.624097,41.24491685937286,585.518564,257.6495501406271,32.52440085634589,229.58601894788444,0.11828215792775154,477.95147402212024,0.130093889310956,-107.43699608856878,-57.038078052115566,-8.602233845099214,-41.79668419135402,True,True,True,True,False,arc|Mercury_7205345|policy_C,arc|Mercury_7205345|reference_C
arc,C,Mercury_7068863,Mercury_7068863,0.9,R,1,1,C,C,True,True,261.5078098606318,478.5770680755377,-217.06925821490586,217.06925821490586,0,0.9902035251628676,0.9820717851312768,0.008131740031590761,328.8686040455967,287.183694,41.684910045596716,586.175464,257.3068599544033,32.07439719699323,229.31851795874536,0.11489470489323139,478.4433871973306,0.13368087820708752,-107.59839592446235,-57.86517604125464,-9.495618143710253,-40.23760173949745,True,True,True,True,False,arc|Mercury_7068863|policy_C,arc|Mercury_7068863|reference_C
arc,C,MCAS_1998_8_2,MCAS_1998_8_2,0.9,R,1,1,C,C,True,True,261.2084378488362,309.23469993285835,-48.026262084022164,48.026262084022164,0,0.9902147400875081,0.9884156042671347,0.0017991358203733657,329.44385197211545,286.71534,42.7285119721154,381.255158,51.81130602788454,32.45027200318873,228.64274005405605,0.11542579159140587,309.111719019711,0.12298091314733028,-72.02045806714165,-58.07259994594398,-10.162814177335264,-3.7850439438623766,True,True,True,True,False,arc|MCAS_1998_8_2|policy_C,arc|MCAS_1998_8_2|reference_C
arc,C,Mercury_7158673,Mercury_7158673,0.9,R,1,1,D,D,True,True,262.1862629894167,410.57194117456675,-148.38567818515003,148.38567818515003,0,0.9901781092909369,0.9846193591973684,0.005558750093568388,328.6695059573632,287.445527,41.22397895736313,504.80193,176.13242404263684,32.10043697617948,229.96906703338027,0.11675897985696793,410.4467760771513,0.12516509741544724,-94.22998882543328,-57.47645996661976,-9.006783001326681,-27.746745857486815,True,True,True,True,False,arc|Mercury_7158673|policy_C,arc|Mercury_7158673|reference_C
arc,C,Mercury_7014368,Mercury_7014368,0.9,R,1,1,C,C,True,True,262.4993100762367,478.63847203552723,-216.1391619592905,216.1391619592905,0,0.9901663820774723,0.9820694848468254,0.00809689723064687,328.8465650820966,288.817066,40.02949908209658,585.403452,256.5568869179034,32.42006502114236,229.96217501349747,0.1170700415968895,478.51019096560776,0.12828106991946697,-106.76497996447279,-58.85489098650254,-7.492364019357325,-40.417724958612894,True,True,True,True,False,arc|Mercury_7014368|policy_C,arc|Mercury_7014368|reference_C
arc,C,Mercury_7228603,Mercury_7228603,0.9,R,1,1,C,C,True,True,228.33772795274854,411.3488979637623,-183.01117001101375,183.01117001101375,0,0.9914461261885478,0.9845902532305564,0.006855872957991388,296.11585506901525,247.292229,48.82362606901526,506.621465,210.50560993098475,31.999147031456232,196.22221402823925,0.11636689305305481,411.2221000250429,0.12679793871939182,-95.27256703623772,-51.07001497176074,-16.708112144505975,-27.494439919971,True,True,True,True,False,arc|Mercury_7228603|policy_C,arc|Mercury_7228603|reference_C
arc,C,Mercury_7138688,Mercury_7138688,0.9,R,1,1,D,D,True,True,229.07525091432035,414.6959849167615,-185.62073400244117,185.62073400244117,0,0.991418497472072,0.9844648663324357,0.00695363113963625,290.51418994976916,248.053756,42.46043394976914,465.667877,175.15368705023081,32.12995198555291,196.82376203127205,0.12153689749538898,414.5655808970332,0.13040401972830296,-50.97189208323846,-51.22999396872794,-10.208945066720844,10.467046952210353,True,True,True,True,False,arc|Mercury_7138688|policy_C,arc|Mercury_7138688|reference_C
arc,C,Mercury_7026198,Mercury_7026198,0.9,R,1,1,A,A,True,True,228.8077799603343,410.3580510709435,-181.55027111060917,181.55027111060917,0,0.9914285173352332,0.9846273718415001,0.006801145493733112,290.0511676899787,247.702734,42.34843368997872,505.958142,215.90697431002133,32.4739059433341,196.21911807917058,0.11475593782961369,410.2330859750509,0.12496509589254856,-95.60009092905653,-51.48361592082941,-9.759771808815003,-34.35670319941215,True,True,True,True,False,arc|Mercury_7026198|policy_C,arc|Mercury_7026198|reference_C
arc,C,Mercury_7015435,Mercury_7015435,0.9,R,1,1,A,A,True,True,228.92321599647403,179.29244716651738,49.63076882995665,-49.63076882995665,0,0.9914241929281573,0.9932834359781042,-0.0018592430499468665,287.8818489939667,246.732391,41.1494579939667,222.675237,-65.20661199396667,32.01827104203403,196.79057993926108,0.11436501517891884,179.1887020226568,0.10374514386057854,-43.38278983348263,-49.94181106073893,-9.01682193675375,15.575843164010024,True,True,True,True,False,arc|Mercury_7015435|policy_C,arc|Mercury_7015435|reference_C
arc,C,Mercury_7251685,Mercury_7251685,0.9,R,1,1,B,B,True,True,228.12461806461215,179.55103190615773,48.57358615845442,-48.57358615845442,0,0.9914541096046369,0.9932737490058623,-0.0018196394012254629,287.48487212603436,245.797827,41.68704512603438,222.367565,-65.11730712603435,32.428832026198506,195.58289484120905,0.11289119720458984,179.44533308036625,0.10569882579147816,-42.81653309384228,-50.21493215879096,-9.14532190263128,16.54372096757993,True,True,True,True,False,arc|Mercury_7251685|policy_C,arc|Mercury_7251685|reference_C
arc,C,MCAS_2006_5_29,MCAS_2006_5_29,0.9,R,1,1,D,D,True,True,261.58671802841127,509.0012310538441,-247.41451302543283,247.41451302543283,0,0.9902005691445349,0.9809320503477664,0.009268518796768481,330.064148880394,288.311832,41.752316880393984,630.282282,300.218133119606,31.946838134899735,229.52337097376585,0.11650891974568367,508.86692805215716,0.13430300168693066,-121.28105094615591,-58.78846102623413,-9.688969825748565,-52.8036200941732,True,True,True,True,False,arc|MCAS_2006_5_29|policy_C,arc|MCAS_2006_5_29|reference_C
arc,C,NYSEDREGENTS_2014_4_13,NYSEDREGENTS_2014_4_13,0.9,R,1,1,B,B,True,True,262.3719710391015,277.11709099821746,-14.745119959115982,14.745119959115982,0,0.9901711523888207,0.9896187780764553,0.0005523743123655165,328.1673160088353,286.667507,41.499809008835314,342.576896,14.409579991164662,32.37246605567634,229.8816740512848,0.11783093214035034,276.9976470153779,0.11944398283958435,-65.45980500178251,-56.78583294871521,-9.009512021018622,0.3355399679513198,True,True,True,True,False,arc|NYSEDREGENTS_2014_4_13|policy_C,arc|NYSEDREGENTS_2014_4_13|reference_C
arc,C,Mercury_412551,Mercury_412551,0.9,R,1,1,D,D,True,True,261.7795302066952,249.32615691795945,12.453373288735747,-12.453373288735747,0,0.9901933461111048,0.9906598681554197,-0.00046652204431498655,345.40862019940556,288.111574,57.29704619940555,303.39888,-42.00974019940554,31.874100910499692,229.7926670871675,0.1127622090280056,249.2040079087019,0.12214900925755501,-54.07272308204057,-58.31890691283252,-25.310183079877852,29.556366910669794,True,True,True,True,False,arc|Mercury_412551|policy_C,arc|Mercury_412551|reference_C
arc,C,Mercury_7044678,Mercury_7044678,0.9,R,1,1,A,A,True,True,232.5095410924405,507.09057692438364,-274.58103583194315,274.58103583194315,0,0.9912898438103275,0.981003626317569,0.010286217492758468,287.7162642011954,247.354496,40.36176820119536,545.727265,258.0110007988046,32.145550940185785,200.250277062878,0.113713089376688,506.96057290770113,0.1300040166825056,-38.63668807561635,-47.104218937122,-8.102504171632887,16.570035033138538,True,True,True,True,False,arc|Mercury_7044678|policy_C,arc|Mercury_7044678|reference_C
arc,C,Mercury_7270008,Mercury_7270008,0.9,R,1,1,C,C,True,True,229.79727503843606,385.9911058098078,-156.19383077137172,156.19383077137172,0,0.9913914493652966,0.9855401941630809,0.005851255202215725,292.1520227517097,246.504832,45.6471907517097,466.572254,174.4202312482903,32.431758008897305,197.24299805238843,0.122518977150321,385.86652209050953,0.12458371929824352,-80.58114819019221,-49.261833947611564,-13.092913765662075,-18.22640047691857,True,True,True,True,False,arc|Mercury_7270008|policy_C,arc|Mercury_7270008|reference_C
arc,C,MDSA_2011_5_20,MDSA_2011_5_20,0.9,R,1,1,D,D,True,True,265.79380803741515,569.6789950598031,-303.885187022388,303.885187022388,0,0.9900429652418724,0.9786589702872717,0.011383994954600667,329.28209282526063,287.289942,41.99215082526064,706.133675,376.8515821747394,33.452853094786406,232.21841594204307,0.12253900058567524,569.5459959097207,0.132999150082469,-136.4546799401969,-55.07152605795693,-8.416758729888556,-72.96639515235142,True,True,True,True,False,arc|MDSA_2011_5_20|policy_C,arc|MDSA_2011_5_20|reference_C
arc,C,Mercury_7130603,Mercury_7130603,0.9,R,0,1,B,C,True,True,228.64671796560287,244.0522969700396,-15.405579004436731,15.405579004436731,-1,-0.008565449040840091,0.9908574348602226,-0.9994228839010626,288.15595766759475,246.214173,41.94178466759479,303.028389,14.872431332405256,32.26424288004637,196.26805116422474,0.11442392133176327,243.9355980604887,0.11669890955090523,-58.9760920299604,-49.946121835775244,-9.563117866216658,0.5331476720314754,True,True,True,True,False,arc|Mercury_7130603|policy_C,arc|Mercury_7130603|reference_C
arc,C,Mercury_7246348,Mercury_7246348,0.9,R,1,1,A,A,True,True,230.26050394400954,243.7070889864117,-13.446585042402148,13.446585042402148,0,0.9913740961156186,0.990870366869125,0.0005037292464934705,287.417523911926,245.700042,41.71748191192603,302.116718,14.699194088073966,32.54992002621293,197.59624009020627,0.11434382759034634,243.5852901544422,0.12179883196949959,-58.4096290135883,-48.10380190979373,-9.053218058122752,-1.252609045671818,True,True,True,True,False,arc|Mercury_7246348|policy_C,arc|Mercury_7246348|reference_C
arc,C,Mercury_417146,Mercury_417146,0.9,R,1,1,A,A,True,True,229.16573216207325,275.81039094366133,-46.64465878158808,46.64465878158808,0,0.991415107908803,0.9896677290206392,0.0017473788881639304,292.505491331692,245.973699,46.53179233169198,343.003411,50.49791966830804,32.49227115884423,196.5585050638765,0.11495593935251236,275.6941430270672,0.11624791659414768,-67.1930200563387,-49.4151939361235,-13.924565233495237,-3.8532608867199656,True,True,True,True,False,arc|Mercury_417146|policy_C,arc|Mercury_417146|reference_C
arc,C,Mercury_192290,Mercury_192290,0.9,R,1,1,D,D,True,True,260.72019315324724,378.37122683413327,-117.65103368088603,117.65103368088603,0,0.9902330304662056,0.9858256462598537,0.004407384206351879,329.74725415408363,286.082292,43.66496215408361,466.968352,137.22109784591635,32.05024194903672,228.55333192273974,0.1166192814707756,378.244549036026,0.12667779810726643,-88.59712516586671,-57.52896007726025,-11.498100923576118,-19.570064165030317,True,True,True,True,False,arc|Mercury_192290|policy_C,arc|Mercury_192290|reference_C
arc,C,Mercury_7018148,Mercury_7018148,0.9,R,1,1,B,B,True,True,262.1493029873818,275.55058407597244,-13.401281088590622,13.401281088590622,0,0.9901794938680556,0.989677461775631,0.000502032092424635,328.53816001506164,286.084286,42.453874015061615,342.356339,13.818178984938356,32.25645795464516,229.775024112314,0.11782092042267323,275.43461695313454,0.11596712283790112,-66.80575492402755,-56.309261887686034,-10.079595139993785,-0.41689789634773433,True,True,True,True,False,arc|Mercury_7018148|policy_C,arc|Mercury_7018148|reference_C
arc,C,Mercury_SC_407695,Mercury_SC_407695,0.9,R,1,1,D,D,True,True,261.6248200647533,442.5310918595642,-180.9062717948109,180.9062717948109,0,0.9901991417850978,0.9834221214717779,0.006777020313319913,346.1998149445857,287.947684,58.25213094458568,548.274545,202.0747300554143,32.15697221457958,229.35164999216795,0.1161978580057621,442.39980611018836,0.13128574937582016,-105.7434531404358,-58.59603400783203,-25.978960872000336,-21.168458260603416,True,True,True,True,False,arc|Mercury_SC_407695|policy_C,arc|Mercury_SC_407695|reference_C
arc,C,Mercury_SC_400172,Mercury_SC_400172,0.9,R,1,1,A,A,True,True,229.09742291085422,243.83613117970526,-14.738708268851042,14.738708268851042,0,0.9914176668758223,0.9908655327549921,0.0005521341208302141,286.6955579031543,245.283615,41.411942903154255,307.27599,20.580432096845698,32.50123793259263,196.48143998347223,0.11474499478936195,243.720144033432,0.11598714627325535,-63.43985882029472,-48.80217501652777,-8.795959975772263,-5.841723827994656,True,True,True,True,False,arc|Mercury_SC_400172|policy_C,arc|Mercury_SC_400172|reference_C
arc,C,Mercury_7264023,Mercury_7264023,0.9,R,1,1,D,D,True,True,232.3630170430988,245.77604001387954,-13.41302297078073,13.41302297078073,0,0.9912953328210119,0.9907928608600668,0.0005024719609451097,288.45619548887123,246.669212,41.786983488871215,303.167643,14.711447511128767,32.44417114183307,199.8032690025866,0.11557689867913723,245.65670592710376,0.11933408677577972,-57.39160298612046,-46.865942997413384,-9.22723544835901,-1.2984245403480372,True,True,True,True,False,arc|Mercury_7264023|policy_C,arc|Mercury_7264023|reference_C
arc,C,MCAS_2000_8_10,MCAS_2000_8_10,0.9,R,1,1,B,B,True,True,261.64650986902416,210.87776706553996,50.7687428034842,-50.7687428034842,0,0.9901983292524936,0.9921002025145282,-0.0019018732620346643,328.7246900313876,286.470625,42.25406503138757,261.397632,-67.3270580313876,32.370822969824076,229.1594590060413,0.11622789315879345,210.76778997667134,0.10997708886861801,-50.51986493446003,-57.311165993958696,-9.7670141684047,16.558315227903392,True,True,True,True,False,arc|MCAS_2000_8_10|policy_C,arc|MCAS_2000_8_10|reference_C
arc,C,Mercury_7207620,Mercury_7207620,0.9,R,1,1,A,A,True,True,261.17585715837777,284.3414288945496,-23.16557173617184,23.16557173617184,0,0.9902159606090459,0.9893481435418534,0.0008678170671925229,329.56745091618774,287.23021,42.33724091618776,263.536682,-66.03076891618775,32.368950080126524,228.6925627849996,0.11434429325163364,284.2256419826299,0.11578691191971302,20.804746894549623,-58.53764721500039,-9.853946542809602,89.1963406523596,True,True,True,True,False,arc|Mercury_7207620|policy_C,arc|Mercury_7207620|reference_C
arc,C,TIMSS_2003_8_pg14,TIMSS_2003_8_pg14,0.9,C,0,0,D,D,True,True,403.05729978717864,371.36875512078404,31.68854466639459,-31.68854466639459,0,-0.015099131063779594,-0.013912030645573632,-0.0011871004182059624,504.0649283129859,462.398944,41.6659843129859,462.398944,-41.66598431298593,31.98745404370129,370.94297795556486,0.12686778791248798,371.2401739321649,0.1285811886191368,-91.03018887921593,-91.45596604443512,-9.55166248137212,9.977439646591336,True,True,True,True,False,arc|TIMSS_2003_8_pg14|policy_C,arc|TIMSS_2003_8_pg14|reference_C
arc,C,MCAS_2009_8_5,MCAS_2009_8_5,0.9,R,1,1,D,D,True,True,229.1695678140968,508.21721903048456,-279.04765121638775,279.04765121638775,0,0.9914149642195245,0.9809614206142335,0.010453543605290938,288.8193711402092,247.45702,41.3623511402092,627.259114,338.4397428597907,31.97307698428631,197.0794009976089,0.11708983220160007,508.08661500923336,0.13060402125120163,-119.0418949695154,-50.3776190023911,-9.27218432372129,-59.39209164340298,True,True,True,True,False,arc|MCAS_2009_8_5|policy_C,arc|MCAS_2009_8_5|reference_C
arc,C,Mercury_7215180,Mercury_7215180,0.9,R,1,1,C,C,True,True,261.83619583025575,281.2846670858562,-19.448471255600452,19.448471255600452,0,0.9901912233318438,0.9894626544245607,0.0007285689072831986,342.45284101389694,287.759028,54.69381301389694,344.146229,1.6933879861030618,32.32777211815119,229.39368896186352,0.11473475024104118,281.1648021452129,0.11986494064331055,-62.861561914143806,-58.36533903813648,-22.251306145504714,17.75508326949739,True,True,True,True,False,arc|Mercury_7215180|policy_C,arc|Mercury_7215180|reference_C
arc,C,Mercury_SC_415354,Mercury_SC_415354,0.9,R,1,1,C,C,True,True,228.8769199512899,180.2599811926484,48.61693875864148,-48.61693875864148,0,0.9914259272474573,0.9932471907021175,-0.001821263454660361,287.99720782100843,246.367152,41.63005582100844,222.104418,-65.89278982100842,32.50868292525411,196.25474396161735,0.1134930644184351,180.15293986536562,0.10704132728278637,-41.8444368073516,-50.112408038382654,-9.007879831335899,17.27585106236694,True,True,True,True,False,arc|Mercury_SC_415354|policy_C,arc|Mercury_SC_415354|reference_C
arc,C,Mercury_7171938,Mercury_7171938,0.9,R,1,1,D,D,True,True,278.57019612565637,217.56295301020145,61.00724311545491,-61.00724311545491,0,0.9895643425786235,0.9918497654208012,-0.0022854228421777894,329.9446310742542,288.455954,41.488677074254156,262.860304,-67.08432707425419,35.329211037606,243.119748076424,0.1212370116263628,217.45055192150176,0.11240108869969845,-45.29735098979853,-45.33620592357602,-6.038229025021792,6.077083958799278,True,True,True,True,False,arc|Mercury_7171938|policy_C,arc|Mercury_7171938|reference_C
arc,C,MCAS_1999_8_22,MCAS_1999_8_22,0.9,R,1,1,B,B,True,True,228.86584815569222,307.9557509627193,-79.0899028070271,79.0899028070271,0,0.9914263420135287,0.9884635156140679,0.0029628263994609318,287.18855993914406,245.854755,41.33380493914402,380.706052,93.51749206085594,32.58016495965421,196.1689239833504,0.11675921268761158,307.83095699734986,0.12479396536946297,-72.75030103728068,-49.685831016649615,-8.636880766802193,-14.427589253828842,True,True,True,True,False,arc|MCAS_1999_8_22|policy_C,arc|MCAS_1999_8_22|reference_C
arc,C,MEA_2016_5_7,MEA_2016_5_7,0.9,R,1,1,B,B,True,True,261.9238500483334,544.6224689949304,-282.698618946597,282.698618946597,0,0.9901879396733473,0.9795976253401792,0.010590314333168009,328.25271700848555,287.55836,40.694357008485554,665.936566,337.6838489915144,31.977221835404634,229.83133210800588,0.11529610492289066,544.4849720224738,0.13749697245657444,-121.31409700506958,-57.72702789199411,-8.601839068158029,-54.985230044917444,True,True,True,True,False,arc|MEA_2016_5_7|policy_C,arc|MEA_2016_5_7|reference_C
arc,C,MCAS_2005_8_5,MCAS_2005_8_5,0.9,R,1,1,D,D,True,True,261.61939022131264,508.8537628762424,-247.23437265492976,247.23437265492976,0,0.9901993451951783,0.9809375747269118,0.009261770468266454,332.1086666531346,287.443885,44.66478165313458,628.654345,296.54567834686543,32.18166599981487,229.3213161174208,0.11640810407698154,508.7207639589906,0.13299891725182533,-119.80058212375764,-58.12256888257923,-12.366707549242733,-49.31130569193567,True,True,True,True,False,arc|MCAS_2005_8_5|policy_C,arc|MCAS_2005_8_5|reference_C
arc,C,Mercury_7141908,Mercury_7141908,0.9,R,1,1,C,C,True,True,261.71866501681507,217.3770139925182,44.34165102429688,-44.34165102429688,0,0.9901956262124196,0.991856730975325,-0.0016611047629053086,329.121536368056,287.693091,41.42844536805606,263.312924,-65.808612368056,32.02584385871887,229.57333805970848,0.1194830983877182,217.26621594280005,0.11079804971814156,-45.93591000748182,-58.119752940291505,-9.28311841094947,21.466961343759124,True,True,True,True,False,arc|Mercury_7141908|policy_C,arc|Mercury_7141908|reference_C
arc,C,Mercury_7027230,Mercury_7027230,0.9,R,1,1,A,A,True,True,228.22108399122953,349.701456958428,-121.48037296719849,121.48037296719849,0,0.9914504958463203,0.98689965884603,0.004550837000290214,288.7700433445482,246.174592,42.59545134454822,425.431597,136.66155365545183,31.96668205782771,196.14155101589859,0.11285091750323772,349.5725248940289,0.1289320643991232,-75.73014004157199,-50.033040984101405,-10.515918369217275,-15.181180688253335,True,True,True,True,False,arc|Mercury_7027230|policy_C,arc|Mercury_7027230|reference_C
arc,C,Mercury_SC_405973,Mercury_SC_405973,0.9,R,1,1,B,B,True,True,228.69163611903787,217.70459692925215,10.987039189785719,-10.987039189785719,0,0.9914328682577519,0.991844459227118,-0.0004115909693660249,288.0453521619083,246.343812,41.70154016190827,263.975656,-24.06969616190827,32.128094928339124,196.4480651076883,0.1154760830104351,217.5943700131029,0.11022691614925861,-46.27105907074787,-49.895746892311706,-9.45796915055871,13.08265697212255,True,True,True,True,False,arc|Mercury_SC_405973|policy_C,arc|Mercury_SC_405973|reference_C
arc,C,Mercury_7245053,Mercury_7245053,0.9,R,1,1,B,B,True,True,228.54121401906013,505.5320980027318,-276.99088398367167,276.99088398367167,0,0.9914385032952606,0.9810620092757999,0.010376494019460673,288.39789907403696,245.891608,42.50629107403696,625.975076,337.577176925963,32.44178299792111,195.98406506702304,0.11536595411598682,505.40615106001496,0.12594694271683693,-120.44297799726814,-49.90754293297695,-9.949142121999863,-60.58629294229132,True,True,True,True,False,arc|Mercury_7245053|policy_C,arc|Mercury_7245053|reference_C
arc,C,Mercury_7198380,Mercury_7198380,0.9,R,1,1,D,D,True,True,228.66322216577828,539.3844849895686,-310.7212628237903,310.7212628237903,0,0.9914339326870639,0.9797938480783575,0.011640084608706441,288.23599298353304,246.606027,41.629965983533026,667.281844,379.04585101646694,32.037775963544846,196.51047117076814,0.11497503146529198,539.2473470419645,0.13713794760406017,-127.89735901043139,-50.09555582923187,-9.477214988522888,-68.32458819267663,True,True,True,True,False,arc|Mercury_7198380|policy_C,arc|Mercury_7198380|reference_C
arc,C,NCEOGA_2013_5_43,NCEOGA_2013_5_43,0.9,R,1,1,B,B,True,True,261.99688599444926,442.55016604438424,-180.55328004993498,180.55328004993498,0,0.9901852036372468,0.983421406924202,0.006763796713044896,329.99880386432216,287.333562,42.665241864322184,545.708712,215.70990813567784,32.35852695070207,229.52179098501801,0.11656805872917175,442.423467990011,0.1266980543732643,-103.15854595561575,-57.81177101498196,-10.19014685489094,-35.15662808574285,True,True,True,True,False,arc|NCEOGA_2013_5_43|policy_C,arc|NCEOGA_2013_5_43|reference_C
arc,C,Mercury_SC_402239,Mercury_SC_402239,0.9,R,1,1,C,C,True,True,261.8598199915141,507.2821679059416,-245.42234791442752,245.42234791442752,0,0.9901903383353252,0.9809964490320001,0.00919388930332514,329.6380730138147,287.175954,42.462119013814686,627.968761,298.3306879861853,32.18248696066439,229.56282901577652,0.1145040150731802,507.15220416896045,0.1299637369811535,-120.68659309405837,-57.613124984223475,-10.165128038077114,-52.90834007175778,True,True,True,True,False,arc|Mercury_SC_402239|policy_C,arc|Mercury_SC_402239|reference_C
arc,C,Mercury_SC_412337,Mercury_SC_412337,0.9,R,0,0,C,C,True,True,229.00567413307726,186.09849619679153,42.907177936285734,-42.907177936285734,0,-0.008578896077332693,-0.0069715288281128615,-0.0016073672492198316,287.80404600497303,246.41145,41.39259600497305,224.19543,-63.608616004973044,32.14930510148406,196.74288597889245,0.11348305270075798,185.99062296561897,0.10787323117256165,-38.09693380320846,-49.66856402110756,-9.129807850788232,20.70143806868731,True,True,True,True,False,arc|Mercury_SC_412337|policy_C,arc|Mercury_SC_412337|reference_C
arc,C,Mercury_7238963,Mercury_7238963,0.9,R,1,1,A,A,True,True,232.82848089002073,186.0189870931208,46.809493796899915,-46.809493796899915,0,0.9912778958470784,0.9930314497021798,-0.0017535538551014048,288.3212041598053,246.517811,41.803393159805296,223.780437,-64.54076715980528,32.09028416313231,200.62354300171137,0.11465372517704964,185.91140490025282,0.10758219286799431,-37.76144990687919,-45.894267998288626,-9.598455271495936,17.73127336290537,True,True,True,True,False,arc|Mercury_7238963|policy_C,arc|Mercury_7238963|reference_C
arc,C,Mercury_412683,Mercury_412683,0.9,R,1,1,D,D,True,True,261.62875699810684,381.57322304323316,-119.94446604512632,119.94446604512632,0,0.9901989943016687,0.9857056946786457,0.004493299623023064,328.0395431029103,286.758055,41.28148810291028,464.651565,136.61202189708973,32.07907290197909,229.43159192800522,0.11809216812252998,381.4460141584277,0.1272088848054409,-83.07834195676685,-57.326463071994795,-9.084323032808662,-16.667555851963414,True,True,True,True,False,arc|Mercury_412683|policy_C,arc|Mercury_412683|reference_C
arc,C,ACTAAP_2009_5_5,ACTAAP_2009_5_5,0.9,R,1,1,B,B,True,True,229.05709012411535,313.8809681404382,-84.82387801632285,84.82387801632285,0,0.9914191778025155,0.988241548090356,0.003177629712159484,286.9124909542531,246.228304,40.68418695425308,383.988181,97.07569004574691,32.07497508265078,196.86655793339014,0.11555710807442665,313.7685980182141,0.11237012222409248,-70.1072128595618,-49.36174606660987,-8.493654763527871,-12.251812029424059,True,True,True,True,False,arc|ACTAAP_2009_5_5|policy_C,arc|ACTAAP_2009_5_5|reference_C
arc,C,Mercury_SC_401244,Mercury_SC_401244,0.9,R,1,1,D,D,True,True,229.33815699070692,247.23026785068214,-17.89211085997522,17.89211085997522,0,0.9914086486160733,0.9907383833038581,0.0006702653122151288,286.8090968324177,245.282057,41.52703983241773,302.784667,15.975570167582305,32.56717813201249,196.65445992723107,0.11651893146336079,247.1125670708716,0.11770077981054783,-55.554399149317874,-48.627597072768936,-8.84334276894188,1.916540692392914,True,True,True,True,False,arc|Mercury_SC_401244|policy_C,arc|Mercury_SC_401244|reference_C
arc,C,AIMS_2009_4_29,AIMS_2009_4_29,0.9,R,1,1,D,D,True,True,261.7816140409559,638.3513640612364,-376.5697500202805,376.5697500202805,0,0.9901932680475475,0.9760864003311877,0.014106867716359873,328.35271195451605,287.058942,41.29376995451605,790.889207,462.536495045484,32.17678610235453,229.48758793063462,0.11724000796675682,638.2133848965168,0.1379791647195816,-152.53784293876367,-57.571354069365384,-8.999743844194768,-85.96674502520352,True,True,True,True,False,arc|AIMS_2009_4_29|policy_C,arc|AIMS_2009_4_29|reference_C
arc,C,Mercury_7018445,Mercury_7018445,0.9,R,1,1,D,D,True,True,260.38139895536005,243.68564994074404,16.695749014616013,-16.695749014616013,0,0.9902457222050731,0.9908711700079358,-0.0006254478028626819,327.20063734035745,285.872402,41.32823534035742,301.465977,-25.734660340357436,32.432146137580276,227.8313608840108,0.11789193376898766,243.5670478735119,0.11860206723213196,-57.78032705925597,-58.04104111598923,-8.77819726900816,9.038911325741424,True,True,True,True,False,arc|Mercury_7018445|policy_C,arc|Mercury_7018445|reference_C
arc,C,Mercury_7103215,Mercury_7103215,0.9,R,1,1,C,C,True,True,261.35195791721344,378.60640906728804,-117.2544511500746,117.2544511500746,0,0.9902093636104567,0.9858168359806102,0.004392527629846531,327.44562887340237,286.324887,41.12074187340236,384.70787,57.262241126597644,32.22401486709714,229.01050304062665,0.1174400094896555,378.4832488745451,0.12316019274294376,-6.101460932711973,-57.314383959373345,-8.779286996815564,59.99221002347696,True,True,True,True,False,arc|Mercury_7103215|policy_C,arc|Mercury_7103215|reference_C
arc,C,Mercury_7032743,Mercury_7032743,0.9,R,1,1,C,C,True,True,228.800259064883,179.6142461244017,49.186012940481305,-49.186012940481305,0,0.9914287990792586,0.9932713809064212,-0.0018425818271626073,287.797533159839,245.888462,41.90907115983904,222.243444,-65.55408915983901,32.77487913146615,195.90934203006327,0.11603790335357189,179.50704600661993,0.10720011778175831,-42.62919787559832,-49.97911996993673,-9.018154125019315,16.368076219357704,True,True,True,True,False,arc|Mercury_7032743|policy_C,arc|Mercury_7032743|reference_C
arc,C,Mercury_7193043,Mercury_7193043,0.9,R,1,1,B,B,True,True,230.30970804393291,290.5319961719215,-60.22228812798858,60.22228812798858,0,0.9913722528562259,0.9891162356053652,0.002256017250860674,303.92429096234633,246.791237,57.13305396234632,344.05722,40.13292903765364,32.18287811614573,198.00359988585114,0.12323004193603992,290.39851506240666,0.1334811095148325,-53.52522382807848,-48.78763711414885,-24.826945804264547,20.089359090334938,True,True,True,True,False,arc|Mercury_7193043|policy_C,arc|Mercury_7193043|reference_C
arc,C,MEA_2013_5_3,MEA_2013_5_3,0.9,R,1,1,D,D,True,True,262.15253910049796,572.039637947455,-309.8870988469571,309.8870988469571,0,0.9901793726384038,0.9785705370635731,0.011608835574830764,330.1273631365601,288.680945,41.446418136560084,706.967811,376.84044786343986,32.24965394474566,229.78795017115772,0.11493498459458351,571.9089030753821,0.1307348720729351,-134.92817305254493,-58.89299482884229,-9.08182920721984,-66.95334901648278,True,True,True,True,False,arc|MEA_2013_5_3|policy_C,arc|MEA_2013_5_3|reference_C
arc,C,Mercury_176838,Mercury_176838,0.9,R,1,1,A,A,True,True,231.42213514074683,179.5990369282663,51.823098212480545,-51.823098212480545,0,0.9913305796684618,0.9932719506657233,-0.0019413709972615084,292.12235971869586,247.160594,44.96176571869588,222.009132,-70.11322771869587,31.888826983049512,199.41547699272633,0.117831164970994,179.49282797053456,0.10620895773172379,-42.41009507173371,-47.74511700727368,-12.955107570675374,18.290129506215322,True,True,True,True,False,arc|Mercury_176838|policy_C,arc|Mercury_176838|reference_C
arc,C,MCAS_2011_5_17673,MCAS_2011_5_17673,0.9,R,1,1,A,A,True,True,262.741673970595,605.6617361027747,-342.92006213217974,342.92006213217974,0,0.9901573027624271,0.9773110028312084,0.01284629993121869,330.0898447330991,287.974351,42.1154937330991,753.031521,422.9416762669009,32.12928702123463,230.49319302663207,0.1191939227283001,605.5248789489269,0.1368571538478136,-147.36978489722526,-57.48115797336794,-9.867012789136169,-80.02161413472118,True,True,True,True,False,arc|MCAS_2011_5_17673|policy_C,arc|MCAS_2011_5_17673|reference_C
arc,C,Mercury_7090720,Mercury_7090720,0.9,R,1,1,B,B,True,True,230.08268210105598,476.67674790136516,-246.59406580030918,246.59406580030918,0,0.9913807575886006,0.9821429739756127,0.009237783612987919,288.855641104685,247.413562,41.44207910468495,587.709931,298.854289895315,31.935604056343436,198.03125085309148,0.11582719162106514,476.5417450107634,0.1350028906017542,-111.03318309863482,-49.382311146908535,-9.390647856720449,-52.26022409500581,True,True,True,True,False,arc|Mercury_7090720|policy_C,arc|Mercury_7090720|reference_C
arc,C,NCEOGA_2013_8_40,NCEOGA_2013_8_40,0.9,R,1,1,C,C,True,True,264.941117959097,443.89425520785153,-178.9531372487545,178.9531372487545,0,0.9900749082913001,0.983371055327912,0.006703852963388097,329.6512143328755,288.454057,41.19715733287549,546.308004,216.65678966712449,32.24221896380186,232.58449509739876,0.11440389789640903,443.7620670069009,0.13218820095062256,-102.41374879214845,-55.86956190260122,-8.840534471177222,-37.703652418369984,True,True,True,True,False,arc|NCEOGA_2013_8_40|policy_C,arc|NCEOGA_2013_8_40|reference_C
arc,C,Mercury_7164850,Mercury_7164850,0.9,R,1,1,A,A,True,True,230.01535702496767,444.3184300325811,-214.30307300761342,214.30307300761342,0,0.9913832796869431,0.9833551651026862,0.008028114584256969,289.39121797942414,246.742956,42.64826197942412,546.114868,256.72365002057586,32.331116031855345,197.5704268552363,0.11381413787603378,444.1891380120069,0.12929202057421207,-101.79643796741891,-49.1725291447637,-10.203331809692742,-42.42057701296244,True,True,True,True,False,arc|Mercury_7164850|policy_C,arc|Mercury_7164850|reference_C
arc,C,Mercury_7131828,Mercury_7131828,0.9,C,1,1,C,C,True,True,216.34997194632888,185.09944202378392,31.250529922544956,-31.250529922544956,0,0.9918952055110092,0.9930658972398582,-0.0011706917288490258,267.52226699831175,222.745322,44.776944998311755,222.745322,-44.77694499831176,31.855344073846936,184.38583402894437,0.10879384353756905,184.9907380528748,0.10870397090911865,-37.645879976216065,-38.359487971055614,-12.81280708092725,13.526415075766806,True,True,True,True,False,arc|Mercury_7131828|policy_C,arc|Mercury_7131828|reference_C
arc,C,Mercury_7245088,Mercury_7245088,0.9,C,1,1,D,D,True,True,249.7366680763662,216.32847096771002,33.40819710865617,-33.40819710865617,0,0.9906444897916308,0.9918960109699212,-0.0012515211782903632,305.253848013264,262.797601,42.45624701326406,262.797601,-42.45624701326403,32.01179695315659,217.61006489396095,0.11480622924864292,216.2145080510527,0.1139629166573286,-46.46913003228997,-45.18753610603903,-10.329643830858828,9.048049904607865,True,True,True,True,False,arc|Mercury_7245088|policy_C,arc|Mercury_7245088|reference_C
arc,C,LEAP_2006_8_10412,LEAP_2006_8_10412,0.9,R,1,1,B,B,True,True,261.9921090081334,510.59705298393965,-248.60494397580624,248.60494397580624,0,0.9901853825903201,0.980872268464422,0.009313114125898008,344.4974038800963,287.665779,56.831624880096314,628.771987,284.2745831199037,32.28694386780262,229.5825951732695,0.1225699670612812,510.46213996596634,0.1349130179733038,-118.17493401606032,-58.083183826730476,-24.422111045232413,-35.66963914409746,True,True,True,True,False,arc|LEAP_2006_8_10412|policy_C,arc|LEAP_2006_8_10412|reference_C
arc,C,Mercury_SC_415366,Mercury_SC_415366,0.9,R,1,1,B,B,True,True,229.0837401524186,572.3666630219668,-343.2829228695482,343.2829228695482,0,0.9914181794524783,0.9785582862137218,0.012859893238756647,287.9035718582176,246.591078,41.3124938582176,709.691354,421.78778214178243,31.915076076984406,197.05212488770485,0.11653918772935867,572.2242949996144,0.14236802235245705,-137.32469097803323,-49.53895311229516,-9.280878593503836,-78.50485927223423,True,True,True,True,False,arc|Mercury_SC_415366|policy_C,arc|Mercury_SC_415366|reference_C
arc,C,Mercury_180058,Mercury_180058,0.9,R,1,1,A,A,True,True,261.4535780157894,509.00611095130444,-247.55253293551505,247.55253293551505,0,0.9902055567691269,0.9809318675394874,0.009273689229639547,330.28185890873056,287.335795,42.94606390873051,627.002346,296.72048709126943,32.25987195037305,229.07676710747182,0.11693895794451237,508.8739828206599,0.13212813064455986,-117.99623504869555,-58.259027892528195,-10.569253000412942,-49.16795415575439,True,True,True,True,False,arc|Mercury_180058|policy_C,arc|Mercury_180058|reference_C
arc,C,Mercury_7081760,Mercury_7081760,0.9,R,1,1,B,B,True,True,265.34909289330244,347.5169308949262,-82.16783800162375,82.16783800162375,0,0.9900596249382743,0.9869814944693086,0.0030781304689656247,343.36935082887794,288.234133,55.13521782887793,425.190261,81.82091017112208,32.05196303315461,233.18018089048564,0.11694896966218948,347.3900139797479,0.12691691517829895,-77.67333010507383,-55.05395210951434,-22.96630582606113,0.3469278305016701,True,True,True,True,False,arc|Mercury_7081760|policy_C,arc|Mercury_7081760|reference_C
arc,C,NYSEDREGENTS_2014_4_28,NYSEDREGENTS_2014_4_28,0.9,R,1,1,B,B,True,True,228.8491299841553,179.77154115214944,49.07758883200586,-49.07758883200586,0,0.9914269683013129,0.9932654883987284,-0.0018385200974154754,287.7505527865006,246.563996,41.186556786500574,222.699836,-65.05071678650057,31.774773029610515,196.96111395023763,0.11324300430715084,179.66441996395588,0.10712118819355965,-42.928294847850566,-49.60288204976237,-9.298540752582909,15.973127954494714,True,True,True,True,False,arc|NYSEDREGENTS_2014_4_28|policy_C,arc|NYSEDREGENTS_2014_4_28|reference_C
arc,C,Mercury_7085820,Mercury_7085820,0.9,R,1,1,D,D,True,True,265.05019306205213,210.93252301216125,54.117670049890876,-54.117670049890876,0,0.9900708221743232,0.9920981512746302,-0.002027329100306931,327.8354911275098,286.013856,41.82163512750983,262.238994,-65.59649712750979,32.41447196342051,232.51638701185584,0.11933408677577972,210.8191610313952,0.11336198076605797,-51.306470987838736,-53.497468988144135,-9.287829077313539,11.478827077618917,True,True,True,True,False,arc|Mercury_7085820|policy_C,arc|Mercury_7085820|reference_C
arc,C,NCEOGA_2013_8_4,NCEOGA_2013_8_4,0.9,R,1,1,D,D,True,True,261.4320479333401,478.4852990414947,-217.05325110815465,217.05325110815465,0,0.990206363318312,0.9820752229369519,0.008131140381360097,330.0030790355321,287.047628,42.955451035532114,583.933383,253.93030396446795,32.28245489299297,229.02412805706263,0.12546498328447342,478.35199907422066,0.13329996727406979,-105.44808395850532,-58.02349994293735,-10.547531159254667,-36.8770528563133,True,True,True,True,False,arc|NCEOGA_2013_8_4|policy_C,arc|NCEOGA_2013_8_4|reference_C
arc,C,Mercury_7183015,Mercury_7183015,0.9,R,1,1,A,A,True,True,260.8293378725648,282.28964493609965,-21.460307063534856,21.460307063534856,0,0.9902289417412954,0.9894250064467545,0.0008039352945409062,330.2372528525486,287.153558,43.0836948525486,343.077294,12.840041147451416,32.03660296276212,228.67846000008285,0.11427490971982479,282.17156301252544,0.11808192357420921,-60.787649063900346,-58.475097999917125,-10.932816980066654,8.62026591608344,True,True,True,True,False,arc|Mercury_7183015|policy_C,arc|Mercury_7183015|reference_C
arc,C,AKDE&ED_2008_8_44,AKDE&ED_2008_8_44,0.9,C,0,0,D,D,True,True,378.8957779761404,346.438679844141,32.45709813199937,-32.45709813199937,0,-0.014194004212788765,-0.012978112628878035,-0.0012158915839107296,466.0187021376347,424.961239,41.057463137634755,424.961239,-41.05746313763473,32.378921983763576,346.39080008491874,0.12605590745806694,346.31373500451446,0.12494483962655067,-78.52255915585897,-78.57043891508124,-8.552485246413113,8.600365005635354,True,True,True,True,False,arc|AKDE&ED_2008_8_44|policy_C,arc|AKDE&ED_2008_8_44|reference_C
arc,C,Mercury_SC_LBS10598,Mercury_SC_LBS10598,0.9,C,1,1,A,A,True,True,312.1174059342593,276.1134868487716,36.00391908548772,-36.00391908548772,0,0.9883076137760645,0.9896563745933689,-0.001348760817304487,383.38376888173445,341.919448,41.46432088173449,341.919448,-41.464320881734466,32.55615499801934,279.4419969432056,0.11925399303436279,275.9954750072211,0.1180118415504694,-65.80596115122842,-62.47745105679439,-8.788911890680787,5.460401796246742,True,True,True,True,False,arc|Mercury_SC_LBS10598|policy_C,arc|Mercury_SC_LBS10598|reference_C
arc,C,Mercury_7282608,Mercury_7282608,0.9,R,1,1,C,C,True,True,229.57971692085266,525.6564198061824,-296.0767028853297,296.0767028853297,0,0.9913995994187335,0.9803081219931719,0.011091477425561644,288.7098958419962,246.497521,42.212374841996194,588.132561,299.42266515800384,32.37671894021332,197.08918500691652,0.11381297372281551,525.5227291490883,0.13369065709412098,-62.476141193817625,-49.40833599308348,-9.721842928060056,-3.3459622726741145,True,True,True,True,False,arc|Mercury_7282608|policy_C,arc|Mercury_7282608|reference_C
arc,C,Mercury_7145513,Mercury_7145513,0.9,R,1,1,B,B,True,True,229.3416610918939,379.7628649044782,-150.42120381258428,150.42120381258428,0,0.9914085173471864,0.9857735134101855,0.0056350039370009234,305.0098240284518,246.917705,58.0921190284518,464.839317,159.82949297154818,32.05538587644696,197.17489602044225,0.11137919500470161,379.63423295877874,0.12863194569945335,-85.0764520955218,-49.742808979557765,-25.925353957000134,-9.408289158963896,True,True,True,True,False,arc|Mercury_7145513|policy_C,arc|Mercury_7145513|reference_C
arc,C,NYSEDREGENTS_2014_4_22,NYSEDREGENTS_2014_4_22,0.9,R,1,1,A,A,True,True,230.57827888987958,184.74060506559908,45.8376738242805,-45.8376738242805,0,0.9913621917894618,0.9930793398105919,-0.0017171480211300883,288.63484285199667,247.521163,41.11367985199666,222.074284,-66.56055885199666,32.21154888160527,198.25036195106804,0.11636805720627308,184.63242193683982,0.10818312875926495,-37.33367893440092,-49.27080104893196,-8.785762913185117,20.72288502771616,True,True,True,True,False,arc|NYSEDREGENTS_2014_4_22|policy_C,arc|NYSEDREGENTS_2014_4_22|reference_C
arc,C,Mercury_7284043,Mercury_7284043,0.9,R,1,1,C,C,True,True,229.77631585672498,434.68786613084376,-204.91155027411878,204.91155027411878,0,0.9913922345276838,0.9837159404729554,0.007676294054728349,290.3011640232845,246.644839,43.65632502328455,507.354415,217.0532509767155,32.30458311736584,197.3461469169706,0.12558582238852978,434.55547792837024,0.13238820247352123,-72.66654886915626,-49.29869208302938,-11.226156083530185,-12.141700702596722,True,True,True,True,False,arc|Mercury_7284043|policy_C,arc|Mercury_7284043|reference_C
arc,C,Mercury_7192990,Mercury_7192990,0.9,R,1,1,A,A,True,True,247.8609001263976,203.54077988304198,44.32012024335563,-44.32012024335563,0,0.9907147588728179,0.9923750570603715,-0.001660298187553593,297.68303113405216,246.394997,51.288034134052154,222.445155,-75.23787613405216,35.42072488926351,212.318116100505,0.12205913662910461,203.41557590290904,0.12520398013293743,-18.904375116958022,-34.076880899494995,-15.745250108159539,30.917755890696526,True,True,True,True,False,arc|Mercury_7192990|policy_C,arc|Mercury_7192990|reference_C
arc,C,Mercury_SC_415348,Mercury_SC_415348,0.9,R,1,1,D,D,True,True,229.61027408018708,469.0586719661951,-239.44839788600802,239.44839788600802,0,0.991398454701707,0.9824283585277835,0.00897009617392343,288.8687130570364,247.564385,41.3043280570364,583.389556,294.52084294296355,32.22834994085133,197.26576609537005,0.11615804396569729,468.93601305782795,0.12265890836715698,-114.33088403380486,-50.29861890462993,-8.959820072219372,-55.07244505695553,True,True,True,True,False,arc|Mercury_SC_415348|policy_C,arc|Mercury_SC_415348|reference_C
arc,C,Mercury_7008120,Mercury_7008120,0.9,R,1,1,A,A,True,True,261.88815804198384,341.027915943414,-79.13975790143013,79.13975790143013,0,0.9901892767494457,0.9872245827033623,0.0029646940460833497,327.3538621844417,285.943954,41.40990818444168,343.136807,15.782944815558267,32.60600892826915,229.16549001820385,0.11665909551084042,340.90564702637494,0.12226891703903675,-2.1088910565860033,-56.778463981796165,-8.687240160661695,63.35681308587186,True,True,True,True,False,arc|Mercury_7008120|policy_C,arc|Mercury_7008120|reference_C
arc,C,Mercury_SC_LBS10040,Mercury_SC_LBS10040,0.9,R,1,1,D,D,True,True,265.16410894691944,247.7773129940033,17.386795952916145,-17.386795952916145,0,0.9900665547143944,0.9907178901721839,-0.0006513354577894796,328.2528831101359,286.683661,41.56922211013591,301.037744,-27.215139110135908,33.56281202286482,231.48639197461307,0.11490494944155216,247.6558058988303,0.12150709517300129,-53.26043100599668,-55.1972690253869,-7.89150513782954,9.828343157219763,True,True,True,True,False,arc|Mercury_SC_LBS10040|policy_C,arc|Mercury_SC_LBS10040|reference_C
arc,C,MCAS_2013_8_29421,MCAS_2013_8_29421,0.9,R,1,1,A,A,True,True,262.8124011680484,186.16863200441003,76.64376916363835,-76.64376916363835,0,0.9901546532155148,0.9930258437793252,-0.0028711905638103942,329.53103293959805,288.114151,41.416881939598085,223.563416,-105.96761693959806,32.156727043911815,230.53938592784107,0.1162881962954998,186.06062000617385,0.10801199823617935,-37.39478399558996,-57.574765072158925,-9.14386669939077,29.323847775959706,True,True,True,True,False,arc|MCAS_2013_8_29421|policy_C,arc|MCAS_2013_8_29421|reference_C
arc,C,Mercury_7044100,Mercury_7044100,0.9,C,0,0,B,B,True,True,374.49124106206,340.66109801642597,33.83014304563403,-33.83014304563403,0,-0.014029003652878125,-0.01276167574684056,-0.0012673279060375646,465.2468560096407,423.378089,41.86876700964069,423.378089,-41.86876700964069,32.45835215784609,341.8977258261293,0.13516307808458805,340.5258050188422,0.1352929975837469,-82.71699098357402,-81.48036317387067,-9.27525177371001,8.03862396400666,True,True,True,True,False,arc|Mercury_7044100|policy_C,arc|Mercury_7044100|reference_C
arc,C,Mercury_7241115,Mercury_7241115,0.9,C,0,0,D,D,True,True,341.19626111350954,308.94208303652704,32.2541780769825,-32.2541780769825,0,-0.012781723759238871,-0.011573433864983154,-0.0012082898942557178,431.23825502495777,383.301336,47.936919024957774,383.301336,-47.936919024957774,32.038934994488955,309.0347871184349,0.12253900058567524,308.8198930490762,0.12218998745083809,-74.35925296347295,-74.26654888156509,-15.775445029883144,15.682740947975276,True,True,True,True,False,arc|Mercury_7241115|policy_C,arc|Mercury_7241115|reference_C
arc,C,Mercury_415263,Mercury_415263,0.9,R,1,1,C,C,True,True,261.956756003201,276.0371339973062,-14.08037799410522,14.08037799410522,0,0.9901867069669168,0.9896592348857194,0.000527472081197413,327.3938780547743,286.258308,41.135570054774284,342.501156,15.10727794522569,32.570993062108755,229.27104798145592,0.1147149596363306,275.91625694185495,0.12087705545127392,-66.46402200269375,-56.98726001854408,-8.449862033029198,-1.0268999511204697,True,True,True,True,False,arc|Mercury_415263|policy_C,arc|Mercury_415263|reference_C
arc,C,MCAS_2012_8_23636,MCAS_2012_8_23636,0.9,R,1,1,D,D,True,True,232.47793992049992,476.72323300503194,-244.24529308453202,244.24529308453202,0,0.9912910276376322,0.9821412325738984,0.009149795063733819,289.46594707833697,246.551362,42.914585078336955,586.180015,296.71406792166306,31.946211121976376,200.41724503971636,0.11448375880718231,476.5874668955803,0.13576610945165157,-109.45678199496808,-46.13411696028365,-10.853890197553397,-52.468774837131036,True,True,True,True,False,arc|MCAS_2012_8_23636|policy_C,arc|MCAS_2012_8_23636|reference_C
arc,C,Mercury_7245893,Mercury_7245893,0.9,R,1,1,B,B,True,True,229.46899011731148,180.6111230980605,48.85786701925099,-48.85786701925099,0,0.991403747410892,0.9932340363996037,-0.001830288988711803,289.2993799399493,246.354821,42.944558939949275,222.187999,-67.1113809399493,32.4257998727262,196.930767968297,0.11242227628827095,180.50217907875776,0.10894401930272579,-41.5768759019395,-49.42405303170298,-10.406336790934802,18.25351392069831,True,True,True,True,False,arc|Mercury_7245893|policy_C,arc|Mercury_7245893|reference_C
arc,C,Mercury_7139790,Mercury_7139790,0.9,R,1,1,C,C,True,True,262.624948984012,222.82172716222703,39.80322182178497,-39.80322182178497,0,0.99016167545552,0.9916527638525424,-0.0014910883970223558,340.25903771158653,287.684631,52.57440671158648,263.479797,-76.77924071158651,32.090993132442236,230.41874007321894,0.11521577835083008,222.7089658845216,0.11276127770543098,-40.658069837772985,-57.26589092678108,-20.36819780079341,36.97601888980154,True,True,True,True,False,arc|Mercury_7139790|policy_C,arc|Mercury_7139790|reference_C
arc,C,TIMSS_2011_8_pg63,TIMSS_2011_8_pg63,0.9,R,1,1,C,C,True,True,230.31798098236322,415.48900306224823,-185.171022079885,185.171022079885,0,0.9913719429395422,0.9844351586831239,0.006936784256418392,287.3365928456092,245.866609,41.469983845609185,504.041459,216.7048661543908,32.52309304662049,197.68011290580034,0.1147750299423933,415.3529070317745,0.1360960304737091,-88.55245593775174,-48.18649609419967,-8.832115769046304,-31.533844074505794,True,True,True,True,False,arc|TIMSS_2011_8_pg63|policy_C,arc|TIMSS_2011_8_pg63|reference_C
arc,C,MCAS_2006_9_33,MCAS_2006_9_33,0.9,R,1,1,D,D,True,True,263.2498911116272,800.7220630533993,-537.4721719417721,537.4721719417721,0,0.9901382641859633,0.9700037503796927,0.020134513806270606,329.19320610138345,287.944983,41.248223101383445,992.757691,663.5644848986166,33.6792201269418,229.4556349515915,0.11503603309392929,800.5708591081202,0.1512039452791214,-192.0356279466007,-58.48934804840849,-7.453966941347716,-126.09231295684447,True,True,True,True,False,arc|MCAS_2006_9_33|policy_C,arc|MCAS_2006_9_33|reference_C
arc,C,Mercury_184258,Mercury_184258,0.9,R,1,1,A,A,True,True,228.82656520232558,180.61501998454332,48.21154521778226,-48.21154521778226,0,0.991427813611889,0.9932338904163905,-0.0018060768045015,287.7595421512938,246.385229,41.374313151293755,222.335177,-65.42436515129378,32.47968107461929,196.23068580403924,0.11619832366704941,180.50799891352654,0.10702107101678848,-41.720157015456664,-50.15454319596077,-8.778433753007413,17.212819933511526,True,True,True,True,False,arc|Mercury_184258|policy_C,arc|Mercury_184258|reference_C
arc,C,VASoL_2008_5_19,VASoL_2008_5_19,0.9,R,1,1,D,D,True,True,261.7544468957931,382.2178370319307,-120.4633901361376,120.4633901361376,0,0.9901942857695579,0.9856815464716636,0.004512739297894277,328.91748708499955,287.423117,41.49437008499956,466.592417,137.67492991500046,32.28368400596082,229.35059783048928,0.12016505934298038,382.08490796387196,0.13292906805872917,-84.37457996806933,-58.07251916951071,-9.090521019695757,-17.211539778862857,True,True,True,True,False,arc|VASoL_2008_5_19|policy_C,arc|VASoL_2008_5_19|reference_C
arc,C,Mercury_7234483,Mercury_7234483,0.9,C,0,0,C,C,True,True,216.86433884315193,184.418560937047,32.44577790610492,-32.44577790610492,0,-0.008124063444531666,-0.006908595933264062,-0.0012154675112676038,262.99434579759776,222.577655,40.41669079759777,222.577655,-40.41669079759777,32.227577874436975,184.5310020726174,0.10575889609754086,184.29702217690647,0.12153876014053822,-38.15909406295299,-38.04665292738258,-8.083354027063251,7.970912891492844,True,True,True,True,False,arc|Mercury_7234483|policy_C,arc|Mercury_7234483|reference_C
arc,C,ACTAAP_2010_5_10,ACTAAP_2010_5_10,0.9,R,1,1,A,A,True,True,261.9869629852474,411.7838558740914,-149.796892888844,149.796892888844,0,0.9901855753680567,0.9845739590547686,0.0056116163132881635,327.78536576405406,287.353195,40.43217076405406,506.468412,178.68304623594594,32.13539603166282,229.7348491847515,0.11671776883304119,411.65253100916743,0.131324864923954,-94.68455612590861,-57.61834581524852,-8.180056963558194,-28.886153347101924,True,True,True,True,False,arc|ACTAAP_2010_5_10|policy_C,arc|ACTAAP_2010_5_10|reference_C
arc,C,Mercury_7007875,Mercury_7007875,0.9,R,1,1,B,B,True,True,232.07815107889473,276.4607979916036,-44.38264691270888,44.38264691270888,0,0.9913060043273496,0.9896433637969677,0.0016626405303818827,286.96074210090325,245.304508,41.65623410090327,341.848093,54.88735089909676,32.39124594256282,199.57022601738572,0.11667911894619465,276.3397698290646,0.12102816253900528,-65.38729500839639,-45.73428198261428,-9.148309039394256,-10.50470398638788,True,True,True,True,False,arc|Mercury_7007875|policy_C,arc|Mercury_7007875|reference_C
arc,C,Mercury_180443,Mercury_180443,0.9,R,0,0,A,A,True,True,260.9120081178844,179.44636894389987,81.46563917398453,-81.46563917398453,0,-0.00977415521010539,-0.006722330162569808,-0.0030518250475355816,327.64519292666097,285.988909,41.65628392666101,222.049938,-105.59525492666097,32.377079827710986,228.41940098442137,0.11552730575203896,179.3366929050535,0.10967603884637356,-42.60356905610013,-57.569508015578606,-9.163676793197986,24.129615752676443,True,True,True,True,False,arc|Mercury_180443|policy_C,arc|Mercury_180443|reference_C
arc,C,Mercury_7159268,Mercury_7159268,0.9,C,0,0,B,B,True,True,220.666907960549,185.87139388546348,34.79551407508552,-34.79551407508552,0,-0.008266513387785331,-0.00696302123486138,-0.0013034921529239511,264.5383339331214,223.513702,41.02463193312144,223.513702,-41.02463193312141,32.24210604093969,188.3133330848068,0.11146883480250835,185.76465407386422,0.10673981159925461,-37.64230811453652,-35.200368915193195,-8.671057057379244,6.229117858035892,True,True,True,True,False,arc|Mercury_7159268|policy_C,arc|Mercury_7159268|reference_C
arc,C,Mercury_7221865,Mercury_7221865,0.9,R,1,1,C,C,True,True,261.4988621789962,507.79064605012536,-246.29178387112916,246.29178387112916,0,0.9902038603564438,0.9809774006779667,0.00922645967847709,328.0760842127213,286.837681,41.238403212721344,627.567988,299.4919037872787,32.305355882272124,229.079072130844,0.11443416588008404,507.6578971929848,0.13274885714054108,-119.77734194987465,-57.75860886915598,-8.818613164569136,-53.20011991614956,True,True,True,True,False,arc|Mercury_7221865|policy_C,arc|Mercury_7221865|reference_C
arc,C,Mercury_SC_401663,Mercury_SC_401663,0.9,R,1,1,B,B,True,True,228.85733586736023,276.1328839696944,-47.27554810233414,47.27554810233414,0,0.9914266608966187,0.9896556479481221,0.0017710129484965768,289.31573994432404,245.335441,43.98029894432402,341.818241,52.502501055675964,32.45970606803894,196.28132111392915,0.11630868539214134,276.01598389446735,0.11690007522702217,-65.68535703030562,-49.05411988607085,-11.404284190892938,-5.226952953341822,True,True,True,True,False,arc|Mercury_SC_401663|policy_C,arc|Mercury_SC_401663|reference_C
arc,C,Mercury_184765,Mercury_184765,0.9,R,1,1,B,B,True,True,229.14714901708066,539.1150768846273,-309.9679278675467,309.9679278675467,0,0.9914158040612905,0.9798039405100993,0.011611863551191157,287.1118008799627,246.316743,40.795057879962684,667.486318,380.3745171200373,32.40738809108734,196.6225509531796,0.11720997281372547,538.9803741127253,0.13470277190208435,-128.37124111537264,-49.694192046820405,-8.270459816061617,-70.40658925249062,True,True,True,True,False,arc|Mercury_184765|policy_C,arc|Mercury_184765|reference_C
arc,C,Mercury_7143518,Mercury_7143518,0.9,R,1,1,D,D,True,True,229.15381100028753,511.8169989436865,-282.66318794339895,282.66318794339895,0,0.9914155544934061,0.9808265674587668,0.010588987034639263,288.8459459911321,247.166518,41.67942799113214,628.377928,339.5319820088679,32.168458914384246,196.86901406385005,0.11633802205324173,511.6734199691564,0.14357897453010082,-116.56092905631351,-50.29750393614995,-9.39463105469465,-56.86879406546893,True,True,True,True,False,arc|Mercury_7143518|policy_C,arc|Mercury_7143518|reference_C
arc,C,MCAS_2010_8_12010,MCAS_2010_8_12010,0.9,R,1,1,C,C,True,True,261.4004369825125,443.32988816313446,-181.92945118062198,181.92945118062198,0,0.9902075475119486,0.9833921973639966,0.006815350147952052,333.1206727725779,287.362202,45.75847077257788,547.630869,214.51019622742206,32.30236121453345,228.98334078490734,0.11473498307168484,443.20275890640914,0.12712925672531128,-104.3009808368655,-58.378861215092684,-13.341374574972747,-32.580745046800075,True,True,True,True,False,arc|MCAS_2010_8_12010|policy_C,arc|MCAS_2010_8_12010|reference_C
arc,C,Mercury_7026443,Mercury_7026443,0.9,R,1,1,D,D,True,True,261.4185609854758,212.5937999226153,48.82476106286049,-48.82476106286049,0,0.9902068685596104,0.9920359173495346,-0.0018290487899241966,329.8219259637345,287.313791,42.508134963734506,262.014734,-67.80719196373451,31.9770909845829,229.32646493427455,0.11500506661832333,212.47984701767564,0.11395290493965149,-49.420934077384686,-57.987326065725426,-10.416038912533281,18.98243090087402,True,True,True,True,False,arc|Mercury_7026443|policy_C,arc|Mercury_7026443|reference_C
arc,C,Mercury_7250023,Mercury_7250023,0.9,R,1,1,A,A,True,True,229.78247003629804,281.8539410363883,-52.07147100009024,52.07147100009024,0,0.9913920039828852,0.9894413285684236,0.0019506754144616814,288.9103768824501,247.475621,41.434755882450105,344.012805,55.10242811754989,31.960660126060247,197.70772592164576,0.11408398859202862,281.73605003394186,0.11789100244641304,-62.158863963611736,-49.76789507835423,-9.360011767797829,-3.03095711745965,True,True,True,True,False,arc|Mercury_7250023|policy_C,arc|Mercury_7250023|reference_C
arc,C,Mercury_SC_401714,Mercury_SC_401714,0.9,R,1,1,B,B,True,True,229.6887650154531,501.08356308192015,-271.39479806646705,271.39479806646705,0,0.99139551431353,0.9812286580670427,0.010166856246487303,287.9340811809983,247.376224,40.557857180998326,585.359353,297.42527181900175,32.068431843072176,197.5067590828985,0.11357408948242664,500.94599509611726,0.13756798580288887,-84.27578991807991,-49.86946491710151,-8.375851248443723,-26.030473752534704,True,True,True,True,False,arc|Mercury_SC_401714|policy_C,arc|Mercury_SC_401714|reference_C
arc,C,Mercury_7100695,Mercury_7100695,0.9,R,1,1,D,D,True,True,232.1509059984237,307.1810819674283,-75.03017596900463,75.03017596900463,0,0.9913032788189267,0.9884925358766884,0.00281074294223832,289.32300194558786,245.919023,43.40397894558787,382.03735,92.71434805441214,33.992405980825424,198.04032891988754,0.11817109771072865,307.05874180421233,0.12234016321599483,-74.85626803257168,-47.87869408011247,-9.29340186705172,-17.68417208540751,True,True,True,True,False,arc|Mercury_7100695|policy_C,arc|Mercury_7100695|reference_C
arc,C,ACTAAP_2007_7_25,ACTAAP_2007_7_25,0.9,R,1,1,A,A,True,True,228.56726893223822,185.82014413550496,42.74712479673326,-42.74712479673326,0,0.9914375272391288,0.9930388986576503,-0.0016013714185214465,287.8676599470858,246.625657,41.24200294708586,222.570939,-65.29672094708582,32.13236900046468,196.32148812524974,0.1134118065237999,185.71252189576626,0.10762223973870277,-36.75079486449505,-50.304168874750246,-8.99622214009738,22.549596150352556,True,True,True,True,False,arc|ACTAAP_2007_7_25|policy_C,arc|ACTAAP_2007_7_25|reference_C
arc,C,Mercury_7135310,Mercury_7135310,0.9,R,0,0,D,D,True,True,325.7851558737457,216.96496196091175,108.82019391283393,-108.82019391283393,0,-0.012204400639236427,-0.008127832937464568,-0.004076567701771859,328.4836857761745,287.155852,41.32783377617454,262.708093,-65.7755927761745,32.13481395505369,293.5342751443386,0.11606677435338497,216.85091801919043,0.11404394172132015,-45.74313103908827,6.378423144338626,-9.076953046767471,-43.04460113665942,True,True,True,True,False,arc|Mercury_7135310|policy_C,arc|Mercury_7135310|reference_C
arc,C,Mercury_400905,Mercury_400905,0.9,R,0,0,A,A,True,True,261.82985794730484,185.6394950300455,76.19036291725934,-76.19036291725934,0,-0.009808539241553536,-0.006954333955873145,-0.0028542052856803915,335.8763818593126,287.325352,48.551029859312536,224.181931,-111.69445085931258,32.022703904658556,229.69141695648432,0.11573708616197109,185.5334967840463,0.10599824599921703,-38.54243596995448,-57.63393504351569,-16.41258886849201,35.504087942053246,True,True,True,True,False,arc|Mercury_400905|policy_C,arc|Mercury_400905|reference_C
arc,C,Mercury_7159775,Mercury_7159775,0.9,R,1,0,A,B,True,True,262.462172890082,444.55057196319103,-182.08839907310903,182.08839907310903,1,0.990167773292174,-0.016653531282263417,1.0068213045744374,330.4931438864842,287.509089,42.984054886484145,546.591495,216.09835111351583,32.49915689229965,229.84512499533594,0.11789100244641304,444.4185751490295,0.13199681416153908,-102.04092303680898,-57.66396400466408,-10.36700699173808,-34.0099520404068,True,True,True,True,False,arc|Mercury_7159775|policy_C,arc|Mercury_7159775|reference_C
