pair,dataset,reference,split,q,selected,cal_accepted,N,n_R,coverage,changed,conditional_risk,marginal_change,correct,accuracy,reference_correct,accuracy_diff_reference,best_fixed_correct,accuracy_diff_best_fixed,benefit,harm,neutral_change,risk_CP95_low,risk_CP95_high,identity
large,obqa,T,fit,0.05,False,True,2100,1049,0.49952380952380954,3,0.002859866539561487,0.0014285714285714286,1799,0.8566666666666667,1800,-0.0004761904761904762,1800,-0.0004761904761904079,1,2,0,0.0005901619878743287,0.008334796256223768,predeclared descriptive curve; no dev selection
large,obqa,T,fit,0.1,False,True,2100,1049,0.49952380952380954,3,0.002859866539561487,0.0014285714285714286,1799,0.8566666666666667,1800,-0.0004761904761904762,1800,-0.0004761904761904079,1,2,0,0.0005901619878743287,0.008334796256223768,predeclared descriptive curve; no dev selection
large,obqa,T,fit,0.15,False,True,2100,1049,0.49952380952380954,3,0.002859866539561487,0.0014285714285714286,1799,0.8566666666666667,1800,-0.0004761904761904762,1800,-0.0004761904761904079,1,2,0,0.0005901619878743287,0.008334796256223768,predeclared descriptive curve; no dev selection
large,obqa,T,fit,0.2,False,True,2100,1049,0.49952380952380954,3,0.002859866539561487,0.0014285714285714286,1799,0.8566666666666667,1800,-0.0004761904761904762,1800,-0.0004761904761904079,1,2,0,0.0005901619878743287,0.008334796256223768,predeclared descriptive curve; no dev selection
large,obqa,T,fit,0.25,False,True,2100,1049,0.49952380952380954,3,0.002859866539561487,0.0014285714285714286,1799,0.8566666666666667,1800,-0.0004761904761904762,1800,-0.0004761904761904079,1,2,0,0.0005901619878743287,0.008334796256223768,predeclared descriptive curve; no dev selection
large,obqa,T,fit,0.3,False,True,2100,1049,0.49952380952380954,3,0.002859866539561487,0.0014285714285714286,1799,0.8566666666666667,1800,-0.0004761904761904762,1800,-0.0004761904761904079,1,2,0,0.0005901619878743287,0.008334796256223768,predeclared descriptive curve; no dev selection
large,obqa,T,fit,0.35,False,True,2100,1049,0.49952380952380954,3,0.002859866539561487,0.0014285714285714286,1799,0.8566666666666667,1800,-0.0004761904761904762,1800,-0.0004761904761904079,1,2,0,0.0005901619878743287,0.008334796256223768,predeclared descriptive curve; no dev selection
large,obqa,T,fit,0.4,False,True,2100,1049,0.49952380952380954,3,0.002859866539561487,0.0014285714285714286,1799,0.8566666666666667,1800,-0.0004761904761904762,1800,-0.0004761904761904079,1,2,0,0.0005901619878743287,0.008334796256223768,predeclared descriptive curve; no dev selection
large,obqa,T,fit,0.45,False,True,2100,1049,0.49952380952380954,3,0.002859866539561487,0.0014285714285714286,1799,0.8566666666666667,1800,-0.0004761904761904762,1800,-0.0004761904761904079,1,2,0,0.0005901619878743287,0.008334796256223768,predeclared descriptive curve; no dev selection
large,obqa,T,fit,0.5,False,True,2100,1116,0.5314285714285715,3,0.002688172043010753,0.0014285714285714286,1799,0.8566666666666667,1800,-0.0004761904761904762,1800,-0.0004761904761904079,1,2,0,0.0005547091542274682,0.0078357032385624,predeclared descriptive curve; no dev selection
large,obqa,T,fit,0.55,False,True,2100,1172,0.5580952380952381,3,0.002559726962457338,0.0014285714285714286,1799,0.8566666666666667,1800,-0.0004761904761904762,1800,-0.0004761904761904079,1,2,0,0.0005281886373382845,0.0074622225828889594,predeclared descriptive curve; no dev selection
large,obqa,T,fit,0.6,False,True,2100,1267,0.6033333333333334,4,0.0031570639305445935,0.0019047619047619048,1800,0.8571428571428571,1800,0.0,1800,0.0,2,2,0,0.0008608429258522822,0.008063445822850726,predeclared descriptive curve; no dev selection
large,obqa,T,fit,0.65,False,True,2100,1366,0.6504761904761904,6,0.004392386530014641,0.002857142857142857,1798,0.8561904761904762,1800,-0.0009523809523809524,1800,-0.0009523809523809268,2,4,0,0.0016135823800141342,0.009535690296483912,predeclared descriptive curve; no dev selection
large,obqa,T,fit,0.7,False,True,2100,1470,0.7,15,0.01020408163265306,0.007142857142857143,1796,0.8552380952380952,1800,-0.0019047619047619048,1800,-0.0019047619047618536,5,9,1,0.005722077439801875,0.016774313141961893,predeclared descriptive curve; no dev selection
large,obqa,T,fit,0.75,False,True,2100,1578,0.7514285714285714,32,0.020278833967046894,0.015238095238095238,1784,0.8495238095238096,1800,-0.007619047619047619,1800,-0.007619047619047525,6,22,4,0.013911046240523374,0.028507913110720075,predeclared descriptive curve; no dev selection
large,obqa,T,fit,0.8,True,True,2100,1680,0.8,45,0.026785714285714284,0.02142857142857143,1779,0.8471428571428572,1800,-0.01,1800,-0.009999999999999898,9,30,6,0.019603277253790692,0.03567855079140414,predeclared descriptive curve; no dev selection
large,obqa,T,fit,0.85,False,False,2100,1785,0.85,71,0.039775910364145656,0.03380952380952381,1771,0.8433333333333334,1800,-0.01380952380952381,1800,-0.013809523809523716,18,47,6,0.031193589079907692,0.04990947303062778,predeclared descriptive curve; no dev selection
large,obqa,T,fit,0.9,False,False,2100,1890,0.9,103,0.054497354497354496,0.04904761904761905,1755,0.8357142857142857,1800,-0.02142857142857143,1800,-0.021428571428571352,24,69,10,0.04469720518187499,0.06570697315419438,predeclared descriptive curve; no dev selection
large,obqa,T,fit,0.95,False,False,2100,1995,0.95,147,0.07368421052631578,0.07,1741,0.829047619047619,1800,-0.028095238095238097,1800,-0.028095238095238062,36,95,16,0.06260253971011392,0.08603736618098594,predeclared descriptive curve; no dev selection
large,obqa,T,fit,1.0,False,False,2100,2100,1.0,203,0.09666666666666666,0.09666666666666666,1717,0.8176190476190476,1800,-0.039523809523809524,1800,-0.03952380952380952,46,129,28,0.08435950648241218,0.11011231655161621,predeclared descriptive curve; no dev selection
large,obqa,T,cal,0.05,False,True,1366,642,0.4699853587115666,1,0.001557632398753894,0.0007320644216691069,1177,0.8616398243045388,1178,-0.0007320644216691069,1178,-0.0007320644216691763,0,1,0,3.943506039932285e-05,0.008647735437862906,predeclared descriptive curve; no dev selection
large,obqa,T,cal,0.1,False,True,1366,642,0.4699853587115666,1,0.001557632398753894,0.0007320644216691069,1177,0.8616398243045388,1178,-0.0007320644216691069,1178,-0.0007320644216691763,0,1,0,3.943506039932285e-05,0.008647735437862906,predeclared descriptive curve; no dev selection
large,obqa,T,cal,0.15,False,True,1366,642,0.4699853587115666,1,0.001557632398753894,0.0007320644216691069,1177,0.8616398243045388,1178,-0.0007320644216691069,1178,-0.0007320644216691763,0,1,0,3.943506039932285e-05,0.008647735437862906,predeclared descriptive curve; no dev selection
large,obqa,T,cal,0.2,False,True,1366,642,0.4699853587115666,1,0.001557632398753894,0.0007320644216691069,1177,0.8616398243045388,1178,-0.0007320644216691069,1178,-0.0007320644216691763,0,1,0,3.943506039932285e-05,0.008647735437862906,predeclared descriptive curve; no dev selection
large,obqa,T,cal,0.25,False,True,1366,642,0.4699853587115666,1,0.001557632398753894,0.0007320644216691069,1177,0.8616398243045388,1178,-0.0007320644216691069,1178,-0.0007320644216691763,0,1,0,3.943506039932285e-05,0.008647735437862906,predeclared descriptive curve; no dev selection
large,obqa,T,cal,0.3,False,True,1366,642,0.4699853587115666,1,0.001557632398753894,0.0007320644216691069,1177,0.8616398243045388,1178,-0.0007320644216691069,1178,-0.0007320644216691763,0,1,0,3.943506039932285e-05,0.008647735437862906,predeclared descriptive curve; no dev selection
large,obqa,T,cal,0.35,False,True,1366,642,0.4699853587115666,1,0.001557632398753894,0.0007320644216691069,1177,0.8616398243045388,1178,-0.0007320644216691069,1178,-0.0007320644216691763,0,1,0,3.943506039932285e-05,0.008647735437862906,predeclared descriptive curve; no dev selection
large,obqa,T,cal,0.4,False,True,1366,642,0.4699853587115666,1,0.001557632398753894,0.0007320644216691069,1177,0.8616398243045388,1178,-0.0007320644216691069,1178,-0.0007320644216691763,0,1,0,3.943506039932285e-05,0.008647735437862906,predeclared descriptive curve; no dev selection
large,obqa,T,cal,0.45,False,True,1366,642,0.4699853587115666,1,0.001557632398753894,0.0007320644216691069,1177,0.8616398243045388,1178,-0.0007320644216691069,1178,-0.0007320644216691763,0,1,0,3.943506039932285e-05,0.008647735437862906,predeclared descriptive curve; no dev selection
large,obqa,T,cal,0.5,False,True,1366,683,0.5,1,0.0014641288433382138,0.0007320644216691069,1177,0.8616398243045388,1178,-0.0007320644216691069,1178,-0.0007320644216691763,0,1,0,3.7067845890320004e-05,0.008130354739634398,predeclared descriptive curve; no dev selection
large,obqa,T,cal,0.55,False,True,1366,728,0.5329428989751098,1,0.0013736263736263737,0.0007320644216691069,1177,0.8616398243045388,1178,-0.0007320644216691069,1178,-0.0007320644216691763,0,1,0,3.477660404951423e-05,0.007629368996989256,predeclared descriptive curve; no dev selection
large,obqa,T,cal,0.6,False,True,1366,807,0.5907759882869692,2,0.0024783147459727386,0.0014641288433382138,1178,0.862371888726208,1178,0.0,1178,0.0,1,1,0,0.0003002764564778301,0.008923591545564873,predeclared descriptive curve; no dev selection
large,obqa,T,cal,0.65,False,True,1366,870,0.636896046852123,4,0.004597701149425287,0.0029282576866764276,1176,0.8609077598828697,1178,-0.0014641288433382138,1178,-0.0014641288433382416,1,3,0,0.001254096639781857,0.011729771186386517,predeclared descriptive curve; no dev selection
large,obqa,T,cal,0.7,False,True,1366,932,0.6822840409956076,8,0.008583690987124463,0.005856515373352855,1174,0.8594436310395315,1178,-0.0029282576866764276,1178,-0.002928257686676483,2,6,0,0.003712903450860046,0.01684290978461933,predeclared descriptive curve; no dev selection
large,obqa,T,cal,0.75,False,True,1366,999,0.7313323572474377,12,0.012012012012012012,0.008784773060029283,1172,0.8579795021961932,1178,-0.004392386530014641,1178,-0.004392386530014725,3,9,0,0.006221762358816899,0.020888474084049292,predeclared descriptive curve; no dev selection
large,obqa,T,cal,0.8,True,True,1366,1064,0.7789165446559297,18,0.016917293233082706,0.013177159590043924,1168,0.8550512445095169,1178,-0.007320644216691069,1178,-0.007320644216691097,4,14,0,0.010056286791514716,0.026605256765180593,predeclared descriptive curve; no dev selection
large,obqa,T,cal,0.85,False,False,1366,1135,0.8308931185944363,42,0.03700440528634361,0.03074670571010249,1160,0.849194729136164,1178,-0.013177159590043924,1178,-0.013177159590043952,10,28,4,0.02679722280618341,0.049692213530610096,predeclared descriptive curve; no dev selection
large,obqa,T,cal,0.9,False,False,1366,1217,0.8909224011713031,67,0.05505341002465078,0.04904831625183016,1153,0.8440702781844802,1178,-0.018301610541727673,1178,-0.018301610541727742,16,41,10,0.04291695848876366,0.06939187277942743,predeclared descriptive curve; no dev selection
large,obqa,T,cal,0.95,False,False,1366,1297,0.9494875549048316,102,0.07864302235929067,0.0746705710102489,1137,0.8323572474377745,1178,-0.030014641288433383,1178,-0.030014641288433452,21,62,19,0.06457615680357139,0.09465290265104419,predeclared descriptive curve; no dev selection
large,obqa,T,cal,1.0,False,False,1366,1366,1.0,143,0.10468521229868229,0.10468521229868229,1113,0.8147877013177159,1178,-0.04758418740849195,1178,-0.04758418740849202,25,90,28,0.08894788037292162,0.122145376963271,predeclared descriptive curve; no dev selection
large,obqa,T,dev,0.05,False,True,742,354,0.477088948787062,2,0.005649717514124294,0.0026954177897574125,645,0.8692722371967655,645,0.0,645,0.0,1,1,0,0.0006849408240855525,0.020258669804245087,predeclared descriptive curve; no dev selection
large,obqa,T,dev,0.1,False,True,742,354,0.477088948787062,2,0.005649717514124294,0.0026954177897574125,645,0.8692722371967655,645,0.0,645,0.0,1,1,0,0.0006849408240855525,0.020258669804245087,predeclared descriptive curve; no dev selection
large,obqa,T,dev,0.15,False,True,742,354,0.477088948787062,2,0.005649717514124294,0.0026954177897574125,645,0.8692722371967655,645,0.0,645,0.0,1,1,0,0.0006849408240855525,0.020258669804245087,predeclared descriptive curve; no dev selection
large,obqa,T,dev,0.2,False,True,742,354,0.477088948787062,2,0.005649717514124294,0.0026954177897574125,645,0.8692722371967655,645,0.0,645,0.0,1,1,0,0.0006849408240855525,0.020258669804245087,predeclared descriptive curve; no dev selection
large,obqa,T,dev,0.25,False,True,742,354,0.477088948787062,2,0.005649717514124294,0.0026954177897574125,645,0.8692722371967655,645,0.0,645,0.0,1,1,0,0.0006849408240855525,0.020258669804245087,predeclared descriptive curve; no dev selection
large,obqa,T,dev,0.3,False,True,742,354,0.477088948787062,2,0.005649717514124294,0.0026954177897574125,645,0.8692722371967655,645,0.0,645,0.0,1,1,0,0.0006849408240855525,0.020258669804245087,predeclared descriptive curve; no dev selection
large,obqa,T,dev,0.35,False,True,742,354,0.477088948787062,2,0.005649717514124294,0.0026954177897574125,645,0.8692722371967655,645,0.0,645,0.0,1,1,0,0.0006849408240855525,0.020258669804245087,predeclared descriptive curve; no dev selection
large,obqa,T,dev,0.4,False,True,742,354,0.477088948787062,2,0.005649717514124294,0.0026954177897574125,645,0.8692722371967655,645,0.0,645,0.0,1,1,0,0.0006849408240855525,0.020258669804245087,predeclared descriptive curve; no dev selection
large,obqa,T,dev,0.45,False,True,742,354,0.477088948787062,2,0.005649717514124294,0.0026954177897574125,645,0.8692722371967655,645,0.0,645,0.0,1,1,0,0.0006849408240855525,0.020258669804245087,predeclared descriptive curve; no dev selection
large,obqa,T,dev,0.5,False,True,742,380,0.5121293800539084,2,0.005263157894736842,0.0026954177897574125,645,0.8692722371967655,645,0.0,645,0.0,1,1,0,0.0006380295892053359,0.018882081777306645,predeclared descriptive curve; no dev selection
large,obqa,T,dev,0.55,False,True,742,398,0.5363881401617251,2,0.005025125628140704,0.0026954177897574125,645,0.8692722371967655,645,0.0,645,0.0,1,1,0,0.0006091464342492243,0.01803372433473432,predeclared descriptive curve; no dev selection
large,obqa,T,dev,0.6,False,True,742,431,0.5808625336927223,3,0.0069605568445475635,0.004043126684636119,644,0.8679245283018868,645,-0.0013477088948787063,645,-0.0013477088948786742,1,2,0,0.0014377408327276968,0.02020599982635587,predeclared descriptive curve; no dev selection
large,obqa,T,dev,0.65,False,True,742,460,0.6199460916442049,6,0.013043478260869565,0.008086253369272238,645,0.8692722371967655,645,0.0,645,0.0,3,3,0,0.004801364119251769,0.028172782409209347,predeclared descriptive curve; no dev selection
large,obqa,T,dev,0.7,False,True,742,493,0.6644204851752021,10,0.02028397565922921,0.013477088948787063,643,0.866576819407008,645,-0.0026954177897574125,645,-0.0026954177897574594,4,6,0,0.00976877439502944,0.036985836686840044,predeclared descriptive curve; no dev selection
large,obqa,T,dev,0.75,False,True,742,536,0.7223719676549866,15,0.027985074626865673,0.02021563342318059,642,0.8652291105121294,645,-0.004043126684636119,645,-0.0040431266846361336,6,9,0,0.015745819992860382,0.045737528836108404,predeclared descriptive curve; no dev selection
large,obqa,T,dev,0.8,True,True,742,572,0.77088948787062,19,0.033216783216783216,0.025606469002695417,638,0.8598382749326146,645,-0.009433962264150943,645,-0.009433962264150941,6,13,0,0.0201148221780326,0.051387485520858665,predeclared descriptive curve; no dev selection
large,obqa,T,dev,0.85,False,False,742,613,0.8261455525606469,22,0.03588907014681892,0.029649595687331536,636,0.8571428571428571,645,-0.012129380053908356,645,-0.0121293800539084,6,15,1,0.02262560010758909,0.05383410926768352,predeclared descriptive curve; no dev selection
large,obqa,T,dev,0.9,False,False,742,676,0.9110512129380054,44,0.0650887573964497,0.05929919137466307,630,0.8490566037735849,645,-0.02021563342318059,645,-0.020215633423180557,12,27,5,0.04768831407480255,0.08639655351554304,predeclared descriptive curve; no dev selection
large,obqa,T,dev,0.95,False,False,742,703,0.9474393530997305,55,0.07823613086770982,0.07412398921832884,621,0.8369272237196765,645,-0.03234501347708895,645,-0.03234501347708896,13,37,5,0.05947930825714937,0.10061975070878783,predeclared descriptive curve; no dev selection
large,obqa,T,dev,1.0,False,False,742,742,1.0,72,0.09703504043126684,0.09703504043126684,617,0.8315363881401617,645,-0.03773584905660377,645,-0.037735849056603765,18,46,8,0.07669915718962547,0.12063764140899545,predeclared descriptive curve; no dev selection
large,obqa,C,fit,0.05,False,True,2100,1049,0.49952380952380954,1,0.0009532888465204957,0.0004761904761904762,1680,0.8,1679,0.0004761904761904762,1800,-0.05714285714285705,1,0,0,2.4134892718561603e-05,0.0052998261796501234,predeclared descriptive curve; no dev selection
large,obqa,C,fit,0.1,False,True,2100,1049,0.49952380952380954,1,0.0009532888465204957,0.0004761904761904762,1680,0.8,1679,0.0004761904761904762,1800,-0.05714285714285705,1,0,0,2.4134892718561603e-05,0.0052998261796501234,predeclared descriptive curve; no dev selection
large,obqa,C,fit,0.15,False,True,2100,1049,0.49952380952380954,1,0.0009532888465204957,0.0004761904761904762,1680,0.8,1679,0.0004761904761904762,1800,-0.05714285714285705,1,0,0,2.4134892718561603e-05,0.0052998261796501234,predeclared descriptive curve; no dev selection
large,obqa,C,fit,0.2,False,True,2100,1049,0.49952380952380954,1,0.0009532888465204957,0.0004761904761904762,1680,0.8,1679,0.0004761904761904762,1800,-0.05714285714285705,1,0,0,2.4134892718561603e-05,0.0052998261796501234,predeclared descriptive curve; no dev selection
large,obqa,C,fit,0.25,False,True,2100,1049,0.49952380952380954,1,0.0009532888465204957,0.0004761904761904762,1680,0.8,1679,0.0004761904761904762,1800,-0.05714285714285705,1,0,0,2.4134892718561603e-05,0.0052998261796501234,predeclared descriptive curve; no dev selection
large,obqa,C,fit,0.3,False,True,2100,1049,0.49952380952380954,1,0.0009532888465204957,0.0004761904761904762,1680,0.8,1679,0.0004761904761904762,1800,-0.05714285714285705,1,0,0,2.4134892718561603e-05,0.0052998261796501234,predeclared descriptive curve; no dev selection
large,obqa,C,fit,0.35,False,True,2100,1049,0.49952380952380954,1,0.0009532888465204957,0.0004761904761904762,1680,0.8,1679,0.0004761904761904762,1800,-0.05714285714285705,1,0,0,2.4134892718561603e-05,0.0052998261796501234,predeclared descriptive curve; no dev selection
large,obqa,C,fit,0.4,False,True,2100,1049,0.49952380952380954,1,0.0009532888465204957,0.0004761904761904762,1680,0.8,1679,0.0004761904761904762,1800,-0.05714285714285705,1,0,0,2.4134892718561603e-05,0.0052998261796501234,predeclared descriptive curve; no dev selection
large,obqa,C,fit,0.45,False,True,2100,1049,0.49952380952380954,1,0.0009532888465204957,0.0004761904761904762,1680,0.8,1679,0.0004761904761904762,1800,-0.05714285714285705,1,0,0,2.4134892718561603e-05,0.0052998261796501234,predeclared descriptive curve; no dev selection
large,obqa,C,fit,0.5,False,True,2100,1116,0.5314285714285715,1,0.0008960573476702509,0.0004761904761904762,1680,0.8,1679,0.0004761904761904762,1800,-0.05714285714285705,1,0,0,2.268595054115965e-05,0.004982298195764479,predeclared descriptive curve; no dev selection
large,obqa,C,fit,0.55,False,True,2100,1172,0.5580952380952381,2,0.0017064846416382253,0.0009523809523809524,1681,0.8004761904761905,1679,0.0009523809523809524,1800,-0.05666666666666664,2,0,0,0.00020673006022284483,0.006150684327553566,predeclared descriptive curve; no dev selection
large,obqa,C,fit,0.6,False,True,2100,1267,0.6033333333333334,2,0.0015785319652722968,0.0009523809523809524,1681,0.8004761904761905,1679,0.0009523809523809524,1800,-0.05666666666666664,2,0,0,0.00019122474536054554,0.005690455323767246,predeclared descriptive curve; no dev selection
large,obqa,C,fit,0.65,False,True,2100,1366,0.6504761904761904,3,0.0021961932650073207,0.0014285714285714286,1681,0.8004761904761905,1679,0.0009523809523809524,1800,-0.05666666666666664,2,0,1,0.0004531370464827552,0.006404672280122176,predeclared descriptive curve; no dev selection
large,obqa,C,fit,0.7,False,True,2100,1470,0.7,7,0.004761904761904762,0.0033333333333333335,1683,0.8014285714285714,1679,0.0019047619047619048,1800,-0.055714285714285716,5,1,1,0.0019166112484186844,0.00978658771415147,predeclared descriptive curve; no dev selection
large,obqa,C,fit,0.75,False,True,2100,1578,0.7514285714285714,14,0.008871989860583017,0.006666666666666667,1685,0.8023809523809524,1679,0.002857142857142857,1800,-0.05476190476190468,8,2,4,0.004858644135794506,0.01484092963759372,predeclared descriptive curve; no dev selection
large,obqa,C,fit,0.8,True,True,2100,1680,0.8,28,0.016666666666666666,0.013333333333333334,1687,0.8033333333333333,1679,0.0038095238095238095,1800,-0.05380952380952375,15,7,6,0.011102714581086335,0.023998458578914868,predeclared descriptive curve; no dev selection
large,obqa,C,fit,0.85,False,False,2100,1785,0.85,49,0.027450980392156862,0.023333333333333334,1694,0.8066666666666666,1679,0.007142857142857143,1800,-0.05047619047619045,27,12,10,0.020375855470605275,0.03613063930356918,predeclared descriptive curve; no dev selection
large,obqa,C,fit,0.9,False,False,2100,1890,0.9,72,0.0380952380952381,0.03428571428571429,1702,0.8104761904761905,1679,0.010952380952380953,1800,-0.046666666666666634,40,17,15,0.029924276997122697,0.04773624104292396,predeclared descriptive curve; no dev selection
large,obqa,C,fit,0.95,False,False,2100,1995,0.95,115,0.05764411027568922,0.05476190476190476,1715,0.8166666666666667,1679,0.017142857142857144,1800,-0.04047619047619044,63,27,25,0.047822622018391506,0.06878929115978452,predeclared descriptive curve; no dev selection
large,obqa,C,fit,1.0,False,False,2100,2100,1.0,160,0.0761904761904762,0.0761904761904762,1717,0.8176190476190476,1679,0.018095238095238095,1800,-0.03952380952380952,79,41,40,0.0652031046747344,0.08837737587121651,predeclared descriptive curve; no dev selection
large,obqa,C,cal,0.05,False,True,1366,642,0.4699853587115666,2,0.003115264797507788,0.0014641288433382138,1083,0.7928257686676428,1081,0.0014641288433382138,1178,-0.0695461200585652,2,0,0,0.0003774959293138173,0.011207709624215507,predeclared descriptive curve; no dev selection
large,obqa,C,cal,0.1,False,True,1366,642,0.4699853587115666,2,0.003115264797507788,0.0014641288433382138,1083,0.7928257686676428,1081,0.0014641288433382138,1178,-0.0695461200585652,2,0,0,0.0003774959293138173,0.011207709624215507,predeclared descriptive curve; no dev selection
large,obqa,C,cal,0.15,False,True,1366,642,0.4699853587115666,2,0.003115264797507788,0.0014641288433382138,1083,0.7928257686676428,1081,0.0014641288433382138,1178,-0.0695461200585652,2,0,0,0.0003774959293138173,0.011207709624215507,predeclared descriptive curve; no dev selection
large,obqa,C,cal,0.2,False,True,1366,642,0.4699853587115666,2,0.003115264797507788,0.0014641288433382138,1083,0.7928257686676428,1081,0.0014641288433382138,1178,-0.0695461200585652,2,0,0,0.0003774959293138173,0.011207709624215507,predeclared descriptive curve; no dev selection
large,obqa,C,cal,0.25,False,True,1366,642,0.4699853587115666,2,0.003115264797507788,0.0014641288433382138,1083,0.7928257686676428,1081,0.0014641288433382138,1178,-0.0695461200585652,2,0,0,0.0003774959293138173,0.011207709624215507,predeclared descriptive curve; no dev selection
large,obqa,C,cal,0.3,False,True,1366,642,0.4699853587115666,2,0.003115264797507788,0.0014641288433382138,1083,0.7928257686676428,1081,0.0014641288433382138,1178,-0.0695461200585652,2,0,0,0.0003774959293138173,0.011207709624215507,predeclared descriptive curve; no dev selection
large,obqa,C,cal,0.35,False,True,1366,642,0.4699853587115666,2,0.003115264797507788,0.0014641288433382138,1083,0.7928257686676428,1081,0.0014641288433382138,1178,-0.0695461200585652,2,0,0,0.0003774959293138173,0.011207709624215507,predeclared descriptive curve; no dev selection
large,obqa,C,cal,0.4,False,True,1366,642,0.4699853587115666,2,0.003115264797507788,0.0014641288433382138,1083,0.7928257686676428,1081,0.0014641288433382138,1178,-0.0695461200585652,2,0,0,0.0003774959293138173,0.011207709624215507,predeclared descriptive curve; no dev selection
large,obqa,C,cal,0.45,False,True,1366,642,0.4699853587115666,2,0.003115264797507788,0.0014641288433382138,1083,0.7928257686676428,1081,0.0014641288433382138,1178,-0.0695461200585652,2,0,0,0.0003774959293138173,0.011207709624215507,predeclared descriptive curve; no dev selection
large,obqa,C,cal,0.5,False,True,1366,683,0.5,2,0.0029282576866764276,0.0014641288433382138,1083,0.7928257686676428,1081,0.0014641288433382138,1178,-0.0695461200585652,2,0,0,0.00035482252832322217,0.010537492475189248,predeclared descriptive curve; no dev selection
large,obqa,C,cal,0.55,False,True,1366,728,0.5329428989751098,3,0.004120879120879121,0.0021961932650073207,1084,0.7935578330893118,1081,0.0021961932650073207,1178,-0.06881405563689613,3,0,0,0.0008506319185566524,0.011995337266857658,predeclared descriptive curve; no dev selection
large,obqa,C,cal,0.6,False,True,1366,807,0.5907759882869692,4,0.004956629491945477,0.0029282576866764276,1085,0.794289897510981,1081,0.0029282576866764276,1178,-0.06808199121522696,4,0,0,0.0013521162916434737,0.012641934374088986,predeclared descriptive curve; no dev selection
large,obqa,C,cal,0.65,False,True,1366,870,0.636896046852123,4,0.004597701149425287,0.0029282576866764276,1085,0.794289897510981,1081,0.0029282576866764276,1178,-0.06808199121522696,4,0,0,0.001254096639781857,0.011729771186386517,predeclared descriptive curve; no dev selection
large,obqa,C,cal,0.7,False,True,1366,932,0.6822840409956076,8,0.008583690987124463,0.005856515373352855,1089,0.7972181551976574,1081,0.005856515373352855,1178,-0.06515373352855058,8,0,0,0.003712903450860046,0.01684290978461933,predeclared descriptive curve; no dev selection
large,obqa,C,cal,0.75,False,True,1366,999,0.7313323572474377,13,0.013013013013013013,0.00951683748169839,1092,0.7994143484626647,1081,0.008052708638360176,1178,-0.06295754026354328,12,1,0,0.006946581858215566,0.02214985079708061,predeclared descriptive curve; no dev selection
large,obqa,C,cal,0.8,True,True,1366,1064,0.7789165446559297,22,0.020676691729323307,0.016105417276720352,1093,0.8001464128843339,1081,0.008784773060029283,1178,-0.0622254758418741,16,4,2,0.013002232478636603,0.031138180891691188,predeclared descriptive curve; no dev selection
large,obqa,C,cal,0.85,False,False,1366,1135,0.8308931185944363,37,0.03259911894273128,0.027086383601756955,1100,0.8052708638360175,1081,0.013909224011713031,1178,-0.05710102489019042,26,7,4,0.02305454659166141,0.04465544194007096,predeclared descriptive curve; no dev selection
large,obqa,C,cal,0.9,False,False,1366,1217,0.8909224011713031,64,0.05258833196384552,0.04685212298682284,1112,0.8140556368960469,1081,0.022693997071742314,1178,-0.04831625183016108,43,12,9,0.040731644665979436,0.0666611194763589,predeclared descriptive curve; no dev selection
large,obqa,C,cal,0.95,False,False,1366,1297,0.9494875549048316,90,0.06939090208172706,0.06588579795021962,1113,0.8147877013177159,1081,0.02342606149341142,1178,-0.04758418740849202,52,20,18,0.05616439078776484,0.0846069269268147,predeclared descriptive curve; no dev selection
large,obqa,C,cal,1.0,False,False,1366,1366,1.0,127,0.09297218155197658,0.09297218155197658,1113,0.8147877013177159,1081,0.02342606149341142,1178,-0.04758418740849202,65,33,29,0.07809491573226653,0.10962604157688331,predeclared descriptive curve; no dev selection
large,obqa,C,dev,0.05,False,True,742,354,0.477088948787062,1,0.002824858757062147,0.0013477088948787063,597,0.8045822102425876,598,-0.0013477088948787063,645,-0.06469002695417791,0,1,0,7.151667415476436e-05,0.01563785144528763,predeclared descriptive curve; no dev selection
large,obqa,C,dev,0.1,False,True,742,354,0.477088948787062,1,0.002824858757062147,0.0013477088948787063,597,0.8045822102425876,598,-0.0013477088948787063,645,-0.06469002695417791,0,1,0,7.151667415476436e-05,0.01563785144528763,predeclared descriptive curve; no dev selection
large,obqa,C,dev,0.15,False,True,742,354,0.477088948787062,1,0.002824858757062147,0.0013477088948787063,597,0.8045822102425876,598,-0.0013477088948787063,645,-0.06469002695417791,0,1,0,7.151667415476436e-05,0.01563785144528763,predeclared descriptive curve; no dev selection
large,obqa,C,dev,0.2,False,True,742,354,0.477088948787062,1,0.002824858757062147,0.0013477088948787063,597,0.8045822102425876,598,-0.0013477088948787063,645,-0.06469002695417791,0,1,0,7.151667415476436e-05,0.01563785144528763,predeclared descriptive curve; no dev selection
large,obqa,C,dev,0.25,False,True,742,354,0.477088948787062,1,0.002824858757062147,0.0013477088948787063,597,0.8045822102425876,598,-0.0013477088948787063,645,-0.06469002695417791,0,1,0,7.151667415476436e-05,0.01563785144528763,predeclared descriptive curve; no dev selection
large,obqa,C,dev,0.3,False,True,742,354,0.477088948787062,1,0.002824858757062147,0.0013477088948787063,597,0.8045822102425876,598,-0.0013477088948787063,645,-0.06469002695417791,0,1,0,7.151667415476436e-05,0.01563785144528763,predeclared descriptive curve; no dev selection
large,obqa,C,dev,0.35,False,True,742,354,0.477088948787062,1,0.002824858757062147,0.0013477088948787063,597,0.8045822102425876,598,-0.0013477088948787063,645,-0.06469002695417791,0,1,0,7.151667415476436e-05,0.01563785144528763,predeclared descriptive curve; no dev selection
large,obqa,C,dev,0.4,False,True,742,354,0.477088948787062,1,0.002824858757062147,0.0013477088948787063,597,0.8045822102425876,598,-0.0013477088948787063,645,-0.06469002695417791,0,1,0,7.151667415476436e-05,0.01563785144528763,predeclared descriptive curve; no dev selection
large,obqa,C,dev,0.45,False,True,742,354,0.477088948787062,1,0.002824858757062147,0.0013477088948787063,597,0.8045822102425876,598,-0.0013477088948787063,645,-0.06469002695417791,0,1,0,7.151667415476436e-05,0.01563785144528763,predeclared descriptive curve; no dev selection
large,obqa,C,dev,0.5,False,True,742,380,0.5121293800539084,1,0.002631578947368421,0.0013477088948787063,597,0.8045822102425876,598,-0.0013477088948787063,645,-0.06469002695417791,0,1,0,6.662359103495312e-05,0.014574324869613887,predeclared descriptive curve; no dev selection
large,obqa,C,dev,0.55,False,True,742,398,0.5363881401617251,1,0.002512562814070352,0.0013477088948787063,597,0.8045822102425876,598,-0.0013477088948787063,645,-0.06469002695417791,0,1,0,6.361055963765152e-05,0.013918967423730685,predeclared descriptive curve; no dev selection
large,obqa,C,dev,0.6,False,True,742,431,0.5808625336927223,1,0.002320185614849188,0.0013477088948787063,597,0.8045822102425876,598,-0.0013477088948787063,645,-0.06469002695417791,0,1,0,5.8740288606347944e-05,0.012858894773719624,predeclared descriptive curve; no dev selection
large,obqa,C,dev,0.65,False,True,742,460,0.6199460916442049,1,0.002173913043478261,0.0013477088948787063,597,0.8045822102425876,598,-0.0013477088948787063,645,-0.06469002695417791,0,1,0,5.503719840714834e-05,0.01205225132249248,predeclared descriptive curve; no dev selection
large,obqa,C,dev,0.7,False,True,742,493,0.6644204851752021,3,0.006085192697768763,0.004043126684636119,599,0.807277628032345,598,0.0013477088948787063,645,-0.061994609164420456,2,1,0,0.0012566753851708014,0.017679761776294513,predeclared descriptive curve; no dev selection
large,obqa,C,dev,0.75,False,True,742,536,0.7223719676549866,9,0.016791044776119403,0.012129380053908356,604,0.8140161725067385,598,0.008086253369272238,645,-0.055256064690026974,7,1,1,0.007705948086792489,0.03163452067382247,predeclared descriptive curve; no dev selection
large,obqa,C,dev,0.8,True,True,742,572,0.77088948787062,13,0.022727272727272728,0.01752021563342318,605,0.8153638814016172,598,0.009433962264150943,645,-0.0539083557951483,9,2,2,0.012155514944778248,0.03855077573314515,predeclared descriptive curve; no dev selection
large,obqa,C,dev,0.85,False,False,742,613,0.8261455525606469,22,0.03588907014681892,0.029649595687331536,613,0.8261455525606469,598,0.02021563342318059,645,-0.04312668463611857,17,2,3,0.02262560010758909,0.05383410926768352,predeclared descriptive curve; no dev selection
large,obqa,C,dev,0.9,False,False,742,676,0.9110512129380054,35,0.051775147928994084,0.04716981132075472,619,0.8342318059299192,598,0.02830188679245283,645,-0.035040431266846306,26,5,4,0.036324721369695855,0.0712740934195816,predeclared descriptive curve; no dev selection
large,obqa,C,dev,0.95,False,False,742,703,0.9474393530997305,45,0.06401137980085349,0.06064690026954178,617,0.8315363881401617,598,0.025606469002695417,645,-0.037735849056603765,29,10,6,0.04706989389044627,0.08471766883625656,predeclared descriptive curve; no dev selection
large,obqa,C,dev,1.0,False,False,742,742,1.0,60,0.08086253369272237,0.08086253369272237,617,0.8315363881401617,598,0.025606469002695417,645,-0.037735849056603765,35,16,9,0.06227145133709894,0.10286266949398791,predeclared descriptive curve; no dev selection
large,arc,T,fit,0.05,False,True,670,494,0.7373134328358208,1,0.0020242914979757085,0.0014925373134328358,626,0.9343283582089552,627,-0.0014925373134328358,627,-0.0014925373134327957,0,1,0,5.124931015921325e-05,0.011226580374292677,predeclared descriptive curve; no dev selection
large,arc,T,fit,0.1,False,True,670,494,0.7373134328358208,1,0.0020242914979757085,0.0014925373134328358,626,0.9343283582089552,627,-0.0014925373134328358,627,-0.0014925373134327957,0,1,0,5.124931015921325e-05,0.011226580374292677,predeclared descriptive curve; no dev selection
large,arc,T,fit,0.15,False,True,670,494,0.7373134328358208,1,0.0020242914979757085,0.0014925373134328358,626,0.9343283582089552,627,-0.0014925373134328358,627,-0.0014925373134327957,0,1,0,5.124931015921325e-05,0.011226580374292677,predeclared descriptive curve; no dev selection
large,arc,T,fit,0.2,False,True,670,494,0.7373134328358208,1,0.0020242914979757085,0.0014925373134328358,626,0.9343283582089552,627,-0.0014925373134328358,627,-0.0014925373134327957,0,1,0,5.124931015921325e-05,0.011226580374292677,predeclared descriptive curve; no dev selection
large,arc,T,fit,0.25,False,True,670,494,0.7373134328358208,1,0.0020242914979757085,0.0014925373134328358,626,0.9343283582089552,627,-0.0014925373134328358,627,-0.0014925373134327957,0,1,0,5.124931015921325e-05,0.011226580374292677,predeclared descriptive curve; no dev selection
large,arc,T,fit,0.3,False,True,670,494,0.7373134328358208,1,0.0020242914979757085,0.0014925373134328358,626,0.9343283582089552,627,-0.0014925373134328358,627,-0.0014925373134327957,0,1,0,5.124931015921325e-05,0.011226580374292677,predeclared descriptive curve; no dev selection
large,arc,T,fit,0.35,False,True,670,494,0.7373134328358208,1,0.0020242914979757085,0.0014925373134328358,626,0.9343283582089552,627,-0.0014925373134328358,627,-0.0014925373134327957,0,1,0,5.124931015921325e-05,0.011226580374292677,predeclared descriptive curve; no dev selection
large,arc,T,fit,0.4,False,True,670,494,0.7373134328358208,1,0.0020242914979757085,0.0014925373134328358,626,0.9343283582089552,627,-0.0014925373134328358,627,-0.0014925373134327957,0,1,0,5.124931015921325e-05,0.011226580374292677,predeclared descriptive curve; no dev selection
large,arc,T,fit,0.45,False,True,670,494,0.7373134328358208,1,0.0020242914979757085,0.0014925373134328358,626,0.9343283582089552,627,-0.0014925373134328358,627,-0.0014925373134327957,0,1,0,5.124931015921325e-05,0.011226580374292677,predeclared descriptive curve; no dev selection
large,arc,T,fit,0.5,False,True,670,494,0.7373134328358208,1,0.0020242914979757085,0.0014925373134328358,626,0.9343283582089552,627,-0.0014925373134328358,627,-0.0014925373134327957,0,1,0,5.124931015921325e-05,0.011226580374292677,predeclared descriptive curve; no dev selection
large,arc,T,fit,0.55,False,True,670,494,0.7373134328358208,1,0.0020242914979757085,0.0014925373134328358,626,0.9343283582089552,627,-0.0014925373134328358,627,-0.0014925373134327957,0,1,0,5.124931015921325e-05,0.011226580374292677,predeclared descriptive curve; no dev selection
large,arc,T,fit,0.6,False,True,670,494,0.7373134328358208,1,0.0020242914979757085,0.0014925373134328358,626,0.9343283582089552,627,-0.0014925373134328358,627,-0.0014925373134327957,0,1,0,5.124931015921325e-05,0.011226580374292677,predeclared descriptive curve; no dev selection
large,arc,T,fit,0.65,False,True,670,494,0.7373134328358208,1,0.0020242914979757085,0.0014925373134328358,626,0.9343283582089552,627,-0.0014925373134328358,627,-0.0014925373134327957,0,1,0,5.124931015921325e-05,0.011226580374292677,predeclared descriptive curve; no dev selection
large,arc,T,fit,0.7,False,True,670,494,0.7373134328358208,1,0.0020242914979757085,0.0014925373134328358,626,0.9343283582089552,627,-0.0014925373134328358,627,-0.0014925373134327957,0,1,0,5.124931015921325e-05,0.011226580374292677,predeclared descriptive curve; no dev selection
large,arc,T,fit,0.75,False,True,670,509,0.7597014925373134,1,0.0019646365422396855,0.0014925373134328358,626,0.9343283582089552,627,-0.0014925373134328358,627,-0.0014925373134327957,0,1,0,4.973905370759248e-05,0.010897222981775697,predeclared descriptive curve; no dev selection
large,arc,T,fit,0.8,False,True,670,537,0.8014925373134328,2,0.0037243947858473,0.0029850746268656717,625,0.9328358208955224,627,-0.0029850746268656717,627,-0.0029850746268655914,0,2,0,0.00045136016081119166,0.013388504667030395,predeclared descriptive curve; no dev selection
large,arc,T,fit,0.85,False,True,670,570,0.8507462686567164,4,0.007017543859649123,0.005970149253731343,625,0.9328358208955224,627,-0.0029850746268656717,627,-0.0029850746268655914,1,3,0,0.0019152575519496547,0.01786952933228984,predeclared descriptive curve; no dev selection
large,arc,T,fit,0.9,False,True,670,603,0.9,7,0.011608623548922056,0.010447761194029851,628,0.9373134328358209,627,0.0014925373134328358,627,0.0014925373134329067,4,3,0,0.004679656439947822,0.023771203876619164,predeclared descriptive curve; no dev selection
large,arc,T,fit,0.95,True,True,670,637,0.9507462686567164,19,0.029827315541601257,0.028358208955223882,623,0.9298507462686567,627,-0.005970149253731343,627,-0.005970149253731294,7,11,1,0.018051524903595587,0.04618833843816445,predeclared descriptive curve; no dev selection
large,arc,T,fit,1.0,False,False,670,670,1.0,32,0.04776119402985075,0.04776119402985075,613,0.9149253731343283,627,-0.020895522388059702,627,-0.020895522388059695,8,22,2,0.03289462918051708,0.06675838072029076,predeclared descriptive curve; no dev selection
large,arc,T,cal,0.05,False,True,448,321,0.7165178571428571,0,0.0,0.0,408,0.9107142857142857,408,0.0,408,0.0,0,0,0,0.0,0.011426057369519968,predeclared descriptive curve; no dev selection
large,arc,T,cal,0.1,False,True,448,321,0.7165178571428571,0,0.0,0.0,408,0.9107142857142857,408,0.0,408,0.0,0,0,0,0.0,0.011426057369519968,predeclared descriptive curve; no dev selection
large,arc,T,cal,0.15,False,True,448,321,0.7165178571428571,0,0.0,0.0,408,0.9107142857142857,408,0.0,408,0.0,0,0,0,0.0,0.011426057369519968,predeclared descriptive curve; no dev selection
large,arc,T,cal,0.2,False,True,448,321,0.7165178571428571,0,0.0,0.0,408,0.9107142857142857,408,0.0,408,0.0,0,0,0,0.0,0.011426057369519968,predeclared descriptive curve; no dev selection
large,arc,T,cal,0.25,False,True,448,321,0.7165178571428571,0,0.0,0.0,408,0.9107142857142857,408,0.0,408,0.0,0,0,0,0.0,0.011426057369519968,predeclared descriptive curve; no dev selection
large,arc,T,cal,0.3,False,True,448,321,0.7165178571428571,0,0.0,0.0,408,0.9107142857142857,408,0.0,408,0.0,0,0,0,0.0,0.011426057369519968,predeclared descriptive curve; no dev selection
large,arc,T,cal,0.35,False,True,448,321,0.7165178571428571,0,0.0,0.0,408,0.9107142857142857,408,0.0,408,0.0,0,0,0,0.0,0.011426057369519968,predeclared descriptive curve; no dev selection
large,arc,T,cal,0.4,False,True,448,321,0.7165178571428571,0,0.0,0.0,408,0.9107142857142857,408,0.0,408,0.0,0,0,0,0.0,0.011426057369519968,predeclared descriptive curve; no dev selection
large,arc,T,cal,0.45,False,True,448,321,0.7165178571428571,0,0.0,0.0,408,0.9107142857142857,408,0.0,408,0.0,0,0,0,0.0,0.011426057369519968,predeclared descriptive curve; no dev selection
large,arc,T,cal,0.5,False,True,448,321,0.7165178571428571,0,0.0,0.0,408,0.9107142857142857,408,0.0,408,0.0,0,0,0,0.0,0.011426057369519968,predeclared descriptive curve; no dev selection
large,arc,T,cal,0.55,False,True,448,321,0.7165178571428571,0,0.0,0.0,408,0.9107142857142857,408,0.0,408,0.0,0,0,0,0.0,0.011426057369519968,predeclared descriptive curve; no dev selection
large,arc,T,cal,0.6,False,True,448,321,0.7165178571428571,0,0.0,0.0,408,0.9107142857142857,408,0.0,408,0.0,0,0,0,0.0,0.011426057369519968,predeclared descriptive curve; no dev selection
large,arc,T,cal,0.65,False,True,448,321,0.7165178571428571,0,0.0,0.0,408,0.9107142857142857,408,0.0,408,0.0,0,0,0,0.0,0.011426057369519968,predeclared descriptive curve; no dev selection
large,arc,T,cal,0.7,False,True,448,321,0.7165178571428571,0,0.0,0.0,408,0.9107142857142857,408,0.0,408,0.0,0,0,0,0.0,0.011426057369519968,predeclared descriptive curve; no dev selection
large,arc,T,cal,0.75,False,True,448,338,0.7544642857142857,0,0.0,0.0,408,0.9107142857142857,408,0.0,408,0.0,0,0,0,0.0,0.010854504609271764,predeclared descriptive curve; no dev selection
large,arc,T,cal,0.8,False,True,448,359,0.8013392857142857,0,0.0,0.0,408,0.9107142857142857,408,0.0,408,0.0,0,0,0,0.0,0.010222818358470203,predeclared descriptive curve; no dev selection
large,arc,T,cal,0.85,False,True,448,385,0.859375,1,0.0025974025974025974,0.002232142857142857,407,0.9084821428571429,408,-0.002232142857142857,408,-0.0022321428571427937,0,1,0,6.575837804200536e-05,0.01438617075816755,predeclared descriptive curve; no dev selection
large,arc,T,cal,0.9,False,True,448,404,0.9017857142857143,3,0.007425742574257425,0.006696428571428571,407,0.9084821428571429,408,-0.002232142857142857,408,-0.0022321428571427937,1,2,0,0.0015339924252299457,0.02154675565474938,predeclared descriptive curve; no dev selection
large,arc,T,cal,0.95,True,True,448,422,0.9419642857142857,4,0.009478672985781991,0.008928571428571428,408,0.9107142857142857,408,0.0,408,0.0,2,2,0,0.0025884872745539043,0.024090194409203573,predeclared descriptive curve; no dev selection
large,arc,T,cal,1.0,False,False,448,448,1.0,12,0.026785714285714284,0.026785714285714284,407,0.9084821428571429,408,-0.002232142857142857,408,-0.0022321428571427937,5,6,1,0.013915500684944338,0.04632147921408408,predeclared descriptive curve; no dev selection
large,arc,T,dev,0.05,False,True,299,217,0.725752508361204,0,0.0,0.0,274,0.9163879598662207,274,0.0,274,0.0,0,0,0,0.0,0.01685576921781151,predeclared descriptive curve; no dev selection
large,arc,T,dev,0.1,False,True,299,217,0.725752508361204,0,0.0,0.0,274,0.9163879598662207,274,0.0,274,0.0,0,0,0,0.0,0.01685576921781151,predeclared descriptive curve; no dev selection
large,arc,T,dev,0.15,False,True,299,217,0.725752508361204,0,0.0,0.0,274,0.9163879598662207,274,0.0,274,0.0,0,0,0,0.0,0.01685576921781151,predeclared descriptive curve; no dev selection
large,arc,T,dev,0.2,False,True,299,217,0.725752508361204,0,0.0,0.0,274,0.9163879598662207,274,0.0,274,0.0,0,0,0,0.0,0.01685576921781151,predeclared descriptive curve; no dev selection
large,arc,T,dev,0.25,False,True,299,217,0.725752508361204,0,0.0,0.0,274,0.9163879598662207,274,0.0,274,0.0,0,0,0,0.0,0.01685576921781151,predeclared descriptive curve; no dev selection
large,arc,T,dev,0.3,False,True,299,217,0.725752508361204,0,0.0,0.0,274,0.9163879598662207,274,0.0,274,0.0,0,0,0,0.0,0.01685576921781151,predeclared descriptive curve; no dev selection
large,arc,T,dev,0.35,False,True,299,217,0.725752508361204,0,0.0,0.0,274,0.9163879598662207,274,0.0,274,0.0,0,0,0,0.0,0.01685576921781151,predeclared descriptive curve; no dev selection
large,arc,T,dev,0.4,False,True,299,217,0.725752508361204,0,0.0,0.0,274,0.9163879598662207,274,0.0,274,0.0,0,0,0,0.0,0.01685576921781151,predeclared descriptive curve; no dev selection
large,arc,T,dev,0.45,False,True,299,217,0.725752508361204,0,0.0,0.0,274,0.9163879598662207,274,0.0,274,0.0,0,0,0,0.0,0.01685576921781151,predeclared descriptive curve; no dev selection
large,arc,T,dev,0.5,False,True,299,217,0.725752508361204,0,0.0,0.0,274,0.9163879598662207,274,0.0,274,0.0,0,0,0,0.0,0.01685576921781151,predeclared descriptive curve; no dev selection
large,arc,T,dev,0.55,False,True,299,217,0.725752508361204,0,0.0,0.0,274,0.9163879598662207,274,0.0,274,0.0,0,0,0,0.0,0.01685576921781151,predeclared descriptive curve; no dev selection
large,arc,T,dev,0.6,False,True,299,217,0.725752508361204,0,0.0,0.0,274,0.9163879598662207,274,0.0,274,0.0,0,0,0,0.0,0.01685576921781151,predeclared descriptive curve; no dev selection
large,arc,T,dev,0.65,False,True,299,217,0.725752508361204,0,0.0,0.0,274,0.9163879598662207,274,0.0,274,0.0,0,0,0,0.0,0.01685576921781151,predeclared descriptive curve; no dev selection
large,arc,T,dev,0.7,False,True,299,217,0.725752508361204,0,0.0,0.0,274,0.9163879598662207,274,0.0,274,0.0,0,0,0,0.0,0.01685576921781151,predeclared descriptive curve; no dev selection
large,arc,T,dev,0.75,False,True,299,226,0.7558528428093646,0,0.0,0.0,274,0.9163879598662207,274,0.0,274,0.0,0,0,0,0.0,0.01618998569121048,predeclared descriptive curve; no dev selection
large,arc,T,dev,0.8,False,True,299,233,0.7792642140468228,0,0.0,0.0,274,0.9163879598662207,274,0.0,274,0.0,0,0,0,0.0,0.015707431746468686,predeclared descriptive curve; no dev selection
large,arc,T,dev,0.85,False,True,299,254,0.8494983277591973,1,0.003937007874015748,0.0033444816053511705,273,0.9130434782608695,274,-0.0033444816053511705,274,-0.0033444816053511683,0,1,0,9.967144185872372e-05,0.02173921341716854,predeclared descriptive curve; no dev selection
large,arc,T,dev,0.9,False,True,299,270,0.903010033444816,3,0.011111111111111112,0.010033444816053512,273,0.9130434782608695,274,-0.0033444816053511705,274,-0.0033444816053511683,1,2,0,0.0022972658375898353,0.032126193689306796,predeclared descriptive curve; no dev selection
large,arc,T,dev,0.95,True,True,299,284,0.9498327759197325,9,0.03169014084507042,0.030100334448160536,270,0.903010033444816,274,-0.013377926421404682,274,-0.013377926421404673,2,6,1,0.014591145519933221,0.05930334123334969,predeclared descriptive curve; no dev selection
large,arc,T,dev,1.0,False,False,299,299,1.0,15,0.05016722408026756,0.05016722408026756,268,0.8963210702341137,274,-0.020066889632107024,274,-0.02006688963210701,4,10,1,0.02834660005634373,0.0813941844080327,predeclared descriptive curve; no dev selection
large,arc,C,fit,0.05,False,True,670,494,0.7373134328358208,2,0.004048582995951417,0.0029850746268656717,611,0.9119402985074627,610,0.0014925373134328358,627,-0.023880597014925287,1,0,1,0.0004906787933630523,0.014547739311434887,predeclared descriptive curve; no dev selection
large,arc,C,fit,0.1,False,True,670,494,0.7373134328358208,2,0.004048582995951417,0.0029850746268656717,611,0.9119402985074627,610,0.0014925373134328358,627,-0.023880597014925287,1,0,1,0.0004906787933630523,0.014547739311434887,predeclared descriptive curve; no dev selection
large,arc,C,fit,0.15,False,True,670,494,0.7373134328358208,2,0.004048582995951417,0.0029850746268656717,611,0.9119402985074627,610,0.0014925373134328358,627,-0.023880597014925287,1,0,1,0.0004906787933630523,0.014547739311434887,predeclared descriptive curve; no dev selection
large,arc,C,fit,0.2,False,True,670,494,0.7373134328358208,2,0.004048582995951417,0.0029850746268656717,611,0.9119402985074627,610,0.0014925373134328358,627,-0.023880597014925287,1,0,1,0.0004906787933630523,0.014547739311434887,predeclared descriptive curve; no dev selection
large,arc,C,fit,0.25,False,True,670,494,0.7373134328358208,2,0.004048582995951417,0.0029850746268656717,611,0.9119402985074627,610,0.0014925373134328358,627,-0.023880597014925287,1,0,1,0.0004906787933630523,0.014547739311434887,predeclared descriptive curve; no dev selection
large,arc,C,fit,0.3,False,True,670,494,0.7373134328358208,2,0.004048582995951417,0.0029850746268656717,611,0.9119402985074627,610,0.0014925373134328358,627,-0.023880597014925287,1,0,1,0.0004906787933630523,0.014547739311434887,predeclared descriptive curve; no dev selection
large,arc,C,fit,0.35,False,True,670,494,0.7373134328358208,2,0.004048582995951417,0.0029850746268656717,611,0.9119402985074627,610,0.0014925373134328358,627,-0.023880597014925287,1,0,1,0.0004906787933630523,0.014547739311434887,predeclared descriptive curve; no dev selection
large,arc,C,fit,0.4,False,True,670,494,0.7373134328358208,2,0.004048582995951417,0.0029850746268656717,611,0.9119402985074627,610,0.0014925373134328358,627,-0.023880597014925287,1,0,1,0.0004906787933630523,0.014547739311434887,predeclared descriptive curve; no dev selection
large,arc,C,fit,0.45,False,True,670,494,0.7373134328358208,2,0.004048582995951417,0.0029850746268656717,611,0.9119402985074627,610,0.0014925373134328358,627,-0.023880597014925287,1,0,1,0.0004906787933630523,0.014547739311434887,predeclared descriptive curve; no dev selection
large,arc,C,fit,0.5,False,True,670,494,0.7373134328358208,2,0.004048582995951417,0.0029850746268656717,611,0.9119402985074627,610,0.0014925373134328358,627,-0.023880597014925287,1,0,1,0.0004906787933630523,0.014547739311434887,predeclared descriptive curve; no dev selection
large,arc,C,fit,0.55,False,True,670,494,0.7373134328358208,2,0.004048582995951417,0.0029850746268656717,611,0.9119402985074627,610,0.0014925373134328358,627,-0.023880597014925287,1,0,1,0.0004906787933630523,0.014547739311434887,predeclared descriptive curve; no dev selection
large,arc,C,fit,0.6,False,True,670,494,0.7373134328358208,2,0.004048582995951417,0.0029850746268656717,611,0.9119402985074627,610,0.0014925373134328358,627,-0.023880597014925287,1,0,1,0.0004906787933630523,0.014547739311434887,predeclared descriptive curve; no dev selection
large,arc,C,fit,0.65,False,True,670,494,0.7373134328358208,2,0.004048582995951417,0.0029850746268656717,611,0.9119402985074627,610,0.0014925373134328358,627,-0.023880597014925287,1,0,1,0.0004906787933630523,0.014547739311434887,predeclared descriptive curve; no dev selection
large,arc,C,fit,0.7,False,True,670,494,0.7373134328358208,2,0.004048582995951417,0.0029850746268656717,611,0.9119402985074627,610,0.0014925373134328358,627,-0.023880597014925287,1,0,1,0.0004906787933630523,0.014547739311434887,predeclared descriptive curve; no dev selection
large,arc,C,fit,0.75,False,True,670,509,0.7597014925373134,2,0.003929273084479371,0.0029850746268656717,611,0.9119402985074627,610,0.0014925373134328358,627,-0.023880597014925287,1,0,1,0.0004762079242672132,0.014121224488727768,predeclared descriptive curve; no dev selection
large,arc,C,fit,0.8,False,True,670,537,0.8014925373134328,2,0.0037243947858473,0.0029850746268656717,611,0.9119402985074627,610,0.0014925373134328358,627,-0.023880597014925287,1,0,1,0.00045136016081119166,0.013388504667030395,predeclared descriptive curve; no dev selection
large,arc,C,fit,0.85,False,True,670,570,0.8507462686567164,3,0.005263157894736842,0.004477611940298508,612,0.9134328358208955,610,0.0029850746268656717,627,-0.02238805970149249,2,0,1,0.001086707626019313,0.015303538811970203,predeclared descriptive curve; no dev selection
large,arc,C,fit,0.9,True,True,670,603,0.9,6,0.009950248756218905,0.008955223880597015,612,0.9134328358208955,610,0.0029850746268656717,627,-0.02238805970149249,3,1,2,0.003660073153235936,0.0215309359778584,predeclared descriptive curve; no dev selection
large,arc,C,fit,0.95,False,False,670,637,0.9507462686567164,15,0.023547880690737835,0.022388059701492536,615,0.917910447761194,610,0.007462686567164179,627,-0.017910447761193993,8,3,4,0.013238083072018191,0.03854158773849906,predeclared descriptive curve; no dev selection
large,arc,C,fit,1.0,False,False,670,670,1.0,31,0.04626865671641791,0.04626865671641791,613,0.9149253731343283,610,0.004477611940298508,627,-0.020895522388059695,14,11,6,0.03165051519075802,0.06503445578221279,predeclared descriptive curve; no dev selection
large,arc,C,cal,0.05,False,True,448,321,0.7165178571428571,2,0.006230529595015576,0.004464285714285714,404,0.9017857142857143,402,0.004464285714285714,408,-0.008928571428571397,2,0,0,0.0007554386842811592,0.022324394022762442,predeclared descriptive curve; no dev selection
large,arc,C,cal,0.1,False,True,448,321,0.7165178571428571,2,0.006230529595015576,0.004464285714285714,404,0.9017857142857143,402,0.004464285714285714,408,-0.008928571428571397,2,0,0,0.0007554386842811592,0.022324394022762442,predeclared descriptive curve; no dev selection
large,arc,C,cal,0.15,False,True,448,321,0.7165178571428571,2,0.006230529595015576,0.004464285714285714,404,0.9017857142857143,402,0.004464285714285714,408,-0.008928571428571397,2,0,0,0.0007554386842811592,0.022324394022762442,predeclared descriptive curve; no dev selection
large,arc,C,cal,0.2,False,True,448,321,0.7165178571428571,2,0.006230529595015576,0.004464285714285714,404,0.9017857142857143,402,0.004464285714285714,408,-0.008928571428571397,2,0,0,0.0007554386842811592,0.022324394022762442,predeclared descriptive curve; no dev selection
large,arc,C,cal,0.25,False,True,448,321,0.7165178571428571,2,0.006230529595015576,0.004464285714285714,404,0.9017857142857143,402,0.004464285714285714,408,-0.008928571428571397,2,0,0,0.0007554386842811592,0.022324394022762442,predeclared descriptive curve; no dev selection
large,arc,C,cal,0.3,False,True,448,321,0.7165178571428571,2,0.006230529595015576,0.004464285714285714,404,0.9017857142857143,402,0.004464285714285714,408,-0.008928571428571397,2,0,0,0.0007554386842811592,0.022324394022762442,predeclared descriptive curve; no dev selection
large,arc,C,cal,0.35,False,True,448,321,0.7165178571428571,2,0.006230529595015576,0.004464285714285714,404,0.9017857142857143,402,0.004464285714285714,408,-0.008928571428571397,2,0,0,0.0007554386842811592,0.022324394022762442,predeclared descriptive curve; no dev selection
large,arc,C,cal,0.4,False,True,448,321,0.7165178571428571,2,0.006230529595015576,0.004464285714285714,404,0.9017857142857143,402,0.004464285714285714,408,-0.008928571428571397,2,0,0,0.0007554386842811592,0.022324394022762442,predeclared descriptive curve; no dev selection
large,arc,C,cal,0.45,False,True,448,321,0.7165178571428571,2,0.006230529595015576,0.004464285714285714,404,0.9017857142857143,402,0.004464285714285714,408,-0.008928571428571397,2,0,0,0.0007554386842811592,0.022324394022762442,predeclared descriptive curve; no dev selection
large,arc,C,cal,0.5,False,True,448,321,0.7165178571428571,2,0.006230529595015576,0.004464285714285714,404,0.9017857142857143,402,0.004464285714285714,408,-0.008928571428571397,2,0,0,0.0007554386842811592,0.022324394022762442,predeclared descriptive curve; no dev selection
large,arc,C,cal,0.55,False,True,448,321,0.7165178571428571,2,0.006230529595015576,0.004464285714285714,404,0.9017857142857143,402,0.004464285714285714,408,-0.008928571428571397,2,0,0,0.0007554386842811592,0.022324394022762442,predeclared descriptive curve; no dev selection
large,arc,C,cal,0.6,False,True,448,321,0.7165178571428571,2,0.006230529595015576,0.004464285714285714,404,0.9017857142857143,402,0.004464285714285714,408,-0.008928571428571397,2,0,0,0.0007554386842811592,0.022324394022762442,predeclared descriptive curve; no dev selection
large,arc,C,cal,0.65,False,True,448,321,0.7165178571428571,2,0.006230529595015576,0.004464285714285714,404,0.9017857142857143,402,0.004464285714285714,408,-0.008928571428571397,2,0,0,0.0007554386842811592,0.022324394022762442,predeclared descriptive curve; no dev selection
large,arc,C,cal,0.7,False,True,448,321,0.7165178571428571,2,0.006230529595015576,0.004464285714285714,404,0.9017857142857143,402,0.004464285714285714,408,-0.008928571428571397,2,0,0,0.0007554386842811592,0.022324394022762442,predeclared descriptive curve; no dev selection
large,arc,C,cal,0.75,False,True,448,338,0.7544642857142857,2,0.005917159763313609,0.004464285714285714,404,0.9017857142857143,402,0.004464285714285714,408,-0.008928571428571397,2,0,0,0.0007174005178587294,0.02121024944842629,predeclared descriptive curve; no dev selection
large,arc,C,cal,0.8,False,True,448,359,0.8013392857142857,2,0.005571030640668524,0.004464285714285714,404,0.9017857142857143,402,0.004464285714285714,408,-0.008928571428571397,2,0,0,0.0006753911599329521,0.019978568909683764,predeclared descriptive curve; no dev selection
large,arc,C,cal,0.85,False,True,448,385,0.859375,3,0.007792207792207792,0.006696428571428571,404,0.9017857142857143,402,0.004464285714285714,408,-0.008928571428571397,2,0,1,0.0016098323529744202,0.022602131553525848,predeclared descriptive curve; no dev selection
large,arc,C,cal,0.9,True,True,448,404,0.9017857142857143,7,0.017326732673267328,0.015625,408,0.9107142857142857,402,0.013392857142857142,408,0.0,6,0,1,0.006993907720796232,0.03537244710313863,predeclared descriptive curve; no dev selection
large,arc,C,cal,0.95,False,False,448,422,0.9419642857142857,11,0.026066350710900472,0.024553571428571428,405,0.9040178571428571,402,0.006696428571428571,408,-0.006696428571428603,6,3,2,0.013082472920343143,0.046160514469002815,predeclared descriptive curve; no dev selection
large,arc,C,cal,1.0,False,False,448,448,1.0,21,0.046875,0.046875,407,0.9084821428571429,402,0.011160714285714286,408,-0.0022321428571427937,10,5,6,0.029247127430963114,0.0707631197977109,predeclared descriptive curve; no dev selection
large,arc,C,dev,0.05,False,True,299,217,0.725752508361204,1,0.004608294930875576,0.0033444816053511705,265,0.8862876254180602,266,-0.0033444816053511705,274,-0.030100334448160515,0,1,0,0.00011666512029039178,0.02540694002464814,predeclared descriptive curve; no dev selection
large,arc,C,dev,0.1,False,True,299,217,0.725752508361204,1,0.004608294930875576,0.0033444816053511705,265,0.8862876254180602,266,-0.0033444816053511705,274,-0.030100334448160515,0,1,0,0.00011666512029039178,0.02540694002464814,predeclared descriptive curve; no dev selection
large,arc,C,dev,0.15,False,True,299,217,0.725752508361204,1,0.004608294930875576,0.0033444816053511705,265,0.8862876254180602,266,-0.0033444816053511705,274,-0.030100334448160515,0,1,0,0.00011666512029039178,0.02540694002464814,predeclared descriptive curve; no dev selection
large,arc,C,dev,0.2,False,True,299,217,0.725752508361204,1,0.004608294930875576,0.0033444816053511705,265,0.8862876254180602,266,-0.0033444816053511705,274,-0.030100334448160515,0,1,0,0.00011666512029039178,0.02540694002464814,predeclared descriptive curve; no dev selection
large,arc,C,dev,0.25,False,True,299,217,0.725752508361204,1,0.004608294930875576,0.0033444816053511705,265,0.8862876254180602,266,-0.0033444816053511705,274,-0.030100334448160515,0,1,0,0.00011666512029039178,0.02540694002464814,predeclared descriptive curve; no dev selection
large,arc,C,dev,0.3,False,True,299,217,0.725752508361204,1,0.004608294930875576,0.0033444816053511705,265,0.8862876254180602,266,-0.0033444816053511705,274,-0.030100334448160515,0,1,0,0.00011666512029039178,0.02540694002464814,predeclared descriptive curve; no dev selection
large,arc,C,dev,0.35,False,True,299,217,0.725752508361204,1,0.004608294930875576,0.0033444816053511705,265,0.8862876254180602,266,-0.0033444816053511705,274,-0.030100334448160515,0,1,0,0.00011666512029039178,0.02540694002464814,predeclared descriptive curve; no dev selection
large,arc,C,dev,0.4,False,True,299,217,0.725752508361204,1,0.004608294930875576,0.0033444816053511705,265,0.8862876254180602,266,-0.0033444816053511705,274,-0.030100334448160515,0,1,0,0.00011666512029039178,0.02540694002464814,predeclared descriptive curve; no dev selection
large,arc,C,dev,0.45,False,True,299,217,0.725752508361204,1,0.004608294930875576,0.0033444816053511705,265,0.8862876254180602,266,-0.0033444816053511705,274,-0.030100334448160515,0,1,0,0.00011666512029039178,0.02540694002464814,predeclared descriptive curve; no dev selection
large,arc,C,dev,0.5,False,True,299,217,0.725752508361204,1,0.004608294930875576,0.0033444816053511705,265,0.8862876254180602,266,-0.0033444816053511705,274,-0.030100334448160515,0,1,0,0.00011666512029039178,0.02540694002464814,predeclared descriptive curve; no dev selection
large,arc,C,dev,0.55,False,True,299,217,0.725752508361204,1,0.004608294930875576,0.0033444816053511705,265,0.8862876254180602,266,-0.0033444816053511705,274,-0.030100334448160515,0,1,0,0.00011666512029039178,0.02540694002464814,predeclared descriptive curve; no dev selection
large,arc,C,dev,0.6,False,True,299,217,0.725752508361204,1,0.004608294930875576,0.0033444816053511705,265,0.8862876254180602,266,-0.0033444816053511705,274,-0.030100334448160515,0,1,0,0.00011666512029039178,0.02540694002464814,predeclared descriptive curve; no dev selection
large,arc,C,dev,0.65,False,True,299,217,0.725752508361204,1,0.004608294930875576,0.0033444816053511705,265,0.8862876254180602,266,-0.0033444816053511705,274,-0.030100334448160515,0,1,0,0.00011666512029039178,0.02540694002464814,predeclared descriptive curve; no dev selection
large,arc,C,dev,0.7,False,True,299,217,0.725752508361204,1,0.004608294930875576,0.0033444816053511705,265,0.8862876254180602,266,-0.0033444816053511705,274,-0.030100334448160515,0,1,0,0.00011666512029039178,0.02540694002464814,predeclared descriptive curve; no dev selection
large,arc,C,dev,0.75,False,True,299,226,0.7558528428093646,1,0.004424778761061947,0.0033444816053511705,265,0.8862876254180602,266,-0.0033444816053511705,274,-0.030100334448160515,0,1,0,0.00011201942440121644,0.024405379299597255,predeclared descriptive curve; no dev selection
large,arc,C,dev,0.8,False,True,299,233,0.7792642140468228,1,0.004291845493562232,0.0033444816053511705,265,0.8862876254180602,266,-0.0033444816053511705,274,-0.030100334448160515,0,1,0,0.00010865421680721745,0.023679354138554612,predeclared descriptive curve; no dev selection
large,arc,C,dev,0.85,False,True,299,254,0.8494983277591973,2,0.007874015748031496,0.006688963210702341,266,0.8896321070234113,266,0.0,274,-0.026755852842809347,1,1,0,0.0009550063643227486,0.028152611969218477,predeclared descriptive curve; no dev selection
large,arc,C,dev,0.9,True,True,299,270,0.903010033444816,3,0.011111111111111112,0.010033444816053512,267,0.8929765886287625,266,0.0033444816053511705,274,-0.02341137123745818,2,1,0,0.0022972658375898353,0.032126193689306796,predeclared descriptive curve; no dev selection
large,arc,C,dev,0.95,False,False,299,284,0.9498327759197325,6,0.02112676056338028,0.020066889632107024,269,0.8996655518394648,266,0.010033444816053512,274,-0.01672240802675584,4,1,1,0.007791679951283275,0.0454145300844301,predeclared descriptive curve; no dev selection
large,arc,C,dev,1.0,False,False,299,299,1.0,12,0.04013377926421405,0.04013377926421405,268,0.8963210702341137,266,0.006688963210702341,274,-0.02006688963210701,6,4,2,0.02090683674265958,0.06905568750433605,predeclared descriptive curve; no dev selection
small,obqa,T,fit,0.05,False,False,2100,105,0.05,17,0.1619047619047619,0.008095238095238095,1005,0.4785714285714286,993,0.005714285714285714,1113,-0.051428571428571435,14,2,1,0.09723833678999019,0.2465224267158945,predeclared descriptive curve; no dev selection
small,obqa,T,fit,0.1,False,False,2100,210,0.1,36,0.17142857142857143,0.017142857142857144,1000,0.47619047619047616,993,0.0033333333333333335,1113,-0.05380952380952386,19,12,5,0.12304866127735173,0.22934353223227408,predeclared descriptive curve; no dev selection
small,obqa,T,fit,0.15,False,False,2100,315,0.15,68,0.21587301587301588,0.03238095238095238,1008,0.48,993,0.007142857142857143,1113,-0.050000000000000044,34,19,15,0.17171217850415185,0.2654668926358994,predeclared descriptive curve; no dev selection
small,obqa,T,fit,0.2,False,False,2100,420,0.2,104,0.24761904761904763,0.049523809523809526,1007,0.4795238095238095,993,0.006666666666666667,1113,-0.05047619047619051,46,32,26,0.20705272265117006,0.29178218803186745,predeclared descriptive curve; no dev selection
small,obqa,T,fit,0.25,False,False,2100,525,0.25,148,0.2819047619047619,0.07047619047619047,997,0.4747619047619048,993,0.0019047619047619048,1113,-0.05523809523809525,55,51,42,0.2437862347708838,0.3224989813631079,predeclared descriptive curve; no dev selection
small,obqa,T,fit,0.3,False,False,2100,630,0.3,189,0.3,0.09,991,0.4719047619047619,993,-0.0009523809523809524,1113,-0.058095238095238144,63,65,61,0.264431129899285,0.33745558351624716,predeclared descriptive curve; no dev selection
small,obqa,T,fit,0.35,False,False,2100,735,0.35,232,0.31564625850340133,0.11047619047619048,993,0.47285714285714286,993,0.0,1113,-0.05714285714285716,79,79,74,0.2821626013359793,0.3506174535458063,predeclared descriptive curve; no dev selection
small,obqa,T,fit,0.4,False,False,2100,840,0.4,273,0.325,0.13,986,0.4695238095238095,993,-0.0033333333333333335,1113,-0.06047619047619052,87,94,92,0.2933918615035337,0.3578417310836287,predeclared descriptive curve; no dev selection
small,obqa,T,fit,0.45,False,False,2100,945,0.45,318,0.33650793650793653,0.15142857142857144,977,0.46523809523809523,993,-0.007619047619047619,1113,-0.0647619047619048,96,112,110,0.30640161452199516,0.367637277493678,predeclared descriptive curve; no dev selection
small,obqa,T,fit,0.5,False,False,2100,1050,0.5,371,0.35333333333333333,0.17666666666666667,968,0.46095238095238095,993,-0.011904761904761904,1113,-0.06904761904761908,107,132,132,0.3243900275226996,0.3831015821853509,predeclared descriptive curve; no dev selection
small,obqa,T,fit,0.55,False,False,2100,1155,0.55,424,0.3670995670995671,0.2019047619047619,957,0.45571428571428574,993,-0.017142857142857144,1113,-0.07428571428571429,119,155,150,0.33923690534194,0.395641094513852,predeclared descriptive curve; no dev selection
small,obqa,T,fit,0.6,False,False,2100,1260,0.6,473,0.3753968253968254,0.22523809523809524,951,0.45285714285714285,993,-0.02,1113,-0.07714285714285718,130,172,171,0.348580298993122,0.4027963101761828,predeclared descriptive curve; no dev selection
small,obqa,T,fit,0.65,False,False,2100,1365,0.65,533,0.3904761904761905,0.2538095238095238,937,0.4461904761904762,993,-0.02666666666666667,1113,-0.08380952380952383,141,197,195,0.36448868907522164,0.416936310069456,predeclared descriptive curve; no dev selection
small,obqa,T,fit,0.7,False,False,2100,1470,0.7,593,0.4034013605442177,0.2823809523809524,922,0.439047619047619,993,-0.03380952380952381,1113,-0.090952380952381,153,224,216,0.37819713967888385,0.4289923864839524,predeclared descriptive curve; no dev selection
small,obqa,T,fit,0.75,False,False,2100,1575,0.75,654,0.41523809523809524,0.31142857142857144,912,0.4342857142857143,993,-0.03857142857142857,1113,-0.09571428571428575,168,249,237,0.39076209162967257,0.44003068958865627,predeclared descriptive curve; no dev selection
small,obqa,T,fit,0.8,False,False,2100,1680,0.8,715,0.4255952380952381,0.3404761904761905,898,0.4276190476190476,993,-0.04523809523809524,1113,-0.1023809523809524,182,277,256,0.40180224452950686,0.4496486306242406,predeclared descriptive curve; no dev selection
small,obqa,T,fit,0.85,False,False,2100,1785,0.85,782,0.4380952380952381,0.37238095238095237,883,0.4204761904761905,993,-0.05238095238095238,1113,-0.10952380952380952,195,305,282,0.41491617223530664,0.4614781122236455,predeclared descriptive curve; no dev selection
small,obqa,T,fit,0.9,False,False,2100,1890,0.9,852,0.4507936507936508,0.4057142857142857,862,0.4104761904761905,993,-0.062380952380952384,1113,-0.11952380952380953,208,339,305,0.42818795409885135,0.4735522814842493,predeclared descriptive curve; no dev selection
small,obqa,T,fit,0.95,False,False,2100,1995,0.95,910,0.45614035087719296,0.43333333333333335,853,0.4061904761904762,993,-0.06666666666666667,1113,-0.12380952380952381,224,364,322,0.43411190295873897,0.47829789151701757,predeclared descriptive curve; no dev selection
small,obqa,T,fit,1.0,False,False,2100,2100,1.0,977,0.46523809523809523,0.46523809523809523,831,0.39571428571428574,993,-0.07714285714285714,1113,-0.13428571428571429,234,396,347,0.4437279543912945,0.48684540060091613,predeclared descriptive curve; no dev selection
small,obqa,T,cal,0.05,False,False,1366,65,0.04758418740849195,5,0.07692307692307693,0.0036603221083455345,621,0.4546120058565154,619,0.0014641288433382138,691,-0.051244509516837455,3,1,1,0.025448467019043023,0.170456290488925,predeclared descriptive curve; no dev selection
small,obqa,T,cal,0.1,False,False,1366,142,0.10395314787701318,19,0.13380281690140844,0.013909224011713031,616,0.45095168374816985,619,-0.0021961932650073207,691,-0.054904831625183004,6,9,4,0.08251979541196333,0.20104017463949223,predeclared descriptive curve; no dev selection
small,obqa,T,cal,0.15,False,False,1366,216,0.1581259150805271,35,0.16203703703703703,0.02562225475841874,618,0.45241581259150804,619,-0.0007320644216691069,691,-0.05344070278184482,13,14,8,0.11553481868556285,0.21808064754950224,predeclared descriptive curve; no dev selection
small,obqa,T,cal,0.2,False,False,1366,282,0.20644216691068815,55,0.1950354609929078,0.04026354319180088,619,0.45314787701317716,619,0.0,691,-0.0527086383601757,20,20,15,0.1504391270881654,0.24616889318696775,predeclared descriptive curve; no dev selection
small,obqa,T,cal,0.25,False,False,1366,375,0.2745241581259151,92,0.24533333333333332,0.06734992679355783,614,0.4494875549048316,619,-0.0036603221083455345,691,-0.056368960468521245,29,34,29,0.20261033579960433,0.2921284380958712,predeclared descriptive curve; no dev selection
small,obqa,T,cal,0.3,False,False,1366,447,0.32723279648609077,123,0.2751677852348993,0.09004392386530015,607,0.4443631039531479,619,-0.008784773060029283,691,-0.06149341142020498,35,47,41,0.2342543604736266,0.3190857399813974,predeclared descriptive curve; no dev selection
small,obqa,T,cal,0.35,False,False,1366,506,0.37042459736456806,155,0.30632411067193677,0.11346998535871157,609,0.4458272327964861,619,-0.007320644216691069,691,-0.06002928257686674,45,55,55,0.2664042439400682,0.34852438592592344,predeclared descriptive curve; no dev selection
small,obqa,T,cal,0.4,False,False,1366,572,0.41874084919472915,189,0.3304195804195804,0.1383601756954612,607,0.4443631039531479,619,-0.008784773060029283,691,-0.06149341142020498,56,68,65,0.2919605395420461,0.3706412729495516,predeclared descriptive curve; no dev selection
small,obqa,T,cal,0.45,False,False,1366,642,0.4699853587115666,211,0.32866043613707163,0.15446559297218154,595,0.4355783308931186,619,-0.017569546120058566,691,-0.07027818448023426,58,82,71,0.2924060118338345,0.3664995784808998,predeclared descriptive curve; no dev selection
small,obqa,T,cal,0.5,False,False,1366,703,0.5146412884333821,245,0.3485064011379801,0.17935578330893118,590,0.43191800878477304,619,-0.0212298682284041,691,-0.07393850658857981,68,97,80,0.3132709356293795,0.38501970024231813,predeclared descriptive curve; no dev selection
small,obqa,T,cal,0.55,False,False,1366,790,0.5783308931185944,294,0.3721518987341772,0.21522693997071743,580,0.424597364568082,619,-0.02855051244509517,691,-0.08125915080527085,78,117,99,0.3383428833136358,0.40691904407815277,predeclared descriptive curve; no dev selection
small,obqa,T,cal,0.6,False,False,1366,868,0.6354319180087847,323,0.3721198156682028,0.23645680819912152,571,0.41800878477306,619,-0.03513909224011713,691,-0.08784773060029283,82,130,111,0.33986809329735623,0.40524297718195335,predeclared descriptive curve; no dev selection
small,obqa,T,cal,0.65,False,False,1366,935,0.6844802342606149,354,0.3786096256684492,0.2591508052708638,566,0.4143484626647145,619,-0.038799414348462666,691,-0.09150805270863838,89,142,123,0.34740907569792884,0.41057751002763776,predeclared descriptive curve; no dev selection
small,obqa,T,cal,0.7,False,False,1366,1007,0.7371888726207906,392,0.38927507447864945,0.2869692532942899,564,0.4128843338213763,619,-0.04026354319180088,691,-0.09297218155197656,99,154,139,0.3590247112786074,0.42017479250428197,predeclared descriptive curve; no dev selection
small,obqa,T,cal,0.75,False,False,1366,1064,0.7789165446559297,426,0.40037593984962405,0.3118594436310395,567,0.4150805270863836,619,-0.03806734992679356,691,-0.09077598828696926,111,163,152,0.3707754498139591,0.43052905558994314,predeclared descriptive curve; no dev selection
small,obqa,T,cal,0.8,False,False,1366,1110,0.8125915080527086,447,0.4027027027027027,0.32723279648609077,560,0.40995607613469986,619,-0.04319180087847731,691,-0.09590043923865299,114,173,160,0.3736908945523386,0.43223166170756094,predeclared descriptive curve; no dev selection
small,obqa,T,cal,0.85,False,False,1366,1180,0.8638360175695461,488,0.4135593220338983,0.35724743777452417,558,0.4084919472913616,619,-0.04465592972181552,691,-0.09736456808199123,127,188,173,0.38528210687422765,0.44226846752254617,predeclared descriptive curve; no dev selection
small,obqa,T,cal,0.9,False,False,1366,1243,0.9099560761346999,522,0.41995172968624295,0.3821376281112738,547,0.40043923865300146,619,-0.0527086383601757,691,-0.1054172767203514,136,208,178,0.39232902070377035,0.44795397419416977,predeclared descriptive curve; no dev selection
small,obqa,T,cal,0.95,False,False,1366,1313,0.9612005856515373,562,0.428027418126428,0.41142020497803805,543,0.39751098096632503,619,-0.055636896046852125,691,-0.10834553440702782,144,220,198,0.40107000661810555,0.4553077241473809,predeclared descriptive curve; no dev selection
small,obqa,T,cal,1.0,False,False,1366,1366,1.0,598,0.4377745241581259,0.4377745241581259,534,0.39092240117130306,619,-0.06222547584187409,691,-0.1149341142020498,151,236,211,0.4112575533665934,0.4645597318661603,predeclared descriptive curve; no dev selection
small,obqa,T,dev,0.05,False,False,742,29,0.03908355795148248,2,0.06896551724137931,0.0026954177897574125,346,0.46630727762803237,346,0.0,366,-0.026954177897574094,0,0,2,0.008463962253001825,0.22766188994448616,predeclared descriptive curve; no dev selection
small,obqa,T,dev,0.1,False,False,742,67,0.09029649595687332,12,0.1791044776119403,0.016172506738544475,349,0.47035040431266845,346,0.004043126684636119,366,-0.022911051212938016,5,2,5,0.09611939959085301,0.2919634281725818,predeclared descriptive curve; no dev selection
small,obqa,T,dev,0.15,False,False,742,99,0.1334231805929919,23,0.23232323232323232,0.03099730458221024,347,0.46765498652291104,346,0.0013477088948787063,366,-0.02560646900269542,7,6,10,0.15333093776749318,0.32792851003011053,predeclared descriptive curve; no dev selection
small,obqa,T,dev,0.2,False,False,742,137,0.18463611859838275,32,0.23357664233576642,0.0431266846361186,345,0.46495956873315364,346,-0.0013477088948787063,366,-0.028301886792452824,9,10,13,0.16558219027655535,0.3134445716027565,predeclared descriptive curve; no dev selection
small,obqa,T,dev,0.25,False,False,742,187,0.25202156334231807,48,0.25668449197860965,0.0646900269541779,344,0.4636118598382749,346,-0.0026954177897574125,366,-0.029649595687331554,14,16,18,0.19572586717130677,0.32552871102643843,predeclared descriptive curve; no dev selection
small,obqa,T,dev,0.3,False,False,742,235,0.316711590296496,70,0.2978723404255319,0.09433962264150944,341,0.45956873315363883,346,-0.006738544474393531,366,-0.03369272237196763,20,25,25,0.24015998817594825,0.36076649633174,predeclared descriptive curve; no dev selection
small,obqa,T,dev,0.35,False,False,742,266,0.3584905660377358,81,0.30451127819548873,0.1091644204851752,342,0.4609164420485175,346,-0.005390835579514825,366,-0.03234501347708896,23,27,31,0.24978397234116972,0.36365648941459694,predeclared descriptive curve; no dev selection
small,obqa,T,dev,0.4,False,False,742,307,0.4137466307277628,102,0.3322475570032573,0.13746630727762804,339,0.4568733153638814,346,-0.009433962264150943,366,-0.036388140161725036,29,36,37,0.2797760867461259,0.38799390701970615,predeclared descriptive curve; no dev selection
small,obqa,T,dev,0.45,False,False,742,359,0.4838274932614555,126,0.35097493036211697,0.16981132075471697,335,0.45148247978436656,346,-0.014824797843665768,366,-0.0417789757412399,34,45,47,0.3016207293098392,0.4028104703431403,predeclared descriptive curve; no dev selection
small,obqa,T,dev,0.5,False,False,742,379,0.5107816711590296,137,0.36147757255936674,0.18463611859838275,337,0.45417789757412397,346,-0.012129380053908356,366,-0.039083557951482495,38,47,52,0.3130390993610262,0.41209874283488435,predeclared descriptive curve; no dev selection
small,obqa,T,dev,0.55,False,False,742,419,0.5646900269541779,154,0.36754176610978523,0.20754716981132076,335,0.45148247978436656,346,-0.014824797843665768,366,-0.0417789757412399,41,52,61,0.321262291429958,0.41570648878269356,predeclared descriptive curve; no dev selection
small,obqa,T,dev,0.6,False,False,742,457,0.6159029649595688,179,0.3916849015317287,0.24123989218328842,332,0.4474393530997305,346,-0.018867924528301886,366,-0.04582210242587598,45,59,75,0.34666556200944426,0.4381156213226498,predeclared descriptive curve; no dev selection
small,obqa,T,dev,0.65,False,False,742,503,0.6778975741239892,204,0.40556660039761433,0.2749326145552561,326,0.4393530997304582,346,-0.026954177897574125,366,-0.053908355795148244,51,71,82,0.3623287298172775,0.44992097448056473,predeclared descriptive curve; no dev selection
small,obqa,T,dev,0.7,False,False,742,544,0.7331536388140162,225,0.41360294117647056,0.3032345013477089,323,0.4353099730458221,346,-0.03099730458221024,366,-0.05795148247978438,56,79,90,0.3718665503082518,0.4562829065735848,predeclared descriptive curve; no dev selection
small,obqa,T,dev,0.75,False,False,742,583,0.7857142857142857,244,0.41852487135506006,0.3288409703504043,315,0.42452830188679247,346,-0.04177897574123989,366,-0.06873315363881399,59,90,95,0.3781238704818385,0.45975548994549303,predeclared descriptive curve; no dev selection
small,obqa,T,dev,0.8,False,False,742,609,0.8207547169811321,258,0.4236453201970443,0.3477088948787062,310,0.41778975741239893,346,-0.04851752021563342,366,-0.07547169811320753,61,97,100,0.38403193664064483,0.4640026036778265,predeclared descriptive curve; no dev selection
small,obqa,T,dev,0.85,False,False,742,641,0.8638814016172507,277,0.43213728549141966,0.37331536388140163,307,0.4137466307277628,346,-0.05256064690026954,366,-0.07951482479784366,66,105,106,0.39339746671984904,0.47150487880007863,predeclared descriptive curve; no dev selection
small,obqa,T,dev,0.9,False,False,742,669,0.9016172506738545,294,0.43946188340807174,0.39622641509433965,303,0.408355795148248,346,-0.057951482479784364,366,-0.08490566037735847,69,112,113,0.4014437483689617,0.47801633081515904,predeclared descriptive curve; no dev selection
small,obqa,T,dev,0.95,False,False,742,707,0.9528301886792453,315,0.44554455445544555,0.42452830188679247,292,0.3935309973045822,346,-0.07277628032345014,366,-0.09973045822102428,70,124,121,0.40849381127323975,0.4830515187397652,predeclared descriptive curve; no dev selection
small,obqa,T,dev,1.0,False,False,742,742,1.0,339,0.4568733153638814,0.4568733153638814,285,0.38409703504043125,346,-0.08221024258760108,366,-0.10916442048517522,75,136,128,0.42059009993930385,0.49350061230422243,predeclared descriptive curve; no dev selection
small,obqa,C,fit,0.05,False,False,2100,105,0.05,3,0.02857142857142857,0.0014285714285714286,1113,0.53,1113,0.0,1113,0.0,1,1,1,0.005931321957887032,0.08123193276839337,predeclared descriptive curve; no dev selection
small,obqa,C,fit,0.1,False,False,2100,210,0.1,11,0.05238095238095238,0.005238095238095238,1113,0.53,1113,0.0,1113,0.0,5,5,1,0.026435105090309184,0.09178957401920285,predeclared descriptive curve; no dev selection
small,obqa,C,fit,0.15,False,False,2100,315,0.15,20,0.06349206349206349,0.009523809523809525,1114,0.5304761904761904,1113,0.0004761904761904762,1113,0.0004761904761904079,8,7,5,0.03921044610985429,0.09635743571173462,predeclared descriptive curve; no dev selection
small,obqa,C,fit,0.2,False,False,2100,420,0.2,46,0.10952380952380952,0.021904761904761906,1111,0.5290476190476191,1113,-0.0009523809523809524,1113,-0.0009523809523809268,14,16,16,0.08130880512659108,0.14337843992192137,predeclared descriptive curve; no dev selection
small,obqa,C,fit,0.25,False,False,2100,525,0.25,87,0.1657142857142857,0.041428571428571426,1102,0.5247619047619048,1113,-0.005238095238095238,1113,-0.005238095238095264,23,34,30,0.13491251486603237,0.2003351183097777,predeclared descriptive curve; no dev selection
small,obqa,C,fit,0.3,False,False,2100,630,0.3,127,0.2015873015873016,0.060476190476190475,1095,0.5214285714285715,1113,-0.008571428571428572,1113,-0.008571428571428563,32,50,45,0.17092540911802187,0.23507539387126666,predeclared descriptive curve; no dev selection
small,obqa,C,fit,0.35,False,False,2100,735,0.35,171,0.23265306122448978,0.08142857142857143,1094,0.520952380952381,1113,-0.009047619047619047,1113,-0.009047619047619082,47,66,58,0.20255027528839242,0.2649185449582949,predeclared descriptive curve; no dev selection
small,obqa,C,fit,0.4,False,False,2100,840,0.4,214,0.25476190476190474,0.1019047619047619,1087,0.5176190476190476,1113,-0.012380952380952381,1113,-0.012380952380952381,56,82,76,0.22560369672228275,0.2856518962267847,predeclared descriptive curve; no dev selection
small,obqa,C,fit,0.45,False,False,2100,945,0.45,273,0.28888888888888886,0.13,1074,0.5114285714285715,1113,-0.018571428571428572,1113,-0.018571428571428572,65,104,104,0.2601573088640432,0.3189427055068776,predeclared descriptive curve; no dev selection
small,obqa,C,fit,0.5,False,False,2100,1050,0.5,325,0.30952380952380953,0.15476190476190477,1060,0.5047619047619047,1113,-0.025238095238095237,1113,-0.02523809523809528,76,129,120,0.2816518457801711,0.3384678905895549,predeclared descriptive curve; no dev selection
small,obqa,C,fit,0.55,False,False,2100,1155,0.55,391,0.3385281385281385,0.18619047619047618,1041,0.4957142857142857,1113,-0.03428571428571429,1113,-0.03428571428571431,91,163,137,0.3112452597179749,0.36663613288867514,predeclared descriptive curve; no dev selection
small,obqa,C,fit,0.6,False,False,2100,1260,0.6,455,0.3611111111111111,0.21666666666666667,1019,0.48523809523809525,1113,-0.04476190476190476,1113,-0.04476190476190478,97,191,167,0.33454309684328304,0.3883290198940017,predeclared descriptive curve; no dev selection
small,obqa,C,fit,0.65,False,False,2100,1365,0.65,517,0.37875457875457874,0.24619047619047618,1001,0.4766666666666667,1113,-0.05333333333333334,1113,-0.053333333333333344,108,220,189,0.3529396108382158,0.4050928004202467,predeclared descriptive curve; no dev selection
small,obqa,C,fit,0.7,False,False,2100,1470,0.7,582,0.39591836734693875,0.27714285714285714,979,0.4661904761904762,1113,-0.06380952380952382,1113,-0.06380952380952382,114,248,220,0.3708073672858038,0.421446158979044,predeclared descriptive curve; no dev selection
small,obqa,C,fit,0.75,False,False,2100,1575,0.75,655,0.4158730158730159,0.3119047619047619,950,0.4523809523809524,1113,-0.07761904761904762,1113,-0.07761904761904764,125,288,242,0.3913904616202627,0.44066978823968084,predeclared descriptive curve; no dev selection
small,obqa,C,fit,0.8,False,False,2100,1680,0.8,718,0.42738095238095236,0.3419047619047619,923,0.43952380952380954,1113,-0.09047619047619047,1113,-0.09047619047619049,135,325,258,0.4035721596992377,0.451443892243666,predeclared descriptive curve; no dev selection
small,obqa,C,fit,0.85,False,False,2100,1785,0.85,782,0.4380952380952381,0.37238095238095237,905,0.430952380952381,1113,-0.09904761904761905,1113,-0.09904761904761905,145,353,284,0.41491617223530664,0.4614781122236455,predeclared descriptive curve; no dev selection
small,obqa,C,fit,0.9,False,False,2100,1890,0.9,853,0.45132275132275135,0.4061904761904762,869,0.4138095238095238,1113,-0.11619047619047619,1113,-0.11619047619047623,153,397,303,0.42871388925003584,0.47408290269928466,predeclared descriptive curve; no dev selection
small,obqa,C,fit,0.95,False,False,2100,1995,0.95,929,0.4656641604010025,0.4423809523809524,856,0.4076190476190476,1113,-0.12238095238095238,1113,-0.12238095238095242,172,429,328,0.4435889559371156,0.48784042378572334,predeclared descriptive curve; no dev selection
small,obqa,C,fit,1.0,False,False,2100,2100,1.0,998,0.47523809523809524,0.47523809523809524,831,0.39571428571428574,1113,-0.13428571428571429,1113,-0.13428571428571429,182,464,352,0.45368850375732883,0.49685689860827437,predeclared descriptive curve; no dev selection
small,obqa,C,cal,0.05,False,False,1366,65,0.04758418740849195,2,0.03076923076923077,0.0014641288433382138,691,0.5058565153733529,691,0.0,691,0.0,1,1,0,0.0037482622195128806,0.10677032057439899,predeclared descriptive curve; no dev selection
small,obqa,C,cal,0.1,False,False,1366,142,0.10395314787701318,10,0.07042253521126761,0.007320644216691069,690,0.5051244509516838,691,-0.0007320644216691069,691,-0.0007320644216690653,4,5,1,0.03428496896533926,0.12569573876820023,predeclared descriptive curve; no dev selection
small,obqa,C,cal,0.15,False,False,1366,216,0.1581259150805271,22,0.10185185185185185,0.016105417276720352,689,0.5043923865300146,691,-0.0014641288433382138,691,-0.0014641288433382416,8,10,4,0.06493816068665774,0.15013934223805694,predeclared descriptive curve; no dev selection
small,obqa,C,cal,0.2,False,False,1366,282,0.20644216691068815,36,0.1276595744680851,0.02635431918008785,694,0.5080527086383602,691,0.0021961932650073207,691,0.002196193265007307,15,12,9,0.09103691706884101,0.17233170283308655,predeclared descriptive curve; no dev selection
small,obqa,C,cal,0.25,False,False,1366,375,0.2745241581259151,65,0.17333333333333334,0.04758418740849195,691,0.5058565153733529,691,0.0,691,0.0,24,24,17,0.13639730922574733,0.21551939886236118,predeclared descriptive curve; no dev selection
small,obqa,C,cal,0.3,False,False,1366,447,0.32723279648609077,101,0.22595078299776286,0.0739385065885798,686,0.5021961932650073,691,-0.0036603221083455345,691,-0.0036603221083455484,31,36,34,0.18798637678153007,0.26758571904432327,predeclared descriptive curve; no dev selection
small,obqa,C,cal,0.35,False,False,1366,506,0.37042459736456806,132,0.2608695652173913,0.09663250366032211,684,0.5007320644216691,691,-0.005124450951683748,691,-0.00512445095168379,40,47,45,0.2231138920531173,0.3014451321148417,predeclared descriptive curve; no dev selection
small,obqa,C,cal,0.4,False,False,1366,572,0.41874084919472915,171,0.29895104895104896,0.12518301610541727,682,0.4992679355783309,691,-0.006588579795021962,691,-0.006588579795021976,50,59,62,0.2616814518741157,0.33831201451447995,predeclared descriptive curve; no dev selection
small,obqa,C,cal,0.45,False,False,1366,642,0.4699853587115666,202,0.3146417445482866,0.1478770131771596,668,0.4890190336749634,691,-0.01683748169838946,691,-0.016837481698389445,54,77,71,0.2788648316580825,0.35213356600354123,predeclared descriptive curve; no dev selection
small,obqa,C,cal,0.5,False,False,1366,703,0.5146412884333821,221,0.31436699857752487,0.1617862371888726,663,0.48535871156661786,691,-0.020497803806734993,691,-0.020497803806734993,57,85,79,0.2801770693643308,0.35012377314151233,predeclared descriptive curve; no dev selection
small,obqa,C,cal,0.55,False,False,1366,790,0.5783308931185944,275,0.34810126582278483,0.20131771595900438,643,0.4707174231332357,691,-0.03513909224011713,691,-0.03513909224011713,66,114,95,0.31486983034610105,0.3824714712347539,predeclared descriptive curve; no dev selection
small,obqa,C,cal,0.6,False,False,1366,868,0.6354319180087847,320,0.3686635944700461,0.2342606149341142,626,0.4582723279648609,691,-0.04758418740849195,691,-0.04758418740849196,71,136,113,0.33648519712365005,0.4017370224465534,predeclared descriptive curve; no dev selection
small,obqa,C,cal,0.65,False,False,1366,935,0.6844802342606149,361,0.386096256684492,0.2642752562225476,614,0.4494875549048316,691,-0.05636896046852123,691,-0.056368960468521245,79,156,126,0.3547561537519391,0.41815631085428806,predeclared descriptive curve; no dev selection
small,obqa,C,cal,0.7,False,False,1366,1007,0.7371888726207906,409,0.40615690168818275,0.29941434846266474,600,0.43923865300146414,691,-0.06661786237188873,691,-0.06661786237188871,90,181,138,0.37563960085093967,0.4372244696062124,predeclared descriptive curve; no dev selection
small,obqa,C,cal,0.75,False,False,1366,1064,0.7789165446559297,448,0.42105263157894735,0.3279648609077599,596,0.4363103953147877,691,-0.06954612005856516,691,-0.06954612005856514,101,196,151,0.3911697640470193,0.45137336118888155,predeclared descriptive curve; no dev selection
small,obqa,C,cal,0.8,False,False,1366,1110,0.8125915080527086,481,0.43333333333333335,0.35212298682284043,582,0.4260614934114202,691,-0.07979502196193265,691,-0.07979502196193267,108,217,156,0.403941110052399,0.4630798281733343,predeclared descriptive curve; no dev selection
small,obqa,C,cal,0.85,False,False,1366,1180,0.8638360175695461,522,0.4423728813559322,0.3821376281112738,569,0.41654465592972184,691,-0.08931185944363104,691,-0.08931185944363101,116,238,168,0.41378471635882147,0.4712489530335037,predeclared descriptive curve; no dev selection
small,obqa,C,cal,0.9,False,False,1366,1243,0.9099560761346999,562,0.45213193885760256,0.41142020497803805,552,0.404099560761347,691,-0.10175695461200586,691,-0.10175695461200585,123,262,177,0.4242025343113204,0.48028826632821414,predeclared descriptive curve; no dev selection
small,obqa,C,cal,0.95,False,False,1366,1313,0.9612005856515373,602,0.4584920030464585,0.4407027818448023,542,0.3967789165446559,691,-0.10907759882869693,691,-0.10907759882869694,132,281,189,0.4312783012184808,0.4858919007589757,predeclared descriptive curve; no dev selection
small,obqa,C,cal,1.0,False,False,1366,1366,1.0,640,0.4685212298682284,0.4685212298682284,534,0.39092240117130306,691,-0.11493411420204978,691,-0.1149341142020498,141,298,201,0.4417847300246664,0.49539341199832576,predeclared descriptive curve; no dev selection
small,obqa,C,dev,0.05,False,False,742,29,0.03908355795148248,1,0.034482758620689655,0.0013477088948787063,365,0.4919137466307278,366,-0.0013477088948787063,366,-0.0013477088948786742,0,1,0,0.000872646883579922,0.1776442954887229,predeclared descriptive curve; no dev selection
small,obqa,C,dev,0.1,False,False,742,67,0.09029649595687332,4,0.05970149253731343,0.005390835579514825,366,0.49326145552560646,366,0.0,366,0.0,2,2,0,0.016504404320304724,0.1458632318731398,predeclared descriptive curve; no dev selection
small,obqa,C,dev,0.15,False,False,742,99,0.1334231805929919,9,0.09090909090909091,0.012129380053908356,365,0.4919137466307278,366,-0.0013477088948787063,366,-0.0013477088948786742,3,4,2,0.04241647011856304,0.1655689757420103,predeclared descriptive curve; no dev selection
small,obqa,C,dev,0.2,False,False,742,137,0.18463611859838275,18,0.13138686131386862,0.02425876010781671,364,0.49056603773584906,366,-0.0026954177897574125,366,-0.002695417789757404,4,6,8,0.07976380516335371,0.1996793915039916,predeclared descriptive curve; no dev selection
small,obqa,C,dev,0.25,False,False,742,187,0.25202156334231807,33,0.17647058823529413,0.0444743935309973,361,0.4865229110512129,366,-0.006738544474393531,366,-0.006738544474393537,7,12,14,0.12469726055570869,0.23880573389873283,predeclared descriptive curve; no dev selection
small,obqa,C,dev,0.3,False,False,742,235,0.316711590296496,53,0.225531914893617,0.07142857142857142,355,0.4784366576819407,366,-0.014824797843665768,366,-0.014824797843665749,11,22,20,0.17374000041761886,0.2843891068857898,predeclared descriptive curve; no dev selection
small,obqa,C,dev,0.35,False,False,742,266,0.3584905660377358,63,0.23684210526315788,0.08490566037735849,357,0.4811320754716981,366,-0.012129380053908356,366,-0.012129380053908345,14,23,26,0.18705994898688164,0.2925915811860344,predeclared descriptive curve; no dev selection
small,obqa,C,dev,0.4,False,False,742,307,0.4137466307277628,86,0.28013029315960913,0.11590296495956873,356,0.4797843665768194,366,-0.013477088948787063,366,-0.013477088948787075,22,32,32,0.23060668920440971,0.3339541338775516,predeclared descriptive curve; no dev selection
small,obqa,C,dev,0.45,False,False,742,359,0.4838274932614555,114,0.31754874651810583,0.15363881401617252,353,0.4757412398921833,366,-0.01752021563342318,366,-0.017520215633423153,29,42,43,0.2696811169417929,0.36845694038834487,predeclared descriptive curve; no dev selection
small,obqa,C,dev,0.5,False,False,742,379,0.5107816711590296,125,0.32981530343007914,0.16846361185983827,353,0.4757412398921833,366,-0.01752021563342318,366,-0.017520215633423153,31,44,50,0.28265547558047627,0.3796587052908941,predeclared descriptive curve; no dev selection
small,obqa,C,dev,0.55,False,False,742,419,0.5646900269541779,147,0.35083532219570407,0.19811320754716982,347,0.46765498652291104,366,-0.025606469002695417,366,-0.02560646900269542,34,53,60,0.305141802587142,0.3986525680098352,predeclared descriptive curve; no dev selection
small,obqa,C,dev,0.6,False,False,742,457,0.6159029649595688,173,0.3785557986870897,0.23315363881401618,340,0.4582210242587601,366,-0.03504043126684636,366,-0.03504043126684636,39,65,69,0.3339047696301572,0.4247895921807995,predeclared descriptive curve; no dev selection
small,obqa,C,dev,0.65,False,False,742,503,0.6778975741239892,205,0.40755467196819084,0.27628032345013476,334,0.4501347708894879,366,-0.0431266846361186,366,-0.04312668463611857,44,76,85,0.36427215200895896,0.4519301657435247,predeclared descriptive curve; no dev selection
small,obqa,C,dev,0.7,False,False,742,544,0.7331536388140162,229,0.4209558823529412,0.3086253369272237,325,0.4380053908355795,366,-0.05525606469002695,366,-0.055256064690026974,46,87,96,0.37907613391880673,0.46369884108785653,predeclared descriptive curve; no dev selection
small,obqa,C,dev,0.75,False,False,742,583,0.7857142857142857,253,0.4339622641509434,0.34097035040431267,319,0.4299191374663073,366,-0.06334231805929919,366,-0.06334231805929919,52,99,102,0.3932965154273304,0.47530035585163183,predeclared descriptive curve; no dev selection
small,obqa,C,dev,0.8,False,False,742,609,0.8207547169811321,268,0.4400656814449918,0.3611859838274933,316,0.42587601078167114,366,-0.0673854447439353,366,-0.06738544474393532,55,105,108,0.4001935761642088,0.48052163826370736,predeclared descriptive curve; no dev selection
small,obqa,C,dev,0.85,False,False,742,641,0.8638814016172507,287,0.44773790951638065,0.3867924528301887,309,0.4164420485175202,366,-0.07681940700808626,366,-0.07681940700808626,58,115,114,0.4087803300283486,0.48717890053780943,predeclared descriptive curve; no dev selection
small,obqa,C,dev,0.9,False,False,742,669,0.9016172506738545,304,0.45440956651718983,0.40970350404312667,304,0.40970350404312667,366,-0.08355795148247978,366,-0.0835579514824798,61,123,120,0.416204750725537,0.49301823943849643,predeclared descriptive curve; no dev selection
small,obqa,C,dev,0.95,False,False,742,707,0.9528301886792453,326,0.4611032531824611,0.4393530997304582,297,0.4002695417789757,366,-0.09299191374663072,366,-0.09299191374663074,63,132,131,0.4238801604779899,0.49865219485104134,predeclared descriptive curve; no dev selection
small,obqa,C,dev,1.0,False,False,742,742,1.0,350,0.4716981132075472,0.4716981132075472,285,0.38409703504043125,366,-0.1091644204851752,366,-0.10916442048517522,66,147,137,0.43527961595540554,0.5083424025358024,predeclared descriptive curve; no dev selection
small,arc,T,fit,0.05,False,False,670,34,0.050746268656716415,7,0.20588235294117646,0.010447761194029851,306,0.45671641791044776,301,0.007462686567164179,395,-0.13283582089552243,6,1,0,0.0870213054581271,0.3789777485396833,predeclared descriptive curve; no dev selection
small,arc,T,fit,0.1,False,False,670,67,0.1,18,0.26865671641791045,0.026865671641791045,314,0.46865671641791046,301,0.019402985074626865,395,-0.12089552238805973,14,1,3,0.16764069447632873,0.39096222164577193,predeclared descriptive curve; no dev selection
small,arc,T,fit,0.15,False,False,670,101,0.15074626865671642,31,0.3069306930693069,0.04626865671641791,314,0.46865671641791046,301,0.019402985074626865,395,-0.12089552238805973,19,6,6,0.21897872630403414,0.4065567687881978,predeclared descriptive curve; no dev selection
small,arc,T,fit,0.2,False,False,670,134,0.2,47,0.35074626865671643,0.07014925373134329,319,0.4761194029850746,301,0.026865671641791045,395,-0.11343283582089558,26,8,13,0.2703633502245521,0.4378863720802814,predeclared descriptive curve; no dev selection
small,arc,T,fit,0.25,False,False,670,168,0.2507462686567164,63,0.375,0.09402985074626866,318,0.4746268656716418,301,0.025373134328358207,395,-0.11492537313432838,30,13,20,0.30162178364162057,0.4528726166649276,predeclared descriptive curve; no dev selection
small,arc,T,fit,0.3,False,False,670,201,0.3,79,0.39303482587064675,0.11791044776119403,316,0.4716417910447761,301,0.022388059701492536,395,-0.11791044776119408,34,19,26,0.32505738335067397,0.4642167195263342,predeclared descriptive curve; no dev selection
small,arc,T,fit,0.35,False,False,670,235,0.35074626865671643,91,0.3872340425531915,0.13582089552238805,313,0.4671641791044776,301,0.01791044776119403,395,-0.12238805970149258,36,24,31,0.32460462433010423,0.4527466098471416,predeclared descriptive curve; no dev selection
small,arc,T,fit,0.4,False,False,670,268,0.4,108,0.40298507462686567,0.16119402985074627,310,0.4626865671641791,301,0.013432835820895522,395,-0.12686567164179108,40,31,37,0.3437592432530446,0.46438124182140117,predeclared descriptive curve; no dev selection
small,arc,T,fit,0.45,False,False,670,302,0.4507462686567164,127,0.4205298013245033,0.18955223880597014,307,0.4582089552238806,301,0.008955223880597015,395,-0.13134328358208958,45,39,43,0.3642220155517674,0.47841231143419055,predeclared descriptive curve; no dev selection
small,arc,T,fit,0.5,False,False,670,335,0.5,140,0.417910447761194,0.208955223880597,307,0.4582089552238806,301,0.008955223880597015,395,-0.13134328358208958,50,44,46,0.3645349232134546,0.4727503924168008,predeclared descriptive curve; no dev selection
small,arc,T,fit,0.55,False,False,670,369,0.5507462686567164,162,0.43902439024390244,0.2417910447761194,302,0.4507462686567164,301,0.0014925373134328358,395,-0.13880597014925378,53,52,57,0.38770236506006694,0.49133251578058773,predeclared descriptive curve; no dev selection
small,arc,T,fit,0.6,False,False,670,402,0.6,180,0.44776119402985076,0.26865671641791045,299,0.4462686567164179,301,-0.0029850746268656717,395,-0.14328358208955227,56,58,66,0.3984492681603831,0.4978477002648034,predeclared descriptive curve; no dev selection
small,arc,T,fit,0.65,False,False,670,436,0.6507462686567164,199,0.45642201834862384,0.29701492537313434,289,0.43134328358208956,301,-0.01791044776119403,395,-0.15820895522388062,58,70,71,0.40895539063961006,0.5044838004601438,predeclared descriptive curve; no dev selection
small,arc,T,fit,0.7,False,False,670,469,0.7,214,0.4562899786780384,0.3194029850746269,281,0.41940298507462687,301,-0.029850746268656716,395,-0.17014925373134332,59,79,76,0.41054521842871483,0.5025892150694238,predeclared descriptive curve; no dev selection
small,arc,T,fit,0.75,False,False,670,503,0.7507462686567165,238,0.4731610337972167,0.35522388059701493,274,0.408955223880597,301,-0.04029850746268657,395,-0.18059701492537317,65,92,81,0.42880371024444286,0.517835527074828,predeclared descriptive curve; no dev selection
small,arc,T,fit,0.8,False,False,670,536,0.8,256,0.47761194029850745,0.382089552238806,267,0.39850746268656717,301,-0.050746268656716415,395,-0.19104477611940301,67,101,88,0.4346171037925641,0.5208548783233631,predeclared descriptive curve; no dev selection
small,arc,T,fit,0.85,False,False,670,570,0.8507462686567164,273,0.4789473684210526,0.40746268656716417,262,0.39104477611940297,301,-0.058208955223880594,395,-0.19850746268656722,70,109,94,0.43726059032207615,0.520853383352669,predeclared descriptive curve; no dev selection
small,arc,T,fit,0.9,False,False,670,603,0.9,297,0.4925373134328358,0.44328358208955226,258,0.3850746268656716,301,-0.06417910447761194,395,-0.20447761194029856,74,117,106,0.45192527971818197,0.533222762540289,predeclared descriptive curve; no dev selection
small,arc,T,fit,0.95,False,False,670,637,0.9507462686567164,320,0.5023547880690737,0.47761194029850745,256,0.382089552238806,301,-0.06716417910447761,395,-0.2074626865671642,80,125,115,0.46280827438364597,0.541879385390842,predeclared descriptive curve; no dev selection
small,arc,T,fit,1.0,False,False,670,670,1.0,344,0.5134328358208955,0.5134328358208955,249,0.3716417910447761,301,-0.07761194029850746,395,-0.21791044776119406,85,137,122,0.4748523044358397,0.5518945648423755,predeclared descriptive curve; no dev selection
small,arc,T,cal,0.05,False,False,448,18,0.04017857142857143,4,0.2222222222222222,0.008928571428571428,231,0.515625,229,0.004464285714285714,276,-0.1004464285714286,3,1,0,0.0640920477176665,0.4763727657364801,predeclared descriptive curve; no dev selection
small,arc,T,cal,0.1,False,False,448,33,0.07366071428571429,5,0.15151515151515152,0.011160714285714286,230,0.5133928571428571,229,0.002232142857142857,276,-0.10267857142857151,3,2,0,0.05108869935608122,0.3189898197104364,predeclared descriptive curve; no dev selection
small,arc,T,cal,0.15,False,False,448,50,0.11160714285714286,9,0.18,0.020089285714285716,229,0.5111607142857143,229,0.0,276,-0.1049107142857143,4,4,1,0.08576207810966364,0.31436941128565027,predeclared descriptive curve; no dev selection
small,arc,T,cal,0.2,False,False,448,78,0.17410714285714285,23,0.2948717948717949,0.05133928571428571,230,0.5133928571428571,229,0.002232142857142857,276,-0.10267857142857151,11,10,2,0.19696165338903118,0.40892378236574617,predeclared descriptive curve; no dev selection
small,arc,T,cal,0.25,False,False,448,108,0.24107142857142858,33,0.3055555555555556,0.07366071428571429,230,0.5133928571428571,229,0.002232142857142857,276,-0.10267857142857151,14,13,6,0.22053960082304278,0.40155514158322275,predeclared descriptive curve; no dev selection
small,arc,T,cal,0.3,False,False,448,128,0.2857142857142857,43,0.3359375,0.09598214285714286,226,0.5044642857142857,229,-0.006696428571428571,276,-0.1116071428571429,15,18,10,0.2549080898954165,0.4247528719724501,predeclared descriptive curve; no dev selection
small,arc,T,cal,0.35,False,False,448,140,0.3125,49,0.35,0.109375,222,0.4955357142857143,229,-0.015625,276,-0.1205357142857143,15,22,12,0.27138431765149756,0.43511119595552017,predeclared descriptive curve; no dev selection
small,arc,T,cal,0.4,False,False,448,163,0.3638392857142857,63,0.38650306748466257,0.140625,216,0.48214285714285715,229,-0.029017857142857144,276,-0.13392857142857145,18,31,14,0.31137497859760294,0.4658379214492252,predeclared descriptive curve; no dev selection
small,arc,T,cal,0.45,False,False,448,182,0.40625,72,0.3956043956043956,0.16071428571428573,215,0.4799107142857143,229,-0.03125,276,-0.1361607142857143,20,34,18,0.32404884707390935,0.47061889458889183,predeclared descriptive curve; no dev selection
small,arc,T,cal,0.5,False,False,448,206,0.45982142857142855,83,0.4029126213592233,0.18526785714285715,212,0.4732142857142857,229,-0.03794642857142857,276,-0.1428571428571429,22,39,22,0.3353423146637977,0.4733193062911508,predeclared descriptive curve; no dev selection
small,arc,T,cal,0.55,False,False,448,234,0.5223214285714286,96,0.41025641025641024,0.21428571428571427,209,0.46651785714285715,229,-0.044642857142857144,276,-0.14955357142857145,24,44,28,0.3465937685033341,0.47622259957240765,predeclared descriptive curve; no dev selection
small,arc,T,cal,0.6,False,False,448,263,0.5870535714285714,115,0.4372623574144487,0.25669642857142855,208,0.4642857142857143,229,-0.046875,276,-0.1517857142857143,31,52,32,0.376419028977656,0.49953563411945623,predeclared descriptive curve; no dev selection
small,arc,T,cal,0.65,False,False,448,289,0.6450892857142857,134,0.46366782006920415,0.29910714285714285,210,0.46875,229,-0.04241071428571429,276,-0.1473214285714286,38,57,39,0.4050770411990096,0.5230110811711457,predeclared descriptive curve; no dev selection
small,arc,T,cal,0.7,False,False,448,315,0.703125,151,0.4793650793650794,0.33705357142857145,207,0.46205357142857145,229,-0.049107142857142856,276,-0.15401785714285715,42,64,45,0.4230306784662608,0.536091104916605,predeclared descriptive curve; no dev selection
small,arc,T,cal,0.75,False,False,448,341,0.7611607142857143,165,0.4838709677419355,0.36830357142857145,202,0.45089285714285715,229,-0.060267857142857144,276,-0.16517857142857145,44,71,50,0.4297046693187773,0.5383197411524636,predeclared descriptive curve; no dev selection
small,arc,T,cal,0.8,False,False,448,362,0.8080357142857143,176,0.4861878453038674,0.39285714285714285,200,0.44642857142857145,229,-0.06473214285714286,276,-0.16964285714285715,46,75,55,0.4336161260624036,0.5389872560813189,predeclared descriptive curve; no dev selection
small,arc,T,cal,0.85,False,False,448,378,0.84375,190,0.5026455026455027,0.42410714285714285,193,0.43080357142857145,229,-0.08035714285714286,276,-0.18526785714285715,47,83,60,0.4510688974324525,0.5541803661756671,predeclared descriptive curve; no dev selection
small,arc,T,cal,0.9,False,False,448,392,0.875,195,0.49744897959183676,0.43526785714285715,188,0.41964285714285715,229,-0.09151785714285714,276,-0.19642857142857145,47,88,60,0.4468588472756836,0.5480779078208935,predeclared descriptive curve; no dev selection
small,arc,T,cal,0.95,False,False,448,422,0.9419642857142857,214,0.5071090047393365,0.47767857142857145,180,0.4017857142857143,229,-0.109375,276,-0.2142857142857143,49,98,67,0.4583186865388213,0.5557989848270087,predeclared descriptive curve; no dev selection
small,arc,T,cal,1.0,False,False,448,448,1.0,233,0.5200892857142857,0.5200892857142857,174,0.38839285714285715,229,-0.12276785714285714,276,-0.22767857142857145,51,106,76,0.4727091987591498,0.5672024682367626,predeclared descriptive curve; no dev selection
small,arc,T,dev,0.05,False,False,299,11,0.03678929765886288,3,0.2727272727272727,0.010033444816053512,129,0.431438127090301,126,0.010033444816053512,155,-0.08695652173913043,3,0,0,0.06021773417290665,0.6097425595724212,predeclared descriptive curve; no dev selection
small,arc,T,dev,0.1,False,False,299,21,0.07023411371237458,3,0.14285714285714285,0.010033444816053512,129,0.431438127090301,126,0.010033444816053512,155,-0.08695652173913043,3,0,0,0.03048896762151555,0.363423987016981,predeclared descriptive curve; no dev selection
small,arc,T,dev,0.15,False,False,299,39,0.13043478260869565,9,0.23076923076923078,0.030100334448160536,133,0.44481605351170567,126,0.023411371237458192,155,-0.07357859531772576,8,1,0,0.11133694110414682,0.3932615406784675,predeclared descriptive curve; no dev selection
small,arc,T,dev,0.2,False,False,299,52,0.17391304347826086,13,0.25,0.043478260869565216,135,0.451505016722408,126,0.030100334448160536,155,-0.06688963210702342,10,1,2,0.14034860358819093,0.3894638899311605,predeclared descriptive curve; no dev selection
small,arc,T,dev,0.25,False,False,299,74,0.24749163879598662,23,0.3108108108108108,0.07692307692307693,138,0.46153846153846156,126,0.04013377926421405,155,-0.05685618729096986,14,2,7,0.20826352683800145,0.4290471790438802,predeclared descriptive curve; no dev selection
small,arc,T,dev,0.3,False,False,299,82,0.27424749163879597,28,0.34146341463414637,0.09364548494983277,135,0.451505016722408,126,0.030100334448160536,155,-0.06688963210702342,14,5,9,0.24026548495806155,0.45448732122976415,predeclared descriptive curve; no dev selection
small,arc,T,dev,0.35,False,False,299,92,0.3076923076923077,33,0.358695652173913,0.11036789297658862,135,0.451505016722408,126,0.030100334448160536,155,-0.06688963210702342,16,7,10,0.26132923829397536,0.46543325385150836,predeclared descriptive curve; no dev selection
small,arc,T,dev,0.4,False,False,299,110,0.36789297658862874,39,0.35454545454545455,0.13043478260869565,131,0.43812709030100333,126,0.016722408026755852,155,-0.0802675585284281,16,11,12,0.2656735471103053,0.45146374002010625,predeclared descriptive curve; no dev selection
small,arc,T,dev,0.45,False,False,299,123,0.411371237458194,45,0.36585365853658536,0.1505016722408027,131,0.43812709030100333,126,0.016722408026755852,155,-0.0802675585284281,17,12,16,0.28086982746757777,0.4574595713639352,predeclared descriptive curve; no dev selection
small,arc,T,dev,0.5,False,False,299,136,0.45484949832775917,52,0.38235294117647056,0.17391304347826086,126,0.4214046822742475,126,0.0,155,-0.09698996655518394,17,17,18,0.30040139653532744,0.4695460932294705,predeclared descriptive curve; no dev selection
small,arc,T,dev,0.55,False,False,299,150,0.5016722408026756,59,0.3933333333333333,0.19732441471571907,122,0.4080267558528428,126,-0.013377926421404682,155,-0.11036789297658861,18,22,19,0.31465263001059696,0.4763151400168475,predeclared descriptive curve; no dev selection
small,arc,T,dev,0.6,False,False,299,170,0.568561872909699,71,0.4176470588235294,0.23745819397993312,120,0.4013377926421405,126,-0.020066889632107024,155,-0.11705685618729095,21,27,23,0.34259995786844416,0.49561722647611745,predeclared descriptive curve; no dev selection
small,arc,T,dev,0.65,False,False,299,187,0.6254180602006689,76,0.40641711229946526,0.25418060200668896,119,0.3979933110367893,126,-0.023411371237458192,155,-0.12040133779264212,23,30,23,0.3353403417303722,0.4805098205025537,predeclared descriptive curve; no dev selection
small,arc,T,dev,0.7,False,False,299,199,0.6655518394648829,86,0.4321608040201005,0.28762541806020064,114,0.38127090301003347,126,-0.04013377926421405,155,-0.13712374581939796,24,36,26,0.362296506074391,0.5040768727750847,predeclared descriptive curve; no dev selection
small,arc,T,dev,0.75,False,False,299,219,0.7324414715719063,97,0.4429223744292237,0.32441471571906355,111,0.3712374581939799,126,-0.05016722408026756,155,-0.14715719063545152,26,41,30,0.3760239659637809,0.5113870576856412,predeclared descriptive curve; no dev selection
small,arc,T,dev,0.8,False,False,299,237,0.7926421404682275,107,0.45147679324894513,0.35785953177257523,111,0.3712374581939799,126,-0.05016722408026756,155,-0.14715719063545152,28,43,36,0.38697180775346923,0.5172107056395563,predeclared descriptive curve; no dev selection
small,arc,T,dev,0.85,False,False,299,249,0.8327759197324415,111,0.4457831325301205,0.3712374581939799,109,0.36454849498327757,126,-0.056856187290969896,155,-0.15384615384615385,28,45,38,0.38301096195680534,0.5098614113511297,predeclared descriptive curve; no dev selection
small,arc,T,dev,0.9,False,False,299,264,0.882943143812709,121,0.4583333333333333,0.40468227424749165,108,0.3612040133779264,126,-0.06020066889632107,155,-0.15719063545150502,31,49,41,0.3971027606956774,0.5205097847155451,predeclared descriptive curve; no dev selection
small,arc,T,dev,0.95,False,False,299,282,0.9431438127090301,133,0.4716312056737589,0.44481605351170567,111,0.3712374581939799,126,-0.05016722408026756,155,-0.14715719063545152,36,51,46,0.4121632845335229,0.5317014384000807,predeclared descriptive curve; no dev selection
small,arc,T,dev,1.0,False,False,299,299,1.0,145,0.48494983277591974,0.48494983277591974,110,0.36789297658862874,126,-0.05351170568561873,155,-0.1505016722408027,39,55,51,0.42702471822612137,0.54317606797797,predeclared descriptive curve; no dev selection
small,arc,C,fit,0.05,False,False,670,34,0.050746268656716415,1,0.029411764705882353,0.0014925373134328358,396,0.591044776119403,395,0.0014925373134328358,395,0.0014925373134327957,1,0,0,0.0007443642346902604,0.15326766956031768,predeclared descriptive curve; no dev selection
small,arc,C,fit,0.1,False,False,670,67,0.1,5,0.07462686567164178,0.007462686567164179,392,0.5850746268656717,395,-0.004477611940298508,395,-0.004477611940298498,1,4,0,0.02467470659959018,0.16562616620484522,predeclared descriptive curve; no dev selection
small,arc,C,fit,0.15,False,False,670,101,0.15074626865671642,10,0.09900990099009901,0.014925373134328358,390,0.582089552238806,395,-0.007462686567164179,395,-0.007462686567164201,2,7,1,0.04850875612040665,0.17455282607711903,predeclared descriptive curve; no dev selection
small,arc,C,fit,0.2,False,False,670,134,0.2,18,0.13432835820895522,0.026865671641791045,386,0.5761194029850746,395,-0.013432835820895522,395,-0.013432835820895606,3,12,3,0.08159537547343786,0.20396602054478805,predeclared descriptive curve; no dev selection
small,arc,C,fit,0.25,False,False,670,168,0.2507462686567164,29,0.17261904761904762,0.04328358208955224,378,0.564179104477612,395,-0.025373134328358207,395,-0.025373134328358193,3,20,6,0.11875827919493905,0.23840875862932567,predeclared descriptive curve; no dev selection
small,arc,C,fit,0.3,False,False,670,201,0.3,45,0.22388059701492538,0.06716417910447761,375,0.5597014925373134,395,-0.029850746268656716,395,-0.029850746268656803,5,25,15,0.16823431374701425,0.28786131262334813,predeclared descriptive curve; no dev selection
small,arc,C,fit,0.35,False,False,670,235,0.35074626865671643,63,0.2680851063829787,0.09402985074626866,369,0.5507462686567164,395,-0.03880597014925373,395,-0.0388059701492538,7,33,23,0.2125742565610362,0.3295498198820647,predeclared descriptive curve; no dev selection
small,arc,C,fit,0.4,False,False,670,268,0.4,78,0.291044776119403,0.11641791044776119,362,0.5402985074626866,395,-0.049253731343283584,395,-0.04925373134328359,9,42,27,0.23737706117757487,0.3494014777829156,predeclared descriptive curve; no dev selection
small,arc,C,fit,0.45,False,False,670,302,0.4507462686567164,98,0.32450331125827814,0.14626865671641792,359,0.5358208955223881,395,-0.05373134328358209,395,-0.05373134328358209,12,48,38,0.2719970607399583,0.3804939631665602,predeclared descriptive curve; no dev selection
small,arc,C,fit,0.5,False,False,670,335,0.5,119,0.35522388059701493,0.17761194029850746,355,0.5298507462686567,395,-0.05970149253731343,395,-0.059701492537313494,18,58,43,0.30396410623302494,0.40906910594954754,predeclared descriptive curve; no dev selection
small,arc,C,fit,0.55,False,False,670,369,0.5507462686567164,145,0.39295392953929537,0.21641791044776118,344,0.5134328358208955,395,-0.07611940298507462,395,-0.07611940298507469,20,71,54,0.3428015223927858,0.44483841252822653,predeclared descriptive curve; no dev selection
small,arc,C,fit,0.6,False,False,670,402,0.6,165,0.41044776119402987,0.2462686567164179,334,0.49850746268656715,395,-0.09104477611940298,395,-0.09104477611940304,21,82,62,0.3619322793212723,0.4602915534374964,predeclared descriptive curve; no dev selection
small,arc,C,fit,0.65,False,False,670,436,0.6507462686567164,189,0.4334862385321101,0.282089552238806,322,0.48059701492537316,395,-0.10895522388059702,395,-0.10895522388059703,23,96,70,0.3864134571332604,0.48146755568528754,predeclared descriptive curve; no dev selection
small,arc,C,fit,0.7,False,False,670,469,0.7,212,0.4520255863539446,0.3164179104477612,315,0.4701492537313433,395,-0.11940298507462686,395,-0.11940298507462688,26,106,80,0.4063432256034323,0.4983165326469633,predeclared descriptive curve; no dev selection
small,arc,C,fit,0.75,False,False,670,503,0.7507462686567165,236,0.4691848906560636,0.3522388059701492,305,0.4552238805970149,395,-0.13432835820895522,395,-0.13432835820895528,30,120,86,0.42487103071591875,0.5138629132029133,predeclared descriptive curve; no dev selection
small,arc,C,fit,0.8,False,False,670,536,0.8,263,0.4906716417910448,0.3925373134328358,293,0.4373134328358209,395,-0.15223880597014924,395,-0.15223880597014927,34,136,93,0.44756951851355226,0.5338771383319307,predeclared descriptive curve; no dev selection
small,arc,C,fit,0.85,False,False,670,570,0.8507462686567164,289,0.5070175438596491,0.43134328358208956,282,0.4208955223880597,395,-0.16865671641791044,395,-0.16865671641791047,37,150,102,0.46515239243135253,0.5488096178911244,predeclared descriptive curve; no dev selection
small,arc,C,fit,0.9,False,False,670,603,0.9,316,0.5240464344941956,0.4716417910447761,273,0.40746268656716417,395,-0.18208955223880596,395,-0.18208955223880602,41,163,112,0.48332096971609306,0.564535332089346,predeclared descriptive curve; no dev selection
small,arc,C,fit,0.95,False,False,670,637,0.9507462686567164,337,0.5290423861852434,0.5029850746268657,262,0.39104477611940297,395,-0.19850746268656716,395,-0.19850746268656722,43,176,118,0.4894365430633018,0.5683779159243092,predeclared descriptive curve; no dev selection
small,arc,C,fit,1.0,False,False,670,670,1.0,360,0.5373134328358209,0.5373134328358209,249,0.3716417910447761,395,-0.21791044776119403,395,-0.21791044776119406,45,191,124,0.49871885194593013,0.5755779871793452,predeclared descriptive curve; no dev selection
small,arc,C,cal,0.05,False,False,448,18,0.04017857142857143,1,0.05555555555555555,0.002232142857142857,275,0.6138392857142857,276,-0.002232142857142857,276,-0.0022321428571429047,0,1,0,0.0014055561673694222,0.27294359967336845,predeclared descriptive curve; no dev selection
small,arc,C,cal,0.1,False,False,448,33,0.07366071428571429,2,0.06060606060606061,0.004464285714285714,276,0.6160714285714286,276,0.0,276,0.0,1,1,0,0.0074258377422598025,0.20226431252635502,predeclared descriptive curve; no dev selection
small,arc,C,cal,0.15,False,False,448,50,0.11160714285714286,7,0.14,0.015625,277,0.6183035714285714,276,0.002232142857142857,276,0.0022321428571427937,2,1,4,0.0581917003403721,0.2673960024970084,predeclared descriptive curve; no dev selection
small,arc,C,cal,0.2,False,False,448,78,0.17410714285714285,15,0.19230769230769232,0.033482142857142856,277,0.6183035714285714,276,0.002232142857142857,276,0.0022321428571427937,5,4,6,0.11181968467910089,0.2972705699476561,predeclared descriptive curve; no dev selection
small,arc,C,cal,0.25,False,False,448,108,0.24107142857142858,32,0.2962962962962963,0.07142857142857142,267,0.5959821428571429,276,-0.020089285714285716,276,-0.0200892857142857,6,15,11,0.2122847448227638,0.39182065666779664,predeclared descriptive curve; no dev selection
small,arc,C,cal,0.3,False,False,448,128,0.2857142857142857,44,0.34375,0.09821428571428571,266,0.59375,276,-0.022321428571428572,276,-0.022321428571428603,8,18,18,0.2620855342646944,0.4328273822887302,predeclared descriptive curve; no dev selection
small,arc,C,cal,0.35,False,False,448,140,0.3125,51,0.36428571428571427,0.11383928571428571,264,0.5892857142857143,276,-0.026785714285714284,276,-0.0267857142857143,8,20,23,0.284666521224083,0.4497790489281241,predeclared descriptive curve; no dev selection
small,arc,C,cal,0.4,False,False,448,163,0.3638392857142857,60,0.36809815950920244,0.13392857142857142,256,0.5714285714285714,276,-0.044642857142857144,276,-0.044642857142857206,8,28,24,0.29401659809649067,0.4470709604335137,predeclared descriptive curve; no dev selection
small,arc,C,cal,0.45,False,False,448,182,0.40625,68,0.37362637362637363,0.15178571428571427,251,0.5602678571428571,276,-0.05580357142857143,276,-0.05580357142857151,8,33,27,0.3031829626949792,0.44825901774342386,predeclared descriptive curve; no dev selection
small,arc,C,cal,0.5,False,False,448,206,0.45982142857142855,84,0.4077669902912621,0.1875,243,0.5424107142857143,276,-0.07366071428571429,276,-0.0736607142857143,10,43,31,0.33999940783539834,0.4782289083858086,predeclared descriptive curve; no dev selection
small,arc,C,cal,0.55,False,False,448,234,0.5223214285714286,101,0.43162393162393164,0.22544642857142858,236,0.5267857142857143,276,-0.08928571428571429,276,-0.0892857142857143,11,51,39,0.36725299536321765,0.49774945364831596,predeclared descriptive curve; no dev selection
small,arc,C,cal,0.6,False,False,448,263,0.5870535714285714,119,0.4524714828897338,0.265625,234,0.5223214285714286,276,-0.09375,276,-0.09375,15,57,47,0.3912527454429253,0.5147733724816381,predeclared descriptive curve; no dev selection
small,arc,C,cal,0.65,False,False,448,289,0.6450892857142857,134,0.46366782006920415,0.29910714285714285,231,0.515625,276,-0.10044642857142858,276,-0.1004464285714286,19,64,51,0.4050770411990096,0.5230110811711457,predeclared descriptive curve; no dev selection
small,arc,C,cal,0.7,False,False,448,315,0.703125,152,0.48253968253968255,0.3392857142857143,223,0.49776785714285715,276,-0.11830357142857142,276,-0.11830357142857145,22,75,55,0.42616189612067124,0.5392488408255157,predeclared descriptive curve; no dev selection
small,arc,C,cal,0.75,False,False,448,341,0.7611607142857143,174,0.5102639296187683,0.38839285714285715,215,0.4799107142857143,276,-0.13616071428571427,276,-0.1361607142857143,25,86,63,0.455850200698185,0.5644979036281106,predeclared descriptive curve; no dev selection
small,arc,C,cal,0.8,False,False,448,362,0.8080357142857143,190,0.5248618784530387,0.42410714285714285,209,0.46651785714285715,276,-0.14955357142857142,276,-0.14955357142857145,27,94,69,0.47201513833883724,0.5772987621596889,predeclared descriptive curve; no dev selection
small,arc,C,cal,0.85,False,False,448,378,0.84375,205,0.5423280423280423,0.4575892857142857,198,0.4419642857142857,276,-0.17410714285714285,276,-0.1741071428571429,28,106,71,0.4906173797340672,0.5933707600990867,predeclared descriptive curve; no dev selection
small,arc,C,cal,0.9,False,False,448,392,0.875,214,0.5459183673469388,0.47767857142857145,193,0.43080357142857145,276,-0.18526785714285715,276,-0.18526785714285715,30,113,71,0.4951668207881102,0.595971493054041,predeclared descriptive curve; no dev selection
small,arc,C,cal,0.95,False,False,448,422,0.9419642857142857,235,0.556872037914692,0.5245535714285714,181,0.40401785714285715,276,-0.21205357142857142,276,-0.21205357142857145,31,126,78,0.5080334268761143,0.6049077846294875,predeclared descriptive curve; no dev selection
small,arc,C,cal,1.0,False,False,448,448,1.0,254,0.5669642857142857,0.5669642857142857,174,0.38839285714285715,276,-0.22767857142857142,276,-0.22767857142857145,35,137,82,0.519650304835557,0.6133883638464803,predeclared descriptive curve; no dev selection
small,arc,C,dev,0.05,False,False,299,11,0.03678929765886288,0,0.0,0.0,155,0.5183946488294314,155,0.0,155,0.0,0,0,0,0.0,0.2849141529181544,predeclared descriptive curve; no dev selection
small,arc,C,dev,0.1,False,False,299,21,0.07023411371237458,0,0.0,0.0,155,0.5183946488294314,155,0.0,155,0.0,0,0,0,0.0,0.1610976152190796,predeclared descriptive curve; no dev selection
small,arc,C,dev,0.15,False,False,299,39,0.13043478260869565,3,0.07692307692307693,0.010033444816053512,155,0.5183946488294314,155,0.0,155,0.0,1,1,1,0.01615330031065837,0.20870192122644315,predeclared descriptive curve; no dev selection
small,arc,C,dev,0.2,False,False,299,52,0.17391304347826086,8,0.15384615384615385,0.026755852842809364,152,0.5083612040133779,155,-0.010033444816053512,155,-0.010033444816053505,1,4,3,0.0688392343783091,0.28081108406329136,predeclared descriptive curve; no dev selection
small,arc,C,dev,0.25,False,False,299,74,0.24749163879598662,16,0.21621621621621623,0.05351170568561873,150,0.5016722408026756,155,-0.016722408026755852,155,-0.01672240802675584,3,8,5,0.12893297230986597,0.3272369696639302,predeclared descriptive curve; no dev selection
small,arc,C,dev,0.3,False,False,299,82,0.27424749163879597,20,0.24390243902439024,0.06688963210702341,148,0.49498327759197325,155,-0.023411371237458192,155,-0.02341137123745818,3,10,7,0.15579071279561826,0.3512487750975379,predeclared descriptive curve; no dev selection
small,arc,C,dev,0.35,False,False,299,92,0.3076923076923077,26,0.2826086956521739,0.08695652173913043,147,0.4916387959866221,155,-0.026755852842809364,155,-0.026755852842809347,5,13,8,0.1936249206308547,0.3860683924071007,predeclared descriptive curve; no dev selection
small,arc,C,dev,0.4,False,False,299,110,0.36789297658862874,38,0.34545454545454546,0.12709030100334448,141,0.47157190635451507,155,-0.046822742474916385,155,-0.04682274247491636,6,20,12,0.2573575738809978,0.44210379451183796,predeclared descriptive curve; no dev selection
small,arc,C,dev,0.45,False,False,299,123,0.411371237458194,48,0.3902439024390244,0.1605351170568562,140,0.4682274247491639,155,-0.05016722408026756,155,-0.050167224080267525,8,23,17,0.3035939522623039,0.4823081415410375,predeclared descriptive curve; no dev selection
small,arc,C,dev,0.5,False,False,299,136,0.45484949832775917,58,0.4264705882352941,0.1939799331103679,133,0.44481605351170567,155,-0.07357859531772576,155,-0.07357859531772576,8,30,20,0.3421157000540969,0.5140984772140715,predeclared descriptive curve; no dev selection
small,arc,C,dev,0.55,False,False,299,150,0.5016722408026756,68,0.4533333333333333,0.22742474916387959,131,0.43812709030100333,155,-0.0802675585284281,155,-0.0802675585284281,9,33,26,0.3719742109510012,0.5365724144187041,predeclared descriptive curve; no dev selection
small,arc,C,dev,0.6,False,False,299,170,0.568561872909699,82,0.4823529411764706,0.27424749163879597,127,0.42474916387959866,155,-0.09364548494983277,155,-0.09364548494983277,13,41,28,0.4051920022349215,0.560139865676099,predeclared descriptive curve; no dev selection
small,arc,C,dev,0.65,False,False,299,187,0.6254180602006689,96,0.5133689839572193,0.3210702341137124,123,0.411371237458194,155,-0.10702341137123746,155,-0.10702341137123744,15,47,34,0.43934477876174977,0.5869626801855792,predeclared descriptive curve; no dev selection
small,arc,C,dev,0.7,False,False,299,199,0.6655518394648829,103,0.5175879396984925,0.34448160535117056,121,0.40468227424749165,155,-0.11371237458193979,155,-0.11371237458193978,15,49,39,0.4458400067120593,0.5888041336200796,predeclared descriptive curve; no dev selection
small,arc,C,dev,0.75,False,False,299,219,0.7324414715719063,115,0.5251141552511416,0.38461538461538464,117,0.391304347826087,155,-0.12709030100334448,155,-0.12709030100334445,16,54,45,0.4567427793112001,0.5927965229219545,predeclared descriptive curve; no dev selection
small,arc,C,dev,0.8,False,False,299,237,0.7926421404682275,126,0.5316455696202531,0.4214046822742475,116,0.3879598662207358,155,-0.13043478260869565,155,-0.13043478260869562,18,57,51,0.46595440403484933,0.5965353492492147,predeclared descriptive curve; no dev selection
small,arc,C,dev,0.85,False,False,299,249,0.8327759197324415,129,0.5180722891566265,0.431438127090301,115,0.38461538461538464,155,-0.13377926421404682,155,-0.1337792642140468,18,58,53,0.4541070855426724,0.581602213712278,predeclared descriptive curve; no dev selection
small,arc,C,dev,0.9,False,False,299,264,0.882943143812709,141,0.5340909090909091,0.47157190635451507,112,0.3745819397993311,155,-0.14381270903010032,155,-0.14381270903010035,20,63,58,0.4719316883301549,0.5954762633839796,predeclared descriptive curve; no dev selection
small,arc,C,dev,0.95,False,False,299,282,0.9431438127090301,150,0.5319148936170213,0.5016722408026756,111,0.3712374581939799,155,-0.14715719063545152,155,-0.14715719063545152,22,66,62,0.4718317855621417,0.5913203903081166,predeclared descriptive curve; no dev selection
small,arc,C,dev,1.0,False,False,299,299,1.0,160,0.5351170568561873,0.5351170568561873,110,0.36789297658862874,155,-0.1505016722408027,155,-0.1505016722408027,24,69,67,0.4768033687105418,0.5927280787120183,predeclared descriptive curve; no dev selection
