dataset,reference,id,group,q,route,policy_correct,reference_correct,policy_answer,reference_answer,policy_valid,reference_valid,policy_ms,reference_ms,latency_diff_policy_minus_reference_ms,net_saving_ms,accuracy_diff,policy_U,reference_U,delta_U,old_policy_ms,old_action_ms,old_probe_selector_ms,old_reference_ms,old_net_saving_ms,online_probe_selector_ms,policy_action_ms,policy_other_ms,reference_action_ms,reference_other_ms,reference_shift_ms,selected_action_shift_ms,online_control_shift_ms,saving_minus_component_ms,policy_historical_parsed_match,reference_historical_parsed_match,policy_historical_raw_match,reference_historical_raw_match,cold_first_request,policy_record_key,reference_record_key
obqa,T,9-782,9-782,0.8,R,1,1,A,A,True,True,936.4845489617437,1041.8201368302107,-105.33558786846697,105.33558786846697,0,0.9628900021038329,0.9587158772359703,0.004174124867862634,290.39693787558343,246.414073,43.98286487558341,995.727098,705.3301601244166,568.5177948325872,367.1016921289265,0.8650620002299547,1041.6465611197054,0.17357571050524712,46.09303883021073,120.68761912892651,525.3999919572337,-599.9945722559496,True,True,True,True,True,obqa|9-782|policy_T,obqa|9-782|reference_T
obqa,T,14-290,14-290,0.8,R,0,1,D,A,True,True,235.37475103512406,980.2420409396291,-744.867289904505,744.867289904505,-1,-0.009327176327050258,0.9611560274888313,-0.9704832038158816,287.9029700962472,244.139688,43.763282096247195,1118.558758,830.6557879037528,33.374802907928824,201.87837118282914,0.12157694436609745,980.1088420208544,0.133198918774724,-138.31671706037082,-42.261316817170865,-10.266902243952273,-85.78849799924774,True,True,True,True,False,obqa|14-290|policy_T,obqa|14-290|reference_T
obqa,T,13-823,13-823,0.8,R,1,1,D,D,True,True,231.42373003065586,1018.589927116409,-787.1661970857531,787.1661970857531,0,0.9908293904644959,0.9596364188877919,0.031192971576704035,291.6692830519309,245.993748,45.67553505193091,1238.429024,946.7597409480691,33.03965600207448,198.264149017632,0.11992501094937325,1018.457697937265,0.13222917914390564,-219.83909688359108,-47.729598982368,-12.515954038907054,-159.59354386231598,True,True,True,True,False,obqa|13-823|policy_T,obqa|13-823|reference_T
obqa,T,12-745,12-745,0.8,R,1,1,D,D,True,True,232.71251702681184,796.257162000984,-563.5446449741721,563.5446449741721,0,0.9907783198058621,0.9684467814878261,0.02233153831803593,290.7805227025466,246.266442,44.51408070254659,973.060621,682.2800982974534,33.03339285776019,199.55635396763682,0.12277020141482353,796.1371659766883,0.11999602429568768,-176.80345899901602,-46.71008803236319,-11.357917643371579,-118.73545332328126,True,True,True,True,False,obqa|12-745|policy_T,obqa|12-745|reference_T
obqa,T,14-245,14-245,0.8,R,1,1,D,D,True,True,233.16357284784317,990.5566931702197,-757.3931203223765,757.3931203223765,0,0.9907604458531224,0.9607472895945421,0.03001315625858023,290.14903996266236,245.987717,44.16132296266234,1209.441847,919.2928070373378,33.42632111161947,199.61852999404073,0.11872174218297005,990.4346240218729,0.12206914834678173,-218.8851538297804,-46.369187005959276,-10.616280108859897,-161.89968671496126,True,True,True,True,False,obqa|14-245|policy_T,obqa|14-245|reference_T
obqa,T,12-721,12-721,0.8,R,1,1,A,A,True,True,231.81232786737382,775.6168290507048,-543.804501183331,543.804501183331,0,0.990813991529277,0.9692646943014548,0.021549297227822197,290.67585608799556,245.693,44.98285608799553,944.11333,653.4374739120044,33.149841940030456,198.54204007424414,0.12044585309922695,775.4970639944077,0.11976505629718304,-168.49650094929518,-47.15095992575587,-11.712568294865846,-109.6329727286734,True,True,True,True,False,obqa|12-721|policy_T,obqa|12-721|reference_T
obqa,T,11-642,11-642,0.8,R,1,1,A,A,True,True,232.26840398274362,597.8321710135788,-365.56376703083515,365.56376703083515,0,0.9907959186377374,0.9763097526454959,0.014486165992241487,287.90624001455177,246.358607,41.54763301455176,722.763438,434.8571979854482,32.6322210021317,199.5170498266816,0.11913315393030643,597.7143200580031,0.11785095557570457,-124.93126698642118,-46.84155717331839,-8.79627885848975,-69.29343095461303,True,True,True,True,False,obqa|11-642|policy_T,obqa|11-642|reference_T
obqa,T,12-577,12-577,0.8,R,1,1,C,C,True,True,264.7822431754321,899.5063249021769,-634.7240817267448,634.7240817267448,0,0.9895074953472787,0.9643553352143214,0.02515216013295734,331.821064079293,289.935813,41.88525107929301,1091.473068,759.652003920707,32.79361315071583,231.86739184893668,0.12123817577958107,899.3838659953326,0.12245890684425831,-191.96674309782316,-58.06842115106332,-8.970399752797604,-124.92792219396222,True,True,True,True,False,obqa|12-577|policy_T,obqa|12-577|reference_T
obqa,T,14-1215,14-1215,0.8,T,1,1,A,A,True,True,867.7482749335468,834.6067981328815,33.14147680066526,-33.14147680066526,0,0.9656138089059897,0.9669271035414561,-0.0013132946354663252,1063.8094962825921,1019.654785,44.154711282592174,1019.654785,-44.15471128259219,33.390723867341876,834.2376160435379,0.11993502266705036,834.4871550798416,0.11964305303990841,-185.04798686711842,-185.4171689564621,-10.644052392583248,11.01323448192693,True,True,True,True,False,obqa|14-1215|policy_T,obqa|14-1215|reference_T
obqa,T,12-488,12-488,0.8,R,1,1,C,C,True,True,232.445445144549,682.1022178046405,-449.6567726600915,449.6567726600915,0,0.9907889030418587,0.9729703902795142,0.017818512762344533,289.30705521946453,247.214112,42.09294321946454,827.128418,537.8213627805355,32.78202214278281,199.54190589487553,0.1215171068906784,681.9847270380706,0.11749076656997204,-145.02620019535948,-47.672206105124474,-9.189403969791051,-88.16459012044402,True,True,True,True,False,obqa|12-488|policy_T,obqa|12-488|reference_T
obqa,T,9-892,9-892,0.8,R,1,1,C,C,True,True,264.7958481684327,989.5398658700287,-724.744017701596,724.744017701596,0,0.9895069562233154,0.9607875833281789,0.028719372895136396,328.1907580493494,285.720063,42.47069504934943,1210.246948,882.0561899506506,33.08836696669459,231.58743605017662,0.12004515156149864,989.4185981247574,0.12126774527132511,-220.70708212997124,-54.13262694982336,-9.262282931093338,-157.31217224905458,True,True,True,True,False,obqa|9-892|policy_T,obqa|9-892|reference_T
obqa,T,1683,1683,0.8,R,1,1,B,B,True,True,235.80466886051,712.5349920243025,-476.7303231637925,476.7303231637925,0,0.9906557873538634,0.9717644331833525,0.01889135417051085,286.37163899828795,245.168179,41.20345999828792,872.143451,585.7718120017121,33.17071101628244,202.51192897558212,0.12202886864542961,712.4163289554417,0.11866306886076927,-159.60845897569754,-42.656250024417886,-7.91072011336005,-109.04148883791959,True,True,True,True,False,obqa|1683|policy_T,obqa|1683|reference_T
obqa,T,11-744,11-744,0.8,R,1,1,C,C,True,True,232.2926688939333,978.7128828465939,-746.4202139526606,746.4202139526606,0,0.9907949570940534,0.9612166233135871,0.029578333780466252,286.83222226703214,245.103477,41.728745267032146,1196.110123,909.2779007329677,33.36687898263335,198.80426302552223,0.12152688577771187,978.5933990497142,0.11948379687964916,-217.39724015340607,-46.299213974477766,-8.240339398621082,-162.85768678030718,True,True,True,True,False,obqa|11-744|policy_T,obqa|11-744|reference_T
obqa,T,12-428,12-428,0.8,R,1,1,B,B,True,True,235.46511214226484,804.5948031358421,-569.1296909935772,569.1296909935772,0,0.9906692429406252,0.968116386453208,0.022552856487417266,288.9421599849869,245.050246,43.8919139849869,987.320888,698.378728015013,33.85363216511905,201.49241597391665,0.11906400322914124,804.4758499599993,0.118953175842762,-182.72608486415788,-43.55783002608334,-9.919217816638707,-129.2490370214358,True,True,True,True,False,obqa|12-428|policy_T,obqa|12-428|reference_T
obqa,T,10-443,10-443,0.8,T,1,1,A,A,True,True,818.8380349893123,788.223068928346,30.614966060966253,-30.614966060966253,0,0.9675519710501957,0.9687651478477983,-0.0012131767976025594,1004.0553168718394,961.672728,42.3825888718394,961.672728,-42.3825888718394,33.08390802703798,785.6358247809112,0.11830218136310577,788.1040961947292,0.11897273361682892,-173.44965907165397,-176.0369032190888,-9.180378663438319,11.76762281087315,True,True,True,True,False,obqa|10-443|policy_T,obqa|10-443|reference_T
obqa,T,14-676,14-676,0.8,R,1,1,B,B,True,True,231.85015004128218,743.248273152858,-511.39812311157584,511.39812311157584,0,0.9908124927530336,0.9705473604624745,0.020265132290559193,286.45787319842077,245.240075,41.217798198420766,911.672772,625.2148988015792,33.21029501967132,198.51159397512674,0.12826104648411274,743.1303418707103,0.11793128214776516,-168.424498847142,-46.72848102487325,-7.8792421322653325,-113.8167756900034,True,True,True,True,False,obqa|14-676|policy_T,obqa|14-676|reference_T
obqa,T,14-129,14-129,0.8,R,1,1,D,D,True,True,235.8716840390116,723.3426889870316,-487.47100494802,487.47100494802,0,0.9906531317487752,0.9713361574451207,0.019316974303654515,288.6089303247566,244.899451,43.70947932475662,887.452989,598.8440586752433,34.58462399430573,201.16631384007633,0.12074620462954044,723.2227541971952,0.11993478983640671,-164.11030001296842,-43.73313715992367,-9.004109125821351,-111.37305372722335,True,True,True,True,False,obqa|14-129|policy_T,obqa|14-129|reference_T
obqa,T,7-321,7-321,0.8,R,1,1,C,C,True,True,232.11315204389393,775.3192009404302,-543.2060488965362,543.2060488965362,0,0.9908020707938305,0.969276488386641,0.02152558240718951,286.61085305857637,245.162959,41.447894058576345,944.359595,657.7487419414236,33.16291607916355,198.8259139470756,0.12432201765477657,775.1986240036786,0.12057693675160408,-169.04039405956985,-46.337045052924395,-8.160655961758017,-114.54269304488741,True,True,True,True,False,obqa|7-321|policy_T,obqa|7-321|reference_T
obqa,T,13-462,13-462,0.8,R,1,1,D,D,True,True,265.0892280507833,792.7995549980551,-527.7103269472718,527.7103269472718,0,0.9894953304823153,0.9685837958024207,0.020911534679894563,328.51890879893483,285.578114,42.94079479893482,887.224327,558.7054182010652,33.30244799144566,231.66056396439672,0.1262160949409008,792.67887910828,0.12067588977515697,-94.42477200194492,-53.91755003560331,-9.512130712548256,-30.995091253793362,True,True,True,True,False,obqa|13-462|policy_T,obqa|13-462|reference_T
obqa,T,7-455,7-455,0.8,R,1,1,A,A,True,True,232.159870211035,734.2394320294261,-502.0795618183911,502.0795618183911,0,0.990800219496779,0.9709043530850523,0.01989586641172672,286.99396486915555,245.479808,41.51415686915553,896.485405,609.4914401308445,32.91744599118829,199.12260002456605,0.11982419528067112,734.121470944956,0.11796108447015285,-162.24597297057392,-46.35720797543394,-8.476886682686569,-107.41187831245338,True,True,True,True,False,obqa|7-455|policy_T,obqa|7-455|reference_T
obqa,T,10-677,10-677,0.8,R,0,0,D,D,True,True,232.16025112196803,911.0129331238568,-678.8526820018888,678.8526820018888,0,-0.009199795597547883,-0.03610063622415242,0.026900840626604534,288.47457371699176,246.454277,42.02029671699178,1115.403436,826.9288622830084,32.75788598693907,199.28182894364,0.12053619138896465,910.8939091674984,0.11902395635843277,-204.39050287614327,-47.17244805636,-9.141874538663743,-148.0761802811196,True,True,True,True,False,obqa|10-677|policy_T,obqa|10-677|reference_T
obqa,T,13-944,13-944,0.8,R,1,1,C,C,True,True,265.53999399766326,1137.9915019497275,-872.4515079520643,872.4515079520643,0,0.9894774680163954,0.9549049022858618,0.034572565730533536,328.6220447983327,286.296992,42.32505279833269,1389.357881,1060.735836201667,33.28738012351096,232.12826089002192,0.12435298413038254,1137.870144797489,0.1213571522384882,-251.36637905027237,-54.16873110997807,-8.913319690691353,-188.28432824960282,True,True,True,True,False,obqa|13-944|policy_T,obqa|13-944|reference_T
obqa,T,14-1171,14-1171,0.8,T,0,0,A,A,True,True,744.7918390389532,710.9155340585858,33.87630498036742,-33.87630498036742,0,-0.029513806298738073,-0.028171392686100128,-0.001342413612637945,916.4649560766437,872.317048,44.1479080766437,872.317048,-44.147908076643716,33.19655917584896,711.476556956768,0.11872290633618832,710.7974230311811,0.11811102740466595,-161.40151394141424,-160.84049104323196,-10.832625994458553,10.271603096276294,True,True,True,True,False,obqa|14-1171|policy_T,obqa|14-1171|reference_T
obqa,T,10-973,10-973,0.8,R,1,1,C,C,True,True,235.18208088353276,741.8279380071908,-506.64585712365806,506.64585712365806,0,0.9906804585975495,0.9706036439690481,0.02007681462850147,291.4551378286543,246.364648,45.09048982865429,888.464809,597.0096711713456,32.76754496619105,202.2935189306736,0.1210169866681099,741.7080639861524,0.11987402103841305,-146.63687099280912,-44.07112906932639,-12.201927875795128,-90.36381404768758,True,True,True,True,False,obqa|10-973|policy_T,obqa|10-973|reference_T
obqa,T,14-109,14-109,0.8,T,1,1,C,C,True,True,848.998277913779,884.0579828247428,-35.059704910963774,35.059704910963774,0,0.9663568135297479,0.9649675054232463,0.0013893081065016648,1034.9918968479572,992.276206,42.715690847957255,992.276206,-42.71569084795715,32.701210118830204,816.1774738691747,0.11959392577409744,883.9367448817939,0.12123794294893742,-108.21822317525721,-176.09873213082528,-9.894886803352954,77.77539575892092,True,True,True,True,False,obqa|14-109|policy_T,obqa|14-109|reference_T
obqa,T,13-42,13-42,0.8,T,1,1,D,D,True,True,880.8588010724634,850.0304750632495,30.828326009213924,-30.828326009213924,0,0.9650942791412197,0.9663159107363299,-0.001221631595110298,1080.479302978207,1035.796775,44.68252797820699,1035.796775,-44.68252797820696,33.121388871222734,847.6163051091135,0.12110709212720394,849.910780787468,0.11969427578151226,-185.76629993675056,-188.18046989088657,-11.440032014857053,13.854201968993038,True,True,True,True,False,obqa|13-42|policy_T,obqa|13-42|reference_T
obqa,T,10-702,10-702,0.8,R,1,1,D,D,True,True,265.1394729036838,845.7516299095005,-580.6121570058167,580.6121570058167,0,0.9894933394335709,0.9664854681890714,0.02300787124449942,330.6170330821601,286.50275,44.114283082160114,1033.404588,702.78755491784,33.24431902728975,231.77451803348958,0.12063584290444851,845.6552079878747,0.09642192162573338,-187.65295809049962,-54.72823196651041,-10.749328211965917,-122.1753979120233,True,True,True,True,False,obqa|10-702|policy_T,obqa|10-702|reference_T
obqa,T,14-1445,14-1445,0.8,R,1,1,B,B,True,True,232.88146988488734,765.5657678842545,-532.6842979993671,532.6842979993671,0,0.9907716247245447,0.969662986893847,0.02110863783069774,288.38577588091135,245.841149,42.54462688091135,939.777453,651.3916771190886,33.071795012801886,199.6892688330263,0.12040603905916214,765.4454421717674,0.12032571248710155,-174.21168511574558,-46.15188016697371,-9.352425829050304,-118.70737911972151,True,True,True,True,False,obqa|14-1445|policy_T,obqa|14-1445|reference_T
obqa,T,7-1076,7-1076,0.8,R,1,1,B,B,True,True,232.53045184537768,932.5059980619699,-699.9755462165922,699.9755462165922,0,0.9907855344881624,0.963047659820326,0.02773787466783642,290.0449710794535,245.924958,44.12001307945347,1136.372421,846.3274499205465,33.119814936071634,199.2924551013857,0.11818180792033672,932.3853519745171,0.12064608745276928,-203.86642293803015,-46.63250289861429,-10.8820163354615,-146.35190370395435,True,True,True,True,False,obqa|7-1076|policy_T,obqa|7-1076|reference_T
obqa,T,7-26,7-26,0.8,R,1,1,D,D,True,True,231.96367803029716,905.6169220712036,-673.6532440409064,673.6532440409064,0,0.9908079939885446,0.9641131910718064,0.02669480291673818,290.0515942955639,246.200258,43.85133629556394,1098.518372,808.466777704436,33.064421033486724,198.78074480220675,0.11851219460368156,905.4971979930997,0.11972407810389996,-192.9014499287964,-47.419513197793236,-10.668403067473534,-134.8135336635296,True,True,True,True,False,obqa|7-26|policy_T,obqa|7-26|reference_T
obqa,T,12-1083,12-1083,0.8,R,1,1,D,D,True,True,231.52392311021686,547.3802681080997,-315.85634499788284,315.85634499788284,0,0.9908254201213912,0.9783090061438645,0.012516413977526607,291.06631231131854,246.174349,44.89196331131852,664.226172,373.1598596886815,32.540348125621676,198.86738690547645,0.11618807911872864,547.2638800274581,0.11638808064162731,-116.84590389190032,-47.306962094523556,-12.235427106578115,-57.303514690798636,True,True,True,True,False,obqa|12-1083|policy_T,obqa|12-1083|reference_T
obqa,T,12-105,12-105,0.8,T,0,0,A,A,True,True,786.1088879872113,752.9260748997331,33.18281308747828,-33.18281308747828,0,-0.031151073674100107,-0.0298361410089211,-0.001314932665179007,969.6951150070757,922.725313,46.969802007075664,922.725313,-46.969802007075714,33.151705050840974,752.8390209190547,0.11816201731562614,752.8090858832002,0.11698901653289795,-169.79923810026696,-169.88629208094528,-13.699934938919064,13.786988919597434,True,True,True,True,False,obqa|12-105|policy_T,obqa|12-105|reference_T
obqa,T,1341,1341,0.8,R,1,1,B,B,True,True,232.00193885713816,711.7011940572411,-479.6992552001029,479.6992552001029,0,0.9908064778298368,0.9717974740283273,0.019009003801509564,286.51371007073703,244.720704,41.79300607073701,871.220006,584.706295929263,33.15386897884309,198.72757489793003,0.12049498036503792,711.5831631235778,0.11803093366324902,-159.51881194275893,-45.993129102069986,-8.518642111528877,-105.00704072916005,True,True,True,True,False,obqa|1341|policy_T,obqa|1341|reference_T
obqa,T,14-671,14-671,0.8,T,0,0,B,B,True,True,924.9599617905915,892.8129309788346,32.14703081175685,-32.14703081175685,0,-0.03665331400730872,-0.035379426203057236,-0.0012738878042514831,1138.249848951584,1094.225937,44.02391195158398,1094.225937,-44.02391195158407,33.18924619816244,891.6509507689625,0.11976482346653938,892.6938781514764,0.11905282735824585,-201.4130060211653,-202.57498623103743,-10.714900929955007,11.87688113982722,True,True,True,True,False,obqa|14-671|policy_T,obqa|14-671|reference_T
obqa,T,11-176,11-176,0.8,R,1,1,C,C,True,True,232.20455995760858,580.5764468386769,-348.37188688106835,348.37188688106835,0,0.9907984485797862,0.9769935438394215,0.01380490474036464,289.9829811677717,246.289512,43.693469167771696,711.189224,421.20624283222827,32.637800090014935,199.44947003386915,0.11728983372449875,580.4817280732095,0.09471876546740532,-130.61277716132304,-46.840041966130855,-10.938379244032262,-72.83435595115992,True,True,True,True,False,obqa|11-176|policy_T,obqa|11-176|reference_T
obqa,T,9-695,9-695,0.8,R,1,1,A,A,True,True,299.59795507602394,805.807454045862,-506.209498969838,506.209498969838,0,0.9881278559321737,0.9680683328331354,0.020059523099038235,290.6950241331463,245.590752,45.10427213314629,987.128707,696.4336828668536,32.923758029937744,266.5526489727199,0.12154807336628437,805.6867569684982,0.12069707736372948,-181.321252954138,20.9618969727199,-12.05896602984226,-190.22418389701556,True,True,True,True,False,obqa|9-695|policy_T,obqa|9-695|reference_T
obqa,T,9-985,9-985,0.8,T,0,0,A,A,True,True,901.159109082073,867.9792219772935,33.17988710477948,-33.17988710477948,0,-0.03571015953143473,-0.034395342813936775,-0.0013148167174979511,1110.5018519679077,1062.612915,47.88893696790767,1062.612915,-47.88893696790774,32.94408484362066,868.0874849669635,0.12753927148878574,867.8593370132148,0.11988496407866478,-194.63369302270644,-194.5254300330364,-14.817312852798224,14.709049863128257,True,True,True,True,False,obqa|9-985|policy_T,obqa|9-985|reference_T
obqa,T,14-61,14-61,0.8,R,1,1,D,D,True,True,231.71046283096075,933.3178999368101,-701.6074371058494,701.6074371058494,0,0.9908180281268815,0.9630154866500366,0.027802541476844907,289.8759866605467,245.843819,44.03216766054666,1135.703111,845.8271243394533,33.14675483852625,198.4465280547738,0.11717993766069412,933.1970140337944,0.12088590301573277,-202.3852110631899,-47.39729094522619,-10.768232884359719,-144.21968723360396,True,True,True,True,False,obqa|14-61|policy_T,obqa|14-61|reference_T
obqa,T,10-823,10-823,0.8,R,1,1,D,D,True,True,231.39965906739235,893.3013279456645,-661.9016688782722,661.9016688782722,0,0.9908303443226211,0.9646012201296221,0.026229124192998957,289.2522908829023,245.441851,43.810439882902266,1085.916842,796.6645511170977,33.00860500894487,198.2724720146507,0.11858204379677773,893.1807808112353,0.12054713442921638,-192.61551405433556,-47.16937898534931,-10.683252830160619,-134.76288223882557,True,True,True,True,False,obqa|10-823|policy_T,obqa|10-823|reference_T
obqa,T,1851,1851,0.8,R,1,1,A,A,True,True,231.62600491195917,777.895329054445,-546.2693241424859,546.2693241424859,0,0.9908213749340444,0.9691744043650762,0.021646970568968155,290.31241201824974,246.307876,44.00453601824975,946.147568,655.8351559817502,32.72142796777189,198.78666498698294,0.11791195720434189,777.7756238356233,0.11970521882176399,-168.25223894555495,-47.52121101301705,-11.165196093273522,-109.56583183926432,True,True,True,True,False,obqa|1851|policy_T,obqa|1851|reference_T
obqa,T,9-844,9-844,0.8,R,1,1,C,C,True,True,231.93152714520693,703.5090860445052,-471.5775588992983,471.5775588992983,0,0.990809268029082,0.9721221020336209,0.018687165995461063,286.35935187371217,244.413028,41.94632387371218,863.003064,576.6437121262878,33.15628389827907,198.65655107423663,0.118692172691226,703.3931980840862,0.1158879604190588,-159.49397795549476,-45.756476925763366,-8.671347802741884,-105.06615322698951,True,True,True,True,False,obqa|9-844|policy_T,obqa|9-844|reference_T
obqa,T,1655,1655,0.8,R,1,1,C,C,True,True,232.51876910217106,751.4877959620208,-518.9690268598497,518.9690268598497,0,0.9907859974392877,0.9702208535548565,0.020565143884431206,289.4940582220118,245.193702,44.30035622201181,841.31101,551.8169517779882,33.17516902461648,199.22586902976036,0.11773104779422283,751.3692940119654,0.1185019500553608,-89.82321403797926,-45.96783297023964,-11.007456149601104,-32.84792491813846,True,True,True,True,False,obqa|1655|policy_T,obqa|1655|reference_T
obqa,T,383,383,0.8,R,1,1,D,D,True,True,235.1094598416239,767.8723149001598,-532.7628550585359,532.7628550585359,0,0.990683336345736,0.9695715855407733,0.021111750804962734,287.86963506997597,245.540556,42.329079069975975,938.456083,650.5864479300241,33.12015603296459,201.87267498113215,0.11662882752716541,767.7545240148902,0.11779088526964188,-170.5837680998402,-43.66788101886786,-9.092294209484223,-117.82359287148813,True,True,True,True,False,obqa|383|policy_T,obqa|383|reference_T
obqa,T,919,919,0.8,T,1,1,B,B,True,True,806.2938959337771,776.8739319872111,29.419963946565986,-29.419963946565986,0,0.9680490566395696,0.9692148791845041,-0.001165822544934456,987.7372251199617,942.340468,45.39675711996174,942.340468,-45.39675711996176,32.85335493274033,773.3228700235486,0.11767097748816013,776.754637947306,0.11929403990507126,-165.46653601278888,-169.01759797645138,-12.42573120973325,15.976793173395777,True,True,True,True,False,obqa|919|policy_T,obqa|919|reference_T
obqa,T,14-45,14-45,0.8,R,1,1,C,C,True,True,264.45905095897615,848.0614549480379,-583.6024039890617,583.6024039890617,0,0.9895203024592445,0.9663939369380586,0.02312636552118585,327.2826458829642,285.438773,41.843872882964135,1034.745289,707.4626431170358,33.16361713223159,231.1741269659251,0.12130686081945896,847.9413790628314,0.12007588520646095,-186.6838340519621,-54.26464603407493,-8.558948889913083,-123.86023912797407,True,True,True,True,False,obqa|14-45|policy_T,obqa|14-45|reference_T
obqa,T,11-131,11-131,0.8,R,1,0,B,D,True,True,235.41891109198332,866.2772979587317,-630.8583868667483,630.8583868667483,1,0.9906710737459286,-0.034327900807746406,1.024998974553675,287.7868301603497,245.851805,41.935025160349724,1056.430319,768.6434888396503,33.1431080121547,202.15663802810013,0.11916505172848701,866.1593778524548,0.11792010627686977,-190.1530210412684,-43.69516697189988,-8.672752096466539,-137.785101972902,True,True,True,True,False,obqa|11-131|policy_T,obqa|11-131|reference_T
obqa,T,11-559,11-559,0.8,R,1,1,D,D,True,True,264.86577396281064,1036.2528329715133,-771.3870590087026,771.3870590087026,0,0.989504185279486,0.9589364923381763,0.030567692941309708,328.48562799417374,286.307934,42.177693994173765,1183.052246,854.5666180058263,33.15978008322418,231.58469586633146,0.12129801325500011,1036.1302939709276,0.12253900058567524,-146.7994130284867,-54.72323813366853,-8.896615897694588,-83.17955899712365,True,True,True,True,False,obqa|11-559|policy_T,obqa|11-559|reference_T
obqa,T,12-1066,12-1066,0.8,R,1,1,C,C,True,True,263.7922209687531,886.4305180031806,-622.6382970344275,622.6382970344275,0,0.989546726877631,0.9648734891625637,0.0246732377150673,329.9797032106035,285.745822,44.23388121060348,1086.362654,756.3829507893965,32.95179991982877,230.72136705741286,0.11905399151146412,886.3118248991668,0.11869310401380062,-199.9321359968194,-55.02445494258711,-11.163027299263241,-133.74465375496902,True,True,True,True,False,obqa|12-1066|policy_T,obqa|12-1066|reference_T
obqa,T,14-1299,14-1299,0.8,R,0,0,D,D,True,True,264.8872840218246,787.0942871086299,-522.2070030868053,522.2070030868053,0,-0.010496667097892393,-0.03119012200582461,0.020693454907932216,328.8408579604781,287.213363,41.62749496047807,963.222231,634.3813730395218,33.14495203085244,231.62273783236742,0.1195941586047411,786.9744908530265,0.11979625560343266,-176.12794389137002,-55.590625167632595,-8.36294877102089,-112.17436995271646,True,True,True,True,False,obqa|14-1299|policy_T,obqa|14-1299|reference_T
obqa,T,11-240,11-240,0.8,R,1,1,D,D,True,True,231.3981270417571,849.7712421230972,-618.3731150813401,618.3731150813401,0,0.9908304050320776,0.9663261833391982,0.024504221692879503,287.5432910725051,245.644714,41.89857707250512,1037.263474,749.720182927495,32.98593405634165,198.29403096809983,0.11816201731562614,849.6505960356444,0.12064608745276928,-187.4922318769029,-47.35068303190016,-8.794480998847845,-131.3470678461549,True,True,True,True,False,obqa|11-240|policy_T,obqa|11-240|reference_T
obqa,T,14-491,14-491,0.8,R,1,1,B,B,True,True,231.58162087202072,818.0129518732429,-586.4313310012221,586.4313310012221,0,0.9908231337368251,0.9675846665524712,0.023238467184353784,287.28436045512876,245.551818,41.73254245512879,995.484888,708.2005275448712,32.94288297183812,198.51974491029978,0.1189929898828268,817.8948611021042,0.11809077113866806,-177.4719361267571,-47.03207308970022,-8.670666493407843,-121.76919654364906,True,True,True,True,False,obqa|14-491|policy_T,obqa|14-491|reference_T
obqa,T,10-916,10-916,0.8,R,0,0,B,B,True,True,232.1037210058421,897.4648481234908,-665.3611271176487,665.3611271176487,0,-0.009197555483183123,-0.035563767349574525,0.026366211866391404,288.9832478091248,247.147963,41.83528480912483,1100.326184,811.3429361908752,32.68010984174907,199.30154201574624,0.12206914834678173,897.3464870359749,0.1183610875159502,-202.8613358765092,-47.84642098425377,-9.033105819028975,-145.9818090732265,True,True,True,True,False,obqa|10-916|policy_T,obqa|10-916|reference_T
obqa,T,9-1064,9-1064,0.8,T,1,1,D,D,True,True,824.2001798935235,789.7233287803829,34.47685111314058,-34.47685111314058,0,0.9673394857653773,0.9687056971713142,-0.0013662114059368002,1005.5500971143317,964.091844,41.458253114331725,964.091844,-41.45825311433168,34.02108605951071,790.0578058324754,0.121288001537323,789.6072610747069,0.11606770567595959,-174.36851521961717,-174.0340381675246,-7.315879053283695,6.9814020011911,True,True,True,True,False,obqa|9-1064|policy_T,obqa|9-1064|reference_T
obqa,T,14-223,14-223,0.8,T,0,0,D,D,True,True,1047.26987099275,1011.7099599447101,35.559911048039794,-35.559911048039794,0,-0.04150007894134279,-0.04009094920648098,-0.0014091297348618132,1278.3206168823108,1236.279843,42.040773882310745,1236.279843,-42.04077388231076,32.95178897678852,1014.1970249824226,0.12105703353881836,1011.5856861229986,0.12427382171154022,-224.5698830552899,-222.08281801757744,-8.967927871983406,6.480862834270965,True,True,True,True,False,obqa|14-223|policy_T,obqa|14-223|reference_T
obqa,T,11-141,11-141,0.8,R,1,1,A,A,True,True,232.30956704355776,735.9207621775568,-503.611195133999,503.611195133999,0,0.9907942874724374,0.9708377271505091,0.01995656032192836,289.8707569466195,245.7963,44.07445694661951,896.154719,606.2839620533805,33.317846013233066,198.87021300382912,0.1215080264955759,735.8052348718047,0.11552730575203896,-160.23395682244325,-46.92608699617088,-10.635102906890872,-102.6727669193815,True,True,True,True,False,obqa|11-141|policy_T,obqa|11-141|reference_T
obqa,T,10-347,10-347,0.8,T,1,1,C,C,True,True,943.560317158699,910.6740287970752,32.88628836162388,-32.88628836162388,0,0.962609611206627,0.9639127935103454,-0.0013031823037183527,1158.6350331243252,1114.074176,44.56085712432504,1114.074176,-44.56085712432514,33.137546852231026,910.3025130461901,0.12025726027786732,910.5488951317966,0.12513366527855396,-203.40014720292493,-203.77166295380994,-11.303053011816147,11.674568762701256,True,True,True,True,False,obqa|10-347|policy_T,obqa|10-347|reference_T
obqa,T,12-306,12-306,0.8,R,1,1,D,D,True,True,264.91990592330694,558.908985927701,-293.98908000439405,293.98908000439405,0,0.9895020401966415,0.9778521585701323,0.011649881626509198,330.340422259676,286.444091,43.89633125967598,682.060737,351.720314740324,33.35151891224086,231.44758003763855,0.1208069734275341,558.8157118763775,0.09327405132353306,-123.15175107229902,-54.99651096236147,-10.424005374007585,-57.731234735929945,True,True,True,True,False,obqa|12-306|policy_T,obqa|12-306|reference_T
obqa,T,13-71,13-71,0.8,R,1,1,A,A,True,True,296.2356668431312,832.7153138816357,-536.4796470385045,536.4796470385045,0,0.988261093057535,0.9670020572357398,0.02125903582179515,293.2508370078602,245.377028,47.87380900786018,1021.893459,728.6426219921398,49.16995600797236,246.94790900684893,0.11780182830989361,832.5949390418828,0.12037483975291252,-189.17814511836434,1.5708810068489356,1.4139488284220718,-192.16297495363528,True,True,True,True,False,obqa|13-71|policy_T,obqa|13-71|reference_T
obqa,T,10-415,10-415,0.8,R,1,1,B,B,True,True,231.89201299101114,1056.0933449305594,-824.2013319395483,824.2013319395483,0,0.9908108338532919,0.9581502739666341,0.03266055988665783,292.09005132206573,246.289571,45.80048032206571,1277.099449,985.0093976779343,32.83728496171534,198.93553503789008,0.11919299140572548,1055.973991053179,0.1193538773804903,-221.00610406944065,-47.35403596210992,-12.844002368944643,-160.80806573838606,True,True,True,True,False,obqa|10-415|policy_T,obqa|10-415|reference_T
obqa,T,10-184,10-184,0.8,R,1,1,C,C,True,True,231.97155306115746,968.4216068126261,-736.4500537514687,736.4500537514687,0,0.9908076819253301,0.961624434881213,0.029183247044117122,289.42772200463173,245.218119,44.20960300463176,1186.585859,897.1581369953683,33.33424706943333,198.51710996590555,0.12019602581858635,968.3035160414875,0.11809077113866806,-218.1642521873739,-46.701009034094454,-10.755159909379842,-160.70808324389964,True,True,True,True,False,obqa|10-184|policy_T,obqa|10-184|reference_T
obqa,T,11-57,11-57,0.8,R,1,1,A,A,True,True,231.69808997772634,775.8017820306122,-544.1036920528859,544.1036920528859,0,0.9908185184249414,0.9692573651845965,0.02156115324034482,291.11160185016035,246.769398,44.34220385016036,945.387281,654.2756791498397,33.041568007320166,198.5358560923487,0.12066587805747986,775.6859040819108,0.11587794870138168,-169.5854989693878,-48.2335419076513,-11.179969964782714,-110.17198709695379,True,True,True,True,False,obqa|11-57|policy_T,obqa|11-57|reference_T
obqa,T,11-747,11-747,0.8,T,1,1,D,D,True,True,859.7718249075115,827.3852542042732,32.38657070323825,-32.38657070323825,0,0.9659298910495907,0.9672132710818547,-0.0012833800322639775,1056.4291819801706,1011.954028,44.47515398017049,1011.954028,-44.4751539801706,33.22034189477563,826.4358351007104,0.11564791202545166,827.2666619159281,0.1185922883450985,-184.56877379572677,-185.5181928992896,-11.139164173369409,12.088583276932354,True,True,True,True,False,obqa|11-747|policy_T,obqa|11-747|reference_T
obqa,T,12-1159,12-1159,0.8,T,1,1,A,A,True,True,872.24957998842,842.9496290627867,29.29995092563331,-29.29995092563331,0,0.9654354360526398,0.966596502851247,-0.001161066798607128,1063.4226572684329,1021.475549,41.94710826843298,1021.475549,-41.947108268432885,33.17765309475362,838.9535751193762,0.11835177429020405,842.8324488922954,0.11718017049133778,-178.5259199372133,-182.52197388062382,-8.65110339938915,12.647157342799574,True,True,True,True,False,obqa|12-1159|policy_T,obqa|12-1159|reference_T
obqa,T,14-595,14-595,0.8,R,1,1,D,D,True,True,273.7226691097021,858.095803996548,-584.373134886846,584.373134886846,0,0.9891532138078989,0.9659963065954198,0.023156907212479098,330.8339540388328,286.803509,44.03044503883278,1038.043266,707.209311961167,34.270473988726735,239.32821187190711,0.12398324906826019,857.9780429136008,0.11776108294725418,-179.94746200345185,-47.475297128092905,-9.635987801037786,-122.83617707432109,True,True,True,True,False,obqa|14-595|policy_T,obqa|14-595|reference_T
obqa,T,10-58,10-58,0.8,R,1,1,A,A,True,True,232.37734311260283,848.3583859633654,-615.9810428507626,615.9810428507626,0,0.9907916017156009,0.9663821704765977,0.024409431239003222,287.944629203099,245.451419,42.49321020309901,1036.606132,748.6615027969009,33.46712584607303,198.79111321642995,0.1191040500998497,848.240455146879,0.11793081648647785,-188.24774603663445,-46.66030578357004,-8.90698030692613,-132.68045994613828,True,True,True,True,False,obqa|10-58|policy_T,obqa|10-58|reference_T
obqa,T,9-400,9-400,0.8,R,1,1,B,B,True,True,232.09377098828554,793.8464891631156,-561.7527181748301,561.7527181748301,0,0.9908028388053622,0.9685423090264713,0.022260529778890897,290.8266038187963,246.282479,44.54412481879628,971.123614,680.2970101812036,32.99153409898281,198.98250186815858,0.11973502114415169,793.729699915275,0.11678924784064293,-177.27712483688435,-47.299977131841416,-11.432855698669314,-118.54429200637355,True,True,True,True,False,obqa|9-400|policy_T,obqa|9-400|reference_T
obqa,T,11-666,11-666,0.8,R,1,1,B,B,True,True,232.17158601619303,897.8305291384459,-665.6589431222528,665.6589431222528,0,0.9907997552355103,0.9644217418382591,0.02637801339725121,289.47670704394164,245.527994,43.948713043941616,1098.959612,809.4829049560585,33.08606194332242,198.95979901775718,0.1257250551134348,897.7129280101508,0.11760112829506397,-201.12908286155425,-46.56819498224283,-10.736926045505761,-143.8239618338057,True,True,True,True,False,obqa|11-666|policy_T,obqa|11-666|reference_T
obqa,T,8-323,8-323,0.8,T,1,1,D,D,True,True,737.0410589501262,704.4401981402189,32.60086080990732,-32.60086080990732,0,0.9707933332404128,0.9720852049294975,-0.001291871689084664,907.1324091271691,862.843886,44.288523127169135,862.843886,-44.28852312716913,32.630546018481255,704.2922610417008,0.11825188994407654,704.3244100641459,0.11578807607293129,-158.40368785978114,-158.55162495829916,-11.539725218743804,11.687662317261811,True,True,True,True,False,obqa|8-323|policy_T,obqa|8-323|reference_T
obqa,T,14-948,14-948,0.8,R,1,1,B,B,True,True,232.23770991899073,785.0074570160359,-552.7697470970452,552.7697470970452,0,0.9907971349489328,0.9688925726424018,0.021904562306531088,287.3410781267877,245.544666,41.796412126787665,961.382784,674.0417058732123,33.202749909833074,198.91186896711588,0.12309104204177856,784.8894859198481,0.11797109618782997,-176.3753269839641,-46.63279703288413,-8.470571174912813,-121.27195877616714,True,True,True,True,False,obqa|14-948|policy_T,obqa|14-948|reference_T
obqa,T,11-693,11-693,0.8,R,1,1,B,B,True,True,232.19115403480828,1013.3574130013585,-781.1662589665502,781.1662589665502,0,0.9907989798152107,0.9598437673037551,0.030955212511455596,287.2860860038725,245.543894,41.74219200387251,1237.806197,950.5201109961276,33.24124217033386,198.8306778948754,0.11923396959900856,1013.2390710059553,0.11834199540317059,-224.4487839986416,-46.71321610512459,-8.38171586393964,-169.3538520295774,True,True,True,True,False,obqa|11-693|policy_T,obqa|11-693|reference_T
obqa,T,10-741,10-741,0.8,R,1,1,A,A,True,True,231.4675149973482,786.4342529792339,-554.9667379818857,554.9667379818857,0,0.9908276554011426,0.9688360331135315,0.021991622287611094,287.9506610012161,245.603837,42.346824001216056,962.936819,674.9861579987839,32.988838851451874,198.36096605286002,0.11771009303629398,786.316242069006,0.11801091022789478,-176.50256602076615,-47.24287094713998,-9.240275056727889,-120.01942001689827,True,True,True,True,False,obqa|10-741|policy_T,obqa|10-741|reference_T
obqa,T,7-647,7-647,0.8,R,1,1,A,A,True,True,231.23363708145916,879.3022991158068,-648.0686620343477,648.0686620343477,0,0.9908369232625037,0.9651559585190599,0.025680964743443876,287.00657637662516,245.375667,41.63090937662518,1070.735032,783.7284556233749,33.095549093559384,198.0208088643849,0.11727912351489067,879.1782460175455,0.12405309826135635,-191.43273288419323,-47.3548581356151,-8.418081159550908,-135.65979358902723,True,True,True,True,False,obqa|7-647|policy_T,obqa|7-647|reference_T
obqa,T,7-104,7-104,0.8,R,1,1,A,A,True,True,232.45610995218158,692.8740299772471,-460.41792002506554,460.41792002506554,0,0.9907884804283844,0.9725435365449742,0.018244943883410303,287.8065950456133,246.870158,40.93643704561329,845.239384,557.4327889543868,32.88039495237172,199.45723307318985,0.11848192662000656,692.7559478208423,0.11808215640485287,-152.36535402275285,-47.41292492681015,-7.937560166621566,-97.01486892932121,True,True,True,True,False,obqa|7-104|policy_T,obqa|7-104|reference_T
obqa,T,12-645,12-645,0.8,T,1,1,B,B,True,True,871.9099210575223,833.6222700309008,38.28765102662146,-38.28765102662146,0,0.9654488956897743,0.9669661173573634,-0.0015172216675890364,1062.0509020715613,1020.796224,41.254678071561216,1020.796224,-41.254678071561216,33.44890219159424,838.3425360079855,0.11848285794258118,833.5027059074491,0.11956412345170975,-187.17395396909922,-182.45368799201458,-7.687293022024392,2.967027044939755,True,True,True,True,False,obqa|12-645|policy_T,obqa|12-645|reference_T
obqa,T,10-1035,10-1035,0.8,T,1,1,A,A,True,True,1014.608409954235,915.967995999381,98.64041395485401,-98.64041395485401,0,0.9597941941481266,0.9637030098978365,-0.003908815749709954,1167.9440847338283,1122.191666,45.75241873382843,1122.191666,-45.752418733828335,33.04568491876125,981.4405560027808,0.12216903269290924,915.8485420048237,0.11945399455726147,-206.223670000619,-140.75110999721915,-12.584564782374265,-52.887995221025676,True,True,True,True,False,obqa|10-1035|policy_T,obqa|10-1035|reference_T
obqa,T,241,241,0.8,R,1,1,B,B,True,True,232.0292789954692,891.2885850295424,-659.2593060340732,659.2593060340732,0,0.9908053944243742,0.9646809789312656,0.02612441549310866,289.707671211581,245.43545,44.27222121158099,1088.363589,798.6559177884191,33.12923200428486,198.7795210443437,0.12052594684064388,891.1654250696301,0.12315995991230011,-197.0750039704576,-46.65592895565629,-11.022463260455488,-139.39661175434583,True,True,True,True,False,obqa|241|policy_T,obqa|241|reference_T
obqa,T,10-783,10-783,0.8,R,1,1,C,C,True,True,232.2077238932252,969.3794478662312,-737.171723973006,737.171723973006,0,0.990798323202764,0.961586478590825,0.0292118446119389,288.843177076528,245.844502,42.99867507652795,1186.004431,897.161253923472,33.29838998615742,198.79047200083733,0.11886190623044968,969.2611270584166,0.11832080781459808,-216.62498313376886,-47.05402999916268,-9.581423184140085,-159.98952995046602,True,True,True,True,False,obqa|10-783|policy_T,obqa|10-783|reference_T
obqa,T,9-795,9-795,0.8,T,1,1,B,B,True,True,458.77383393235505,425.74645415879786,33.027379773557186,-33.027379773557186,0,0.9818202061839445,0.983128979505695,-0.0013087733217504356,568.481611856446,524.46259,44.01902185644603,524.46259,-44.01902185644599,33.18376396782696,425.4761370830238,0.11393288150429726,425.6318788975477,0.11457526125013828,-98.71613584120212,-98.98645291697619,-10.721325007114771,10.991642082888802,True,True,True,True,False,obqa|9-795|policy_T,obqa|9-795|reference_T
obqa,T,14-757,14-757,0.8,R,1,1,D,D,True,True,232.14833298698068,909.1777161229402,-677.0293831359595,677.0293831359595,0,0.9908006766814287,0.9639720877723283,0.026828588909100243,289.58638417525447,244.68949,44.89689417525447,1110.452759,820.8663748247455,33.11260207556188,198.91406293027103,0.12166798114776611,909.059404861182,0.11831126175820827,-201.27504287705983,-45.77542706972898,-11.66262411854482,-143.83699168878604,True,True,True,True,False,obqa|14-757|policy_T,obqa|14-757|reference_T
obqa,T,9-1040,9-1040,0.8,R,1,1,B,B,True,True,232.27795702405274,808.8873759843409,-576.6094189602882,576.6094189602882,0,0.9907955400801378,0.9679462850142109,0.022849255065926954,287.66953884564924,245.507966,42.16157284564924,988.683456,701.0139171543508,33.07935898192227,199.0809969138354,0.11760112829506397,808.7712291162461,0.1161468680948019,-179.79608001565907,-46.426969086164604,-8.964612735431906,-124.40449819406263,True,True,True,True,False,obqa|9-1040|policy_T,obqa|9-1040|reference_T
obqa,T,10-580,10-580,0.8,R,1,1,C,C,True,True,265.09040384553373,808.7574529927224,-543.6670491471887,543.6670491471887,0,0.9894952838891913,0.9679514334621494,0.02154385042704185,330.24511621557417,286.187309,44.057807215574144,911.851416,581.6062997844258,33.215514151379466,231.7532708402723,0.12161885388195515,808.6399422027171,0.11751079000532627,-103.09396300727758,-54.43403815972772,-10.720674210312723,-37.93925063723714,True,True,True,True,False,obqa|10-580|policy_T,obqa|10-580|reference_T
obqa,T,10-681,10-681,0.8,R,1,1,D,D,True,True,231.79137310944498,826.2281690258533,-594.4367959164083,594.4367959164083,0,0.9908148219017839,0.9672591228031505,0.023555699098633382,289.8549898641928,245.434358,44.42063186419284,1011.413556,721.5585661358072,33.152325078845024,198.5186419915408,0.12040603905916214,826.1110191233456,0.11714990250766277,-185.1853869741467,-46.91571600845921,-11.147900746288656,-127.12177021939885,True,True,True,True,False,obqa|10-681|policy_T,obqa|10-681|reference_T
obqa,T,14-1004,14-1004,0.8,T,0,0,D,D,True,True,1002.873816061765,974.5570821687579,28.31673389300704,-28.31673389300704,0,-0.03974080004356113,-0.03861869510722145,-0.0011221049363396845,1232.3412420358593,1188.236616,44.10462603585935,1188.236616,-44.10462603585938,32.90027310140431,969.8540889658034,0.11945399455726147,974.4333000853658,0.12378208339214325,-213.679533831242,-218.38252703419653,-11.084898939897776,15.787892142852343,True,True,True,True,False,obqa|14-1004|policy_T,obqa|14-1004|reference_T
obqa,T,14-456,14-456,0.8,R,1,1,C,C,True,True,265.0144521612674,747.033434920013,-482.01898275874555,482.01898275874555,0,0.9894982936204746,0.9703973661615846,0.019100927458890082,328.3029050638578,286.375315,41.92759006385779,912.629916,584.3270109361422,33.269035164266825,231.62312689237297,0.12229010462760925,746.9163958448917,0.11703907512128353,-165.59648107998703,-54.752188107627035,-8.536264794963358,-102.30802817739664,True,True,True,True,False,obqa|14-456|policy_T,obqa|14-456|reference_T
obqa,T,9-1036,9-1036,0.8,R,1,1,D,D,True,True,233.02753292955458,1027.9956758022308,-794.9681428726763,794.9681428726763,0,0.9907658366960221,0.9592636980411643,0.03150213865485788,290.6710289676769,246.672686,43.99834296767688,1242.762497,952.0914680323231,32.75784500874579,200.15070401132107,0.1189839094877243,1027.8759400825948,0.11973571963608265,-214.7668211977691,-46.52198198867893,-11.121514049443363,-157.1233251596468,True,True,True,True,False,obqa|9-1036|policy_T,obqa|9-1036|reference_T
obqa,T,11-737,11-737,0.8,T,1,1,B,B,True,True,953.3861831296235,982.3171100579202,-28.930926928296685,28.930926928296685,0,0.9622202424061346,0.9610737988917877,0.0011464435143468804,1162.696096886378,1121.134138,41.56195888637817,1121.134138,-41.56195888637808,32.95577713288367,920.3115939162672,0.11881208047270775,982.1982069406658,0.11890311725437641,-138.81702794207968,-200.82254408373274,-8.487369673021796,70.49288581467476,True,True,True,True,False,obqa|11-737|policy_T,obqa|11-737|reference_T
obqa,T,12-541,12-541,0.8,R,1,1,A,A,True,True,231.6841420251876,797.9239881969988,-566.2398461718112,566.2398461718112,0,0.9908190711393347,0.9683807303002268,0.02243834083910798,290.19978112068236,246.211034,43.98874712068236,972.676941,682.4771598793177,33.14532316289842,198.4190649818629,0.11975388042628765,797.8078308515251,0.11615734547376633,-174.75295280300122,-47.79196901813711,-10.723670077357653,-116.23731370750647,True,True,True,True,False,obqa|12-541|policy_T,obqa|12-541|reference_T
obqa,T,13-286,13-286,0.8,R,0,0,C,C,True,True,232.22054890356958,895.3323420137167,-663.1117931101471,663.1117931101471,0,-0.009202185012889393,-0.03547926270148928,0.02627707768859989,287.42796408152196,245.829654,41.59831008152199,1098.936192,811.5082279184779,33.07696501724422,199.02434991672635,0.11923396959900856,895.2044318430126,0.12791017070412636,-203.6038499862832,-46.805304083273654,-8.402111094678759,-148.3964348083308,True,True,True,True,False,obqa|13-286|policy_T,obqa|13-286|reference_T
obqa,T,1894,1894,0.8,R,1,1,A,A,True,True,231.85874009504914,1086.6573881357908,-854.7986480407417,854.7986480407417,0,0.990812152355664,0.9569391150849399,0.03387303727072413,288.8846019022086,247.066008,41.81859390220857,1255.028849,966.1442470977914,32.83429821021855,198.90617998316884,0.11826190166175365,1086.5367520600557,0.12063607573509216,-168.3714608642092,-48.15982801683117,-8.866033790328267,-111.34559905704975,True,True,True,True,False,obqa|1894|policy_T,obqa|1894|reference_T
obqa,T,1046,1046,0.8,T,1,1,A,A,True,True,614.7129947785288,585.7081089634448,29.00488581508398,-29.00488581508398,0,0.9756408175999606,0.9767901918771653,-0.0011493742772047644,755.3940929686581,712.746882,42.64721096865809,712.746882,-42.6472109686581,33.07794686406851,581.5182991791517,0.11674873530864716,585.5889760423452,0.11913292109966278,-127.0387730365552,-131.22858282084837,-9.452515369280931,13.64232515357412,True,True,True,True,False,obqa|1046|policy_T,obqa|1046|reference_T
obqa,T,7-229,7-229,0.8,R,0,0,C,C,True,True,266.9823239557445,644.1670430358499,-377.1847190801054,377.1847190801054,0,-0.010579687076840632,-0.025526355601214655,0.014946668524374023,330.00966030185486,286.437403,43.57225730185485,787.183549,457.1738886981451,33.161292085424066,233.70043491013348,0.12059696018695831,644.0460949670523,0.12094806879758835,-143.01650596415004,-52.73696808986654,-10.290368256243823,-79.98916961803968,True,True,True,True,False,obqa|7-229|policy_T,obqa|7-229|reference_T
obqa,T,12-401,12-401,0.8,R,1,1,B,B,True,True,295.8975799847394,870.9082209970802,-575.0106410123408,575.0106410123408,0,0.9882744903982786,0.9654885899774983,0.02278590042078033,289.2875078674569,245.342363,43.94514486745691,1066.378386,777.0908781325431,33.19510607980192,262.5839118845761,0.11856202036142349,870.7888771314174,0.11934386566281319,-195.47016500291988,17.241548884576076,-10.63147676729357,-202.08023712020236,True,True,True,True,False,obqa|12-401|policy_T,obqa|12-401|reference_T
obqa,T,12-914,12-914,0.8,T,1,1,C,C,True,True,799.9814990907907,765.0757939554751,34.90570513531566,-34.90570513531566,0,0.968299197481533,0.9696824030513119,-0.001383205569778931,985.2880891510843,941.588257,43.6998321510843,941.588257,-43.69983215108425,32.643269980326295,767.2187541611493,0.11947494931519032,764.9551280774176,0.12066587805747986,-176.5124630445249,-174.36950283885074,-10.937087221442816,8.794127015768595,True,True,True,True,False,obqa|12-914|policy_T,obqa|12-914|reference_T
obqa,T,11-430,11-430,0.8,R,1,1,B,B,True,True,231.85358988121152,569.0588660072535,-337.205276126042,337.205276126042,0,0.9908123564427734,0.977449950088619,0.013362406354154454,289.0174469383594,245.392348,43.62509893835938,698.179745,409.1622980616406,32.98950009047985,198.74622905626893,0.11786073446273804,568.9425368327647,0.11632917448878288,-129.1208789927465,-46.64611894373107,-10.51773811341679,-71.95702193559862,True,True,True,True,False,obqa|11-430|policy_T,obqa|11-430|reference_T
obqa,T,13-460,13-460,0.8,R,1,1,B,B,True,True,231.42811190336943,756.6201910376549,-525.1920791342854,525.1920791342854,0,0.9908292168243784,0.9700174725480154,0.020811744276363016,287.4709830724592,245.957676,41.51330707245922,922.200287,634.7293039275407,33.13875012099743,198.1721620541066,0.1171997282654047,756.5034211147577,0.11676992289721966,-165.58009596234513,-47.7855139458934,-8.257357223196387,-109.53722479325529,True,True,True,True,False,obqa|13-460|policy_T,obqa|13-460|reference_T
obqa,T,11-629,11-629,0.8,T,1,1,D,D,True,True,863.320647040382,826.9208979327232,36.39974910765886,-36.39974910765886,0,0.9657892621603787,0.9672316720904772,-0.001442409930098497,1058.0864626532637,1013.403995,44.68246765326357,1013.403995,-44.68246765326364,33.22189603932202,829.9772918689996,0.12145913206040859,826.8032970372587,0.11760089546442032,-186.48309706727684,-183.4267031310004,-11.339112481881145,8.28271854560478,True,True,True,True,False,obqa|11-629|policy_T,obqa|11-629|reference_T
obqa,T,13-516,13-516,0.8,R,1,1,B,B,True,True,231.46986006759107,818.5034070629627,-587.0335469953716,587.0335469953716,0,0.9908275624732328,0.9675652313241176,0.023262331149115086,290.32847406540895,245.855283,44.47319106540895,996.865175,706.5367009345911,33.30171597190201,198.04805889725685,0.12008519843220711,818.3831321075559,0.12027495540678501,-178.36176793703737,-47.807224102743135,-11.051389895074728,-119.50315393921949,True,True,True,True,False,obqa|13-516|policy_T,obqa|13-516|reference_T
obqa,T,10-176,10-176,0.8,R,1,1,B,B,True,True,232.08137205801904,802.5554378982633,-570.4740658402443,570.4740658402443,0,0.9908033301367747,0.9681972002154424,0.022606129921332204,290.586182104254,246.014323,44.57185910425401,963.362742,672.776559895746,33.12426898628473,198.83828004822135,0.11882302351295948,802.4344597943127,0.1209781039506197,-160.8073041017367,-47.17604295177864,-11.328767094456317,-102.30249405550171,True,True,True,True,False,obqa|10-176|policy_T,obqa|10-176|reference_T
obqa,T,12-116,12-116,0.8,R,1,1,C,C,True,True,231.88975313678384,1018.8606779556721,-786.9709248188883,786.9709248188883,0,0.9908109234043537,0.9596256898660621,0.031185233538291585,291.73434894919825,247.141441,44.59290794919825,1239.076246,947.3418970508019,33.15669996663928,198.61363898962736,0.11941418051719666,1018.7425168696791,0.11816108599305153,-220.21556804432794,-48.527802010372625,-11.316793802041772,-160.37097223191358,True,True,True,True,False,obqa|12-116|policy_T,obqa|12-116|reference_T
obqa,T,11-694,11-694,0.8,T,1,1,A,A,True,True,765.8730780240148,735.4878471232951,30.385230900719762,-30.385230900719762,0,0.969650809139657,0.9708548822405431,-0.0012040731008860733,942.0696882327372,897.398111,44.671577232737306,897.398111,-44.67157723273726,33.05029100738466,732.70278214477,0.12000487186014652,735.3658869396895,0.12196018360555172,-161.9102638767049,-164.69532885522995,-11.501281353492502,14.286346332017501,True,True,True,True,False,obqa|11-694|policy_T,obqa|11-694|reference_T
obqa,T,8-133,8-133,0.8,T,1,1,A,A,True,True,785.2958829607815,757.0791998878121,28.216683072969317,-28.216683072969317,0,0.9688811432106886,0.9699992834412302,-0.0011181402305415738,966.4306511037694,925.039975,41.3906761037693,925.039975,-41.39067610376935,32.503144117072225,752.6701400056481,0.12259883806109428,756.9589749909937,0.12022489681839943,-167.9607751121879,-172.3698349943519,-8.764933148635983,13.173993030800034,True,True,True,True,False,obqa|8-133|policy_T,obqa|8-133|reference_T
obqa,T,10-959,10-959,0.8,R,1,1,B,B,True,True,235.46602204442024,855.2606240846217,-619.7946020402014,619.7946020402014,0,0.9906692068840057,0.9661086560417438,0.024560550842261903,290.4445108784256,246.39486,44.049650878425595,1043.440322,752.9958111215743,33.07264298200607,202.27505709044635,0.11832197196781635,855.1416301634163,0.11899392120540142,-188.17969791537826,-44.11980290955364,-10.858685924451706,-133.2012090813729,True,True,True,True,False,obqa|10-959|policy_T,obqa|10-959|reference_T
obqa,T,14-1056,14-1056,0.8,R,1,1,C,C,True,True,328.98783311247826,809.8247381858528,-480.8369050733745,480.8369050733745,0,0.9869632255991793,0.9679091402376476,0.01905408536153155,327.99379011444665,286.458609,41.53518111444664,988.263174,660.2693838855535,33.316300017759204,295.5443349201232,0.12719817459583282,809.7058250568807,0.11891312897205353,-178.43843581414728,9.085725920123195,-8.0916829220916,-179.43247881217894,True,True,True,True,False,obqa|14-1056|policy_T,obqa|14-1056|reference_T
obqa,T,10-380,10-380,0.8,R,1,1,D,D,True,True,232.34724113717675,642.4296039622277,-410.08236282505095,410.08236282505095,0,0.9907927945641599,0.9745424937572059,0.0162503008069539,290.981177035907,245.588426,45.39275103590703,782.667514,491.68633696409296,32.94638590887189,199.28362593054771,0.11722929775714874,642.3352169804275,0.09438698180019855,-140.23791003777228,-46.304800069452284,-12.329135829277995,-81.60397413904201,True,True,True,True,False,obqa|10-380|policy_T,obqa|10-380|reference_T
obqa,T,11-523,11-523,0.8,R,0,1,B,C,True,True,232.25612984970212,962.2430270537734,-729.9868972040713,729.9868972040713,-1,-0.009203594976179856,0.9618692729643469,-0.9710728679405267,288.1498438416214,245.709946,42.4398978416214,1171.096244,882.9464001583787,32.919925870373845,199.21535719186068,0.12084678746759892,962.1245439630002,0.11848309077322483,-208.85321694622667,-46.494588808139326,-9.399125183779958,-152.95950295430737,True,True,True,True,False,obqa|11-523|policy_T,obqa|11-523|reference_T
obqa,T,12-352,12-352,0.8,R,1,1,C,C,True,True,232.0995160844177,746.6565279755741,-514.5570118911564,514.5570118911564,0,0.9908026111449,0.9704123018227555,0.02039030932214442,287.74954870924796,245.928348,41.82120070924795,914.649556,626.900007290752,33.3030850160867,198.67717800661922,0.11925306171178818,746.5372639708221,0.11926400475203991,-167.99302802442583,-47.251169993380785,-8.398862631449461,-112.34299539959557,True,True,True,True,False,obqa|12-352|policy_T,obqa|12-352|reference_T
obqa,T,14-754,14-754,0.8,R,1,1,D,D,True,True,231.85530793853104,798.1307308655232,-566.2754229269922,566.2754229269922,0,0.9908122883614543,0.9683725377251303,0.02243975063632394,289.8293111577289,245.569972,44.25933915772891,972.859008,683.029696842271,33.09706784784794,198.63922707736492,0.11901301331818104,798.0144319590181,0.11629890650510788,-174.7282771344768,-46.930744922635085,-11.04325829656279,-116.75427391527887,True,True,True,True,False,obqa|14-754|policy_T,obqa|14-754|reference_T
obqa,T,12-1046,12-1046,0.8,R,1,1,D,D,True,True,231.95060691796243,1035.432256059721,-803.4816491417587,803.4816491417587,0,0.9908085119564617,0.9589690092734573,0.031839502683004346,290.02825619520877,246.122065,43.90619119520879,1263.684924,973.6566678047911,33.13317592255771,198.69945012032986,0.11798087507486343,1035.3136940393597,0.11856202036142349,-228.2526679402788,-47.422614879670135,-10.655034397576216,-170.17501866303246,True,True,True,True,False,obqa|12-1046|policy_T,obqa|12-1046|reference_T
obqa,T,11-442,11-442,0.8,T,1,1,D,D,True,True,822.8320798370987,849.9353341758251,-27.1032543387264,27.1032543387264,0,0.9673936993562711,0.9663196808766233,0.0010740184796476627,1002.7374010233958,959.567581,43.16982002339578,959.567581,-43.1698200233958,33.06123102083802,789.641274837777,0.1295739784836769,849.8147279024124,0.12060627341270447,-109.6322468241749,-169.926306162223,-9.97901502407408,70.2730743621222,True,True,True,True,False,obqa|11-442|policy_T,obqa|11-442|reference_T
obqa,T,11-564,11-564,0.8,R,1,1,D,D,True,True,264.2011968418956,807.6712389010936,-543.470042059198,543.470042059198,0,0.9895305204236017,0.9679944767805895,0.021536043643012186,330.8054790694458,289.197911,41.60756806944585,990.361056,659.5555769305541,32.9188141040504,231.16083489730954,0.12154784053564072,807.5515839736909,0.11965492740273476,-182.68981709890636,-58.037076102690435,-8.567206124859808,-116.08553487135612,True,True,True,True,False,obqa|11-564|policy_T,obqa|11-564|reference_T
obqa,T,12-1146,12-1146,0.8,R,1,1,D,D,True,True,265.15325298532844,812.1663308702409,-547.0130778849125,547.0130778849125,0,0.9894927933713838,0.967816350132688,0.021676443238695938,332.2899777482274,287.644268,44.64570974822736,992.162387,659.8724092517725,32.74501790292561,232.28648700751364,0.12174807488918304,812.0486901607364,0.11764070950448513,-179.99605612975904,-55.35778099248637,-11.778943770412567,-112.85933136686003,True,True,True,True,False,obqa|12-1146|policy_T,obqa|12-1146|reference_T
obqa,T,12-605,12-605,0.8,R,1,1,C,C,True,True,235.68322998471558,671.773100970313,-436.0898709855974,436.0898709855974,0,0.9906605996024266,0.9733797013614921,0.017280898240934473,291.3495417775793,247.816965,43.53257677757931,824.984076,533.6345342224206,32.65236411243677,202.91050989180803,0.12035598047077656,671.6570830903947,0.11601787991821766,-153.210975029687,-44.90645510819198,-10.75985668467176,-97.54466323682323,True,True,True,True,False,obqa|12-605|policy_T,obqa|12-605|reference_T
obqa,T,14-311,14-311,0.8,R,1,1,D,D,True,True,231.91506997682154,539.7624750621617,-307.84740508534014,307.84740508534014,0,0.9908099201759698,0.9786108758161636,0.012199044359806272,290.65602294425213,245.858407,44.797615944252136,660.732733,370.0767100557479,33.17919303663075,198.61630303785205,0.11957390233874321,539.6677479147911,0.09472714737057686,-120.97025793783837,-47.24210396214795,-11.498849005282644,-62.22930497040778,True,True,True,True,False,obqa|14-311|policy_T,obqa|14-311|reference_T
obqa,T,13-9,13-9,0.8,R,1,1,C,C,True,True,264.2473140731454,498.5536199528724,-234.306305879727,234.306305879727,0,0.9895286929397883,0.9802438558029712,0.009284837136817046,331.6680799011067,287.558025,44.110054901106714,609.666068,277.9979880988933,32.55975991487503,231.56868014484644,0.11887401342391968,498.4602148178965,0.09340513497591019,-111.1124480471276,-55.98934485515355,-11.431420972807764,-43.691682219166296,True,True,True,True,False,obqa|13-9|policy_T,obqa|13-9|reference_T
obqa,T,13-492,13-492,0.8,R,1,1,A,A,True,True,231.10875813290477,817.009496036917,-585.9007379040122,585.9007379040122,0,0.9908418718305536,0.967624430416185,0.023217441414368566,289.7458012264459,245.686892,44.05890922644591,917.320589,627.5747877735541,33.230939181521535,197.75994680821896,0.11787214316427708,816.8890499509871,0.1204460859298706,-100.31109296308307,-47.926945191781044,-10.7100979017601,-41.67404986954193,True,True,True,True,False,obqa|13-492|policy_T,obqa|13-492|reference_T
obqa,T,13-376,13-376,0.8,R,1,1,C,C,True,True,231.54708999209106,776.3121409807354,-544.7650509886444,544.7650509886444,0,0.9908245020892266,0.9692371412315304,0.021587360857696136,288.90255798073315,244.853128,44.04942998073316,945.065769,656.1632110192669,33.29732408747077,198.13375896774232,0.11600693687796593,776.1948700062931,0.11727097444236279,-168.75362801926462,-46.719369032257674,-10.636098956384423,-111.39816003062253,True,True,True,True,False,obqa|13-376|policy_T,obqa|13-376|reference_T
obqa,T,13-804,13-804,0.8,R,1,1,B,B,True,True,232.15287597849965,690.96834002994,-458.81546405144036,458.81546405144036,0,0.9908004966566691,0.9726190531672332,0.018181443489435987,287.5224421357284,245.422894,42.09954813572836,847.538886,560.0164438642717,33.24889298528433,198.78207496367395,0.12190802954137325,690.849426900968,0.11891312897205353,-156.57054597006004,-46.640819036326064,-8.72874712090266,-101.20097981283129,True,True,True,True,False,obqa|13-804|policy_T,obqa|13-804|reference_T
obqa,T,14-216,14-216,0.8,T,0,0,D,D,True,True,822.8264499921352,787.6624630298465,35.16398696228862,-35.16398696228862,0,-0.03260607755031544,-0.03121263706735379,-0.0013934404829616539,1007.7422902991748,963.763594,43.978696299174786,963.763594,-43.97869629917477,32.484950963407755,790.2197199873626,0.12177904136478901,787.539622047916,0.12284098193049431,-176.10113097015346,-173.5438740126374,-11.371966294402242,8.814709336886153,True,True,True,True,False,obqa|14-216|policy_T,obqa|14-216|reference_T
obqa,T,14-745,14-745,0.8,R,1,1,B,B,True,True,231.57906997948885,747.2297239582986,-515.6506539788097,515.6506539788097,0,0.9908232348208382,0.9703895878316527,0.02043364698918545,287.73980011271954,245.788364,41.951436112719534,914.290387,626.5505868872805,33.09407294727862,198.365923948586,0.11907308362424374,747.1139160916209,0.11580786667764187,-167.06066304170145,-47.422440051414014,-8.738290081816672,-110.89993290847076,True,True,True,True,False,obqa|14-745|policy_T,obqa|14-745|reference_T
obqa,T,14-877,14-877,0.8,R,1,1,B,B,True,True,234.48147485032678,785.1143328007311,-550.6328579504043,550.6328579504043,0,0.9907082214564746,0.9688883374842782,0.02181988397219647,289.7569140235757,245.609677,44.14723702357566,963.426127,673.6692129764242,33.25628722086549,201.1003529187292,0.1248347107321024,784.9986760411412,0.11565675958991051,-178.3117941992689,-44.50932408127082,-10.766115091978072,-123.03635502601992,True,True,True,True,False,obqa|14-877|policy_T,obqa|14-877|reference_T
obqa,T,10-354,10-354,0.8,R,1,1,A,A,True,True,231.3799769617617,838.3072798606008,-606.9273028988391,606.9273028988391,0,0.9908311242638378,0.9667804648496776,0.024050659414160173,293.1981361030537,245.918499,47.27963710305369,1020.352426,727.1542898969464,33.24631880968809,198.0124511756003,0.12120697647333145,838.1876959465444,0.11958391405642033,-182.0451461393992,-47.90604782439971,-13.912111316892265,-120.22698699810724,True,True,True,True,False,obqa|10-354|policy_T,obqa|10-354|reference_T
obqa,T,14-362,14-362,0.8,R,1,1,D,D,True,True,232.25594009272754,906.7078258376569,-674.4518857449293,674.4518857449293,0,0.9907964125433045,0.9640699619159993,0.026726450627305255,287.45258705132426,245.981969,41.47061805132425,1111.252687,823.8000999486757,33.37988909333944,198.75516509637237,0.12088590301573277,906.5877210814506,0.12010475620627403,-204.54486116234307,-47.226803903627626,-7.9698430549690755,-149.34821420374635,True,True,True,True,False,obqa|14-362|policy_T,obqa|14-362|reference_T
obqa,T,12-242,12-242,0.8,T,0,0,D,D,True,True,802.0127029158175,770.4913809429854,31.521321972832084,-31.521321972832084,0,-0.031781292869062734,-0.030532199978642826,-0.0012490928904199045,976.607915918817,935.636935,40.97098091881693,935.636935,-40.97098091881696,32.4938059784472,769.4010259583592,0.11787097901105881,770.3706449829042,0.12073596008121967,-165.14555405701458,-166.23590904164075,-8.35930396135867,9.44965894598488,True,True,True,True,False,obqa|12-242|policy_T,obqa|12-242|reference_T
obqa,T,10-616,10-616,0.8,R,1,1,D,D,True,True,264.78570397011936,847.8597300127149,-583.0740260425955,583.0740260425955,0,0.989507358206646,0.966401930675845,0.02310542753080098,328.63385586626265,286.72396,41.90989586626267,1038.343057,709.7092011337375,33.0878309905529,231.57597403042018,0.12189894914627075,847.7391540072858,0.12057600542902946,-190.48332698728518,-55.14798596957979,-8.7001659265635,-126.63517509114195,True,True,True,True,False,obqa|10-616|policy_T,obqa|10-616|reference_T
obqa,T,14-1328,14-1328,0.8,R,0,0,D,D,True,True,264.46673600003123,784.7020789049566,-520.2353429049253,520.2353429049253,0,-0.010480002075259301,-0.031095326163753392,0.02061532408849409,333.76333413731345,291.496341,42.266993137313484,963.514633,629.7512988626866,33.20959908887744,231.13501793704927,0.12211897410452366,784.5827050041407,0.11937390081584454,-178.81255409504342,-60.3613230629507,-8.935275074331521,-109.51595595776121,True,True,True,True,False,obqa|14-1328|policy_T,obqa|14-1328|reference_T
obqa,T,13-438,13-438,0.8,T,1,1,A,A,True,True,1120.3582228627056,1024.267080007121,96.09114285558462,-96.09114285558462,0,0.9556036548179216,0.9594114508068299,-0.0038077959889082076,1293.2600948767897,1248.915435,44.344659876789805,1248.915435,-44.34465987678982,32.98171190544963,1087.2451439499855,0.13136700727045536,1024.1442499682307,0.12283003889024258,-224.64835499287892,-161.67029105001438,-11.231580964069721,-51.7464829787948,True,True,True,True,False,obqa|13-438|policy_T,obqa|13-438|reference_T
obqa,T,12-1208,12-1208,0.8,T,1,1,A,A,True,True,846.7488759197295,817.2931380104274,29.455737909302115,-29.455737909302115,0,0.9664459504016369,0.9676131905585152,-0.0011672401568783447,1039.7129969699126,996.477274,43.23572296991265,996.477274,-43.23572296991267,32.94953191652894,813.6798799969256,0.11946400627493858,817.1745159197599,0.11862209066748619,-179.1841359895726,-182.79739400307437,-10.166727047108772,13.779985060610557,True,True,True,True,False,obqa|12-1208|policy_T,obqa|12-1208|reference_T
obqa,T,10-351,10-351,0.8,T,1,1,C,C,True,True,765.4301761649549,736.8238819763064,28.606294188648462,-28.606294188648462,0,0.9696683599760014,0.9708019392948859,-0.0011335793188844685,939.147027220379,896.302242,42.844785220378995,896.302242,-42.84478522037898,33.01750891841948,732.2951671667397,0.11750007979571819,736.707084113732,0.11679786257445812,-159.47836002369354,-164.00707483326028,-9.709776222163796,14.238491031730518,True,True,True,True,False,obqa|10-351|policy_T,obqa|10-351|reference_T
obqa,C,9-782,9-782,0.8,R,1,1,A,A,True,True,235.96930713392794,395.7814280875027,-159.81212095357478,159.81212095357478,0,0.9906492632462451,0.9843164011836043,0.006332862062640862,290.3969988755834,246.414073,43.98292587558341,423.570235,133.17323612441663,33.446168061345816,202.39295507781208,0.13018399477005005,395.6006378866732,0.18079020082950592,-27.788806912497307,-44.021117922187926,-10.406573819467546,26.638884829158144,True,True,True,True,False,obqa|9-782|policy_C,obqa|9-782|reference_C
obqa,C,14-290,14-290,0.8,R,0,0,D,D,True,True,232.42007801309228,248.36506298743188,-15.944984974339604,15.944984974339604,0,-0.009210091736863452,-0.009841942373916869,0.0006318506370534164,287.9027890962472,244.139688,43.7631010962472,301.344275,13.441485903752778,33.3615189883858,198.68937693536282,0.36918208934366703,248.24496684595942,0.12009614147245884,-52.9792120125681,-45.45031106463719,-10.032400018517734,2.5034990705868267,True,True,True,True,False,obqa|14-290|policy_C,obqa|14-290|reference_C
obqa,C,13-823,13-823,0.8,R,1,1,D,D,True,True,231.71271104365587,446.1177319753915,-214.40502093173563,214.40502093173563,0,0.9908179390371378,0.9823217285182075,0.008496210518930207,291.6692630519309,245.993748,45.6755150519309,544.45025,252.78098694806908,33.035337924957275,198.5588811803609,0.11849193833768368,445.9863861557096,0.13134581968188286,-98.33251802460848,-47.4348668196391,-12.521685188635942,-38.37596601633345,True,True,True,True,False,obqa|13-823|policy_C,obqa|13-823|reference_C
obqa,C,12-745,12-745,0.8,R,1,1,D,D,True,True,231.92962887696922,451.04779093526304,-219.11816205829382,219.11816205829382,0,0.9908093432516047,0.982126365468351,0.008682977783253814,290.7806537025466,246.266442,44.514211702546596,546.187681,255.4070272974534,32.82155585475266,198.98713612928987,0.12093689292669296,450.911785941571,0.13600499369204044,-95.13989006473696,-47.27930587071015,-11.571718954867244,-36.28886523915958,True,True,True,True,False,obqa|12-745|policy_C,obqa|12-745|reference_C
obqa,C,14-245,14-245,0.8,R,1,1,D,D,True,True,232.5196461752057,216.2124819587916,16.307164216414094,-16.307164216414094,0,0.9907859626835852,0.9914321653683327,-0.0006462026847474449,290.14894996266236,245.987717,44.16123296266234,262.309276,-27.839673962662346,33.13714801333845,199.26243205554783,0.12006610631942749,216.0985181108117,0.11396384797990322,-46.0967940412084,-46.72528494445217,-10.904018843004465,11.532509746248252,True,True,True,True,False,obqa|14-245|policy_C,obqa|14-245|reference_C
obqa,C,12-721,12-721,0.8,R,1,1,A,A,True,True,232.6397909782827,280.86981386877596,-48.230022890493274,48.230022890493274,0,0.9907812017151374,0.9888699944774071,0.0019112072377303186,290.6760260879955,245.693,44.983026087995526,341.47803,50.802003912004466,33.3156930282712,199.20324091799557,0.12085703201591969,280.7483759243041,0.12143794447183609,-60.608216131224026,-46.48975908200444,-11.546476027708408,-2.571981021511192,True,True,True,True,False,obqa|12-721|policy_C,obqa|12-721|reference_C
obqa,C,11-642,11-642,0.8,R,1,1,A,A,True,True,232.49856592155993,351.34110413491726,-118.84253821335733,118.84253821335733,0,0.9907867980291009,0.9860774343263442,0.004709363702756631,287.90634101455174,246.358607,41.54773401455176,423.529397,135.62305598544827,32.72088710218668,199.65978804975748,0.11789076961576939,351.20428702794015,0.13681710697710514,-72.18829286508276,-46.698818950242526,-8.708956142749308,-16.780517772090946,True,True,True,True,False,obqa|11-642|policy_C,obqa|11-642|reference_C
obqa,C,12-577,12-577,0.8,R,1,1,C,C,True,True,267.65503198839724,317.80771305784583,-50.15268106944859,50.15268106944859,0,0.9893936555760583,0.9874062593173183,0.0019873962587399915,331.821004079293,289.935813,41.885191079293016,305.802604,-26.01840007929303,32.74813899770379,234.78459403850138,0.1222989521920681,317.4415559042245,0.36615715362131596,12.005109057845857,-55.151218961498614,-9.014753129397157,76.17108114874162,True,True,True,True,False,obqa|12-577|policy_C,obqa|12-577|reference_C
obqa,C,14-1215,14-1215,0.8,C,0,0,D,D,True,True,318.0334959179163,280.80469206906855,37.22880384884775,-37.22880384884775,0,-0.01260268776191702,-0.011127424946273922,-0.0014752628156430975,385.8585572825922,341.703866,44.154691282592175,341.703866,-44.15469128259218,33.206938998773694,284.70425796695054,0.1222989521920681,280.68021894432604,0.12447312474250793,-60.899173930931454,-56.99960803304947,-10.825453331626413,6.925887433744435,True,True,True,True,False,obqa|14-1215|policy_C,obqa|14-1215|reference_C
obqa,C,12-488,12-488,0.8,R,1,1,C,C,True,True,232.65415802598,187.6847620587796,44.9693959672004,-44.9693959672004,0,0.990780632393294,0.9925626310302014,-0.0017819986369074475,289.30713421946456,247.214112,42.093022219464544,222.290829,-67.01630521946456,32.93284494429827,199.603813001886,0.11750007979571819,187.57345201447606,0.11131004430353642,-34.606066941220405,-47.61029899811399,-9.042677195370558,22.046909252264157,True,True,True,True,False,obqa|12-488|policy_C,obqa|12-488|reference_C
obqa,C,9-892,9-892,0.8,R,1,1,C,C,True,True,266.98983390815556,247.52956512384117,19.460268784314394,-19.460268784314394,0,0.9894200153268793,0.9901911658327209,-0.0007711505058416668,328.1908290493494,285.720063,42.47076604934943,302.567785,-25.623044049349403,33.206368098035455,233.6629000492394,0.1205657608807087,247.41240590810776,0.11715921573340893,-55.03821987615885,-52.057162950760585,-9.143832190433265,6.162775265035009,True,True,True,True,False,obqa|9-892|policy_C,obqa|9-892|reference_C
obqa,C,1683,1683,0.8,R,1,1,B,B,True,True,231.82915011420846,313.77668981440365,-81.9475397001952,81.9475397001952,0,0.9908133249154547,0.9875659963511534,0.0032473285643013273,286.3717489982879,245.168179,41.20356999828792,382.402277,96.03052800171213,33.182903891429305,198.52750306017697,0.1187431626021862,313.4110749233514,0.3656148910522461,-68.62558718559637,-46.64067593982304,-7.901922944256427,-14.082988301516934,True,True,True,True,False,obqa|1683|policy_C,obqa|1683|reference_C
obqa,C,11-744,11-744,0.8,R,1,1,C,C,True,True,232.02820285223424,246.30186217837036,-14.273659326136112,14.273659326136112,0,0.9908054370686157,0.9902398159185916,0.0005656211500240736,286.8322522670321,245.103477,41.72877526703215,221.409385,-65.42286726703213,33.31724600866437,198.58940900303423,0.12154784053564072,246.19123386219144,0.11062831617891788,24.89247717837037,-46.514067996965764,-8.289981417832138,79.69652659316824,True,True,True,True,False,obqa|11-744|policy_C,obqa|11-744|reference_C
obqa,C,12-428,12-428,0.8,R,1,1,B,B,True,True,231.7720928695053,214.57689395174384,17.195198917761445,-17.195198917761445,0,0.9908155859183012,0.9914969786827305,-0.0006813927644292292,288.9424009849869,245.050246,43.8921549849869,261.767423,-27.174977984986867,33.011932857334614,198.64105712622404,0.11910288594663143,214.42255401052535,0.15433994121849537,-47.19052904825617,-46.409188873775946,-10.761119241705657,9.979779067225422,True,True,True,True,False,obqa|12-428|policy_C,obqa|12-428|reference_C
obqa,C,10-443,10-443,0.8,C,1,1,A,A,True,True,377.0649740472436,344.3727910052985,32.6921830419451,-32.6921830419451,0,0.9850580766024116,0.9863535671102398,-0.0012954905078281795,464.5713138718394,422.188725,42.3825888718394,422.188725,-42.3825888718394,33.088938100263476,343.8430468086153,0.13298913836479187,344.23853806219995,0.13425294309854507,-77.81593399470148,-78.34567819138465,-9.160661633211134,9.690405829894303,True,True,True,True,False,obqa|10-443|policy_C,obqa|10-443|reference_C
obqa,C,14-676,14-676,0.8,R,1,1,B,B,True,True,232.59715107269585,280.66578204743564,-48.06863097473979,48.06863097473979,0,0.9907828914032464,0.9888780796299802,0.0019048117732662114,286.45797319842075,245.240075,41.21789819842076,342.593335,56.13536180157928,33.29270984977484,199.18506708927453,0.11937413364648819,280.53830191493034,0.12748013250529766,-61.92755295256438,-46.055007910725465,-7.805814214999437,-8.066730826839489,True,True,True,True,False,obqa|14-676|policy_C,obqa|14-676|reference_C
obqa,C,14-129,14-129,0.8,R,1,1,D,D,True,True,232.23677510395646,313.25956992805004,-81.02279482409358,81.02279482409358,0,0.9907971719927731,0.9875864882192957,0.0032106837734773154,288.60899032475663,244.899451,43.70953932475662,381.995037,93.38604667524339,33.321805065497756,198.7963579595089,0.11861207894980907,313.1263409741223,0.13322895392775536,-68.73546707194998,-46.1030930404911,-10.269122180309054,-12.363251851149812,True,True,True,True,False,obqa|14-129|policy_C,obqa|14-129|reference_C
obqa,C,7-321,7-321,0.8,R,1,1,C,C,True,True,232.6097241602838,509.2133251018822,-276.6036009415984,276.6036009415984,0,0.9907823931705159,0.9798214445244381,0.01096094864607776,286.61079205857635,245.162959,41.44783305857634,622.49433,335.88353794142364,33.32204604521394,199.16761410422623,0.1200640108436346,509.06913401558995,0.14419108629226685,-113.28100489811777,-45.99534489577377,-8.00572300251877,-59.279936999825225,True,True,True,True,False,obqa|7-321|policy_C,obqa|7-321|reference_C
obqa,C,13-462,13-462,0.8,R,1,1,D,D,True,True,264.6149389911443,214.91126995533705,49.70366903580725,-49.70366903580725,0,0.9895141250967324,0.9914837283917314,-0.0019696032949988837,328.51898879893486,285.578114,42.940874798934814,261.554481,-66.96450779893485,32.991223968565464,231.46716109476984,0.15655392780900002,214.79772706516087,0.11354289017617702,-46.64321104466296,-54.11095290523019,-9.79309690256035,17.260838763127595,True,True,True,True,False,obqa|13-462|policy_C,obqa|13-462|reference_C
obqa,C,7-455,7-455,0.8,R,1,1,A,A,True,True,231.78171110339463,349.8443360440433,-118.06262494064867,118.06262494064867,0,0.9908152047773205,0.9861367466350897,0.004678458142230834,286.99387486915555,245.479808,41.51406686915553,423.278413,136.28453813084445,33.189595909789205,198.47206003032625,0.12005516327917576,349.70889217220247,0.13544387184083462,-73.4340769559567,-47.007747969673744,-8.204415796087147,-18.221913190195778,True,True,True,True,False,obqa|7-455|policy_C,obqa|7-455|reference_C
obqa,C,10-677,10-677,0.8,R,0,0,D,D,True,True,232.15692397207022,313.34661319851875,-81.18968922644854,81.18968922644854,0,-0.009199663752846499,-0.012416961037381888,0.00321729728453539,288.4746327169918,246.454277,42.02035571699178,382.516092,94.04145928300824,32.62327401898801,199.41005809232593,0.12359186075627804,313.22233006358147,0.12428313493728638,-69.16947880148126,-47.044218907674065,-9.273489837247489,-12.851770056559701,True,True,True,True,False,obqa|10-677|policy_C,obqa|10-677|reference_C
obqa,C,13-944,13-944,0.8,R,1,1,C,C,True,True,265.25010098703206,248.72983596287668,16.52026502415538,-16.52026502415538,0,0.9894889555834103,0.9901436027967254,-0.0006546472133151806,328.62210379833266,286.296992,42.32511179833269,303.611347,-25.010756798332636,33.30846899189055,231.81787901557982,0.12375297956168652,248.6075370106846,0.1222989521920681,-54.881511037123346,-54.47911298442017,-8.892889826880456,8.490491774177258,True,True,True,True,False,obqa|13-944|policy_C,obqa|13-944|reference_C
obqa,C,14-1171,14-1171,0.8,C,0,0,D,D,True,True,251.69198401272297,214.72848812118173,36.96349589154124,-36.96349589154124,0,-0.009973778005787299,-0.00850902852722851,-0.0014647494785587898,306.38268307664373,262.234645,44.14803807664371,262.234645,-44.14803807664373,33.06169714778662,218.51338795386255,0.1168989110738039,214.6094748750329,0.11901324614882469,-47.506156878818274,-43.72125704613745,-10.969442017783287,7.184542185102487,True,True,True,True,False,obqa|14-1171|policy_C,obqa|14-1171|reference_C
obqa,C,10-973,10-973,0.8,R,1,1,C,C,True,True,232.0352760143578,221.25703608617187,10.77823992818594,-10.77823992818594,0,0.9908051567809891,0.9912322652276825,-0.00042710844669334127,291.4554788286543,246.364648,45.09083082865429,263.321377,-28.13410182865431,32.693315064534545,199.22313885763288,0.11882209219038486,221.12231398932636,0.13472209684550762,-42.06434091382812,-47.14150914236711,-12.27869367192936,17.35586190046837,True,True,True,True,False,obqa|10-973|policy_C,obqa|10-973|reference_C
obqa,C,14-109,14-109,0.8,C,0,0,D,D,True,True,384.51972999610007,350.79486994072795,33.72486005537212,-33.72486005537212,0,-0.015237332411955198,-0.013900920095178666,-0.0013364123167765325,468.8769568479572,426.161387,42.715569847957255,426.161387,-42.71556984795723,32.81331108883023,351.56714683398604,0.13927207328379154,350.6597760133445,0.13509392738342285,-75.36651705927204,-74.59424016601395,-9.76298668584323,8.990709792585108,True,True,True,True,False,obqa|14-109|policy_C,obqa|14-109|reference_C
obqa,C,13-42,13-42,0.8,C,0,0,C,C,True,True,378.70779586955905,344.9019039981067,33.80589187145233,-33.80589187145233,0,-0.015007023365801987,-0.013667400007767387,-0.0013396233580346003,468.470079978207,423.787523,44.68255697820699,423.787523,-44.682556978207,33.22992194443941,345.3484911005944,0.12938282452523708,344.77583691477776,0.12606708332896233,-78.8856190018933,-78.43903189940562,-11.32325220924234,10.876665106754672,True,True,True,True,False,obqa|13-42|policy_C,obqa|13-42|reference_C
obqa,C,10-702,10-702,0.8,R,1,1,D,D,True,True,268.46058294177055,215.06135212257504,53.39923081919551,-53.39923081919551,0,0.9893617340732229,0.991477781097762,-0.0021160470245390455,330.6171730821601,286.50275,44.114423082160116,267.282166,-63.335007082160075,33.63062394782901,234.70989405177534,0.12006494216620922,214.94591608643532,0.11543603613972664,-52.22081387742497,-51.792855948224656,-10.363734192164898,9.935776262964566,True,True,True,True,False,obqa|10-702|policy_C,obqa|10-702|reference_C
obqa,C,14-1445,14-1445,0.8,R,1,1,B,B,True,True,231.21795896440744,247.61281721293926,-16.39485824853182,16.39485824853182,0,0.9908375445379871,0.9901878668088825,0.0006496777291045601,288.3856958809113,245.841149,42.54454688091135,300.474433,12.088737119088648,32.9205309972167,198.1755099259317,0.12191804125905037,247.4946950096637,0.11812220327556133,-52.861615787060714,-47.66563907406831,-9.502097842435596,4.30612112944317,True,True,True,True,False,obqa|14-1445|policy_C,obqa|14-1445|reference_C
obqa,C,7-1076,7-1076,0.8,R,1,1,B,B,True,True,232.28220595046878,248.12840297818184,-15.84619702771306,15.84619702771306,0,0.9907953717082725,0.9901674357332341,0.0006279359750383921,290.0450110794535,245.924958,44.12005307945347,303.044546,12.999534920546523,32.98763697966933,199.17692802846432,0.11764094233512878,248.0071960017085,0.12120697647333145,-54.916143021818186,-46.748029971535686,-11.014775157449009,2.8466621071665372,True,True,True,True,False,obqa|7-1076|policy_C,obqa|7-1076|reference_C
obqa,C,7-26,7-26,0.8,R,1,1,D,D,True,True,235.43218499980867,523.9140638150275,-288.4818788152188,288.4818788152188,0,0.9906705477418508,0.9792388995338969,0.01143164820795398,290.0516642955639,246.200258,43.85140629556393,543.62974,253.57807570443606,33.612729981541634,201.69647387228906,0.12298114597797394,523.7784411292523,0.1356226857751608,-19.715676184972494,-44.50378412771093,-10.115695168044326,34.903803110782746,True,True,True,True,False,obqa|7-26|policy_C,obqa|7-26|reference_C
obqa,C,12-1083,12-1083,0.8,R,1,1,D,D,True,True,231.66863503865898,477.3559491150081,-245.68731407634914,245.68731407634914,0,0.9908196856334426,0.9810838542002421,0.009735831433200426,291.0664333113185,246.174349,44.89208431131852,587.576605,296.51017168868145,32.9272139351815,198.6231890041381,0.11823209933936596,477.22259792499244,0.13335119001567364,-110.22065588499186,-47.551159995861894,-11.846638276797655,-50.822857612332314,True,True,True,True,False,obqa|12-1083|policy_C,obqa|12-1083|reference_C
obqa,C,12-105,12-105,0.8,C,0,0,A,A,True,True,380.9759540017694,345.3846820630133,35.59127193875611,-35.59127193875611,0,-0.015096903485669229,-0.013686531015313494,-0.0014103724703557353,469.01680800707567,422.046927,46.96988100707567,422.046927,-46.969881007075685,32.818240113556385,348.0278409551829,0.12987293303012848,345.24622303433716,0.13845902867615223,-76.66224493698667,-74.01908604481707,-14.021767960489157,11.378609068319577,True,True,True,True,False,obqa|12-105|policy_C,obqa|12-105|reference_C
obqa,C,1341,1341,0.8,R,1,1,B,B,True,True,231.87885899096727,345.9562947973609,-114.07743580639362,114.07743580639362,0,0.9908113551057937,0.9862908177328398,0.004520537372953866,286.513780070737,244.720704,41.793076070737,422.554786,136.04100592926295,33.01498806104064,198.7459498923272,0.11792103759944439,345.83736187778413,0.1189329195767641,-76.59849120263908,-45.97475410767282,-8.660166972096917,-21.963570122869328,True,True,True,True,False,obqa|1341|policy_C,obqa|1341|reference_C
obqa,C,14-671,14-671,0.8,C,0,0,D,D,True,True,314.27257508039474,279.948600102216,34.32397497817874,-34.32397497817874,0,-0.012453654054395833,-0.01109350065876267,-0.001360153395633162,389.18952495158396,345.165512,44.024012951583984,345.165512,-44.024012951583984,33.269305946305394,280.8722830377519,0.13098609633743763,279.82588997110724,0.12271013110876083,-65.21691189778397,-64.29322896224807,-10.623720908941152,9.700037973405244,True,True,True,True,False,obqa|14-671|policy_C,obqa|14-671|reference_C
obqa,C,11-176,11-176,0.8,R,1,1,C,C,True,True,232.67455212771893,215.43561993166804,17.238932196050882,-17.238932196050882,0,0.9907798242378647,0.991462950017395,-0.0006831257795303462,289.9830011677717,246.289512,43.693489167771695,261.868021,-28.114980167771705,32.84207405522466,199.7137248981744,0.11875317431986332,215.31920204870403,0.11641788296401501,-46.432401068331956,-46.5757871018256,-10.732661938227174,10.876047971720823,True,True,True,True,False,obqa|11-176|policy_C,obqa|11-176|reference_C
obqa,C,9-695,9-695,0.8,R,1,1,A,A,True,True,231.65373597294092,409.7539240028709,-178.10018802993,178.10018802993,0,0.9908202760375214,0.9837627142118348,0.00705756182568653,290.6950641331463,245.590752,45.10431213314629,502.642106,211.94704186685374,32.98395988531411,198.552877176553,0.1168989110738039,409.6268150024116,0.1271090004593134,-92.8881819971291,-47.037874823447,-12.003453336758376,-33.84685383692374,True,True,True,True,False,obqa|9-695|policy_C,obqa|9-695|reference_C
obqa,C,9-985,9-985,0.8,C,0,0,A,A,True,True,281.02015098556876,247.79141112230718,33.22873986326158,-33.22873986326158,0,-0.011135962919427776,-0.009819210317598895,-0.0013167526018288806,351.19066096790766,303.301835,47.888825967907664,303.301835,-47.88882596790768,33.17192289978266,247.71905597299337,0.12917211279273033,247.66440386883914,0.12700725346803665,-55.5104238776928,-55.58277902700661,-14.587730955332276,14.660086104646098,True,True,True,True,False,obqa|9-985|policy_C,obqa|9-985|reference_C
obqa,C,14-61,14-61,0.8,R,1,1,D,D,True,True,231.8816229235381,280.3273107856512,-48.44568786211312,48.44568786211312,0,0.99081124557966,0.9888914922034462,0.001919753376213823,289.87588666054666,245.843819,44.03206766054666,342.931634,53.05574733945332,33.02832297049463,198.73477797955275,0.11852197349071503,280.20413988269866,0.12317090295255184,-62.60432321434877,-47.10904102044725,-10.885222716561316,-4.610059477340201,True,True,True,True,False,obqa|14-61|policy_C,obqa|14-61|reference_C
obqa,C,10-823,10-823,0.8,R,1,1,D,D,True,True,232.06905601546168,311.81805906817317,-79.74900305271149,79.74900305271149,0,0.9908038181836024,0.987643610854193,0.0031602073294093895,289.2522508829023,245.441851,43.81039988290227,382.335846,93.08359511709773,33.11585704796016,198.83406511507928,0.1191338524222374,311.6937361191958,0.12432294897735119,-70.51778693182683,-46.60778588492073,-10.575408982519868,-13.334592064386243,True,True,True,True,False,obqa|10-823|policy_C,obqa|10-823|reference_C
obqa,C,1851,1851,0.8,R,1,1,A,A,True,True,231.244299095124,350.5184140522033,-119.27411495707929,119.27411495707929,0,0.9908365007597458,0.9861100350000793,0.0047264657596665,290.31241301824974,246.307876,44.00453701824975,424.878174,134.56576098175026,32.49771799892187,198.6280281562358,0.11855293996632099,350.3812560811639,0.1371579710394144,-74.3597599477967,-47.67984784376418,-11.388266079361557,-15.291646024670968,True,True,True,True,False,obqa|1851|policy_C,obqa|1851|reference_C
obqa,C,9-844,9-844,0.8,R,1,1,C,C,True,True,231.90282401628792,281.0574711766094,-49.154647160321474,49.154647160321474,0,0.9908104054456629,0.9888625581963637,0.0019478472492992348,286.35940187371216,244.413028,41.94637387371218,342.8552,56.495798126287866,32.95918391086161,198.82247294299304,0.12116716243326664,280.93174495734274,0.12572621926665306,-61.79772882339063,-45.59055505700695,-8.866022800417305,-7.341150965966392,True,True,True,True,False,obqa|9-844|policy_C,obqa|9-844|reference_C
obqa,C,1655,1655,0.8,R,1,1,C,C,True,True,231.77640698850155,412.18316997401416,-180.40676298551261,180.40676298551261,0,0.9908154149630547,0.9836664506771312,0.007148964285923511,289.4941482220118,245.193702,44.30044622201181,505.321366,215.8272177779882,33.01153192296624,198.63102305680513,0.1338520087301731,412.0474858209491,0.1356841530650854,-93.13819602598585,-46.56267894319487,-11.155062290315392,-35.420454792475596,True,True,True,True,False,obqa|1655|policy_C,obqa|1655|reference_C
obqa,C,383,383,0.8,R,1,1,D,D,True,True,231.63622384890914,214.8757199756801,16.760503873229027,-16.760503873229027,0,0.9908209699890518,0.9914851371279157,-0.0006641671388639629,287.86959506997596,245.540556,42.32903906997597,264.090348,-23.779247069975952,33.20413292385638,198.31251702271402,0.11957390233874321,214.75787903182209,0.11784094385802746,-49.21462802431989,-47.22803897728599,-9.005332243780849,7.018743196746925,True,True,True,True,False,obqa|383|policy_C,obqa|383|reference_C
obqa,C,919,919,0.8,C,0,0,D,D,True,True,249.01211191900074,214.98236991465092,34.02974200434983,-34.02974200434983,0,-0.009867582929883177,-0.008519089080637492,-0.0013484938492456862,309.38919911996175,263.992482,45.396717119961735,263.992482,-45.39671711996175,33.216464798897505,215.67762503400445,0.11802208609879017,214.86466913484037,0.11770077981054783,-49.01011208534908,-48.314856965995546,-12.06223023496544,11.366975115611922,True,True,True,True,False,obqa|919|policy_C,obqa|919|reference_C
obqa,C,14-45,14-45,0.8,R,1,1,C,C,True,True,268.91042198985815,279.709953116253,-10.799531126394868,10.799531126394868,0,0.9893439083374469,0.9889159561861547,0.0004279521512922225,327.28271488296417,285.438773,41.84394188296413,342.072892,14.790177117035853,34.55078904516995,234.24038896337152,0.11924398131668568,279.58864509128034,0.12130802497267723,-62.362938883747006,-51.19838403662851,-7.173908856477496,-3.990645990640985,True,True,True,True,False,obqa|14-45|policy_C,obqa|14-45|reference_C
obqa,C,11-131,11-131,0.8,R,1,0,B,D,True,True,231.72434885054827,313.0481580737978,-81.32380922324955,81.32380922324955,1,0.9908174778667002,-0.01240513418016062,1.0032226120468608,287.78695016034976,245.851805,41.93514516034973,382.446415,94.65946483965024,33.18927506916225,198.41813412494957,0.11693965643644333,312.91320407763124,0.13495399616658688,-69.39825692620218,-47.43367087505044,-8.628930434751034,-13.335655616400686,True,True,True,True,False,obqa|11-131|policy_C,obqa|11-131|reference_C
obqa,C,11-559,11-559,0.8,R,1,1,D,D,True,True,265.26587503030896,214.91158800199628,50.35428702831268,-50.35428702831268,0,0.9894883305066661,0.991483715788522,-0.0019953852818558517,328.48579799417377,286.307934,42.17786399417376,261.476031,-67.00976699417379,33.04886189289391,232.09668789058924,0.12032524682581425,214.79451702907681,0.11707097291946411,-46.5644429980037,-54.21124610941075,-9.008676854454038,16.655479965861105,True,True,True,True,False,obqa|11-559|policy_C,obqa|11-559|reference_C
obqa,C,12-1066,12-1066,0.8,R,1,1,C,C,True,True,264.6632951218635,349.3057480081916,-84.6424528863281,84.6424528863281,0,0.9895122088922299,0.9861580892198654,0.0033541196723645855,329.9796542106034,285.745822,44.233832210603474,423.168686,93.18903178939655,33.21783896535635,231.32513999007642,0.12031616643071175,349.1651751101017,0.1405728980898857,-73.8629379918084,-54.42068200992355,-10.895677078816412,-8.54657890306845,True,True,True,True,False,obqa|12-1066|policy_C,obqa|12-1066|reference_C
obqa,C,14-1299,14-1299,0.8,R,0,0,D,D,True,True,264.7584730293602,282.1827521547675,-17.424279125407338,17.424279125407338,0,-0.010491562715054836,-0.011182033222446527,0.000690470507391692,328.8407869604781,287.213363,41.62742396047807,342.220951,13.380164039521901,33.25871494598687,231.38235812075436,0.11739996261894703,282.06229605711997,0.12045609764754772,-60.0381988452325,-55.831004879245654,-8.251309051872255,4.044115085885437,True,True,True,True,False,obqa|14-1299|policy_C,obqa|14-1299|reference_C
obqa,C,11-240,11-240,0.8,R,1,1,D,D,True,True,231.82575893588364,312.7916161902249,-80.96585725434124,80.96585725434124,0,0.9908134592974054,0.9876050317844249,0.003208427512980477,287.54330107250513,245.644714,41.898587072505116,382.988578,95.44527692749489,33.0426711589098,198.66606895811856,0.11701881885528564,312.6721219159663,0.11949427425861359,-70.19696180977513,-46.978645041881435,-8.738897094740032,-14.479419673153643,True,True,True,True,False,obqa|11-240|policy_C,obqa|11-240|reference_C
obqa,C,14-491,14-491,0.8,R,1,1,B,B,True,True,231.8945680744946,247.97022715210915,-16.075659077614546,16.075659077614546,0,0.9908107326032043,0.9901737037539711,0.0006370288492332039,287.2842504551288,245.551818,41.73243245512879,302.124573,14.840322544871185,33.20016502402723,198.57683195732534,0.11757109314203262,247.8497507981956,0.12047635391354561,-54.15434584789085,-46.97498604267466,-8.414696337959526,1.2353365327433607,True,True,True,True,False,obqa|14-491|policy_C,obqa|14-491|reference_C
obqa,C,10-916,10-916,0.8,R,0,0,B,C,True,True,232.05591086298227,182.16745695099235,49.88845391198993,-49.88845391198993,0,-0.009195660914497595,-0.007218735164073275,-0.0019769257504243204,288.98327880912484,247.147963,41.83531580912483,221.907397,-67.07588180912484,32.46460622176528,199.47384484112263,0.11745980009436607,182.0505780633539,0.11687888763844967,-39.73994004900766,-47.67411815887738,-9.253249787265183,17.18742789713491,True,True,True,True,False,obqa|10-916|policy_C,obqa|10-916|reference_C
obqa,C,9-1064,9-1064,0.8,C,1,1,D,D,True,True,377.24215793423355,283.5881691426039,93.65398879162967,-93.65398879162967,0,0.9850510553507735,0.9887622744316203,-0.003711219080846804,385.2491901143317,343.790937,41.458253114331725,343.790937,-41.45825311433174,49.161510076373816,327.95824902132154,0.12239883653819561,283.4696660283953,0.11850311420857906,-60.20276785739611,-15.83268797867845,7.825655798580286,-52.19573567729793,True,True,True,True,False,obqa|9-1064|policy_C,obqa|9-1064|reference_C
obqa,C,14-223,14-223,0.8,C,0,0,D,D,True,True,345.6058478914201,312.34812503680587,33.25772285461426,-33.25772285461426,0,-0.013695295135806439,-0.012377394027310454,-0.0013179011084959846,424.81556888231074,382.774744,42.04082488231075,382.774744,-42.040824882310744,33.117169979959726,312.36622808501124,0.12244982644915581,312.2346911113709,0.11343392543494701,-70.42661896319413,-70.40851591498875,-8.80120507590187,8.783102027696486,True,True,True,True,False,obqa|14-223|policy_C,obqa|14-223|reference_C
obqa,C,11-141,11-141,0.8,R,1,1,A,A,True,True,232.7437619678676,182.6005489565432,50.143213011324406,-50.143213011324406,0,0.9907770816650959,0.9927641027338583,-0.0019870210687622618,289.8709069466195,245.7963,44.07460694661951,221.817077,-68.05382994661952,33.249909058213234,199.3736671283841,0.12018578127026558,182.49030294828117,0.11024600826203823,-39.216528043456805,-46.42263287161589,-10.704512107136011,17.91061693529511,True,True,True,True,False,obqa|11-141|policy_C,obqa|11-141|reference_C
obqa,C,10-347,10-347,0.8,C,1,1,C,C,True,True,378.0502050649375,344.7863401379436,33.26386492699385,-33.26386492699385,0,0.9850190349321198,0.986337179432024,-0.001318144499904137,467.94662412432507,423.385736,44.56088812432504,423.385736,-44.56088812432506,33.07273588143289,344.84402812086046,0.13344106264412403,344.65251001529396,0.13383012264966965,-78.59939586205638,-78.54170787913955,-11.354711180248025,11.297023197331214,True,True,True,True,False,obqa|10-347|policy_C,obqa|10-347|reference_C
obqa,C,12-306,12-306,0.8,R,1,1,D,D,True,True,264.6360930521041,186.3225328270346,78.31356022506952,-78.31356022506952,0,0.9895132868264603,0.9926166119783977,-0.0031033251519373534,330.340392259676,286.444091,43.89630125967598,221.826074,-108.51431825967597,32.87656814791262,231.63940897211432,0.12011593207716942,186.2114139366895,0.11111889034509659,-35.50354117296541,-54.80468202788569,-10.899617179686189,30.20075803460645,True,True,True,True,False,obqa|12-306|policy_C,obqa|12-306|reference_C
obqa,C,13-71,13-71,0.8,R,1,1,A,A,True,True,231.8257091101259,279.83050886541605,-48.00479975529015,48.00479975529015,0,0.9908134612718467,0.9889111789331794,0.0019022823386673042,293.2509480078602,245.377028,47.873920007860185,341.538823,48.28787499213979,33.17296504974365,198.53522395715117,0.11752010323107243,279.7112560365349,0.11925282888114452,-61.70831413458393,-46.84180404284882,-14.58343485488546,-0.28307523684964053,True,True,True,True,False,obqa|13-71|policy_C,obqa|13-71|reference_C
obqa,C,10-415,10-415,0.8,R,1,1,B,B,True,True,232.3395130224526,252.51203682273626,-20.17252380028367,20.17252380028367,0,0.9907931008055404,0.9899937258274707,0.0007993749780697014,292.0900323220657,246.289571,45.80046132206571,304.065949,11.975916677934265,32.58898900821805,199.6323021594435,0.11822185479104519,252.3908200673759,0.12121675536036491,-51.553912177263726,-46.6572688405565,-13.093250459056613,8.196607122349405,True,True,True,True,False,obqa|10-415|policy_C,obqa|10-415|reference_C
obqa,C,10-184,10-184,0.8,R,1,1,C,C,True,True,231.39102291315794,181.90293200314045,49.48809091001749,-49.48809091001749,0,0.9908306865468103,0.9927917471447584,-0.0019610605979481026,289.42767200463175,245.218119,44.20955300463176,221.070227,-68.35744500463176,32.99368801526725,198.27780104242265,0.11953385546803474,181.79157190024853,0.111360102891922,-39.16729499685954,-46.94031795757735,-11.09633113389647,18.869354094614266,True,True,True,True,False,obqa|10-184|policy_C,obqa|10-184|reference_C
obqa,C,11-57,11-57,0.8,R,1,1,A,A,True,True,232.11552295833826,313.2704049348831,-81.15488197654486,81.15488197654486,0,0.9908019768417946,0.9875860588613514,0.003215917980443156,291.11153085016036,246.769398,44.34213285016036,382.508241,91.39671014983963,32.97439287416637,199.02182603254914,0.11930405162274837,313.14559979364276,0.12480514124035835,-69.23783606511688,-47.74757196745085,-11.248435924371243,-10.241828173294778,True,True,True,True,False,obqa|11-57|policy_C,obqa|11-57|reference_C
obqa,C,11-747,11-747,0.8,C,1,1,D,D,True,True,314.8260728921741,283.9478929527104,30.878179939463735,-30.878179939463735,0,0.987524412532337,0.9887480196851314,-0.001223607152794338,387.79951098017045,343.324346,44.47516498017049,343.324346,-44.47516498017046,33.0931949429214,281.6089750267565,0.12390292249619961,283.8246019091457,0.12329104356467724,-59.3764530472896,-61.715370973243466,-11.25806711475289,13.596985040706727,True,True,True,True,False,obqa|11-747|policy_C,obqa|11-747|reference_C
obqa,C,12-1159,12-1159,0.8,C,0,0,D,D,True,True,280.3407860919833,246.35455617681146,33.98622991517186,-33.98622991517186,0,-0.011109041781433949,-0.009762272182246252,-0.0013467695991876982,344.37859026843296,302.431382,41.94720826843297,302.431382,-41.94720826843297,33.10908516868949,247.11391981691122,0.11778110638260841,246.23597413301468,0.11858204379677773,-56.07682582318853,-55.317462183088765,-8.720341993360876,7.960978353261112,True,True,True,True,False,obqa|12-1159|policy_C,obqa|12-1159|reference_C
obqa,C,14-595,14-595,0.8,R,1,1,D,D,True,True,266.02074899710715,347.18526899814606,-81.16452000103891,81.16452000103891,0,0.9894584171767016,0.986242117271037,0.0032162999056645535,330.8339950388328,286.803509,44.030486038832784,343.198688,12.36469296116718,33.07706490159035,232.8212051652372,0.12247893027961254,347.05920214764774,0.12606685049831867,3.986580998146053,-53.98230383476283,-10.830942206962824,68.79982703987173,True,True,True,True,False,obqa|14-595|policy_C,obqa|14-595|reference_C
obqa,C,10-58,10-58,0.8,R,1,1,A,A,True,True,231.6139698959887,182.84652987495065,48.767440021038055,-48.767440021038055,0,0.9908218518446542,0.9927543552677899,-0.001932503423135611,287.944750203099,245.451419,42.49333120309901,222.752203,-65.19254720309897,33.06291811168194,198.4329300466925,0.11812173761427402,182.7361029572785,0.11042691767215729,-39.90567312504936,-47.0184889533075,-9.312291353802799,16.425107182060913,True,True,True,True,False,obqa|10-58|policy_C,obqa|10-58|reference_C
obqa,C,9-400,9-400,0.8,R,1,1,B,B,True,True,232.16477409005165,510.06514905020595,-277.9003749601543,277.9003749601543,0,0.9908000251711597,0.9797876893653538,0.01101233580580588,290.82675381879625,246.282479,44.544274818796275,626.625993,335.79923918120375,32.628152053803205,199.4173878338188,0.11923420242965221,509.9293349776417,0.13581407256424427,-116.56084394979405,-46.8650911661812,-11.796888562563417,-57.89886422104945,True,True,True,True,False,obqa|9-400|policy_C,obqa|9-400|reference_C
obqa,C,11-666,11-666,0.8,R,1,1,B,B,True,True,231.89871478825808,280.20789520815015,-48.30918041989207,48.30918041989207,0,0.9908105682817115,0.9888962242749307,0.001914344006780819,289.47677704394164,245.527994,43.94878304394162,346.767612,57.29083495605835,33.10681995935738,198.67441384121776,0.11748098768293858,280.08617693558335,0.12171827256679535,-66.55971679184984,-46.85358015878225,-10.724482096901298,-8.981654536166275,True,True,True,True,False,obqa|11-666|policy_C,obqa|11-666|reference_C
obqa,C,8-323,8-323,0.8,C,1,1,D,D,True,True,415.11254385113716,382.030569948256,33.081973902881145,-33.081973902881145,0,0.9835503686141248,0.9848613053330467,-0.001310936718921912,508.58494112716915,464.296369,44.28857212716913,464.296369,-44.28857212716912,32.620637910440564,382.3614311404526,0.13047480024397373,381.89184898510575,0.13872096315026283,-82.26579905174401,-81.9349378595474,-11.537459416484594,11.206598224287973,True,True,True,True,False,obqa|8-323|policy_C,obqa|8-323|reference_C
obqa,C,14-948,14-948,0.8,R,1,1,B,B,True,True,231.7376530263573,344.3623320199549,-112.62467899359763,112.62467899359763,0,0.9908169506631955,0.9863539815676107,0.004462969095584771,287.3411481267877,245.544666,41.796482126787666,341.56565,54.22450187321232,32.92440786026418,198.69579398073256,0.11745118536055088,344.23929220065475,0.12303981930017471,2.7966820199549147,-46.848872019267446,-8.754623081162933,58.40017712038531,True,True,True,True,False,obqa|14-948|policy_C,obqa|14-948|reference_C
obqa,C,11-693,11-693,0.8,R,1,1,B,B,True,True,231.74197087064385,247.96738987788558,-16.225419007241726,16.225419007241726,0,0.9908167795603272,0.9901738161864085,0.0006429633739186955,287.2863260038725,245.543894,41.742432003872516,302.311197,15.024870996127504,32.97988302074373,198.64327483810484,0.11881301179528236,247.84613284282386,0.12125703506171703,-54.34380712211441,-46.90061916189515,-8.643735971333506,1.200548011114222,True,True,True,True,False,obqa|11-693|policy_C,obqa|11-693|reference_C
obqa,C,10-741,10-741,0.8,R,1,1,A,A,True,True,231.6127980593592,313.08496510609984,-81.47216704674065,81.47216704674065,0,0.99082189828093,0.9875934072705309,0.0032284910103991815,287.95072100121604,245.603837,42.346884001216054,382.821842,94.87112099878397,32.87443402223289,198.62102391198277,0.11734012514352798,312.9604309797287,0.12453412637114525,-69.73687689390016,-46.982813088017224,-9.355109853839636,-13.398953952043314,True,True,True,True,False,obqa|10-741|policy_C,obqa|10-741|reference_C
obqa,C,7-647,7-647,0.8,R,1,1,A,A,True,True,231.1794850975275,182.35162203200161,48.82786306552589,-48.82786306552589,0,0.9908390691388154,0.9927739669410748,-0.0019348978022594413,287.0066763766252,245.375667,41.63100937662518,221.368224,-65.6384523766252,32.87147916853428,198.18825088441372,0.11975504457950592,182.2396118659526,0.1120101660490036,-39.01660196799838,-47.187416115586274,-8.639775163511395,16.810589311099307,True,True,True,True,False,obqa|7-647|policy_C,obqa|7-647|reference_C
obqa,C,7-104,7-104,0.8,R,1,1,A,A,True,True,231.50328313931823,350.73847393505275,-119.23519079573452,119.23519079573452,0,0.9908262380198578,0.986101314704802,0.004724923315055731,287.8066460456133,246.870158,40.93648804561329,422.420496,134.6138499543867,32.59980911388993,198.78367893397808,0.11979509145021439,350.5969191901386,0.14155474491417408,-71.68202206494726,-48.08647906602192,-8.216883840273141,-15.37865915865217,True,True,True,True,False,obqa|7-104|policy_C,obqa|7-104|reference_C
obqa,C,12-645,12-645,0.8,C,1,1,B,B,True,True,377.6061600074172,344.9199690949172,32.686190912500024,-32.686190912500024,0,0.9850366310698977,0.9863318841280944,-0.0012952530581966327,464.5709750715612,423.316377,41.25459807156122,423.316377,-41.25459807156119,33.28409302048385,344.1889069508761,0.1331600360572338,344.7868190705776,0.1331500243395567,-78.39640790508281,-79.12747004912387,-7.837345015020134,8.568407159061167,True,True,True,True,False,obqa|12-645|policy_C,obqa|12-645|reference_C
obqa,C,10-1035,10-1035,0.8,C,0,0,D,D,True,True,280.2985461894423,246.98865413665771,33.30989205278456,-33.30989205278456,0,-0.011107367944213496,-0.009787399531097812,-0.001319968413115683,348.37133673382846,302.618827,45.752509733828425,302.618827,-45.75250973382845,33.121427055448294,247.0517628826201,0.12535625137388706,246.86876917257905,0.11988496407866478,-55.630172863342295,-55.567064117379914,-12.505726427006245,12.442617681043885,True,True,True,True,False,obqa|10-1035|policy_C,obqa|10-1035|reference_C
obqa,C,241,241,0.8,R,1,1,B,B,True,True,231.98673012666404,247.25437187589705,-15.267641749233007,15.267641749233007,0,0.990807080504976,0.9902020708934222,0.0006050096115537894,289.707871211581,245.43545,44.27242121158099,301.983768,12.275896788419004,33.21545384824276,198.65117012523115,0.12010615319013596,247.13554000481963,0.11883187107741833,-54.72939612410295,-46.784279874768856,-10.936861210148095,2.991744960814003,True,True,True,True,False,obqa|241|policy_C,obqa|241|reference_C
obqa,C,10-783,10-783,0.8,R,1,1,C,C,True,True,232.18761710450053,185.61749788932502,46.57011921517551,-46.57011921517551,0,0.9907991199728635,0.9926445503411653,-0.0018454303683017993,288.84340707652797,245.844502,42.998905076527954,222.080358,-66.76304907652798,33.36158790625632,198.70865810662508,0.11737109161913395,185.5036448687315,0.11385302059352398,-36.46286011067497,-47.135843893374926,-9.519946078652502,20.192929861352468,True,True,True,True,False,obqa|10-783|policy_C,obqa|10-783|reference_C
obqa,C,9-795,9-795,0.8,C,1,1,B,B,True,True,280.753439059481,246.96997902356088,33.78346003592014,-33.78346003592014,0,0.9888746060526145,0.9902133405061068,-0.0013387344534922568,345.93886885644605,301.919847,44.01902185644603,301.919847,-44.019021856446045,33.11353316530585,247.5151310209185,0.12477487325668335,246.84799881651998,0.12198020704090595,-54.94986797643912,-54.404715979081516,-10.780713817883495,10.235561820525902,True,True,True,True,False,obqa|9-795|policy_C,obqa|9-795|reference_C
obqa,C,14-757,14-757,0.8,R,1,1,D,D,True,True,232.15200915001333,317.1752879861742,-85.0232788361609,85.0232788361609,0,0.9908005310064119,0.9874313203747647,0.003369210631647116,289.5863141752545,244.68949,44.896824175254466,381.674566,92.08825182474556,33.091180957853794,198.94443987868726,0.11638831347227097,317.05135595984757,0.12393202632665634,-64.4992780138258,-45.745050121312744,-11.6892549039284,-7.064972988584657,True,True,True,True,False,obqa|14-757|policy_C,obqa|14-757|reference_C
obqa,C,9-1040,9-1040,0.8,R,1,1,B,B,True,True,231.95529100485146,247.93473887257278,-15.97944786772132,15.97944786772132,0,0.9908083263405273,0.9901751100451698,0.0006332162953574526,287.66948784564926,245.507966,42.16152184564924,301.878429,14.208941154350725,33.139682142063975,198.69725685566664,0.1183520071208477,247.8141828905791,0.12055598199367523,-53.9436901274272,-46.81070914433337,-8.903487696464417,1.7705067133705938,True,True,True,True,False,obqa|9-1040|policy_C,obqa|9-1040|reference_C
obqa,C,10-580,10-580,0.8,R,1,1,C,C,True,True,267.9940708912909,312.96171294525266,-44.967642053961754,44.967642053961754,0,0.9893802205087237,0.9875982913739951,0.0017819291347286146,330.24518721557416,286.187309,44.05787821557414,382.293184,52.047996784425834,32.92746399529278,234.9469130858779,0.11969381012022495,312.83804192207754,0.12367102317512035,-69.33147105474734,-51.24039591412213,-11.010720410161134,-7.08035473046408,True,True,True,True,False,obqa|10-580|policy_C,obqa|10-580|reference_C
obqa,C,10-681,10-681,0.8,R,1,1,D,D,True,True,232.16274986043572,214.9368328973651,17.22591696307063,-17.22591696307063,0,0.9908001053851438,0.9914827154110838,-0.0006826100259399098,289.85508986419285,245.434358,44.420731864192845,261.692997,-28.162092864192857,33.16333703696728,198.87807499617338,0.12133782729506493,214.81845108792186,0.1183818094432354,-46.7561641026349,-46.55628300382662,-11.136056999930503,10.936175901122226,True,True,True,True,False,obqa|10-681|policy_C,obqa|10-681|reference_C
obqa,C,14-1004,14-1004,0.8,C,0,0,D,D,True,True,250.91767497360706,214.36380897648633,36.55386599712074,-36.55386599712074,0,-0.009943094523775307,-0.0084945774160944,-0.0014485171076809088,305.31069403585934,261.206038,44.10465603585935,261.206038,-44.104656035859364,33.02786196582019,217.77267311699688,0.11713989078998566,214.24799202941358,0.11581694707274437,-46.84222902351365,-43.433364883003094,-10.95965417924917,7.550790038738626,True,True,True,True,False,obqa|14-1004|policy_C,obqa|14-1004|reference_C
obqa,C,14-456,14-456,0.8,R,1,1,C,C,True,True,265.33049484714866,279.86434986814857,-14.533855020999908,14.533855020999908,0,0.9894857698223819,0.9889098379184861,0.0005759319038957658,328.3031560638578,286.375315,41.92784106385779,346.598413,18.29525693614221,33.273772802203894,231.93807899951935,0.11864304542541504,279.7425219323486,0.12182793579995632,-66.73406313185143,-54.43723600048065,-8.535425216228482,-3.761401915142301,True,True,True,True,False,obqa|14-456|policy_C,obqa|14-456|reference_C
obqa,C,9-1036,9-1036,0.8,R,1,1,D,D,True,True,232.45069105178118,486.4171049557626,-253.96641390398145,253.96641390398145,0,0.9907886951627147,0.9807247885065689,0.010063906656145875,290.67112996767685,246.672686,43.99844396767688,586.600102,295.92897203232314,32.77320391498506,199.55754093825817,0.11994619853794575,486.27919703722,0.13790791854262352,-100.18299704423737,-47.11514506174183,-11.10529385415387,-41.9625581283417,True,True,True,True,False,obqa|9-1036|policy_C,obqa|9-1036|reference_C
obqa,C,11-737,11-737,0.8,C,0,0,D,D,True,True,248.4514289535582,214.98197689652443,33.46945205703378,-33.46945205703378,0,-0.009845364791109765,-0.008519073506539805,-0.001326291284569959,303.5436728863782,261.981714,41.56195888637817,261.981714,-41.56195888637819,33.14123512245715,215.19246301613748,0.11773081496357918,214.85011000186205,0.13186689466238022,-46.99973710347558,-46.78925098386253,-8.302992948957446,8.092506829344416,True,True,True,True,False,obqa|11-737|policy_C,obqa|11-737|reference_C
obqa,C,12-541,12-541,0.8,R,1,1,A,A,True,True,232.46895498596132,182.68793285824358,49.78102212771773,-49.78102212771773,0,0.990787971419264,0.9927606399790142,-0.0019726685597501736,290.19974112068235,246.211034,43.988707120682356,221.520882,-68.67885912068235,33.13536406494677,199.21685080043972,0.11674012057483196,182.57801607251167,0.10991678573191166,-38.832949141756416,-46.9941831995603,-10.736602935160754,18.897836992964614,True,True,True,True,False,obqa|12-541|policy_C,obqa|12-541|reference_C
obqa,C,13-286,13-286,0.8,R,0,0,C,C,True,True,232.31349303387105,182.4903718661517,49.823121167719364,-49.823121167719364,0,-0.009205868102464947,-0.007231531287442839,-0.0019743368150221085,287.428004081522,245.829654,41.598350081521986,222.812231,-64.61577308152198,33.050033962354064,199.1460588760674,0.11740019544959068,182.37884202972054,0.11152983643114567,-40.32185913384831,-46.683595123932605,-8.43091592371833,14.792651913802615,True,True,True,True,False,obqa|13-286|policy_C,obqa|13-286|reference_C
obqa,C,1894,1894,0.8,R,1,1,A,A,True,True,231.39039194211364,516.8022690340877,-285.411877091974,285.411877091974,0,0.990830711550249,0.9795207180536485,0.011309993496600597,288.8845219022086,247.066008,41.818513902208565,627.81132,338.92679809779145,32.57155604660511,198.7026969436556,0.11613895185291767,516.6622360702604,0.1400329638272524,-111.00905096591237,-48.3633110563444,-9.130818903750537,-53.51492100581743,True,True,True,True,False,obqa|1894|policy_C,obqa|1894|reference_C
obqa,C,1046,1046,0.8,C,1,1,A,A,True,True,215.71897994726896,181.84001208283007,33.87896786443889,-33.87896786443889,0,0.9914517213328488,0.9927942404673795,-0.0013425191345308577,265.6759099686581,223.028509,42.64740096865809,223.028509,-42.647400968658104,33.27056695707142,182.333828182891,0.11458480730652809,181.73076584935188,0.10924623347818851,-41.18849691716994,-40.694680817109,-9.262249204280138,8.768433104219213,True,True,True,True,False,obqa|1046|policy_C,obqa|1046|reference_C
obqa,C,7-229,7-229,0.8,R,0,0,C,C,True,True,265.35092294216156,182.1179031394422,83.23301980271935,-83.23301980271935,0,-0.010515039680096084,-0.007216771499168807,-0.0032982681809272767,330.00966030185486,286.437403,43.57225730185485,221.549376,-108.46028430185487,33.32955786027014,231.90147010609508,0.1198949757963419,182.00704595074058,0.11085718870162964,-39.43147286055779,-54.53593289390494,-10.122804465788363,25.227264499135515,True,True,True,True,False,obqa|7-229|policy_C,obqa|7-229|reference_C
obqa,C,12-401,12-401,0.8,R,1,1,B,B,True,True,231.84353113174438,247.0596069470048,-15.21607581526041,15.21607581526041,0,0.9908127550400295,0.9902097888275936,0.0006029662124359304,289.2874178674569,245.342363,43.94505486745691,302.305066,13.017648132543115,32.97828999347985,198.74714012257755,0.11810101568698883,246.9399229157716,0.11968403123319149,-55.245459052995216,-46.59522287742246,-10.848663858290074,2.198427682717295,True,True,True,True,False,obqa|12-401|policy_C,obqa|12-401|reference_C
obqa,C,12-914,12-914,0.8,C,1,1,C,C,True,True,382.97213590703905,346.8164559453726,36.155679961666465,-36.155679961666465,0,0.9848239939745322,0.9862567321962141,-0.0014327382216818031,468.1656311510843,424.465568,43.7000631510843,424.465568,-43.700063151084294,32.92353614233434,349.90940894931555,0.13919081538915634,346.6794700361788,0.1369859091937542,-77.64911205462744,-74.55615905068447,-10.637336193360802,7.544383189417829,True,True,True,True,False,obqa|12-914|policy_C,obqa|12-914|reference_C
obqa,C,11-430,11-430,0.8,R,1,1,B,B,True,True,232.96728893183172,313.16812010481954,-80.20083117298782,80.20083117298782,0,0.9907682239800742,0.9875901120940852,0.0031781118859890716,289.01761793835936,245.392348,43.62526993835938,382.707877,93.69025906164063,33.035465981811285,199.81462298892438,0.11719996109604836,313.04293498396873,0.12518512085080147,-69.53975689518046,-45.577725011075614,-10.472603995452047,-13.489427888652813,True,True,True,True,False,obqa|11-430|policy_C,obqa|11-430|reference_C
obqa,C,13-460,13-460,0.8,R,1,1,B,B,True,True,231.73006903380156,182.2312951553613,49.49877387844026,-49.49877387844026,0,0.9908172511934584,0.992778735124537,-0.0019614839310785137,287.4708730724592,245.957676,41.51319707245922,221.672349,-65.7985240724592,33.031960017979145,198.5785139258951,0.11959508992731571,182.12825316004455,0.10304199531674385,-39.4410538446387,-47.3791620741049,-8.36164196455276,16.29975019401894,True,True,True,True,False,obqa|13-460|policy_C,obqa|13-460|reference_C
obqa,C,11-629,11-629,0.8,C,1,1,D,D,True,True,280.34400986507535,246.92590720951557,33.41810265555978,-33.41810265555978,0,0.9888908304703691,0.9902150869363371,-0.0013242564659680053,348.2548756532636,303.572217,44.682658653263566,303.572217,-44.68265865326356,33.10506697744131,247.11610283702612,0.12284005060791969,246.80414889007807,0.12175831943750381,-56.64630979048445,-56.456114162973904,-11.454751625214335,11.26455599770378,True,True,True,True,False,obqa|11-629|policy_C,obqa|11-629|reference_C
obqa,C,13-516,13-516,0.8,R,1,1,B,B,True,True,284.3529221136123,184.2193049378693,100.13361717574298,-100.13361717574298,0,0.9887319696271506,0.9926999564207898,-0.003967986793639269,290.32872406540895,245.855283,44.47344106540894,221.416585,-68.91213906540895,35.36177007481456,248.87030408717692,0.12084795162081718,184.10783587023616,0.11146906763315201,-37.19728006213069,3.015021087176933,-8.990823038973566,-31.221478110334033,True,True,True,True,False,obqa|13-516|policy_C,obqa|13-516|reference_C
obqa,C,10-176,10-176,0.8,R,1,1,B,B,True,True,237.5431729014963,247.40835488773882,-9.865181986242533,9.865181986242533,0,0.9905868957940667,0.9901959690209975,0.00039092677306918553,290.586262104254,246.014323,44.57193910425401,302.130184,11.543921895745996,34.512026933953166,202.91413716040552,0.11700880713760853,247.28247919119895,0.12587569653987885,-54.72182911226116,-43.100185839594474,-9.942903363163232,-1.678739909503463,True,True,True,True,False,obqa|10-176|policy_C,obqa|10-176|reference_C
obqa,C,12-116,12-116,0.8,R,1,1,C,C,True,True,231.92776390351355,377.71953199990094,-145.7917680963874,145.7917680963874,0,0.9908094171547579,0.9850321384870706,0.005777278667687274,291.7343589491982,247.141441,44.592917949198245,464.739736,173.00537705080177,33.09798985719681,198.71273403987288,0.11704000644385815,377.58923694491386,0.13029505498707294,-87.02020400009906,-48.4287069601271,-11.37788808555758,-27.213608954414383,True,True,True,True,False,obqa|12-116|policy_C,obqa|12-116|reference_C
obqa,C,11-694,11-694,0.8,C,0,0,D,D,True,True,281.0273519717157,247.76294990442693,33.264402067288756,-33.264402067288756,0,-0.011136248272326614,-0.009818082487207214,-0.0013181657851193988,347.0079712327373,302.336203,44.6717682327373,302.336203,-44.67176823273729,33.226852072402835,247.67690896987915,0.12359092943370342,247.64160299673676,0.12134690769016743,-54.57325309557308,-54.65929403012086,-11.321325230900761,11.407366165448536,True,True,True,True,False,obqa|11-694|policy_C,obqa|11-694|reference_C
obqa,C,8-133,8-133,0.8,C,1,1,A,A,True,True,214.74842610768974,181.49047601036727,33.257950097322464,-33.257950097322464,0,0.9914901813917838,0.9928080915052083,-0.0013179101134245046,263.7359141037693,222.345268,41.3906461037693,222.345268,-41.390646103769285,32.427472062408924,182.21019697375596,0.11075707152485847,181.37820600531995,0.11227000504732132,-40.85479198963273,-40.13507102624405,-8.852416969835517,8.132696006446821,True,True,True,True,False,obqa|8-133|policy_C,obqa|8-133|reference_C
obqa,C,10-959,10-959,0.8,R,1,1,B,B,True,True,231.7297118715942,313.57384799048305,-81.84413611888885,81.84413611888885,0,0.9908172653466966,0.9875740343477944,0.0032432309989021023,290.44466087842557,246.39486,44.0498008784256,383.477983,93.03332212157443,33.15597912296653,198.4576960094273,0.11603673920035362,313.4491639211774,0.12468406930565834,-69.90413500951695,-47.937163990572685,-10.777785016258719,-11.189186002685574,True,True,True,True,False,obqa|10-959|policy_C,obqa|10-959|reference_C
obqa,C,14-1056,14-1056,0.8,R,1,1,C,C,True,True,264.5486989058554,247.70601303316653,16.84268587268889,-16.84268587268889,0,0.9895167499872642,0.9901841737456105,-0.0006674237583463019,327.99373911444667,286.458609,41.53513011444664,301.821217,-26.17252211444668,33.12698402442038,231.30044690333307,0.12126797810196877,247.57635104469955,0.12966198846697807,-54.11520396683346,-55.158162096666956,-8.286878111924288,9.32983624175779,True,True,True,True,False,obqa|14-1056|policy_C,obqa|14-1056|reference_C
obqa,C,10-380,10-380,0.8,R,1,1,D,D,True,True,232.09646996110678,381.91439118236303,-149.81792122125626,149.81792122125626,0,0.9908027318533834,0.984865909139658,0.005936822713725383,290.981248035907,245.588426,45.39282203590703,462.270471,171.28922296409297,33.00530603155494,198.97181005217135,0.1193538773804903,381.78447796963155,0.1299132127314806,-80.35607981763695,-46.61661594782865,-12.268162126971603,-21.471301742836715,True,True,True,True,False,obqa|10-380|policy_C,obqa|10-380|reference_C
obqa,C,11-523,11-523,0.8,R,0,0,B,B,True,True,232.12917195633054,247.91417410597205,-15.785002149641514,15.785002149641514,0,-0.009198564025950998,-0.00982407503647822,0.000625511010527222,288.1498538416214,245.709946,42.4399078416214,302.075437,13.925583158378629,32.998854061588645,199.01148485951126,0.1188330352306366,247.79408797621727,0.12008612975478172,-54.16126289402797,-46.698461140488746,-9.322220744802117,1.859418991262885,True,True,True,True,False,obqa|11-523|policy_C,obqa|11-523|reference_C
obqa,C,12-352,12-352,0.8,R,1,1,C,C,True,True,231.60778312012553,218.09554495848715,13.512238161638379,-13.512238161638379,0,0.9908220970075238,0.9913575453823067,-0.0005354483747829497,287.7497887092479,245.928348,41.821440709247945,261.9545,-25.795288709247927,33.08377298526466,198.4069710597396,0.11703907512128353,217.97967795282602,0.11586700566112995,-43.85895504151284,-47.52137694026041,-8.620628648862002,12.283050547609548,True,True,True,True,False,obqa|12-352|policy_C,obqa|12-352|reference_C
obqa,C,14-754,14-754,0.8,R,1,1,D,D,True,True,231.24219896271825,378.02201020531356,-146.77981124259531,146.77981124259531,0,0.9908365839815237,0.9850201522075543,0.005816431773969433,289.8293811577289,245.569972,44.25940915772891,462.136448,172.30706684227107,32.85411302931607,198.26766895130277,0.12041698209941387,377.89463996887207,0.12737023644149303,-84.11443779468641,-47.30230304869724,-11.284879146313429,-25.527255599675755,True,True,True,True,False,obqa|14-754|policy_C,obqa|14-754|reference_C
obqa,C,12-1046,12-1046,0.8,R,1,1,D,D,True,True,231.7976001650095,248.36028995923698,-16.56268979422748,16.56268979422748,0,0.990814575142754,0.9901582467664874,0.0006563283762664184,290.0283861952088,246.122065,43.90632119520879,301.347753,11.31936680479123,32.99251198768616,198.68410099297762,0.1209871843457222,248.23974398896098,0.12054597027599812,-52.98746304076303,-47.43796400702237,-10.79282202317691,5.243322989436251,True,True,True,True,False,obqa|12-1046|policy_C,obqa|12-1046|reference_C
obqa,C,11-442,11-442,0.8,C,1,1,D,D,True,True,345.2814689371735,315.5449649784714,29.736503958702087,-29.736503958702087,0,0.9863175590029223,0.987495925053457,-0.0011783660505346786,425.12746202339576,381.957672,43.16979002339578,381.957672,-43.16979002339576,33.06563920341432,312.08967394195497,0.12615579180419445,315.4185190796852,0.12644589878618717,-66.4127070215286,-69.86799805804503,-9.977995028177261,13.433286064693675,True,True,True,True,False,obqa|11-442|policy_C,obqa|11-442|reference_C
obqa,C,11-564,11-564,0.8,R,1,1,D,D,True,True,265.9360421821475,279.8009018879384,-13.864859705790877,13.864859705790877,0,0.9894617738468446,0.9889123521664945,0.0005494216803501908,330.80560906944584,289.197911,41.607698069445846,341.118689,10.313079930554181,33.29402790404856,232.52160800620914,0.1204062718898058,279.68153706751764,0.11936482042074203,-61.31778711206164,-56.67630299379084,-8.193263893507478,3.551779775236696,True,True,True,True,False,obqa|11-564|policy_C,obqa|11-564|reference_C
obqa,C,12-1146,12-1146,0.8,R,1,1,D,D,True,True,264.18792200274765,387.40171398967505,-123.21379198692739,123.21379198692739,0,0.9895310464645848,0.984648463440142,0.004882583024442871,332.29014774822735,287.644268,44.64587974822736,467.880554,135.59040625177266,32.59062813594937,231.47913301363587,0.11816085316240788,387.2588858939707,0.1428280957043171,-80.47884001032497,-56.16513498636414,-11.937090759115577,-12.376614264845273,True,True,True,True,False,obqa|12-1146|policy_C,obqa|12-1146|reference_C
obqa,C,12-605,12-605,0.8,R,1,1,C,C,True,True,231.75119305960834,481.7216140218079,-249.97042096219957,249.97042096219957,0,0.990816414113387,0.9809108563481299,0.009905557765257039,291.34955077757934,247.816965,43.53258577757931,585.301021,293.95147022242065,32.463569892570376,199.16892098262906,0.11870218440890312,481.5874129999429,0.13420102186501026,-103.57940697819208,-48.64804401737095,-10.950313700600027,-43.981049260221084,True,True,True,True,False,obqa|12-605|policy_C,obqa|12-605|reference_C
obqa,C,14-311,14-311,0.8,R,1,1,D,D,True,True,235.45756610110402,280.67012317478657,-45.21255707368255,45.21255707368255,0,0.9906695419669913,0.9888779076044758,0.0017916343625155064,290.65603194425216,245.858407,44.797624944252135,342.682863,52.026831055747834,33.118047984316945,202.2182811051607,0.1212370116263628,280.54481698200107,0.12530619278550148,-62.01273982521343,-43.64012589483929,-11.558339948308827,-6.814273982065288,True,True,True,True,False,obqa|14-311|policy_C,obqa|14-311|reference_C
obqa,C,13-9,13-9,0.8,R,1,1,C,C,True,True,265.51437098532915,181.86537991277874,83.64899107255042,-83.64899107255042,0,0.9894784833774442,0.9927932352184227,-0.0033147518409784873,331.6680999011067,287.558025,44.110074901106714,221.802603,-109.8654969011067,32.817153027281165,232.57625102996826,0.12096692807972431,181.75522307865322,0.1101568341255188,-39.93722308722127,-54.981773970031725,-11.171954945745824,26.21650582855628,True,True,True,True,False,obqa|13-9|policy_C,obqa|13-9|reference_C
obqa,C,13-492,13-492,0.8,R,1,1,A,A,True,True,231.67362692765892,316.9528271537274,-85.2792002260685,85.2792002260685,0,0.9908194878202587,0.9874401358122786,0.0033793520079801105,289.7459822264459,245.686892,44.05909022644591,382.378757,92.6327747735541,33.047325210645795,198.5069888178259,0.11931289918720722,316.8250280432403,0.12779911048710346,-65.4259298462726,-47.17990318217409,-10.892452116612908,-7.353574547485607,True,True,True,True,False,obqa|13-492|policy_C,obqa|13-492|reference_C
obqa,C,13-376,13-376,0.8,R,1,1,C,C,True,True,231.74920002929866,182.36688990145922,49.382310127839446,-49.382310127839446,0,0.9908164930910387,0.9927733619224398,-0.0019568688314011433,288.9025679807331,244.853128,44.049439980733155,221.787254,-67.11531398073313,33.074615988880396,198.55682202614844,0.1177620142698288,182.25390906445682,0.11298083700239658,-39.42036409854077,-46.29630597385156,-10.85706197758293,17.733003852893688,True,True,True,True,False,obqa|13-376|policy_C,obqa|13-376|reference_C
obqa,C,13-804,13-804,0.8,R,1,1,B,B,True,True,231.68107098899782,316.91228109411895,-85.23121010512114,85.23121010512114,0,0.9908191928350388,0.9874417425277214,0.003377450307317384,287.5224211357284,245.422894,42.09952713572836,381.96141,94.43898886427161,33.05815509520471,198.50567588582635,0.11724000796675682,316.781064029783,0.13121706433594227,-65.04912890588105,-46.917218114173664,-8.92413203255689,-9.207778759150472,True,True,True,True,False,obqa|13-804|policy_C,obqa|13-804|reference_C
obqa,C,14-216,14-216,0.8,C,0,0,D,D,True,True,251.95546518079937,218.64506602287292,33.31039915792644,-33.31039915792644,0,-0.009984218952841722,-0.00866423044471137,-0.0013199885081303516,306.4284212991748,262.449554,43.97886729917479,262.449554,-43.978867299174794,32.783669885247946,219.05557718127966,0.11621811427175999,218.52977015078068,0.11529587209224701,-43.80448797712705,-43.39397681872032,-11.078979299655082,10.668468141248354,True,True,True,True,False,obqa|14-216|policy_C,obqa|14-216|reference_C
obqa,C,14-745,14-745,0.8,R,1,1,B,B,True,True,231.73576383851469,247.26953404024243,-15.533770201727748,15.533770201727748,0,0.9908170255258901,0.9902014700635552,0.0006155554623349254,287.73971011271954,245.788364,41.951346112719534,304.169802,16.43009188728047,33.28983997926116,198.32937605679035,0.11654780246317387,247.1506311558187,0.11890288442373276,-56.90026795975757,-47.45898794320965,-8.5449583309952,-0.8963216855527207,True,True,True,True,False,obqa|14-745|policy_C,obqa|14-745|reference_C
obqa,C,14-877,14-877,0.8,R,1,1,B,B,True,True,231.6038371063769,247.26900295354426,-15.665165847167373,15.665165847167373,0,0.9908222533758931,0.9902014911088851,0.0006207622670080361,289.75681402357566,245.609677,44.14713702357567,303.818959,14.06214497642435,33.10289909131825,198.3842789195478,0.11665909551084042,247.14766605757177,0.12133689597249031,-56.54995604645575,-47.22539808045221,-10.927578836746576,1.6030208707430234,True,True,True,True,False,obqa|14-877|policy_C,obqa|14-877|reference_C
obqa,C,10-354,10-354,0.8,R,1,1,A,A,True,True,231.4518119674176,247.39300599321723,-15.941194025799632,15.941194025799632,0,0.9908282776638466,0.9901965772504061,0.0006317004134405455,293.19832610305366,245.918499,47.27982710305369,221.543203,-71.65512310305365,33.06338610127568,198.25612800195813,0.13229786418378353,247.2817979287356,0.11120806448161602,25.849802993217224,-47.662370998041865,-14.084143137594225,87.59631712885329,True,True,True,True,False,obqa|10-354|policy_C,obqa|10-354|reference_C
obqa,C,14-362,14-362,0.8,R,1,1,D,D,True,True,231.53652995824814,314.3567668739706,-82.82023691572249,82.82023691572249,0,0.9908249205508383,0.9875430096841721,0.003281910866666181,287.4524670513242,245.981969,41.47049805132425,382.958993,95.5065259486758,33.10612519271672,198.31071980297565,0.1196849625557661,314.22280613332987,0.13396074064075947,-68.6022261260294,-47.67124919702434,-8.244687896051765,-12.686289032953312,True,True,True,True,False,obqa|14-362|policy_C,obqa|14-362|reference_C
obqa,C,12-242,12-242,0.8,C,0,0,C,C,True,True,378.09631787240505,345.45320202596486,32.643115846440196,-32.643115846440196,0,-0.014982792376392612,-0.013689246250374015,-0.0012935461260185955,465.22024091881696,424.249069,40.97117191881692,424.249069,-40.971171918816935,32.721272902563214,345.24183603934944,0.13320893049240112,345.31555278226733,0.13764924369752407,-78.79586697403516,-79.00723296065058,-8.116690085761306,8.32805607237674,True,True,True,True,False,obqa|12-242|policy_C,obqa|12-242|reference_C
obqa,C,10-616,10-616,0.8,R,1,1,D,D,True,True,268.54067808017135,280.7818918954581,-12.241213815286756,12.241213815286756,0,0.989358560149616,0.9888734785543718,0.0004850815952441099,328.63398686626266,286.72396,41.910026866262676,342.481031,13.847044133737313,33.445402048528194,234.97293703258038,0.12233899906277657,280.65721807070076,0.12467382475733757,-61.69913910454187,-51.7510229674196,-8.342285818671705,-1.6058303184505576,True,True,True,True,False,obqa|10-616|policy_C,obqa|10-616|reference_C
obqa,C,14-1328,14-1328,0.8,R,0,0,D,D,True,True,264.1985530499369,280.53337591700256,-16.334822867065668,16.334822867065668,0,-0.010469374811067038,-0.011116673522939146,0.0006472987118721088,333.76340413731344,291.496341,42.267063137313485,342.82979,9.066385862686559,33.03378005512059,231.04556906037033,0.11920393444597721,280.40931303985417,0.12406287714838982,-62.296414082997444,-60.45077193962965,-9.11407914774692,7.268437004379109,True,True,True,True,False,obqa|14-1328|policy_C,obqa|14-1328|reference_C
obqa,C,13-438,13-438,0.8,C,0,0,D,D,True,True,313.03995684720576,279.17887503281236,33.8610818143934,-33.8610818143934,0,-0.012404809190814117,-0.01106299882534976,-0.0013418103654643581,386.5084528767898,342.163672,44.344780876789805,342.163672,-44.3447808767898,32.978094881400466,279.9359050113708,0.12595695443451405,279.05389992520213,0.12497510761022568,-62.98479696718766,-62.22776698862924,-11.240729040954825,10.483699062396397,True,True,True,True,False,obqa|13-438|policy_C,obqa|13-438|reference_C
obqa,C,12-1208,12-1208,0.8,C,0,0,D,D,True,True,247.87949887104332,214.7880808915943,33.091417979449034,-33.091417979449034,0,-0.00982270096373278,-0.00851139000514834,-0.0013113109585844392,306.11865696991265,262.882913,43.23574396991265,262.882913,-43.235743969912676,33.06801407597959,214.69281194731593,0.11867284774780273,214.67583999037743,0.11224090121686459,-48.09483210840568,-48.19010105268404,-10.049057046185254,10.144325990463642,True,True,True,True,False,obqa|12-1208|policy_C,obqa|12-1208|reference_C
obqa,C,10-351,10-351,0.8,C,1,1,C,C,True,True,378.37720615789294,344.99618504196405,33.38102111592889,-33.38102111592889,0,0.9850060768861114,0.9863288639248912,-0.0013227870387796821,465.678071220379,422.833296,42.84477522037899,422.833296,-42.844775220379006,32.97275584191084,345.2684951480478,0.13595516793429852,344.8618031106889,0.13438193127512932,-77.83711095803596,-77.56480085195221,-9.736064210533854,9.463754104450118,True,True,True,True,False,obqa|10-351|policy_C,obqa|10-351|reference_C
arc,T,Mercury_7207358,Mercury_7207358,0.95,R,1,1,C,C,True,True,231.6255869809538,864.4659521523863,-632.8403651714325,632.8403651714325,0,0.9913229580573358,0.967615808673814,0.023707149383521864,291.1782559881537,248.045802,43.1324539881537,1060.324284,769.1460280118463,33.08680886402726,198.41716112568974,0.12161699123680592,864.3458569422364,0.12009521014988422,-195.85833184761373,-49.628640874310264,-9.924028132889632,-136.3056628404138,True,True,True,True,False,arc|Mercury_7207358|policy_T,arc|Mercury_7207358|reference_T
arc,T,Mercury_SC_LBS10915,Mercury_SC_LBS10915,0.95,R,1,1,B,B,True,True,267.3883258830756,787.4147580005229,-520.0264321174473,520.0264321174473,0,0.9899832322114872,0.9705022619888489,0.019480970222638283,329.3475168687613,288.301965,41.0455518687613,967.458551,638.1110341312387,33.01252005621791,234.25521003082395,0.12059579603374004,787.2955841012299,0.11917389929294586,-180.0437929994772,-54.04675496917605,-7.912436016509652,-118.08460201379148,True,True,True,True,False,arc|Mercury_SC_LBS10915|policy_T,arc|Mercury_SC_LBS10915|reference_T
arc,T,Mercury_177398,Mercury_177398,0.95,R,1,1,B,B,True,True,239.26482698880136,747.6279789116234,-508.363151922822,508.363151922822,0,0.991036780667255,0.9719927344164321,0.019044046250822816,287.79681889229164,246.308752,41.48806689229166,915.86549,628.0686711077084,33.018335001543164,206.12341118976474,0.1230807974934578,747.5116509012878,0.11632801033556461,-168.23751108837666,-40.18534081023526,-8.34665109325504,-119.70551918488638,True,True,True,True,False,arc|Mercury_177398|policy_T,arc|Mercury_177398|reference_T
arc,T,Mercury_SC_400655,Mercury_SC_400655,0.95,R,1,1,A,A,True,True,231.85139801353216,1071.628795005381,-839.777396991849,839.777396991849,0,0.9913144988373234,0.9598551778219868,0.03145932101533656,290.40103105926664,247.41946,42.981571059266685,1215.136588,924.7355569407334,32.63506502844393,199.0969490725547,0.11938391253352165,1071.5083498507738,0.12044515460729599,-143.50779299461897,-48.32251092744528,-10.22712211828923,-84.95815994888449,True,True,True,True,False,arc|Mercury_SC_400655|policy_T,arc|Mercury_SC_400655|reference_T
arc,T,Mercury_414131,Mercury_414131,0.95,R,1,1,C,C,True,True,274.7327371034771,737.8983860835433,-463.1656489800662,463.1656489800662,0,0.9897080995500475,0.9723572195588324,0.017350879991215123,328.9361477831144,287.055772,41.88037578311443,890.002304,561.0661562168856,34.5133189111948,240.0972491595894,0.12216903269290924,737.7828489989042,0.11553708463907242,-152.10391791645668,-46.95852284041058,-7.24488783922672,-97.90050723681941,True,True,True,True,False,arc|Mercury_414131|policy_T,arc|Mercury_414131|reference_T
arc,T,Mercury_7223038,Mercury_7223038,0.95,R,1,1,C,C,True,True,265.1709078345448,873.5317720565945,-608.3608642220497,608.3608642220497,0,0.9900663000178652,0.9672761894608471,0.022790110557018007,330.4520550250489,287.964959,42.48709602504885,1069.561877,739.1098219749513,32.820653868839145,232.23041999153793,0.11983397416770458,873.4130400698632,0.11873198673129082,-196.0301049434056,-55.73453900846209,-9.546608182042,-130.74895775290156,True,True,True,True,False,arc|Mercury_7223038|policy_T,arc|Mercury_7223038|reference_T
arc,T,Mercury_7124338,Mercury_7124338,0.95,R,1,1,D,D,True,True,264.7277629002929,773.2132938690484,-508.4855309687555,508.4855309687555,0,0.9900829008918502,0.9710342701383897,0.019048630753460496,329.83073889001884,288.068845,41.76189389001882,940.331819,610.5010801099811,32.67821413464844,231.93145799450576,0.11809077113866806,773.095082025975,0.11821184307336807,-167.11852513095164,-56.13738700549425,-8.965588984231708,-102.01554914122562,True,True,True,True,False,arc|Mercury_7124338|policy_T,arc|Mercury_7124338|reference_T
arc,T,MDSA_2008_5_24,MDSA_2008_5_24,0.95,T,1,1,C,C,True,True,949.3933669291437,908.1703999545425,41.22296697460115,-41.22296697460115,0,0.9644343003192963,0.9659785744994589,-0.0015442741801625106,1143.611517821434,1101.959882,41.65163582143402,1101.959882,-41.651635821433956,32.83120086416602,916.4409600198269,0.12120604515075684,908.04861090146,0.12178905308246613,-193.7894820454576,-185.51892198017322,-8.699228912117242,0.4286688468328066,True,True,True,True,False,arc|MDSA_2008_5_24|policy_T,arc|MDSA_2008_5_24|reference_T
arc,T,Mercury_7018008,Mercury_7018008,0.95,R,1,1,A,A,True,True,235.52345507778227,951.6852560918778,-716.1618010140955,716.1618010140955,0,0.9911769380713576,0.9643484427132685,0.026828495358089153,286.517513204298,244.790044,41.72746920429802,1086.818522,800.301008795702,33.381622983142734,202.01759901829064,0.1242330763489008,951.5649499371648,0.12030615471303463,-135.1332659081222,-42.772444981709356,-8.221613144806383,-84.1392077816065,True,True,True,True,False,arc|Mercury_7018008|policy_T,arc|Mercury_7018008|reference_T
arc,T,Mercury_7011270,Mercury_7011270,0.95,R,1,1,B,B,True,True,264.90251114591956,874.9810459557921,-610.0785348098725,610.0785348098725,0,0.9900763545604346,0.9672218974865724,0.02285445707386221,328.4671158890296,286.131376,42.335739889029625,1063.175498,734.7083821109704,32.88247692398727,231.90021002665162,0.11982419528067112,874.8625949956477,0.1184509601444006,-188.194452044208,-54.23116597334837,-9.333438769761685,-124.62984730109793,True,True,True,True,False,arc|Mercury_7011270|policy_T,arc|Mercury_7011270|reference_T
arc,T,Mercury_7082145,Mercury_7082145,0.95,R,1,1,D,D,True,True,266.18514698930085,1347.4950669333339,-1081.309919944033,1081.309919944033,0,0.9900283050976993,0.949520813457129,0.0405074916405703,330.6244597753426,288.110955,42.51350477534258,1624.353722,1293.7292622246575,33.03295886144042,233.0308600794524,0.12132804840803146,1347.3711940459907,0.12387288734316826,-276.8586550666662,-55.080094920547594,-9.35921786549413,-212.4193422806245,True,True,True,True,False,arc|Mercury_7082145|policy_T,arc|Mercury_7082145|reference_T
arc,T,Mercury_SC_407314,Mercury_SC_407314,0.95,R,1,1,A,A,True,True,232.526974985376,841.5179708972573,-608.9909959118813,608.9909959118813,0,0.991289190710546,0.9684754744751859,0.022813716235360097,287.72003388744736,246.060473,41.659560887447356,1020.637045,732.9170111125526,33.07046904228628,199.33787384070456,0.11863210238516331,841.399789089337,0.11818180792033672,-179.11907410274262,-46.72259915929544,-8.470459742775915,-123.92601520067126,True,True,True,True,False,arc|Mercury_SC_407314|policy_T,arc|Mercury_SC_407314|reference_T
arc,T,Mercury_400934,Mercury_400934,0.95,R,1,1,C,C,True,True,232.01904189772904,996.7557191848755,-764.7366772871464,764.7366772871464,0,0.991308218645944,0.9626600355570013,0.028648183088942663,287.8116251271591,246.623556,41.18806912715912,1216.57283,928.761204872841,32.81113295815885,199.0872728638351,0.12063607573509216,996.636166004464,0.11955318041145802,-219.81711081512458,-47.53628313616491,-8.256300093265175,-164.0245275856945,True,True,True,True,False,arc|Mercury_400934|policy_T,arc|Mercury_400934|reference_T
arc,T,Mercury_7032340,Mercury_7032340,0.95,T,0,0,B,B,True,True,969.5516370702535,998.5675071366131,-29.01587006635964,29.01587006635964,0,-0.03632085871898531,-0.03740783673747771,0.0010869780184923966,1176.4978470492847,1134.747113,41.750734049284816,1134.747113,-41.7507340492848,32.770459074527025,936.6585279349238,0.12265006080269814,998.4475818928331,0.1199252437800169,-136.17960586338677,-198.08858506507613,-8.857624913955092,70.76660411564444,True,True,True,True,False,arc|Mercury_7032340|policy_T,arc|Mercury_7032340|reference_T
arc,T,TIMSS_2007_4_pg90,TIMSS_2007_4_pg90,0.95,R,1,1,C,C,True,True,265.5770799610764,992.5609340425581,-726.9838540814817,726.9838540814817,0,0.9900510842007191,0.9628171785008995,0.027233905699819528,329.9754440918333,288.109001,41.866443091833354,1205.676735,875.7012909081667,32.795825973153114,232.66108892858028,0.12016505934298038,992.4386139027774,0.1223201397806406,-213.11580095744193,-55.447912071419694,-8.950452059337259,-148.717436826685,True,True,True,True,False,arc|TIMSS_2007_4_pg90|policy_T,arc|TIMSS_2007_4_pg90|reference_T
arc,T,Mercury_7144795,Mercury_7144795,0.95,R,0,0,C,C,True,True,233.12729387544096,949.9069529119879,-716.779659036547,716.779659036547,0,-0.008733298135595553,-0.03558493938203539,0.026851641246439836,287.4474279524913,246.282953,41.16447495249128,1150.039369,862.5919410475087,33.03571604192257,199.97224397957325,0.11933385394513607,949.7859659604728,0.12098695151507854,-200.13241608801218,-46.31070902042674,-8.009425056623577,-145.81228201096178,True,True,True,True,False,arc|Mercury_7144795|policy_T,arc|Mercury_7144795|reference_T
arc,T,Mercury_7183733,Mercury_7183733,0.95,R,1,1,B,B,True,True,236.44772288389504,945.2837998978794,-708.8360770139843,708.8360770139843,0,0.9911423136128752,0.9645882508649215,0.02655406274795367,288.97585692646993,246.792976,42.18288092646992,1146.511577,857.53572007353,33.027962082996964,203.29777291044593,0.12198789045214653,945.1645959634334,0.11920393444597721,-201.22777710212063,-43.49520308955408,-9.03293095302081,-148.69964305954568,True,True,True,True,False,arc|Mercury_7183733|policy_T,arc|Mercury_7183733|reference_T
arc,T,Mercury_7185133,Mercury_7185133,0.95,R,0,1,D,A,True,True,265.173563035205,791.2600869312882,-526.0865238960832,526.0865238960832,-1,-0.00993379944993455,0.9703582101988438,-0.9802920096487784,327.98647785995047,286.15426,41.832217859950426,963.846531,635.8600531400496,33.277819864451885,231.77693993784487,0.1188032329082489,791.1401821766049,0.11990475468337536,-172.58644406871178,-54.37732006215515,-8.435594762590291,-109.77352924396632,True,True,True,True,False,arc|Mercury_7185133|policy_T,arc|Mercury_7185133|reference_T
arc,T,NYSEDREGENTS_2014_4_17,NYSEDREGENTS_2014_4_17,0.95,R,1,1,C,C,True,True,235.86169304326177,788.1980529054999,-552.3363598622382,552.3363598622382,0,0.9911642671697906,0.970472918586712,0.020691348583078452,287.7773020406365,245.828104,41.94919804063654,962.290983,674.5136809593635,33.14877790398896,202.5958860758692,0.11702906340360641,788.081003120169,0.11704978533089161,-174.09293009450005,-43.232217924130794,-8.683391073243975,-122.17732109712529,True,True,True,True,False,arc|NYSEDREGENTS_2014_4_17|policy_T,arc|NYSEDREGENTS_2014_4_17|reference_T
arc,T,Mercury_7141698,Mercury_7141698,0.95,R,1,1,B,B,True,True,265.1243410073221,977.5042270775884,-712.3798860702664,712.3798860702664,0,0.9900680444810663,0.9633812253299063,0.02668681915116003,330.1573742341721,289.598794,40.558580234172105,1194.561276,864.4039017658279,32.687462866306305,232.31569095514715,0.12118718586862087,977.3832999635488,0.1209271140396595,-217.05704892241147,-57.28310304485285,-7.749930181997179,-152.0240156955615,True,True,True,True,False,arc|Mercury_7141698|policy_T,arc|Mercury_7141698|reference_T
arc,T,MCAS_1998_4_8,MCAS_1998_4_8,0.95,R,1,1,B,B,True,True,232.5826520100236,621.3782241102308,-388.7955721002072,388.7955721002072,0,0.9912871049656834,0.976722239614633,0.014564865351050366,286.94114190518485,245.705643,41.23549890518486,761.269444,474.3283020948152,33.41348492540419,199.04764904640615,0.12151803821325302,621.2831151206046,0.0951089896261692,-139.89121988976922,-46.65799395359386,-7.700495941567418,-85.53272999460796,True,True,True,True,False,arc|MCAS_1998_4_8|policy_T,arc|MCAS_1998_4_8|reference_T
arc,T,Mercury_SC_400845,Mercury_SC_400845,0.95,R,1,1,B,B,True,True,265.48710092902184,1036.7851289920509,-771.298028063029,771.298028063029,0,0.9900544549502346,0.9611604738187486,0.02889398113148598,328.3897168850896,286.99129,41.398426885089634,1265.502681,937.1129641149103,33.21844898164272,232.14816697873175,0.1204849686473608,1036.6625890601426,0.12253993190824986,-228.71755200794905,-54.84312302126824,-8.05949293479955,-165.8149360518812,True,True,True,True,False,arc|Mercury_SC_400845|policy_T,arc|Mercury_SC_400845|reference_T
arc,T,Mercury_7205345,Mercury_7205345,0.95,R,1,1,D,D,True,True,265.5702270567417,844.2430240102112,-578.6727969534695,578.6727969534695,0,0.9900513409207953,0.9683733898978071,0.021677951022988258,327.86919485937284,286.624097,41.245097859372855,1021.266714,693.3975191406271,32.715284964069724,232.73596004582942,0.11898204684257507,844.1221578978002,0.12086611241102219,-177.02368998978875,-53.88813695417059,-8.410830848460556,-114.72472218715757,True,True,True,True,False,arc|Mercury_7205345|policy_T,arc|Mercury_7205345|reference_T
arc,T,Mercury_7068863,Mercury_7068863,0.95,R,1,1,C,C,True,True,265.45132510364056,949.0688110236079,-683.6174859199673,683.6174859199673,0,0.9900557951663196,0.9644464586703739,0.025609336495945618,328.86875404559675,287.183694,41.68506004559672,1149.393579,820.5248249544034,32.94701990671456,232.38272708840668,0.12157810851931572,948.9495269954205,0.11928402818739414,-200.3247679763922,-54.80096691159332,-8.616462030362847,-136.90733903443606,True,True,True,True,False,arc|Mercury_7068863|policy_T,arc|Mercury_7068863|reference_T
arc,T,MCAS_1998_8_2,MCAS_1998_8_2,0.95,R,1,1,C,C,True,True,329.5086279977113,873.3001169748604,-543.7914889771491,543.7914889771491,0,0.9876561125095348,0.9672848676077075,0.020371244901827276,329.4438309721154,286.71534,42.728490972115395,1063.673181,734.2293500278847,33.144460059702396,296.2443439755589,0.11982396245002747,873.2041059993207,0.0960109755396843,-190.37306402513968,9.529003975558851,-9.464206949962971,-190.4378610507356,True,True,True,True,False,arc|MCAS_1998_8_2|policy_T,arc|MCAS_1998_8_2|reference_T
arc,T,Mercury_7158673,Mercury_7158673,0.95,R,1,1,D,D,True,True,265.02101705409586,906.5443750005215,-641.5233579464257,641.5233579464257,0,0.9900719151513473,0.9660394878333861,0.024032427317961208,328.66969595736316,287.445527,41.224168957363126,1097.847913,769.1782170426369,32.88872982375324,232.01065906323493,0.1216281671077013,906.4224760513753,0.12189894914627075,-191.30353799947852,-55.4348679367651,-8.213810966502187,-127.65485909621123,True,True,True,True,False,arc|Mercury_7158673|policy_T,arc|Mercury_7158673|reference_T
arc,T,Mercury_7014368,Mercury_7014368,0.95,R,1,1,C,C,True,True,269.98782507143915,822.3660730291158,-552.3782479576766,552.3782479576766,0,0.989885851072463,0.9691929332984943,0.02069291777396861,328.8467250820966,288.817066,40.02965908209658,996.090353,667.2436279179035,32.67683298327029,237.1892740484327,0.1217180397361517,822.2484330181032,0.11764001101255417,-173.72427997088425,-51.6277919515673,-7.23110805909014,-114.86537996022685,True,True,True,True,False,arc|Mercury_7014368|policy_T,arc|Mercury_7014368|reference_T
arc,T,Mercury_7228603,Mercury_7228603,0.95,R,1,1,C,C,True,True,231.89128492958844,711.1676910426468,-479.27640611305833,479.27640611305833,0,0.9913130046136147,0.9733585914929508,0.017954413120664,296.1160460690153,247.292229,48.82381706901526,866.258314,570.1422679309848,32.621468184515834,199.14300902746618,0.12680771760642529,711.0503420699388,0.11734897270798683,-155.09062295735328,-48.149219972533814,-16.075541166893004,-90.86586181792643,True,True,True,True,False,arc|Mercury_7228603|policy_T,arc|Mercury_7228603|reference_T
arc,T,Mercury_7138688,Mercury_7138688,0.95,R,1,1,D,D,True,True,232.78834694065154,747.9638720396906,-515.1755250990391,515.1755250990391,0,0.9912793993250254,0.9719801513559919,0.019299247969033578,290.51455094976916,248.053756,42.46079494976914,917.779386,627.2648350502309,33.00467785447836,199.66136012226343,0.12230896390974522,747.8459510020912,0.11792103759944439,-169.81551396030943,-48.39239587773656,-9.333808131381033,-112.08930995119181,True,True,True,True,False,arc|Mercury_7138688|policy_T,arc|Mercury_7138688|reference_T
arc,T,Mercury_7026198,Mercury_7026198,0.95,R,1,1,A,A,True,True,232.74096893146634,907.2671900503337,-674.5262211188674,674.5262211188674,0,0.9912811741763198,0.9660124100973477,0.025268764078972113,290.0512486899787,247.702734,42.34851468997872,1109.419762,819.3685133100213,32.890062080696225,199.73227404989302,0.11863280087709427,907.1474960073829,0.1196940429508686,-202.15257194966625,-47.97045995010697,-9.339819808405402,-144.8422921911539,True,True,True,True,False,arc|Mercury_7026198|policy_T,arc|Mercury_7026198|reference_T
arc,T,Mercury_7015435,Mercury_7015435,0.95,R,1,1,A,A,True,True,232.17492690309882,819.6463698986918,-587.471442995593,587.471442995593,0,0.9913023789598046,0.9692948174575023,0.02200756150230218,287.8820089939667,246.732391,41.1496179939667,1001.028237,713.1462280060333,32.78381307609379,199.27319302223623,0.11792080476880074,819.5265450049192,0.11982489377260208,-181.38186710130822,-47.45919797776378,-8.247884113104107,-125.67478501044036,True,True,True,True,False,arc|Mercury_7015435|policy_T,arc|Mercury_7015435|reference_T
arc,T,Mercury_7251685,Mercury_7251685,0.95,R,1,1,B,B,True,True,232.4712120462209,769.2434729542583,-536.7722609080374,536.7722609080374,0,0.9912912796738951,0.9711829855848629,0.020108294089032076,287.4850221260344,245.797827,41.68719512603438,939.967022,652.4819998739656,33.141654916107655,199.210834922269,0.11872220784425735,769.1246811300516,0.11879182420670986,-170.72354904574172,-46.586992077731026,-8.42681800208247,-115.70973896592818,True,True,True,True,False,arc|Mercury_7251685|policy_T,arc|Mercury_7251685|reference_T
arc,T,MCAS_2006_5_29,MCAS_2006_5_29,0.95,R,1,1,D,D,True,True,266.3836039137095,765.0969640817493,-498.7133601680398,498.7133601680398,0,0.9900208706036119,0.9713383200272765,0.018682550576335416,330.06433888039396,288.311832,41.75250688039398,921.354907,591.2905681196061,32.9567170701921,233.30650012940168,0.12038671411573887,765.0022760499269,0.09468803182244301,-156.2579429182507,-55.0053318705983,-8.675403096086143,-92.57720795156627,True,True,True,True,False,arc|MCAS_2006_5_29|policy_T,arc|MCAS_2006_5_29|reference_T
arc,T,NYSEDREGENTS_2014_4_13,NYSEDREGENTS_2014_4_13,0.95,R,1,1,B,B,True,True,265.53515112027526,828.6474971100688,-563.1123459897935,563.1123459897935,0,0.9900526549179917,0.9689576217298524,0.021095033188139177,328.16746600883533,286.667507,41.49995900883532,1016.528154,688.3606879911647,33.35456410422921,232.06076305359602,0.11982396245002747,828.5290240310133,0.11847307905554771,-187.88065688993117,-54.60674394640398,-8.02557094215608,-125.24834200137116,True,True,True,True,False,arc|NYSEDREGENTS_2014_4_13|policy_T,arc|NYSEDREGENTS_2014_4_13|reference_T
arc,T,Mercury_412551,Mercury_412551,0.95,R,1,1,D,D,True,True,265.4032551217824,884.2248520813882,-618.8215969596058,618.8215969596058,0,0.9900575959399482,0.9668756106427607,0.023181985297187527,345.4088111994056,288.111574,57.29723719940555,1070.845186,725.4363748005944,32.85805298946798,232.42056812159717,0.12463401071727276,884.1057079844177,0.11914409697055817,-186.62033391861178,-55.69100587840285,-24.3145501992203,-106.61477784098861,True,True,True,True,False,arc|Mercury_412551|policy_T,arc|Mercury_412551|reference_T
arc,T,Mercury_7044678,Mercury_7044678,0.95,R,1,1,A,A,True,True,231.71942308545113,1047.5569770205766,-815.8375539351255,815.8375539351255,0,0.9913194428161007,0.960756944233085,0.03056249858301578,287.71642520119536,247.354496,40.36192920119536,1195.550585,907.8341597988046,32.520078122615814,199.08105209469795,0.11829286813735962,1047.43487900123,0.12209801934659481,-147.99360797942336,-48.27344390530206,-7.723558210442185,-91.99660586367918,True,True,True,True,False,arc|Mercury_7044678|policy_T,arc|Mercury_7044678|reference_T
arc,T,Mercury_7270008,Mercury_7270008,0.95,R,1,1,C,C,True,True,240.36439112387598,621.1340359877795,-380.7696448639035,380.7696448639035,0,0.990995589345333,0.976731387267999,0.01426420207733396,292.15210275170966,246.504832,45.6472707517097,739.196314,447.04421124829037,33.2284071482718,207.0112598594278,0.1247241161763668,621.0388969630003,0.09513902477920055,-118.06227801222053,-39.493572140572184,-12.294139487261532,-66.27456638438684,True,True,True,True,False,arc|Mercury_7270008|policy_T,arc|Mercury_7270008|reference_T
arc,T,MDSA_2011_5_20,MDSA_2011_5_20,0.95,R,1,1,D,D,True,True,265.88760293088853,872.8031739592552,-606.9155710283667,606.9155710283667,0,0.990039451544464,0.9673034838385209,0.022735967705943154,329.2822818252606,287.289942,41.992339825260636,1055.553451,726.2711691747394,33.000960014760494,232.7657958958298,0.12084702029824257,872.6836598943919,0.11951406486332417,-182.75027704074478,-54.5241461041702,-8.8705327902019,-119.3555981463727,True,True,True,True,False,arc|MDSA_2011_5_20|policy_T,arc|MDSA_2011_5_20|reference_T
arc,T,Mercury_7130603,Mercury_7130603,0.95,R,0,0,B,B,True,True,236.69354408048093,739.448867039755,-502.75532295927405,502.75532295927405,0,-0.008866895217897651,-0.0277008637836157,0.018833968565718045,288.15613766759475,246.214173,41.94196466759479,897.236126,609.0799883324053,33.00490789115429,203.5709449555725,0.11769123375415802,739.3333008512855,0.11556618846952915,-157.78725896024503,-42.6432280444275,-8.819365542686342,-106.32466537313121,True,True,True,True,False,arc|Mercury_7130603|policy_T,arc|Mercury_7130603|reference_T
arc,T,Mercury_7246348,Mercury_7246348,0.95,R,1,1,A,A,True,True,232.42013691924512,673.0026230216026,-440.5824861023575,440.5824861023575,0,0.9912931930247677,0.9747883121912536,0.01650488083351409,287.41767391192604,245.700042,41.717631911926034,823.356857,535.939183088074,33.150380942970514,199.1480679716915,0.12168800458312035,672.8857129346579,0.11691008694469929,-150.35423397839736,-46.55197402830851,-8.4455629643724,-95.35669698571644,True,True,True,True,False,arc|Mercury_7246348|policy_T,arc|Mercury_7246348|reference_T
arc,T,Mercury_417146,Mercury_417146,0.95,R,1,1,A,A,True,True,232.9832639079541,877.0426479168236,-644.0593840088695,644.0593840088695,0,0.9912720974430413,0.967144666784567,0.024127430658474378,292.505592331692,245.973699,46.53189333169198,1073.3948,780.889207668308,33.14025211147964,199.7237978503108,0.11921394616365433,876.9237950909883,0.11885282583534718,-196.3521520831764,-46.24990114968921,-13.272427274048688,-136.8298236594385,True,True,True,True,False,arc|Mercury_417146|policy_T,arc|Mercury_417146|reference_T
arc,T,Mercury_192290,Mercury_192290,0.95,R,1,1,D,D,True,True,292.5407469738275,902.4605150334537,-609.9197680596262,609.9197680596262,0,0.989040984787061,0.9661924753538241,0.022848509433236908,329.7473241540836,286.082292,43.66503215408361,1089.275396,759.5280718459164,32.786095049232244,259.63155017234385,0.12310175225138664,902.3324749432504,0.12804009020328522,-186.8148809665463,-26.450741827656145,-10.75583535259998,-149.6083037862902,True,True,True,True,False,arc|Mercury_192290|policy_T,arc|Mercury_192290|reference_T
arc,T,Mercury_7018148,Mercury_7018148,0.95,R,1,1,B,B,True,True,265.69606689736247,954.6512940432876,-688.9552271459252,688.9552271459252,0,0.9900466267715972,0.9642373304823472,0.025809296289250026,328.53833001506166,286.084286,42.45404401506162,1161.871833,833.3335029849383,33.16911403089762,232.40859108045697,0.11836178600788116,954.5299459714442,0.1213480718433857,-207.2205389567123,-53.67569491954305,-9.16656819815612,-144.3782758390131,True,True,True,True,False,arc|Mercury_7018148|policy_T,arc|Mercury_7018148|reference_T
arc,T,Mercury_SC_407695,Mercury_SC_407695,0.95,R,1,1,D,D,True,True,269.1199399996549,697.6312829647213,-428.51134296506643,428.51134296506643,0,0.9899183633491395,0.9738656856450957,0.016052677704043814,346.20417394458565,287.947684,58.25648994458568,845.907988,499.7038140554144,32.75077906437218,236.24673183076084,0.12242910452187061,697.5147540215403,0.1165289431810379,-148.27670503527872,-51.700952169239144,-25.38328177569163,-71.19247109034796,True,True,True,True,False,arc|Mercury_SC_407695|policy_T,arc|Mercury_SC_407695|reference_T
arc,T,Mercury_SC_400172,Mercury_SC_400172,0.95,R,1,1,A,A,True,True,232.5689010322094,954.374163877219,-721.8052628450096,721.8052628450096,0,0.9912876200979397,0.9642477121940825,0.027039907903857217,286.6957379031543,245.283615,41.412122903154255,1160.46671,873.7709720968456,33.20787684060633,199.24134016036987,0.11968403123319149,954.253216041252,0.1209478359669447,-206.09254612278096,-46.042274839630124,-8.084562031314732,-151.96570925183607,True,True,True,True,False,arc|Mercury_SC_400172|policy_T,arc|Mercury_SC_400172|reference_T
arc,T,Mercury_7264023,Mercury_7264023,0.95,R,1,1,D,D,True,True,232.55419312044978,1135.886904783547,-903.3327116630971,903.3327116630971,0,0.9912881710783771,0.9574479726380997,0.033840198440277455,288.4563554888712,246.669212,41.787143488871216,1389.988995,1101.5326395111288,33.20845798589289,199.22895613126457,0.11677900329232216,1135.7649059500545,0.12199883349239826,-254.102090216453,-47.44025586873542,-8.461906499686002,-198.19992784803162,True,True,True,True,False,arc|Mercury_7264023|policy_T,arc|Mercury_7264023|reference_T
arc,T,MCAS_2000_8_10,MCAS_2000_8_10,0.95,R,1,1,B,B,True,True,265.31790709123015,687.7711550332606,-422.45324794203043,422.45324794203043,0,0.9900607932052007,0.9742350608282803,0.015825732376920476,328.7248700313876,286.470625,42.25424503138757,840.319386,511.5945159686124,33.11299905180931,232.0840919855982,0.1208160538226366,687.6554877962917,0.11566723696887493,-152.54823096673942,-54.38653301440178,-9.020429925755622,-89.141268026582,True,True,True,True,False,arc|MCAS_2000_8_10|policy_T,arc|MCAS_2000_8_10|reference_T
arc,T,Mercury_7207620,Mercury_7207620,0.95,R,1,1,A,A,True,True,265.08946903049946,1024.9575858470052,-759.8681168165058,759.8681168165058,0,0.9900693508376285,0.9616035513270926,0.028465799510535933,329.56765291618774,287.23021,42.33744291618776,1172.027068,842.4594150838124,32.796305138617754,232.16369096189737,0.12947292998433113,1024.8382720164955,0.11931383050978184,-147.06948215299485,-55.066519038102626,-9.411664847585676,-82.59129826730657,True,True,True,True,False,arc|Mercury_7207620|policy_T,arc|Mercury_7207620|reference_T
arc,T,TIMSS_2003_8_pg14,TIMSS_2003_8_pg14,0.95,R,1,1,B,B,True,True,235.78993417322636,643.5293189715594,-407.73938479833305,407.73938479833305,0,0.9911669553647053,0.9758924263729574,0.015274528991747917,289.3962993129859,247.730235,41.666064312985895,791.538908,502.1426086870141,32.56785706616938,203.09957792051136,0.12249918654561043,643.413872923702,0.11544604785740376,-148.0095890284406,-44.63065707948863,-8.975708060270904,-94.40322388868105,True,True,True,True,False,arc|TIMSS_2003_8_pg14|policy_T,arc|TIMSS_2003_8_pg14|reference_T
arc,T,MCAS_2009_8_5,MCAS_2009_8_5,0.95,R,1,1,D,D,True,True,231.9886430632323,843.1808990426362,-611.1922559794039,611.1922559794039,0,0.9913093574318845,0.9684131786923531,0.022896178739531432,288.8195311402092,247.45702,41.3625111402092,1018.390721,729.5711898597908,32.612178940325975,199.25168994814157,0.12477417476475239,843.0832950398326,0.09760400280356407,-175.20982195736383,-48.205330051858425,-8.625558025118472,-118.37893388038697,True,True,True,True,False,arc|MCAS_2009_8_5|policy_T,arc|MCAS_2009_8_5|reference_T
arc,T,Mercury_7215180,Mercury_7215180,0.95,R,1,1,C,C,True,True,268.7900310847908,1174.9332551844418,-906.143224099651,906.143224099651,0,0.9899307222319764,0.9559852377798631,0.03394548445211328,342.45301201389697,287.759028,54.693984013896944,1422.079869,1079.626856986103,32.68543700687587,235.98342714831233,0.12116692960262299,1174.8078891541809,0.12536603026092052,-247.1466138155581,-51.77560085168767,-21.88738007741845,-173.48363288645191,True,True,True,True,False,arc|Mercury_7215180|policy_T,arc|Mercury_7215180|reference_T
arc,T,Mercury_SC_415354,Mercury_SC_415354,0.95,R,1,1,C,C,True,True,233.07257588021457,777.8573338873684,-544.7847580071539,544.7847580071539,0,0.9912687516825864,0.9708602974329231,0.020408454249663314,287.9973478210085,246.367152,41.63019582100844,948.275078,660.2777301789915,33.330706879496574,199.62328718975186,0.11858181096613407,777.7395721059293,0.11776178143918514,-170.41774411263157,-46.74386481024814,-8.180907130545734,-115.49297217183766,True,True,True,True,False,arc|Mercury_SC_415354|policy_T,arc|Mercury_SC_415354|reference_T
arc,T,Mercury_7171938,Mercury_7171938,0.95,R,1,1,D,D,True,True,265.00454009510577,758.8040509726852,-493.79951087757945,493.79951087757945,0,0.9900725324029477,0.9715740619921458,0.01849847041080189,329.94479207425417,288.455954,41.488838074254154,916.286488,586.3416959257459,32.85502502694726,232.0240989793092,0.1254160888493061,758.708561072126,0.09548990055918694,-157.48243702731475,-56.43185502069082,-8.508396958457588,-92.5421850481664,True,True,True,True,False,arc|Mercury_7171938|policy_T,arc|Mercury_7171938|reference_T
arc,T,MCAS_1999_8_22,MCAS_1999_8_22,0.95,R,1,1,B,B,True,True,232.92026086710393,708.0845618620515,-475.16430099494755,475.16430099494755,0,0.9912744576314605,0.9734740901369623,0.01780036749449825,287.18873993914406,245.854755,41.33398493914402,860.544404,573.3556640608559,33.06312509812415,199.73803195171058,0.11910381726920605,707.9890628810972,0.09549898095428944,-152.4598421379485,-46.11672304828943,-8.151756023750664,-98.19136306590838,True,True,True,True,False,arc|MCAS_1999_8_22|policy_T,arc|MCAS_1999_8_22|reference_T
arc,T,MEA_2016_5_7,MEA_2016_5_7,0.95,R,1,1,B,B,True,True,266.1708069499582,794.8890049010515,-528.7181979510933,528.7181979510933,0,0.9900288422970841,0.9702222654880692,0.01980657680901496,328.25293700848556,287.55836,40.69457700848555,948.591976,620.3390389915145,32.93681796640158,233.11440483666956,0.11958414688706398,794.7714650072157,0.117539893835783,-153.70297109894852,-54.44395516333043,-7.6381748951969115,-91.62084104042117,True,True,True,True,False,arc|MEA_2016_5_7|policy_T,arc|MEA_2016_5_7|reference_T
arc,T,MCAS_2005_8_5,MCAS_2005_8_5,0.95,R,1,1,D,D,True,True,265.75171086005867,516.8266990222037,-251.07498816214502,251.07498816214502,0,0.9900445422652848,0.9806388965789299,0.009405645686354918,332.10874665313463,287.443885,44.66486165313459,619.970181,287.8614343468654,33.087490824982524,232.5430631171912,0.12115691788494587,516.7314209975302,0.09527802467346191,-103.14348197779634,-54.90082188280883,-11.456213910267117,-36.786446184720376,True,True,True,True,False,arc|MCAS_2005_8_5|policy_T,arc|MCAS_2005_8_5|reference_T
arc,T,Mercury_7141908,Mercury_7141908,0.95,R,1,1,C,C,True,True,269.8149639181793,1031.959641026333,-762.1446771081537,762.1446771081537,0,0.9898923267105677,0.9613412438365092,0.028551082874058536,329.12160636805606,287.693091,41.42851536805606,1245.057977,915.9363706319439,33.412169897928834,236.2802540883422,0.12253993190824986,1031.8394659552723,0.1201750710606575,-213.09833597366696,-51.41283691165779,-7.893805538218977,-153.79169352379017,True,True,True,True,False,arc|Mercury_7141908|policy_T,arc|Mercury_7141908|reference_T
arc,T,Mercury_7027230,Mercury_7027230,0.95,R,1,1,A,A,True,True,232.812677975744,1024.7977059334517,-791.9850279577076,791.9850279577076,0,0.9912784878479527,0.9616095406684853,0.029668947179467435,288.7701733445482,246.174592,42.59558134454822,1245.399322,956.6291486554518,32.88199589587748,199.8129819985479,0.11770008131861687,1024.6778610162437,0.11984491720795631,-220.60161606654833,-46.36161000145208,-9.595885367352125,-164.64412069774414,True,True,True,True,False,arc|Mercury_7027230|policy_T,arc|Mercury_7027230|reference_T
arc,T,Mercury_SC_405973,Mercury_SC_405973,0.95,R,1,1,B,B,True,True,233.59399405308068,893.4884429909289,-659.8944489378482,659.8944489378482,0,0.9912492185756676,0.9665285826312641,0.024720635944403588,288.0455241619083,246.343812,41.70171216190827,1074.503375,786.4578508380916,33.19026390090585,200.284045888111,0.11968426406383514,893.3683689683676,0.12007402256131172,-181.01493200907112,-46.05976611188902,-8.391763996938586,-126.56340190024343,True,True,True,True,False,arc|Mercury_SC_405973|policy_T,arc|Mercury_SC_405973|reference_T
arc,T,Mercury_7245053,Mercury_7245053,0.95,R,1,1,B,B,True,True,296.3714119978249,705.9315429069102,-409.5601309090853,409.5601309090853,0,0.9888974823290003,0.9735547454566988,0.015342736872301454,288.39804007403694,245.891608,42.50643207403696,865.617374,577.2193339259632,32.99361397512257,263.2519418839365,0.12585613876581192,705.8137929998338,0.1177499070763588,-159.68583109308986,17.360333883936534,-9.386961960148575,-167.65920301687788,True,True,True,True,False,arc|Mercury_7245053|policy_T,arc|Mercury_7245053|reference_T
arc,T,Mercury_7198380,Mercury_7198380,0.95,R,1,1,D,D,True,True,233.15037204883993,866.7308769654483,-633.5805049166083,633.5805049166083,0,0.99126583732141,0.9675309611927733,0.023734876128636822,288.236273983533,246.606027,41.63024698353303,1054.923653,766.687379016467,33.20795693434775,199.81252099387348,0.12989412061870098,866.6126658208668,0.11821114458143711,-188.1927760345518,-46.793506006126535,-8.292395928566577,-133.10687409985871,True,True,True,True,False,arc|Mercury_7198380|policy_T,arc|Mercury_7198380|reference_T
arc,T,NCEOGA_2013_5_43,NCEOGA_2013_5_43,0.95,R,1,1,B,B,True,True,265.7022289931774,731.0104900971055,-465.3082611039281,465.3082611039281,0,0.9900463959302443,0.9726152504748035,0.017431145455440968,329.99898386432216,287.333562,42.665421864322184,889.02854,559.0295561356779,32.69619704224169,232.88447293452919,0.1215590164065361,730.8935120236129,0.11697807349264622,-158.01804990289452,-54.44908906547079,-9.847665805673955,-93.72129503174983,True,True,True,True,False,arc|NCEOGA_2013_5_43|policy_T,arc|NCEOGA_2013_5_43|reference_T
arc,T,Mercury_SC_402239,Mercury_SC_402239,0.95,R,1,1,C,C,True,True,265.3093310073018,914.5731579046696,-649.2638268973678,649.2638268973678,0,0.9900611144781694,0.9657387175820685,0.024322396896100853,329.63823301381467,287.175954,42.46227901381469,1118.188284,788.5500509861854,32.78204798698425,232.40614589303732,0.12113712728023529,914.4521809648722,0.12097693979740143,-203.61512609533042,-54.76980810696267,-9.559093899550199,-139.28622408881756,True,True,True,True,False,arc|Mercury_SC_402239|policy_T,arc|Mercury_SC_402239|reference_T
arc,T,Mercury_SC_412337,Mercury_SC_412337,0.95,R,0,0,C,C,True,True,237.28545010089874,1051.1613220442086,-813.8758719433099,813.8758719433099,0,-0.008889068905322362,-0.039378079938266426,0.030489011032944068,287.80415600497304,246.41145,41.39270600497306,1276.068543,988.264386995027,33.44960091635585,203.71512207202613,0.12072711251676083,1051.040115999058,0.12120604515075684,-224.90722095579144,-42.69632792797387,-7.822377976100448,-174.38851505171715,True,True,True,True,False,arc|Mercury_SC_412337|policy_T,arc|Mercury_SC_412337|reference_T
arc,T,Mercury_7238963,Mercury_7238963,0.95,R,1,1,A,A,True,True,232.97272995114326,899.8834299854934,-666.9107000343502,666.9107000343502,0,0.9912724920608652,0.966289016825526,0.024983475235339166,288.3213741598053,246.517811,41.8035631598053,1083.563052,795.2416778401946,33.38644211180508,199.46369691751897,0.12259092181921005,899.7625540941954,0.12087589129805565,-183.67962201450655,-47.05411408248102,-8.294530126181009,-128.33097780584444,True,True,True,True,False,arc|Mercury_7238963|policy_T,arc|Mercury_7238963|reference_T
arc,T,Mercury_412683,Mercury_412683,0.95,R,1,1,D,D,True,True,266.17870200425386,1550.8163978811353,-1284.6376958768815,1284.6376958768815,0,0.9900285465365071,0.9419040914038032,0.0481244551327039,328.0396831029103,286.758055,41.28162810291028,1797.417738,1469.37805489709,32.764726085588336,233.29432192258537,0.11965399608016014,1550.691053038463,0.12534484267234802,-246.60134011886475,-53.463733077414645,-8.397248021241786,-184.74035902020842,True,True,True,True,False,arc|Mercury_412683|policy_T,arc|Mercury_412683|reference_T
arc,T,ACTAAP_2009_5_5,ACTAAP_2009_5_5,0.95,R,1,1,B,B,True,True,236.36178695596755,586.8298930581659,-350.46810610219836,350.46810610219836,0,0.9911455329016452,0.9780164719207229,0.013129060980922194,286.9126519542531,246.228304,40.68434795425308,714.332618,427.41996604574695,32.71375992335379,203.5281420685351,0.11988496407866478,586.7132239509374,0.11666910722851753,-127.50272494183412,-42.70016193146492,-7.850703066820621,-76.95185994354858,True,True,True,True,False,arc|ACTAAP_2009_5_5|policy_T,arc|ACTAAP_2009_5_5|reference_T
arc,T,Mercury_SC_401244,Mercury_SC_401244,0.95,R,1,1,D,D,True,True,232.6253370847553,1015.3533378615975,-782.7280007768422,782.7280007768422,0,0.9912855059187533,0.9619633408636604,0.029322165055092914,286.80923683241775,245.282057,41.52717983241773,1236.236109,949.4268721675821,33.329745987430215,199.17446398176253,0.12112711556255817,1015.232200967148,0.12113689444959164,-220.8827711384024,-46.10759301823748,-8.076306729424957,-166.6988713907399,True,True,True,True,False,arc|Mercury_SC_401244|policy_T,arc|Mercury_SC_401244|reference_T
arc,T,AIMS_2009_4_29,AIMS_2009_4_29,0.95,R,1,1,D,D,True,True,265.5663739424199,804.6756139956415,-539.1092400532216,539.1092400532216,0,0.9900514852642377,0.9698556444307971,0.020195840833440594,328.3528829545161,287.058942,41.29394095451605,973.086834,644.7339510454839,33.17319182679057,232.27202403359115,0.12115808203816414,804.5550680253655,0.12054597027599812,-168.41122000435848,-54.78691796640885,-7.999591045687318,-105.6247109922623,True,True,True,True,False,arc|AIMS_2009_4_29|policy_T,arc|AIMS_2009_4_29|reference_T
arc,T,Mercury_7018445,Mercury_7018445,0.95,R,1,1,D,D,True,True,265.0553041603416,683.8949529919773,-418.8396488316357,418.8396488316357,0,0.9900706307049143,0.9743802691713171,0.015690361533597163,327.20080834035747,285.872402,41.328406340357425,835.422397,508.2215886596426,32.99224190413952,231.94195493124425,0.1211073249578476,683.7889549788088,0.10599801316857338,-151.5274440080227,-53.93044706875577,-8.215057111260059,-89.38193982800686,True,True,True,True,False,arc|Mercury_7018445|policy_T,arc|Mercury_7018445|reference_T
arc,T,Mercury_7103215,Mercury_7103215,0.95,R,1,1,C,C,True,True,265.7079789787531,1063.0704038776457,-797.3624248988926,797.3624248988926,0,0.9900461805271593,0.9601757879918088,0.02987039253535056,327.44589887340237,286.324887,41.12101187340236,1200.192089,872.7461901265975,32.72328688763082,232.864195946604,0.12049614451825619,1062.9710368812084,0.09936699643731117,-137.12168512235417,-53.460691053395976,-8.277228841253283,-75.38376522770488,True,True,True,True,False,arc|Mercury_7103215|policy_T,arc|Mercury_7103215|reference_T
arc,T,Mercury_7032743,Mercury_7032743,0.95,R,1,1,C,C,True,True,240.02227396704257,863.881632918492,-623.8593589514494,623.8593589514494,0,0.9910084055672274,0.9676376981488348,0.02337070741839247,287.79761415983904,245.888462,41.90915215983903,1037.95408,750.156465840161,34.60457711480558,205.29706007800996,0.12063677422702312,863.760775886476,0.12085703201591969,-174.07244708150802,-40.59140192199004,-7.183938270806429,-126.2971068887116,True,True,True,True,False,arc|Mercury_7032743|policy_T,arc|Mercury_7032743|reference_T
arc,T,Mercury_7193043,Mercury_7193043,0.95,R,1,1,B,B,True,True,233.65362617187202,918.2796508539468,-684.6260246820748,684.6260246820748,0,0.9912469846670454,0.9655998667961935,0.025647117870851874,303.9245219623463,246.791237,57.133284962346316,1117.367634,813.4431120376537,33.144647954031825,200.38890303112566,0.12007518671452999,918.1617898866534,0.11786096729338169,-199.08798314605315,-46.40233396887433,-23.86856182159996,-128.8170873555789,True,True,True,True,False,arc|Mercury_7193043|policy_T,arc|Mercury_7193043|reference_T
arc,T,MEA_2013_5_3,MEA_2013_5_3,0.95,R,1,1,D,D,True,True,265.8034381456673,743.3219461236149,-477.5185079779476,477.5185079779476,0,0.9900426044835714,0.9721540448640171,0.01788855961955429,330.1275331365601,288.680945,41.44658813656008,893.126578,562.9990448634398,33.060910878703,232.62188117951155,0.12064608745276928,743.2244839146733,0.09746220894157887,-149.8046318763851,-56.05906382048846,-8.265031170404313,-85.48053688549226,True,True,True,True,False,arc|MEA_2013_5_3|policy_T,arc|MEA_2013_5_3|reference_T
arc,T,Mercury_176838,Mercury_176838,0.95,R,1,1,A,A,True,True,232.64019493944943,701.9358379766345,-469.2956430371851,469.2956430371851,0,0.9912849493212287,0.97370443055722,0.017580518764008717,292.1225097186959,247.160594,44.96191571869588,849.032898,556.9103882813042,33.05140300653875,199.46948811411858,0.11930381879210472,701.8178759608418,0.11796201579272747,-147.09706002336554,-47.69110588588143,-11.791208893365024,-87.61474524411915,True,True,True,True,False,arc|Mercury_176838|policy_T,arc|Mercury_176838|reference_T
arc,T,MCAS_2011_5_17673,MCAS_2011_5_17673,0.95,R,1,1,A,A,True,True,267.32230791822076,952.924343990162,-685.6020360719413,685.6020360719413,0,0.9899857053434822,0.9643020246218814,0.025683680721600682,330.0900357330991,287.974351,42.1156847330991,1156.113938,826.0239022669009,33.01689890213311,234.18609518557787,0.11931383050978184,952.7950098272413,0.12933416292071342,-203.18959400983795,-53.78825581442214,-8.979472000456212,-140.42186619495965,True,True,True,True,False,arc|MCAS_2011_5_17673|policy_T,arc|MCAS_2011_5_17673|reference_T
arc,T,Mercury_7090720,Mercury_7090720,0.95,R,1,1,B,B,True,True,234.3816419597715,843.4690900612622,-609.0874481014907,609.0874481014907,0,0.9912197121035567,0.968402382624489,0.022817329479067804,288.85581110468496,247.413562,41.44224910468495,942.298958,653.4431468953151,33.00884389318526,201.250989921391,0.12180814519524574,843.3509268797934,0.11816318146884441,-98.82986793873772,-46.162572078609,-8.311597066304444,-44.35569879382433,True,True,True,True,False,arc|Mercury_7090720|policy_T,arc|Mercury_7090720|reference_T
arc,T,NCEOGA_2013_8_40,NCEOGA_2013_8_40,0.95,R,1,1,C,C,True,True,265.62206796370447,805.7317358907312,-540.1096679270267,540.1096679270267,0,0.9900493988826555,0.9698160805203514,0.020233318362304152,329.6513753328755,288.454057,41.19731833287549,969.876833,640.2254576671246,33.02809898741543,232.47411497868598,0.11985399760305882,805.6132041383535,0.11853175237774849,-164.14509710926882,-55.979942021314,-8.049365347856998,-100.11578974009785,True,True,True,True,False,arc|NCEOGA_2013_8_40|policy_T,arc|NCEOGA_2013_8_40|reference_T
arc,T,Mercury_7164850,Mercury_7164850,0.95,R,1,1,A,A,True,True,233.19935612380505,1146.1837098468095,-912.9843537230045,912.9843537230045,0,0.9912640023044824,0.9570622388745119,0.03420176342997043,289.39135797942413,246.742956,42.64840197942412,1377.85307,1088.4617120205758,32.992381136864424,200.0899848062545,0.11699018068611622,1146.0608490742743,0.12286077253520489,-231.66936015319038,-46.652971193745486,-9.539030661873582,-175.4773582975713,True,True,True,True,False,arc|Mercury_7164850|policy_T,arc|Mercury_7164850|reference_T
arc,T,Mercury_7131828,Mercury_7131828,0.95,T,1,1,C,C,True,True,837.4239690601826,800.9185770060867,36.505392054095864,-36.505392054095864,0,0.9686288419252879,0.9699963886722405,-0.0013675467469525917,1015.3034339983118,970.52634,44.777093998311756,970.52634,-44.777093998311784,33.23304303921759,804.0677949320525,0.12313108891248703,800.800584955141,0.11799205094575882,-169.6077629939133,-166.4585450679475,-11.420919870181677,8.27170194421592,True,True,True,True,False,arc|Mercury_7131828|policy_T,arc|Mercury_7131828|reference_T
arc,T,Mercury_7245088,Mercury_7245088,0.95,T,1,1,D,D,True,True,889.3541349098086,852.0379939582199,37.31614095158875,-37.31614095158875,0,0.9666834600137301,0.968081378630562,-0.0013979186168319455,1086.381704013264,1043.925286,42.45641801326406,1043.925286,-42.456418013264056,33.06471719406545,856.1652458738536,0.12417184188961983,851.9168358761817,0.12115808203816414,-191.88729204178003,-187.76004012614635,-9.267528977308992,5.140277061675306,True,True,True,True,False,arc|Mercury_7245088|policy_T,arc|Mercury_7245088|reference_T
arc,T,LEAP_2006_8_10412,LEAP_2006_8_10412,0.95,R,1,1,B,B,True,True,266.5992612019181,844.2371198907495,-577.6378586888313,577.6378586888313,0,0.9900127917580948,0.9683736110749787,0.021639180683116124,344.4975838800963,287.665779,56.831804880096314,949.266365,604.7687811199037,33.1385750323534,233.3380349446088,0.1226512249559164,844.1149210557342,0.12219883501529694,-105.0292451092505,-54.32774405539118,-23.570578622786996,-27.13092243107235,True,True,True,True,False,arc|LEAP_2006_8_10412|policy_T,arc|LEAP_2006_8_10412|reference_T
arc,T,Mercury_SC_415366,Mercury_SC_415366,0.95,R,1,1,B,B,True,True,233.4379330277443,978.717836085707,-745.2799030579627,745.2799030579627,0,0.991255064855779,0.963335761715965,0.027919303139814,287.90372285821763,246.591078,41.312644858217595,1173.882249,885.9785261417824,32.68408286385238,200.63108997419477,0.12276018969714642,978.582511888817,0.13532419688999653,-195.16441291429305,-45.959988025805245,-8.505801804668067,-140.6986230838197,True,True,True,True,False,arc|Mercury_SC_415366|policy_T,arc|Mercury_SC_415366|reference_T
arc,T,Mercury_180058,Mercury_180058,0.95,R,1,1,A,A,True,True,266.14202419295907,848.7278239335865,-582.5857997406274,582.5857997406274,0,0.9900299205423374,0.9682053825651682,0.021824537977169284,330.28206890873054,287.335795,42.946273908730504,1023.190954,692.9088850912694,32.99216087907553,233.0282051116228,0.12165820226073265,848.6067759804428,0.12104795314371586,-174.46313006641356,-54.30758988837721,-9.832454827394244,-110.32308535064203,True,True,True,True,False,arc|Mercury_180058|policy_T,arc|Mercury_180058|reference_T
arc,T,Mercury_7081760,Mercury_7081760,0.95,R,1,1,B,B,True,True,266.9130298309028,908.1273528281599,-641.2143229972571,641.2143229972571,0,0.9900010375145785,0.9659801871093868,0.024020850405191613,343.3695208288779,288.234133,55.135387828877924,1096.92802,753.5584991711221,33.05983799509704,233.73399791307747,0.1191939227283001,908.0076990649104,0.11965376324951649,-188.80066717184013,-54.50013508692251,-21.956355911052583,-112.34417617386498,True,True,True,True,False,arc|Mercury_7081760|policy_T,arc|Mercury_7081760|reference_T
arc,T,NYSEDREGENTS_2014_4_28,NYSEDREGENTS_2014_4_28,0.95,R,1,1,B,B,True,True,232.36201400868595,896.6617651749402,-664.2997511662543,664.2997511662543,0,0.9912953703961856,0.9664097052220488,0.024885665174136894,287.75072278650055,246.563996,41.18672678650057,1091.487745,803.7370222134994,32.691297121346,199.55218490213156,0.11853198520839214,896.5410981327295,0.12066704221069813,-194.82597982505968,-47.011811097868446,-8.376897679946183,-139.43727104724508,True,True,True,True,False,arc|NYSEDREGENTS_2014_4_28|policy_T,arc|NYSEDREGENTS_2014_4_28|reference_T
arc,T,Mercury_7085820,Mercury_7085820,0.95,R,1,1,D,D,True,True,266.4717419538647,1001.3876832090318,-734.9159412551671,734.9159412551671,0,0.9900175688204146,0.9624865152363908,0.027531053584023687,327.83565212750983,286.013856,41.821796127509835,1136.715985,808.8803328724903,33.05286495015025,233.30015502870083,0.1187219750136137,1001.267567044124,0.12011616490781307,-135.32830179096823,-52.71370097129915,-8.65020920234597,-73.96439161732314,True,True,True,True,False,arc|Mercury_7085820|policy_T,arc|Mercury_7085820|reference_T
arc,T,NCEOGA_2013_8_4,NCEOGA_2013_8_4,0.95,R,1,1,D,D,True,True,265.78632602468133,933.8568600360304,-668.0705340113491,668.0705340113491,0,0.9900432455292929,0.9650163211733443,0.025026924355948516,330.0032390355321,287.047628,42.955611035532115,1120.813679,790.8104399644681,32.97093091532588,232.69516020081937,0.12023490853607655,933.7603389285505,0.09652110747992992,-186.95681896396968,-54.3524677991806,-9.864445211670159,-122.73990595311898,True,True,True,True,False,arc|NCEOGA_2013_8_4|policy_T,arc|NCEOGA_2013_8_4|reference_T
arc,T,Mercury_7183015,Mercury_7183015,0.95,R,1,1,A,A,True,True,266.7678380385041,830.6447919458151,-563.876953907311,563.876953907311,0,0.9900064766169194,0.9688828000692253,0.021123676547693995,330.2374328525486,287.153558,43.0838748525486,998.452975,668.2155421474515,33.80206995643675,232.84191614948213,0.12385193258523941,830.5223921779543,0.12239976786077023,-167.80818305418495,-54.311641850517844,-9.157952963526604,-104.33858824014055,True,True,True,True,False,arc|Mercury_7183015|policy_T,arc|Mercury_7183015|reference_T
arc,T,AKDE&ED_2008_8_44,AKDE&ED_2008_8_44,0.95,T,1,1,A,A,True,True,1088.9955488964915,1054.1966180317104,34.79893086478114,-34.79893086478114,0,0.959204593169897,0.9605082133208884,-0.0013036201509913693,1317.8147461376348,1276.757133,41.05761313763475,1276.757133,-41.05761313763469,32.97331603243947,1055.8992221485823,0.12301071546971798,1054.0729069616646,0.12371107004582882,-222.56051496828968,-220.85791085141773,-7.961286389725565,6.258682272853548,True,True,True,True,False,arc|AKDE&ED_2008_8_44|policy_T,arc|AKDE&ED_2008_8_44|reference_T
arc,T,Mercury_SC_LBS10598,Mercury_SC_LBS10598,0.95,T,1,1,A,A,True,True,742.9326290730387,707.262224983424,35.67040408961475,-35.67040408961475,0,0.9721686292647341,0.9735048961099977,-0.0013362668452635864,905.2199688817345,863.755497,41.46447188173449,863.755497,-41.46447188173454,33.38676202110946,709.4266139902174,0.11925306171178818,707.1422189474106,0.12000603601336479,-156.49327201657604,-154.32888300978254,-7.9584567989132395,5.79406779211979,True,True,True,True,False,arc|Mercury_SC_LBS10598|policy_T,arc|Mercury_SC_LBS10598|reference_T
arc,T,Mercury_7282608,Mercury_7282608,0.95,R,1,1,C,C,True,True,233.317777980119,919.8826751671731,-686.5648971870542,686.5648971870542,0,0.9912595660441039,0.965539815100773,0.0257197509433309,288.7099858419962,246.497521,42.212464841996194,1030.687781,741.9777951580039,33.07861392386258,200.11894800700247,0.12021604925394058,919.7621291968971,0.12054597027599812,-110.80510583282694,-46.37857299299753,-9.013634868879677,-55.41289797094976,True,True,True,True,False,arc|Mercury_7282608|policy_T,arc|Mercury_7282608|reference_T
arc,T,Mercury_7145513,Mercury_7145513,0.95,R,1,1,B,B,True,True,233.39679697528481,803.417193936184,-570.0203969608992,570.0203969608992,0,0.9912566058740111,0.9699027867339413,0.021353819140069757,305.01006502845183,246.917705,58.0923600284518,967.80214,662.7920749715481,33.195832977071404,200.06923587061465,0.1317281275987625,803.2961471471936,0.12104678899049759,-164.38494606381596,-46.848469129385364,-24.764798923781633,-92.77167801064888,True,True,True,True,False,arc|Mercury_7145513|policy_T,arc|Mercury_7145513|reference_T
arc,T,NYSEDREGENTS_2014_4_22,NYSEDREGENTS_2014_4_22,0.95,R,1,1,A,A,True,True,237.78042010962963,718.4873018413782,-480.7068817317486,480.7068817317486,0,0.9910923887756614,0.9730843878925092,0.018008000883152235,288.6349928519967,247.521163,41.11382985199666,868.102896,579.4679031480033,32.88759500719607,204.7718979883939,0.1209271140396595,718.3671360835433,0.12016575783491135,-149.61559415862178,-42.7492650116061,-8.105307730760934,-98.76102141625472,True,True,True,True,False,arc|NYSEDREGENTS_2014_4_22|policy_T,arc|NYSEDREGENTS_2014_4_22|reference_T
arc,T,Mercury_7284043,Mercury_7284043,0.95,R,1,1,C,C,True,True,233.49216510541737,879.3639349751174,-645.8717698697001,645.8717698697001,0,0.9912530332407975,0.9670577078892726,0.024195325351524896,290.3013650232846,246.644839,43.656526023284556,1056.812049,766.5106839767153,32.933661015704274,200.44043194502592,0.11807214468717575,879.2462937999517,0.11764117516577244,-177.44811402488244,-46.20440705497407,-10.604792862893106,-120.63891410701524,True,True,True,True,False,arc|Mercury_7284043|policy_T,arc|Mercury_7284043|reference_T
arc,T,Mercury_7192990,Mercury_7192990,0.95,R,1,1,A,A,True,True,233.38573495857418,815.7777320593596,-582.3919971007854,582.3919971007854,0,0.9912570202737508,0.9694397424341874,0.021817277839563474,297.6830911340521,246.394997,51.28809413405216,982.583961,684.9008698659479,33.43841806054115,199.82586987316608,0.12144702486693859,815.6598508358002,0.11788122355937958,-166.8062289406405,-46.569127126833905,-17.728229048644067,-102.50887276516255,True,True,True,True,False,arc|Mercury_7192990|policy_T,arc|Mercury_7192990|reference_T
arc,T,Mercury_SC_415348,Mercury_SC_415348,0.95,R,1,1,D,D,True,True,233.64697583019733,836.9473740458488,-603.3003982156515,603.3003982156515,0,0.9912472337988205,0.9686466958894502,0.022600537909370257,288.8688740570364,247.564385,41.3044890570364,1016.808754,727.9398799429637,32.89874596521258,200.62519889324903,0.12303097173571587,836.8223099969327,0.12506404891610146,-179.86137995415118,-46.93918610675095,-8.2827121200881,-124.63948172731216,True,True,True,True,False,arc|Mercury_SC_415348|policy_T,arc|Mercury_SC_415348|reference_T
arc,T,Mercury_7008120,Mercury_7008120,0.95,R,1,1,A,A,True,True,266.19636616669595,853.2195400912315,-587.0231739245355,587.0231739245355,0,0.9900278848104845,0.9680371161400187,0.02199076867046584,327.3540221844417,285.943954,41.410068184441684,1040.348202,712.9941798155583,33.427417976781726,232.64894308522344,0.12000510469079018,853.0991938896477,0.1203462015837431,-187.12866190876844,-53.29501091477658,-7.862645102969168,-125.97100589102274,True,True,True,True,False,arc|Mercury_7008120|policy_T,arc|Mercury_7008120|reference_T
arc,T,Mercury_SC_LBS10040,Mercury_SC_LBS10040,0.95,R,1,1,D,D,True,True,266.79704198613763,758.9161931537092,-492.11915116757154,492.11915116757154,0,0.9900053825932331,0.9715698609778236,0.01843552161540952,328.2529731101359,286.683661,41.56931211013591,914.707786,586.4548128898641,33.232852118089795,233.44392399303615,0.12026587501168251,758.7939940858632,0.12219906784594059,-155.79159284629088,-53.23973700696382,-8.216194117034433,-94.33566172229257,True,True,True,True,False,arc|Mercury_SC_LBS10040|policy_T,arc|Mercury_SC_LBS10040|reference_T
arc,T,MCAS_2013_8_29421,MCAS_2013_8_29421,0.95,R,1,1,A,A,True,True,267.52399606630206,829.5585340820253,-562.0345380157232,562.0345380157232,0,0.9899781498029089,0.9689234929182646,0.021054656884644196,329.5312229395981,288.114151,41.41707193959808,1001.258011,671.726788060402,33.30167196691036,234.10070594400167,0.12161815539002419,829.4386889319867,0.11984515003859997,-171.69947691797472,-54.01344505599832,-7.993781817297695,-109.69225004467876,True,True,True,True,False,arc|MCAS_2013_8_29421|policy_T,arc|MCAS_2013_8_29421|reference_T
arc,T,Mercury_7044100,Mercury_7044100,0.95,R,0,0,B,A,True,True,237.28807596489787,858.3155190572143,-621.0274430923164,621.0274430923164,0,-0.008889167274126747,-0.03215378687636697,0.02326461960224022,288.2408100096407,246.371963,41.868847009640696,1048.242769,760.0019589903593,33.30570901744068,203.85974692180753,0.12262002564966679,858.195535140112,0.11998391710221767,-189.9272499427857,-42.512216078192466,-8.440517966550352,-138.9745158980429,True,True,True,True,False,arc|Mercury_7044100|policy_T,arc|Mercury_7044100|reference_T
arc,T,Mercury_7241115,Mercury_7241115,0.95,R,0,0,B,B,True,True,266.6433649137616,938.6723130010068,-672.0289480872452,672.0289480872452,0,-0.009988860433109483,-0.03516407291823523,0.025175212485125744,336.18402102495776,288.246942,47.937079024957775,1141.55911,805.3750889750422,32.904596999287605,233.6178000550717,0.12096785940229893,938.5531099978834,0.1192030031234026,-202.88679699899308,-54.62914194492828,-14.911514166267871,-133.346140887797,True,True,True,True,False,arc|Mercury_7241115|policy_T,arc|Mercury_7241115|reference_T
arc,T,Mercury_415263,Mercury_415263,0.95,R,1,1,C,C,True,True,265.5360670760274,998.5389087814838,-733.0028417054564,733.0028417054564,0,0.9900526206049152,0.962593234599805,0.027459386005110234,327.3940390547743,286.258308,41.13573105477428,1216.81561,889.4215709452258,32.85793890245259,232.55905508995056,0.11907308362424374,998.441485920921,0.09742286056280136,-218.27670121851634,-53.69925291004944,-8.158719068697451,-156.4187292397694,True,True,True,True,False,arc|Mercury_415263|policy_T,arc|Mercury_415263|reference_T
arc,T,MCAS_2012_8_23636,MCAS_2012_8_23636,0.95,R,1,1,D,D,True,True,234.29411905817688,1133.9453621767461,-899.6512431185693,899.6512431185693,0,0.9912229908427409,0.9575207057365982,0.03370228510614268,289.466097078337,246.551362,42.91473507833695,1296.661077,1007.1949799216629,32.893806928768754,201.2798059731722,0.1205061562359333,1133.8253060821444,0.12005609460175037,-162.71571482325385,-45.271556026827824,-9.900421993332266,-107.54373680309368,True,True,True,True,False,arc|MCAS_2012_8_23636|policy_T,arc|MCAS_2012_8_23636|reference_T
arc,T,Mercury_7245893,Mercury_7245893,0.95,R,1,1,B,B,True,True,238.31116501241922,1002.879099920392,-764.5679349079728,764.5679349079728,0,0.991072506275449,0.9624306445291554,0.02864186174629361,289.29949093994924,246.354821,42.94466993994927,1199.97965,910.6801590600508,33.653281861916184,204.53708712011576,0.12079603038728237,1002.7539660222828,0.12513389810919762,-197.10055007960796,-41.81773387988423,-9.170592047645805,-146.11222415207794,True,True,True,True,False,arc|Mercury_7245893|policy_T,arc|Mercury_7245893|reference_T
arc,T,Mercury_7139790,Mercury_7139790,0.95,R,1,1,C,C,True,True,272.454776102677,901.6347229480743,-629.1799468453974,629.1799468453974,0,0.9897934353862361,0.9662234107640875,0.02357002462214861,340.2592077115865,287.684631,52.574576711586474,1099.13223,758.8730222884135,33.83774682879448,238.43980603851378,0.17722323536872864,901.5163318254054,0.11839112266898155,-197.4975070519256,-49.244824961486245,-18.559606647423266,-129.69307544301614,True,True,True,True,False,arc|Mercury_7139790|policy_T,arc|Mercury_7139790|reference_T
arc,T,TIMSS_2011_8_pg63,TIMSS_2011_8_pg63,0.95,R,1,1,C,C,True,True,242.79730091802776,1074.3446748238057,-831.5473739057779,831.5473739057779,0,0.9909044488949116,0.9597534368899816,0.031151012004930013,287.3367528456092,245.866609,41.470143845609186,1270.509366,983.1726131543908,33.900233916938305,208.7252838537097,0.17178314737975597,1074.1946939378977,0.14998088590800762,-196.1646911761943,-37.14132514629031,-7.3981267812911256,-151.62523924861284,True,True,True,True,False,arc|TIMSS_2011_8_pg63|policy_T,arc|TIMSS_2011_8_pg63|reference_T
arc,T,MCAS_2006_9_33,MCAS_2006_9_33,0.95,R,1,1,D,D,True,True,265.8529819454998,818.5905378777534,-552.7375559322536,552.7375559322536,0,0.9900407484985105,0.9693343705088275,0.020706377989683007,329.1933771013834,287.944983,41.24839410138345,981.817503,652.6241258986165,33.54825498536229,232.18260798603296,0.12211897410452366,818.4686289168894,0.12190896086394787,-163.2269651222466,-55.76237501396702,-7.578020141916632,-99.88656996636291,True,True,True,True,False,arc|MCAS_2006_9_33|policy_T,arc|MCAS_2006_9_33|reference_T
arc,T,Mercury_184258,Mercury_184258,0.95,R,1,1,A,A,True,True,233.14730799756944,725.7440648972988,-492.59675689972937,492.59675689972937,0,0.9912659521053669,0.9728125386627893,0.01845341344257769,287.75960215129373,246.385229,41.37437315129375,889.213026,601.4534238487063,33.68760505691171,199.33457812294364,0.12512481771409512,725.628217915073,0.11584698222577572,-163.4689611027012,-47.05065087705637,-7.561643276667951,-108.85666694897691,True,True,True,True,False,arc|Mercury_184258|policy_T,arc|Mercury_184258|reference_T
arc,T,VASoL_2008_5_19,VASoL_2008_5_19,0.95,R,1,1,D,D,True,True,269.2543719895184,945.6463158130646,-676.3919438235462,676.3919438235462,0,0.9899133273251419,0.9645746704749398,0.025338656850202132,328.9176570849996,287.423117,41.494540084999564,1146.793955,817.8762979150006,32.93542400933802,236.19968397542834,0.11926400475203991,945.5510680563748,0.09524775668978691,-201.14763918693552,-51.22343302457165,-8.439852070909502,-141.4843540914544,True,True,True,True,False,arc|VASoL_2008_5_19|policy_T,arc|VASoL_2008_5_19|reference_T
arc,T,Mercury_7234483,Mercury_7234483,0.95,T,1,1,B,B,True,True,1215.6190960668027,1186.4636291284114,29.155466938391328,-29.155466938391328,0,0.9544610851488422,0.9555532926755658,-0.0010922075267236408,1485.0347117975978,1444.61787,40.41684179759777,1444.61787,-40.416841797597726,32.87472017109394,1182.6183588709682,0.12601702474057674,1186.3411110825837,0.12251804582774639,-258.1542408715886,-261.9995111290318,-7.4161046017632515,11.261374859206398,True,True,True,True,False,arc|Mercury_7234483|policy_T,arc|Mercury_7234483|reference_T
arc,T,ACTAAP_2010_5_10,ACTAAP_2010_5_10,0.95,R,1,1,A,A,True,True,266.9536981265992,719.5968721061945,-452.6431739795953,452.6431739795953,0,0.9899995140192164,0.9730428217259572,0.01695669229325916,327.7855267640541,287.353195,40.43233176405406,869.061396,541.2758692359458,33.11018482781947,233.7261140346527,0.11739926412701607,719.4814360700548,0.11543603613972664,-149.46452389380545,-53.62708096534732,-7.20474767210758,-88.63269525635053,True,True,True,True,False,arc|ACTAAP_2010_5_10|policy_T,arc|ACTAAP_2010_5_10|reference_T
arc,T,Mercury_7007875,Mercury_7007875,0.95,R,1,1,B,B,True,True,233.11769496649504,849.7095028869808,-616.5918079204857,616.5918079204857,0,0.9912670614539326,0.9681686073989879,0.023098454054944723,286.96089310090326,245.304508,41.65638510090327,1039.277521,752.3166278990967,33.20489195175469,199.7913750819862,0.12142793275415897,849.5907410979271,0.11876178905367851,-189.5680181130192,-45.51313291801381,-8.330065216394424,-135.72481997861098,True,True,True,True,False,arc|Mercury_7007875|policy_T,arc|Mercury_7007875|reference_T
arc,T,Mercury_180443,Mercury_180443,0.95,R,0,0,A,A,True,True,265.164288925007,766.991880023852,-501.827591098845,501.827591098845,0,-0.009933452027854728,-0.02873266636641932,0.01879921433856459,327.645363926661,285.988909,41.65645492666101,937.423308,609.7779440733391,33.24480610899627,231.79858596995473,0.1208968460559845,766.8723759707063,0.11950405314564705,-170.43142797614803,-54.19032303004525,-8.290751971608756,-107.95035297449408,True,True,True,True,False,arc|Mercury_180443|policy_T,arc|Mercury_180443|reference_T
arc,T,Mercury_7159268,Mercury_7159268,0.95,T,0,0,B,B,True,True,983.5847590584308,949.6798559557647,33.90490310266614,-33.90490310266614,0,-0.0368465605193134,-0.03557643198939417,-0.0012701285299192297,1191.6408139331215,1150.616002,41.02481193312144,1150.616002,-41.024811933121555,33.297395100817084,950.1668880693614,0.1204758882522583,949.5603919494897,0.11946400627493858,-200.93614604423533,-200.44911393063853,-7.6069409440520985,7.119908830455415,True,True,True,True,False,arc|Mercury_7159268|policy_T,arc|Mercury_7159268|reference_T
arc,T,Mercury_7221865,Mercury_7221865,0.95,R,1,1,C,C,True,True,266.0955518949777,658.9265130460262,-392.83096115104854,392.83096115104854,0,0.9900316614643315,0.9753156243860747,0.014716037078256812,328.07624421272135,286.837681,41.238563212721346,791.286647,463.21040278727867,33.043610863387585,232.92944207787514,0.12249895371496677,658.8311539962888,0.09535904973745346,-132.3601339539738,-53.90823892212484,-8.072453395618794,-70.37944163623013,True,True,True,True,False,arc|Mercury_7221865|policy_T,arc|Mercury_7221865|reference_T
arc,T,Mercury_SC_401663,Mercury_SC_401663,0.95,R,1,1,B,B,True,True,232.5822631828487,984.1012661345303,-751.5190029516816,751.5190029516816,0,0.9912871195317325,0.9631340903508196,0.028153029180912913,289.31591994432404,245.335441,43.98047894432402,1197.550409,908.2344890556759,33.46290485933423,198.99694807827473,0.12241024523973465,983.982051955536,0.11921417899429798,-213.44914286546964,-46.338492921725276,-10.395163839750055,-156.7154861039943,True,True,True,True,False,arc|Mercury_SC_401663|policy_T,arc|Mercury_SC_401663|reference_T
arc,T,Mercury_184765,Mercury_184765,0.95,R,1,1,B,B,True,True,232.6777910348028,844.4238880183548,-611.746096983552,611.746096983552,0,0.9912835409151001,0.9683666144607534,0.02291692645434653,287.1120218799627,246.316743,40.79527887996268,1019.867233,732.7552111200373,33.127597998827696,199.43087012507021,0.11932291090488434,844.302271027118,0.12161699123680592,-175.44334498164528,-46.88587287492979,-7.5483579702301,-121.00911413648532,True,True,True,True,False,arc|Mercury_184765|policy_T,arc|Mercury_184765|reference_T
arc,T,Mercury_7143518,Mercury_7143518,0.95,R,1,1,D,D,True,True,237.5656918156892,793.7427088618279,-556.1770170461386,556.1770170461386,0,0.9911004328196596,0.9702652074572217,0.02083522536243806,288.84613699113214,247.166518,41.67961899113214,957.892057,669.0459200088678,33.09675003401935,204.34799487702549,0.12094690464437008,793.622633907944,0.12007495388388634,-164.14934813817217,-42.81852312297451,-8.461922052468417,-112.86890296272918,True,True,True,True,False,arc|Mercury_7143518|policy_T,arc|Mercury_7143518|reference_T
arc,T,MCAS_2010_8_12010,MCAS_2010_8_12010,0.95,R,1,1,C,C,True,True,266.1371389403939,1121.8453738838434,-855.7082349434495,855.7082349434495,0,0.9900301035512268,0.9579739894488675,0.03205611410235932,333.12084277257793,287.362202,45.758640772577884,1278.217947,945.0971042274222,33.066231990233064,232.9499910119921,0.12091593816876411,1121.7240758705884,0.12129801325500011,-156.37257311615667,-54.41221098800793,-12.571492844176056,-89.38886928397267,True,True,True,True,False,arc|MCAS_2010_8_12010|policy_T,arc|MCAS_2010_8_12010|reference_T
arc,T,Mercury_7026443,Mercury_7026443,0.95,R,1,1,D,D,True,True,268.9262309577316,793.9425930380821,-525.0163620803505,525.0163620803505,0,0.9899256199804268,0.970257719496139,0.01966790048428778,329.8221059637345,287.313791,42.508314963734506,965.277341,635.4552350362655,33.257500967010856,235.53676414303482,0.1319658476859331,793.7214290723205,0.22116396576166153,-171.33474796191786,-51.777026856965165,-9.118848149037717,-110.43887295591503,True,True,True,True,False,arc|Mercury_7026443|policy_T,arc|Mercury_7026443|reference_T
arc,T,Mercury_7250023,Mercury_7250023,0.95,R,1,1,A,A,True,True,233.78337104804814,1174.528290051967,-940.7449190039188,940.7449190039188,0,0.9912421242293575,0.9560004083812013,0.035241715848156274,288.9105468824501,247.475621,41.4349258824501,1423.093278,1134.18273111755,32.79293095692992,200.87233907543123,0.11810101568698883,1174.4077140465379,0.12057600542902946,-248.56498794803315,-46.60328192456876,-8.523893909833191,-193.43781211363125,True,True,True,True,False,arc|Mercury_7250023|policy_T,arc|Mercury_7250023|reference_T
arc,T,Mercury_SC_401714,Mercury_SC_401714,0.95,R,1,1,B,B,True,True,233.06720796972513,1004.8556141555309,-771.7884061858058,771.7884061858058,0,0.9912689527725655,0.9623566013409993,0.028912351431566206,287.9342521809983,247.376224,40.55802818099833,1208.242216,920.3079638190018,32.859292812645435,200.08857222273946,0.11934293434023857,1004.7342369798571,0.12137717567384243,-203.38660184446917,-47.28765177726055,-7.579392434012654,-148.51955763319597,True,True,True,True,False,arc|Mercury_SC_401714|policy_T,arc|Mercury_SC_401714|reference_T
arc,T,Mercury_7100695,Mercury_7100695,0.95,R,1,1,D,D,True,True,232.50208888202906,1015.8957859966904,-783.3936971146613,783.3936971146613,0,0.9912901229813083,0.9619430199428103,0.02934710303849804,289.3231729455879,245.919023,43.404149945587875,1240.834353,951.5111800544121,33.254966139793396,199.12735791876912,0.11976482346653938,1015.7773930113763,0.11839298531413078,-224.93856700330957,-46.79166508123089,-10.02941898232794,-168.11748293975074,True,True,True,True,False,arc|Mercury_7100695|policy_T,arc|Mercury_7100695|reference_T
arc,T,ACTAAP_2007_7_25,ACTAAP_2007_7_25,0.95,R,1,1,A,A,True,True,232.98174794763327,761.5230488590896,-528.5413009114563,528.5413009114563,0,0.991272154233189,0.9714722042526367,0.019799949980552397,287.86786094708583,246.625657,41.242203947085855,922.54129,634.6734290529141,33.388816053047776,199.46979102678597,0.12314086779952049,761.403514072299,0.11953478679060936,-161.0182411409104,-47.15586597321402,-7.730247026238558,-106.13212814145777,True,True,True,True,False,arc|ACTAAP_2007_7_25|policy_T,arc|ACTAAP_2007_7_25|reference_T
arc,T,Mercury_7135310,Mercury_7135310,0.95,R,0,0,D,D,True,True,266.69109612703323,804.4664599001408,-537.7753637731075,537.7753637731075,0,-0.009990648515958751,-0.030136520343039843,0.02014587182708109,328.48385677617455,287.155852,41.328004776174545,970.79001,642.3061532238255,33.07814383879304,233.49442915059626,0.1185231376439333,804.3479570187628,0.11850288137793541,-166.3235500998593,-53.66142284940372,-8.131337799737572,-104.53078945071798,True,True,True,True,False,arc|Mercury_7135310|policy_T,arc|Mercury_7135310|reference_T
arc,T,Mercury_400905,Mercury_400905,0.95,R,0,0,A,A,True,True,266.6692961938679,918.8170779962093,-652.1477818023413,652.1477818023413,0,-0.009989831857760974,-0.03442026603073342,0.024430434172972446,335.8765608593125,287.325352,48.55120885931253,1102.447394,766.5708331406875,32.70558500662446,233.84334496222436,0.12036622501909733,918.6988971196115,0.11818087659776211,-183.63031600379077,-53.482007037775645,-15.725257627668974,-114.42305133834611,True,True,True,True,False,arc|Mercury_400905|policy_T,arc|Mercury_400905|reference_T
arc,T,Mercury_7159775,Mercury_7159775,0.95,R,1,0,A,B,True,True,266.13556407392025,1059.9847550038248,-793.8491909299046,793.8491909299046,1,0.9900301625480873,-0.03970861897269172,1.029738781520779,330.4932748864842,287.509089,42.98418588648415,1279.401272,948.9079971135159,33.266046084463596,232.74544486775994,0.12407312169671059,1059.8629259038717,0.12182909995317459,-219.41651699617523,-54.763644132240074,-9.594066680323841,-155.0588061836113,True,True,True,True,False,arc|Mercury_7159775|policy_T,arc|Mercury_7159775|reference_T
arc,C,Mercury_7207358,Mercury_7207358,0.9,R,1,1,C,C,True,True,234.89275597967207,188.29931993968785,46.593436039984226,-46.593436039984226,0,0.991200565005665,0.9929460250130908,-0.0017454600074258044,291.1780159881537,248.045802,43.132213988153694,227.179582,-63.998433988153664,32.698470167815685,202.0753228571266,0.11896295472979546,188.18468507379293,0.11463486589491367,-38.88026206031216,-45.970479142873415,-10.314780865608213,17.404997948169438,True,True,True,True,False,arc|Mercury_7207358|policy_C,arc|Mercury_7207358|reference_C
arc,C,Mercury_SC_LBS10915,Mercury_SC_LBS10915,0.9,R,1,1,B,B,True,True,264.51727002859116,481.97346623055637,-217.4561962019652,217.4561962019652,0,0.990090786270578,0.9819445509615583,0.008146235309019676,329.3473458687613,288.301965,41.0453808687613,588.56198,259.21463413123865,32.68099809065461,231.71603702940047,0.12023490853607655,481.8412591703236,0.13220706023275852,-106.58851376944358,-56.58592797059953,-8.244147869570611,-41.75843792927344,True,True,True,True,False,arc|Mercury_SC_LBS10915|policy_C,arc|Mercury_SC_LBS10915|reference_C
arc,C,Mercury_177398,Mercury_177398,0.9,R,1,1,B,B,True,True,231.56163794919848,247.4364519584924,-15.874814009293914,15.874814009293914,0,0.9913253536839933,0.9907306593378892,0.0005946943461041814,287.79664889229167,246.308752,41.487896892291666,303.311387,15.514738107708354,33.147052163258195,198.2955918647349,0.11899392120540142,247.31225986033678,0.12419209815561771,-55.87493504150763,-48.01316013526511,-8.22185080782807,0.36007590158556013,True,True,True,True,False,arc|Mercury_177398|policy_C,arc|Mercury_177398|reference_C
arc,C,Mercury_SC_400655,Mercury_SC_400655,0.9,R,1,1,A,A,True,True,233.5226139985025,182.46666993945837,51.05594405904412,-51.05594405904412,0,0.9912518925795871,0.9931645248314768,-0.001912632251889633,290.40094005926665,247.41946,42.98148005926669,222.641662,-67.75927805926665,32.64004411175847,200.7628248538822,0.1197450328618288,182.35302600078285,0.1136439386755228,-40.174992060541626,-46.65663514611779,-10.221690914646388,16.703334000222526,True,True,True,True,False,arc|Mercury_SC_400655|policy_C,arc|Mercury_SC_400655|reference_C
arc,C,Mercury_414131,Mercury_414131,0.9,R,1,1,C,C,True,True,265.0016900151968,411.9228641502559,-146.92117413505912,146.92117413505912,0,0.9900726391712164,0.9845687515962215,0.005503887574994888,328.9359987831144,287.055772,41.88022678311443,503.872275,174.93627621688557,33.168094931170344,231.71258810907602,0.12100697495043278,411.78893204778433,0.13393210247159004,-91.94941084974408,-55.34318389092397,-8.591124876993653,-28.015102081826456,True,True,True,True,False,arc|Mercury_414131|policy_C,arc|Mercury_414131|reference_C
arc,C,Mercury_7223038,Mercury_7223038,0.9,R,1,1,C,C,True,True,264.87621502019465,219.91339209489524,44.962822925299406,-44.962822925299406,0,0.9900773396527502,0.9917617144468678,-0.0016843747941175623,330.4519340250489,287.964959,42.48697502504885,263.019927,-67.4320070250489,32.629163935780525,232.12695587426424,0.12009521014988422,219.80016981251538,0.11322228237986565,-43.10653490510475,-55.83800312573578,-9.73771587911844,22.469184099749498,True,True,True,True,False,arc|Mercury_7223038|policy_C,arc|Mercury_7223038|reference_C
arc,C,Mercury_7124338,Mercury_7124338,0.9,R,1,1,D,D,True,True,265.17146499827504,514.8151111789048,-249.64364618062973,249.64364618062973,0,0.990066279145676,0.9807142536770604,0.009352025468615651,329.83062889001883,288.068845,41.76178389001882,627.152269,297.3216401099812,32.80899906530976,232.24343289621174,0.11903303675353527,514.6709000691772,0.14421110972762108,-112.33715782109527,-55.82541210378827,-8.83375178795552,-47.67799392935149,True,True,True,True,False,arc|Mercury_7124338|policy_C,arc|Mercury_7124338|reference_C
arc,C,MDSA_2008_5_24,MDSA_2008_5_24,0.9,C,1,1,C,C,True,True,418.45781495794654,387.28814013302326,31.169674824923277,-31.169674824923277,0,0.9843239425360883,0.9854916053116922,-0.0011676627756038941,507.819295821434,466.16759,41.65170582143402,466.16759,-41.65170582143401,32.8065250068903,385.52481308579445,0.12647686526179314,387.15765601955354,0.1304841134697199,-78.87944986697676,-80.64277691420557,-8.718703949281931,10.48203099651073,True,True,True,True,False,arc|MDSA_2008_5_24|policy_C,arc|MDSA_2008_5_24|reference_C
arc,C,Mercury_7018008,Mercury_7018008,0.9,R,1,1,A,A,True,True,231.785454088822,248.8492459524423,-17.06379186362028,17.06379186362028,0,0.9913169691956635,0.9906777339555873,0.0006392352400760423,286.517343204298,244.790044,41.72729920429802,302.356093,15.838749795701972,33.09835190884769,198.56786890886724,0.1192332711070776,248.72872000560164,0.12052594684064388,-53.5068470475577,-46.222175091132755,-8.509714024343253,1.2250420679183094,True,True,True,True,False,arc|Mercury_7018008|policy_C,arc|Mercury_7018008|reference_C
arc,C,Mercury_7011270,Mercury_7011270,0.9,R,1,1,B,B,True,True,265.7109568826854,346.6257529798895,-80.91479609720409,80.91479609720409,0,0.990046068970411,0.9870148793308342,0.003031189639576775,328.4668948890296,286.131376,42.33551888902962,423.639777,95.17288211097036,32.80613385140896,232.78339602984488,0.12142700143158436,346.50466521270573,0.12108776718378067,-77.01402402011047,-53.34797997015511,-9.407958036189079,-14.258086013766274,True,True,True,True,False,arc|Mercury_7011270|policy_C,arc|Mercury_7011270|reference_C
arc,C,Mercury_7082145,Mercury_7082145,0.9,R,1,1,D,D,True,True,265.5493940692395,720.785321900621,-455.23592783138156,455.23592783138156,0,0.990052121355758,0.9729983006139014,0.017053820741856695,330.62233677534255,288.110955,42.511381775342585,870.787682,540.1653452246575,32.96899003908038,232.45971905998886,0.12068497017025948,720.6366730388254,0.14864886179566383,-150.00236009937896,-55.651235940011134,-9.421706766091944,-84.92941739327591,True,True,True,True,False,arc|Mercury_7082145|policy_C,arc|Mercury_7082145|reference_C
arc,C,Mercury_SC_407314,Mercury_SC_407314,0.9,R,1,1,A,A,True,True,232.75029310025275,487.41855192929506,-254.66825882904232,254.66825882904232,0,0.9912808248789702,0.9817405698832794,0.009540254995690748,287.71987288744737,246.060473,41.65939988744736,589.167944,301.44807111255267,33.20064302533865,199.429364874959,0.12028519995510578,487.27737716399133,0.14117476530373096,-101.74939207070497,-46.63110812504101,-8.338471662153601,-46.77981228351035,True,True,True,True,False,arc|Mercury_SC_407314|policy_C,arc|Mercury_SC_407314|reference_C
arc,C,Mercury_400934,Mercury_400934,0.9,R,1,1,C,C,True,True,231.82480921968818,385.4508250951767,-153.62601587548852,153.62601587548852,0,0.9913154948934257,0.9855604338891093,0.005755061004316472,287.80948112715913,246.623556,41.185925127159116,465.600198,177.79071687284085,32.592153176665306,199.11170890554786,0.12094713747501373,385.3265519719571,0.12427312321960926,-80.14937290482328,-47.51184709445215,-8.472824813018796,-24.164700997352327,True,True,True,True,False,arc|Mercury_400934|policy_C,arc|Mercury_400934|reference_C
arc,C,Mercury_7032340,Mercury_7032340,0.9,C,1,1,D,D,True,True,647.7514819707721,616.0154941026121,31.73598786816001,-31.73598786816001,0,0.9757342578134711,0.9769231355251833,-0.0011888777117121702,790.3735900492849,748.623056,41.750534049284816,748.623056,-41.75053404928485,32.634542090818286,614.9740018881857,0.14293799176812172,615.8739479724318,0.1415461301803589,-132.60756189738788,-133.64905411181428,-8.973053966698409,10.014546181124842,True,True,True,True,False,arc|Mercury_7032340|policy_C,arc|Mercury_7032340|reference_C
arc,C,TIMSS_2007_4_pg90,TIMSS_2007_4_pg90,0.9,R,1,1,C,C,True,True,265.38914791308343,222.2896118182689,43.09953609481454,-43.09953609481454,0,0.9900581244171479,0.9916726976915368,-0.001614573274388827,329.9753530918333,288.109001,41.866352091833356,264.564934,-65.41041909183332,32.824118854478,232.4459550436586,0.11907401494681835,222.17110893689096,0.11850288137793541,-42.2753221817311,-55.663045956341364,-8.923159222408536,22.31088299701878,True,True,True,True,False,arc|TIMSS_2007_4_pg90|policy_C,arc|TIMSS_2007_4_pg90|reference_C
arc,C,Mercury_7144795,Mercury_7144795,0.9,R,0,0,C,C,True,True,232.99884190782905,221.92050889134407,11.078333016484976,-11.078333016484976,0,-0.008728486132201998,-0.008313475159140783,-0.00041501097306121635,287.4472779524913,246.282953,41.164324952491285,264.24504,-23.20223795249126,32.97298890538514,199.8941469937563,0.1317060086876154,221.80410102009773,0.11640787124633789,-42.32453110865595,-46.3888060062437,-8.059630038418533,12.123904936006284,True,True,True,True,False,arc|Mercury_7144795|policy_C,arc|Mercury_7144795|reference_C
arc,C,Mercury_7183733,Mercury_7183733,0.9,R,1,0,B,D,True,True,232.53323906101286,291.23871214687824,-58.70547308586538,58.70547308586538,1,0.9912889560488761,-0.010910239035179427,1.0021991950840556,288.9757759264699,246.792976,42.18279992646992,346.741042,57.765266073530086,32.74422883987427,199.66821395792067,0.12079626321792603,291.1129570566118,0.12575509026646614,-55.50232985312175,-47.12476204207934,-9.317774823377725,0.9402070123352928,True,True,True,True,False,arc|Mercury_7183733|policy_C,arc|Mercury_7183733|reference_C
arc,C,Mercury_7185133,Mercury_7185133,0.9,C,0,0,D,D,True,True,313.7235951144248,281.02161502465606,32.70198008976877,-32.70198008976877,0,-0.011752556480019142,-0.010527491250630542,-0.0012250652293885993,385.3067718599504,343.474725,41.832046859950424,343.474725,-41.832046859950424,33.06485014036298,280.53657501004636,0.12216996401548386,280.9012189973146,0.12039602734148502,-62.45310997534392,-62.938149989953615,-8.645026755571962,9.130066770181656,True,True,True,True,False,arc|Mercury_7185133|policy_C,arc|Mercury_7185133|reference_C
arc,C,NYSEDREGENTS_2014_4_17,NYSEDREGENTS_2014_4_17,0.9,C,1,1,C,C,True,True,345.7989590242505,376.85760483145714,-31.05864580720663,31.05864580720663,0,0.9870458522726604,0.9858823488106114,0.0011635034620490433,424.15882504063654,382.209787,41.94903804063654,382.209787,-41.94903804063654,33.165590139105916,312.5102580524981,0.12311083264648914,376.72953587025404,0.1280689612030983,-5.352182168542868,-69.6995289475019,-8.660337068884132,73.00768384784317,True,True,True,True,False,arc|NYSEDREGENTS_2014_4_17|policy_C,arc|NYSEDREGENTS_2014_4_17|reference_C
arc,C,Mercury_7141698,Mercury_7141698,0.9,R,1,1,B,B,True,True,265.2152110822499,253.18427197635174,12.030939105898142,-12.030939105898142,0,0.9900646403517482,0.9905153373778937,-0.0004506970261454768,330.1572242341721,289.598794,40.55843023417211,306.664358,-23.492866234172084,32.83911687321961,232.25557897239923,0.1205152366310358,253.06479702703655,0.11947494931519032,-53.480086023648255,-57.34321502760076,-7.598798124321462,11.461927128273942,True,True,True,True,False,arc|Mercury_7141698|policy_C,arc|Mercury_7141698|reference_C
arc,C,MCAS_1998_4_8,MCAS_1998_4_8,0.9,R,1,1,B,B,True,True,231.9239671342075,183.06762003339827,48.85634710080922,-48.85634710080922,0,0.9913117802892042,0.9931420123394912,-0.0018302320502869916,286.94096290518485,245.705643,41.235319905184866,221.975474,-64.96548890518486,33.23356690816581,198.5717359930277,0.11866423301398754,182.95709206722677,0.11052796617150307,-38.90785396660172,-47.13390700697232,-7.883088764005066,16.10914180437564,True,True,True,True,False,arc|MCAS_1998_4_8|policy_C,arc|MCAS_1998_4_8|reference_C
arc,C,Mercury_SC_400845,Mercury_SC_400845,0.9,R,1,1,B,B,True,True,268.9875790383667,215.87292314507067,53.114655893296,-53.114655893296,0,0.9899233217892999,0.9919130764747104,-0.001989754685410466,328.38955688508963,286.99129,41.39826688508963,262.591547,-65.79800988508964,33.56219409033656,235.3000899311155,0.1252950169146061,215.75497300364077,0.11795014142990112,-46.71862385492932,-51.691200068884484,-7.710777777838466,12.683353991793638,True,True,True,True,False,arc|Mercury_SC_400845|policy_C,arc|Mercury_SC_400845|reference_C
arc,C,Mercury_7205345,Mercury_7205345,0.9,R,1,1,D,D,True,True,265.0915998965502,486.69186793267727,-221.6002680361271,221.6002680361271,0,0.9900692710121898,0.9817677925558689,0.008301478456320982,327.86901385937284,286.624097,41.24491685937286,585.518564,257.6495501406271,32.911882968619466,232.06391907297075,0.11579785495996475,486.55594303272665,0.1359248999506235,-98.8266960673227,-54.56017792702926,-8.217236035793427,-36.04928210450004,True,True,True,True,False,arc|Mercury_7205345|policy_C,arc|Mercury_7205345|reference_C
arc,C,Mercury_7068863,Mercury_7068863,0.9,R,1,1,C,C,True,True,265.41961496695876,484.60382013581693,-219.18420516885817,219.18420516885817,0,0.9900569830756071,0.981846013958555,0.008210969117052132,328.8686040455967,287.183694,41.684910045596716,586.175464,257.3068599544033,32.87624614313245,232.42534697055817,0.11802185326814651,484.4682770781219,0.13554305769503117,-101.5716438641831,-54.758347029441836,-8.690642049196121,-38.12265478554514,True,True,True,True,False,arc|Mercury_7068863|policy_C,arc|Mercury_7068863|reference_C
arc,C,MCAS_1998_8_2,MCAS_1998_8_2,0.9,R,1,1,C,C,True,True,265.13243606314063,314.41398011520505,-49.28154405206442,49.28154405206442,0,0.9900677412281322,0.9882215806622265,0.0018461605659057677,329.44385197211545,286.71534,42.7285119721154,381.255158,51.81130602788454,33.08803401887417,231.92429705522954,0.12010498903691769,314.2951768822968,0.1188032329082489,-66.84117788479494,-54.79104294477048,-9.520372964204313,-2.529761975820122,True,True,True,True,False,arc|MCAS_1998_8_2|policy_C,arc|MCAS_1998_8_2|reference_C
arc,C,Mercury_7158673,Mercury_7158673,0.9,R,1,1,D,D,True,True,264.9222919717431,417.0584240928292,-152.13613212108612,152.13613212108612,0,0.9900756135410267,0.9843763658170785,0.005699247723948158,328.6695059573632,287.445527,41.22397895736313,504.80193,176.13242404263684,32.85307390615344,231.9494839757681,0.11973408982157707,416.92653694190085,0.1318871509283781,-87.7435059071708,-55.49604302423194,-8.251170961388112,-23.99629192155072,True,True,True,True,False,arc|Mercury_7158673|policy_C,arc|Mercury_7158673|reference_C
arc,C,Mercury_7014368,Mercury_7014368,0.9,R,1,1,C,C,True,True,266.1417401395738,483.54103695601225,-217.39929681643844,217.39929681643844,0,0.9900299311834033,0.9818858274107185,0.00814410377268484,328.8465650820966,288.817066,40.02949908209658,585.403452,256.5568869179034,32.944984966889024,233.07549697346985,0.1212581992149353,483.4101719316095,0.13086502440273762,-101.86241504398777,-55.74156902653016,-6.963255915992619,-39.15759010146496,True,True,True,True,False,arc|Mercury_7014368|policy_C,arc|Mercury_7014368|reference_C
arc,C,Mercury_7228603,Mercury_7228603,0.9,R,1,1,C,C,True,True,231.53944499790668,418.1959780398756,-186.65653304196894,186.65653304196894,0,0.9913261850652397,0.9843337513398127,0.006992433725426968,296.11585506901525,247.292229,48.82362606901526,506.621465,210.50560993098475,32.63828996568918,198.7834540195763,0.11770101264119148,418.0617060046643,0.1342720352113247,-88.42548696012437,-48.50877498042368,-16.067635090684888,-23.849076889015805,True,True,True,True,False,arc|Mercury_7228603|policy_C,arc|Mercury_7228603|reference_C
arc,C,Mercury_7138688,Mercury_7138688,0.9,R,1,1,D,D,True,True,232.62381902895868,389.45340598002076,-156.82958695106208,156.82958695106208,0,0.9912855627874007,0.9854104912050157,0.005875071582385048,290.51418994976916,248.053756,42.46043394976914,465.667877,175.15368705023081,32.74109400808811,199.7650449629873,0.11768005788326263,389.3183721229434,0.13503385707736015,-76.21447101997921,-48.28871103701269,-9.601659883797765,-18.32410009916873,True,True,True,True,False,arc|Mercury_7138688|policy_C,arc|Mercury_7138688|reference_C
arc,C,Mercury_7026198,Mercury_7026198,0.9,R,1,1,A,A,True,True,232.27693885564804,481.7167141009122,-249.43977524526417,249.43977524526417,0,0.991298557439037,0.9819541692814807,0.009344388157556392,290.0511676899787,247.702734,42.34843368997872,505.958142,215.90697431002133,32.945706974714994,199.2117071058601,0.11952477507293224,481.5856791101396,0.13103499077260494,-24.241427899087796,-48.49102689413988,-9.283201940190793,33.53280093524285,True,True,True,True,False,arc|Mercury_7026198|policy_C,arc|Mercury_7026198|reference_C
arc,C,Mercury_7015435,Mercury_7015435,0.9,R,1,1,A,A,True,True,236.60613014362752,182.85540188662708,53.750728257000446,-53.750728257000446,0,0.9911363794393038,0.9931499623496111,-0.0020135829103072552,287.8818489939667,246.732391,41.1494579939667,222.675237,-65.20661199396667,34.439349081367254,202.04451098106802,0.12227008119225502,182.74327204562724,0.11212984099984169,-39.81983511337293,-44.68788001893199,-6.58783883140719,11.455883736966229,True,True,True,True,False,arc|Mercury_7015435|policy_C,arc|Mercury_7015435|reference_C
arc,C,Mercury_7251685,Mercury_7251685,0.9,R,1,1,B,B,True,True,232.26325307041407,183.02676314488053,49.23648992553353,-49.23648992553353,0,0.9912990701290816,0.9931435428998232,-0.0018444727707416233,287.48487212603436,245.797827,41.68704512603438,222.367565,-65.11730712603435,33.192039001733065,198.9532329607755,0.11798110790550709,182.91443190537393,0.11233123950660229,-39.34080185511948,-46.84459403922452,-8.377025016395805,15.880817200500815,True,True,True,True,False,arc|Mercury_7251685|policy_C,arc|Mercury_7251685|reference_C
arc,C,MCAS_2006_5_29,MCAS_2006_5_29,0.9,R,1,1,D,D,True,True,270.3390240203589,518.5518781654537,-248.21285414509475,248.21285414509475,0,0.9898726946330137,0.980574268780336,0.009298425852677764,330.064148880394,288.311832,41.752316880393984,630.282282,300.218133119606,32.84640097990632,237.37093387171626,0.12168916873633862,518.4047019574791,0.1471762079745531,-111.73040383454634,-50.94089812828372,-8.784226731751325,-52.00527897451127,True,True,True,True,False,arc|MCAS_2006_5_29|policy_C,arc|MCAS_2006_5_29|reference_C
arc,C,NYSEDREGENTS_2014_4_13,NYSEDREGENTS_2014_4_13,0.9,R,1,1,B,B,True,True,265.30378800816834,282.2041930630803,-16.90040505491197,16.90040505491197,0,0.9900613221272317,0.9894282076021015,0.0006331145251303458,328.1673160088353,286.667507,41.499809008835314,342.576896,14.409579991164662,33.04494405165315,232.13854804635048,0.12029591016471386,282.07695414312184,0.12723891995847225,-60.372702936919666,-54.52895895364952,-8.334569047017453,2.490825063747309,True,True,True,True,False,arc|NYSEDREGENTS_2014_4_13|policy_C,arc|NYSEDREGENTS_2014_4_13|reference_C
arc,C,Mercury_412551,Mercury_412551,0.9,R,1,1,D,D,True,True,265.1926490943879,253.28669394366443,11.905955150723457,-11.905955150723457,0,0.990065485557658,0.9905115004973581,-0.0004460149397000792,345.40862019940556,288.111574,57.29704619940555,303.39888,-42.00974019940554,32.631587935611606,232.44192800484598,0.11913315393030643,253.16711980849504,0.11957413516938686,-50.11218605633559,-55.66964599515404,-24.546325109863638,30.103785048682084,True,True,True,True,False,arc|Mercury_412551|policy_C,arc|Mercury_412551|reference_C
arc,C,Mercury_7044678,Mercury_7044678,0.9,R,1,1,A,A,True,True,232.28704696521163,453.66005995310843,-221.3730129878968,221.3730129878968,0,0.99129817877409,0.9830052136327739,0.008292965141316028,287.7162642011954,247.354496,40.36176820119536,545.727265,258.0110007988046,32.65610407106578,199.5117198675871,0.11922302655875683,453.5271998029202,0.13286015018820763,-92.06720504689156,-47.84277613241292,-7.58644110357082,-36.637987810907816,True,True,True,True,False,arc|Mercury_7044678|policy_C,arc|Mercury_7044678|reference_C
arc,C,Mercury_7270008,Mercury_7270008,0.9,R,1,1,C,C,True,True,236.68150207959116,398.41212308965623,-161.73062101006508,161.73062101006508,0,0.9911335558935195,0.9850748842233951,0.006058671670124454,292.1520227517097,246.504832,45.6471907517097,466.572254,174.4202312482903,33.364673145115376,203.1914028339088,0.12542610056698322,398.27806199900806,0.13406109064817429,-68.16013091034375,-43.3134291660912,-12.157091506027342,-12.689610238225214,True,True,True,True,False,arc|Mercury_7270008|policy_C,arc|Mercury_7270008|reference_C
arc,C,MDSA_2011_5_20,MDSA_2011_5_20,0.9,R,1,1,D,D,True,True,265.84240910597146,580.6952910497785,-314.852881943807,314.852881943807,0,0.9900411445729393,0.9782462833142833,0.011794861258655939,329.28209282526063,287.289942,41.99215082526064,706.133675,376.8515821747394,32.891246024519205,232.8307470306754,0.12041605077683926,580.5568411014974,0.13844994828104973,-125.43838395022158,-54.459194969324585,-8.980488749964593,-61.9987002309324,True,True,True,True,False,arc|MDSA_2011_5_20|policy_C,arc|MDSA_2011_5_20|reference_C
arc,C,Mercury_7130603,Mercury_7130603,0.9,R,0,1,B,C,True,True,232.22061316482723,248.30137100070715,-16.080757835879922,16.080757835879922,-1,-0.008699332516092355,0.9906982581731296,-0.999397590689222,288.15595766759475,246.214173,41.94178466759479,303.028389,14.872431332405256,32.99720399081707,199.10741108469665,0.11599808931350708,248.18006297573447,0.12130802497267723,-54.727017999292855,-47.10676191530334,-8.828582587464211,1.208326503474666,True,True,True,True,False,arc|Mercury_7130603|policy_C,arc|Mercury_7130603|reference_C
arc,C,Mercury_7246348,Mercury_7246348,0.9,R,1,1,A,A,True,True,236.31815006956458,248.32527595572174,-12.007125886157155,12.007125886157155,0,0.9911471676048682,0.9906973626576556,0.00044980494721250726,287.417523911926,245.700042,41.71748191192603,302.116718,14.699194088073966,34.09602493047714,202.10155798122287,0.12056715786457062,248.2073549181223,0.11792103759944439,-53.791442044278256,-43.59848401877713,-7.500889823584316,-2.692068201916811,True,True,True,True,False,arc|Mercury_7246348|policy_C,arc|Mercury_7246348|reference_C
arc,C,Mercury_417146,Mercury_417146,0.9,R,1,1,A,A,True,True,232.56510007195175,281.62228409200907,-49.05718402005732,49.05718402005732,0,0.9912877624876126,0.9894500067850613,0.0018377557025512578,292.505491331692,245.973699,46.53179233169198,343.003411,50.49791966830804,33.07807492092252,199.36748896725476,0.11953618377447128,281.4985318109393,0.12375228106975555,-61.38112690799096,-46.60621003274525,-13.334181226994993,-1.4407356482507225,True,True,True,True,False,arc|Mercury_417146|policy_C,arc|Mercury_417146|reference_C
arc,C,Mercury_192290,Mercury_192290,0.9,R,1,1,D,D,True,True,264.72191885113716,417.5941029097885,-152.87218405865133,152.87218405865133,0,0.990083119818698,0.98435629848504,0.005726821333658028,329.74725415408363,286.082292,43.66496215408361,466.968352,137.22109784591635,32.666441053152084,231.93354904651642,0.12192875146865845,417.46335686184466,0.1307460479438305,-49.37424909021149,-54.14874295348358,-10.876592349462868,15.651086212734981,True,True,True,True,False,arc|Mercury_192290|policy_C,arc|Mercury_192290|reference_C
arc,C,Mercury_7018148,Mercury_7018148,0.9,R,1,1,B,B,True,True,265.04863193258643,284.4394389539957,-19.390807021409273,19.390807021409273,0,0.9900708806565748,0.9893444719380048,0.0007264087185700681,328.53816001506164,286.084286,42.453874015061615,342.356339,13.818178984938356,33.0040140543133,231.9246029946953,0.12001488357782364,284.3167991377413,0.12263981625437737,-57.91690004600429,-54.159683005304714,-9.32984507717049,5.572628036470917,True,True,True,True,False,arc|Mercury_7018148|policy_C,arc|Mercury_7018148|reference_C
arc,C,Mercury_SC_407695,Mercury_SC_407695,0.9,R,1,1,D,D,True,True,265.5347839463502,450.6136360578239,-185.07885211147368,185.07885211147368,0,0.9900526686728777,0.9831193372417373,0.006933331431140393,346.1998149445857,287.947684,58.25213094458568,548.274545,202.0747300554143,32.71134500391781,232.7025020495057,0.12093689292669296,450.4768291953951,0.13680686242878437,-97.66090894217609,-55.24518195049427,-25.419849047741174,-16.995877943940627,True,True,True,True,False,arc|Mercury_SC_407695|policy_C,arc|Mercury_SC_407695|reference_C
arc,C,Mercury_SC_400172,Mercury_SC_400172,0.9,R,1,1,A,A,True,True,232.71336290054023,249.00042614899576,-16.287063248455524,16.287063248455524,0,0.9912822083396492,0.9906720705186438,0.0006101378210054704,286.6955579031543,245.283615,41.411942903154255,307.27599,20.580432096845698,33.18982291966677,199.40331391990185,0.1202260609716177,248.87761496938765,0.12281117960810661,-58.27556385100422,-45.88030108009815,-8.10189392251587,-4.293368848390173,True,True,True,True,False,arc|Mercury_SC_400172|policy_C,arc|Mercury_SC_400172|reference_C
arc,C,Mercury_7264023,Mercury_7264023,0.9,R,1,1,D,D,True,True,236.28667602315545,248.77845984883606,-12.491783825680614,12.491783825680614,0,0.99114834666986,0.9906803857092125,0.00046796096064739617,288.45619548887123,246.669212,41.786983488871215,303.167643,14.711447511128767,33.25837105512619,202.90428213775158,0.12402283027768135,248.6567220184952,0.12173783034086227,-54.389183151163934,-43.76492986224841,-8.404589603467343,-2.219663685448154,True,True,True,True,False,arc|Mercury_7264023|policy_C,arc|Mercury_7264023|reference_C
arc,C,MCAS_2000_8_10,MCAS_2000_8_10,0.9,R,1,1,B,B,True,True,265.3992099221796,214.83834902755916,50.56086089462042,-50.56086089462042,0,0.9900577474791935,0.9919518331730849,-0.0018940856938914244,328.7246900313876,286.470625,42.25406503138757,261.397632,-67.3270580313876,33.17854180932045,232.1021151728928,0.11855293996632099,214.7231639828533,0.11518504470586777,-46.559282972440826,-54.368509827107175,-8.956970282100798,16.766197136767175,True,True,True,True,False,arc|MCAS_2000_8_10|policy_C,arc|MCAS_2000_8_10|reference_C
arc,C,Mercury_7207620,Mercury_7207620,0.9,R,1,1,A,A,True,True,264.87022801302373,221.2134189903736,43.65680902265012,-43.65680902265012,0,0.9900775639350198,0.9917130134892332,-0.0016354495542133794,329.56745091618774,287.23021,42.33724091618776,263.536682,-66.03076891618775,32.948148902505636,231.80331592448056,0.11876318603754044,221.09728096984327,0.11613802053034306,-42.32326300962637,-55.42689407551944,-9.270328827644583,22.37395989353763,True,True,True,True,False,arc|Mercury_7207620|policy_C,arc|Mercury_7207620|reference_C
arc,C,TIMSS_2003_8_pg14,TIMSS_2003_8_pg14,0.9,C,0,0,D,D,True,True,410.73084715753794,377.57429713383317,33.15655002370477,-33.15655002370477,0,-0.015386593659123617,-0.01414449955812352,-0.0012420941010000983,504.0649283129859,462.398944,41.6659843129859,462.398944,-41.66598431298593,32.763582887127995,377.83491611480713,0.13234815560281277,377.44292011484504,0.13137701898813248,-84.8246468661668,-84.56402788519284,-8.77005327025509,8.50943428928116,True,True,True,True,False,arc|TIMSS_2003_8_pg14|policy_C,arc|TIMSS_2003_8_pg14|reference_C
arc,C,MCAS_2009_8_5,MCAS_2009_8_5,0.9,R,1,1,D,D,True,True,232.62263205833733,516.6240788530558,-284.0014467947185,284.0014467947185,0,0.9912856072531007,0.9806464870344104,0.010639120218690281,288.8193711402092,247.45702,41.3623511402092,627.259114,338.4397428597907,32.793208956718445,199.70981893129647,0.11960417032241821,516.4859001524746,0.13817870058119297,-110.63503514694412,-47.74720106870353,-8.449538013168336,-54.43829606507222,True,True,True,True,False,arc|MCAS_2009_8_5|policy_C,arc|MCAS_2009_8_5|reference_C
arc,C,Mercury_7215180,Mercury_7215180,0.9,R,1,1,C,C,True,True,265.41925803758204,285.6785331387073,-20.25927510112524,20.25927510112524,0,0.990056996446717,0.9892980536111187,0.0007589428355982533,342.45284101389694,287.759028,54.69381301389694,344.146229,1.6933879861030618,32.87309897132218,232.4238291475922,0.12232991866767406,285.5548709630966,0.1236621756106615,-58.467695861292725,-55.335198852407814,-21.69838412390709,18.56588711502218,True,True,True,True,False,arc|Mercury_7215180|policy_C,arc|Mercury_7215180|reference_C
arc,C,Mercury_SC_415354,Mercury_SC_415354,0.9,R,1,1,C,C,True,True,232.29815298691392,183.2586971577257,49.03945582918823,-49.03945582918823,0,0.9912977627258572,0.993134854303785,-0.0018370915779277925,287.99720782100843,246.367152,41.63005582100844,222.104418,-65.89278982100842,33.15061912871897,199.02666797861457,0.12086587958037853,183.14943206496537,0.10926509276032448,-38.84572084227432,-47.340484021385436,-8.35857081270909,16.853333991820193,True,True,True,True,False,arc|Mercury_SC_415354|policy_C,arc|Mercury_SC_415354|reference_C
arc,C,Mercury_7171938,Mercury_7171938,0.9,R,1,1,D,D,True,True,265.31132496893406,223.72229606844485,41.58902890048921,-41.58902890048921,0,0.9900610397813756,0.9916190271904,-0.0015579874090244166,329.9446310742542,288.455954,41.488677074254156,262.860304,-67.08432707425419,32.82365598715842,232.36846504732966,0.11920393444597721,223.60550612211227,0.11678994633257389,-39.13800793155514,-56.087488952670356,-8.54581715264976,25.49529817376498,True,True,True,True,False,arc|Mercury_7171938|policy_C,arc|Mercury_7171938|reference_C
arc,C,MCAS_1999_8_22,MCAS_1999_8_22,0.9,R,1,1,B,B,True,True,264.5626401063055,313.43978201039135,-48.877141904085875,48.877141904085875,0,0.9900890866394085,0.9882580755845972,0.0018310110548113744,287.18855993914406,245.854755,41.33380493914402,380.706052,93.51749206085594,33.16474612802267,231.27788887359202,0.12000510469079018,313.3127340115607,0.12704799883067608,-67.26626998960865,-14.576866126407992,-8.049053706430556,-44.64035015677007,True,True,True,True,False,arc|MCAS_1999_8_22|policy_C,arc|MCAS_1999_8_22|reference_C
arc,C,MEA_2016_5_7,MEA_2016_5_7,0.9,R,1,1,B,B,True,True,266.23277296312153,550.685988040641,-284.4532150775194,284.4532150775194,0,0.9900265209572777,0.9793704768210302,0.01065604413624759,328.25271700848555,287.55836,40.694357008485554,665.936566,337.6838489915144,32.84021792933345,233.27353317290545,0.11902186088263988,550.5470579955727,0.138930045068264,-115.25057795935902,-54.28482682709455,-7.735117218269465,-53.23063391399501,True,True,True,True,False,arc|MEA_2016_5_7|policy_C,arc|MEA_2016_5_7|reference_C
arc,C,MCAS_2005_8_5,MCAS_2005_8_5,0.9,R,1,1,D,D,True,True,265.72498213499784,522.1835689153522,-256.4585867803544,256.4585867803544,0,0.9900455435634206,0.9804382201970582,0.00960732336636232,332.1086666531346,287.443885,44.66478165313458,628.654345,296.54567834686543,33.00843294709921,232.5969140511006,0.11963513679802418,522.0432050991803,0.14036381617188454,-106.47077608464781,-54.84697094889941,-11.53671356923735,-40.08709156651105,True,True,True,True,False,arc|MCAS_2005_8_5|policy_C,arc|MCAS_2005_8_5|reference_C
arc,C,Mercury_7141908,Mercury_7141908,0.9,R,1,1,C,C,True,True,266.1197108682245,221.13025304861367,44.989457819610834,-44.989457819610834,0,0.9900307564329536,0.9917161290101661,-0.001685372577212647,329.121536368056,287.693091,41.42844536805606,263.312924,-65.808612368056,32.52376290038228,233.47765603102744,0.118291936814785,221.0048281121999,0.12542493641376495,-42.18267095138634,-54.215434968972545,-8.786390530858995,20.81915454844517,True,True,True,True,False,arc|Mercury_7141908|policy_C,arc|Mercury_7141908|reference_C
arc,C,Mercury_7027230,Mercury_7027230,0.9,R,1,1,A,A,True,True,236.13326903432608,352.09991806186736,-115.96664902754128,115.96664902754128,0,0.9911540935257825,0.9868098088952381,0.004344284630544418,288.7700433445482,246.174592,42.59545134454822,425.431597,136.66155365545183,33.954027108848095,202.06085895188153,0.11838297359645367,351.9771678838879,0.1227501779794693,-73.33167893813265,-44.11373304811846,-8.523041262103675,-20.694904627910546,True,True,True,True,False,arc|Mercury_7027230|policy_C,arc|Mercury_7027230|reference_C
arc,C,Mercury_SC_405973,Mercury_SC_405973,0.9,R,1,1,B,B,True,True,232.8289388678968,221.68837999925017,11.140558868646622,-11.140558868646622,0,0.9912778786905402,0.9916952207373664,-0.00041734204682626207,288.0453521619083,246.343812,41.70154016190827,263.975656,-24.06969616190827,32.9895569011569,199.71443805843592,0.12494390830397606,221.572692040354,0.11568795889616013,-42.28727600074984,-46.6293739415641,-8.587039352447391,12.929137293261647,True,True,True,True,False,arc|Mercury_SC_405973|policy_C,arc|Mercury_SC_405973|reference_C
arc,C,Mercury_7245053,Mercury_7245053,0.9,R,1,1,B,B,True,True,235.90743402019143,512.3434190172702,-276.4359849970788,276.4359849970788,0,0.9911625536441802,0.9808068469731439,0.010355706671036148,288.39789907403696,245.891608,42.50629107403696,625.975076,337.577176925963,32.98026998527348,202.8107459191233,0.11641811579465866,512.2144371271133,0.12898189015686512,-113.63165698272974,-43.0808620808767,-9.40960297296882,-61.14119192888421,True,True,True,True,False,arc|Mercury_7245053|policy_C,arc|Mercury_7245053|reference_C
arc,C,Mercury_7198380,Mercury_7198380,0.9,R,1,1,D,D,True,True,232.84297599457204,549.592416966334,-316.74944097176194,316.74944097176194,0,0.9912773528387182,0.9794114436339058,0.011865909204812494,288.23599298353304,246.606027,41.629965983533026,667.281844,379.04585101646694,33.03256817162037,199.69125394709408,0.11915387585759163,549.4521339423954,0.14028302393853664,-117.68942703366599,-46.91477305290593,-8.478243936055065,-62.296410044705,True,True,True,True,False,arc|Mercury_7198380|policy_C,arc|Mercury_7198380|reference_C
arc,C,NCEOGA_2013_5_43,NCEOGA_2013_5_43,0.9,R,1,1,B,B,True,True,265.88702481240034,451.2926400639117,-185.40561525151134,185.40561525151134,0,0.9900394732016499,0.9830939007331164,0.006945572468533454,329.99880386432216,287.333562,42.665241864322184,545.708712,215.70990813567784,32.66981802880764,233.08067116886377,0.1365356147289276,451.1603908613324,0.13224920257925987,-94.41607193608831,-54.2528908311362,-9.858888220785616,-30.3042928841665,True,True,True,True,False,arc|NCEOGA_2013_5_43|policy_C,arc|NCEOGA_2013_5_43|reference_C
arc,C,Mercury_SC_402239,Mercury_SC_402239,0.9,R,1,1,C,C,True,True,265.927170868963,522.8317838627845,-256.9046129938215,256.9046129938215,0,0.9900379692701491,0.9804139370927603,0.009624032177388884,329.6380730138147,287.175954,42.462119013814686,627.968761,298.3306879861853,32.95378992334008,232.85445710644126,0.1189238391816616,522.6921129506081,0.13967091217637062,-105.13697713721547,-54.32149689355873,-9.389405251292942,-41.426074992363795,True,True,True,True,False,arc|Mercury_SC_402239|policy_C,arc|Mercury_SC_402239|reference_C
arc,C,Mercury_SC_412337,Mercury_SC_412337,0.9,R,0,0,C,C,True,True,233.78799785859883,189.599301898852,44.18869595974684,-44.18869595974684,0,-0.008758049097906196,-0.007102674261162079,-0.0016553748367441167,287.80404600497303,246.41145,41.39259600497305,224.19543,-63.608616004973044,33.048107055947185,200.6132430396974,0.12664776295423508,189.48727194219828,0.11202995665371418,-34.596128101148,-45.79820696030259,-8.217841186071631,19.419920045226206,True,True,True,True,False,arc|Mercury_SC_412337|policy_C,arc|Mercury_SC_412337|reference_C
arc,C,Mercury_7238963,Mercury_7238963,0.9,R,1,1,A,A,True,True,232.32394200749695,188.9832760207355,43.34066598676145,-43.34066598676145,0,0.9912967966304609,0.9929204029923134,-0.001623606361852629,288.3212041598053,246.517811,41.803393159805296,223.780437,-64.54076715980528,32.89721393957734,199.30925709195435,0.11747097596526146,188.86491493321955,0.1183610875159502,-34.797160979264504,-47.208553908045644,-8.788708244262693,21.200101173043834,True,True,True,True,False,arc|Mercury_7238963|policy_C,arc|Mercury_7238963|reference_C
arc,C,Mercury_412683,Mercury_412683,0.9,R,1,1,D,D,True,True,265.5140748247504,384.71858901903033,-119.20451419427991,119.20451419427991,0,0.9900534444676379,0.9855878645509264,0.00446557991671154,328.0395431029103,286.758055,41.28148810291028,464.651565,136.61202189708973,32.848994014784694,232.54636907950044,0.11871173046529293,384.59577807225287,0.12281094677746296,-79.93297598096967,-54.211685920499576,-8.313782357660294,-17.407507702809824,True,True,True,True,False,arc|Mercury_412683|policy_C,arc|Mercury_412683|reference_C
arc,C,ACTAAP_2009_5_5,ACTAAP_2009_5_5,0.9,R,1,1,B,B,True,True,232.62156010605395,318.9256039913744,-86.30404388532043,86.30404388532043,0,0.9912856474100412,0.9880525684640782,0.003233078945963036,286.9124909542531,246.228304,40.68418695425308,383.988181,97.07569004574691,32.9327208455652,199.5704472064972,0.11839205399155617,318.80251201801,0.12309197336435318,-65.06257700862562,-46.657856793502816,-7.633074054696323,-10.771646160426485,True,True,True,True,False,arc|ACTAAP_2009_5_5|policy_C,arc|ACTAAP_2009_5_5|reference_C
arc,C,Mercury_SC_401244,Mercury_SC_401244,0.9,R,1,1,D,D,True,True,233.61714812926948,248.2929697725922,-14.675821643322706,14.675821643322706,0,0.9912483511892408,0.9906985728957373,0.0005497782935036466,286.8090968324177,245.282057,41.52703983241773,302.784667,15.975570167582305,33.09031599201262,200.40521398186684,0.12161815539002419,248.1690370477736,0.1239327248185873,-54.491697227407826,-44.87684301813317,-8.315105685015084,-1.2997485242595985,True,True,True,True,False,arc|Mercury_SC_401244|policy_C,arc|Mercury_SC_401244|reference_C
arc,C,AIMS_2009_4_29,AIMS_2009_4_29,0.9,R,1,1,D,D,True,True,266.4213068783283,655.8058890514076,-389.38458217307925,389.38458217307925,0,0.9900194581940002,0.9754325276420643,0.01458693055193589,328.35271195451605,287.058942,41.29376995451605,790.889207,462.536495045484,32.952397130429745,233.34966599941254,0.11924374848604202,655.6578408926725,0.14804815873503685,-135.08331794859248,-53.709276000587465,-8.222129075600265,-73.15191287240475,True,True,True,True,False,arc|AIMS_2009_4_29|policy_C,arc|AIMS_2009_4_29|reference_C
arc,C,Mercury_7018445,Mercury_7018445,0.9,R,1,1,D,D,True,True,281.05159290134907,248.02164104767144,33.02995185367763,-33.02995185367763,0,0.9894713857331396,0.9907087372767845,-0.0012373515436448941,327.20063734035745,285.872402,41.32823534035742,301.465977,-25.734660340357436,33.2482832018286,247.67770478501916,0.1256049145013094,247.89916002191603,0.12248102575540543,-53.44433595232857,-38.19469721498086,-7.954347224027515,-7.295291513320194,True,True,True,True,False,arc|Mercury_7018445|policy_C,arc|Mercury_7018445|reference_C
arc,C,Mercury_7103215,Mercury_7103215,0.9,R,1,1,C,C,True,True,269.0886508207768,320.61120588332415,-51.522555062547326,51.522555062547326,0,0.9899195354887163,0.9879894232886867,0.0019301122000295542,327.44562887340237,286.324887,41.12074187340236,384.70787,57.262241126597644,32.73005015216768,236.2376640085131,0.12093666009604931,320.4842880368233,0.12691784650087357,-64.09666411667587,-50.0872229914869,-8.269755061138632,-5.739686064050318,True,True,True,True,False,arc|Mercury_7103215|policy_C,arc|Mercury_7103215|reference_C
arc,C,Mercury_7032743,Mercury_7032743,0.9,R,1,1,C,C,True,True,241.8054488953203,184.96497790329158,56.84047099202871,-56.84047099202871,0,0.9909416051595287,0.9930709344675173,-0.002129329307988642,287.797533159839,245.888462,41.90907115983904,222.243444,-65.55408915983901,35.08200193755329,206.60456409677863,0.11888286098837852,184.84862917102873,0.11634873226284981,-37.27846609670843,-39.28389790322137,-6.708186361297372,8.713618167810296,True,True,True,True,False,arc|Mercury_7032743|policy_C,arc|Mercury_7032743|reference_C
arc,C,Mercury_7193043,Mercury_7193043,0.9,R,1,1,B,B,True,True,232.82164591364563,286.65883210487664,-53.83718619123101,53.83718619123101,0,0.9912781518955464,0.9892613301413299,0.0020168217542163975,303.92429096234633,246.791237,57.13305396234632,344.05722,40.13292903765364,32.878929981961846,199.82322212308645,0.11949380859732628,286.53642209246755,0.122410012409091,-57.398387895123335,-46.96801487691354,-24.134630171787144,13.704257153577373,True,True,True,True,False,arc|Mercury_7193043|policy_C,arc|Mercury_7193043|reference_C
arc,C,MEA_2013_5_3,MEA_2013_5_3,0.9,R,1,1,D,D,True,True,266.5715490002185,588.1136409007013,-321.5420919004828,321.5420919004828,0,0.9900138298987406,0.9779683808008313,0.012045449097909357,330.1273631365601,288.680945,41.446418136560084,706.967811,376.84044786343986,32.97832584939897,233.47322805784643,0.11999509297311306,587.9688300192356,0.14481088146567345,-118.8541700992987,-55.20771694215358,-8.348097194188,-55.29835596295709,True,True,True,True,False,arc|MEA_2013_5_3|policy_C,arc|MEA_2013_5_3|reference_C
arc,C,Mercury_176838,Mercury_176838,0.9,R,1,1,A,A,True,True,248.89254407025874,183.96426015533507,64.92828391492367,-64.92828391492367,0,0.9906761119431439,0.9931084228555014,-0.002432310912357555,292.12235971869586,247.160594,44.96176571869588,222.009132,-70.11322771869587,32.78151690028608,215.9890381153673,0.1219890546053648,183.84650885127485,0.11775130406022072,-38.044871844664925,-31.17155588463271,-12.058259763804436,5.1849438037721995,True,True,True,True,False,arc|Mercury_176838|policy_C,arc|Mercury_176838|reference_C
arc,C,MCAS_2011_5_17673,MCAS_2011_5_17673,0.9,R,1,1,A,A,True,True,271.30997786298394,616.2501641083509,-344.94018624536693,344.94018624536693,0,0.9898363212455713,0.9769143444347471,0.012921976810824196,330.0898447330991,287.974351,42.1154937330991,753.031521,422.9416762669009,33.022007904946804,238.16736391745508,0.12060604058206081,616.1054328549653,0.14473125338554382,-136.78135689164912,-49.806987082544936,-8.972879787570236,-78.00149002153398,True,True,True,True,False,arc|MCAS_2011_5_17673|policy_C,arc|MCAS_2011_5_17673|reference_C
arc,C,Mercury_7090720,Mercury_7090720,0.9,R,1,1,B,B,True,True,233.02953108213842,484.6232489217073,-251.59371783956885,251.59371783956885,0,0.9912703642052925,0.981845286127091,0.009425078078201513,288.855641104685,247.413562,41.44207910468495,587.709931,298.854289895315,32.70731819793582,200.20543388091028,0.11677900329232216,484.4901200849563,0.1331288367509842,-103.08668207829271,-47.208128119089736,-8.617981903456808,-47.26057205574614,True,True,True,True,False,arc|Mercury_7090720|policy_C,arc|Mercury_7090720|reference_C
arc,C,NCEOGA_2013_8_40,NCEOGA_2013_8_40,0.9,R,1,1,C,C,True,True,266.4094849023968,450.83905290812254,-184.42956800572574,184.42956800572574,0,0.9900199010629523,0.9831108927883843,0.006909008274568131,329.6512143328755,288.454057,41.19715733287549,546.308004,216.65678966712449,32.86569309420884,233.42117201536894,0.12261979281902313,450.70342789404094,0.13562501408159733,-95.46895109187744,-55.03288498463104,-8.208844445847632,-32.227221661398744,True,True,True,True,False,arc|NCEOGA_2013_8_40|policy_C,arc|NCEOGA_2013_8_40|reference_C
arc,C,Mercury_7164850,Mercury_7164850,0.9,R,1,1,A,A,True,True,233.2596790511161,456.14546607248485,-222.88578702136874,222.88578702136874,0,0.9912617425171367,0.9829121065912615,0.008349635925875286,289.39121797942414,246.742956,42.64826197942412,546.114868,256.72365002057586,33.19241595454514,199.9494112096727,0.11785188689827919,456.01173606701195,0.13373000547289848,-89.96940192751515,-46.7935447903273,-9.3379941379807,-33.83786299920712,True,True,True,True,False,arc|Mercury_7164850|policy_C,arc|Mercury_7164850|reference_C
arc,C,Mercury_7131828,Mercury_7131828,0.9,C,1,1,C,C,True,True,220.71878286078572,188.0190500523895,32.69973280839622,-32.69973280839622,0,0.9917315433006358,0.9929565243434931,-0.0012249810428573067,267.52226699831175,222.745322,44.776944998311755,222.745322,-44.77694499831176,32.85287995822728,187.7526610624045,0.11324184015393257,187.9072510637343,0.11179898865520954,-34.726271947610485,-34.992660937595474,-11.810823199930546,12.077212189915542,True,True,True,True,False,arc|Mercury_7131828|policy_C,arc|Mercury_7131828|reference_C
arc,C,Mercury_7245088,Mercury_7245088,0.9,C,1,1,D,D,True,True,253.46979196183383,221.198501996696,32.27128996513784,-32.27128996513784,0,0.9905046413709379,0.9917135723021929,-0.0012089309312550295,305.253848013264,262.797601,42.45624701326406,262.797601,-42.45624701326403,32.78850996866822,220.56001494638622,0.12126704677939415,221.07951901853085,0.11898297816514969,-41.59909900330399,-42.23758605361377,-9.546469997816445,10.184957048126194,True,True,True,True,False,arc|Mercury_7245088|policy_C,arc|Mercury_7245088|reference_C
arc,C,LEAP_2006_8_10412,LEAP_2006_8_10412,0.9,R,1,1,B,B,True,True,268.36387207731605,519.3184961099178,-250.9546240326017,250.9546240326017,0,0.9899466867876644,0.9805455501221566,0.00940113666550773,344.4974038800963,287.665779,56.831624880096314,628.771987,284.2745831199037,33.07041805237532,235.17304798588157,0.12040603905916214,519.1781718749553,0.14032423496246338,-109.45349089008221,-52.49273101411842,-23.640800788661835,-33.31995908730198,True,True,True,True,False,arc|LEAP_2006_8_10412|policy_C,arc|LEAP_2006_8_10412|reference_C
arc,C,Mercury_SC_415366,Mercury_SC_415366,0.9,R,1,1,B,B,True,True,236.5366059821099,583.6653751321137,-347.1287691500038,347.1287691500038,0,0.9911389839186853,0.9781350195092281,0.013003964409457214,287.9035718582176,246.591078,41.3124938582176,709.691354,421.78778214178243,33.0628240481019,203.35475890897214,0.11902302503585815,583.5229870863259,0.14238804578781128,-126.02597886788635,-43.236319091027866,-8.13064678507984,-74.65901299177864,True,True,True,True,False,arc|Mercury_SC_415366|policy_C,arc|Mercury_SC_415366|reference_C
arc,C,Mercury_180058,Mercury_180058,0.9,R,1,1,A,A,True,True,265.675368020311,520.4859448131174,-254.8105767928064,254.8105767928064,0,0.9900474021825812,0.9805018157424812,0.009545586440100114,330.28185890873056,287.335795,42.94606390873051,627.002346,296.72048709126943,32.85958198830485,232.69607219845057,0.11971383355557919,520.3438480384648,0.1420967746526003,-106.5164011868826,-54.63972280154945,-9.966768086870076,-41.909910298463046,True,True,True,True,False,arc|Mercury_180058|policy_C,arc|Mercury_180058|reference_C
arc,C,Mercury_7081760,Mercury_7081760,0.9,R,1,1,B,B,True,True,265.54141589440405,352.5499489624053,-87.00853306800127,87.00853306800127,0,0.9900524202301552,0.9867929500626266,0.003259470167528629,343.36935082887794,288.234133,55.13521782887793,425.190261,81.82091017112208,32.78055414557457,232.64353186823428,0.11732988059520721,352.4202359840274,0.12971297837793827,-72.6403120375947,-55.59060113176571,-22.23733380270815,5.187622896879191,True,True,True,True,False,arc|Mercury_7081760|policy_C,arc|Mercury_7081760|reference_C
arc,C,NYSEDREGENTS_2014_4_28,NYSEDREGENTS_2014_4_28,0.9,R,1,1,B,B,True,True,232.51050314866006,183.04046103730798,49.470042111352086,-49.470042111352086,0,0.9912898077702583,0.993143029756225,-0.001853221985966775,287.7505527865006,246.563996,41.186556786500574,222.699836,-65.05071678650057,33.0661591142416,199.32730379514396,0.1170402392745018,182.92823992669582,0.11222111061215401,-39.65937496269203,-47.23669220485604,-8.003357432984473,15.580674675148487,True,True,True,True,False,arc|NYSEDREGENTS_2014_4_28|policy_C,arc|NYSEDREGENTS_2014_4_28|reference_C
arc,C,Mercury_7085820,Mercury_7085820,0.9,R,1,1,D,D,True,True,266.26058598048985,214.73679109476507,51.52379488572478,-51.52379488572478,0,0.9900254790399257,0.9919556376855913,-0.001930158645665602,327.8354911275098,286.013856,41.82163512750983,262.238994,-65.59649712750979,33.23396504856646,232.9074579756707,0.11916295625269413,214.62075295858085,0.11603813618421555,-47.502202905234924,-53.10639802432928,-8.468507122690674,14.07270224178501,True,True,True,True,False,arc|Mercury_7085820|policy_C,arc|Mercury_7085820|reference_C
arc,C,NCEOGA_2013_8_4,NCEOGA_2013_8_4,0.9,R,1,1,D,D,True,True,265.0050811935216,482.86614287644625,-217.86106168292463,217.86106168292463,0,0.9900725121325893,0.9819111099553267,0.008161402177262564,330.0030790355321,287.047628,42.955451035532114,583.933383,253.93030396446795,32.76703902520239,232.11779701523483,0.12024515308439732,482.72601002827287,0.1401328481733799,-101.0672401235538,-54.92983098476515,-10.068166857245323,-36.069242281543325,True,True,True,True,False,arc|NCEOGA_2013_8_4|policy_C,arc|NCEOGA_2013_8_4|reference_C
arc,C,Mercury_7183015,Mercury_7183015,0.9,R,1,1,A,A,True,True,267.907225061208,287.6831339672208,-19.775908906012774,19.775908906012774,0,0.9899637934698897,0.9892229582570431,0.0007408352128467059,330.2372528525486,287.153558,43.0836948525486,343.077294,12.840041147451416,33.13201293349266,234.6549960784614,0.12021604925394058,287.55610599182546,0.12702797539532185,-55.39416003277921,-52.49856192153857,-9.831465869801995,6.935867758561358,True,True,True,True,False,arc|Mercury_7183015|policy_C,arc|Mercury_7183015|reference_C
arc,C,AKDE&ED_2008_8_44,AKDE&ED_2008_8_44,0.9,C,0,0,D,D,True,True,385.5584010016173,355.4176290053874,30.140771996229887,-30.140771996229887,0,-0.014443596065717245,-0.01331447753350142,-0.0011291185322158247,466.0187021376347,424.961239,41.057463137634755,424.961239,-41.05746313763473,33.13119197264314,352.2987780161202,0.12843101285398006,355.28614092618227,0.13148807920515537,-69.54360999461255,-72.66246098387978,-7.797840152137638,10.91669114140484,True,True,True,True,False,arc|AKDE&ED_2008_8_44|policy_C,arc|AKDE&ED_2008_8_44|reference_C
arc,C,Mercury_SC_LBS10598,Mercury_SC_LBS10598,0.9,C,1,1,A,A,True,True,315.05375797860324,283.5491879377514,31.50457004085183,-31.50457004085183,0,0.9881976136237527,0.9893778220765111,-0.0011802084527585022,383.38376888173445,341.919448,41.46432088173449,341.919448,-41.464320881734466,33.11590291559696,281.8131619133055,0.12469314970076084,283.4283020347357,0.12088590301573277,-58.370260062248576,-60.10628608669447,-8.223724816436764,9.959750840882634,True,True,True,True,False,arc|Mercury_SC_LBS10598|policy_C,arc|Mercury_SC_LBS10598|reference_C
arc,C,Mercury_7282608,Mercury_7282608,0.9,R,1,1,C,C,True,True,233.8278340175748,487.3176231049001,-253.48978908732533,253.48978908732533,0,0.9912404585798216,0.9817443508284415,0.00949610775138013,288.7098958419962,246.497521,42.212374841996194,588.132561,299.42266515800384,33.39496604166925,200.31404588371515,0.11882209219038486,487.1788630262017,0.13876007869839668,-100.81493789509989,-46.18347511628485,-8.69858670813656,-45.9328760706785,True,True,True,True,False,arc|Mercury_7282608|policy_C,arc|Mercury_7282608|reference_C
arc,C,Mercury_7145513,Mercury_7145513,0.9,R,1,1,B,B,True,True,232.55064897239208,387.73203711025417,-155.1813881378621,155.1813881378621,0,0.9912883038474798,0.9854749762650491,0.005813327582430667,305.0098240284518,246.917705,58.0921190284518,464.839317,159.82949297154818,33.02738699130714,199.4041781872511,0.11908379383385181,387.6016130670905,0.1304240431636572,-77.10727988974583,-47.51352681274892,-24.945648243310806,-4.648104833686091,True,True,True,True,False,arc|Mercury_7145513|policy_C,arc|Mercury_7145513|reference_C
arc,C,NYSEDREGENTS_2014_4_22,NYSEDREGENTS_2014_4_22,0.9,R,1,1,A,A,True,True,234.802934108302,187.48842482455075,47.31450928375125,-47.31450928375125,0,0.9912039298677056,0.9929764023605024,-0.0017724724927969213,288.63484285199667,247.521163,41.11367985199666,222.074284,-66.56055885199666,32.75365405716002,201.92992594093084,0.11935411021113396,187.37853900529444,0.1098858192563057,-34.58585917544926,-45.59123705906916,-8.240671684625504,19.24604956824541,True,True,True,True,False,arc|NYSEDREGENTS_2014_4_22|policy_C,arc|NYSEDREGENTS_2014_4_22|reference_C
arc,C,Mercury_7284043,Mercury_7284043,0.9,R,1,1,C,C,True,True,233.26120199635625,421.76140495575964,-188.5002029594034,188.5002029594034,0,0.9912616854653236,0.9842001850991574,0.007061500366166111,290.3011640232845,246.644839,43.65632502328455,507.354415,217.0532509767155,32.97025989741087,200.17261989414692,0.11832220479846,421.6259310487658,0.13547390699386597,-85.59301004424037,-46.47221910585307,-10.567742921075222,-28.553048017312108,True,True,True,True,False,arc|Mercury_7284043|policy_C,arc|Mercury_7284043|reference_C
arc,C,Mercury_7192990,Mercury_7192990,0.9,R,1,1,A,A,True,True,232.75515297427773,188.65629588253796,44.098857091739774,-44.098857091739774,0,0.9912806428207991,0.9929326521587831,-0.001652009337984073,297.68303113405216,246.394997,51.288034134052154,222.445155,-75.23787613405216,32.941835932433605,199.69347096048295,0.11984608136117458,188.54320398531854,0.11309189721941948,-33.78885911746204,-46.701526039517034,-18.226352120257374,31.139019042312384,True,True,True,True,False,arc|Mercury_7192990|policy_C,arc|Mercury_7192990|reference_C
arc,C,Mercury_SC_415348,Mercury_SC_415348,0.9,R,1,1,D,D,True,True,233.92029898241162,476.49221611209214,-242.57191712968051,242.57191712968051,0,0.991236994703535,0.9821498868132492,0.009087107890285722,288.8687130570364,247.564385,41.3043280570364,583.389556,294.52084294296355,32.74505794979632,201.05495490133762,0.1202861312776804,476.35825420729816,0.13396190479397774,-106.89733988790783,-46.509430098662364,-8.438983975962401,-51.94892581328304,True,True,True,True,False,arc|Mercury_SC_415348|policy_C,arc|Mercury_SC_415348|reference_C
arc,C,Mercury_7008120,Mercury_7008120,0.9,R,1,1,A,A,True,True,318.27575294300914,282.12999599054456,36.14575695246458,-36.14575695246458,0,0.9880769128591713,0.9894309871357394,-0.0013540742765680244,327.3538621844417,285.943954,41.40990818444168,343.136807,15.782944815558267,33.17007492296398,284.98394903726876,0.12172898277640343,282.00231678783894,0.12767920270562172,-61.00681100945542,-0.9600049627312615,-8.118104278701303,-51.92870176802285,True,True,True,True,False,arc|Mercury_7008120|policy_C,arc|Mercury_7008120|reference_C
arc,C,Mercury_SC_LBS10040,Mercury_SC_LBS10040,0.9,R,1,1,D,D,True,True,265.78463381156325,247.96594702638686,17.818686785176396,-17.818686785176396,0,0.9900433089221348,0.9907108236583667,-0.000667514736231988,328.2528831101359,286.683661,41.56922211013591,301.037744,-27.215139110135908,33.24472508393228,232.42057394236326,0.11933478526771069,247.84432910382748,0.12161792255938053,-53.07179697361312,-54.26308705763671,-8.20516224093592,9.396452324959512,True,True,True,True,False,arc|Mercury_SC_LBS10040|policy_C,arc|Mercury_SC_LBS10040|reference_C
arc,C,MCAS_2013_8_29421,MCAS_2013_8_29421,0.9,R,1,1,A,A,True,True,266.2615068256855,190.11042290367186,76.15108392201364,-76.15108392201364,0,0.9900254445436834,0.9928781783792806,-0.0028527338355972855,329.53103293959805,288.114151,41.416881939598085,223.563416,-105.96761693959806,32.958156894892454,233.18292503245175,0.1204248983412981,189.98283403925598,0.12758886441588402,-33.45299309632813,-54.931225967548244,-8.338300146364332,29.81653301758442,True,True,True,True,False,arc|MCAS_2013_8_29421|policy_C,arc|MCAS_2013_8_29421|reference_C
arc,C,Mercury_7044100,Mercury_7044100,0.9,C,0,0,B,B,True,True,379.8227410297841,346.7976781539619,33.02506287582219,-33.02506287582219,0,-0.014228729639286779,-0.012991561244086153,-0.0012371683952006251,465.2468560096407,423.378089,41.86876700964069,423.378089,-41.86876700964069,32.955321948975325,346.7299009207636,0.13751816004514694,346.66044102050364,0.13723713345825672,-76.58041084603809,-76.64818807923638,-8.77592690062022,8.843704133818505,True,True,True,True,False,arc|Mercury_7044100|policy_C,arc|Mercury_7044100|reference_C
arc,C,Mercury_7241115,Mercury_7241115,0.9,C,0,0,D,D,True,True,347.6867461577058,315.2445168234408,32.442229334264994,-32.442229334264994,0,-0.013024867065169731,-0.011809532488726354,-0.0012153345764433774,431.23825502495777,383.301336,47.936919024957774,383.301336,-47.936919024957774,33.15788181498647,314.40190598368645,0.12695835903286934,315.11755916289985,0.12695766054093838,-68.0568191765592,-68.89943001631354,-14.652078850938437,15.49468969069278,True,True,True,True,False,arc|Mercury_7241115|policy_C,arc|Mercury_7241115|reference_C
arc,C,Mercury_415263,Mercury_415263,0.9,R,1,1,C,C,True,True,265.4708849731833,283.3056210074574,-17.8347360342741,17.8347360342741,0,0.9900550624242653,0.9893869464590872,0.0006681159651781688,327.3938780547743,286.258308,41.135570054774284,342.501156,15.10727794522569,33.11016201041639,232.2420289274305,0.11869403533637524,283.18079793825746,0.1248230691999197,-59.195534992542605,-54.01627907256949,-7.90671400902152,2.7274580890484117,True,True,True,True,False,arc|Mercury_415263|policy_C,arc|Mercury_415263|reference_C
arc,C,MCAS_2012_8_23636,MCAS_2012_8_23636,0.9,R,1,1,D,D,True,True,233.74687298201025,484.5141440164298,-250.76727103441954,250.76727103441954,0,0.9912434915016609,0.9818493733605076,0.009394118141153405,289.46594707833697,246.551362,42.914585078336955,586.180015,296.71406792166306,32.782858004793525,200.84414002485573,0.11987495236098766,484.3741918448359,0.1399521715939045,-101.66587098357024,-45.70722197514428,-10.011852121182443,-45.94679688724352,True,True,True,True,False,arc|MCAS_2012_8_23636|policy_C,arc|MCAS_2012_8_23636|reference_C
arc,C,Mercury_7245893,Mercury_7245893,0.9,R,1,1,B,B,True,True,239.40037796273828,184.45267109200358,54.94770687073469,-54.94770687073469,0,0.9910317027244354,0.9930901262491637,-0.0020584235247282263,289.2993799399493,246.354821,42.944558939949275,222.187999,-67.1113809399493,34.41086201928556,204.86813806928694,0.12137787416577339,184.3414909671992,0.11118012480437756,-37.73532790799641,-41.486682930713044,-8.412319046497942,12.163674069214608,True,True,True,True,False,arc|Mercury_7245893|policy_C,arc|Mercury_7245893|reference_C
arc,C,Mercury_7139790,Mercury_7139790,0.9,R,1,1,C,C,True,True,269.27526108920574,224.01948412880301,45.25577696040273,-45.25577696040273,0,0.9899125447881326,0.9916078940798564,-0.0016953492917237928,340.25903771158653,287.684631,52.57440671158648,263.479797,-76.77924071158651,32.922159880399704,236.22842808254063,0.12467312626540661,223.84559805504978,0.17388607375323772,-39.460312871197004,-51.45620291745939,-19.527573704921366,31.523463751183783,True,True,True,True,False,arc|Mercury_7139790|policy_C,arc|Mercury_7139790|reference_C
arc,C,TIMSS_2011_8_pg63,TIMSS_2011_8_pg63,0.9,R,1,1,C,C,True,True,242.18875891529024,422.6347131188959,-180.44595420360565,180.44595420360565,0,0.9909272457911891,0.9841674696653439,0.006759776125845226,287.3365928456092,245.866609,41.469983845609185,504.041459,216.7048661543908,37.3336561024189,204.68128705397248,0.17381575889885426,422.4382950924337,0.1964180264621973,-81.40674588110409,-41.18532194602753,-3.9625119842914316,-36.25891195078515,True,True,True,True,False,arc|TIMSS_2011_8_pg63|policy_C,arc|TIMSS_2011_8_pg63|reference_C
arc,C,MCAS_2006_9_33,MCAS_2006_9_33,0.9,R,1,1,D,D,True,True,265.64799691550434,818.9199971966445,-553.2720002811402,553.2720002811402,0,0.9900484275452259,0.9693220284685302,0.020726399076695688,329.19320610138345,287.944983,41.248223101383445,992.757691,663.5644848986166,33.433469012379646,232.0941719226539,0.12035598047077656,818.751190090552,0.1688071060925722,-173.83769380335548,-55.850811077346066,-7.694398108533022,-110.29248461747636,True,True,True,True,False,arc|MCAS_2006_9_33|policy_C,arc|MCAS_2006_9_33|reference_C
arc,C,Mercury_184258,Mercury_184258,0.9,R,1,1,A,A,True,True,300.10589701123536,183.73522395268083,116.37067305855453,-116.37067305855453,0,0.9887575829184129,0.9931170028952229,-0.00435941997681009,287.7595421512938,246.385229,41.374313151293755,222.335177,-65.42436515129378,33.43226690776646,266.55261404812336,0.12101605534553528,183.6240158881992,0.11120806448161602,-38.59995304731916,20.16738504812335,-7.8210301881817585,-50.946307907260746,True,True,True,True,False,arc|Mercury_184258|policy_C,arc|Mercury_184258|reference_C
arc,C,VASoL_2008_5_19,VASoL_2008_5_19,0.9,R,1,1,D,D,True,True,265.9717940259725,384.79904597625136,-118.82725195027888,118.82725195027888,0,0.9900362976197498,0.9855848505126179,0.004451447107131873,328.91748708499955,287.423117,41.49437008499956,466.592417,137.67492991500046,33.0010571051389,232.8498000279069,0.12093689292669296,384.66610689647496,0.1329390797764063,-81.79337102374865,-54.573316972093096,-8.372376086933969,-18.847677964721584,True,True,True,True,False,arc|VASoL_2008_5_19|policy_C,arc|VASoL_2008_5_19|reference_C
arc,C,Mercury_7234483,Mercury_7234483,0.9,C,0,0,C,C,True,True,221.23178513720632,187.29029409587383,33.94149104133248,-33.94149104133248,0,-0.008287674534177643,-0.007016175365191541,-0.0012714991689861028,262.99434579759776,222.577655,40.41669079759777,222.577655,-40.41669079759777,32.873598858714104,188.24579613283277,0.11239014565944672,187.17903504148126,0.11125905439257622,-35.28736090412616,-34.33185886716723,-7.430701793224216,6.475199756265283,True,True,True,True,False,arc|Mercury_7234483|policy_C,arc|Mercury_7234483|reference_C
arc,C,ACTAAP_2010_5_10,ACTAAP_2010_5_10,0.9,R,1,1,A,A,True,True,266.5510338265449,417.74294804781675,-151.19191422127187,151.19191422127187,0,0.9900145984279206,0.9843507225228916,0.0056638759050291355,327.78536576405406,287.353195,40.43217076405406,506.468412,178.68304623594594,33.17118878476322,233.26147417537868,0.11837086640298367,417.6063120830804,0.13663596473634243,-88.72546395218325,-54.09172082462135,-7.142611112887856,-27.491132014674065,True,True,True,True,False,arc|ACTAAP_2010_5_10|policy_C,arc|ACTAAP_2010_5_10|reference_C
arc,C,Mercury_7007875,Mercury_7007875,0.9,R,1,1,B,B,True,True,232.69878095015883,285.50084005109966,-52.802059100940824,52.802059100940824,0,0.9912827546013845,0.9893047102607324,0.0019780443406520903,286.96074210090325,245.304508,41.65623410090327,341.848093,54.88735089909676,33.2137590739876,199.36479697935283,0.12022489681839943,285.3719990234822,0.12884102761745453,-56.34725294890035,-45.93971102064717,-8.322250130097267,-2.085291798155936,True,True,True,True,False,arc|Mercury_7007875|policy_C,arc|Mercury_7007875|reference_C
arc,C,Mercury_180443,Mercury_180443,0.9,R,0,0,A,A,True,True,264.90175700746477,182.9869558569044,81.91480115056038,-81.91480115056038,0,-0.009923617188407612,-0.00685496585945555,-0.0030686513289520604,327.64519292666097,285.988909,41.65628392666101,222.049938,-105.59525492666097,33.40551792643964,231.37689591385424,0.11934316717088223,182.875688187778,0.11126766912639141,-39.06298214309561,-54.61201308614574,-8.131422833050486,23.68045377610059,True,True,True,True,False,arc|Mercury_180443|policy_C,arc|Mercury_180443|reference_C
arc,C,Mercury_7159268,Mercury_7159268,0.9,C,0,0,B,B,True,True,221.4428479783237,216.82823891751468,4.614609060809016,-4.614609060809016,0,-0.008295581264814722,-0.008122711087164917,-0.0001728701776498048,264.5383339331214,223.513702,41.02463193312144,223.513702,-41.02463193312141,33.03997404873371,188.28899087384343,0.11388305574655533,216.71451698057353,0.11372193694114685,-6.685463082485313,-35.22471112615656,-7.870774828641174,36.410022872312396,True,True,True,True,False,arc|Mercury_7159268|policy_C,arc|Mercury_7159268|reference_C
arc,C,Mercury_7221865,Mercury_7221865,0.9,R,1,1,C,C,True,True,265.8296141307801,522.3146739881486,-256.48505985736847,256.48505985736847,0,0.9900416238919033,0.9804333088043646,0.00960831508753871,328.0760842127213,286.837681,41.238403212721344,627.567988,299.4919037872787,33.00596005283296,232.7042210381478,0.11943303979933262,522.1769069321454,0.13776705600321293,-105.25331401185144,-54.13345996185217,-8.11301012008905,-43.00684392991025,True,True,True,True,False,arc|Mercury_7221865|policy_C,arc|Mercury_7221865|reference_C
arc,C,Mercury_SC_401663,Mercury_SC_401663,0.9,R,1,1,B,B,True,True,232.68037615343928,282.0654090028256,-49.385032849386334,49.385032849386334,0,0.991283444072678,0.9894334066611843,0.0018500374114937812,289.31573994432404,245.335441,43.98029894432402,341.818241,52.502501055675964,33.42786896973848,199.11925704218447,0.13325014151632786,281.93903202190995,0.12637698091566563,-59.75283199717438,-46.21618395781553,-10.419179833069208,-3.1174682062896295,True,True,True,True,False,arc|Mercury_SC_401663|policy_C,arc|Mercury_SC_401663|reference_C
arc,C,Mercury_184765,Mercury_184765,0.9,R,1,1,B,B,True,True,232.5661019422114,549.2030719760805,-316.63697003386915,316.63697003386915,0,0.9912877249560499,0.979426029081285,0.011861695874764865,287.1118008799627,246.316743,40.795057879962684,667.486318,380.3745171200373,33.02182978950441,199.42639209330082,0.11788005940616131,549.0548240486532,0.14824792742729187,-118.28324602391945,-46.89035090669918,-7.655348031052114,-63.73754708616815,True,True,True,True,False,arc|Mercury_184765|policy_C,arc|Mercury_184765|reference_C
arc,C,Mercury_7143518,Mercury_7143518,0.9,R,1,1,D,D,True,True,232.80321597121656,518.2435128372163,-285.4402968659997,285.4402968659997,0,0.9912788423088359,0.9805858206081011,0.01069302170073483,288.8459459911321,247.166518,41.67942799113214,628.377928,339.5319820088679,33.09606807306409,199.59107995964587,0.11606793850660324,518.097419058904,0.14609377831220627,-110.13441516278374,-47.57543804035413,-8.467291979561445,-54.09168514286819,True,True,True,True,False,arc|Mercury_7143518|policy_C,arc|Mercury_7143518|reference_C
arc,C,MCAS_2010_8_12010,MCAS_2010_8_12010,0.9,R,1,1,C,C,True,True,265.5159670393914,451.1782319750637,-185.66226493567228,185.66226493567228,0,0.9900533735824391,0.9830981866317446,0.006955186950694353,333.1206727725779,287.362202,45.75847077257788,547.630869,214.51019622742206,32.90258604101837,232.49473795294762,0.11864304542541504,451.0423671454191,0.13586482964456081,-96.45263702493628,-54.86746404705241,-12.737241686134098,-28.847931291749774,True,True,True,True,False,arc|MCAS_2010_8_12010|policy_C,arc|MCAS_2010_8_12010|reference_C
arc,C,Mercury_7026443,Mercury_7026443,0.9,R,1,1,D,D,True,True,266.80078194476664,216.16363595239818,50.63714599236846,-50.63714599236846,0,0.9900052424887726,0.9919021859368586,-0.0018969434480859747,329.8219259637345,287.313791,42.508134963734506,262.014734,-67.80719196373451,33.14125305041671,233.54163812473416,0.11789076961576939,216.04646695777774,0.11716899462044239,-45.851098047601795,-53.77215287526582,-9.248991143702028,17.17004597136605,True,True,True,True,False,arc|Mercury_7026443|policy_C,arc|Mercury_7026443|reference_C
arc,C,Mercury_7250023,Mercury_7250023,0.9,R,1,1,A,A,True,True,233.5160500369966,291.69230116531253,-58.176251128315926,58.176251128315926,0,0.9912521384754315,0.9890727688397752,0.0021793696356563054,288.9103768824501,247.475621,41.434755882450105,344.012805,55.10242811754989,32.75033086538315,200.64877113327384,0.11694803833961487,291.56529321335256,0.1270079519599676,-52.320503834687486,-46.82684986672615,-8.567476978727342,3.0738230107660343,True,True,True,True,False,arc|Mercury_7250023|policy_C,arc|Mercury_7250023|reference_C
arc,C,Mercury_SC_401714,Mercury_SC_401714,0.9,R,1,1,B,B,True,True,233.067360939458,484.14755100384355,-251.08019006438553,251.08019006438553,0,0.9912689470420899,0.9818631064846739,0.00940584055741606,287.9340811809983,247.376224,40.557857180998326,585.359353,297.42527181900175,32.742285868152976,200.20571094937623,0.11936412192881107,484.0105138719082,0.13703713193535805,-101.21180199615651,-47.17051305062378,-7.696207190916539,-46.34508175461622,True,True,True,True,False,arc|Mercury_SC_401714|policy_C,arc|Mercury_SC_401714|reference_C
arc,C,Mercury_7100695,Mercury_7100695,0.9,R,1,1,D,D,True,True,236.45710805431008,313.75977606512606,-77.30266801081598,77.30266801081598,0,0.991141962030313,0.9882460881272936,0.002895873903019388,289.32300194558786,245.919023,43.40397894558787,382.03735,92.71434805441214,33.39843498542905,202.9267658945173,0.13190717436373234,313.6290099937469,0.13076607137918472,-68.27757393487394,-42.99225710548271,-9.873636785795092,-15.411680043596164,True,True,True,True,False,arc|Mercury_7100695|policy_C,arc|Mercury_7100695|reference_C
arc,C,ACTAAP_2007_7_25,ACTAAP_2007_7_25,0.9,R,1,1,A,A,True,True,232.3454450815916,220.9768071770668,11.368637904524803,-11.368637904524803,0,0.9912959910930491,0.9917218773226937,-0.0004258862296445451,287.8676599470858,246.625657,41.24200294708586,222.570939,-65.29672094708582,32.849024049937725,199.37694584950805,0.11947518214583397,220.86290316656232,0.11390401050448418,-1.5941318229332069,-47.24871115049194,-8.273503715002299,53.92808304256101,True,True,True,True,False,arc|ACTAAP_2007_7_25|policy_C,arc|ACTAAP_2007_7_25|reference_C
arc,C,Mercury_7135310,Mercury_7135310,0.9,R,0,0,D,D,True,True,265.6139249447733,221.0261591244489,44.58776582032442,-44.58776582032442,0,-0.009950296067640219,-0.008279971475286549,-0.001670324592353671,328.4836857761745,287.155852,41.32783377617454,262.708093,-65.7755927761745,32.933000940829515,232.5613999273628,0.11952407658100128,220.90451116673648,0.12164795771241188,-41.681933875551124,-54.59445207263718,-8.275308758764027,21.187826955850085,True,True,True,True,False,arc|Mercury_7135310|policy_C,arc|Mercury_7135310|reference_C
arc,C,Mercury_400905,Mercury_400905,0.9,R,0,0,A,A,True,True,266.1639368161559,189.12299000658095,77.04094680957496,-77.04094680957496,0,-0.009970900337397956,-0.007084830903176912,-0.0028860694342210448,335.8763818593126,287.325352,48.551029859312536,224.181931,-111.69445085931258,32.97463012859225,233.06757886894047,0.12172781862318516,189.01068880222738,0.11230120435357094,-35.05894099341904,-54.25777313105954,-15.454671912097098,34.65350404973762,True,True,True,True,False,arc|Mercury_400905|policy_C,arc|Mercury_400905|reference_C
arc,C,Mercury_7159775,Mercury_7159775,0.9,R,1,0,A,B,True,True,265.9793999046087,452.2278788499534,-186.2484789453447,186.2484789453447,1,0.9900360126921267,-0.016941134714731434,1.006977147406858,330.4931438864842,287.509089,42.984054886484145,546.591495,216.09835111351583,33.05361699312925,232.80196101404727,0.12382189743220806,452.09043100476265,0.13744784519076347,-94.3636161500466,-54.70712798595275,-9.806615995922684,-29.849872168171146,True,True,True,True,False,arc|Mercury_7159775|policy_C,arc|Mercury_7159775|reference_C
