pair,dataset,id,row,fold,path,sha256,dimension,dtype,config_sha256
large,obqa,10,0,0,$DATA_DIR/P2_E1_DIRECTION_20260913T053456Z/features/large/obqa/00000.npz,455341de4a23a8f523667237e3fe5e48482639fcc6cb6944759c91e1fbf23da4,8192,float32,ca2386f24d445258fc1244651ef6164bedaed16011ff4e7a0eff25b7fba9a542
large,obqa,10-100,1,0,$DATA_DIR/P2_E1_DIRECTION_20260913T053456Z/features/large/obqa/00001.npz,cc6708260ef972d55f9999e951818d4a6f06b2c902101f6c8a1caf0c1949a85d,8192,float32,ca2386f24d445258fc1244651ef6164bedaed16011ff4e7a0eff25b7fba9a542
large,obqa,10-1001,2,0,$DATA_DIR/P2_E1_DIRECTION_20260913T053456Z/features/large/obqa/00002.npz,133d29fa6ade9f3dfb4818b43f3e349394472987db54a66e48a723e75a70d82a,8192,float32,ca2386f24d445258fc1244651ef6164bedaed16011ff4e7a0eff25b7fba9a542
large,obqa,10-1017,10,0,$DATA_DIR/P2_E1_DIRECTION_20260913T053456Z/features/large/obqa/00010.npz,2aee7ca1d7e9d1cfcf08d819cc45a0b232f7a1a4de817af77d5ca73b309c3f86,8192,float32,ca2386f24d445258fc1244651ef6164bedaed16011ff4e7a0eff25b7fba9a542
large,obqa,10-1036,19,0,$DATA_DIR/P2_E1_DIRECTION_20260913T053456Z/features/large/obqa/00019.npz,67fe4a292182ba8c6331cef610cd9c170e3737731e1185623fb55a22e14a1c9e,8192,float32,ca2386f24d445258fc1244651ef6164bedaed16011ff4e7a0eff25b7fba9a542
large,obqa,10-1043,24,0,$DATA_DIR/P2_E1_DIRECTION_20260913T053456Z/features/large/obqa/00024.npz,645817577c4ab176627adf00d6f91d8862851cb47d6a07377d3582a76510e101,8192,float32,ca2386f24d445258fc1244651ef6164bedaed16011ff4e7a0eff25b7fba9a542
large,obqa,10-1047,26,0,$DATA_DIR/P2_E1_DIRECTION_20260913T053456Z/features/large/obqa/00026.npz,b9a5d872e396bb0cda2656f2fa514af05478e169148cee0f3ff185fcadac8579,8192,float32,ca2386f24d445258fc1244651ef6164bedaed16011ff4e7a0eff25b7fba9a542
large,obqa,10-1048,27,0,$DATA_DIR/P2_E1_DIRECTION_20260913T053456Z/features/large/obqa/00027.npz,08ae754e25459bbe74d908dfbc07a6048af5d6e2062776fbcd31bd554c4399f6,8192,float32,ca2386f24d445258fc1244651ef6164bedaed16011ff4e7a0eff25b7fba9a542
large,obqa,10-106,35,0,$DATA_DIR/P2_E1_DIRECTION_20260913T053456Z/features/large/obqa/00035.npz,6e56dd90c4086bc29b7035aefd76ee2068629627ba1515c04b5dcdc3bff8dc32,8192,float32,ca2386f24d445258fc1244651ef6164bedaed16011ff4e7a0eff25b7fba9a542
large,obqa,10-1088,47,0,$DATA_DIR/P2_E1_DIRECTION_20260913T053456Z/features/large/obqa/00047.npz,2f2c612cb46077bc1d686d1ada0bd5c60b930f89e00a5b9799878e83f0649108,8192,float32,ca2386f24d445258fc1244651ef6164bedaed16011ff4e7a0eff25b7fba9a542
large,obqa,10-11,54,0,$DATA_DIR/P2_E1_DIRECTION_20260913T053456Z/features/large/obqa/00054.npz,8b84923973771298bef74b2d4607ce2862f65da332ddf5ca651b8ffbea651422,8192,float32,ca2386f24d445258fc1244651ef6164bedaed16011ff4e7a0eff25b7fba9a542
large,obqa,10-1107,59,0,$DATA_DIR/P2_E1_DIRECTION_20260913T053456Z/features/large/obqa/00059.npz,4a52bd0a1c43c69287c28e1da42fcad19de6f0be6b0aefe7869c455eafc01ab9,8192,float32,ca2386f24d445258fc1244651ef6164bedaed16011ff4e7a0eff25b7fba9a542
large,obqa,10-1108,60,0,$DATA_DIR/P2_E1_DIRECTION_20260913T053456Z/features/large/obqa/00060.npz,2e0dd67432de33a59132c79d41f64f6ad0e36a9c89e5e88d76c06063edb0acb7,8192,float32,ca2386f24d445258fc1244651ef6164bedaed16011ff4e7a0eff25b7fba9a542
large,obqa,10-1117,64,0,$DATA_DIR/P2_E1_DIRECTION_20260913T053456Z/features/large/obqa/00064.npz,5c436d6bb36efe9bd5346eda12349b659b57af3c44edf280ad5b37c7711be238,8192,float32,ca2386f24d445258fc1244651ef6164bedaed16011ff4e7a0eff25b7fba9a542
large,obqa,10-1127,73,0,$DATA_DIR/P2_E1_DIRECTION_20260913T053456Z/features/large/obqa/00073.npz,1200690795da9d729c035a837b9de9b2432469136a9601c1d56e795667dd6517,8192,float32,ca2386f24d445258fc1244651ef6164bedaed16011ff4e7a0eff25b7fba9a542
large,obqa,10-1131,76,0,$DATA_DIR/P2_E1_DIRECTION_20260913T053456Z/features/large/obqa/00076.npz,d569335ee05b03345e44d0b3d71a779cd4136cb5eadbaaa7c6bb6952e0b909cc,8192,float32,ca2386f24d445258fc1244651ef6164bedaed16011ff4e7a0eff25b7fba9a542
large,obqa,10-1140,80,0,$DATA_DIR/P2_E1_DIRECTION_20260913T053456Z/features/large/obqa/00080.npz,bafade6c72ddf9b4c31ac637798bab97b9dbfe01f0415cbf8926d7f7d0f97e7a,8192,float32,ca2386f24d445258fc1244651ef6164bedaed16011ff4e7a0eff25b7fba9a542
large,obqa,10-1146,82,0,$DATA_DIR/P2_E1_DIRECTION_20260913T053456Z/features/large/obqa/00082.npz,cc40fb55a49bf56be27e4d7bebb17c598c91f9c0efefe46b0e1fb9cb3892ba39,8192,float32,ca2386f24d445258fc1244651ef6164bedaed16011ff4e7a0eff25b7fba9a542
large,obqa,10-1151,84,0,$DATA_DIR/P2_E1_DIRECTION_20260913T053456Z/features/large/obqa/00084.npz,ee9d68320982c1e49b7af7e3809479f0c92da4959931ef7888bc7a24d33bc47a,8192,float32,ca2386f24d445258fc1244651ef6164bedaed16011ff4e7a0eff25b7fba9a542
large,obqa,10-1153,85,0,$DATA_DIR/P2_E1_DIRECTION_20260913T053456Z/features/large/obqa/00085.npz,2d16cf0e3e9187526cb978b4066813768863bf1f165b229af11dd068213b78f9,8192,float32,ca2386f24d445258fc1244651ef6164bedaed16011ff4e7a0eff25b7fba9a542
large,obqa,10-120,105,0,$DATA_DIR/P2_E1_DIRECTION_20260913T053456Z/features/large/obqa/00105.npz,27a541ad83825ff80150c728649548b776a25d300993bf69c58d0dcb05e44727,8192,float32,ca2386f24d445258fc1244651ef6164bedaed16011ff4e7a0eff25b7fba9a542
large,obqa,10-1218,115,0,$DATA_DIR/P2_E1_DIRECTION_20260913T053456Z/features/large/obqa/00115.npz,ae35ce3d984edb82aabddd01466441f1a34ac202d1a1289d27c5c9823e7449c1,8192,float32,ca2386f24d445258fc1244651ef6164bedaed16011ff4e7a0eff25b7fba9a542
large,obqa,10-138,130,0,$DATA_DIR/P2_E1_DIRECTION_20260913T053456Z/features/large/obqa/00130.npz,3b0d4118af6f7a65c4f63ac0c3e78e39077ff5243616ea27b0827241bd38b385,8192,float32,ca2386f24d445258fc1244651ef6164bedaed16011ff4e7a0eff25b7fba9a542
large,obqa,10-143,136,0,$DATA_DIR/P2_E1_DIRECTION_20260913T053456Z/features/large/obqa/00136.npz,c81f7fa22419214dc122f88a51cb552a0c996d67fb861c7c484d51c2901c70e5,8192,float32,ca2386f24d445258fc1244651ef6164bedaed16011ff4e7a0eff25b7fba9a542
large,obqa,10-147,139,0,$DATA_DIR/P2_E1_DIRECTION_20260913T053456Z/features/large/obqa/00139.npz,0e4090c1750db1d1aada8706eefe7f0124579d2ff52a26cd10df256f710c8584,8192,float32,ca2386f24d445258fc1244651ef6164bedaed16011ff4e7a0eff25b7fba9a542
large,obqa,10-15,140,0,$DATA_DIR/P2_E1_DIRECTION_20260913T053456Z/features/large/obqa/00140.npz,4d443164138a62e05da5f0d13dd316b06cbe282e6e906e5c341a7d8136e06cf9,8192,float32,ca2386f24d445258fc1244651ef6164bedaed16011ff4e7a0eff25b7fba9a542
large,obqa,10-156,143,0,$DATA_DIR/P2_E1_DIRECTION_20260913T053456Z/features/large/obqa/00143.npz,3fa613705a5706cb42ed1dfb419cbbdd1cf32f98a079b382a038aa828ae3226b,8192,float32,ca2386f24d445258fc1244651ef6164bedaed16011ff4e7a0eff25b7fba9a542
large,obqa,10-158,145,0,$DATA_DIR/P2_E1_DIRECTION_20260913T053456Z/features/large/obqa/00145.npz,155299128db1db2ba4d9051f8b8bef85a7c7262d92a359fb9c364eb6434bf76a,8192,float32,ca2386f24d445258fc1244651ef6164bedaed16011ff4e7a0eff25b7fba9a542
large,obqa,10-175,153,0,$DATA_DIR/P2_E1_DIRECTION_20260913T053456Z/features/large/obqa/00153.npz,a49e06a1b1cb69eed7541693ac1a04339a45588bec5dcac08f75d5d8072195c0,8192,float32,ca2386f24d445258fc1244651ef6164bedaed16011ff4e7a0eff25b7fba9a542
large,obqa,10-183,157,0,$DATA_DIR/P2_E1_DIRECTION_20260913T053456Z/features/large/obqa/00157.npz,d11387921c883941b10d9860e31c3c4f5fac64cec0fec6db57ef8116a9f504d4,8192,float32,ca2386f24d445258fc1244651ef6164bedaed16011ff4e7a0eff25b7fba9a542
large,obqa,10-202,164,0,$DATA_DIR/P2_E1_DIRECTION_20260913T053456Z/features/large/obqa/00164.npz,ddd405efd1225f5710d2fb0ec948258d172029e059ab0f12f558018ba43d4517,8192,float32,ca2386f24d445258fc1244651ef6164bedaed16011ff4e7a0eff25b7fba9a542
large,obqa,10-219,170,0,$DATA_DIR/P2_E1_DIRECTION_20260913T053456Z/features/large/obqa/00170.npz,4d7cfc602bbf9df9d5ad7450ede1597d52c5a9ef73a94ad1c19bb83d85883f2d,8192,float32,ca2386f24d445258fc1244651ef6164bedaed16011ff4e7a0eff25b7fba9a542
large,obqa,10-221,173,0,$DATA_DIR/P2_E1_DIRECTION_20260913T053456Z/features/large/obqa/00173.npz,2e58705a9c9cbdd6421d2d4e803e5b26474f9b071e046f0ad412d285bbf13163,8192,float32,ca2386f24d445258fc1244651ef6164bedaed16011ff4e7a0eff25b7fba9a542
large,obqa,10-227,176,0,$DATA_DIR/P2_E1_DIRECTION_20260913T053456Z/features/large/obqa/00176.npz,4883f99439cd749dc3fc420ed8ff47a9301547d9222b8f09224e93b2d42243b0,8192,float32,ca2386f24d445258fc1244651ef6164bedaed16011ff4e7a0eff25b7fba9a542
large,obqa,10-231,179,0,$DATA_DIR/P2_E1_DIRECTION_20260913T053456Z/features/large/obqa/00179.npz,3979681044fe7bf914b99048487ecc9923b1b1ab6a8180ac04867af6048f2715,8192,float32,ca2386f24d445258fc1244651ef6164bedaed16011ff4e7a0eff25b7fba9a542
large,obqa,10-257,189,0,$DATA_DIR/P2_E1_DIRECTION_20260913T053456Z/features/large/obqa/00189.npz,6ddccbf4990b56c9a542e34bf788c2e47e602b49f018e2830842443d842b68d7,8192,float32,ca2386f24d445258fc1244651ef6164bedaed16011ff4e7a0eff25b7fba9a542
large,obqa,10-265,193,0,$DATA_DIR/P2_E1_DIRECTION_20260913T053456Z/features/large/obqa/00193.npz,d3dff7939c0be7707af3af79d6de6c14385e7f05260ff7c9b16b392d70136d2c,8192,float32,ca2386f24d445258fc1244651ef6164bedaed16011ff4e7a0eff25b7fba9a542
large,obqa,10-268,195,0,$DATA_DIR/P2_E1_DIRECTION_20260913T053456Z/features/large/obqa/00195.npz,d903a501e05b276774e4edd7bbefb63d66eff6331a987b43aea91c136503c436,8192,float32,ca2386f24d445258fc1244651ef6164bedaed16011ff4e7a0eff25b7fba9a542
large,obqa,10-271,197,0,$DATA_DIR/P2_E1_DIRECTION_20260913T053456Z/features/large/obqa/00197.npz,ec5be2e631190f95466dd82a6c5f7f2d13cc3b8b9492bc6231a5e631a2c0697a,8192,float32,ca2386f24d445258fc1244651ef6164bedaed16011ff4e7a0eff25b7fba9a542
large,obqa,10-282,202,0,$DATA_DIR/P2_E1_DIRECTION_20260913T053456Z/features/large/obqa/00202.npz,363d27b48683c4c50afdd1701e47eddaddd9c9af60d412a1c604f2d5a1766be9,8192,float32,ca2386f24d445258fc1244651ef6164bedaed16011ff4e7a0eff25b7fba9a542
large,obqa,10-287,204,0,$DATA_DIR/P2_E1_DIRECTION_20260913T053456Z/features/large/obqa/00204.npz,a9bc0c0f7b679065da01b482de637b04a82607d9c0c4321941255773b49d4265,8192,float32,ca2386f24d445258fc1244651ef6164bedaed16011ff4e7a0eff25b7fba9a542
large,obqa,10-290,206,0,$DATA_DIR/P2_E1_DIRECTION_20260913T053456Z/features/large/obqa/00206.npz,929b101fce30e60687e813456a3df2783eac272ff3217c1aaeccde70ec236725,8192,float32,ca2386f24d445258fc1244651ef6164bedaed16011ff4e7a0eff25b7fba9a542
large,obqa,10-296,208,0,$DATA_DIR/P2_E1_DIRECTION_20260913T053456Z/features/large/obqa/00208.npz,ca03ee96e1a814f9f7fcec24280fbeae9724764fbc5d116df5e18a7636c23c6f,8192,float32,ca2386f24d445258fc1244651ef6164bedaed16011ff4e7a0eff25b7fba9a542
large,obqa,10-297,209,0,$DATA_DIR/P2_E1_DIRECTION_20260913T053456Z/features/large/obqa/00209.npz,72382c5f35e24c8b6fdacb97d8ec8fcf29e058d15fe5a74337103ea8d8080a80,8192,float32,ca2386f24d445258fc1244651ef6164bedaed16011ff4e7a0eff25b7fba9a542
large,obqa,10-3,210,0,$DATA_DIR/P2_E1_DIRECTION_20260913T053456Z/features/large/obqa/00210.npz,cbc5d99179593d07f641b13ac5c7412b996a30f0ce238724ce6c93aeadbfcfb4,8192,float32,ca2386f24d445258fc1244651ef6164bedaed16011ff4e7a0eff25b7fba9a542
large,obqa,10-305,214,0,$DATA_DIR/P2_E1_DIRECTION_20260913T053456Z/features/large/obqa/00214.npz,edb4f3892ce8de73dd75400487131949cfdc02e0196f4e980957e8f4a4e2a782,8192,float32,ca2386f24d445258fc1244651ef6164bedaed16011ff4e7a0eff25b7fba9a542
large,obqa,10-309,216,0,$DATA_DIR/P2_E1_DIRECTION_20260913T053456Z/features/large/obqa/00216.npz,baa699f87497586e42c425b8a97a23f2b34b25ca670f247de702b30c0aa693fe,8192,float32,ca2386f24d445258fc1244651ef6164bedaed16011ff4e7a0eff25b7fba9a542
large,obqa,10-342,231,0,$DATA_DIR/P2_E1_DIRECTION_20260913T053456Z/features/large/obqa/00231.npz,afa9b7a6e386232b74347932244c2a0ad339a1fc781a156ecdcb234c6acc0f2f,8192,float32,ca2386f24d445258fc1244651ef6164bedaed16011ff4e7a0eff25b7fba9a542
large,obqa,10-36,240,0,$DATA_DIR/P2_E1_DIRECTION_20260913T053456Z/features/large/obqa/00240.npz,a9a96a9eb6e630ebf18ae30d195ba2b4474b572175e5fd38b617ccdbe735dd7a,8192,float32,ca2386f24d445258fc1244651ef6164bedaed16011ff4e7a0eff25b7fba9a542
large,obqa,10-362,241,0,$DATA_DIR/P2_E1_DIRECTION_20260913T053456Z/features/large/obqa/00241.npz,88fa52526713fee4ab0b27ee8aa44c8f82e154d6bc49ad0ecd08987270c3a79f,8192,float32,ca2386f24d445258fc1244651ef6164bedaed16011ff4e7a0eff25b7fba9a542
large,obqa,10-37,244,0,$DATA_DIR/P2_E1_DIRECTION_20260913T053456Z/features/large/obqa/00244.npz,4eff3a08dda8a276de9b91efe72e76a0fb8f3957f9e01a4c8e939007d04a699e,8192,float32,ca2386f24d445258fc1244651ef6164bedaed16011ff4e7a0eff25b7fba9a542
large,obqa,10-371,246,0,$DATA_DIR/P2_E1_DIRECTION_20260913T053456Z/features/large/obqa/00246.npz,a5bab598e6a466eb4c0552a361ed8528d91064f5e8aac1e31d9b8eeae8dc5998,8192,float32,ca2386f24d445258fc1244651ef6164bedaed16011ff4e7a0eff25b7fba9a542
large,obqa,10-379,247,0,$DATA_DIR/P2_E1_DIRECTION_20260913T053456Z/features/large/obqa/00247.npz,49d4e86f8f066b4fb7771544190e52ff533158e47ba1189c8ecbfeeeb62a23d0,8192,float32,ca2386f24d445258fc1244651ef6164bedaed16011ff4e7a0eff25b7fba9a542
large,obqa,10-383,251,0,$DATA_DIR/P2_E1_DIRECTION_20260913T053456Z/features/large/obqa/00251.npz,30a89aab4a0f5af5b4cb7b3c10c47bc0bb619efa6862756f70363e4e0fcf401d,8192,float32,ca2386f24d445258fc1244651ef6164bedaed16011ff4e7a0eff25b7fba9a542
large,obqa,10-39,253,0,$DATA_DIR/P2_E1_DIRECTION_20260913T053456Z/features/large/obqa/00253.npz,ec7e8a9bb54ac79538e221f76fc83ab97462562297a237c57291d9654fcc431d,8192,float32,ca2386f24d445258fc1244651ef6164bedaed16011ff4e7a0eff25b7fba9a542
large,obqa,10-398,258,0,$DATA_DIR/P2_E1_DIRECTION_20260913T053456Z/features/large/obqa/00258.npz,f2945eaa02e103882ec978f2aa036f4ac452982140324d42535031340f9da3c6,8192,float32,ca2386f24d445258fc1244651ef6164bedaed16011ff4e7a0eff25b7fba9a542
large,obqa,10-4,259,0,$DATA_DIR/P2_E1_DIRECTION_20260913T053456Z/features/large/obqa/00259.npz,b93c106c5b6520e220ac4fdebe2d01d61fd6359bcd21496b65ad491530cc6710,8192,float32,ca2386f24d445258fc1244651ef6164bedaed16011ff4e7a0eff25b7fba9a542
large,obqa,10-41,264,0,$DATA_DIR/P2_E1_DIRECTION_20260913T053456Z/features/large/obqa/00264.npz,285e477a8e07949135f58a3b43eec182c39bf189e59c2cd5e2fd59032d25a918,8192,float32,ca2386f24d445258fc1244651ef6164bedaed16011ff4e7a0eff25b7fba9a542
large,obqa,10-418,266,0,$DATA_DIR/P2_E1_DIRECTION_20260913T053456Z/features/large/obqa/00266.npz,4b15ae6063fbe6013b6770f4baa971fc695a31e8887f5efb39ff3a8e5c9953c8,8192,float32,ca2386f24d445258fc1244651ef6164bedaed16011ff4e7a0eff25b7fba9a542
large,obqa,10-452,284,0,$DATA_DIR/P2_E1_DIRECTION_20260913T053456Z/features/large/obqa/00284.npz,5d92d33be3d9bebd5bfa50fc760135a6bd71c0954300ac42abe90da1eb28cf2f,8192,float32,ca2386f24d445258fc1244651ef6164bedaed16011ff4e7a0eff25b7fba9a542
large,obqa,10-454,285,0,$DATA_DIR/P2_E1_DIRECTION_20260913T053456Z/features/large/obqa/00285.npz,8f0f3e85df198b349dd305212be0a730b5913ac15d174f1b29713ce37634146e,8192,float32,ca2386f24d445258fc1244651ef6164bedaed16011ff4e7a0eff25b7fba9a542
large,obqa,10-465,289,0,$DATA_DIR/P2_E1_DIRECTION_20260913T053456Z/features/large/obqa/00289.npz,cc063cdedd83407d60b2b94137f67ee006fb7bc91c6ba6040ac785f378f773ac,8192,float32,ca2386f24d445258fc1244651ef6164bedaed16011ff4e7a0eff25b7fba9a542
large,obqa,10-469,291,0,$DATA_DIR/P2_E1_DIRECTION_20260913T053456Z/features/large/obqa/00291.npz,19026e3c0a4e833a6af012a6defffefad1f3ac8cbc1d288a637484b188db1715,8192,float32,ca2386f24d445258fc1244651ef6164bedaed16011ff4e7a0eff25b7fba9a542
large,obqa,10-473,294,0,$DATA_DIR/P2_E1_DIRECTION_20260913T053456Z/features/large/obqa/00294.npz,68710af800b0e7ae72cf1e87b162a5dedc6fcbb58b225acd65e1c7e24b0a3d53,8192,float32,ca2386f24d445258fc1244651ef6164bedaed16011ff4e7a0eff25b7fba9a542
large,obqa,10-490,303,0,$DATA_DIR/P2_E1_DIRECTION_20260913T053456Z/features/large/obqa/00303.npz,18fc93db6aff1cdb01150a3c1b5fcdd2eaf5a85b85b41a5a47206b90e50c4535,8192,float32,ca2386f24d445258fc1244651ef6164bedaed16011ff4e7a0eff25b7fba9a542
large,obqa,10-492,305,0,$DATA_DIR/P2_E1_DIRECTION_20260913T053456Z/features/large/obqa/00305.npz,4941cafaf712703f4d721e5b3b0d00af4a4f307f2df70234c97853ecac9941ac,8192,float32,ca2386f24d445258fc1244651ef6164bedaed16011ff4e7a0eff25b7fba9a542
large,obqa,10-520,318,0,$DATA_DIR/P2_E1_DIRECTION_20260913T053456Z/features/large/obqa/00318.npz,a087da725298414caa7c9240297a823d5ecdbf6e4b291aad060fe9f7c4e0c077,8192,float32,ca2386f24d445258fc1244651ef6164bedaed16011ff4e7a0eff25b7fba9a542
large,obqa,10-539,324,0,$DATA_DIR/P2_E1_DIRECTION_20260913T053456Z/features/large/obqa/00324.npz,da349876d485589a60f5783bcbb037b37f88eb0fd2e85ee83cead6ab5d3a9e99,8192,float32,ca2386f24d445258fc1244651ef6164bedaed16011ff4e7a0eff25b7fba9a542
large,obqa,10-541,325,0,$DATA_DIR/P2_E1_DIRECTION_20260913T053456Z/features/large/obqa/00325.npz,d6afe1aec0b154c53d74cc39fc904c5ff72d8ec8981f8d282cfe93e3c1acf535,8192,float32,ca2386f24d445258fc1244651ef6164bedaed16011ff4e7a0eff25b7fba9a542
large,obqa,10-544,327,0,$DATA_DIR/P2_E1_DIRECTION_20260913T053456Z/features/large/obqa/00327.npz,4d12c6cc8c853ebb704dcf5f7ca564ab0247f0f6a4009b95715e682836b8982b,8192,float32,ca2386f24d445258fc1244651ef6164bedaed16011ff4e7a0eff25b7fba9a542
large,obqa,10-547,330,0,$DATA_DIR/P2_E1_DIRECTION_20260913T053456Z/features/large/obqa/00330.npz,dcea8f81e73654cc01eb4e77c12dfd63e0d017b70a90505c19c48b91d090ff39,8192,float32,ca2386f24d445258fc1244651ef6164bedaed16011ff4e7a0eff25b7fba9a542
large,obqa,10-550,333,0,$DATA_DIR/P2_E1_DIRECTION_20260913T053456Z/features/large/obqa/00333.npz,4f162512329c840eea4c4f1d668b89cce2be4b4d9280777f0261183a00ec3364,8192,float32,ca2386f24d445258fc1244651ef6164bedaed16011ff4e7a0eff25b7fba9a542
large,obqa,10-553,335,0,$DATA_DIR/P2_E1_DIRECTION_20260913T053456Z/features/large/obqa/00335.npz,9acd48027945394fb178606736704d035c5f91bf15c1d98387d2885dc8764536,8192,float32,ca2386f24d445258fc1244651ef6164bedaed16011ff4e7a0eff25b7fba9a542
large,obqa,10-554,336,0,$DATA_DIR/P2_E1_DIRECTION_20260913T053456Z/features/large/obqa/00336.npz,f7c3fda26bdabccd10d3fbbd6db296dd7d70dbc1a1596aa19cd08128ce5f93fa,8192,float32,ca2386f24d445258fc1244651ef6164bedaed16011ff4e7a0eff25b7fba9a542
large,obqa,10-56,339,0,$DATA_DIR/P2_E1_DIRECTION_20260913T053456Z/features/large/obqa/00339.npz,4c4abcdecf5dbd19f074be52ac9459199b4612b9545af280c8cf68062187ad93,8192,float32,ca2386f24d445258fc1244651ef6164bedaed16011ff4e7a0eff25b7fba9a542
large,obqa,10-573,344,0,$DATA_DIR/P2_E1_DIRECTION_20260913T053456Z/features/large/obqa/00344.npz,bc5adfa9d9a16e16be9832a189a0329abdb0f859da46e8904586a4ec6747f84c,8192,float32,ca2386f24d445258fc1244651ef6164bedaed16011ff4e7a0eff25b7fba9a542
large,obqa,10-615,372,0,$DATA_DIR/P2_E1_DIRECTION_20260913T053456Z/features/large/obqa/00372.npz,68c094a75a3477452529f68eeafe6dd795d322a1e67ee5ffb3a1245f4d834818,8192,float32,ca2386f24d445258fc1244651ef6164bedaed16011ff4e7a0eff25b7fba9a542
large,obqa,10-623,376,0,$DATA_DIR/P2_E1_DIRECTION_20260913T053456Z/features/large/obqa/00376.npz,69b813d0eca1a86cfb65e517672d4e46840cf786a94a6b8b4853258f7232ea89,8192,float32,ca2386f24d445258fc1244651ef6164bedaed16011ff4e7a0eff25b7fba9a542
large,obqa,10-630,381,0,$DATA_DIR/P2_E1_DIRECTION_20260913T053456Z/features/large/obqa/00381.npz,d9f2228322477be46c02bbcc7cac41d4ed42bb4855c980aa39e97115598b9600,8192,float32,ca2386f24d445258fc1244651ef6164bedaed16011ff4e7a0eff25b7fba9a542
large,obqa,10-634,384,0,$DATA_DIR/P2_E1_DIRECTION_20260913T053456Z/features/large/obqa/00384.npz,8c7c4fd4c5df9f5257a885b8bd4438108d3a262a6b35dac1640f65343f5d9b1a,8192,float32,ca2386f24d445258fc1244651ef6164bedaed16011ff4e7a0eff25b7fba9a542
large,obqa,10-642,387,0,$DATA_DIR/P2_E1_DIRECTION_20260913T053456Z/features/large/obqa/00387.npz,0e956f03bae7029d7ba35ea2fe771f0b26c41ea8035fac647cd79c43c9a55adf,8192,float32,ca2386f24d445258fc1244651ef6164bedaed16011ff4e7a0eff25b7fba9a542
large,obqa,10-65,393,0,$DATA_DIR/P2_E1_DIRECTION_20260913T053456Z/features/large/obqa/00393.npz,fb586463a665b4c6782844583e1cc4bd5a727e8ab159d292e5490db76296008b,8192,float32,ca2386f24d445258fc1244651ef6164bedaed16011ff4e7a0eff25b7fba9a542
large,obqa,10-66,399,0,$DATA_DIR/P2_E1_DIRECTION_20260913T053456Z/features/large/obqa/00399.npz,d4a523e510d0f28e8dcb612146e59592c266b683849fd3a38c01f2b82eb8728d,8192,float32,ca2386f24d445258fc1244651ef6164bedaed16011ff4e7a0eff25b7fba9a542
large,obqa,10-680,410,0,$DATA_DIR/P2_E1_DIRECTION_20260913T053456Z/features/large/obqa/00410.npz,84be477a4031f11c568ac7635f3224d2855ba2dbba56a826908292e16c9d73d8,8192,float32,ca2386f24d445258fc1244651ef6164bedaed16011ff4e7a0eff25b7fba9a542
large,obqa,10-682,411,0,$DATA_DIR/P2_E1_DIRECTION_20260913T053456Z/features/large/obqa/00411.npz,462788a9d3eac34d29223d14bd7357678548100bada2728bee14ba0cf9cb4ad8,8192,float32,ca2386f24d445258fc1244651ef6164bedaed16011ff4e7a0eff25b7fba9a542
large,obqa,10-685,413,0,$DATA_DIR/P2_E1_DIRECTION_20260913T053456Z/features/large/obqa/00413.npz,885a837858dffba8554760f02ef83b37a3a1cbf9704b8227ec1b627a30d5a11a,8192,float32,ca2386f24d445258fc1244651ef6164bedaed16011ff4e7a0eff25b7fba9a542
large,obqa,10-695,417,0,$DATA_DIR/P2_E1_DIRECTION_20260913T053456Z/features/large/obqa/00417.npz,f9141d7f606b3f8ae02dd516afc305ad4e037d2eb98d0a7a37f115a97258375f,8192,float32,ca2386f24d445258fc1244651ef6164bedaed16011ff4e7a0eff25b7fba9a542
large,obqa,10-698,418,0,$DATA_DIR/P2_E1_DIRECTION_20260913T053456Z/features/large/obqa/00418.npz,394ddda222055e1a3b03628e3912097a1261458975765582f06a39612b0c7624,8192,float32,ca2386f24d445258fc1244651ef6164bedaed16011ff4e7a0eff25b7fba9a542
large,obqa,10-710,421,0,$DATA_DIR/P2_E1_DIRECTION_20260913T053456Z/features/large/obqa/00421.npz,21ea2479c5fdc741c48c953f82a5a876860fc0119856bede7185b27f76a84908,8192,float32,ca2386f24d445258fc1244651ef6164bedaed16011ff4e7a0eff25b7fba9a542
large,obqa,10-718,423,0,$DATA_DIR/P2_E1_DIRECTION_20260913T053456Z/features/large/obqa/00423.npz,7ccdf75c9bb5e9fbd8f061152783bd5336b90ef5ef24468c96266da8efcde4aa,8192,float32,ca2386f24d445258fc1244651ef6164bedaed16011ff4e7a0eff25b7fba9a542
large,obqa,10-720,426,0,$DATA_DIR/P2_E1_DIRECTION_20260913T053456Z/features/large/obqa/00426.npz,2594aa5cd355cbeb043ff7822333575ba8b4cc6f7d4c1636fec040967da954eb,8192,float32,ca2386f24d445258fc1244651ef6164bedaed16011ff4e7a0eff25b7fba9a542
large,obqa,10-73,431,0,$DATA_DIR/P2_E1_DIRECTION_20260913T053456Z/features/large/obqa/00431.npz,39c6b4bfda3493ca4f127889ed0b26c488957d8b32c42e96e9adf2bf768a0dbb,8192,float32,ca2386f24d445258fc1244651ef6164bedaed16011ff4e7a0eff25b7fba9a542
large,obqa,10-730,432,0,$DATA_DIR/P2_E1_DIRECTION_20260913T053456Z/features/large/obqa/00432.npz,295dc0f31c3471af6f7b8249e6b2591ac16b6a53c466cde6417d370011a30e36,8192,float32,ca2386f24d445258fc1244651ef6164bedaed16011ff4e7a0eff25b7fba9a542
large,obqa,10-743,440,0,$DATA_DIR/P2_E1_DIRECTION_20260913T053456Z/features/large/obqa/00440.npz,65b1ecea06bd23cb12912f2abca2f1d4a7881f2e4b662b8bd05f030c089cf165,8192,float32,ca2386f24d445258fc1244651ef6164bedaed16011ff4e7a0eff25b7fba9a542
large,obqa,10-758,445,0,$DATA_DIR/P2_E1_DIRECTION_20260913T053456Z/features/large/obqa/00445.npz,3801b19cbfbd1eed755d3117f281274b03f812849134d2b306dcc673873be93d,8192,float32,ca2386f24d445258fc1244651ef6164bedaed16011ff4e7a0eff25b7fba9a542
large,obqa,10-772,451,0,$DATA_DIR/P2_E1_DIRECTION_20260913T053456Z/features/large/obqa/00451.npz,5566323de1fad8b5500f3416db0f3ae268f74286c5d194c867d1e21fe6e8cb54,8192,float32,ca2386f24d445258fc1244651ef6164bedaed16011ff4e7a0eff25b7fba9a542
large,obqa,10-776,454,0,$DATA_DIR/P2_E1_DIRECTION_20260913T053456Z/features/large/obqa/00454.npz,332bd39391244ee4b7b54af8120cfe72841344b34ceac0c15691e8724206e393,8192,float32,ca2386f24d445258fc1244651ef6164bedaed16011ff4e7a0eff25b7fba9a542
large,obqa,10-777,455,0,$DATA_DIR/P2_E1_DIRECTION_20260913T053456Z/features/large/obqa/00455.npz,8dbaf0697ed76678b75b6d69c1b985177aaf9171c24ec2651f0438b5d6c75d13,8192,float32,ca2386f24d445258fc1244651ef6164bedaed16011ff4e7a0eff25b7fba9a542
large,obqa,10-806,470,0,$DATA_DIR/P2_E1_DIRECTION_20260913T053456Z/features/large/obqa/00470.npz,705ff9b9d5d588d0f1901637bbdf2d4e9f3c1b512003ce8608ee5d719dd48425,8192,float32,ca2386f24d445258fc1244651ef6164bedaed16011ff4e7a0eff25b7fba9a542
large,obqa,10-821,480,0,$DATA_DIR/P2_E1_DIRECTION_20260913T053456Z/features/large/obqa/00480.npz,b8111ec40e77441be2169b043ef44f90f66575260179d0403c50f2fcd03ea289,8192,float32,ca2386f24d445258fc1244651ef6164bedaed16011ff4e7a0eff25b7fba9a542
large,obqa,10-836,489,0,$DATA_DIR/P2_E1_DIRECTION_20260913T053456Z/features/large/obqa/00489.npz,02eeee841ba93fb31e1ebd0707fb32b3b1a84d3ead3a03c89e335508447696f6,8192,float32,ca2386f24d445258fc1244651ef6164bedaed16011ff4e7a0eff25b7fba9a542
large,obqa,10-840,491,0,$DATA_DIR/P2_E1_DIRECTION_20260913T053456Z/features/large/obqa/00491.npz,c146c2570aab41548035254d5e0adfedb1faed4c12c86f70e7cd74ca0c54c4b0,8192,float32,ca2386f24d445258fc1244651ef6164bedaed16011ff4e7a0eff25b7fba9a542
large,obqa,10-857,496,0,$DATA_DIR/P2_E1_DIRECTION_20260913T053456Z/features/large/obqa/00496.npz,9e16ad27a54bda54ccfb208a0696afc9cb20461734862709b4ff141d53de0974,8192,float32,ca2386f24d445258fc1244651ef6164bedaed16011ff4e7a0eff25b7fba9a542
large,obqa,10-86,497,0,$DATA_DIR/P2_E1_DIRECTION_20260913T053456Z/features/large/obqa/00497.npz,449f0d19933eeb7e4113cbf6d56df141deb32a594efd8cfeee8d010f9b5850e1,8192,float32,ca2386f24d445258fc1244651ef6164bedaed16011ff4e7a0eff25b7fba9a542
large,obqa,10-865,500,0,$DATA_DIR/P2_E1_DIRECTION_20260913T053456Z/features/large/obqa/00500.npz,ee790c6ac07663694ae88bf29906842562d2b62bd707d1cb5d3aad4af6b55772,8192,float32,ca2386f24d445258fc1244651ef6164bedaed16011ff4e7a0eff25b7fba9a542
large,obqa,10-886,505,0,$DATA_DIR/P2_E1_DIRECTION_20260913T053456Z/features/large/obqa/00505.npz,58b7eb0ac3a72c24b5092a895338e44e9b8220ae3ed000b8b3eac7d64c15e1b2,8192,float32,ca2386f24d445258fc1244651ef6164bedaed16011ff4e7a0eff25b7fba9a542
large,obqa,10-889,507,0,$DATA_DIR/P2_E1_DIRECTION_20260913T053456Z/features/large/obqa/00507.npz,bb206671b5ed1d355b8b8a767658954acc08f3ddfb83c6677d9dba5890ef4747,8192,float32,ca2386f24d445258fc1244651ef6164bedaed16011ff4e7a0eff25b7fba9a542
large,obqa,10-898,513,0,$DATA_DIR/P2_E1_DIRECTION_20260913T053456Z/features/large/obqa/00513.npz,ef14e1b4fc082493cfc6cf36055d3b96072c962204be460effb7ec388c8b2cf5,8192,float32,ca2386f24d445258fc1244651ef6164bedaed16011ff4e7a0eff25b7fba9a542
large,obqa,10-910,519,0,$DATA_DIR/P2_E1_DIRECTION_20260913T053456Z/features/large/obqa/00519.npz,887d13af6376a4effebb31090ac66d0a83a4325936609e96b94f3c0e5de5285e,8192,float32,ca2386f24d445258fc1244651ef6164bedaed16011ff4e7a0eff25b7fba9a542
large,obqa,10-915,521,0,$DATA_DIR/P2_E1_DIRECTION_20260913T053456Z/features/large/obqa/00521.npz,318f7886d267fe5e9473203f28faebbad8ef4b530187b4b43777d0e5059170c6,8192,float32,ca2386f24d445258fc1244651ef6164bedaed16011ff4e7a0eff25b7fba9a542
large,obqa,10-929,530,0,$DATA_DIR/P2_E1_DIRECTION_20260913T053456Z/features/large/obqa/00530.npz,eb243f5b0b66c78b79c4618a5932fc866f62d869b6363f051a548e2f1180cc02,8192,float32,ca2386f24d445258fc1244651ef6164bedaed16011ff4e7a0eff25b7fba9a542
large,obqa,10-935,535,0,$DATA_DIR/P2_E1_DIRECTION_20260913T053456Z/features/large/obqa/00535.npz,09ef80b9aa625d521e6c602a9afa4bcff44371cdd853b3104cc4a365f4ad2703,8192,float32,ca2386f24d445258fc1244651ef6164bedaed16011ff4e7a0eff25b7fba9a542
large,obqa,10-940,538,0,$DATA_DIR/P2_E1_DIRECTION_20260913T053456Z/features/large/obqa/00538.npz,b7619f167750c48e14012e4140d1afa52657a874b07f8869ce0d73afd6233ad7,8192,float32,ca2386f24d445258fc1244651ef6164bedaed16011ff4e7a0eff25b7fba9a542
large,obqa,10-964,545,0,$DATA_DIR/P2_E1_DIRECTION_20260913T053456Z/features/large/obqa/00545.npz,3926e7c81cae32dd80e08a7fe660ac9286648b64f68a9941e945e11e97b2e8e1,8192,float32,ca2386f24d445258fc1244651ef6164bedaed16011ff4e7a0eff25b7fba9a542
large,obqa,10-976,549,0,$DATA_DIR/P2_E1_DIRECTION_20260913T053456Z/features/large/obqa/00549.npz,69a6bf383d93294cf39c91e40bc666e2ede445efb7a588cd116ae699fd11c062,8192,float32,ca2386f24d445258fc1244651ef6164bedaed16011ff4e7a0eff25b7fba9a542
large,obqa,10-981,551,0,$DATA_DIR/P2_E1_DIRECTION_20260913T053456Z/features/large/obqa/00551.npz,74488cdd2685da8501832f94371618abf953fff1aaed9beb3d18fa68e411158a,8192,float32,ca2386f24d445258fc1244651ef6164bedaed16011ff4e7a0eff25b7fba9a542
large,obqa,10-989,556,0,$DATA_DIR/P2_E1_DIRECTION_20260913T053456Z/features/large/obqa/00556.npz,5cf5d3c6ba1b7ed6f43ce7489444fe687d5734e6c3ef38c07ec252ee4dbfbfce,8192,float32,ca2386f24d445258fc1244651ef6164bedaed16011ff4e7a0eff25b7fba9a542
large,obqa,100,560,0,$DATA_DIR/P2_E1_DIRECTION_20260913T053456Z/features/large/obqa/00560.npz,c3eac6c9bf434d9afc8ab7712c86320762dd82d96d23ca349bff230671de6307,8192,float32,ca2386f24d445258fc1244651ef6164bedaed16011ff4e7a0eff25b7fba9a542
large,obqa,1005,563,0,$DATA_DIR/P2_E1_DIRECTION_20260913T053456Z/features/large/obqa/00563.npz,3eb78139b6f2e69548bff3b909daad15f4bee55229b717d3c5e4ea36a7d89279,8192,float32,ca2386f24d445258fc1244651ef6164bedaed16011ff4e7a0eff25b7fba9a542
large,obqa,1027,566,0,$DATA_DIR/P2_E1_DIRECTION_20260913T053456Z/features/large/obqa/00566.npz,21c2de83dcab137aea5a4314e938d4ae82c47f49fd1e585e8627c3f822b7d80c,8192,float32,ca2386f24d445258fc1244651ef6164bedaed16011ff4e7a0eff25b7fba9a542
large,obqa,1054,571,0,$DATA_DIR/P2_E1_DIRECTION_20260913T053456Z/features/large/obqa/00571.npz,e35b43e5859d8850d0e0ef40f01a667a8830b663725a2b45cee23f0d3b3b97c2,8192,float32,ca2386f24d445258fc1244651ef6164bedaed16011ff4e7a0eff25b7fba9a542
large,obqa,1091,575,0,$DATA_DIR/P2_E1_DIRECTION_20260913T053456Z/features/large/obqa/00575.npz,20014f8f7d4fd241d45a46490658272a3db8e59578fef1d6ebd75d08b70790df,8192,float32,ca2386f24d445258fc1244651ef6164bedaed16011ff4e7a0eff25b7fba9a542
large,obqa,11-111,585,0,$DATA_DIR/P2_E1_DIRECTION_20260913T053456Z/features/large/obqa/00585.npz,b8ea493885aa68cbd26a38551dc7db6160f1252060223bc5c6733e550b17a546,8192,float32,ca2386f24d445258fc1244651ef6164bedaed16011ff4e7a0eff25b7fba9a542
large,obqa,11-129,594,0,$DATA_DIR/P2_E1_DIRECTION_20260913T053456Z/features/large/obqa/00594.npz,6f7d09de920e2596fc5e20d4e205cd76e185d7cc095f670d5c738f99105b2258,8192,float32,ca2386f24d445258fc1244651ef6164bedaed16011ff4e7a0eff25b7fba9a542
large,obqa,11-13,595,0,$DATA_DIR/P2_E1_DIRECTION_20260913T053456Z/features/large/obqa/00595.npz,150c0697ecb4cf32bae595e9e08f48d7a12a630a1917036f8236fbc52943a1b0,8192,float32,ca2386f24d445258fc1244651ef6164bedaed16011ff4e7a0eff25b7fba9a542
large,obqa,11-132,597,0,$DATA_DIR/P2_E1_DIRECTION_20260913T053456Z/features/large/obqa/00597.npz,a2a72ae574f4ee9dcfe3eecd52daaa564d06ce4e6fdae5d2a6ae1a0c71f620c7,8192,float32,ca2386f24d445258fc1244651ef6164bedaed16011ff4e7a0eff25b7fba9a542
large,obqa,11-137,599,0,$DATA_DIR/P2_E1_DIRECTION_20260913T053456Z/features/large/obqa/00599.npz,0c2e9d3ce6c9243d6ba4a65ab57b9baf94a67c1272f690e80388fc41d8107402,8192,float32,ca2386f24d445258fc1244651ef6164bedaed16011ff4e7a0eff25b7fba9a542
large,obqa,11-144,601,0,$DATA_DIR/P2_E1_DIRECTION_20260913T053456Z/features/large/obqa/00601.npz,e24d41c02b55eee575ad3ccd75895483817cd4b6ab20098460d02c3ca35a0a61,8192,float32,ca2386f24d445258fc1244651ef6164bedaed16011ff4e7a0eff25b7fba9a542
large,obqa,11-159,608,0,$DATA_DIR/P2_E1_DIRECTION_20260913T053456Z/features/large/obqa/00608.npz,79ddf44e32fa445eb3b496fa758f079984ed78cdb81e4f5d9b39cf9b126127dd,8192,float32,ca2386f24d445258fc1244651ef6164bedaed16011ff4e7a0eff25b7fba9a542
large,obqa,11-184,617,0,$DATA_DIR/P2_E1_DIRECTION_20260913T053456Z/features/large/obqa/00617.npz,4f5c8910b39a4cd39a6aad6f74d161a9dec44d833a233e1e910cdfe9794da7b3,8192,float32,ca2386f24d445258fc1244651ef6164bedaed16011ff4e7a0eff25b7fba9a542
large,obqa,11-187,618,0,$DATA_DIR/P2_E1_DIRECTION_20260913T053456Z/features/large/obqa/00618.npz,6c1c031b37a6ea7ae2c52f3b11038b2cf14b30f70e08f8f521aacf08902cd5bd,8192,float32,ca2386f24d445258fc1244651ef6164bedaed16011ff4e7a0eff25b7fba9a542
large,obqa,11-192,622,0,$DATA_DIR/P2_E1_DIRECTION_20260913T053456Z/features/large/obqa/00622.npz,4dc82b42716a6fbabdb8b3988fa2611c0d03426d1d5a6421b8fbda1110ae279b,8192,float32,ca2386f24d445258fc1244651ef6164bedaed16011ff4e7a0eff25b7fba9a542
large,obqa,11-195,623,0,$DATA_DIR/P2_E1_DIRECTION_20260913T053456Z/features/large/obqa/00623.npz,ce8aa5d2e7ebf1836b0ba148c8d619bba045970a15499f4425be1ff16a36fe96,8192,float32,ca2386f24d445258fc1244651ef6164bedaed16011ff4e7a0eff25b7fba9a542
large,obqa,11-210,631,0,$DATA_DIR/P2_E1_DIRECTION_20260913T053456Z/features/large/obqa/00631.npz,e1d45881aa432438ba3ae07bb883d572129962b10a5a3832a68e6d0056278c6d,8192,float32,ca2386f24d445258fc1244651ef6164bedaed16011ff4e7a0eff25b7fba9a542
large,obqa,11-212,633,0,$DATA_DIR/P2_E1_DIRECTION_20260913T053456Z/features/large/obqa/00633.npz,f45e29b1e48c29839eddcd0ac2d6b03f8df9c0f0ef11b5e37df072e325796b03,8192,float32,ca2386f24d445258fc1244651ef6164bedaed16011ff4e7a0eff25b7fba9a542
large,obqa,11-213,634,0,$DATA_DIR/P2_E1_DIRECTION_20260913T053456Z/features/large/obqa/00634.npz,5bac3eb94bbfb080ffc047128fe308a1eb01cee5258220c71bbab87611acb57d,8192,float32,ca2386f24d445258fc1244651ef6164bedaed16011ff4e7a0eff25b7fba9a542
large,obqa,11-231,647,0,$DATA_DIR/P2_E1_DIRECTION_20260913T053456Z/features/large/obqa/00647.npz,4514ea2e005e8473402f2055ee59e039eb761cc59d7d8ef9434386f07d8f705d,8192,float32,ca2386f24d445258fc1244651ef6164bedaed16011ff4e7a0eff25b7fba9a542
large,obqa,11-257,661,0,$DATA_DIR/P2_E1_DIRECTION_20260913T053456Z/features/large/obqa/00661.npz,f812cb4d4eca291cdb6dca1afa64d8a2a6e0cb8fc634a746ee1987174007dfee,8192,float32,ca2386f24d445258fc1244651ef6164bedaed16011ff4e7a0eff25b7fba9a542
large,obqa,11-261,663,0,$DATA_DIR/P2_E1_DIRECTION_20260913T053456Z/features/large/obqa/00663.npz,13a18a6309d1249542e409d88b3429d2bc62d46a9971c51659e3676dbba0c247,8192,float32,ca2386f24d445258fc1244651ef6164bedaed16011ff4e7a0eff25b7fba9a542
large,obqa,11-272,672,0,$DATA_DIR/P2_E1_DIRECTION_20260913T053456Z/features/large/obqa/00672.npz,286af227989c9cb8f63c3084cb0997f22136e18e6af39d02a3224a05ba8779d7,8192,float32,ca2386f24d445258fc1244651ef6164bedaed16011ff4e7a0eff25b7fba9a542
large,obqa,11-276,675,0,$DATA_DIR/P2_E1_DIRECTION_20260913T053456Z/features/large/obqa/00675.npz,57c2241ad955f2ea9b1fa5f63dd8631aa61a96f0ae44ebcbbc4ec07f60bc129e,8192,float32,ca2386f24d445258fc1244651ef6164bedaed16011ff4e7a0eff25b7fba9a542
large,obqa,11-286,678,0,$DATA_DIR/P2_E1_DIRECTION_20260913T053456Z/features/large/obqa/00678.npz,9c9e757c27eebf555717a41036dbdfa5d9a401402d5842b96ed148b294a2aac6,8192,float32,ca2386f24d445258fc1244651ef6164bedaed16011ff4e7a0eff25b7fba9a542
large,obqa,11-294,684,0,$DATA_DIR/P2_E1_DIRECTION_20260913T053456Z/features/large/obqa/00684.npz,9a8571182808b376df4516dbaf330975bf57cda443fc4f79d41d39ebb1558054,8192,float32,ca2386f24d445258fc1244651ef6164bedaed16011ff4e7a0eff25b7fba9a542
large,obqa,11-306,689,0,$DATA_DIR/P2_E1_DIRECTION_20260913T053456Z/features/large/obqa/00689.npz,b4bb6acc776474e9a7f17906e473c17432caff052dd72a67fdac72275553ea3c,8192,float32,ca2386f24d445258fc1244651ef6164bedaed16011ff4e7a0eff25b7fba9a542
large,obqa,11-314,694,0,$DATA_DIR/P2_E1_DIRECTION_20260913T053456Z/features/large/obqa/00694.npz,44e03e91784c0afc6d0d29ba0432868ee07d01a63618f96fdb787230122df0d8,8192,float32,ca2386f24d445258fc1244651ef6164bedaed16011ff4e7a0eff25b7fba9a542
large,obqa,11-327,700,0,$DATA_DIR/P2_E1_DIRECTION_20260913T053456Z/features/large/obqa/00700.npz,72652bbb5af4a58a6eae68ce58f603e10300e196b28ce0e74af26bfde065a601,8192,float32,ca2386f24d445258fc1244651ef6164bedaed16011ff4e7a0eff25b7fba9a542
large,obqa,11-329,702,0,$DATA_DIR/P2_E1_DIRECTION_20260913T053456Z/features/large/obqa/00702.npz,1a9e1a62ffe1fe0b88764d7b24793661b0eaf826986ad1ba6ebd8eb082233298,8192,float32,ca2386f24d445258fc1244651ef6164bedaed16011ff4e7a0eff25b7fba9a542
large,obqa,11-341,711,0,$DATA_DIR/P2_E1_DIRECTION_20260913T053456Z/features/large/obqa/00711.npz,9e7e4bdaa7acebee08b6772898954fdc32e26e548f1811a029051c4d37465648,8192,float32,ca2386f24d445258fc1244651ef6164bedaed16011ff4e7a0eff25b7fba9a542
large,obqa,11-36,716,0,$DATA_DIR/P2_E1_DIRECTION_20260913T053456Z/features/large/obqa/00716.npz,2241723e1db791ec1fae6d1a6347c66351580ab63d6b86e82abc21590b96a577,8192,float32,ca2386f24d445258fc1244651ef6164bedaed16011ff4e7a0eff25b7fba9a542
large,obqa,11-372,722,0,$DATA_DIR/P2_E1_DIRECTION_20260913T053456Z/features/large/obqa/00722.npz,8fbaeb0f1d20e19df2e23da20baa1a95bcbd6eb772ba472f099c5374f0abc5fa,8192,float32,ca2386f24d445258fc1244651ef6164bedaed16011ff4e7a0eff25b7fba9a542
large,obqa,11-38,725,0,$DATA_DIR/P2_E1_DIRECTION_20260913T053456Z/features/large/obqa/00725.npz,7dee59cbf1a23b7694b6e562ef72aaf684ec77173675a16e318c11bebb513268,8192,float32,ca2386f24d445258fc1244651ef6164bedaed16011ff4e7a0eff25b7fba9a542
large,obqa,11-395,731,0,$DATA_DIR/P2_E1_DIRECTION_20260913T053456Z/features/large/obqa/00731.npz,6af24b9c11103952f1d95d260e4504ebdd17186d16dc019cddd7ea14003c1abc,8192,float32,ca2386f24d445258fc1244651ef6164bedaed16011ff4e7a0eff25b7fba9a542
large,obqa,11-399,733,0,$DATA_DIR/P2_E1_DIRECTION_20260913T053456Z/features/large/obqa/00733.npz,a78304a612ee383e13c962926a2e1606156478d54f002752e67c471ee0fc16d8,8192,float32,ca2386f24d445258fc1244651ef6164bedaed16011ff4e7a0eff25b7fba9a542
large,obqa,11-405,735,0,$DATA_DIR/P2_E1_DIRECTION_20260913T053456Z/features/large/obqa/00735.npz,6b3d77524e3546789218d3afe038ccca3822353e078e9d4a7cead26555afdcb6,8192,float32,ca2386f24d445258fc1244651ef6164bedaed16011ff4e7a0eff25b7fba9a542
large,obqa,11-413,739,0,$DATA_DIR/P2_E1_DIRECTION_20260913T053456Z/features/large/obqa/00739.npz,d4e83e259c228855bdc69e31a6c84bbbfb6340d4c2aa11b4cf3bb72af37f78ad,8192,float32,ca2386f24d445258fc1244651ef6164bedaed16011ff4e7a0eff25b7fba9a542
large,obqa,11-420,742,0,$DATA_DIR/P2_E1_DIRECTION_20260913T053456Z/features/large/obqa/00742.npz,e6c447538c511b8bcec6f102501980b747189aa365ef58c7697732e3269b126c,8192,float32,ca2386f24d445258fc1244651ef6164bedaed16011ff4e7a0eff25b7fba9a542
large,obqa,11-422,744,0,$DATA_DIR/P2_E1_DIRECTION_20260913T053456Z/features/large/obqa/00744.npz,f7e0bf3c986ac53ec439fb97625520ae1ab7c6708ce15977f46a1af5e69f542b,8192,float32,ca2386f24d445258fc1244651ef6164bedaed16011ff4e7a0eff25b7fba9a542
large,obqa,11-427,747,0,$DATA_DIR/P2_E1_DIRECTION_20260913T053456Z/features/large/obqa/00747.npz,b9d8938fba42e0087adb9b1fab786f9fd9f34573db3d38ca10c40652b01ca5e0,8192,float32,ca2386f24d445258fc1244651ef6164bedaed16011ff4e7a0eff25b7fba9a542
large,obqa,11-433,749,0,$DATA_DIR/P2_E1_DIRECTION_20260913T053456Z/features/large/obqa/00749.npz,8adf32c9b65cb3ba5a2d4659e93ee321c3f7597bc8a226d8897bb837bc3485dc,8192,float32,ca2386f24d445258fc1244651ef6164bedaed16011ff4e7a0eff25b7fba9a542
large,obqa,11-447,757,0,$DATA_DIR/P2_E1_DIRECTION_20260913T053456Z/features/large/obqa/00757.npz,d1bab5a0d9859e77d072271d0c12078f6479af8ad07a2e264b9bd3d7756e10b8,8192,float32,ca2386f24d445258fc1244651ef6164bedaed16011ff4e7a0eff25b7fba9a542
large,obqa,11-450,759,0,$DATA_DIR/P2_E1_DIRECTION_20260913T053456Z/features/large/obqa/00759.npz,540050579b05cc290b4ea0a6e828788ac605153b269e28c7a9a394ed50319312,8192,float32,ca2386f24d445258fc1244651ef6164bedaed16011ff4e7a0eff25b7fba9a542
large,obqa,11-467,764,0,$DATA_DIR/P2_E1_DIRECTION_20260913T053456Z/features/large/obqa/00764.npz,b6ee78a267c1d17f1a261aa876a7e44853f27e7973c8bb6e847cc910011ae2f6,8192,float32,ca2386f24d445258fc1244651ef6164bedaed16011ff4e7a0eff25b7fba9a542
large,obqa,11-472,769,0,$DATA_DIR/P2_E1_DIRECTION_20260913T053456Z/features/large/obqa/00769.npz,c2d45705c4570587f5a5cdf487ac326e93ed901e9e6abba745d67a7f68f824a8,8192,float32,ca2386f24d445258fc1244651ef6164bedaed16011ff4e7a0eff25b7fba9a542
large,obqa,11-476,771,0,$DATA_DIR/P2_E1_DIRECTION_20260913T053456Z/features/large/obqa/00771.npz,43c37b9d6a2cfd6456e01f7df5ea45c9a185e42ac655d509bd76e6a8e555939f,8192,float32,ca2386f24d445258fc1244651ef6164bedaed16011ff4e7a0eff25b7fba9a542
large,obqa,11-483,776,0,$DATA_DIR/P2_E1_DIRECTION_20260913T053456Z/features/large/obqa/00776.npz,eb15535034270c49c4b3f441a10186db7bc9e09e51647da6eb570e07630e9c2c,8192,float32,ca2386f24d445258fc1244651ef6164bedaed16011ff4e7a0eff25b7fba9a542
large,obqa,11-489,777,0,$DATA_DIR/P2_E1_DIRECTION_20260913T053456Z/features/large/obqa/00777.npz,d69d4b8ec33317d8656d2a14d592813ef46d566705074664a56b43a67a941a8a,8192,float32,ca2386f24d445258fc1244651ef6164bedaed16011ff4e7a0eff25b7fba9a542
large,obqa,11-497,781,0,$DATA_DIR/P2_E1_DIRECTION_20260913T053456Z/features/large/obqa/00781.npz,83015afd26f1b0a17934ff999e951573d7ddbf27271b60d1f47fbc492a800842,8192,float32,ca2386f24d445258fc1244651ef6164bedaed16011ff4e7a0eff25b7fba9a542
large,obqa,11-502,785,0,$DATA_DIR/P2_E1_DIRECTION_20260913T053456Z/features/large/obqa/00785.npz,70d16030d6a6846673513bb4e1af4c1bc8f5ba0940bab178dc61c881a627f660,8192,float32,ca2386f24d445258fc1244651ef6164bedaed16011ff4e7a0eff25b7fba9a542
large,obqa,11-508,786,0,$DATA_DIR/P2_E1_DIRECTION_20260913T053456Z/features/large/obqa/00786.npz,b4d3a847229479320b68a2a5353d81525fa23fe603ff3ff8d9de32463cd3c1c6,8192,float32,ca2386f24d445258fc1244651ef6164bedaed16011ff4e7a0eff25b7fba9a542
large,obqa,11-520,793,0,$DATA_DIR/P2_E1_DIRECTION_20260913T053456Z/features/large/obqa/00793.npz,257d8d389608151f3bde1ab9cb301161c60e6400f21ffa0a281c3b420fb5dcec,8192,float32,ca2386f24d445258fc1244651ef6164bedaed16011ff4e7a0eff25b7fba9a542
large,obqa,11-550,806,0,$DATA_DIR/P2_E1_DIRECTION_20260913T053456Z/features/large/obqa/00806.npz,ca5fdd92972a36669047cd9269013b0d8929a530c230da70586a8281a332486a,8192,float32,ca2386f24d445258fc1244651ef6164bedaed16011ff4e7a0eff25b7fba9a542
large,obqa,11-580,820,0,$DATA_DIR/P2_E1_DIRECTION_20260913T053456Z/features/large/obqa/00820.npz,7414301a87b848cfd7b35529b91fa05ac979c4ece34fcec87c03efa09a4f285d,8192,float32,ca2386f24d445258fc1244651ef6164bedaed16011ff4e7a0eff25b7fba9a542
large,obqa,11-588,821,0,$DATA_DIR/P2_E1_DIRECTION_20260913T053456Z/features/large/obqa/00821.npz,46f0d0c2f633eae7d9666b061a8eebd3424e81d834d7bd2cd13941174158d04d,8192,float32,ca2386f24d445258fc1244651ef6164bedaed16011ff4e7a0eff25b7fba9a542
large,obqa,11-594,823,0,$DATA_DIR/P2_E1_DIRECTION_20260913T053456Z/features/large/obqa/00823.npz,9574195f977efdc729b661cdb3bf093e3963248caed51668107e4c91a3837d21,8192,float32,ca2386f24d445258fc1244651ef6164bedaed16011ff4e7a0eff25b7fba9a542
large,obqa,11-600,825,0,$DATA_DIR/P2_E1_DIRECTION_20260913T053456Z/features/large/obqa/00825.npz,bb875c9b1a3c4adf6b4d862a922e946b1368c9e23b7a41aec4481648e3fb7576,8192,float32,ca2386f24d445258fc1244651ef6164bedaed16011ff4e7a0eff25b7fba9a542
large,obqa,11-627,841,0,$DATA_DIR/P2_E1_DIRECTION_20260913T053456Z/features/large/obqa/00841.npz,9c925d4e44f4028131677c36d3282612af8c11439961b6397060e9c00fb15a3f,8192,float32,ca2386f24d445258fc1244651ef6164bedaed16011ff4e7a0eff25b7fba9a542
large,obqa,11-634,845,0,$DATA_DIR/P2_E1_DIRECTION_20260913T053456Z/features/large/obqa/00845.npz,5057aa45335f140551771b2eea9eb3e470978a2e2a8b51c89aba1293bc775179,8192,float32,ca2386f24d445258fc1244651ef6164bedaed16011ff4e7a0eff25b7fba9a542
large,obqa,11-645,848,0,$DATA_DIR/P2_E1_DIRECTION_20260913T053456Z/features/large/obqa/00848.npz,ca938e0cca6742d5c2209afdd19eae7a06b6293f51f24fbded4463830632551a,8192,float32,ca2386f24d445258fc1244651ef6164bedaed16011ff4e7a0eff25b7fba9a542
large,obqa,11-659,851,0,$DATA_DIR/P2_E1_DIRECTION_20260913T053456Z/features/large/obqa/00851.npz,560294b6cccb937c5f6df241a6deedac10f9be452cd34b039b9b952413d5b076,8192,float32,ca2386f24d445258fc1244651ef6164bedaed16011ff4e7a0eff25b7fba9a542
large,obqa,11-661,852,0,$DATA_DIR/P2_E1_DIRECTION_20260913T053456Z/features/large/obqa/00852.npz,05c5a196f621c414e5b10e0b53314bb8a05b848498c914030153c745d9892dea,8192,float32,ca2386f24d445258fc1244651ef6164bedaed16011ff4e7a0eff25b7fba9a542
large,obqa,11-67,854,0,$DATA_DIR/P2_E1_DIRECTION_20260913T053456Z/features/large/obqa/00854.npz,918896c1af3d16067af1179cfe0d25be5e1f484a5423b6ee027fe3bfee79fd29,8192,float32,ca2386f24d445258fc1244651ef6164bedaed16011ff4e7a0eff25b7fba9a542
large,obqa,11-673,855,0,$DATA_DIR/P2_E1_DIRECTION_20260913T053456Z/features/large/obqa/00855.npz,0989cfd5d58ae81d99e86b932ed1c21f9a67e5d5df8d25549715482348170390,8192,float32,ca2386f24d445258fc1244651ef6164bedaed16011ff4e7a0eff25b7fba9a542
large,obqa,11-682,857,0,$DATA_DIR/P2_E1_DIRECTION_20260913T053456Z/features/large/obqa/00857.npz,d19425930c14dfa52b41c8ab5eb377175d874836acd29aac712a3c681a2c0a7b,8192,float32,ca2386f24d445258fc1244651ef6164bedaed16011ff4e7a0eff25b7fba9a542
large,obqa,11-685,859,0,$DATA_DIR/P2_E1_DIRECTION_20260913T053456Z/features/large/obqa/00859.npz,7da815f1b5fdc77c2d026acf54f9ea61e63774c31515eefd190f5cbfbba21b7d,8192,float32,ca2386f24d445258fc1244651ef6164bedaed16011ff4e7a0eff25b7fba9a542
large,obqa,11-697,864,0,$DATA_DIR/P2_E1_DIRECTION_20260913T053456Z/features/large/obqa/00864.npz,eb61100b1f82c8fa74314af94b6a15772e4a9b5016c7ea86b2b66c93394671e9,8192,float32,ca2386f24d445258fc1244651ef6164bedaed16011ff4e7a0eff25b7fba9a542
large,obqa,11-698,865,0,$DATA_DIR/P2_E1_DIRECTION_20260913T053456Z/features/large/obqa/00865.npz,9dbc9e5e4fa55c9907cab11f2ff1e58144ab4d82c85b27b07ac6c1e2d01632bd,8192,float32,ca2386f24d445258fc1244651ef6164bedaed16011ff4e7a0eff25b7fba9a542
large,obqa,11-703,867,0,$DATA_DIR/P2_E1_DIRECTION_20260913T053456Z/features/large/obqa/00867.npz,108df53d56ef0d3cdaae7c3efc85b18e0bfbd2e7548eb1941f652743da27a22a,8192,float32,ca2386f24d445258fc1244651ef6164bedaed16011ff4e7a0eff25b7fba9a542
large,obqa,11-728,872,0,$DATA_DIR/P2_E1_DIRECTION_20260913T053456Z/features/large/obqa/00872.npz,ee5b3957ee6ab229e3f16fff3d0c8d69cca231921d4cf7bc08025b5668b30b66,8192,float32,ca2386f24d445258fc1244651ef6164bedaed16011ff4e7a0eff25b7fba9a542
large,obqa,11-729,873,0,$DATA_DIR/P2_E1_DIRECTION_20260913T053456Z/features/large/obqa/00873.npz,e12dca4ebabf1d873f83c1771fc39319272bf5d790f2c4e5fab6b002d72fb77b,8192,float32,ca2386f24d445258fc1244651ef6164bedaed16011ff4e7a0eff25b7fba9a542
large,obqa,11-75,878,0,$DATA_DIR/P2_E1_DIRECTION_20260913T053456Z/features/large/obqa/00878.npz,10830c96bbb6d4a9d04fd8c8b0abf21b0dc483840d43b92c316fbc1048a7bb22,8192,float32,ca2386f24d445258fc1244651ef6164bedaed16011ff4e7a0eff25b7fba9a542
large,obqa,11-750,879,0,$DATA_DIR/P2_E1_DIRECTION_20260913T053456Z/features/large/obqa/00879.npz,c0c6031472c82bf117198bcd16c926ffd6461e3e34a9964bf81bd0f1ed59a7bd,8192,float32,ca2386f24d445258fc1244651ef6164bedaed16011ff4e7a0eff25b7fba9a542
large,obqa,11-9,887,0,$DATA_DIR/P2_E1_DIRECTION_20260913T053456Z/features/large/obqa/00887.npz,41578708ae2742f945848eb7707f635ec46a505d011a6dfe16a73aff08440b85,8192,float32,ca2386f24d445258fc1244651ef6164bedaed16011ff4e7a0eff25b7fba9a542
large,obqa,11-92,888,0,$DATA_DIR/P2_E1_DIRECTION_20260913T053456Z/features/large/obqa/00888.npz,3b94327d2d856ced5615ff929758972659970fa3744c37b40e7b88252836da69,8192,float32,ca2386f24d445258fc1244651ef6164bedaed16011ff4e7a0eff25b7fba9a542
large,obqa,11-97,892,0,$DATA_DIR/P2_E1_DIRECTION_20260913T053456Z/features/large/obqa/00892.npz,fb0e9900dae18a80bfe5679ccbc08c3a844bd5f63d830c6fa3427cde4319188d,8192,float32,ca2386f24d445258fc1244651ef6164bedaed16011ff4e7a0eff25b7fba9a542
large,obqa,1115,896,0,$DATA_DIR/P2_E1_DIRECTION_20260913T053456Z/features/large/obqa/00896.npz,0c2c70190954197743594d7b149c0df51f58ec2251b9cd46d9d950d4176be501,8192,float32,ca2386f24d445258fc1244651ef6164bedaed16011ff4e7a0eff25b7fba9a542
large,obqa,1157,901,0,$DATA_DIR/P2_E1_DIRECTION_20260913T053456Z/features/large/obqa/00901.npz,9094e89641f37b0bf45f856809fd983156a0ac867eb31c9bc829024b18d2ae72,8192,float32,ca2386f24d445258fc1244651ef6164bedaed16011ff4e7a0eff25b7fba9a542
large,obqa,1159,902,0,$DATA_DIR/P2_E1_DIRECTION_20260913T053456Z/features/large/obqa/00902.npz,bd63c876f661515736b1d5e575b8d0325b61a049cb27af757912b13d75dd84ae,8192,float32,ca2386f24d445258fc1244651ef6164bedaed16011ff4e7a0eff25b7fba9a542
large,obqa,1175,907,0,$DATA_DIR/P2_E1_DIRECTION_20260913T053456Z/features/large/obqa/00907.npz,a2b526c1c87dc48327ee060b02338480043dd8193fc7780234868bd2606a5c22,8192,float32,ca2386f24d445258fc1244651ef6164bedaed16011ff4e7a0eff25b7fba9a542
large,obqa,118,909,0,$DATA_DIR/P2_E1_DIRECTION_20260913T053456Z/features/large/obqa/00909.npz,440d99c0aff30687bbed31b2238a83f3aff8e666f18236ab5d2aa6e0df9181ae,8192,float32,ca2386f24d445258fc1244651ef6164bedaed16011ff4e7a0eff25b7fba9a542
large,obqa,1187,910,0,$DATA_DIR/P2_E1_DIRECTION_20260913T053456Z/features/large/obqa/00910.npz,d11b94f0d1715f4371ea75cc8199b8a6b645ddc2af4e6df468d5b9b64cc19ffe,8192,float32,ca2386f24d445258fc1244651ef6164bedaed16011ff4e7a0eff25b7fba9a542
large,obqa,1191,911,0,$DATA_DIR/P2_E1_DIRECTION_20260913T053456Z/features/large/obqa/00911.npz,2f4a772f9176d0296d351a619bc10b53c9827e7268b10e3fd12ff35b58559b9d,8192,float32,ca2386f24d445258fc1244651ef6164bedaed16011ff4e7a0eff25b7fba9a542
large,obqa,12-1000,914,0,$DATA_DIR/P2_E1_DIRECTION_20260913T053456Z/features/large/obqa/00914.npz,938f2f5550cf915ca33824156403e6d59b7dd950ae8df44fd7e93893de648f73,8192,float32,ca2386f24d445258fc1244651ef6164bedaed16011ff4e7a0eff25b7fba9a542
large,obqa,12-1003,916,0,$DATA_DIR/P2_E1_DIRECTION_20260913T053456Z/features/large/obqa/00916.npz,8cef5f7f98b745b4f554b5b885b7a9e96fc242800138ef570d76005f3e1668c5,8192,float32,ca2386f24d445258fc1244651ef6164bedaed16011ff4e7a0eff25b7fba9a542
large,obqa,12-1026,925,0,$DATA_DIR/P2_E1_DIRECTION_20260913T053456Z/features/large/obqa/00925.npz,54a1e7b8d004721a89b79d61486980bac27646ede94616f99b8fcd88ffb862bc,8192,float32,ca2386f24d445258fc1244651ef6164bedaed16011ff4e7a0eff25b7fba9a542
large,obqa,12-1027,926,0,$DATA_DIR/P2_E1_DIRECTION_20260913T053456Z/features/large/obqa/00926.npz,872b96b35374a80f55587c7c234b9edc044f6dc4b3588b731cdc879fa67a15ae,8192,float32,ca2386f24d445258fc1244651ef6164bedaed16011ff4e7a0eff25b7fba9a542
large,obqa,12-1047,937,0,$DATA_DIR/P2_E1_DIRECTION_20260913T053456Z/features/large/obqa/00937.npz,8833280925544f3cee715eb244bdd4241a10553781d6904eec373f67045a752c,8192,float32,ca2386f24d445258fc1244651ef6164bedaed16011ff4e7a0eff25b7fba9a542
large,obqa,12-1050,938,0,$DATA_DIR/P2_E1_DIRECTION_20260913T053456Z/features/large/obqa/00938.npz,8f9d99f9cf8c439b29c6cd54f3a7735a42985757e88787602058b2b8ffea29a7,8192,float32,ca2386f24d445258fc1244651ef6164bedaed16011ff4e7a0eff25b7fba9a542
large,obqa,12-1071,950,0,$DATA_DIR/P2_E1_DIRECTION_20260913T053456Z/features/large/obqa/00950.npz,9e82b588f7945ef9b759af6f5b50e2ea182ecb46b60715ea9625e8b93a009d45,8192,float32,ca2386f24d445258fc1244651ef6164bedaed16011ff4e7a0eff25b7fba9a542
large,obqa,12-1088,962,0,$DATA_DIR/P2_E1_DIRECTION_20260913T053456Z/features/large/obqa/00962.npz,2ffe9f5724852f8190f209d581862c0d8365f0ef4df27820017ff216f819bcbf,8192,float32,ca2386f24d445258fc1244651ef6164bedaed16011ff4e7a0eff25b7fba9a542
large,obqa,12-1097,968,0,$DATA_DIR/P2_E1_DIRECTION_20260913T053456Z/features/large/obqa/00968.npz,5f57fa34a018618182d3ff96b74771913780734ed9d147ce75a9ae55c476b7e2,8192,float32,ca2386f24d445258fc1244651ef6164bedaed16011ff4e7a0eff25b7fba9a542
large,obqa,12-1101,970,0,$DATA_DIR/P2_E1_DIRECTION_20260913T053456Z/features/large/obqa/00970.npz,65980fb170344b7ba56259f20a4c7d6c2a1ff40074954e082c93d8637c0f8b23,8192,float32,ca2386f24d445258fc1244651ef6164bedaed16011ff4e7a0eff25b7fba9a542
large,obqa,12-1112,978,0,$DATA_DIR/P2_E1_DIRECTION_20260913T053456Z/features/large/obqa/00978.npz,1c0f6045761ef3177e20f7de7c799d01c85ad44f233f5995aa6a82acbb19ac53,8192,float32,ca2386f24d445258fc1244651ef6164bedaed16011ff4e7a0eff25b7fba9a542
large,obqa,12-1117,982,0,$DATA_DIR/P2_E1_DIRECTION_20260913T053456Z/features/large/obqa/00982.npz,bc7b40010f536bef14d9da5411eb9ea51b8250b366fe92a1f4ce5e9bcca00ed0,8192,float32,ca2386f24d445258fc1244651ef6164bedaed16011ff4e7a0eff25b7fba9a542
large,obqa,12-1128,989,0,$DATA_DIR/P2_E1_DIRECTION_20260913T053456Z/features/large/obqa/00989.npz,be9cc5d40cb58d6103f6650f3ed695f40a0af4d21ef1c2271268b9ef89baba6b,8192,float32,ca2386f24d445258fc1244651ef6164bedaed16011ff4e7a0eff25b7fba9a542
large,obqa,12-113,990,0,$DATA_DIR/P2_E1_DIRECTION_20260913T053456Z/features/large/obqa/00990.npz,d1b2a9b34ed1bfa0a87b76999b241af4d9d8281c8dfdc8828e8154505214277a,8192,float32,ca2386f24d445258fc1244651ef6164bedaed16011ff4e7a0eff25b7fba9a542
large,obqa,12-1140,998,0,$DATA_DIR/P2_E1_DIRECTION_20260913T053456Z/features/large/obqa/00998.npz,49cb2fd87c4e7bb13836c7447bed56015fbacd95ab2e6cf510d6f2714d686f8a,8192,float32,ca2386f24d445258fc1244651ef6164bedaed16011ff4e7a0eff25b7fba9a542
large,obqa,12-115,1005,0,$DATA_DIR/P2_E1_DIRECTION_20260913T053456Z/features/large/obqa/01005.npz,90e71822cf277ed7436b5223cd1363fc7dc14b4ca34fba5c0dd4d23065df626c,8192,float32,ca2386f24d445258fc1244651ef6164bedaed16011ff4e7a0eff25b7fba9a542
large,obqa,12-1160,1008,0,$DATA_DIR/P2_E1_DIRECTION_20260913T053456Z/features/large/obqa/01008.npz,7e6ecea5f5de71590857140dc3ed36a8b30d31f4a2abee12736737c94496bf50,8192,float32,ca2386f24d445258fc1244651ef6164bedaed16011ff4e7a0eff25b7fba9a542
large,obqa,12-1168,1014,0,$DATA_DIR/P2_E1_DIRECTION_20260913T053456Z/features/large/obqa/01014.npz,16245157e8684b11ffc6249b06065f03311546f7eecafcf71c0efd0290455a90,8192,float32,ca2386f24d445258fc1244651ef6164bedaed16011ff4e7a0eff25b7fba9a542
large,obqa,12-120,1028,0,$DATA_DIR/P2_E1_DIRECTION_20260913T053456Z/features/large/obqa/01028.npz,b8ad59277400b942779087caa0dced088e66d82aea4011f6c80211f53cc43d0c,8192,float32,ca2386f24d445258fc1244651ef6164bedaed16011ff4e7a0eff25b7fba9a542
large,obqa,12-1212,1033,0,$DATA_DIR/P2_E1_DIRECTION_20260913T053456Z/features/large/obqa/01033.npz,bea490f645912ec19691609696e2649f72edf5e1e38ed2a09651f2f8706a7f19,8192,float32,ca2386f24d445258fc1244651ef6164bedaed16011ff4e7a0eff25b7fba9a542
large,obqa,12-133,1037,0,$DATA_DIR/P2_E1_DIRECTION_20260913T053456Z/features/large/obqa/01037.npz,ef176f3a48238c9707c76f50c757efae385b8bce5ddcd5f9a5e173b790d78af7,8192,float32,ca2386f24d445258fc1244651ef6164bedaed16011ff4e7a0eff25b7fba9a542
large,obqa,12-14,1039,0,$DATA_DIR/P2_E1_DIRECTION_20260913T053456Z/features/large/obqa/01039.npz,de22a0ee485d89a51db62cf8248881e36ad01d9132d9e5480caf104c6041850f,8192,float32,ca2386f24d445258fc1244651ef6164bedaed16011ff4e7a0eff25b7fba9a542
large,obqa,12-147,1043,0,$DATA_DIR/P2_E1_DIRECTION_20260913T053456Z/features/large/obqa/01043.npz,0163bb346f6d3d769ec5e2eef35380e70e56cb0209d98c1a5ea2f5977509e3d8,8192,float32,ca2386f24d445258fc1244651ef6164bedaed16011ff4e7a0eff25b7fba9a542
large,obqa,12-149,1045,0,$DATA_DIR/P2_E1_DIRECTION_20260913T053456Z/features/large/obqa/01045.npz,7a1bb0daebde699c7e5447517bac97a897c776d794c3f66ef5a528baf37d9e01,8192,float32,ca2386f24d445258fc1244651ef6164bedaed16011ff4e7a0eff25b7fba9a542
large,obqa,12-159,1050,0,$DATA_DIR/P2_E1_DIRECTION_20260913T053456Z/features/large/obqa/01050.npz,23e55fd7f2286bef846514906ba4c7096157b23c0d6ca122a0a2a668ffb1b426,8192,float32,ca2386f24d445258fc1244651ef6164bedaed16011ff4e7a0eff25b7fba9a542
large,obqa,12-167,1053,0,$DATA_DIR/P2_E1_DIRECTION_20260913T053456Z/features/large/obqa/01053.npz,2c9201c436f3b6d05764d5af0e71df27991718c3f868bef0b7929acc0f9495bb,8192,float32,ca2386f24d445258fc1244651ef6164bedaed16011ff4e7a0eff25b7fba9a542
large,obqa,12-192,1071,0,$DATA_DIR/P2_E1_DIRECTION_20260913T053456Z/features/large/obqa/01071.npz,817224484f0e5bbf2ecca38b0800ccd31ea25b33f08504d1bfc3f795ed667b0c,8192,float32,ca2386f24d445258fc1244651ef6164bedaed16011ff4e7a0eff25b7fba9a542
large,obqa,12-216,1083,0,$DATA_DIR/P2_E1_DIRECTION_20260913T053456Z/features/large/obqa/01083.npz,6f2fecdad9908b8821c591711aca2ad168523da8868695cd0a2b7f15ee3054ab,8192,float32,ca2386f24d445258fc1244651ef6164bedaed16011ff4e7a0eff25b7fba9a542
large,obqa,12-219,1085,0,$DATA_DIR/P2_E1_DIRECTION_20260913T053456Z/features/large/obqa/01085.npz,c5c00c2ce3560acd862487a4533ef872d10db372c0cfb10aa961bb3c48dcdaae,8192,float32,ca2386f24d445258fc1244651ef6164bedaed16011ff4e7a0eff25b7fba9a542
large,obqa,12-237,1094,0,$DATA_DIR/P2_E1_DIRECTION_20260913T053456Z/features/large/obqa/01094.npz,dae0482eac4ec91eb9bc28a039d25c65f67695f4c5e11a809849542fa508fdb0,8192,float32,ca2386f24d445258fc1244651ef6164bedaed16011ff4e7a0eff25b7fba9a542
large,obqa,12-238,1095,0,$DATA_DIR/P2_E1_DIRECTION_20260913T053456Z/features/large/obqa/01095.npz,a7994f8e2395abee3a8193c92ee49b4591eec70865571967a240a79c0656525a,8192,float32,ca2386f24d445258fc1244651ef6164bedaed16011ff4e7a0eff25b7fba9a542
large,obqa,12-25,1100,0,$DATA_DIR/P2_E1_DIRECTION_20260913T053456Z/features/large/obqa/01100.npz,252db8fcf9db2f708d98120d73ecd93a4368311a7aae347f93cae588002a8470,8192,float32,ca2386f24d445258fc1244651ef6164bedaed16011ff4e7a0eff25b7fba9a542
large,obqa,12-250,1101,0,$DATA_DIR/P2_E1_DIRECTION_20260913T053456Z/features/large/obqa/01101.npz,2eabfd682ab772efd166076522fb9aeb74fd165917aaa729aff5a385cdad997e,8192,float32,ca2386f24d445258fc1244651ef6164bedaed16011ff4e7a0eff25b7fba9a542
large,obqa,12-255,1103,0,$DATA_DIR/P2_E1_DIRECTION_20260913T053456Z/features/large/obqa/01103.npz,712601403c50235ff244f736a1a58831ea83ba62468f0e4e0c89281c4dd32ad2,8192,float32,ca2386f24d445258fc1244651ef6164bedaed16011ff4e7a0eff25b7fba9a542
large,obqa,12-257,1105,0,$DATA_DIR/P2_E1_DIRECTION_20260913T053456Z/features/large/obqa/01105.npz,02e199dae1263975063e3d05f1e0f92641f9931692161c9bdc473e5e8b774c11,8192,float32,ca2386f24d445258fc1244651ef6164bedaed16011ff4e7a0eff25b7fba9a542
large,obqa,12-26,1108,0,$DATA_DIR/P2_E1_DIRECTION_20260913T053456Z/features/large/obqa/01108.npz,b548f3ee10bde9a120c281a18fce89ea12bfe6324af31a52a0cab6efee87070a,8192,float32,ca2386f24d445258fc1244651ef6164bedaed16011ff4e7a0eff25b7fba9a542
large,obqa,12-265,1110,0,$DATA_DIR/P2_E1_DIRECTION_20260913T053456Z/features/large/obqa/01110.npz,6dbb66ef274864f3cb2d301d5c4630b9209a05bf3c820806d4746f18175a0435,8192,float32,ca2386f24d445258fc1244651ef6164bedaed16011ff4e7a0eff25b7fba9a542
large,obqa,12-269,1114,0,$DATA_DIR/P2_E1_DIRECTION_20260913T053456Z/features/large/obqa/01114.npz,2b9321160f056457efe0a98c5077b47df08115232222cffc501c38fdc1bc97a6,8192,float32,ca2386f24d445258fc1244651ef6164bedaed16011ff4e7a0eff25b7fba9a542
large,obqa,12-272,1115,0,$DATA_DIR/P2_E1_DIRECTION_20260913T053456Z/features/large/obqa/01115.npz,0744f427bb28b95f7ea7a157b5c8ce9a193db657bd682e1dbcc9cc43f3713344,8192,float32,ca2386f24d445258fc1244651ef6164bedaed16011ff4e7a0eff25b7fba9a542
large,obqa,12-284,1118,0,$DATA_DIR/P2_E1_DIRECTION_20260913T053456Z/features/large/obqa/01118.npz,1fd18d307936f5ba4cbc72a5cc6a73ee3985fb039d89307139d8092a1e9a455a,8192,float32,ca2386f24d445258fc1244651ef6164bedaed16011ff4e7a0eff25b7fba9a542
large,obqa,12-285,1119,0,$DATA_DIR/P2_E1_DIRECTION_20260913T053456Z/features/large/obqa/01119.npz,413189145b7e58ba932879fa8971904d599a087c721c0088135f0b14b1e6c409,8192,float32,ca2386f24d445258fc1244651ef6164bedaed16011ff4e7a0eff25b7fba9a542
large,obqa,12-290,1123,0,$DATA_DIR/P2_E1_DIRECTION_20260913T053456Z/features/large/obqa/01123.npz,6fa6e3b67fbc8b0d293ded5f0c5bec4ce14c4488c5e18009786936f8ef3a144a,8192,float32,ca2386f24d445258fc1244651ef6164bedaed16011ff4e7a0eff25b7fba9a542
large,obqa,12-294,1126,0,$DATA_DIR/P2_E1_DIRECTION_20260913T053456Z/features/large/obqa/01126.npz,c88a149198f556078c7b81aadb8af4c52356426bcbbf28a8c963ce7aa7290fe2,8192,float32,ca2386f24d445258fc1244651ef6164bedaed16011ff4e7a0eff25b7fba9a542
large,obqa,12-299,1129,0,$DATA_DIR/P2_E1_DIRECTION_20260913T053456Z/features/large/obqa/01129.npz,fdec7c0a50333a392cbe6975dcf56a25fa416308bc0af4ba27fb16f93f86ee51,8192,float32,ca2386f24d445258fc1244651ef6164bedaed16011ff4e7a0eff25b7fba9a542
large,obqa,12-304,1132,0,$DATA_DIR/P2_E1_DIRECTION_20260913T053456Z/features/large/obqa/01132.npz,a922d5d80a7b2a61c7798830de43ca92a7cc80c819c06d2e7eb48508b1fa02ea,8192,float32,ca2386f24d445258fc1244651ef6164bedaed16011ff4e7a0eff25b7fba9a542
large,obqa,12-305,1133,0,$DATA_DIR/P2_E1_DIRECTION_20260913T053456Z/features/large/obqa/01133.npz,a865219e1123a7accc6e9669d4ce2d9ec69430e3263a000fde1d9fac73531120,8192,float32,ca2386f24d445258fc1244651ef6164bedaed16011ff4e7a0eff25b7fba9a542
large,obqa,12-330,1148,0,$DATA_DIR/P2_E1_DIRECTION_20260913T053456Z/features/large/obqa/01148.npz,9e57ddb8ca8ecac6c8ca236cd82c9b60dbf423738cf7b9e58328674eae06bd20,8192,float32,ca2386f24d445258fc1244651ef6164bedaed16011ff4e7a0eff25b7fba9a542
large,obqa,12-340,1157,0,$DATA_DIR/P2_E1_DIRECTION_20260913T053456Z/features/large/obqa/01157.npz,452c1563a2ddeb4ff093aa4389b908bf8e94f0598bafc7d565f19e04f17343ac,8192,float32,ca2386f24d445258fc1244651ef6164bedaed16011ff4e7a0eff25b7fba9a542
large,obqa,12-348,1161,0,$DATA_DIR/P2_E1_DIRECTION_20260913T053456Z/features/large/obqa/01161.npz,c7e5aa7ea4a9cb444aa81b6483ca6c53065cc59aeeaa91d893825b5efc226df1,8192,float32,ca2386f24d445258fc1244651ef6164bedaed16011ff4e7a0eff25b7fba9a542
large,obqa,12-355,1167,0,$DATA_DIR/P2_E1_DIRECTION_20260913T053456Z/features/large/obqa/01167.npz,0a75195053bed898cfa3bfccb4c9bb4727cd585063bd16e0dd84df2909e298bb,8192,float32,ca2386f24d445258fc1244651ef6164bedaed16011ff4e7a0eff25b7fba9a542
large,obqa,12-363,1172,0,$DATA_DIR/P2_E1_DIRECTION_20260913T053456Z/features/large/obqa/01172.npz,8d109d7c2f2fe3aa0978f4cf44cad353ef288a244edbf6591cc4be3d9ac97cb4,8192,float32,ca2386f24d445258fc1244651ef6164bedaed16011ff4e7a0eff25b7fba9a542
large,obqa,12-398,1193,0,$DATA_DIR/P2_E1_DIRECTION_20260913T053456Z/features/large/obqa/01193.npz,d8193fcaa9aa1371ef3241e39c794ebc0656b2a62cd7607795fe35170149ae65,8192,float32,ca2386f24d445258fc1244651ef6164bedaed16011ff4e7a0eff25b7fba9a542
large,obqa,12-404,1197,0,$DATA_DIR/P2_E1_DIRECTION_20260913T053456Z/features/large/obqa/01197.npz,62a8fc66667e1589490be1310c60919b8c2a2160349b2e2fc04ff2d65749a43f,8192,float32,ca2386f24d445258fc1244651ef6164bedaed16011ff4e7a0eff25b7fba9a542
large,obqa,12-408,1201,0,$DATA_DIR/P2_E1_DIRECTION_20260913T053456Z/features/large/obqa/01201.npz,6df02e84654f74f6c60fcfabb193ed4338c9f33c67a68d44f89edb6826ae378e,8192,float32,ca2386f24d445258fc1244651ef6164bedaed16011ff4e7a0eff25b7fba9a542
large,obqa,12-412,1202,0,$DATA_DIR/P2_E1_DIRECTION_20260913T053456Z/features/large/obqa/01202.npz,6bfeb9ea943d57db0436ac2301cf6147df5722275fe10c442de96596296c7906,8192,float32,ca2386f24d445258fc1244651ef6164bedaed16011ff4e7a0eff25b7fba9a542
large,obqa,12-432,1206,0,$DATA_DIR/P2_E1_DIRECTION_20260913T053456Z/features/large/obqa/01206.npz,5be8dda899b845f3a1a5d9ef71d82eaf16df28b66137cf334e458a044d555e3a,8192,float32,ca2386f24d445258fc1244651ef6164bedaed16011ff4e7a0eff25b7fba9a542
large,obqa,12-434,1208,0,$DATA_DIR/P2_E1_DIRECTION_20260913T053456Z/features/large/obqa/01208.npz,183f786e00717bb5b524fcc9a758e5c449eb9b1906696c376fa0379de83a633e,8192,float32,ca2386f24d445258fc1244651ef6164bedaed16011ff4e7a0eff25b7fba9a542
large,obqa,12-444,1214,0,$DATA_DIR/P2_E1_DIRECTION_20260913T053456Z/features/large/obqa/01214.npz,99f1267166a0a75f3fd9d3f2605cd065c882247ca92faf5521cd808b8b44695c,8192,float32,ca2386f24d445258fc1244651ef6164bedaed16011ff4e7a0eff25b7fba9a542
large,obqa,12-455,1220,0,$DATA_DIR/P2_E1_DIRECTION_20260913T053456Z/features/large/obqa/01220.npz,abff037cd64413f221cef04b0c16bb075357b0512decf85dcfc2f98b99e98553,8192,float32,ca2386f24d445258fc1244651ef6164bedaed16011ff4e7a0eff25b7fba9a542
large,obqa,12-460,1225,0,$DATA_DIR/P2_E1_DIRECTION_20260913T053456Z/features/large/obqa/01225.npz,89c830fce9044eaa8454c751608795d8727a1b7797c84f12e4cdab5dde7bdb53,8192,float32,ca2386f24d445258fc1244651ef6164bedaed16011ff4e7a0eff25b7fba9a542
large,obqa,12-472,1233,0,$DATA_DIR/P2_E1_DIRECTION_20260913T053456Z/features/large/obqa/01233.npz,9013193d60f1b53f97fed12407847d5b4ba098f321c11c3749477a3414a70363,8192,float32,ca2386f24d445258fc1244651ef6164bedaed16011ff4e7a0eff25b7fba9a542
large,obqa,12-491,1242,0,$DATA_DIR/P2_E1_DIRECTION_20260913T053456Z/features/large/obqa/01242.npz,aeca61812a339ebd9e0bc9acf4ca65d8cc9ef0187bcc2b35cbfd8e051cb9fbda,8192,float32,ca2386f24d445258fc1244651ef6164bedaed16011ff4e7a0eff25b7fba9a542
large,obqa,12-503,1247,0,$DATA_DIR/P2_E1_DIRECTION_20260913T053456Z/features/large/obqa/01247.npz,27eee46fda0eab3a0fb8b4b89c8c8d598aa6fd5f0af51cc4203f7e21597aeb89,8192,float32,ca2386f24d445258fc1244651ef6164bedaed16011ff4e7a0eff25b7fba9a542
large,obqa,12-504,1248,0,$DATA_DIR/P2_E1_DIRECTION_20260913T053456Z/features/large/obqa/01248.npz,99d9f2b1a10ebc05e425f6b235776173a9eacef5318888a3f8781a8d67208601,8192,float32,ca2386f24d445258fc1244651ef6164bedaed16011ff4e7a0eff25b7fba9a542
large,obqa,12-512,1253,0,$DATA_DIR/P2_E1_DIRECTION_20260913T053456Z/features/large/obqa/01253.npz,3bad7d0d2b4892ce8e2d295bc291b2b828a8716ced9d0ea7395f9bf75252d6fc,8192,float32,ca2386f24d445258fc1244651ef6164bedaed16011ff4e7a0eff25b7fba9a542
large,obqa,12-531,1261,0,$DATA_DIR/P2_E1_DIRECTION_20260913T053456Z/features/large/obqa/01261.npz,23942d2d6b914756f99169d3fa9f3e33859ddbdc5c3078a491dfa4205b83ca72,8192,float32,ca2386f24d445258fc1244651ef6164bedaed16011ff4e7a0eff25b7fba9a542
large,obqa,12-547,1269,0,$DATA_DIR/P2_E1_DIRECTION_20260913T053456Z/features/large/obqa/01269.npz,d544809bf9ebafb7fcbb5428f6ba01c166284c2a674481a08dc7d95bd7291032,8192,float32,ca2386f24d445258fc1244651ef6164bedaed16011ff4e7a0eff25b7fba9a542
large,obqa,12-588,1286,0,$DATA_DIR/P2_E1_DIRECTION_20260913T053456Z/features/large/obqa/01286.npz,ba162f5af88e52c90ac4d010d4bc55f4db89ab5fa8346c5c1f13a78dee9f7827,8192,float32,ca2386f24d445258fc1244651ef6164bedaed16011ff4e7a0eff25b7fba9a542
large,obqa,12-589,1287,0,$DATA_DIR/P2_E1_DIRECTION_20260913T053456Z/features/large/obqa/01287.npz,6a75f85ec360a510f2b34557b1e51ba0533c0c8409ca21343de6d87112924b7f,8192,float32,ca2386f24d445258fc1244651ef6164bedaed16011ff4e7a0eff25b7fba9a542
large,obqa,12-595,1291,0,$DATA_DIR/P2_E1_DIRECTION_20260913T053456Z/features/large/obqa/01291.npz,a9d30e0dcb1e098a6b51a514cfcc73ae91ee0229491679ab3838d0f3cbdcd89e,8192,float32,ca2386f24d445258fc1244651ef6164bedaed16011ff4e7a0eff25b7fba9a542
large,obqa,12-602,1297,0,$DATA_DIR/P2_E1_DIRECTION_20260913T053456Z/features/large/obqa/01297.npz,cfcb81438962ea57a0b9832658d6fff65e997b2fe31f02cfe0c897f8f0b3ab24,8192,float32,ca2386f24d445258fc1244651ef6164bedaed16011ff4e7a0eff25b7fba9a542
large,obqa,12-613,1301,0,$DATA_DIR/P2_E1_DIRECTION_20260913T053456Z/features/large/obqa/01301.npz,85ae0ae9e8fbb21bebf98dc8f49132cc3086552f497eb04dac38e8a74ce0d7ee,8192,float32,ca2386f24d445258fc1244651ef6164bedaed16011ff4e7a0eff25b7fba9a542
large,obqa,12-623,1307,0,$DATA_DIR/P2_E1_DIRECTION_20260913T053456Z/features/large/obqa/01307.npz,721c106b7991fe04cf894b75bfdef17220076558764fed26c52f89cdf071e834,8192,float32,ca2386f24d445258fc1244651ef6164bedaed16011ff4e7a0eff25b7fba9a542
large,obqa,12-634,1314,0,$DATA_DIR/P2_E1_DIRECTION_20260913T053456Z/features/large/obqa/01314.npz,9903cf1a2820e3281cd7124ffff217f9e26e1dddeaa0a92b5fb568e1a47c5d79,8192,float32,ca2386f24d445258fc1244651ef6164bedaed16011ff4e7a0eff25b7fba9a542
large,obqa,12-638,1318,0,$DATA_DIR/P2_E1_DIRECTION_20260913T053456Z/features/large/obqa/01318.npz,9c45384f6fea77c4e3766cce51307d8b0ca894acd0ab1d405e166fca3d69f577,8192,float32,ca2386f24d445258fc1244651ef6164bedaed16011ff4e7a0eff25b7fba9a542
large,obqa,12-64,1320,0,$DATA_DIR/P2_E1_DIRECTION_20260913T053456Z/features/large/obqa/01320.npz,fd3fb546ec0f4b38326ac7a4cd48cdda70de588ffa2fcb7c39d3914580038798,8192,float32,ca2386f24d445258fc1244651ef6164bedaed16011ff4e7a0eff25b7fba9a542
large,obqa,12-641,1322,0,$DATA_DIR/P2_E1_DIRECTION_20260913T053456Z/features/large/obqa/01322.npz,17ec23a5f3619fc46b4ee551d8d0d652f7656b34dd829bce42753445f982f6ed,8192,float32,ca2386f24d445258fc1244651ef6164bedaed16011ff4e7a0eff25b7fba9a542
large,obqa,12-642,1323,0,$DATA_DIR/P2_E1_DIRECTION_20260913T053456Z/features/large/obqa/01323.npz,53fb8112930c6b796e09e5c04ae1d6a8463662d5a20a359ade73c969deae409a,8192,float32,ca2386f24d445258fc1244651ef6164bedaed16011ff4e7a0eff25b7fba9a542
large,obqa,12-647,1326,0,$DATA_DIR/P2_E1_DIRECTION_20260913T053456Z/features/large/obqa/01326.npz,78a684cdad0605f50a9a6d0de5e726d4c866c63312e5ec2ac7d5fe38d487f83a,8192,float32,ca2386f24d445258fc1244651ef6164bedaed16011ff4e7a0eff25b7fba9a542
large,obqa,12-65,1329,0,$DATA_DIR/P2_E1_DIRECTION_20260913T053456Z/features/large/obqa/01329.npz,2fbc295919a312284cbf7e7b1926e47927b8f93829410ba8564d9a2b7b8b3660,8192,float32,ca2386f24d445258fc1244651ef6164bedaed16011ff4e7a0eff25b7fba9a542
large,obqa,12-654,1332,0,$DATA_DIR/P2_E1_DIRECTION_20260913T053456Z/features/large/obqa/01332.npz,f25260e4faa12950ccb9373f2bb49d54aa28ffed9653f36452ea3447b9c3fe0a,8192,float32,ca2386f24d445258fc1244651ef6164bedaed16011ff4e7a0eff25b7fba9a542
large,obqa,12-66,1337,0,$DATA_DIR/P2_E1_DIRECTION_20260913T053456Z/features/large/obqa/01337.npz,0372ce8e460439c27ecada1eb174311f4cc78292c980224e575e5a27fe54cc5c,8192,float32,ca2386f24d445258fc1244651ef6164bedaed16011ff4e7a0eff25b7fba9a542
large,obqa,12-672,1347,0,$DATA_DIR/P2_E1_DIRECTION_20260913T053456Z/features/large/obqa/01347.npz,8edfd399c4ec26228ee9d646236083211a3cc0353b34aff1d4c99f072e7ccbb3,8192,float32,ca2386f24d445258fc1244651ef6164bedaed16011ff4e7a0eff25b7fba9a542
large,obqa,12-678,1351,0,$DATA_DIR/P2_E1_DIRECTION_20260913T053456Z/features/large/obqa/01351.npz,95c4e531738b610960c83e80213aa724ce36b020f9da42d3437a4f28437a9054,8192,float32,ca2386f24d445258fc1244651ef6164bedaed16011ff4e7a0eff25b7fba9a542
large,obqa,12-681,1352,0,$DATA_DIR/P2_E1_DIRECTION_20260913T053456Z/features/large/obqa/01352.npz,50d7ede6d1ef5ac6add120730bfedb4cfdc677aaa594d5e7557e01968cda706b,8192,float32,ca2386f24d445258fc1244651ef6164bedaed16011ff4e7a0eff25b7fba9a542
large,obqa,12-691,1359,0,$DATA_DIR/P2_E1_DIRECTION_20260913T053456Z/features/large/obqa/01359.npz,ba72b21e92b7c4d2a40e5d7a1fb41e23277959dacea21bf87b0741ff4472fe8b,8192,float32,ca2386f24d445258fc1244651ef6164bedaed16011ff4e7a0eff25b7fba9a542
large,obqa,12-717,1372,0,$DATA_DIR/P2_E1_DIRECTION_20260913T053456Z/features/large/obqa/01372.npz,ee969f0145abde629a3e1d48253838f0af3ab2dfa6983d3cdd1a99a721d58e23,8192,float32,ca2386f24d445258fc1244651ef6164bedaed16011ff4e7a0eff25b7fba9a542
large,obqa,12-731,1377,0,$DATA_DIR/P2_E1_DIRECTION_20260913T053456Z/features/large/obqa/01377.npz,67df9f25f9ee9746cf9991e51f9dc5f4e43ee28fe2a11259bc2b6cd69626eef3,8192,float32,ca2386f24d445258fc1244651ef6164bedaed16011ff4e7a0eff25b7fba9a542
large,obqa,12-742,1383,0,$DATA_DIR/P2_E1_DIRECTION_20260913T053456Z/features/large/obqa/01383.npz,4ac5fad5ccb3c6b319a08fd4627b204389aa8975c9954e881a0918beced1013f,8192,float32,ca2386f24d445258fc1244651ef6164bedaed16011ff4e7a0eff25b7fba9a542
large,obqa,12-748,1387,0,$DATA_DIR/P2_E1_DIRECTION_20260913T053456Z/features/large/obqa/01387.npz,4ab86e21ecc6475fb5320057a8013bb1b535d9a0748acb06982e3a7ec7877c2f,8192,float32,ca2386f24d445258fc1244651ef6164bedaed16011ff4e7a0eff25b7fba9a542
large,obqa,12-75,1388,0,$DATA_DIR/P2_E1_DIRECTION_20260913T053456Z/features/large/obqa/01388.npz,1f6df9edecfdfa38d6bbe8f788ad50e9c19a6eb432e7f301fa273b13504e0691,8192,float32,ca2386f24d445258fc1244651ef6164bedaed16011ff4e7a0eff25b7fba9a542
large,obqa,12-752,1390,0,$DATA_DIR/P2_E1_DIRECTION_20260913T053456Z/features/large/obqa/01390.npz,3f746056fe9536ecac080cc5095517f6510292937fde22fc22cadf7a4444194c,8192,float32,ca2386f24d445258fc1244651ef6164bedaed16011ff4e7a0eff25b7fba9a542
large,obqa,12-779,1402,0,$DATA_DIR/P2_E1_DIRECTION_20260913T053456Z/features/large/obqa/01402.npz,a41a453b129896aef45970b9cff7f9e3ab60880446e69ff4afc8fc1615915944,8192,float32,ca2386f24d445258fc1244651ef6164bedaed16011ff4e7a0eff25b7fba9a542
large,obqa,12-784,1404,0,$DATA_DIR/P2_E1_DIRECTION_20260913T053456Z/features/large/obqa/01404.npz,79a0862a7c7aedfbd156b35136db997038952fa474cac5ada5761bfcbf96717b,8192,float32,ca2386f24d445258fc1244651ef6164bedaed16011ff4e7a0eff25b7fba9a542
large,obqa,12-798,1410,0,$DATA_DIR/P2_E1_DIRECTION_20260913T053456Z/features/large/obqa/01410.npz,1b1a759ca21b203bcba7034bff2f5726ba4db7dad44e471dc1ef6b70181821d2,8192,float32,ca2386f24d445258fc1244651ef6164bedaed16011ff4e7a0eff25b7fba9a542
large,obqa,12-8,1412,0,$DATA_DIR/P2_E1_DIRECTION_20260913T053456Z/features/large/obqa/01412.npz,54362617e6a4868dd7badd4a9b12f3b7690d8370c5f8bc68d1eedb64d9bdee14,8192,float32,ca2386f24d445258fc1244651ef6164bedaed16011ff4e7a0eff25b7fba9a542
large,obqa,12-80,1413,0,$DATA_DIR/P2_E1_DIRECTION_20260913T053456Z/features/large/obqa/01413.npz,e648d0d8a21773a3d8fe82f0044b202139def9513367f225594521ab82104330,8192,float32,ca2386f24d445258fc1244651ef6164bedaed16011ff4e7a0eff25b7fba9a542
large,obqa,12-823,1426,0,$DATA_DIR/P2_E1_DIRECTION_20260913T053456Z/features/large/obqa/01426.npz,2053ea5f037969f043b5631796887608a63df588f0b89b00b0583ea31838f370,8192,float32,ca2386f24d445258fc1244651ef6164bedaed16011ff4e7a0eff25b7fba9a542
large,obqa,12-847,1434,0,$DATA_DIR/P2_E1_DIRECTION_20260913T053456Z/features/large/obqa/01434.npz,d4b744d96ab5858e631578d57113c8108aa959739bec09b1ff556bea62d2211d,8192,float32,ca2386f24d445258fc1244651ef6164bedaed16011ff4e7a0eff25b7fba9a542
large,obqa,12-863,1438,0,$DATA_DIR/P2_E1_DIRECTION_20260913T053456Z/features/large/obqa/01438.npz,84fb2e39cb71d71966ae9b26fd3dd28b666787a1d8a86f770000d744c5a3958c,8192,float32,ca2386f24d445258fc1244651ef6164bedaed16011ff4e7a0eff25b7fba9a542
large,obqa,12-87,1443,0,$DATA_DIR/P2_E1_DIRECTION_20260913T053456Z/features/large/obqa/01443.npz,3adabc34624d0c925226f71a1a5d9fd4e60eb06cd92da0f6238b0b912a3f022f,8192,float32,ca2386f24d445258fc1244651ef6164bedaed16011ff4e7a0eff25b7fba9a542
large,obqa,12-873,1446,0,$DATA_DIR/P2_E1_DIRECTION_20260913T053456Z/features/large/obqa/01446.npz,ee4f544b91bd6f56d9929808a5a77dc756abae160778684d993d8a64a935e28e,8192,float32,ca2386f24d445258fc1244651ef6164bedaed16011ff4e7a0eff25b7fba9a542
large,obqa,12-881,1451,0,$DATA_DIR/P2_E1_DIRECTION_20260913T053456Z/features/large/obqa/01451.npz,53d9f5b10e0087034fd0a41d7982bd35fe942be6869de965f5c6b43e7842e22a,8192,float32,ca2386f24d445258fc1244651ef6164bedaed16011ff4e7a0eff25b7fba9a542
large,obqa,12-883,1452,0,$DATA_DIR/P2_E1_DIRECTION_20260913T053456Z/features/large/obqa/01452.npz,96d3a56acef9f1f6426bf53f2929c8d09f44f6e50fe76e0462a0276383b7b439,8192,float32,ca2386f24d445258fc1244651ef6164bedaed16011ff4e7a0eff25b7fba9a542
large,obqa,12-890,1459,0,$DATA_DIR/P2_E1_DIRECTION_20260913T053456Z/features/large/obqa/01459.npz,2cbc53216eb85a8660488c77655fe1200504a6f884480121a6aac350bf5ed789,8192,float32,ca2386f24d445258fc1244651ef6164bedaed16011ff4e7a0eff25b7fba9a542
large,obqa,12-892,1461,0,$DATA_DIR/P2_E1_DIRECTION_20260913T053456Z/features/large/obqa/01461.npz,4ff314b990e3759af2703bf4ff220f031b3f93011ac88410b518a61dc35b1d00,8192,float32,ca2386f24d445258fc1244651ef6164bedaed16011ff4e7a0eff25b7fba9a542
large,obqa,12-898,1465,0,$DATA_DIR/P2_E1_DIRECTION_20260913T053456Z/features/large/obqa/01465.npz,78f5956738ae845f3a57c4e663b869c59a5fea931b72e4188862bd223cbc3776,8192,float32,ca2386f24d445258fc1244651ef6164bedaed16011ff4e7a0eff25b7fba9a542
large,obqa,12-90,1468,0,$DATA_DIR/P2_E1_DIRECTION_20260913T053456Z/features/large/obqa/01468.npz,716b198d5fe2699c29d941be70d3902737f6c38eb73f38fa9b29989a918a1eff,8192,float32,ca2386f24d445258fc1244651ef6164bedaed16011ff4e7a0eff25b7fba9a542
large,obqa,12-925,1480,0,$DATA_DIR/P2_E1_DIRECTION_20260913T053456Z/features/large/obqa/01480.npz,5e9d57f770aabe222be2b7aa76d029fe5aaeb831ed23b73dda7fa0d897d354f0,8192,float32,ca2386f24d445258fc1244651ef6164bedaed16011ff4e7a0eff25b7fba9a542
large,obqa,12-932,1484,0,$DATA_DIR/P2_E1_DIRECTION_20260913T053456Z/features/large/obqa/01484.npz,1570f8073f05a12cc24181c79247cc9de23baad9723023c5bc8115a09baf51b7,8192,float32,ca2386f24d445258fc1244651ef6164bedaed16011ff4e7a0eff25b7fba9a542
large,obqa,12-935,1486,0,$DATA_DIR/P2_E1_DIRECTION_20260913T053456Z/features/large/obqa/01486.npz,a90c714fefa6b730c21e00071f38e3aaf40b9fa922b2a4b41e06ebda26b170f1,8192,float32,ca2386f24d445258fc1244651ef6164bedaed16011ff4e7a0eff25b7fba9a542
large,obqa,12-947,1492,0,$DATA_DIR/P2_E1_DIRECTION_20260913T053456Z/features/large/obqa/01492.npz,8130c9b3cf50db1ad6993cd5573304f4a6f44c83415a73f06df082f819f4ba84,8192,float32,ca2386f24d445258fc1244651ef6164bedaed16011ff4e7a0eff25b7fba9a542
large,obqa,12-948,1493,0,$DATA_DIR/P2_E1_DIRECTION_20260913T053456Z/features/large/obqa/01493.npz,af1f27b913983fa38c6e429070516791290ece9ca8a9b841cff050cfda5a7e36,8192,float32,ca2386f24d445258fc1244651ef6164bedaed16011ff4e7a0eff25b7fba9a542
large,obqa,12-95,1494,0,$DATA_DIR/P2_E1_DIRECTION_20260913T053456Z/features/large/obqa/01494.npz,d1d5fd5af7e789da43740cc1e84637af382bccb972fce9faa53f7959846320e2,8192,float32,ca2386f24d445258fc1244651ef6164bedaed16011ff4e7a0eff25b7fba9a542
large,obqa,12-978,1508,0,$DATA_DIR/P2_E1_DIRECTION_20260913T053456Z/features/large/obqa/01508.npz,08dcdf3f6981f4237d3565be3aefa20742642ec30c2648c286437773b21836cf,8192,float32,ca2386f24d445258fc1244651ef6164bedaed16011ff4e7a0eff25b7fba9a542
large,obqa,12-982,1510,0,$DATA_DIR/P2_E1_DIRECTION_20260913T053456Z/features/large/obqa/01510.npz,0457674534cb134db3dbbf0a61cb8330f69d4478b784d676c48985899b989089,8192,float32,ca2386f24d445258fc1244651ef6164bedaed16011ff4e7a0eff25b7fba9a542
large,obqa,12-986,1512,0,$DATA_DIR/P2_E1_DIRECTION_20260913T053456Z/features/large/obqa/01512.npz,e23c83be80fca1c7e12b8ce0c622761efe6cb738330bb6439612717376b77d9a,8192,float32,ca2386f24d445258fc1244651ef6164bedaed16011ff4e7a0eff25b7fba9a542
large,obqa,12-991,1517,0,$DATA_DIR/P2_E1_DIRECTION_20260913T053456Z/features/large/obqa/01517.npz,7c203ee8350391832adceb309ccce8958ac002a8010c40103dbc034c8fcefaef,8192,float32,ca2386f24d445258fc1244651ef6164bedaed16011ff4e7a0eff25b7fba9a542
large,obqa,12-997,1522,0,$DATA_DIR/P2_E1_DIRECTION_20260913T053456Z/features/large/obqa/01522.npz,35674f4a97844a754df5b8fed3a15666d77b148fa603ac215b2b52240beae650,8192,float32,ca2386f24d445258fc1244651ef6164bedaed16011ff4e7a0eff25b7fba9a542
large,obqa,12-999,1523,0,$DATA_DIR/P2_E1_DIRECTION_20260913T053456Z/features/large/obqa/01523.npz,2d51cb2f90a87f2a756ba1e35acdcab3fa74acabd69e54694e111ab0b2565910,8192,float32,ca2386f24d445258fc1244651ef6164bedaed16011ff4e7a0eff25b7fba9a542
large,obqa,1261,1532,0,$DATA_DIR/P2_E1_DIRECTION_20260913T053456Z/features/large/obqa/01532.npz,1b03068c5db60c2a4c47d699a23b2ff3ba86622fe61206975ebaa166f166f121,8192,float32,ca2386f24d445258fc1244651ef6164bedaed16011ff4e7a0eff25b7fba9a542
large,obqa,13-1006,1542,0,$DATA_DIR/P2_E1_DIRECTION_20260913T053456Z/features/large/obqa/01542.npz,4723c38a4ff1567a1f9583480a6ac5574dd49d8886dc846c21fd40ca818c40d8,8192,float32,ca2386f24d445258fc1244651ef6164bedaed16011ff4e7a0eff25b7fba9a542
large,obqa,13-1026,1550,0,$DATA_DIR/P2_E1_DIRECTION_20260913T053456Z/features/large/obqa/01550.npz,87f7eddc82bfb4c4c8a3fda8dc87123fb6f91c345653ccfbf37402e41e0854ce,8192,float32,ca2386f24d445258fc1244651ef6164bedaed16011ff4e7a0eff25b7fba9a542
large,obqa,13-105,1563,0,$DATA_DIR/P2_E1_DIRECTION_20260913T053456Z/features/large/obqa/01563.npz,f6bc2ebe45e50fbdfa07e712ec613f130c16413aa66ffc24ea64daa23a6066b2,8192,float32,ca2386f24d445258fc1244651ef6164bedaed16011ff4e7a0eff25b7fba9a542
large,obqa,13-1055,1565,0,$DATA_DIR/P2_E1_DIRECTION_20260913T053456Z/features/large/obqa/01565.npz,7ce6ac1589c67e4731060456d947317bd7d78eac1757581790fc54aa0cf92c11,8192,float32,ca2386f24d445258fc1244651ef6164bedaed16011ff4e7a0eff25b7fba9a542
large,obqa,13-1061,1570,0,$DATA_DIR/P2_E1_DIRECTION_20260913T053456Z/features/large/obqa/01570.npz,193f53300544c4f36dcc89bcaf24c14903f9412fc12555fb33c482a574361741,8192,float32,ca2386f24d445258fc1244651ef6164bedaed16011ff4e7a0eff25b7fba9a542
large,obqa,13-108,1571,0,$DATA_DIR/P2_E1_DIRECTION_20260913T053456Z/features/large/obqa/01571.npz,d2bc6cde04e5105c6bef29a0ac7b12de891d4807c7995e813c3b64f3bdb978c6,8192,float32,ca2386f24d445258fc1244651ef6164bedaed16011ff4e7a0eff25b7fba9a542
large,obqa,13-11,1573,0,$DATA_DIR/P2_E1_DIRECTION_20260913T053456Z/features/large/obqa/01573.npz,06dd340623dae6f7d3faac9d0664ff760430472695a36d850b65bde8550e72e4,8192,float32,ca2386f24d445258fc1244651ef6164bedaed16011ff4e7a0eff25b7fba9a542
large,obqa,13-137,1589,0,$DATA_DIR/P2_E1_DIRECTION_20260913T053456Z/features/large/obqa/01589.npz,4f4504c062145bfc59cc848b57a0b162da6d73f2f98284d4a6fcac1a4e85002c,8192,float32,ca2386f24d445258fc1244651ef6164bedaed16011ff4e7a0eff25b7fba9a542
large,obqa,13-156,1598,0,$DATA_DIR/P2_E1_DIRECTION_20260913T053456Z/features/large/obqa/01598.npz,6a29d386c157ce8f7fcba6244aa8cf5a521920adba0357e0b3f7dca08a0469db,8192,float32,ca2386f24d445258fc1244651ef6164bedaed16011ff4e7a0eff25b7fba9a542
large,obqa,13-200,1618,0,$DATA_DIR/P2_E1_DIRECTION_20260913T053456Z/features/large/obqa/01618.npz,3ac62893c9ebe677366ab31f31985d522276a0da76bff9afb3c8b30edd1847d0,8192,float32,ca2386f24d445258fc1244651ef6164bedaed16011ff4e7a0eff25b7fba9a542
large,obqa,13-201,1619,0,$DATA_DIR/P2_E1_DIRECTION_20260913T053456Z/features/large/obqa/01619.npz,f6509d4f00f143b672169f4d582b57234067fbf94c2b219cba8f02415fd0d2ff,8192,float32,ca2386f24d445258fc1244651ef6164bedaed16011ff4e7a0eff25b7fba9a542
large,obqa,13-215,1625,0,$DATA_DIR/P2_E1_DIRECTION_20260913T053456Z/features/large/obqa/01625.npz,8e866aada95364922015ed22eb1b2c49406c8effdf4415d36caabd49c9e7e3fe,8192,float32,ca2386f24d445258fc1244651ef6164bedaed16011ff4e7a0eff25b7fba9a542
large,obqa,13-222,1630,0,$DATA_DIR/P2_E1_DIRECTION_20260913T053456Z/features/large/obqa/01630.npz,703eebebebd116c5c1b8d6cd428f0592469f98ab0854b2af711f67ecce9c0bed,8192,float32,ca2386f24d445258fc1244651ef6164bedaed16011ff4e7a0eff25b7fba9a542
large,obqa,13-241,1639,0,$DATA_DIR/P2_E1_DIRECTION_20260913T053456Z/features/large/obqa/01639.npz,637bde876462097a10cc60c216750c26b64560c88218555b75f4122b30cd7add,8192,float32,ca2386f24d445258fc1244651ef6164bedaed16011ff4e7a0eff25b7fba9a542
large,obqa,13-253,1647,0,$DATA_DIR/P2_E1_DIRECTION_20260913T053456Z/features/large/obqa/01647.npz,fd9ce4a34054789015015a70c2a2b8db574b9f95d38066fd0f81a896fffd526f,8192,float32,ca2386f24d445258fc1244651ef6164bedaed16011ff4e7a0eff25b7fba9a542
large,obqa,13-265,1653,0,$DATA_DIR/P2_E1_DIRECTION_20260913T053456Z/features/large/obqa/01653.npz,d8d103fa0523a2ee1c0a8fdd675193829c4beb64d0b4f4c9e08eccee0732ffcf,8192,float32,ca2386f24d445258fc1244651ef6164bedaed16011ff4e7a0eff25b7fba9a542
large,obqa,13-27,1655,0,$DATA_DIR/P2_E1_DIRECTION_20260913T053456Z/features/large/obqa/01655.npz,dd8a6a4f676a1288986fdaab2e4ac09562cce50ecbb7123368cda4fb9c2d3d00,8192,float32,ca2386f24d445258fc1244651ef6164bedaed16011ff4e7a0eff25b7fba9a542
large,obqa,13-281,1658,0,$DATA_DIR/P2_E1_DIRECTION_20260913T053456Z/features/large/obqa/01658.npz,78b7050ce0ae0a6a1b107761db293d314af761282227fb1ce753d654eb45a867,8192,float32,ca2386f24d445258fc1244651ef6164bedaed16011ff4e7a0eff25b7fba9a542
large,obqa,13-297,1664,0,$DATA_DIR/P2_E1_DIRECTION_20260913T053456Z/features/large/obqa/01664.npz,a1a3cae640c524bcba934dfaa8d1824542cf1aec1b1d58b23a710a345ea8a282,8192,float32,ca2386f24d445258fc1244651ef6164bedaed16011ff4e7a0eff25b7fba9a542
large,obqa,13-318,1678,0,$DATA_DIR/P2_E1_DIRECTION_20260913T053456Z/features/large/obqa/01678.npz,2d21460625948c862c15051d93e417bb9aad9d3a51a41818172cb32a74061697,8192,float32,ca2386f24d445258fc1244651ef6164bedaed16011ff4e7a0eff25b7fba9a542
large,obqa,13-330,1685,0,$DATA_DIR/P2_E1_DIRECTION_20260913T053456Z/features/large/obqa/01685.npz,ff39dc21c78ddcd42550e7dd6e4b5c4326b273cce0379e9afab90cf24052b844,8192,float32,ca2386f24d445258fc1244651ef6164bedaed16011ff4e7a0eff25b7fba9a542
large,obqa,13-338,1690,0,$DATA_DIR/P2_E1_DIRECTION_20260913T053456Z/features/large/obqa/01690.npz,043fa2130f000e983c25ed9a75bb1016815510d12353dbeb72992621b619abb9,8192,float32,ca2386f24d445258fc1244651ef6164bedaed16011ff4e7a0eff25b7fba9a542
large,obqa,13-343,1695,0,$DATA_DIR/P2_E1_DIRECTION_20260913T053456Z/features/large/obqa/01695.npz,8d21d5e0f3a1f822f6fe98eef6d1c65839440ee81deb63b429dbf3db2a5cdb34,8192,float32,ca2386f24d445258fc1244651ef6164bedaed16011ff4e7a0eff25b7fba9a542
large,obqa,13-344,1696,0,$DATA_DIR/P2_E1_DIRECTION_20260913T053456Z/features/large/obqa/01696.npz,62a10d1f2d083180f1af8e0cd5a92549ce5219df0afca0551c27a16ea744694c,8192,float32,ca2386f24d445258fc1244651ef6164bedaed16011ff4e7a0eff25b7fba9a542
large,obqa,13-370,1707,0,$DATA_DIR/P2_E1_DIRECTION_20260913T053456Z/features/large/obqa/01707.npz,b3560d965c1bb764b376653347e402780ee1479a4feb014ad0d8b61c56deb027,8192,float32,ca2386f24d445258fc1244651ef6164bedaed16011ff4e7a0eff25b7fba9a542
large,obqa,13-391,1717,0,$DATA_DIR/P2_E1_DIRECTION_20260913T053456Z/features/large/obqa/01717.npz,ae307b115bb511667b72ab796fc9890253adae7552ed921ddc7399cc2debb1d2,8192,float32,ca2386f24d445258fc1244651ef6164bedaed16011ff4e7a0eff25b7fba9a542
large,obqa,13-4,1720,0,$DATA_DIR/P2_E1_DIRECTION_20260913T053456Z/features/large/obqa/01720.npz,c9f4fe2271b93355f7d67af89bd055f73568e9a9a4de91183361f3d86e034204,8192,float32,ca2386f24d445258fc1244651ef6164bedaed16011ff4e7a0eff25b7fba9a542
large,obqa,13-404,1723,0,$DATA_DIR/P2_E1_DIRECTION_20260913T053456Z/features/large/obqa/01723.npz,497a72ce120578c2f5022500ae13eaaa1f8ea2fd83ca0d8224a70263fee4f439,8192,float32,ca2386f24d445258fc1244651ef6164bedaed16011ff4e7a0eff25b7fba9a542
large,obqa,13-410,1726,0,$DATA_DIR/P2_E1_DIRECTION_20260913T053456Z/features/large/obqa/01726.npz,4ffb08c50bb9e68876f1cd38c9c5f9ce27721e3a3e7d3c05fe1b37818c2c8e76,8192,float32,ca2386f24d445258fc1244651ef6164bedaed16011ff4e7a0eff25b7fba9a542
large,obqa,13-412,1727,0,$DATA_DIR/P2_E1_DIRECTION_20260913T053456Z/features/large/obqa/01727.npz,34572c7a9db2a0ba5896b37228799b40f736f704f1184d1113bcf63a03e0eeb1,8192,float32,ca2386f24d445258fc1244651ef6164bedaed16011ff4e7a0eff25b7fba9a542
large,obqa,13-416,1729,0,$DATA_DIR/P2_E1_DIRECTION_20260913T053456Z/features/large/obqa/01729.npz,8b1855df0d897d94a9dbd5ce59f93ec03ee4e5289222845bfaa0be05994a1886,8192,float32,ca2386f24d445258fc1244651ef6164bedaed16011ff4e7a0eff25b7fba9a542
large,obqa,13-432,1735,0,$DATA_DIR/P2_E1_DIRECTION_20260913T053456Z/features/large/obqa/01735.npz,ce470584bb7e7ab589f4bc33e06edd83ed108c73d088d640d02e377024221bd5,8192,float32,ca2386f24d445258fc1244651ef6164bedaed16011ff4e7a0eff25b7fba9a542
large,obqa,13-474,1755,0,$DATA_DIR/P2_E1_DIRECTION_20260913T053456Z/features/large/obqa/01755.npz,a3e8105cfa6f0767f43d28b9577a2a10634fba925b804f8a9c003492776f0e61,8192,float32,ca2386f24d445258fc1244651ef6164bedaed16011ff4e7a0eff25b7fba9a542
large,obqa,13-478,1757,0,$DATA_DIR/P2_E1_DIRECTION_20260913T053456Z/features/large/obqa/01757.npz,b1af756503a0a47d149e88a7225dac7521dd4f99734ac42a7c96d80a11473c01,8192,float32,ca2386f24d445258fc1244651ef6164bedaed16011ff4e7a0eff25b7fba9a542
large,obqa,13-497,1768,0,$DATA_DIR/P2_E1_DIRECTION_20260913T053456Z/features/large/obqa/01768.npz,4ae5f56ab01e45ab36d2b3fa22070eaa7116c4003395b80a2cb76328e3039d48,8192,float32,ca2386f24d445258fc1244651ef6164bedaed16011ff4e7a0eff25b7fba9a542
large,obqa,13-5,1769,0,$DATA_DIR/P2_E1_DIRECTION_20260913T053456Z/features/large/obqa/01769.npz,ca5f584ef2f46241c46792d234821475b8cae47571d2c5c9bf9f4749d237dc94,8192,float32,ca2386f24d445258fc1244651ef6164bedaed16011ff4e7a0eff25b7fba9a542
large,obqa,13-51,1776,0,$DATA_DIR/P2_E1_DIRECTION_20260913T053456Z/features/large/obqa/01776.npz,67d8974c8a6baf4c3e649406a4d419350c9932b4a6e339c215a8e5374ec22645,8192,float32,ca2386f24d445258fc1244651ef6164bedaed16011ff4e7a0eff25b7fba9a542
large,obqa,13-529,1786,0,$DATA_DIR/P2_E1_DIRECTION_20260913T053456Z/features/large/obqa/01786.npz,249f36bdf6307c6c23ea019b0a222aeb31113602033889e88e2938e55712dc88,8192,float32,ca2386f24d445258fc1244651ef6164bedaed16011ff4e7a0eff25b7fba9a542
large,obqa,13-555,1795,0,$DATA_DIR/P2_E1_DIRECTION_20260913T053456Z/features/large/obqa/01795.npz,dcd1aa10d2ba06ad6e25ebe5a37ca321acc5ef36793a45fefc8263fd2046566e,8192,float32,ca2386f24d445258fc1244651ef6164bedaed16011ff4e7a0eff25b7fba9a542
large,obqa,13-580,1809,0,$DATA_DIR/P2_E1_DIRECTION_20260913T053456Z/features/large/obqa/01809.npz,2fc6e9948b0462142cecb2b8d6fa7f33d881c353d3e6ca8d30c37166bdf5e7ca,8192,float32,ca2386f24d445258fc1244651ef6164bedaed16011ff4e7a0eff25b7fba9a542
large,obqa,13-590,1817,0,$DATA_DIR/P2_E1_DIRECTION_20260913T053456Z/features/large/obqa/01817.npz,d515d1089302ca35634876282e246cccf46e28b6f0e9d6c35f63c755eb32d34e,8192,float32,ca2386f24d445258fc1244651ef6164bedaed16011ff4e7a0eff25b7fba9a542
large,obqa,13-602,1821,0,$DATA_DIR/P2_E1_DIRECTION_20260913T053456Z/features/large/obqa/01821.npz,5004902e6a31ca804342b4a0986fe42557729d8e24a30964bd4361cdb4422d7c,8192,float32,ca2386f24d445258fc1244651ef6164bedaed16011ff4e7a0eff25b7fba9a542
large,obqa,13-604,1822,0,$DATA_DIR/P2_E1_DIRECTION_20260913T053456Z/features/large/obqa/01822.npz,21ba9d9bbc85d38ca3e0c5f52426699d612311406e6f7858128a7853ffbc32e6,8192,float32,ca2386f24d445258fc1244651ef6164bedaed16011ff4e7a0eff25b7fba9a542
large,obqa,13-61,1825,0,$DATA_DIR/P2_E1_DIRECTION_20260913T053456Z/features/large/obqa/01825.npz,9501c01651004cf6a438711f950c720b9493a56ab2c1fed1718a3c24dc16b3bf,8192,float32,ca2386f24d445258fc1244651ef6164bedaed16011ff4e7a0eff25b7fba9a542
large,obqa,13-630,1839,0,$DATA_DIR/P2_E1_DIRECTION_20260913T053456Z/features/large/obqa/01839.npz,8ad36b40f4a44c1d3aafba6aed0b8a57257934f89a98784cc71505aad1bbf716,8192,float32,ca2386f24d445258fc1244651ef6164bedaed16011ff4e7a0eff25b7fba9a542
large,obqa,13-642,1844,0,$DATA_DIR/P2_E1_DIRECTION_20260913T053456Z/features/large/obqa/01844.npz,af8fcf2536c546a455b34624c6baec4ebbb37f4897cd122184f73e8eb7ea4812,8192,float32,ca2386f24d445258fc1244651ef6164bedaed16011ff4e7a0eff25b7fba9a542
large,obqa,13-646,1845,0,$DATA_DIR/P2_E1_DIRECTION_20260913T053456Z/features/large/obqa/01845.npz,5511bab67daed72afbe278d7d066a1ea67708544f06af608ddd24e8f6befe78c,8192,float32,ca2386f24d445258fc1244651ef6164bedaed16011ff4e7a0eff25b7fba9a542
large,obqa,13-654,1850,0,$DATA_DIR/P2_E1_DIRECTION_20260913T053456Z/features/large/obqa/01850.npz,042787e067bbaa6db9c99b470897389f51b66249b8ed74beac9210b0a855b36d,8192,float32,ca2386f24d445258fc1244651ef6164bedaed16011ff4e7a0eff25b7fba9a542
large,obqa,13-674,1860,0,$DATA_DIR/P2_E1_DIRECTION_20260913T053456Z/features/large/obqa/01860.npz,1a71b0e20842645c161ca57dc7426cc5fad9a9d387ac8495d5ea9405b78c9c12,8192,float32,ca2386f24d445258fc1244651ef6164bedaed16011ff4e7a0eff25b7fba9a542
large,obqa,13-686,1865,0,$DATA_DIR/P2_E1_DIRECTION_20260913T053456Z/features/large/obqa/01865.npz,6b0702efb039abb9264aa5b340daed29595fc9458f80d26ab4df9e4cec9e353c,8192,float32,ca2386f24d445258fc1244651ef6164bedaed16011ff4e7a0eff25b7fba9a542
large,obqa,13-687,1866,0,$DATA_DIR/P2_E1_DIRECTION_20260913T053456Z/features/large/obqa/01866.npz,7c59573b5537b4aca3372efd7e5b2288bdd46735f1ec5a26440b85fe3c08f2f6,8192,float32,ca2386f24d445258fc1244651ef6164bedaed16011ff4e7a0eff25b7fba9a542
large,obqa,13-7,1873,0,$DATA_DIR/P2_E1_DIRECTION_20260913T053456Z/features/large/obqa/01873.npz,b3f476dde34a8a830e67f60b5fb4229dd7582ed6b6776b12fe398dfcdb3db547,8192,float32,ca2386f24d445258fc1244651ef6164bedaed16011ff4e7a0eff25b7fba9a542
large,obqa,13-712,1877,0,$DATA_DIR/P2_E1_DIRECTION_20260913T053456Z/features/large/obqa/01877.npz,1042c61d6a4f9174e755d383b91ffb02d8729b45413b6870acdabb00ab5dd314,8192,float32,ca2386f24d445258fc1244651ef6164bedaed16011ff4e7a0eff25b7fba9a542
large,obqa,13-74,1888,0,$DATA_DIR/P2_E1_DIRECTION_20260913T053456Z/features/large/obqa/01888.npz,820619072d1f7ecc52a37812834b513ceee26eff99a6cf4127400c6af427e6ca,8192,float32,ca2386f24d445258fc1244651ef6164bedaed16011ff4e7a0eff25b7fba9a542
large,obqa,13-746,1891,0,$DATA_DIR/P2_E1_DIRECTION_20260913T053456Z/features/large/obqa/01891.npz,42913a666f85c48a2d8561babf4f8667490388a029bc88cdef31a2dc12ffbd7b,8192,float32,ca2386f24d445258fc1244651ef6164bedaed16011ff4e7a0eff25b7fba9a542
large,obqa,13-751,1895,0,$DATA_DIR/P2_E1_DIRECTION_20260913T053456Z/features/large/obqa/01895.npz,18cbf5721a4ea0800cb21ac24c3f83b566ef385863672b83dd62cdafbc5dca28,8192,float32,ca2386f24d445258fc1244651ef6164bedaed16011ff4e7a0eff25b7fba9a542
large,obqa,13-769,1901,0,$DATA_DIR/P2_E1_DIRECTION_20260913T053456Z/features/large/obqa/01901.npz,82397fac06c505659ef5c3e969edafe4e68b236513d065f71c5f92ae2135a3f0,8192,float32,ca2386f24d445258fc1244651ef6164bedaed16011ff4e7a0eff25b7fba9a542
large,obqa,13-77,1902,0,$DATA_DIR/P2_E1_DIRECTION_20260913T053456Z/features/large/obqa/01902.npz,80f949b987728bfb9781a81324590bbd2dc90a5ff48443068dc40535c21f4687,8192,float32,ca2386f24d445258fc1244651ef6164bedaed16011ff4e7a0eff25b7fba9a542
large,obqa,13-778,1905,0,$DATA_DIR/P2_E1_DIRECTION_20260913T053456Z/features/large/obqa/01905.npz,9bdeb3ad8374a05115e757e8ce5e5eafe7b2f70a02507c3ba1ca9ab9e20997be,8192,float32,ca2386f24d445258fc1244651ef6164bedaed16011ff4e7a0eff25b7fba9a542
large,obqa,13-783,1908,0,$DATA_DIR/P2_E1_DIRECTION_20260913T053456Z/features/large/obqa/01908.npz,d446db08d4437d930794ed2801fb6cc30c53ddc902af7d75263cb91202b6ddd7,8192,float32,ca2386f24d445258fc1244651ef6164bedaed16011ff4e7a0eff25b7fba9a542
large,obqa,13-790,1914,0,$DATA_DIR/P2_E1_DIRECTION_20260913T053456Z/features/large/obqa/01914.npz,ad0a84a1121d422c41fa03f565927b5970f68b8706a73ea0a22968719bb54bc5,8192,float32,ca2386f24d445258fc1244651ef6164bedaed16011ff4e7a0eff25b7fba9a542
large,obqa,13-798,1919,0,$DATA_DIR/P2_E1_DIRECTION_20260913T053456Z/features/large/obqa/01919.npz,c5cb6cb25daf3a8859fa430a26586bf90b998ce0147517a705c8773531eb3942,8192,float32,ca2386f24d445258fc1244651ef6164bedaed16011ff4e7a0eff25b7fba9a542
large,obqa,13-8,1921,0,$DATA_DIR/P2_E1_DIRECTION_20260913T053456Z/features/large/obqa/01921.npz,951f02ba1765d76fc498f7bb20e72e18d55a27a52c21e61056a71e04225aa25e,8192,float32,ca2386f24d445258fc1244651ef6164bedaed16011ff4e7a0eff25b7fba9a542
large,obqa,13-80,1922,0,$DATA_DIR/P2_E1_DIRECTION_20260913T053456Z/features/large/obqa/01922.npz,60a0520ce38fb3709bd738691e601f19bd9e297fca146622af80e42d6052ad23,8192,float32,ca2386f24d445258fc1244651ef6164bedaed16011ff4e7a0eff25b7fba9a542
large,obqa,13-83,1934,0,$DATA_DIR/P2_E1_DIRECTION_20260913T053456Z/features/large/obqa/01934.npz,a693e055eb8d601a6027ce5375fae583e5a885201a631385e84f5463bef927fb,8192,float32,ca2386f24d445258fc1244651ef6164bedaed16011ff4e7a0eff25b7fba9a542
large,obqa,13-842,1941,0,$DATA_DIR/P2_E1_DIRECTION_20260913T053456Z/features/large/obqa/01941.npz,44344c92f6785ce54fab21e1ccde9dfe828e0ee21774241d4ad4ca490d9b4268,8192,float32,ca2386f24d445258fc1244651ef6164bedaed16011ff4e7a0eff25b7fba9a542
large,obqa,13-85,1944,0,$DATA_DIR/P2_E1_DIRECTION_20260913T053456Z/features/large/obqa/01944.npz,9738b9c19fbb5f0ef629da03c39a84b0b21d74e953fb20c0eb831ae141b6ea09,8192,float32,ca2386f24d445258fc1244651ef6164bedaed16011ff4e7a0eff25b7fba9a542
large,obqa,13-853,1946,0,$DATA_DIR/P2_E1_DIRECTION_20260913T053456Z/features/large/obqa/01946.npz,1cc5231acd2e1535a68f00f2bb441f3d47d1cbf9d18ad64c97dbcde6901421ce,8192,float32,ca2386f24d445258fc1244651ef6164bedaed16011ff4e7a0eff25b7fba9a542
large,obqa,13-858,1949,0,$DATA_DIR/P2_E1_DIRECTION_20260913T053456Z/features/large/obqa/01949.npz,7a00d97fe260b8a8318832ca86d6c520cd58aa481b76c7b3c9a6e4bbc8fd65a7,8192,float32,ca2386f24d445258fc1244651ef6164bedaed16011ff4e7a0eff25b7fba9a542
large,obqa,13-864,1954,0,$DATA_DIR/P2_E1_DIRECTION_20260913T053456Z/features/large/obqa/01954.npz,e582c536179a0db7c3b71491a5ef4cb4ec433084d7e8e13efe64707c42b57ac2,8192,float32,ca2386f24d445258fc1244651ef6164bedaed16011ff4e7a0eff25b7fba9a542
large,obqa,13-865,1955,0,$DATA_DIR/P2_E1_DIRECTION_20260913T053456Z/features/large/obqa/01955.npz,af1f28896cd3a9178e86ce4dbdfd28137618cdba38a7f5b99fd863bab58deeb1,8192,float32,ca2386f24d445258fc1244651ef6164bedaed16011ff4e7a0eff25b7fba9a542
large,obqa,13-875,1959,0,$DATA_DIR/P2_E1_DIRECTION_20260913T053456Z/features/large/obqa/01959.npz,ec3a508058cd8676a498db0af3030bd5d07e5b395936f3e6689d05ee651b133d,8192,float32,ca2386f24d445258fc1244651ef6164bedaed16011ff4e7a0eff25b7fba9a542
large,obqa,13-910,1976,0,$DATA_DIR/P2_E1_DIRECTION_20260913T053456Z/features/large/obqa/01976.npz,0b1ebd880d9fe56a56645e1fd2b9de924dd80c71494973bb8f77827cff5cf76d,8192,float32,ca2386f24d445258fc1244651ef6164bedaed16011ff4e7a0eff25b7fba9a542
large,obqa,13-918,1980,0,$DATA_DIR/P2_E1_DIRECTION_20260913T053456Z/features/large/obqa/01980.npz,d5ff6ea23be546a7b26ae07d013aaab6ba1628e6e29b90c67a9707e5d8f70dd8,8192,float32,ca2386f24d445258fc1244651ef6164bedaed16011ff4e7a0eff25b7fba9a542
large,obqa,13-928,1986,0,$DATA_DIR/P2_E1_DIRECTION_20260913T053456Z/features/large/obqa/01986.npz,9adbe564620f011ff943e0b6429ec5254e40319a398fafb182298ae1e191d87c,8192,float32,ca2386f24d445258fc1244651ef6164bedaed16011ff4e7a0eff25b7fba9a542
large,obqa,13-93,1987,0,$DATA_DIR/P2_E1_DIRECTION_20260913T053456Z/features/large/obqa/01987.npz,03c6679d1126d851ce56440696e6a10d6873ff93b3b862402d0465eb0741528f,8192,float32,ca2386f24d445258fc1244651ef6164bedaed16011ff4e7a0eff25b7fba9a542
large,obqa,13-934,1991,0,$DATA_DIR/P2_E1_DIRECTION_20260913T053456Z/features/large/obqa/01991.npz,8294b8a553236da2b8be5ba9b22c59baaf53539a45672b5bb802b111f9f967ca,8192,float32,ca2386f24d445258fc1244651ef6164bedaed16011ff4e7a0eff25b7fba9a542
large,obqa,13-936,1992,0,$DATA_DIR/P2_E1_DIRECTION_20260913T053456Z/features/large/obqa/01992.npz,08c8b2bb4a44148a690b50fc2883fb3872043e325718e7c032afdd1dcc2117d4,8192,float32,ca2386f24d445258fc1244651ef6164bedaed16011ff4e7a0eff25b7fba9a542
large,obqa,13-946,1997,0,$DATA_DIR/P2_E1_DIRECTION_20260913T053456Z/features/large/obqa/01997.npz,658d4393bd4355e49666755710a3c1ef653096b2209782977f28cb9665aa4ba1,8192,float32,ca2386f24d445258fc1244651ef6164bedaed16011ff4e7a0eff25b7fba9a542
large,obqa,13-95,2001,0,$DATA_DIR/P2_E1_DIRECTION_20260913T053456Z/features/large/obqa/02001.npz,0e7629c89d4d1f6a9712ffa90f7e328d8c4e455265b6fdd8dff1c7317f0c1fdf,8192,float32,ca2386f24d445258fc1244651ef6164bedaed16011ff4e7a0eff25b7fba9a542
large,obqa,13-957,2005,0,$DATA_DIR/P2_E1_DIRECTION_20260913T053456Z/features/large/obqa/02005.npz,25e39bbbe25a61149b2792d5a94f05bf0e5282bdb3c48753eae1836d11ae04f9,8192,float32,ca2386f24d445258fc1244651ef6164bedaed16011ff4e7a0eff25b7fba9a542
large,obqa,13-966,2011,0,$DATA_DIR/P2_E1_DIRECTION_20260913T053456Z/features/large/obqa/02011.npz,d776fe4fb1ee97bb9a17b26af3a008cd30baa0ed8501adb977dd78a3225d9e8a,8192,float32,ca2386f24d445258fc1244651ef6164bedaed16011ff4e7a0eff25b7fba9a542
large,obqa,13-967,2012,0,$DATA_DIR/P2_E1_DIRECTION_20260913T053456Z/features/large/obqa/02012.npz,99f1da5e319215a06ccc6253337cc3b63c7a0565ea932308f81af31911ca4699,8192,float32,ca2386f24d445258fc1244651ef6164bedaed16011ff4e7a0eff25b7fba9a542
large,obqa,13-969,2013,0,$DATA_DIR/P2_E1_DIRECTION_20260913T053456Z/features/large/obqa/02013.npz,e53ffa03acaae75180079f3e5db934b783454519a08cd55019f4a53fa1c81c97,8192,float32,ca2386f24d445258fc1244651ef6164bedaed16011ff4e7a0eff25b7fba9a542
large,obqa,13-972,2016,0,$DATA_DIR/P2_E1_DIRECTION_20260913T053456Z/features/large/obqa/02016.npz,8912579523bb8bfe52a73ba3054fe6045ca233481bb1c3ecd8e5e16f25603fc7,8192,float32,ca2386f24d445258fc1244651ef6164bedaed16011ff4e7a0eff25b7fba9a542
large,obqa,13-985,2021,0,$DATA_DIR/P2_E1_DIRECTION_20260913T053456Z/features/large/obqa/02021.npz,33a6aac6e67a98ea8cd035804975555b9479285ec875a1c23ed57350290b71a8,8192,float32,ca2386f24d445258fc1244651ef6164bedaed16011ff4e7a0eff25b7fba9a542
large,obqa,13-989,2024,0,$DATA_DIR/P2_E1_DIRECTION_20260913T053456Z/features/large/obqa/02024.npz,494b014a57903b19430a28d57db01bf8cc7abb5cc32cacca4845b8cb4f95b9ab,8192,float32,ca2386f24d445258fc1244651ef6164bedaed16011ff4e7a0eff25b7fba9a542
large,obqa,13-996,2028,0,$DATA_DIR/P2_E1_DIRECTION_20260913T053456Z/features/large/obqa/02028.npz,cc9b0429f7dd124830eabeb1e2e868a2a4e8d1cb48955dbd28720b96a4210897,8192,float32,ca2386f24d445258fc1244651ef6164bedaed16011ff4e7a0eff25b7fba9a542
large,obqa,13-999,2029,0,$DATA_DIR/P2_E1_DIRECTION_20260913T053456Z/features/large/obqa/02029.npz,c193e986f7fd327211d354cf9343c23ae8e02ba5b3e87a1fd6e73e5112c7ba47,8192,float32,ca2386f24d445258fc1244651ef6164bedaed16011ff4e7a0eff25b7fba9a542
large,obqa,1336,2032,0,$DATA_DIR/P2_E1_DIRECTION_20260913T053456Z/features/large/obqa/02032.npz,c8d56487eecc5bfd6c9ef0b98917161604789116a281d45c59b8eb59d46bc026,8192,float32,ca2386f24d445258fc1244651ef6164bedaed16011ff4e7a0eff25b7fba9a542
large,obqa,1383,2039,0,$DATA_DIR/P2_E1_DIRECTION_20260913T053456Z/features/large/obqa/02039.npz,51cfbfce58a248b505adf290046d3d2a9fab0cf7569eb3e0f3fa45ce5be9d000,8192,float32,ca2386f24d445258fc1244651ef6164bedaed16011ff4e7a0eff25b7fba9a542
large,obqa,1397,2042,0,$DATA_DIR/P2_E1_DIRECTION_20260913T053456Z/features/large/obqa/02042.npz,66a621804783ad1a51c875159715e50f4d7436e4c1505e9239e3f9592db6a136,8192,float32,ca2386f24d445258fc1244651ef6164bedaed16011ff4e7a0eff25b7fba9a542
large,obqa,14-10,2044,0,$DATA_DIR/P2_E1_DIRECTION_20260913T053456Z/features/large/obqa/02044.npz,88fa1cdabec8d9a673f6eb21c5c43bdfe0599d32db9ee91096ae30d81283f664,8192,float32,ca2386f24d445258fc1244651ef6164bedaed16011ff4e7a0eff25b7fba9a542
large,obqa,14-1012,2052,0,$DATA_DIR/P2_E1_DIRECTION_20260913T053456Z/features/large/obqa/02052.npz,65315c906082649d5024d409d1f8abdaf5b1f5f89513a6e5b24b458e25bb4ff7,8192,float32,ca2386f24d445258fc1244651ef6164bedaed16011ff4e7a0eff25b7fba9a542
large,obqa,14-1013,2053,0,$DATA_DIR/P2_E1_DIRECTION_20260913T053456Z/features/large/obqa/02053.npz,a7bda782d49589210565a3d4dbb837f7cd195d4703bdd309b1e868aebcb84f87,8192,float32,ca2386f24d445258fc1244651ef6164bedaed16011ff4e7a0eff25b7fba9a542
large,obqa,14-1028,2060,0,$DATA_DIR/P2_E1_DIRECTION_20260913T053456Z/features/large/obqa/02060.npz,c4a8ef7de4d8e89c733848ceb8700716cad97bd154a525acc5a86444535aa663,8192,float32,ca2386f24d445258fc1244651ef6164bedaed16011ff4e7a0eff25b7fba9a542
large,obqa,14-1043,2067,0,$DATA_DIR/P2_E1_DIRECTION_20260913T053456Z/features/large/obqa/02067.npz,a47d0a3a306f34af583eace915467b4e3687906d6fe11e11e458bd9e52648c53,8192,float32,ca2386f24d445258fc1244651ef6164bedaed16011ff4e7a0eff25b7fba9a542
large,obqa,14-1063,2081,0,$DATA_DIR/P2_E1_DIRECTION_20260913T053456Z/features/large/obqa/02081.npz,fe6a4c1f9cecd1907416a664c6399ea7e9de48d36c6e3ed21b258ec297848b7d,8192,float32,ca2386f24d445258fc1244651ef6164bedaed16011ff4e7a0eff25b7fba9a542
large,obqa,14-1106,2092,0,$DATA_DIR/P2_E1_DIRECTION_20260913T053456Z/features/large/obqa/02092.npz,b1e8f3cb5a271eec5572a085de402c9e8d070063eea4029648280c04d9e54a50,8192,float32,ca2386f24d445258fc1244651ef6164bedaed16011ff4e7a0eff25b7fba9a542
large,obqa,14-1125,2097,0,$DATA_DIR/P2_E1_DIRECTION_20260913T053456Z/features/large/obqa/02097.npz,8c32d366fc8499f1e1aadd9c4d5db699ec5eedd8a94ab847839f5f857d630966,8192,float32,ca2386f24d445258fc1244651ef6164bedaed16011ff4e7a0eff25b7fba9a542
large,obqa,14-1140,2103,0,$DATA_DIR/P2_E1_DIRECTION_20260913T053456Z/features/large/obqa/02103.npz,a99ea6d062c6eaaf87fae20f9a4468fd6bd86d7ab403201c21c0eb3ed8007812,8192,float32,ca2386f24d445258fc1244651ef6164bedaed16011ff4e7a0eff25b7fba9a542
large,obqa,14-1143,2105,0,$DATA_DIR/P2_E1_DIRECTION_20260913T053456Z/features/large/obqa/02105.npz,596b9ffce87cece9eca4e6e04557f705a51627bde03abc3016cd8375be8b293c,8192,float32,ca2386f24d445258fc1244651ef6164bedaed16011ff4e7a0eff25b7fba9a542
large,obqa,14-1145,2107,0,$DATA_DIR/P2_E1_DIRECTION_20260913T053456Z/features/large/obqa/02107.npz,6a65e2a9dd5aae7267e3777bc813ebe192a4b472210eeecd65fc9e918952f2a5,8192,float32,ca2386f24d445258fc1244651ef6164bedaed16011ff4e7a0eff25b7fba9a542
large,obqa,14-116,2118,0,$DATA_DIR/P2_E1_DIRECTION_20260913T053456Z/features/large/obqa/02118.npz,b90dae58289e39cf876f290d8cdc3e22dffb06838dfdcc0be01733a12012ffa9,8192,float32,ca2386f24d445258fc1244651ef6164bedaed16011ff4e7a0eff25b7fba9a542
large,obqa,14-1161,2119,0,$DATA_DIR/P2_E1_DIRECTION_20260913T053456Z/features/large/obqa/02119.npz,a69a7b3cc521e5a48790c3a14eea900352b9112d72a192c2e8943c368208c0be,8192,float32,ca2386f24d445258fc1244651ef6164bedaed16011ff4e7a0eff25b7fba9a542
large,obqa,14-1178,2124,0,$DATA_DIR/P2_E1_DIRECTION_20260913T053456Z/features/large/obqa/02124.npz,ca9e1a3e077d8e2f982308c40e4bce1d669c89a8a517184fdcc8aa2fa0bee0e7,8192,float32,ca2386f24d445258fc1244651ef6164bedaed16011ff4e7a0eff25b7fba9a542
large,obqa,14-1188,2128,0,$DATA_DIR/P2_E1_DIRECTION_20260913T053456Z/features/large/obqa/02128.npz,93b0552fb608539ec66458cd4d82e1614d3270aa945dcc8def39a99decb532eb,8192,float32,ca2386f24d445258fc1244651ef6164bedaed16011ff4e7a0eff25b7fba9a542
large,obqa,14-1207,2135,0,$DATA_DIR/P2_E1_DIRECTION_20260913T053456Z/features/large/obqa/02135.npz,1102446128807f0cb1ba3eb782256be0454b64b2582da4af472e22b529a0268c,8192,float32,ca2386f24d445258fc1244651ef6164bedaed16011ff4e7a0eff25b7fba9a542
large,obqa,14-1214,2137,0,$DATA_DIR/P2_E1_DIRECTION_20260913T053456Z/features/large/obqa/02137.npz,68cd7216875a87da92f56c819e5a385f247ee057018c4b712661e2defc9583c8,8192,float32,ca2386f24d445258fc1244651ef6164bedaed16011ff4e7a0eff25b7fba9a542
large,obqa,14-1270,2156,0,$DATA_DIR/P2_E1_DIRECTION_20260913T053456Z/features/large/obqa/02156.npz,987df56fe7f346598b478b3a765f64a1027c96c60b15c3c76025e6160105e1c0,8192,float32,ca2386f24d445258fc1244651ef6164bedaed16011ff4e7a0eff25b7fba9a542
large,obqa,14-1292,2167,0,$DATA_DIR/P2_E1_DIRECTION_20260913T053456Z/features/large/obqa/02167.npz,9ae3cdd638b9c238ad876015418e235ba95c9b74ca72ccd1f9deeac2ba356949,8192,float32,ca2386f24d445258fc1244651ef6164bedaed16011ff4e7a0eff25b7fba9a542
large,obqa,14-1297,2171,0,$DATA_DIR/P2_E1_DIRECTION_20260913T053456Z/features/large/obqa/02171.npz,9c628d66b472aaa9f1678809afed2488b6c8d3db835a3d04ee426c094d2f87ce,8192,float32,ca2386f24d445258fc1244651ef6164bedaed16011ff4e7a0eff25b7fba9a542
large,obqa,14-130,2174,0,$DATA_DIR/P2_E1_DIRECTION_20260913T053456Z/features/large/obqa/02174.npz,b8ea197cab5dfe02a558ecdbfa4a31ef3539cedd4204f50b954074ed629641cf,8192,float32,ca2386f24d445258fc1244651ef6164bedaed16011ff4e7a0eff25b7fba9a542
large,obqa,14-1307,2177,0,$DATA_DIR/P2_E1_DIRECTION_20260913T053456Z/features/large/obqa/02177.npz,65f52e47d96454c6e7a5622dd82e9fc6417576246fbc7257ad57bfe8734d773a,8192,float32,ca2386f24d445258fc1244651ef6164bedaed16011ff4e7a0eff25b7fba9a542
large,obqa,14-1315,2180,0,$DATA_DIR/P2_E1_DIRECTION_20260913T053456Z/features/large/obqa/02180.npz,b28320beb430610879249af951ef4627c93615316b4ff159b4df6c61a2fd0dcc,8192,float32,ca2386f24d445258fc1244651ef6164bedaed16011ff4e7a0eff25b7fba9a542
large,obqa,14-1316,2181,0,$DATA_DIR/P2_E1_DIRECTION_20260913T053456Z/features/large/obqa/02181.npz,ef3e1e07c443dd094d0e00f2cf6ce0610b107c49176c88e96c95d30b522426ef,8192,float32,ca2386f24d445258fc1244651ef6164bedaed16011ff4e7a0eff25b7fba9a542
large,obqa,14-132,2183,0,$DATA_DIR/P2_E1_DIRECTION_20260913T053456Z/features/large/obqa/02183.npz,5693fc8e3fb2959be3edd2998951a4f7cbbe762429183761e764282e266a7c08,8192,float32,ca2386f24d445258fc1244651ef6164bedaed16011ff4e7a0eff25b7fba9a542
large,obqa,14-1340,2193,0,$DATA_DIR/P2_E1_DIRECTION_20260913T053456Z/features/large/obqa/02193.npz,e6f115155c03f52a16a2e2827aa8df769c388cdcbe64c1ac51a94e1539ce48d7,8192,float32,ca2386f24d445258fc1244651ef6164bedaed16011ff4e7a0eff25b7fba9a542
large,obqa,14-1346,2194,0,$DATA_DIR/P2_E1_DIRECTION_20260913T053456Z/features/large/obqa/02194.npz,257b55c31cba3ada2064ab6468143c395f1a1c590dcc9355a919d8d18d6d31a8,8192,float32,ca2386f24d445258fc1244651ef6164bedaed16011ff4e7a0eff25b7fba9a542
large,obqa,14-1353,2198,0,$DATA_DIR/P2_E1_DIRECTION_20260913T053456Z/features/large/obqa/02198.npz,2296d343f75abe059e5113ca71e0bab53fd2c7482a8e2841c362f297481455eb,8192,float32,ca2386f24d445258fc1244651ef6164bedaed16011ff4e7a0eff25b7fba9a542
large,obqa,14-1357,2202,0,$DATA_DIR/P2_E1_DIRECTION_20260913T053456Z/features/large/obqa/02202.npz,ad285e2a9d8da97ee65a990e307657ee486e038fa296fcd86b9cfd98c7f85e83,8192,float32,ca2386f24d445258fc1244651ef6164bedaed16011ff4e7a0eff25b7fba9a542
large,obqa,14-1370,2211,0,$DATA_DIR/P2_E1_DIRECTION_20260913T053456Z/features/large/obqa/02211.npz,a29a3650fd6448a32244640a199c776055f03a4ba4f7b8327924424475086196,8192,float32,ca2386f24d445258fc1244651ef6164bedaed16011ff4e7a0eff25b7fba9a542
large,obqa,14-1407,2228,0,$DATA_DIR/P2_E1_DIRECTION_20260913T053456Z/features/large/obqa/02228.npz,f3ab500122093833c969888146c5dce1231491747dbb8621ba5ae5f05580449c,8192,float32,ca2386f24d445258fc1244651ef6164bedaed16011ff4e7a0eff25b7fba9a542
large,obqa,14-1416,2233,0,$DATA_DIR/P2_E1_DIRECTION_20260913T053456Z/features/large/obqa/02233.npz,45e0b40cefa51bf1a9b2ef809a051d05cb9a88f15a2df37212d90b30d1da2473,8192,float32,ca2386f24d445258fc1244651ef6164bedaed16011ff4e7a0eff25b7fba9a542
large,obqa,14-1421,2238,0,$DATA_DIR/P2_E1_DIRECTION_20260913T053456Z/features/large/obqa/02238.npz,c9a3efcf5312c575f76c01b6ff56e73a503b9789c2cd2296d5f47c60eda4c702,8192,float32,ca2386f24d445258fc1244651ef6164bedaed16011ff4e7a0eff25b7fba9a542
large,obqa,14-1426,2241,0,$DATA_DIR/P2_E1_DIRECTION_20260913T053456Z/features/large/obqa/02241.npz,509c0958fd3bfd85e44bdb49174f8cee69419b0dc9eb5805584021ac07fe7f20,8192,float32,ca2386f24d445258fc1244651ef6164bedaed16011ff4e7a0eff25b7fba9a542
large,obqa,14-1430,2244,0,$DATA_DIR/P2_E1_DIRECTION_20260913T053456Z/features/large/obqa/02244.npz,266a7949f38b856ae9395cb2c25cf563d062a2782eff0e790e8b0643485de2aa,8192,float32,ca2386f24d445258fc1244651ef6164bedaed16011ff4e7a0eff25b7fba9a542
large,obqa,14-1436,2246,0,$DATA_DIR/P2_E1_DIRECTION_20260913T053456Z/features/large/obqa/02246.npz,e214ce26daf42baa7ef48d56b29dc5c7e8c739009c5f8c3a94bc59db081e7d12,8192,float32,ca2386f24d445258fc1244651ef6164bedaed16011ff4e7a0eff25b7fba9a542
large,obqa,14-1444,2250,0,$DATA_DIR/P2_E1_DIRECTION_20260913T053456Z/features/large/obqa/02250.npz,4e4bce9326bb35a2f9eae96fe234f0176f0a7f63b8099c2d7c5523b681cd95f1,8192,float32,ca2386f24d445258fc1244651ef6164bedaed16011ff4e7a0eff25b7fba9a542
large,obqa,14-1452,2253,0,$DATA_DIR/P2_E1_DIRECTION_20260913T053456Z/features/large/obqa/02253.npz,f3ab799dd13d35071672c6b309542ed5bd5da210a0b108b6a3c26e49d76de896,8192,float32,ca2386f24d445258fc1244651ef6164bedaed16011ff4e7a0eff25b7fba9a542
large,obqa,14-1457,2255,0,$DATA_DIR/P2_E1_DIRECTION_20260913T053456Z/features/large/obqa/02255.npz,4659b46bcf00c6492c8299796165c54e67c5790237714495f246ddded4da4497,8192,float32,ca2386f24d445258fc1244651ef6164bedaed16011ff4e7a0eff25b7fba9a542
large,obqa,14-1458,2256,0,$DATA_DIR/P2_E1_DIRECTION_20260913T053456Z/features/large/obqa/02256.npz,b1e3f58c5681e3685af16d5a93e5bc7f5a1c765944508dcaa7af9f103882b9cd,8192,float32,ca2386f24d445258fc1244651ef6164bedaed16011ff4e7a0eff25b7fba9a542
large,obqa,14-1464,2259,0,$DATA_DIR/P2_E1_DIRECTION_20260913T053456Z/features/large/obqa/02259.npz,0aa49b1e59d79f6c6163a22661837457730a6ec8103370a1701b4c275a5c1e8c,8192,float32,ca2386f24d445258fc1244651ef6164bedaed16011ff4e7a0eff25b7fba9a542
large,obqa,14-1469,2261,0,$DATA_DIR/P2_E1_DIRECTION_20260913T053456Z/features/large/obqa/02261.npz,242b5e9936135b77d4d96ba51971078a75a07645a8176d381df7b729664924fd,8192,float32,ca2386f24d445258fc1244651ef6164bedaed16011ff4e7a0eff25b7fba9a542
large,obqa,14-1505,2277,0,$DATA_DIR/P2_E1_DIRECTION_20260913T053456Z/features/large/obqa/02277.npz,df3dc389e4bde8ef73284306729a5742549460dfcd8e22c42853784338ac7f06,8192,float32,ca2386f24d445258fc1244651ef6164bedaed16011ff4e7a0eff25b7fba9a542
large,obqa,14-1506,2278,0,$DATA_DIR/P2_E1_DIRECTION_20260913T053456Z/features/large/obqa/02278.npz,1390cba3ca8950680235cf11618e39ff87ba52c2a1378295631374a0873aadbb,8192,float32,ca2386f24d445258fc1244651ef6164bedaed16011ff4e7a0eff25b7fba9a542
large,obqa,14-16,2286,0,$DATA_DIR/P2_E1_DIRECTION_20260913T053456Z/features/large/obqa/02286.npz,a00a6bd06895ca5aebf95c0ac9c0cd571216a778edd8dfe7d96db3376b86feb2,8192,float32,ca2386f24d445258fc1244651ef6164bedaed16011ff4e7a0eff25b7fba9a542
large,obqa,14-166,2289,0,$DATA_DIR/P2_E1_DIRECTION_20260913T053456Z/features/large/obqa/02289.npz,42c9e6d243a2d88c6b262729d39463c13d641d4bdc1dcfb54afb56883afd0c2c,8192,float32,ca2386f24d445258fc1244651ef6164bedaed16011ff4e7a0eff25b7fba9a542
large,obqa,14-183,2298,0,$DATA_DIR/P2_E1_DIRECTION_20260913T053456Z/features/large/obqa/02298.npz,e7ab56464cfb53981468685bebad9b72fc4285ed16916efd1717166b681f2023,8192,float32,ca2386f24d445258fc1244651ef6164bedaed16011ff4e7a0eff25b7fba9a542
large,obqa,14-212,2309,0,$DATA_DIR/P2_E1_DIRECTION_20260913T053456Z/features/large/obqa/02309.npz,65927a86c8fa08430291324b9356a5e0137738ff09ed3d7e1dc079dcc5d5b570,8192,float32,ca2386f24d445258fc1244651ef6164bedaed16011ff4e7a0eff25b7fba9a542
large,obqa,14-213,2310,0,$DATA_DIR/P2_E1_DIRECTION_20260913T053456Z/features/large/obqa/02310.npz,fd768133e10403c67a322aa8fff03c01ef5ba9998d5c2afa3d9d4fca6aac947d,8192,float32,ca2386f24d445258fc1244651ef6164bedaed16011ff4e7a0eff25b7fba9a542
large,obqa,14-219,2314,0,$DATA_DIR/P2_E1_DIRECTION_20260913T053456Z/features/large/obqa/02314.npz,b81144689986204decb951e9679fd32004d5c5117bc99337041f3489bb5a0ad5,8192,float32,ca2386f24d445258fc1244651ef6164bedaed16011ff4e7a0eff25b7fba9a542
large,obqa,14-22,2315,0,$DATA_DIR/P2_E1_DIRECTION_20260913T053456Z/features/large/obqa/02315.npz,a1493dd5622761a7a1f012722819a9d757ec5b72c4a49d0e5155b233d703b2ff,8192,float32,ca2386f24d445258fc1244651ef6164bedaed16011ff4e7a0eff25b7fba9a542
large,obqa,14-232,2318,0,$DATA_DIR/P2_E1_DIRECTION_20260913T053456Z/features/large/obqa/02318.npz,1252071f8cfc7b8d82cf442c07f251340cee5efdc99b8f7be4937f5f9d6b9fc0,8192,float32,ca2386f24d445258fc1244651ef6164bedaed16011ff4e7a0eff25b7fba9a542
large,obqa,14-239,2321,0,$DATA_DIR/P2_E1_DIRECTION_20260913T053456Z/features/large/obqa/02321.npz,ba09f47237a031c7429f99b416a44024bb9c42f0b794f498be49be9553c23b36,8192,float32,ca2386f24d445258fc1244651ef6164bedaed16011ff4e7a0eff25b7fba9a542
large,obqa,14-255,2326,0,$DATA_DIR/P2_E1_DIRECTION_20260913T053456Z/features/large/obqa/02326.npz,6eeadbfda6f159b8c40205163852453da57c8b5592195223d4862c3ce2b66dd5,8192,float32,ca2386f24d445258fc1244651ef6164bedaed16011ff4e7a0eff25b7fba9a542
large,obqa,14-259,2327,0,$DATA_DIR/P2_E1_DIRECTION_20260913T053456Z/features/large/obqa/02327.npz,c658f683ffba385731325edce48194cb53a6143311219749dc168eda94d113b8,8192,float32,ca2386f24d445258fc1244651ef6164bedaed16011ff4e7a0eff25b7fba9a542
large,obqa,14-268,2331,0,$DATA_DIR/P2_E1_DIRECTION_20260913T053456Z/features/large/obqa/02331.npz,075c93ace8783bb71261f6db4dea01ad9dae0a319a76072abcbda29703997ecc,8192,float32,ca2386f24d445258fc1244651ef6164bedaed16011ff4e7a0eff25b7fba9a542
large,obqa,14-272,2334,0,$DATA_DIR/P2_E1_DIRECTION_20260913T053456Z/features/large/obqa/02334.npz,90a07e11598648ab7e660f642571c2742c4f4e44de6e72cc88b572d28ee1911b,8192,float32,ca2386f24d445258fc1244651ef6164bedaed16011ff4e7a0eff25b7fba9a542
large,obqa,14-294,2341,0,$DATA_DIR/P2_E1_DIRECTION_20260913T053456Z/features/large/obqa/02341.npz,36985175f06695bd9b5a2aaf690b2b1116cd7440ddba8641e86a6c77da40e34d,8192,float32,ca2386f24d445258fc1244651ef6164bedaed16011ff4e7a0eff25b7fba9a542
large,obqa,14-307,2346,0,$DATA_DIR/P2_E1_DIRECTION_20260913T053456Z/features/large/obqa/02346.npz,9a64ff6c81103da1c1c21c94746436f29d69b8e4c3bf8b7c0d79dbd3e623a610,8192,float32,ca2386f24d445258fc1244651ef6164bedaed16011ff4e7a0eff25b7fba9a542
large,obqa,14-312,2350,0,$DATA_DIR/P2_E1_DIRECTION_20260913T053456Z/features/large/obqa/02350.npz,43f006a53184eac8b24a4c4e6215ae5d95e6abe4e55f3cdd5279274e8286c41c,8192,float32,ca2386f24d445258fc1244651ef6164bedaed16011ff4e7a0eff25b7fba9a542
large,obqa,14-344,2362,0,$DATA_DIR/P2_E1_DIRECTION_20260913T053456Z/features/large/obqa/02362.npz,dffda142a0a1886c4254b325c779b94a5ecb1270aaeb9ecf10b18b6401ec5536,8192,float32,ca2386f24d445258fc1244651ef6164bedaed16011ff4e7a0eff25b7fba9a542
large,obqa,14-391,2381,0,$DATA_DIR/P2_E1_DIRECTION_20260913T053456Z/features/large/obqa/02381.npz,3ae1093abad11cd74eca526b9654c7ad99a230c670a603cba1b82e52121f1323,8192,float32,ca2386f24d445258fc1244651ef6164bedaed16011ff4e7a0eff25b7fba9a542
large,obqa,14-406,2389,0,$DATA_DIR/P2_E1_DIRECTION_20260913T053456Z/features/large/obqa/02389.npz,8d1125d60c6da0ab697d5329c7d394e3fbd5a18dd832fadd73c9af49da8158f9,8192,float32,ca2386f24d445258fc1244651ef6164bedaed16011ff4e7a0eff25b7fba9a542
large,obqa,14-462,2410,0,$DATA_DIR/P2_E1_DIRECTION_20260913T053456Z/features/large/obqa/02410.npz,206a2460894e30a3ce804c3c537ceec6c9ce49ce3f668100a4bbab5c649bd182,8192,float32,ca2386f24d445258fc1244651ef6164bedaed16011ff4e7a0eff25b7fba9a542
large,obqa,14-492,2425,0,$DATA_DIR/P2_E1_DIRECTION_20260913T053456Z/features/large/obqa/02425.npz,478170410b67399d498e8cd6b52a10a7e45a3fc153ebc003ee53ee5cff1cc9b3,8192,float32,ca2386f24d445258fc1244651ef6164bedaed16011ff4e7a0eff25b7fba9a542
large,obqa,14-5,2427,0,$DATA_DIR/P2_E1_DIRECTION_20260913T053456Z/features/large/obqa/02427.npz,b418a3b7009dbca14a7621334178440ea0478f37e74a48834682e9690a77ed7e,8192,float32,ca2386f24d445258fc1244651ef6164bedaed16011ff4e7a0eff25b7fba9a542
large,obqa,14-509,2429,0,$DATA_DIR/P2_E1_DIRECTION_20260913T053456Z/features/large/obqa/02429.npz,d32187abb8ee63dbcdac2e10d30080dbc1686b1d0088008d50af816e3dce5e4b,8192,float32,ca2386f24d445258fc1244651ef6164bedaed16011ff4e7a0eff25b7fba9a542
large,obqa,14-512,2430,0,$DATA_DIR/P2_E1_DIRECTION_20260913T053456Z/features/large/obqa/02430.npz,fdf62ce7458faf03b6fb319475e42e672bd43a95a41a8e4f2fe1905c9e31fbc7,8192,float32,ca2386f24d445258fc1244651ef6164bedaed16011ff4e7a0eff25b7fba9a542
large,obqa,14-534,2438,0,$DATA_DIR/P2_E1_DIRECTION_20260913T053456Z/features/large/obqa/02438.npz,adb3e1a6f201800ae624a15491db8f74539b8ef91466a0bc32534fe399034221,8192,float32,ca2386f24d445258fc1244651ef6164bedaed16011ff4e7a0eff25b7fba9a542
large,obqa,14-567,2455,0,$DATA_DIR/P2_E1_DIRECTION_20260913T053456Z/features/large/obqa/02455.npz,96580d0e6284102a8304abc8467c6287f087d98f0602a5ed5ed4f59ec140a72d,8192,float32,ca2386f24d445258fc1244651ef6164bedaed16011ff4e7a0eff25b7fba9a542
large,obqa,14-579,2464,0,$DATA_DIR/P2_E1_DIRECTION_20260913T053456Z/features/large/obqa/02464.npz,a744a5ce5def90124173ad09ea32d583c078737aa9cec4b847670fbe53b32c78,8192,float32,ca2386f24d445258fc1244651ef6164bedaed16011ff4e7a0eff25b7fba9a542
large,obqa,14-58,2465,0,$DATA_DIR/P2_E1_DIRECTION_20260913T053456Z/features/large/obqa/02465.npz,199d0ad78d29d67d122580e0806f3a655e643618a4e6f6664871964e4f2c78a1,8192,float32,ca2386f24d445258fc1244651ef6164bedaed16011ff4e7a0eff25b7fba9a542
large,obqa,14-6,2471,0,$DATA_DIR/P2_E1_DIRECTION_20260913T053456Z/features/large/obqa/02471.npz,804d74d1c355441a11b67bf0731938d1c76cc2eacac950bd2a5308c05c8b9bae,8192,float32,ca2386f24d445258fc1244651ef6164bedaed16011ff4e7a0eff25b7fba9a542
large,obqa,14-608,2475,0,$DATA_DIR/P2_E1_DIRECTION_20260913T053456Z/features/large/obqa/02475.npz,9723fb5104a36a4c870ed1edb95fc837e2b2426ed8bb9cb8153be92e424111e0,8192,float32,ca2386f24d445258fc1244651ef6164bedaed16011ff4e7a0eff25b7fba9a542
large,obqa,14-642,2490,0,$DATA_DIR/P2_E1_DIRECTION_20260913T053456Z/features/large/obqa/02490.npz,1cd7cc55c0eed5f15d92783298778d35b15635a09bf836c8f8441d2a9c871d7d,8192,float32,ca2386f24d445258fc1244651ef6164bedaed16011ff4e7a0eff25b7fba9a542
large,obqa,14-643,2491,0,$DATA_DIR/P2_E1_DIRECTION_20260913T053456Z/features/large/obqa/02491.npz,448ef0101e8936c0ee637f8d3c42cb11cf60a227388f3006bf42ffa31dd91dda,8192,float32,ca2386f24d445258fc1244651ef6164bedaed16011ff4e7a0eff25b7fba9a542
large,obqa,14-645,2493,0,$DATA_DIR/P2_E1_DIRECTION_20260913T053456Z/features/large/obqa/02493.npz,156ad61858033067ba86845020ed4eb74b0ef4379b365c6f02e46db065f142fa,8192,float32,ca2386f24d445258fc1244651ef6164bedaed16011ff4e7a0eff25b7fba9a542
large,obqa,14-646,2494,0,$DATA_DIR/P2_E1_DIRECTION_20260913T053456Z/features/large/obqa/02494.npz,2ad4908882a58cbbc6ef953b0dc9924426c696308cf20cc4936c6f649ad1a45c,8192,float32,ca2386f24d445258fc1244651ef6164bedaed16011ff4e7a0eff25b7fba9a542
large,obqa,14-656,2496,0,$DATA_DIR/P2_E1_DIRECTION_20260913T053456Z/features/large/obqa/02496.npz,561fbbc0f9ced5cdc2f8f81bdeab5309e70606566324cd3f9bcf8b316f60b884,8192,float32,ca2386f24d445258fc1244651ef6164bedaed16011ff4e7a0eff25b7fba9a542
large,obqa,14-66,2499,0,$DATA_DIR/P2_E1_DIRECTION_20260913T053456Z/features/large/obqa/02499.npz,77ae1206dffe7e58547168037e0fca0135d3a1bbd4745bbf7ad1c603ee3116e9,8192,float32,ca2386f24d445258fc1244651ef6164bedaed16011ff4e7a0eff25b7fba9a542
large,obqa,14-673,2506,0,$DATA_DIR/P2_E1_DIRECTION_20260913T053456Z/features/large/obqa/02506.npz,417cb0cc3b659a5f88599b2bc6bdd048b07935e38fccadb42269ab47b0e8cfd3,8192,float32,ca2386f24d445258fc1244651ef6164bedaed16011ff4e7a0eff25b7fba9a542
large,obqa,14-700,2518,0,$DATA_DIR/P2_E1_DIRECTION_20260913T053456Z/features/large/obqa/02518.npz,4ffd314b65c8072b394cdef51e9c379b3b6c6e0449d690765b40a52c2fe2f581,8192,float32,ca2386f24d445258fc1244651ef6164bedaed16011ff4e7a0eff25b7fba9a542
large,obqa,14-701,2519,0,$DATA_DIR/P2_E1_DIRECTION_20260913T053456Z/features/large/obqa/02519.npz,8f89bc86d0cac2963a40ddcbd396f8048b607768e65558157e8b668098e0cbdc,8192,float32,ca2386f24d445258fc1244651ef6164bedaed16011ff4e7a0eff25b7fba9a542
large,obqa,14-709,2523,0,$DATA_DIR/P2_E1_DIRECTION_20260913T053456Z/features/large/obqa/02523.npz,2545124f09b2cb8d86aca1fcd88d5146dfd4600f173209a67a9178aa258e89c0,8192,float32,ca2386f24d445258fc1244651ef6164bedaed16011ff4e7a0eff25b7fba9a542
large,obqa,14-72,2531,0,$DATA_DIR/P2_E1_DIRECTION_20260913T053456Z/features/large/obqa/02531.npz,a69b8ce0e2dd9f7b71604e01539f1fabf7a201cad99d2e926f1eeafbab5788bd,8192,float32,ca2386f24d445258fc1244651ef6164bedaed16011ff4e7a0eff25b7fba9a542
large,obqa,14-721,2532,0,$DATA_DIR/P2_E1_DIRECTION_20260913T053456Z/features/large/obqa/02532.npz,26c44e618d5d2a93a96d152074960400092e3e29f1c92d393101f3549a1570f1,8192,float32,ca2386f24d445258fc1244651ef6164bedaed16011ff4e7a0eff25b7fba9a542
large,obqa,14-742,2541,0,$DATA_DIR/P2_E1_DIRECTION_20260913T053456Z/features/large/obqa/02541.npz,2ba281a5d8f421978031dfa6026518349b1d1c28c06c0af5053480bb51220203,8192,float32,ca2386f24d445258fc1244651ef6164bedaed16011ff4e7a0eff25b7fba9a542
large,obqa,14-749,2542,0,$DATA_DIR/P2_E1_DIRECTION_20260913T053456Z/features/large/obqa/02542.npz,388173cfe25e110ef745aef67afe9896f39590ea2034dd51c19a926343f46d9c,8192,float32,ca2386f24d445258fc1244651ef6164bedaed16011ff4e7a0eff25b7fba9a542
large,obqa,14-761,2546,0,$DATA_DIR/P2_E1_DIRECTION_20260913T053456Z/features/large/obqa/02546.npz,dcf8fadfc9ced3d844badb7ccb9f5dec93cd4256d2b7e6bb503e1a835f792e84,8192,float32,ca2386f24d445258fc1244651ef6164bedaed16011ff4e7a0eff25b7fba9a542
large,obqa,14-780,2553,0,$DATA_DIR/P2_E1_DIRECTION_20260913T053456Z/features/large/obqa/02553.npz,12b86dc5f313cbfa15fd766c2002574078ca81c1d800ded10841af4b466b7ffc,8192,float32,ca2386f24d445258fc1244651ef6164bedaed16011ff4e7a0eff25b7fba9a542
large,obqa,14-801,2559,0,$DATA_DIR/P2_E1_DIRECTION_20260913T053456Z/features/large/obqa/02559.npz,919fae551a3d90abcde288445ca58712e598f68b7710fc5a1b79a8f4ec76bd8e,8192,float32,ca2386f24d445258fc1244651ef6164bedaed16011ff4e7a0eff25b7fba9a542
large,obqa,14-802,2560,0,$DATA_DIR/P2_E1_DIRECTION_20260913T053456Z/features/large/obqa/02560.npz,1efd6a7836291692c48bcd6bddb0256309a1e04ce5b52655e58599ca3dca3b31,8192,float32,ca2386f24d445258fc1244651ef6164bedaed16011ff4e7a0eff25b7fba9a542
large,obqa,14-805,2562,0,$DATA_DIR/P2_E1_DIRECTION_20260913T053456Z/features/large/obqa/02562.npz,19bf33adeb5894988e475e179a0bc44ded463c8a546552db1a97107dd004fa93,8192,float32,ca2386f24d445258fc1244651ef6164bedaed16011ff4e7a0eff25b7fba9a542
large,obqa,14-816,2566,0,$DATA_DIR/P2_E1_DIRECTION_20260913T053456Z/features/large/obqa/02566.npz,5f0370c7b6206d9d40a54f71e13940af3a7dbf24700beb89d965cb705c31e733,8192,float32,ca2386f24d445258fc1244651ef6164bedaed16011ff4e7a0eff25b7fba9a542
large,obqa,14-822,2571,0,$DATA_DIR/P2_E1_DIRECTION_20260913T053456Z/features/large/obqa/02571.npz,01414361b893cd70d91f9ddecf4fc7d9403382752663bf4eb1b73ba4c8a960d0,8192,float32,ca2386f24d445258fc1244651ef6164bedaed16011ff4e7a0eff25b7fba9a542
large,obqa,14-825,2572,0,$DATA_DIR/P2_E1_DIRECTION_20260913T053456Z/features/large/obqa/02572.npz,e8bb37953ddc5596dc9c0e99aab372236b2d73669062b6b77cbb9bac88b13334,8192,float32,ca2386f24d445258fc1244651ef6164bedaed16011ff4e7a0eff25b7fba9a542
large,obqa,14-826,2573,0,$DATA_DIR/P2_E1_DIRECTION_20260913T053456Z/features/large/obqa/02573.npz,6f29c2926d877c6cf842ac89bb3e7bceaef2a76e258528f8c3dca6e826c0090d,8192,float32,ca2386f24d445258fc1244651ef6164bedaed16011ff4e7a0eff25b7fba9a542
large,obqa,14-838,2578,0,$DATA_DIR/P2_E1_DIRECTION_20260913T053456Z/features/large/obqa/02578.npz,1d825e4af134e762e47ed0b93f4e3dacc01336d4ce6ba5c832def36d7ff51543,8192,float32,ca2386f24d445258fc1244651ef6164bedaed16011ff4e7a0eff25b7fba9a542
large,obqa,14-842,2580,0,$DATA_DIR/P2_E1_DIRECTION_20260913T053456Z/features/large/obqa/02580.npz,62c2d94ab522cf95f066540ea1be799c50032b5b8dbd786086b90743a7361373,8192,float32,ca2386f24d445258fc1244651ef6164bedaed16011ff4e7a0eff25b7fba9a542
large,obqa,14-864,2590,0,$DATA_DIR/P2_E1_DIRECTION_20260913T053456Z/features/large/obqa/02590.npz,105c5ea00f41a3db2555c425b8c1cb99531d8ec852ee2e51abd6857d01e214a1,8192,float32,ca2386f24d445258fc1244651ef6164bedaed16011ff4e7a0eff25b7fba9a542
large,obqa,14-876,2595,0,$DATA_DIR/P2_E1_DIRECTION_20260913T053456Z/features/large/obqa/02595.npz,54183004f54a799f4409a8c257166f3a9cd8b95430ddb223f8be68b1ab9c44da,8192,float32,ca2386f24d445258fc1244651ef6164bedaed16011ff4e7a0eff25b7fba9a542
large,obqa,14-884,2600,0,$DATA_DIR/P2_E1_DIRECTION_20260913T053456Z/features/large/obqa/02600.npz,89e75908316e4b642636444abcc6a933b115896b0112d25a79ede612607e4a56,8192,float32,ca2386f24d445258fc1244651ef6164bedaed16011ff4e7a0eff25b7fba9a542
large,obqa,14-891,2604,0,$DATA_DIR/P2_E1_DIRECTION_20260913T053456Z/features/large/obqa/02604.npz,6beef919674def516c9f313113294f333a556b871539abbed0100b82156902d1,8192,float32,ca2386f24d445258fc1244651ef6164bedaed16011ff4e7a0eff25b7fba9a542
large,obqa,14-9,2609,0,$DATA_DIR/P2_E1_DIRECTION_20260913T053456Z/features/large/obqa/02609.npz,d1f4cf724f0f756e7b0adaa2af102b01fb2ac93b8ad0ba2d458813007d8da0ad,8192,float32,ca2386f24d445258fc1244651ef6164bedaed16011ff4e7a0eff25b7fba9a542
large,obqa,14-919,2614,0,$DATA_DIR/P2_E1_DIRECTION_20260913T053456Z/features/large/obqa/02614.npz,fdfcc0fa0b7ea195267b6294d361cb361115816f85b8f149b6eca1b0bc09e82d,8192,float32,ca2386f24d445258fc1244651ef6164bedaed16011ff4e7a0eff25b7fba9a542
large,obqa,14-923,2617,0,$DATA_DIR/P2_E1_DIRECTION_20260913T053456Z/features/large/obqa/02617.npz,28fd7c30eb0e883ba1112d9e781f2592138b3ee7d4c5a05f6f79462412f54c6b,8192,float32,ca2386f24d445258fc1244651ef6164bedaed16011ff4e7a0eff25b7fba9a542
large,obqa,14-924,2618,0,$DATA_DIR/P2_E1_DIRECTION_20260913T053456Z/features/large/obqa/02618.npz,5fda833e7e19d3cf15d33b6563293c66bf0837bd573ded29ad8ccec25704ca83,8192,float32,ca2386f24d445258fc1244651ef6164bedaed16011ff4e7a0eff25b7fba9a542
large,obqa,14-929,2622,0,$DATA_DIR/P2_E1_DIRECTION_20260913T053456Z/features/large/obqa/02622.npz,34e3dced5996e7ee6208b7d62159bd104d2377e5e6da58d0637ec4fd40d768f0,8192,float32,ca2386f24d445258fc1244651ef6164bedaed16011ff4e7a0eff25b7fba9a542
large,obqa,14-934,2624,0,$DATA_DIR/P2_E1_DIRECTION_20260913T053456Z/features/large/obqa/02624.npz,07d591e9b4612ccfa68545e1a7ece5181777c9d39739b5d680d5075c812e2ca0,8192,float32,ca2386f24d445258fc1244651ef6164bedaed16011ff4e7a0eff25b7fba9a542
large,obqa,14-935,2625,0,$DATA_DIR/P2_E1_DIRECTION_20260913T053456Z/features/large/obqa/02625.npz,cc8639134203d719a218038e925a9043323472a4eea6f6993d138ed0dcb5f237,8192,float32,ca2386f24d445258fc1244651ef6164bedaed16011ff4e7a0eff25b7fba9a542
large,obqa,14-953,2636,0,$DATA_DIR/P2_E1_DIRECTION_20260913T053456Z/features/large/obqa/02636.npz,fa0ec3d2ecced708c62d4200228808072721701b5ec63080161756542c99e0b6,8192,float32,ca2386f24d445258fc1244651ef6164bedaed16011ff4e7a0eff25b7fba9a542
large,obqa,14-960,2640,0,$DATA_DIR/P2_E1_DIRECTION_20260913T053456Z/features/large/obqa/02640.npz,5c709fe6fd165323ac1584a829297e6a32486973e5838106416f55bccbe23a3b,8192,float32,ca2386f24d445258fc1244651ef6164bedaed16011ff4e7a0eff25b7fba9a542
large,obqa,14-970,2646,0,$DATA_DIR/P2_E1_DIRECTION_20260913T053456Z/features/large/obqa/02646.npz,e3ba8adc8e4962f5d9a9d6ce64019bd2416d630567329883fc1b6f377ae2d354,8192,float32,ca2386f24d445258fc1244651ef6164bedaed16011ff4e7a0eff25b7fba9a542
large,obqa,14-982,2651,0,$DATA_DIR/P2_E1_DIRECTION_20260913T053456Z/features/large/obqa/02651.npz,138327beadc47f8575a875e46f93867e1fd7937a778c1dd9c2ec76da8de199d9,8192,float32,ca2386f24d445258fc1244651ef6164bedaed16011ff4e7a0eff25b7fba9a542
large,obqa,14-983,2652,0,$DATA_DIR/P2_E1_DIRECTION_20260913T053456Z/features/large/obqa/02652.npz,941b6cf59cc2c2c5a3a8d65a674015074f249aea2a26a527108f0aeb991c513d,8192,float32,ca2386f24d445258fc1244651ef6164bedaed16011ff4e7a0eff25b7fba9a542
large,obqa,14-990,2656,0,$DATA_DIR/P2_E1_DIRECTION_20260913T053456Z/features/large/obqa/02656.npz,eb0f84866b984f60a9013ec3cb71b2273a0170e75f33205b3219adf9c1dca05c,8192,float32,ca2386f24d445258fc1244651ef6164bedaed16011ff4e7a0eff25b7fba9a542
large,obqa,1433,2667,0,$DATA_DIR/P2_E1_DIRECTION_20260913T053456Z/features/large/obqa/02667.npz,a063b877c0130a2360fa11dad6805183026e9930942aa9d753f962ae3f9a50a4,8192,float32,ca2386f24d445258fc1244651ef6164bedaed16011ff4e7a0eff25b7fba9a542
large,obqa,1435,2668,0,$DATA_DIR/P2_E1_DIRECTION_20260913T053456Z/features/large/obqa/02668.npz,645ce0324035fc275dab35f6344e79550f3fd8d12e1bba7c30ba21fdd064aa1e,8192,float32,ca2386f24d445258fc1244651ef6164bedaed16011ff4e7a0eff25b7fba9a542
large,obqa,1494,2676,0,$DATA_DIR/P2_E1_DIRECTION_20260913T053456Z/features/large/obqa/02676.npz,97538c5d5b890c12756d14016442ce21f3a21d3e92b59fe5964ae7846570ad04,8192,float32,ca2386f24d445258fc1244651ef6164bedaed16011ff4e7a0eff25b7fba9a542
large,obqa,1544,2682,0,$DATA_DIR/P2_E1_DIRECTION_20260913T053456Z/features/large/obqa/02682.npz,f26f0ecc1e020974b5975e1f162777d531ae3d22d656dbcdb09e4619579a8f22,8192,float32,ca2386f24d445258fc1244651ef6164bedaed16011ff4e7a0eff25b7fba9a542
large,obqa,1575,2689,0,$DATA_DIR/P2_E1_DIRECTION_20260913T053456Z/features/large/obqa/02689.npz,bac12080e2f5dc4c820959ae20ea258f574cb90d8919ad5c9e577853b41e0f4d,8192,float32,ca2386f24d445258fc1244651ef6164bedaed16011ff4e7a0eff25b7fba9a542
large,obqa,1579,2690,0,$DATA_DIR/P2_E1_DIRECTION_20260913T053456Z/features/large/obqa/02690.npz,6f3f5c6e75d97b5bfb5a8e55f95790495d828d3fbfee843b04a54b63f07ceab1,8192,float32,ca2386f24d445258fc1244651ef6164bedaed16011ff4e7a0eff25b7fba9a542
large,obqa,1669,2699,0,$DATA_DIR/P2_E1_DIRECTION_20260913T053456Z/features/large/obqa/02699.npz,3286801f05188f72b94719cb3f42447202e28050ba37f1df75cb321745479469,8192,float32,ca2386f24d445258fc1244651ef6164bedaed16011ff4e7a0eff25b7fba9a542
large,obqa,1768,2712,0,$DATA_DIR/P2_E1_DIRECTION_20260913T053456Z/features/large/obqa/02712.npz,c3d2619eada45b0471df8e3d67a0b56a480b72f6e152b50c0bfaf2ddefc835ac,8192,float32,ca2386f24d445258fc1244651ef6164bedaed16011ff4e7a0eff25b7fba9a542
large,obqa,1827,2718,0,$DATA_DIR/P2_E1_DIRECTION_20260913T053456Z/features/large/obqa/02718.npz,623e69f3b0e8826c8df1abeffbc5ec784cc4fae6410a5c94ef9d4644186aa960,8192,float32,ca2386f24d445258fc1244651ef6164bedaed16011ff4e7a0eff25b7fba9a542
large,obqa,1891,2730,0,$DATA_DIR/P2_E1_DIRECTION_20260913T053456Z/features/large/obqa/02730.npz,5109a0458a438e23d4a6150fbc1bad7cc63379b78e9637f99261bfc899af2207,8192,float32,ca2386f24d445258fc1244651ef6164bedaed16011ff4e7a0eff25b7fba9a542
large,obqa,1895,2731,0,$DATA_DIR/P2_E1_DIRECTION_20260913T053456Z/features/large/obqa/02731.npz,d947a2853948b8c9691632cc3067ff41cdf8712f328454309fb3b85dd6d97cc1,8192,float32,ca2386f24d445258fc1244651ef6164bedaed16011ff4e7a0eff25b7fba9a542
large,obqa,1952,2741,0,$DATA_DIR/P2_E1_DIRECTION_20260913T053456Z/features/large/obqa/02741.npz,43cc4c6d5695354f18065d001316db6957433ec7fd8dd1aae75d7e722ae83f2d,8192,float32,ca2386f24d445258fc1244651ef6164bedaed16011ff4e7a0eff25b7fba9a542
large,obqa,1992,2745,0,$DATA_DIR/P2_E1_DIRECTION_20260913T053456Z/features/large/obqa/02745.npz,ec1d1ca9785d1b562f3c6ccbc749efdc8ad230cfb67053bb22223faeb052ebe9,8192,float32,ca2386f24d445258fc1244651ef6164bedaed16011ff4e7a0eff25b7fba9a542
large,obqa,205,2748,0,$DATA_DIR/P2_E1_DIRECTION_20260913T053456Z/features/large/obqa/02748.npz,da40d5dbf29e14770d44191bf703403d09b1a7dcfceedd313e6e2a6b02bc3f3f,8192,float32,ca2386f24d445258fc1244651ef6164bedaed16011ff4e7a0eff25b7fba9a542
large,obqa,206,2749,0,$DATA_DIR/P2_E1_DIRECTION_20260913T053456Z/features/large/obqa/02749.npz,99cf73ea353717690cc570e051f5d5d8966a75719cc252a18b54a89edaec7e3a,8192,float32,ca2386f24d445258fc1244651ef6164bedaed16011ff4e7a0eff25b7fba9a542
large,obqa,217,2753,0,$DATA_DIR/P2_E1_DIRECTION_20260913T053456Z/features/large/obqa/02753.npz,8a3dc973618aa4ee82b7b07f391841824dc9da15d26f9a00354e71b05c2f47f9,8192,float32,ca2386f24d445258fc1244651ef6164bedaed16011ff4e7a0eff25b7fba9a542
large,obqa,24,2754,0,$DATA_DIR/P2_E1_DIRECTION_20260913T053456Z/features/large/obqa/02754.npz,9b2c7ed48b9c1b0c0a814a0a682b50d326f603616242fb7fab0b131a8defd532,8192,float32,ca2386f24d445258fc1244651ef6164bedaed16011ff4e7a0eff25b7fba9a542
large,obqa,267,2758,0,$DATA_DIR/P2_E1_DIRECTION_20260913T053456Z/features/large/obqa/02758.npz,3786b4cad10ea0a3c1d957374184f6481ff4b2531dd079174198d713402ed6db,8192,float32,ca2386f24d445258fc1244651ef6164bedaed16011ff4e7a0eff25b7fba9a542
large,obqa,356,2775,0,$DATA_DIR/P2_E1_DIRECTION_20260913T053456Z/features/large/obqa/02775.npz,22fdb424c6b1ca3dba43dc7c85429bf4e9a700461c9c48d489c3a0200e51926f,8192,float32,ca2386f24d445258fc1244651ef6164bedaed16011ff4e7a0eff25b7fba9a542
large,obqa,357,2776,0,$DATA_DIR/P2_E1_DIRECTION_20260913T053456Z/features/large/obqa/02776.npz,65bb4430c4099b747d0dd55d6f9d1e5ce40726bbe222340bdacc005fba7f6b34,8192,float32,ca2386f24d445258fc1244651ef6164bedaed16011ff4e7a0eff25b7fba9a542
large,obqa,413,2782,0,$DATA_DIR/P2_E1_DIRECTION_20260913T053456Z/features/large/obqa/02782.npz,92da3d21d2f2cd2825e5f3923e509c96f42b57780ce73cd878b7180827589340,8192,float32,ca2386f24d445258fc1244651ef6164bedaed16011ff4e7a0eff25b7fba9a542
large,obqa,45,2783,0,$DATA_DIR/P2_E1_DIRECTION_20260913T053456Z/features/large/obqa/02783.npz,fa7dc52457be7e7757f9a357144325e93e45bc09c1ff5585c5cf0b03ed57c8b4,8192,float32,ca2386f24d445258fc1244651ef6164bedaed16011ff4e7a0eff25b7fba9a542
large,obqa,510,2788,0,$DATA_DIR/P2_E1_DIRECTION_20260913T053456Z/features/large/obqa/02788.npz,6ebe1417e482697287a4758011b6fdd395474c337382be747533bb96674bfab0,8192,float32,ca2386f24d445258fc1244651ef6164bedaed16011ff4e7a0eff25b7fba9a542
large,obqa,7-1005,2811,0,$DATA_DIR/P2_E1_DIRECTION_20260913T053456Z/features/large/obqa/02811.npz,f997a72a8b6b5b348152aa076825b001d0d5147775e74667e6b4211f39f63683,8192,float32,ca2386f24d445258fc1244651ef6164bedaed16011ff4e7a0eff25b7fba9a542
large,obqa,7-1009,2812,0,$DATA_DIR/P2_E1_DIRECTION_20260913T053456Z/features/large/obqa/02812.npz,397d06fc00da0bd4afc58c185c241c9d37e6049eaf1551b7d2f8b00cabc6cbf2,8192,float32,ca2386f24d445258fc1244651ef6164bedaed16011ff4e7a0eff25b7fba9a542
large,obqa,7-1064,2819,0,$DATA_DIR/P2_E1_DIRECTION_20260913T053456Z/features/large/obqa/02819.npz,1bfbb241bdd70175309264a5370b3fd06d6b8894aa05f9f725a21c10d0a8d801,8192,float32,ca2386f24d445258fc1244651ef6164bedaed16011ff4e7a0eff25b7fba9a542
large,obqa,7-1065,2820,0,$DATA_DIR/P2_E1_DIRECTION_20260913T053456Z/features/large/obqa/02820.npz,051ce383701dc969d1b204e5814e9a7847e7b820b61a6df675d5f289dcf1462c,8192,float32,ca2386f24d445258fc1244651ef6164bedaed16011ff4e7a0eff25b7fba9a542
large,obqa,7-1066,2821,0,$DATA_DIR/P2_E1_DIRECTION_20260913T053456Z/features/large/obqa/02821.npz,1f20802f18b70af435c892d840efaab03f2d159b0d543e38d7ae9c3961ae09f9,8192,float32,ca2386f24d445258fc1244651ef6164bedaed16011ff4e7a0eff25b7fba9a542
large,obqa,7-1084,2828,0,$DATA_DIR/P2_E1_DIRECTION_20260913T053456Z/features/large/obqa/02828.npz,1625f1f262a37fe8b53c353f88b313e6f98f499ef4495f30cf9584527834891f,8192,float32,ca2386f24d445258fc1244651ef6164bedaed16011ff4e7a0eff25b7fba9a542
large,obqa,7-109,2830,0,$DATA_DIR/P2_E1_DIRECTION_20260913T053456Z/features/large/obqa/02830.npz,793f9d311267e063fde8eb750548850280b03cee58b5d256ccbda9258a94291d,8192,float32,ca2386f24d445258fc1244651ef6164bedaed16011ff4e7a0eff25b7fba9a542
large,obqa,7-1090,2831,0,$DATA_DIR/P2_E1_DIRECTION_20260913T053456Z/features/large/obqa/02831.npz,1ee47a03bcba202747dfaffd441e62608c9bb61a098d1a295344fa01dd780f39,8192,float32,ca2386f24d445258fc1244651ef6164bedaed16011ff4e7a0eff25b7fba9a542
large,obqa,7-1110,2837,0,$DATA_DIR/P2_E1_DIRECTION_20260913T053456Z/features/large/obqa/02837.npz,6f67ad388926a1d1f0299249ef3f03bfb622581f6f2899d53f56cd1625255b4f,8192,float32,ca2386f24d445258fc1244651ef6164bedaed16011ff4e7a0eff25b7fba9a542
large,obqa,7-1115,2839,0,$DATA_DIR/P2_E1_DIRECTION_20260913T053456Z/features/large/obqa/02839.npz,a7cb129bd6119741c3dbad57b8033cda7ef961e56374180b48472d8c0206bdb4,8192,float32,ca2386f24d445258fc1244651ef6164bedaed16011ff4e7a0eff25b7fba9a542
large,obqa,7-1130,2842,0,$DATA_DIR/P2_E1_DIRECTION_20260913T053456Z/features/large/obqa/02842.npz,6ffb2bb67c5bcb1b5bb3601ee4ff81a1c61d46903bfffbe8f3bf3e8a2aeae57d,8192,float32,ca2386f24d445258fc1244651ef6164bedaed16011ff4e7a0eff25b7fba9a542
large,obqa,7-1137,2845,0,$DATA_DIR/P2_E1_DIRECTION_20260913T053456Z/features/large/obqa/02845.npz,161fb146dd09be5b90467cd9e9b5264bf50d31dd8c35053dc1fc4a9032ddac3b,8192,float32,ca2386f24d445258fc1244651ef6164bedaed16011ff4e7a0eff25b7fba9a542
large,obqa,7-1168,2850,0,$DATA_DIR/P2_E1_DIRECTION_20260913T053456Z/features/large/obqa/02850.npz,20d9ce73ed7c3d50c0f5eeda3430735b76b72c6d8fe7e44bd087e477f2a9cb36,8192,float32,ca2386f24d445258fc1244651ef6164bedaed16011ff4e7a0eff25b7fba9a542
large,obqa,7-1177,2853,0,$DATA_DIR/P2_E1_DIRECTION_20260913T053456Z/features/large/obqa/02853.npz,193c50ff743f37732ff75e10c4fc24c21d6cfa2e3ccd8aaed8f4bcb120a9c2ff,8192,float32,ca2386f24d445258fc1244651ef6164bedaed16011ff4e7a0eff25b7fba9a542
large,obqa,7-1193,2857,0,$DATA_DIR/P2_E1_DIRECTION_20260913T053456Z/features/large/obqa/02857.npz,59f01d07194798d30952a5201438169d6390bfd5a99f218e917e465661274a65,8192,float32,ca2386f24d445258fc1244651ef6164bedaed16011ff4e7a0eff25b7fba9a542
large,obqa,7-130,2861,0,$DATA_DIR/P2_E1_DIRECTION_20260913T053456Z/features/large/obqa/02861.npz,1273dfb1e73690deecd662958e8b4abe0b3a7f86dcc50741f8a317a774ac8e04,8192,float32,ca2386f24d445258fc1244651ef6164bedaed16011ff4e7a0eff25b7fba9a542
large,obqa,7-143,2863,0,$DATA_DIR/P2_E1_DIRECTION_20260913T053456Z/features/large/obqa/02863.npz,a309ce502b57bddf6d00edd1e7be51c82ed6e6a6ee3ceb75b76ba0dd7aa54e57,8192,float32,ca2386f24d445258fc1244651ef6164bedaed16011ff4e7a0eff25b7fba9a542
large,obqa,7-165,2867,0,$DATA_DIR/P2_E1_DIRECTION_20260913T053456Z/features/large/obqa/02867.npz,8a45f962bccb43e7791308b8e7bd9739320207723c6bad086ad80d237df941ff,8192,float32,ca2386f24d445258fc1244651ef6164bedaed16011ff4e7a0eff25b7fba9a542
large,obqa,7-235,2880,0,$DATA_DIR/P2_E1_DIRECTION_20260913T053456Z/features/large/obqa/02880.npz,77c6e24aafc57fd554d559b9ee8f31c979c9f3910511ab6117a6a0956ce6ab74,8192,float32,ca2386f24d445258fc1244651ef6164bedaed16011ff4e7a0eff25b7fba9a542
large,obqa,7-261,2885,0,$DATA_DIR/P2_E1_DIRECTION_20260913T053456Z/features/large/obqa/02885.npz,802d8645b671495cff6f9ee72965bcdcdccf4f7a4650adef5ef709d1452d7e67,8192,float32,ca2386f24d445258fc1244651ef6164bedaed16011ff4e7a0eff25b7fba9a542
large,obqa,7-271,2887,0,$DATA_DIR/P2_E1_DIRECTION_20260913T053456Z/features/large/obqa/02887.npz,c306554971745793cf0d3539305eb50d933133620280c6ef11b0e30011f2159e,8192,float32,ca2386f24d445258fc1244651ef6164bedaed16011ff4e7a0eff25b7fba9a542
large,obqa,7-273,2888,0,$DATA_DIR/P2_E1_DIRECTION_20260913T053456Z/features/large/obqa/02888.npz,e4e2655af697e58a8286363ec6459b16916e2d04c7f8add5fa4ebb952cf21394,8192,float32,ca2386f24d445258fc1244651ef6164bedaed16011ff4e7a0eff25b7fba9a542
large,obqa,7-286,2892,0,$DATA_DIR/P2_E1_DIRECTION_20260913T053456Z/features/large/obqa/02892.npz,55791d621420dd2f82c34ec3dd19244381669d6eab5e0a804dc827acea68aa2f,8192,float32,ca2386f24d445258fc1244651ef6164bedaed16011ff4e7a0eff25b7fba9a542
large,obqa,7-312,2898,0,$DATA_DIR/P2_E1_DIRECTION_20260913T053456Z/features/large/obqa/02898.npz,ea4915347f0ff88cd3e3ae32f2092b4f6ec171549f076e30fd133b156bff640c,8192,float32,ca2386f24d445258fc1244651ef6164bedaed16011ff4e7a0eff25b7fba9a542
large,obqa,7-313,2899,0,$DATA_DIR/P2_E1_DIRECTION_20260913T053456Z/features/large/obqa/02899.npz,ceab0cc1780f5186e48b67511d7b543d5cdedd14113690181507e18345283aca,8192,float32,ca2386f24d445258fc1244651ef6164bedaed16011ff4e7a0eff25b7fba9a542
large,obqa,7-337,2903,0,$DATA_DIR/P2_E1_DIRECTION_20260913T053456Z/features/large/obqa/02903.npz,e85bdb575bcd29fbab2b2d7c3cb2d21f8b87ee0c6ac946d62d2df498cc901a89,8192,float32,ca2386f24d445258fc1244651ef6164bedaed16011ff4e7a0eff25b7fba9a542
large,obqa,7-362,2908,0,$DATA_DIR/P2_E1_DIRECTION_20260913T053456Z/features/large/obqa/02908.npz,1a4a023f3888963783d9c94dbf7fe1885b6e6c1d4acf987b55466335e206c8f5,8192,float32,ca2386f24d445258fc1244651ef6164bedaed16011ff4e7a0eff25b7fba9a542
large,obqa,7-363,2909,0,$DATA_DIR/P2_E1_DIRECTION_20260913T053456Z/features/large/obqa/02909.npz,0ae0b0668f408ed1fc256b48cc31bc2d9259efccde0aa24bda60d8f6f602f8df,8192,float32,ca2386f24d445258fc1244651ef6164bedaed16011ff4e7a0eff25b7fba9a542
large,obqa,7-398,2912,0,$DATA_DIR/P2_E1_DIRECTION_20260913T053456Z/features/large/obqa/02912.npz,7ac8487997bafde787410e7c492119d297ebc5e0d14d8f62ac4eda0d66f74d96,8192,float32,ca2386f24d445258fc1244651ef6164bedaed16011ff4e7a0eff25b7fba9a542
large,obqa,7-401,2913,0,$DATA_DIR/P2_E1_DIRECTION_20260913T053456Z/features/large/obqa/02913.npz,6e0ab5631e1850afb560dd45b6c27dcacc5130c7a68ecbce0f9a7334ef3f8fd9,8192,float32,ca2386f24d445258fc1244651ef6164bedaed16011ff4e7a0eff25b7fba9a542
large,obqa,7-406,2915,0,$DATA_DIR/P2_E1_DIRECTION_20260913T053456Z/features/large/obqa/02915.npz,35ef76fb5faca165a131041f3d703777968da68e150dcc27fa563aa500b9bc9a,8192,float32,ca2386f24d445258fc1244651ef6164bedaed16011ff4e7a0eff25b7fba9a542
large,obqa,7-413,2919,0,$DATA_DIR/P2_E1_DIRECTION_20260913T053456Z/features/large/obqa/02919.npz,b5f7cc432eee9f2566cf0b681e00a302be149ffe2ffc0466c2b6a9294a427243,8192,float32,ca2386f24d445258fc1244651ef6164bedaed16011ff4e7a0eff25b7fba9a542
large,obqa,7-42,2921,0,$DATA_DIR/P2_E1_DIRECTION_20260913T053456Z/features/large/obqa/02921.npz,84dc6005170139a260c6f2049e7487053fbc420b309977415f7dc7959f783723,8192,float32,ca2386f24d445258fc1244651ef6164bedaed16011ff4e7a0eff25b7fba9a542
large,obqa,7-460,2933,0,$DATA_DIR/P2_E1_DIRECTION_20260913T053456Z/features/large/obqa/02933.npz,c4db43aae34751992b2fd6abc40ef05ad08fcf046bd853450c6398e3b93401f9,8192,float32,ca2386f24d445258fc1244651ef6164bedaed16011ff4e7a0eff25b7fba9a542
large,obqa,7-47,2936,0,$DATA_DIR/P2_E1_DIRECTION_20260913T053456Z/features/large/obqa/02936.npz,2925b952b62aa0906765abd18734addfac84a9b022fd0761b92b5ed677c4e532,8192,float32,ca2386f24d445258fc1244651ef6164bedaed16011ff4e7a0eff25b7fba9a542
large,obqa,7-51,2942,0,$DATA_DIR/P2_E1_DIRECTION_20260913T053456Z/features/large/obqa/02942.npz,4956322fb8d26fe9e7b9f275499a09c48fd6278466ea284eac7e7677df27e806,8192,float32,ca2386f24d445258fc1244651ef6164bedaed16011ff4e7a0eff25b7fba9a542
large,obqa,7-525,2946,0,$DATA_DIR/P2_E1_DIRECTION_20260913T053456Z/features/large/obqa/02946.npz,f0eb05ae7064479241f65823cbce153c27f65a82fa72875c5170d1183deb65da,8192,float32,ca2386f24d445258fc1244651ef6164bedaed16011ff4e7a0eff25b7fba9a542
large,obqa,7-560,2956,0,$DATA_DIR/P2_E1_DIRECTION_20260913T053456Z/features/large/obqa/02956.npz,c16b30f8bede01d6aa1196e4dccace913b195485887d6570cb041cfc57d3997b,8192,float32,ca2386f24d445258fc1244651ef6164bedaed16011ff4e7a0eff25b7fba9a542
large,obqa,7-576,2960,0,$DATA_DIR/P2_E1_DIRECTION_20260913T053456Z/features/large/obqa/02960.npz,8b8853b4ca46cd37f8208fbb42329c25aa3653ac34e4b76bd5299abab3f26d62,8192,float32,ca2386f24d445258fc1244651ef6164bedaed16011ff4e7a0eff25b7fba9a542
large,obqa,7-641,2974,0,$DATA_DIR/P2_E1_DIRECTION_20260913T053456Z/features/large/obqa/02974.npz,7b67d2ea12060953ef735b8d156a7b13ff2f9ceeb12903e42d5a83a76cc6fea1,8192,float32,ca2386f24d445258fc1244651ef6164bedaed16011ff4e7a0eff25b7fba9a542
large,obqa,7-674,2979,0,$DATA_DIR/P2_E1_DIRECTION_20260913T053456Z/features/large/obqa/02979.npz,3fcc24b5d25ea2a0ad650dbc80929a38ffada7c66ae6368fbb470fcf714cac36,8192,float32,ca2386f24d445258fc1244651ef6164bedaed16011ff4e7a0eff25b7fba9a542
large,obqa,7-69,2981,0,$DATA_DIR/P2_E1_DIRECTION_20260913T053456Z/features/large/obqa/02981.npz,07ba15b4dc3789171e6002bfcd2d175f606976940eec230488df39069d2d1044,8192,float32,ca2386f24d445258fc1244651ef6164bedaed16011ff4e7a0eff25b7fba9a542
large,obqa,7-705,2984,0,$DATA_DIR/P2_E1_DIRECTION_20260913T053456Z/features/large/obqa/02984.npz,c7510d137b114d4c687f4d99e16c5b9bd8569b14462f94486ce9935badb4d97a,8192,float32,ca2386f24d445258fc1244651ef6164bedaed16011ff4e7a0eff25b7fba9a542
large,obqa,7-708,2985,0,$DATA_DIR/P2_E1_DIRECTION_20260913T053456Z/features/large/obqa/02985.npz,8e60b7a4099368dc5bd5c7e7fec4ba535f646511645a0fb81e509006052d6e81,8192,float32,ca2386f24d445258fc1244651ef6164bedaed16011ff4e7a0eff25b7fba9a542
large,obqa,7-712,2986,0,$DATA_DIR/P2_E1_DIRECTION_20260913T053456Z/features/large/obqa/02986.npz,81e9b213823293df9567fb5e95a6fab3ad199009f108a319fa6bfa3c76081d64,8192,float32,ca2386f24d445258fc1244651ef6164bedaed16011ff4e7a0eff25b7fba9a542
large,obqa,7-716,2988,0,$DATA_DIR/P2_E1_DIRECTION_20260913T053456Z/features/large/obqa/02988.npz,d3d2128f38e7fd82409af82f85da4a97350ba9f804649ff1818d1750554ea998,8192,float32,ca2386f24d445258fc1244651ef6164bedaed16011ff4e7a0eff25b7fba9a542
large,obqa,7-722,2991,0,$DATA_DIR/P2_E1_DIRECTION_20260913T053456Z/features/large/obqa/02991.npz,4787cf29bd274ffcf05914ca5fe817326d45857b29cbaf19a016824b56feda9f,8192,float32,ca2386f24d445258fc1244651ef6164bedaed16011ff4e7a0eff25b7fba9a542
large,obqa,7-742,2996,0,$DATA_DIR/P2_E1_DIRECTION_20260913T053456Z/features/large/obqa/02996.npz,a292306a56b95f3d40de44e090167159e4aeb8de3fb9efbceb7ff18d8031e309,8192,float32,ca2386f24d445258fc1244651ef6164bedaed16011ff4e7a0eff25b7fba9a542
large,obqa,7-744,2998,0,$DATA_DIR/P2_E1_DIRECTION_20260913T053456Z/features/large/obqa/02998.npz,8d4c1839ebefb6bf1acab906ec8036bd6563f143b484a763cd634cc4d1898130,8192,float32,ca2386f24d445258fc1244651ef6164bedaed16011ff4e7a0eff25b7fba9a542
large,obqa,7-764,3006,0,$DATA_DIR/P2_E1_DIRECTION_20260913T053456Z/features/large/obqa/03006.npz,39bbdb57ab585b77247b26e66b25de38c5bc62fdcc4fad21c34179de003a276e,8192,float32,ca2386f24d445258fc1244651ef6164bedaed16011ff4e7a0eff25b7fba9a542
large,obqa,7-826,3021,0,$DATA_DIR/P2_E1_DIRECTION_20260913T053456Z/features/large/obqa/03021.npz,3abc508d93aee9306eee8357328bff1169d79d38315e95a7f9a1f8d658a5d22a,8192,float32,ca2386f24d445258fc1244651ef6164bedaed16011ff4e7a0eff25b7fba9a542
large,obqa,7-835,3024,0,$DATA_DIR/P2_E1_DIRECTION_20260913T053456Z/features/large/obqa/03024.npz,7f2e08c99c2f3384d73577316126dce4dad40287e9fcd78af7505ad5940d4f18,8192,float32,ca2386f24d445258fc1244651ef6164bedaed16011ff4e7a0eff25b7fba9a542
large,obqa,7-836,3025,0,$DATA_DIR/P2_E1_DIRECTION_20260913T053456Z/features/large/obqa/03025.npz,af708ab019080fde7074d663d3576ce9d57d43bc89ef971080a4c7cc6aba1515,8192,float32,ca2386f24d445258fc1244651ef6164bedaed16011ff4e7a0eff25b7fba9a542
large,obqa,7-885,3032,0,$DATA_DIR/P2_E1_DIRECTION_20260913T053456Z/features/large/obqa/03032.npz,7a29efe3139c474d2ca5f8b9aae5031464187120fa03597b04a5a4e52b8600e4,8192,float32,ca2386f24d445258fc1244651ef6164bedaed16011ff4e7a0eff25b7fba9a542
large,obqa,7-892,3035,0,$DATA_DIR/P2_E1_DIRECTION_20260913T053456Z/features/large/obqa/03035.npz,7e21c518cbb20968dbdef26042aafee6b19155a2a827b2cd80390a5b661b313e,8192,float32,ca2386f24d445258fc1244651ef6164bedaed16011ff4e7a0eff25b7fba9a542
large,obqa,7-905,3038,0,$DATA_DIR/P2_E1_DIRECTION_20260913T053456Z/features/large/obqa/03038.npz,a4abcfc9491741db81113eadb9ac9d8c63a97c746af976be07c1c261cf64042b,8192,float32,ca2386f24d445258fc1244651ef6164bedaed16011ff4e7a0eff25b7fba9a542
large,obqa,722,3059,0,$DATA_DIR/P2_E1_DIRECTION_20260913T053456Z/features/large/obqa/03059.npz,6c338bf016f0004badf76fe3fd8f0393f1595516ead7aea591f092ccda86e1be,8192,float32,ca2386f24d445258fc1244651ef6164bedaed16011ff4e7a0eff25b7fba9a542
large,obqa,74,3062,0,$DATA_DIR/P2_E1_DIRECTION_20260913T053456Z/features/large/obqa/03062.npz,c3b2c9e9e25e590cc8170910fa0d4400cee5cb1818c16576ea9913fd9b9097b7,8192,float32,ca2386f24d445258fc1244651ef6164bedaed16011ff4e7a0eff25b7fba9a542
large,obqa,770,3069,0,$DATA_DIR/P2_E1_DIRECTION_20260913T053456Z/features/large/obqa/03069.npz,d4125f5c3701513384278f756623ccb16a11272b0f32d2c626022ba8f11927e1,8192,float32,ca2386f24d445258fc1244651ef6164bedaed16011ff4e7a0eff25b7fba9a542
large,obqa,773,3070,0,$DATA_DIR/P2_E1_DIRECTION_20260913T053456Z/features/large/obqa/03070.npz,aa09ff359b5626eb49d02b670c9bb5c1811f42bf1bf77e93021504f00bd3cb1d,8192,float32,ca2386f24d445258fc1244651ef6164bedaed16011ff4e7a0eff25b7fba9a542
large,obqa,8-103,3077,0,$DATA_DIR/P2_E1_DIRECTION_20260913T053456Z/features/large/obqa/03077.npz,ae2604108056a9582cfc05d8edc570966c27c8bbc39aca48996e72606ef414dd,8192,float32,ca2386f24d445258fc1244651ef6164bedaed16011ff4e7a0eff25b7fba9a542
large,obqa,8-113,3079,0,$DATA_DIR/P2_E1_DIRECTION_20260913T053456Z/features/large/obqa/03079.npz,3c5d492985efcf74fdec33233f7c5fcaa1503dc5c7565470334f80ad7e0ec8ca,8192,float32,ca2386f24d445258fc1244651ef6164bedaed16011ff4e7a0eff25b7fba9a542
large,obqa,8-117,3080,0,$DATA_DIR/P2_E1_DIRECTION_20260913T053456Z/features/large/obqa/03080.npz,0fcc80c106dcf1306833317433cc6d159e6f7a1c5c368923ca4b7010f494337a,8192,float32,ca2386f24d445258fc1244651ef6164bedaed16011ff4e7a0eff25b7fba9a542
large,obqa,8-120,3081,0,$DATA_DIR/P2_E1_DIRECTION_20260913T053456Z/features/large/obqa/03081.npz,e4c69b6feb2c57c311b21ea7e8dc7d470599f3640aa05e6641e4791e1be90608,8192,float32,ca2386f24d445258fc1244651ef6164bedaed16011ff4e7a0eff25b7fba9a542
large,obqa,8-159,3089,0,$DATA_DIR/P2_E1_DIRECTION_20260913T053456Z/features/large/obqa/03089.npz,468ec518825a99d681e962083171438a6e269a3fda5eb1673cc6205a3aee6dd9,8192,float32,ca2386f24d445258fc1244651ef6164bedaed16011ff4e7a0eff25b7fba9a542
large,obqa,8-17,3091,0,$DATA_DIR/P2_E1_DIRECTION_20260913T053456Z/features/large/obqa/03091.npz,41ad6a3f713153bef408d4a8094e26927cbf279a8959007ac4a3cdcadc844baa,8192,float32,ca2386f24d445258fc1244651ef6164bedaed16011ff4e7a0eff25b7fba9a542
large,obqa,8-174,3094,0,$DATA_DIR/P2_E1_DIRECTION_20260913T053456Z/features/large/obqa/03094.npz,cb263064574c2f8501b368749210054655e38c3c686d8157510f1314d5420e67,8192,float32,ca2386f24d445258fc1244651ef6164bedaed16011ff4e7a0eff25b7fba9a542
large,obqa,8-20,3098,0,$DATA_DIR/P2_E1_DIRECTION_20260913T053456Z/features/large/obqa/03098.npz,a06308b2df44ec53d2f1c92b0ec5c070f25ef96d4a98df4cf400047ba3c6f9d6,8192,float32,ca2386f24d445258fc1244651ef6164bedaed16011ff4e7a0eff25b7fba9a542
large,obqa,8-208,3101,0,$DATA_DIR/P2_E1_DIRECTION_20260913T053456Z/features/large/obqa/03101.npz,ae05437fb1ede0dcd89e0b5b0958927caec82baa6e759757f09bed0ab141041f,8192,float32,ca2386f24d445258fc1244651ef6164bedaed16011ff4e7a0eff25b7fba9a542
large,obqa,8-232,3109,0,$DATA_DIR/P2_E1_DIRECTION_20260913T053456Z/features/large/obqa/03109.npz,a52e51df9fab52f7dad871876f8b6f97aa7323ca786f5b2465f36fad72fc7e04,8192,float32,ca2386f24d445258fc1244651ef6164bedaed16011ff4e7a0eff25b7fba9a542
large,obqa,8-233,3110,0,$DATA_DIR/P2_E1_DIRECTION_20260913T053456Z/features/large/obqa/03110.npz,d29c88c40d736b6ffe85c43b6e528c0c40376e7626cab49a80408301af82bd62,8192,float32,ca2386f24d445258fc1244651ef6164bedaed16011ff4e7a0eff25b7fba9a542
large,obqa,8-275,3118,0,$DATA_DIR/P2_E1_DIRECTION_20260913T053456Z/features/large/obqa/03118.npz,be31054a8f18f051c857a0fdd6afb197f5e5bab0998c61df49b36b787f2ee8ae,8192,float32,ca2386f24d445258fc1244651ef6164bedaed16011ff4e7a0eff25b7fba9a542
large,obqa,8-278,3119,0,$DATA_DIR/P2_E1_DIRECTION_20260913T053456Z/features/large/obqa/03119.npz,782514c72ba270dbe392fd01bb88a1bd794cf75215399cd575639f6f5e6be3eb,8192,float32,ca2386f24d445258fc1244651ef6164bedaed16011ff4e7a0eff25b7fba9a542
large,obqa,8-283,3120,0,$DATA_DIR/P2_E1_DIRECTION_20260913T053456Z/features/large/obqa/03120.npz,bc4f88dafb5f644a37a7ae07fe3008f1131f8b5b2f8b817f88c5601b55ee1a17,8192,float32,ca2386f24d445258fc1244651ef6164bedaed16011ff4e7a0eff25b7fba9a542
large,obqa,8-294,3123,0,$DATA_DIR/P2_E1_DIRECTION_20260913T053456Z/features/large/obqa/03123.npz,bdd1067a58dd34dd708e8cc540666cbb1cf9894cbb5d9592c761fb6d6767231c,8192,float32,ca2386f24d445258fc1244651ef6164bedaed16011ff4e7a0eff25b7fba9a542
large,obqa,8-30,3126,0,$DATA_DIR/P2_E1_DIRECTION_20260913T053456Z/features/large/obqa/03126.npz,1c0e11e047e760ab82dbb236134962e1a46e6f8fb345711f6b292a8e13412473,8192,float32,ca2386f24d445258fc1244651ef6164bedaed16011ff4e7a0eff25b7fba9a542
large,obqa,8-335,3135,0,$DATA_DIR/P2_E1_DIRECTION_20260913T053456Z/features/large/obqa/03135.npz,48fb7f408cbff204aa9bb2d5a7a29f5c6315fdbe5d78157d54f6769eced2f143,8192,float32,ca2386f24d445258fc1244651ef6164bedaed16011ff4e7a0eff25b7fba9a542
large,obqa,8-345,3137,0,$DATA_DIR/P2_E1_DIRECTION_20260913T053456Z/features/large/obqa/03137.npz,c209169ad10b2828360a5000b30567702e8f66e6ef979b8d36e82ff2788c536b,8192,float32,ca2386f24d445258fc1244651ef6164bedaed16011ff4e7a0eff25b7fba9a542
large,obqa,8-366,3142,0,$DATA_DIR/P2_E1_DIRECTION_20260913T053456Z/features/large/obqa/03142.npz,6a56d05f5dd9cd80f0e7e6799ea71a6041292d45928570f07cc8f0d8f1622fcb,8192,float32,ca2386f24d445258fc1244651ef6164bedaed16011ff4e7a0eff25b7fba9a542
large,obqa,8-42,3155,0,$DATA_DIR/P2_E1_DIRECTION_20260913T053456Z/features/large/obqa/03155.npz,f6544b412ce1e1fa513b56320302af12c5e0458765ce18c4c5248e2c0fff153c,8192,float32,ca2386f24d445258fc1244651ef6164bedaed16011ff4e7a0eff25b7fba9a542
large,obqa,8-427,3157,0,$DATA_DIR/P2_E1_DIRECTION_20260913T053456Z/features/large/obqa/03157.npz,11061d69d133429f8e342f7afadff5345ed8e8ae6f04f4ef74e58262a4ade151,8192,float32,ca2386f24d445258fc1244651ef6164bedaed16011ff4e7a0eff25b7fba9a542
large,obqa,8-461,3166,0,$DATA_DIR/P2_E1_DIRECTION_20260913T053456Z/features/large/obqa/03166.npz,57e7eea06628893849f50882284ab3f058eb8c52a1c42392d08b181a558cbaad,8192,float32,ca2386f24d445258fc1244651ef6164bedaed16011ff4e7a0eff25b7fba9a542
large,obqa,8-474,3169,0,$DATA_DIR/P2_E1_DIRECTION_20260913T053456Z/features/large/obqa/03169.npz,300150881ad11d3d9c30695b241cfec091267e6465c31c33752de88cd74e5dc8,8192,float32,ca2386f24d445258fc1244651ef6164bedaed16011ff4e7a0eff25b7fba9a542
large,obqa,8-487,3174,0,$DATA_DIR/P2_E1_DIRECTION_20260913T053456Z/features/large/obqa/03174.npz,195bc1b49425c17f4ebfc455d04a3487f302cc223f2a8a6be94469d8d5e3644d,8192,float32,ca2386f24d445258fc1244651ef6164bedaed16011ff4e7a0eff25b7fba9a542
large,obqa,8-72,3178,0,$DATA_DIR/P2_E1_DIRECTION_20260913T053456Z/features/large/obqa/03178.npz,31b0ced1ff39eb8839b0d11a0917c9cd9e4364800cc5e63a65d74f5afc14ea8d,8192,float32,ca2386f24d445258fc1244651ef6164bedaed16011ff4e7a0eff25b7fba9a542
large,obqa,833,3198,0,$DATA_DIR/P2_E1_DIRECTION_20260913T053456Z/features/large/obqa/03198.npz,17d5ba7338e9b105ba7a8332ee82fd2653a22fb9988174feecae37aad007b47d,8192,float32,ca2386f24d445258fc1244651ef6164bedaed16011ff4e7a0eff25b7fba9a542
large,obqa,852,3203,0,$DATA_DIR/P2_E1_DIRECTION_20260913T053456Z/features/large/obqa/03203.npz,95bef96e95e19fab6549c4c6f15b8966e63a6d18b0f74bd84659b210ee1fd435,8192,float32,ca2386f24d445258fc1244651ef6164bedaed16011ff4e7a0eff25b7fba9a542
large,obqa,867,3205,0,$DATA_DIR/P2_E1_DIRECTION_20260913T053456Z/features/large/obqa/03205.npz,d02b2e0993fde35b7515de1170a1fc399fdc79181f93866b4edb6add47666cb2,8192,float32,ca2386f24d445258fc1244651ef6164bedaed16011ff4e7a0eff25b7fba9a542
large,obqa,873,3206,0,$DATA_DIR/P2_E1_DIRECTION_20260913T053456Z/features/large/obqa/03206.npz,8264cc62cb5abf71989c089a715c9716b527f9edd2ed64e62a3af9682bd8f345,8192,float32,ca2386f24d445258fc1244651ef6164bedaed16011ff4e7a0eff25b7fba9a542
large,obqa,876,3207,0,$DATA_DIR/P2_E1_DIRECTION_20260913T053456Z/features/large/obqa/03207.npz,de578e1dabe31279da50c525d567f27658361d42fce107fc2814804c85d24487,8192,float32,ca2386f24d445258fc1244651ef6164bedaed16011ff4e7a0eff25b7fba9a542
large,obqa,893,3211,0,$DATA_DIR/P2_E1_DIRECTION_20260913T053456Z/features/large/obqa/03211.npz,b6aee643d82826d0d79dc4527fb2c9c98ff286a8e72b0420124dabb706673a67,8192,float32,ca2386f24d445258fc1244651ef6164bedaed16011ff4e7a0eff25b7fba9a542
large,obqa,9-1037,3218,0,$DATA_DIR/P2_E1_DIRECTION_20260913T053456Z/features/large/obqa/03218.npz,5d1955c4b1cf23cb70e90d916adf096ef05a6f0f8f8dd65732e50f8df12ce72e,8192,float32,ca2386f24d445258fc1244651ef6164bedaed16011ff4e7a0eff25b7fba9a542
large,obqa,9-1065,3223,0,$DATA_DIR/P2_E1_DIRECTION_20260913T053456Z/features/large/obqa/03223.npz,225ea0b223da48d494201a1385036425911aedc38d860e0d6eef504efca55510,8192,float32,ca2386f24d445258fc1244651ef6164bedaed16011ff4e7a0eff25b7fba9a542
large,obqa,9-1068,3224,0,$DATA_DIR/P2_E1_DIRECTION_20260913T053456Z/features/large/obqa/03224.npz,03c39b3f5f03623ba8dffe722e824532aa4aaf74521e3583d303fb97c248c28a,8192,float32,ca2386f24d445258fc1244651ef6164bedaed16011ff4e7a0eff25b7fba9a542
large,obqa,9-1070,3225,0,$DATA_DIR/P2_E1_DIRECTION_20260913T053456Z/features/large/obqa/03225.npz,1859cab9df3df6e2cb859220f2235a17476f0dac753f09c87c55379b0d561f72,8192,float32,ca2386f24d445258fc1244651ef6164bedaed16011ff4e7a0eff25b7fba9a542
large,obqa,9-1072,3226,0,$DATA_DIR/P2_E1_DIRECTION_20260913T053456Z/features/large/obqa/03226.npz,a59cc35d9e0fea3f9056d6e957ae161a23f1d615cade56f40478e21b28bb2743,8192,float32,ca2386f24d445258fc1244651ef6164bedaed16011ff4e7a0eff25b7fba9a542
large,obqa,9-1093,3231,0,$DATA_DIR/P2_E1_DIRECTION_20260913T053456Z/features/large/obqa/03231.npz,f9a610e778617a102918a27032d589b7704cc3673964d6767d6abd48d5c3601d,8192,float32,ca2386f24d445258fc1244651ef6164bedaed16011ff4e7a0eff25b7fba9a542
large,obqa,9-1195,3257,0,$DATA_DIR/P2_E1_DIRECTION_20260913T053456Z/features/large/obqa/03257.npz,f6fbf7eba43cdf5b9759d94a093ab159b16992af3f3fdfa4987c16c17e440ac4,8192,float32,ca2386f24d445258fc1244651ef6164bedaed16011ff4e7a0eff25b7fba9a542
large,obqa,9-136,3263,0,$DATA_DIR/P2_E1_DIRECTION_20260913T053456Z/features/large/obqa/03263.npz,0a85a421cd4f09352b962df4d330ceb07124688bd6456f2938c29c6211dfe8b6,8192,float32,ca2386f24d445258fc1244651ef6164bedaed16011ff4e7a0eff25b7fba9a542
large,obqa,9-162,3268,0,$DATA_DIR/P2_E1_DIRECTION_20260913T053456Z/features/large/obqa/03268.npz,7998805c701f6ea27c4c149bb766e3c519b6ea946277119cbfaffbe8c534e4ac,8192,float32,ca2386f24d445258fc1244651ef6164bedaed16011ff4e7a0eff25b7fba9a542
large,obqa,9-191,3279,0,$DATA_DIR/P2_E1_DIRECTION_20260913T053456Z/features/large/obqa/03279.npz,27d46ae2059a47e2131409672a30dd7bce1c313b902e5f1ccb4ed2a634164b1a,8192,float32,ca2386f24d445258fc1244651ef6164bedaed16011ff4e7a0eff25b7fba9a542
large,obqa,9-195,3280,0,$DATA_DIR/P2_E1_DIRECTION_20260913T053456Z/features/large/obqa/03280.npz,1cab2b06171c23fe04f2d672fc6679c83f1fe4f53e5bffed93dfd66e6572445c,8192,float32,ca2386f24d445258fc1244651ef6164bedaed16011ff4e7a0eff25b7fba9a542
large,obqa,9-210,3285,0,$DATA_DIR/P2_E1_DIRECTION_20260913T053456Z/features/large/obqa/03285.npz,4ae6c205c79fe20d8a390ac6746011620a1a82b9ed737a1bc7591d3f47e93f7b,8192,float32,ca2386f24d445258fc1244651ef6164bedaed16011ff4e7a0eff25b7fba9a542
large,obqa,9-274,3299,0,$DATA_DIR/P2_E1_DIRECTION_20260913T053456Z/features/large/obqa/03299.npz,84b5773aeebc8fccd8bab4bd2ee45b97d1fd1b95a9476de609b1a62c361837b2,8192,float32,ca2386f24d445258fc1244651ef6164bedaed16011ff4e7a0eff25b7fba9a542
large,obqa,9-28,3300,0,$DATA_DIR/P2_E1_DIRECTION_20260913T053456Z/features/large/obqa/03300.npz,5def1efa6c54c6ac364f3bb7bb05627d97f0c9a205124a6c70be8d7fab0693d3,8192,float32,ca2386f24d445258fc1244651ef6164bedaed16011ff4e7a0eff25b7fba9a542
large,obqa,9-291,3301,0,$DATA_DIR/P2_E1_DIRECTION_20260913T053456Z/features/large/obqa/03301.npz,c375882b3db7e8b0d2fa2ae481b58fb883abb36841e149c69621665e920a07ed,8192,float32,ca2386f24d445258fc1244651ef6164bedaed16011ff4e7a0eff25b7fba9a542
large,obqa,9-328,3309,0,$DATA_DIR/P2_E1_DIRECTION_20260913T053456Z/features/large/obqa/03309.npz,0b36aa02bfb7961602e9fc2422ab4e6abec56c61e6512fe8a2bbc3af708c9061,8192,float32,ca2386f24d445258fc1244651ef6164bedaed16011ff4e7a0eff25b7fba9a542
large,obqa,9-33,3310,0,$DATA_DIR/P2_E1_DIRECTION_20260913T053456Z/features/large/obqa/03310.npz,d235c1b9e95c6061cbcd9a1520939068c63bf89c6b13fc0f993a18642d9d2938,8192,float32,ca2386f24d445258fc1244651ef6164bedaed16011ff4e7a0eff25b7fba9a542
large,obqa,9-382,3321,0,$DATA_DIR/P2_E1_DIRECTION_20260913T053456Z/features/large/obqa/03321.npz,e94798b801aaebdeb6a06f7900d9c04377ca7578b5a8579c8c64e314a61c67cd,8192,float32,ca2386f24d445258fc1244651ef6164bedaed16011ff4e7a0eff25b7fba9a542
large,obqa,9-459,3341,0,$DATA_DIR/P2_E1_DIRECTION_20260913T053456Z/features/large/obqa/03341.npz,738c090d9ad632e9d29bd0dca804c2a99add14772eaf6fe1f01bbed078a74f69,8192,float32,ca2386f24d445258fc1244651ef6164bedaed16011ff4e7a0eff25b7fba9a542
large,obqa,9-48,3345,0,$DATA_DIR/P2_E1_DIRECTION_20260913T053456Z/features/large/obqa/03345.npz,50ffa640d3ae08c33058117eca8f5dc7ba8a7be183b37ba48dd62226e54ac9fe,8192,float32,ca2386f24d445258fc1244651ef6164bedaed16011ff4e7a0eff25b7fba9a542
large,obqa,9-492,3347,0,$DATA_DIR/P2_E1_DIRECTION_20260913T053456Z/features/large/obqa/03347.npz,0babf53184305a75d316c0af5836bf9bbdd2f5529612ac1b903c0f1c8a0188e8,8192,float32,ca2386f24d445258fc1244651ef6164bedaed16011ff4e7a0eff25b7fba9a542
large,obqa,9-496,3350,0,$DATA_DIR/P2_E1_DIRECTION_20260913T053456Z/features/large/obqa/03350.npz,99042c2f112cdab4d0973a152dcbbc0a434801d247147e3d70b9b201aeaabab0,8192,float32,ca2386f24d445258fc1244651ef6164bedaed16011ff4e7a0eff25b7fba9a542
large,obqa,9-516,3354,0,$DATA_DIR/P2_E1_DIRECTION_20260913T053456Z/features/large/obqa/03354.npz,483768becce200a3cd8ff992e9063eb6e505362873cdd27340d52a042b787cbe,8192,float32,ca2386f24d445258fc1244651ef6164bedaed16011ff4e7a0eff25b7fba9a542
large,obqa,9-558,3361,0,$DATA_DIR/P2_E1_DIRECTION_20260913T053456Z/features/large/obqa/03361.npz,d6111b1b47e28baf3d20d9844d9c4fd705e58d40ba2455991af39b03e4cdec7e,8192,float32,ca2386f24d445258fc1244651ef6164bedaed16011ff4e7a0eff25b7fba9a542
large,obqa,9-572,3363,0,$DATA_DIR/P2_E1_DIRECTION_20260913T053456Z/features/large/obqa/03363.npz,4479229227ea1b1993de775656688e19bf850041755ed1819810204ef5d1d4a4,8192,float32,ca2386f24d445258fc1244651ef6164bedaed16011ff4e7a0eff25b7fba9a542
large,obqa,9-62,3370,0,$DATA_DIR/P2_E1_DIRECTION_20260913T053456Z/features/large/obqa/03370.npz,b4740578afdc2e4dbaa227b0c449f33792624c9d963b1a2923aaa01258f21b08,8192,float32,ca2386f24d445258fc1244651ef6164bedaed16011ff4e7a0eff25b7fba9a542
large,obqa,9-625,3372,0,$DATA_DIR/P2_E1_DIRECTION_20260913T053456Z/features/large/obqa/03372.npz,45087e534860cbf1761770a80bd80b7934622e8794c5cd971eff4a991a31ad8d,8192,float32,ca2386f24d445258fc1244651ef6164bedaed16011ff4e7a0eff25b7fba9a542
large,obqa,9-649,3378,0,$DATA_DIR/P2_E1_DIRECTION_20260913T053456Z/features/large/obqa/03378.npz,1538259ab4634c6644c96f576ab654b9598cedd08f78fabd9b055fcefda0dcf9,8192,float32,ca2386f24d445258fc1244651ef6164bedaed16011ff4e7a0eff25b7fba9a542
large,obqa,9-654,3381,0,$DATA_DIR/P2_E1_DIRECTION_20260913T053456Z/features/large/obqa/03381.npz,1e4cc71745980c86b889949054f37a507cd57c8ded8a9f8ee2316954bc83c01e,8192,float32,ca2386f24d445258fc1244651ef6164bedaed16011ff4e7a0eff25b7fba9a542
large,obqa,9-667,3384,0,$DATA_DIR/P2_E1_DIRECTION_20260913T053456Z/features/large/obqa/03384.npz,0c8262e4574b4d13131d49e8e788a1ebf3bea3b29951c85d233adb20480c53a9,8192,float32,ca2386f24d445258fc1244651ef6164bedaed16011ff4e7a0eff25b7fba9a542
large,obqa,9-679,3387,0,$DATA_DIR/P2_E1_DIRECTION_20260913T053456Z/features/large/obqa/03387.npz,0f3e063fc4f9f72a904bc1a005e1614d83a4bfcbd30183c068e5fecb29c465fd,8192,float32,ca2386f24d445258fc1244651ef6164bedaed16011ff4e7a0eff25b7fba9a542
large,obqa,9-69,3388,0,$DATA_DIR/P2_E1_DIRECTION_20260913T053456Z/features/large/obqa/03388.npz,d84288cdc87f753cd5bebfa223a8373b33232f01337bdef7e6acc8ccc84be3ec,8192,float32,ca2386f24d445258fc1244651ef6164bedaed16011ff4e7a0eff25b7fba9a542
large,obqa,9-708,3391,0,$DATA_DIR/P2_E1_DIRECTION_20260913T053456Z/features/large/obqa/03391.npz,5027b0603166c691a2906e2291254118dc6208ea8520f71f83dd84f8fbde9ebf,8192,float32,ca2386f24d445258fc1244651ef6164bedaed16011ff4e7a0eff25b7fba9a542
large,obqa,9-725,3395,0,$DATA_DIR/P2_E1_DIRECTION_20260913T053456Z/features/large/obqa/03395.npz,aa29924ab561101cc03c396ee0b68612951b8b3980bfd44d26e8195a36c31101,8192,float32,ca2386f24d445258fc1244651ef6164bedaed16011ff4e7a0eff25b7fba9a542
large,obqa,9-737,3398,0,$DATA_DIR/P2_E1_DIRECTION_20260913T053456Z/features/large/obqa/03398.npz,3368e3c6f33a7b094a20beedc2be688ad791652b5f452e2d3d281e660d21d14e,8192,float32,ca2386f24d445258fc1244651ef6164bedaed16011ff4e7a0eff25b7fba9a542
large,obqa,9-76,3401,0,$DATA_DIR/P2_E1_DIRECTION_20260913T053456Z/features/large/obqa/03401.npz,86dec37a3718636a2d4a89991be408da29f7429d3fb5cd0d4179b53f4e668375,8192,float32,ca2386f24d445258fc1244651ef6164bedaed16011ff4e7a0eff25b7fba9a542
large,obqa,9-787,3412,0,$DATA_DIR/P2_E1_DIRECTION_20260913T053456Z/features/large/obqa/03412.npz,6a8f441cbc509658a0e59c89def1a3e47bf97db9b31b15ef717907b16f2928c0,8192,float32,ca2386f24d445258fc1244651ef6164bedaed16011ff4e7a0eff25b7fba9a542
large,obqa,9-809,3413,0,$DATA_DIR/P2_E1_DIRECTION_20260913T053456Z/features/large/obqa/03413.npz,fa3e893f61647865a3058f7a9da25f4dcc684db1999497598071e6f3322e8f14,8192,float32,ca2386f24d445258fc1244651ef6164bedaed16011ff4e7a0eff25b7fba9a542
large,obqa,9-81,3414,0,$DATA_DIR/P2_E1_DIRECTION_20260913T053456Z/features/large/obqa/03414.npz,79cb27e9226ac35023c6fe50751e4efb353cebab6463a971f9b89f7fe6850a1e,8192,float32,ca2386f24d445258fc1244651ef6164bedaed16011ff4e7a0eff25b7fba9a542
large,obqa,9-828,3417,0,$DATA_DIR/P2_E1_DIRECTION_20260913T053456Z/features/large/obqa/03417.npz,8d3e594a676ac49550b8eb2a695aebada67badd1833ce6c2ca3ee0f0e3375763,8192,float32,ca2386f24d445258fc1244651ef6164bedaed16011ff4e7a0eff25b7fba9a542
large,obqa,9-850,3424,0,$DATA_DIR/P2_E1_DIRECTION_20260913T053456Z/features/large/obqa/03424.npz,9579d732ecff48aec6a350ee2ece50ab591b4d6035763537143c769893ef1503,8192,float32,ca2386f24d445258fc1244651ef6164bedaed16011ff4e7a0eff25b7fba9a542
large,obqa,9-864,3428,0,$DATA_DIR/P2_E1_DIRECTION_20260913T053456Z/features/large/obqa/03428.npz,e9d996659649484416d858e4509bbfc0604984de2f09ce1c7be0377ad2fa9098,8192,float32,ca2386f24d445258fc1244651ef6164bedaed16011ff4e7a0eff25b7fba9a542
large,obqa,9-872,3430,0,$DATA_DIR/P2_E1_DIRECTION_20260913T053456Z/features/large/obqa/03430.npz,14d5871a5a7e13294ff2c9d5eec4707d107860762237bb0d1cf83c28aba9d92e,8192,float32,ca2386f24d445258fc1244651ef6164bedaed16011ff4e7a0eff25b7fba9a542
large,obqa,9-885,3432,0,$DATA_DIR/P2_E1_DIRECTION_20260913T053456Z/features/large/obqa/03432.npz,744905fb7580482bc14328bd3408555989af6b112e1ae20569c229fe69503b89,8192,float32,ca2386f24d445258fc1244651ef6164bedaed16011ff4e7a0eff25b7fba9a542
large,obqa,9-914,3438,0,$DATA_DIR/P2_E1_DIRECTION_20260913T053456Z/features/large/obqa/03438.npz,9897a282bea12de88cfc370d0a0331d77487448ef564c12cb245b59fee91ed09,8192,float32,ca2386f24d445258fc1244651ef6164bedaed16011ff4e7a0eff25b7fba9a542
large,obqa,9-92,3440,0,$DATA_DIR/P2_E1_DIRECTION_20260913T053456Z/features/large/obqa/03440.npz,8307094233c2a5402c99c81e3344e911e7e11909f5f389943522fb050d66b925,8192,float32,ca2386f24d445258fc1244651ef6164bedaed16011ff4e7a0eff25b7fba9a542
large,obqa,9-97,3453,0,$DATA_DIR/P2_E1_DIRECTION_20260913T053456Z/features/large/obqa/03453.npz,416e6553f21941d9e6efcd9c19e7b1616126330f3ea18f5465311ec186c28b62,8192,float32,ca2386f24d445258fc1244651ef6164bedaed16011ff4e7a0eff25b7fba9a542
large,obqa,9-976,3454,0,$DATA_DIR/P2_E1_DIRECTION_20260913T053456Z/features/large/obqa/03454.npz,32386c0578db249a05555bffeb28c886bd255caed480bde610f82644d79e9ca9,8192,float32,ca2386f24d445258fc1244651ef6164bedaed16011ff4e7a0eff25b7fba9a542
large,obqa,9-992,3456,0,$DATA_DIR/P2_E1_DIRECTION_20260913T053456Z/features/large/obqa/03456.npz,8705c6c1ec2fdf03092540ff7f261d96df536f08fc6648890675008c9321bd75,8192,float32,ca2386f24d445258fc1244651ef6164bedaed16011ff4e7a0eff25b7fba9a542
large,obqa,923,3459,0,$DATA_DIR/P2_E1_DIRECTION_20260913T053456Z/features/large/obqa/03459.npz,0682a95b26ee8df2d2ab4fcfe59e7b01a1c5dd1dba9a59a4573ac04f0ebadb27,8192,float32,ca2386f24d445258fc1244651ef6164bedaed16011ff4e7a0eff25b7fba9a542
large,obqa,10-1003,3,1,$DATA_DIR/P2_E1_DIRECTION_20260913T053456Z/features/large/obqa/00003.npz,7bd67c0534bd867236fbd0ee9219bc8861ab86d87db69b973d3c5bca53672d0c,8192,float32,ca2386f24d445258fc1244651ef6164bedaed16011ff4e7a0eff25b7fba9a542
large,obqa,10-1021,13,1,$DATA_DIR/P2_E1_DIRECTION_20260913T053456Z/features/large/obqa/00013.npz,97b1a7be5d9d3693662e52086590685d62595f7a0217d36fbca377221f2de5ad,8192,float32,ca2386f24d445258fc1244651ef6164bedaed16011ff4e7a0eff25b7fba9a542
large,obqa,10-1028,16,1,$DATA_DIR/P2_E1_DIRECTION_20260913T053456Z/features/large/obqa/00016.npz,fa8ed46ffe28d5aca21a4e32612198c8908251f3476ba82a080e1ed7d6317db1,8192,float32,ca2386f24d445258fc1244651ef6164bedaed16011ff4e7a0eff25b7fba9a542
large,obqa,10-1040,21,1,$DATA_DIR/P2_E1_DIRECTION_20260913T053456Z/features/large/obqa/00021.npz,3660b9702589d758e568b0befaeaaaf19a1d94275bb0b2ae3051b98cb2274ecd,8192,float32,ca2386f24d445258fc1244651ef6164bedaed16011ff4e7a0eff25b7fba9a542
large,obqa,10-1052,31,1,$DATA_DIR/P2_E1_DIRECTION_20260913T053456Z/features/large/obqa/00031.npz,504650ea5f7e7f9d52d9b9c1a92bc0bb628cd34e6a0c52abdb41326b572ebb5b,8192,float32,ca2386f24d445258fc1244651ef6164bedaed16011ff4e7a0eff25b7fba9a542
large,obqa,10-1054,32,1,$DATA_DIR/P2_E1_DIRECTION_20260913T053456Z/features/large/obqa/00032.npz,f06a1fa45b90c18643bd1521051dfae7d1ede734b13ae4bd3da4e067222c1390,8192,float32,ca2386f24d445258fc1244651ef6164bedaed16011ff4e7a0eff25b7fba9a542
large,obqa,10-1064,38,1,$DATA_DIR/P2_E1_DIRECTION_20260913T053456Z/features/large/obqa/00038.npz,27a4b2d5d43b7068466838c439938f67a2f686c076ec9e0ba174e43952bd2bf5,8192,float32,ca2386f24d445258fc1244651ef6164bedaed16011ff4e7a0eff25b7fba9a542
large,obqa,10-1073,41,1,$DATA_DIR/P2_E1_DIRECTION_20260913T053456Z/features/large/obqa/00041.npz,fea2c7c89493814f07173cca0055d805c777becc2aa073d43f9d5dfd40f322ae,8192,float32,ca2386f24d445258fc1244651ef6164bedaed16011ff4e7a0eff25b7fba9a542
large,obqa,10-1077,44,1,$DATA_DIR/P2_E1_DIRECTION_20260913T053456Z/features/large/obqa/00044.npz,0ba48c1d50d13cfce395b66a444a19fbee4155059e10aa978463baf3ac0aab44,8192,float32,ca2386f24d445258fc1244651ef6164bedaed16011ff4e7a0eff25b7fba9a542
large,obqa,10-1083,45,1,$DATA_DIR/P2_E1_DIRECTION_20260913T053456Z/features/large/obqa/00045.npz,7fae7be764c24cf89b9bfc264d9d6c0a5313e1d99c953c37da91b5d9ab1109e2,8192,float32,ca2386f24d445258fc1244651ef6164bedaed16011ff4e7a0eff25b7fba9a542
large,obqa,10-1096,53,1,$DATA_DIR/P2_E1_DIRECTION_20260913T053456Z/features/large/obqa/00053.npz,f6e0788883e7d8c2d18b652d89e07c978fc6bed330e2fa13c3694c215a4bc9ba,8192,float32,ca2386f24d445258fc1244651ef6164bedaed16011ff4e7a0eff25b7fba9a542
large,obqa,10-1100,55,1,$DATA_DIR/P2_E1_DIRECTION_20260913T053456Z/features/large/obqa/00055.npz,3d54a528dcf5ae9ea19321f57f1f51e62cabc0ccfe4ac5f9946ce986ebcfc95b,8192,float32,ca2386f24d445258fc1244651ef6164bedaed16011ff4e7a0eff25b7fba9a542
large,obqa,10-1114,62,1,$DATA_DIR/P2_E1_DIRECTION_20260913T053456Z/features/large/obqa/00062.npz,c1575695149f260a5a5f68c3fa5052e810267f52b3c5f9543e376870c6e42db2,8192,float32,ca2386f24d445258fc1244651ef6164bedaed16011ff4e7a0eff25b7fba9a542
large,obqa,10-1122,68,1,$DATA_DIR/P2_E1_DIRECTION_20260913T053456Z/features/large/obqa/00068.npz,c3514decb2d99129c8cb314d88a00c32cedb0608d7b00c13e2e832ae486b7353,8192,float32,ca2386f24d445258fc1244651ef6164bedaed16011ff4e7a0eff25b7fba9a542
large,obqa,10-1125,71,1,$DATA_DIR/P2_E1_DIRECTION_20260913T053456Z/features/large/obqa/00071.npz,04ca9bff9010c6f7426ca31403f65da1175170a427b8e9a6886a50f5db29f12e,8192,float32,ca2386f24d445258fc1244651ef6164bedaed16011ff4e7a0eff25b7fba9a542
large,obqa,10-1129,74,1,$DATA_DIR/P2_E1_DIRECTION_20260913T053456Z/features/large/obqa/00074.npz,9eba3d25a62f756dfb76d911f880aad6d87cd136eff57e49aa92a0b365fb0242,8192,float32,ca2386f24d445258fc1244651ef6164bedaed16011ff4e7a0eff25b7fba9a542
large,obqa,10-1139,79,1,$DATA_DIR/P2_E1_DIRECTION_20260913T053456Z/features/large/obqa/00079.npz,fd0a1173f8be348e9d403eed7d7ce56d168d41d905fdbf62c23730bb22d2f719,8192,float32,ca2386f24d445258fc1244651ef6164bedaed16011ff4e7a0eff25b7fba9a542
large,obqa,10-1144,81,1,$DATA_DIR/P2_E1_DIRECTION_20260913T053456Z/features/large/obqa/00081.npz,b58170f9390459b751e9ecdfc3268d6075e7f5036589da51ab11773a6d19890e,8192,float32,ca2386f24d445258fc1244651ef6164bedaed16011ff4e7a0eff25b7fba9a542
large,obqa,10-1167,91,1,$DATA_DIR/P2_E1_DIRECTION_20260913T053456Z/features/large/obqa/00091.npz,97a8d326cbf53de3776273da3d5da2afd9818f0f9ce0cd78117fb7b062c53cc2,8192,float32,ca2386f24d445258fc1244651ef6164bedaed16011ff4e7a0eff25b7fba9a542
large,obqa,10-1175,95,1,$DATA_DIR/P2_E1_DIRECTION_20260913T053456Z/features/large/obqa/00095.npz,17c16f7875d804ea5319748c5e3f85e63c6f4e30b26c3d6608f79806f0f4f52e,8192,float32,ca2386f24d445258fc1244651ef6164bedaed16011ff4e7a0eff25b7fba9a542
large,obqa,10-1176,96,1,$DATA_DIR/P2_E1_DIRECTION_20260913T053456Z/features/large/obqa/00096.npz,ca582862109686ec1a115cf5bd7521c8bd449554d0dbefde8bc06b628428c8ce,8192,float32,ca2386f24d445258fc1244651ef6164bedaed16011ff4e7a0eff25b7fba9a542
large,obqa,10-1183,99,1,$DATA_DIR/P2_E1_DIRECTION_20260913T053456Z/features/large/obqa/00099.npz,9fba2a3034eb8a7e40f917b32d7f1d342ba731b435880cd34192905b8589a985,8192,float32,ca2386f24d445258fc1244651ef6164bedaed16011ff4e7a0eff25b7fba9a542
large,obqa,10-1198,103,1,$DATA_DIR/P2_E1_DIRECTION_20260913T053456Z/features/large/obqa/00103.npz,7edd2ec9a6b1e7e1d86d8e7f6b16ee38821cb370a85987d4e8ef8165380d9dd2,8192,float32,ca2386f24d445258fc1244651ef6164bedaed16011ff4e7a0eff25b7fba9a542
large,obqa,10-1200,106,1,$DATA_DIR/P2_E1_DIRECTION_20260913T053456Z/features/large/obqa/00106.npz,33c3a0d7ff30c6a5c381c6bba6c34d05082fd9171163f901c45d6aa93edbc8cb,8192,float32,ca2386f24d445258fc1244651ef6164bedaed16011ff4e7a0eff25b7fba9a542
large,obqa,10-1205,108,1,$DATA_DIR/P2_E1_DIRECTION_20260913T053456Z/features/large/obqa/00108.npz,cf50a3d542dc8944533c5a496b05336f72979627cb7264cd6268f39d6fc790b7,8192,float32,ca2386f24d445258fc1244651ef6164bedaed16011ff4e7a0eff25b7fba9a542
large,obqa,10-1210,111,1,$DATA_DIR/P2_E1_DIRECTION_20260913T053456Z/features/large/obqa/00111.npz,7b39ece67c403d3540de6429e732c647719fbd21285516367f9dcabeb28fc785,8192,float32,ca2386f24d445258fc1244651ef6164bedaed16011ff4e7a0eff25b7fba9a542
large,obqa,10-1212,113,1,$DATA_DIR/P2_E1_DIRECTION_20260913T053456Z/features/large/obqa/00113.npz,04d75984b420407b38a7ac54f9e25c8c71e04f5485503e7d1f28b5737e94d205,8192,float32,ca2386f24d445258fc1244651ef6164bedaed16011ff4e7a0eff25b7fba9a542
large,obqa,10-1220,118,1,$DATA_DIR/P2_E1_DIRECTION_20260913T053456Z/features/large/obqa/00118.npz,57da580019ac611028df36afa0787557caeea669bd657d9521b36ebff6e8d31c,8192,float32,ca2386f24d445258fc1244651ef6164bedaed16011ff4e7a0eff25b7fba9a542
large,obqa,10-126,122,1,$DATA_DIR/P2_E1_DIRECTION_20260913T053456Z/features/large/obqa/00122.npz,df1f99c967bee85f84ba951668b0a16d81ac3a27095146832621962fa6b53213,8192,float32,ca2386f24d445258fc1244651ef6164bedaed16011ff4e7a0eff25b7fba9a542
large,obqa,10-142,135,1,$DATA_DIR/P2_E1_DIRECTION_20260913T053456Z/features/large/obqa/00135.npz,856331de18885ca36a04a4e6167b59f5ed1c4c5841bc15585e5e1b48cc3ea090,8192,float32,ca2386f24d445258fc1244651ef6164bedaed16011ff4e7a0eff25b7fba9a542
large,obqa,10-163,147,1,$DATA_DIR/P2_E1_DIRECTION_20260913T053456Z/features/large/obqa/00147.npz,7590c220cb4b58044b86a26d2080966165a6d031eff4d08a229c5990a408419b,8192,float32,ca2386f24d445258fc1244651ef6164bedaed16011ff4e7a0eff25b7fba9a542
large,obqa,10-167,148,1,$DATA_DIR/P2_E1_DIRECTION_20260913T053456Z/features/large/obqa/00148.npz,4ce1a1a6c8c36f3b31232e4168e3ef0801edba9c609228c7795128d2b3a27f61,8192,float32,ca2386f24d445258fc1244651ef6164bedaed16011ff4e7a0eff25b7fba9a542
large,obqa,10-168,149,1,$DATA_DIR/P2_E1_DIRECTION_20260913T053456Z/features/large/obqa/00149.npz,f8e07037241a7e1fe9edcccf30d2db8c08bc6ae5eef5ec4652af4b25dba60f51,8192,float32,ca2386f24d445258fc1244651ef6164bedaed16011ff4e7a0eff25b7fba9a542
large,obqa,10-172,151,1,$DATA_DIR/P2_E1_DIRECTION_20260913T053456Z/features/large/obqa/00151.npz,87eda80075b155b0900824754760826022922eeaed8993473267bca2ef669b7c,8192,float32,ca2386f24d445258fc1244651ef6164bedaed16011ff4e7a0eff25b7fba9a542
large,obqa,10-177,154,1,$DATA_DIR/P2_E1_DIRECTION_20260913T053456Z/features/large/obqa/00154.npz,7b771cb0162bffd4a9de322a2238aaaec1be7da63b4432508f04587748a9b752,8192,float32,ca2386f24d445258fc1244651ef6164bedaed16011ff4e7a0eff25b7fba9a542
large,obqa,10-197,161,1,$DATA_DIR/P2_E1_DIRECTION_20260913T053456Z/features/large/obqa/00161.npz,a7bb07dcb0946648866e6cb6a32b2d7fdf98abdf42eda046fbffeddae0f827f4,8192,float32,ca2386f24d445258fc1244651ef6164bedaed16011ff4e7a0eff25b7fba9a542
large,obqa,10-20,162,1,$DATA_DIR/P2_E1_DIRECTION_20260913T053456Z/features/large/obqa/00162.npz,311043d9639131612d12c79e284badc6911cdc92d02fe36615591c990ad76f5b,8192,float32,ca2386f24d445258fc1244651ef6164bedaed16011ff4e7a0eff25b7fba9a542
large,obqa,10-22,171,1,$DATA_DIR/P2_E1_DIRECTION_20260913T053456Z/features/large/obqa/00171.npz,7ec31cfc6603c7213205009c4a3fe8a9c499c3339c7c301d48ff0b59b3db5dd4,8192,float32,ca2386f24d445258fc1244651ef6164bedaed16011ff4e7a0eff25b7fba9a542
large,obqa,10-226,175,1,$DATA_DIR/P2_E1_DIRECTION_20260913T053456Z/features/large/obqa/00175.npz,637768dcff93f47bc2ea221da1a51a44bb72280fdcb921800f2a3f1875de5748,8192,float32,ca2386f24d445258fc1244651ef6164bedaed16011ff4e7a0eff25b7fba9a542
large,obqa,10-234,180,1,$DATA_DIR/P2_E1_DIRECTION_20260913T053456Z/features/large/obqa/00180.npz,9472fe8f5919940eb8505357dd3946b9b3e5f680724e19a4acdbd453ead0925d,8192,float32,ca2386f24d445258fc1244651ef6164bedaed16011ff4e7a0eff25b7fba9a542
large,obqa,10-237,182,1,$DATA_DIR/P2_E1_DIRECTION_20260913T053456Z/features/large/obqa/00182.npz,e77e2bcdc9e9239cac4f79763e8defdc7cded104f489485885388e613eea9319,8192,float32,ca2386f24d445258fc1244651ef6164bedaed16011ff4e7a0eff25b7fba9a542
large,obqa,10-252,187,1,$DATA_DIR/P2_E1_DIRECTION_20260913T053456Z/features/large/obqa/00187.npz,6c1ce9494aacbe880ca288c2395425b8aa5193b24dfbf731cc685279ffe93b36,8192,float32,ca2386f24d445258fc1244651ef6164bedaed16011ff4e7a0eff25b7fba9a542
large,obqa,10-272,198,1,$DATA_DIR/P2_E1_DIRECTION_20260913T053456Z/features/large/obqa/00198.npz,b8cc04253faa15a33f78c47fc27e8f3ff5a31fe3dd72f5f5ed053a19eb0cd078,8192,float32,ca2386f24d445258fc1244651ef6164bedaed16011ff4e7a0eff25b7fba9a542
large,obqa,10-277,199,1,$DATA_DIR/P2_E1_DIRECTION_20260913T053456Z/features/large/obqa/00199.npz,308fcc55733f9d98addb96700305bd803c05e4295372a776af04eb0af4443769,8192,float32,ca2386f24d445258fc1244651ef6164bedaed16011ff4e7a0eff25b7fba9a542
large,obqa,10-312,219,1,$DATA_DIR/P2_E1_DIRECTION_20260913T053456Z/features/large/obqa/00219.npz,37340e59484cb6460cbd685db8bc10ffbd8ac4aebcb1411c46cc9cda9c482fa1,8192,float32,ca2386f24d445258fc1244651ef6164bedaed16011ff4e7a0eff25b7fba9a542
large,obqa,10-321,222,1,$DATA_DIR/P2_E1_DIRECTION_20260913T053456Z/features/large/obqa/00222.npz,04ebf4931a4ef9e52076de19b4769d439c3db481b4e9a315e8706ccfefb7d965,8192,float32,ca2386f24d445258fc1244651ef6164bedaed16011ff4e7a0eff25b7fba9a542
large,obqa,10-341,230,1,$DATA_DIR/P2_E1_DIRECTION_20260913T053456Z/features/large/obqa/00230.npz,d474a760d7cecd2f8b4914586fa44a7fbe6aa78d9d3130198d51af9f781faa0b,8192,float32,ca2386f24d445258fc1244651ef6164bedaed16011ff4e7a0eff25b7fba9a542
large,obqa,10-343,232,1,$DATA_DIR/P2_E1_DIRECTION_20260913T053456Z/features/large/obqa/00232.npz,d576137724731ab9c478ae6b88c114fcaf49b72804eee3fe1a15317206a4c42d,8192,float32,ca2386f24d445258fc1244651ef6164bedaed16011ff4e7a0eff25b7fba9a542
large,obqa,10-345,234,1,$DATA_DIR/P2_E1_DIRECTION_20260913T053456Z/features/large/obqa/00234.npz,d952769d8ed48534a25a672d7907ff5e08952facf350abd38d87a66f9b7bea35,8192,float32,ca2386f24d445258fc1244651ef6164bedaed16011ff4e7a0eff25b7fba9a542
large,obqa,10-349,235,1,$DATA_DIR/P2_E1_DIRECTION_20260913T053456Z/features/large/obqa/00235.npz,b08366306cf898c24ae02b48c00d80328ecf12eabc9b3c4826617aa6d0059f79,8192,float32,ca2386f24d445258fc1244651ef6164bedaed16011ff4e7a0eff25b7fba9a542
large,obqa,10-367,242,1,$DATA_DIR/P2_E1_DIRECTION_20260913T053456Z/features/large/obqa/00242.npz,dcf661b7373c1ae29b14fe2b74cd1766fe5aa1a4051d6eed67ec60d7f828fb0b,8192,float32,ca2386f24d445258fc1244651ef6164bedaed16011ff4e7a0eff25b7fba9a542
large,obqa,10-395,256,1,$DATA_DIR/P2_E1_DIRECTION_20260913T053456Z/features/large/obqa/00256.npz,4981e941eba3df901583d4fedfc0d76d9980f774b2b37d16d7d771232b7795c5,8192,float32,ca2386f24d445258fc1244651ef6164bedaed16011ff4e7a0eff25b7fba9a542
large,obqa,10-409,263,1,$DATA_DIR/P2_E1_DIRECTION_20260913T053456Z/features/large/obqa/00263.npz,a19250a8e6de5d3b7b0c72ac3b59184bd35df56aac2df75527c108548c46e971,8192,float32,ca2386f24d445258fc1244651ef6164bedaed16011ff4e7a0eff25b7fba9a542
large,obqa,10-42,267,1,$DATA_DIR/P2_E1_DIRECTION_20260913T053456Z/features/large/obqa/00267.npz,983875148e3cf4c7b10c3b39b811ce51078c95dff3cb9fc121f1731567283665,8192,float32,ca2386f24d445258fc1244651ef6164bedaed16011ff4e7a0eff25b7fba9a542
large,obqa,10-420,268,1,$DATA_DIR/P2_E1_DIRECTION_20260913T053456Z/features/large/obqa/00268.npz,d4c25b8e8dd409dfab29124eb971bd9e2c79451b10cb97a280e99d8b65f2cf0e,8192,float32,ca2386f24d445258fc1244651ef6164bedaed16011ff4e7a0eff25b7fba9a542
large,obqa,10-430,271,1,$DATA_DIR/P2_E1_DIRECTION_20260913T053456Z/features/large/obqa/00271.npz,0cbfc605700fefb40b565bbc7eede639181b22774dbf6b62ebd5f381e0057875,8192,float32,ca2386f24d445258fc1244651ef6164bedaed16011ff4e7a0eff25b7fba9a542
large,obqa,10-434,273,1,$DATA_DIR/P2_E1_DIRECTION_20260913T053456Z/features/large/obqa/00273.npz,90ed11be6912786ef64bb8b2ef1c15b0849cfe30408eed223f3c0434e78c1428,8192,float32,ca2386f24d445258fc1244651ef6164bedaed16011ff4e7a0eff25b7fba9a542
large,obqa,10-436,275,1,$DATA_DIR/P2_E1_DIRECTION_20260913T053456Z/features/large/obqa/00275.npz,d935fbc44d0b4aece0bfe3f7a500efebd7df85fe419126fe6eeca7501b3bc0a8,8192,float32,ca2386f24d445258fc1244651ef6164bedaed16011ff4e7a0eff25b7fba9a542
large,obqa,10-44,278,1,$DATA_DIR/P2_E1_DIRECTION_20260913T053456Z/features/large/obqa/00278.npz,5bdbdabfd34ff2d355d6c01c85d42ec7e5cca62e7b40f9dc118bc86a309a402d,8192,float32,ca2386f24d445258fc1244651ef6164bedaed16011ff4e7a0eff25b7fba9a542
large,obqa,10-455,286,1,$DATA_DIR/P2_E1_DIRECTION_20260913T053456Z/features/large/obqa/00286.npz,3b5dcff671224af0df45d8e19f789b1bdde5be453567160e55fb958686bda2b6,8192,float32,ca2386f24d445258fc1244651ef6164bedaed16011ff4e7a0eff25b7fba9a542
large,obqa,10-467,290,1,$DATA_DIR/P2_E1_DIRECTION_20260913T053456Z/features/large/obqa/00290.npz,d925ee1fe07ef3bfec1cc6cdf3b19ac35dffc06434118196b351eafc46c0398f,8192,float32,ca2386f24d445258fc1244651ef6164bedaed16011ff4e7a0eff25b7fba9a542
large,obqa,10-472,293,1,$DATA_DIR/P2_E1_DIRECTION_20260913T053456Z/features/large/obqa/00293.npz,3e5f19f9b6a7463170a772383e9b6854eed60d43f3103e1acf3e73d485f6d037,8192,float32,ca2386f24d445258fc1244651ef6164bedaed16011ff4e7a0eff25b7fba9a542
large,obqa,10-475,295,1,$DATA_DIR/P2_E1_DIRECTION_20260913T053456Z/features/large/obqa/00295.npz,7deb53c05be84ae8047f22a79278fbd758fc65c5794f30966cb7e384398541da,8192,float32,ca2386f24d445258fc1244651ef6164bedaed16011ff4e7a0eff25b7fba9a542
large,obqa,10-482,299,1,$DATA_DIR/P2_E1_DIRECTION_20260913T053456Z/features/large/obqa/00299.npz,1bd9fc560dc62aca6d3c0ebc002e456d880bb1039fe43760c27f173e28288bc9,8192,float32,ca2386f24d445258fc1244651ef6164bedaed16011ff4e7a0eff25b7fba9a542
large,obqa,10-485,300,1,$DATA_DIR/P2_E1_DIRECTION_20260913T053456Z/features/large/obqa/00300.npz,b655c7389b77175a25e32c24542efdc97a8702e8e387f8a2e825b6630d1bebad,8192,float32,ca2386f24d445258fc1244651ef6164bedaed16011ff4e7a0eff25b7fba9a542
large,obqa,10-493,306,1,$DATA_DIR/P2_E1_DIRECTION_20260913T053456Z/features/large/obqa/00306.npz,dc2e9121a5a2da8c8f9fb86e8551207e66231bc4704760cc01f1523a811e874e,8192,float32,ca2386f24d445258fc1244651ef6164bedaed16011ff4e7a0eff25b7fba9a542
large,obqa,10-5,308,1,$DATA_DIR/P2_E1_DIRECTION_20260913T053456Z/features/large/obqa/00308.npz,ff81e7675198a4ad960a7e5f2d3925b978b3c916a1402e955446a0f8052108b8,8192,float32,ca2386f24d445258fc1244651ef6164bedaed16011ff4e7a0eff25b7fba9a542
large,obqa,10-501,310,1,$DATA_DIR/P2_E1_DIRECTION_20260913T053456Z/features/large/obqa/00310.npz,34db2c1a94eadc2e696d13f078678bf9b11099729b7b0fb83fb870505d469b84,8192,float32,ca2386f24d445258fc1244651ef6164bedaed16011ff4e7a0eff25b7fba9a542
large,obqa,10-513,314,1,$DATA_DIR/P2_E1_DIRECTION_20260913T053456Z/features/large/obqa/00314.npz,581403e32278bd51ba3eed75dd8319369e50b35370b955861db795cbc8e33aa2,8192,float32,ca2386f24d445258fc1244651ef6164bedaed16011ff4e7a0eff25b7fba9a542
large,obqa,10-52,317,1,$DATA_DIR/P2_E1_DIRECTION_20260913T053456Z/features/large/obqa/00317.npz,368442fdf75abfa8cf4f8966b9982ae94d0d7abff7cda3706c72369fb400daa1,8192,float32,ca2386f24d445258fc1244651ef6164bedaed16011ff4e7a0eff25b7fba9a542
large,obqa,10-526,320,1,$DATA_DIR/P2_E1_DIRECTION_20260913T053456Z/features/large/obqa/00320.npz,4d77e0668ca2c213c85b350b07016645da7d948993566229b7aed2a3efe8ffb3,8192,float32,ca2386f24d445258fc1244651ef6164bedaed16011ff4e7a0eff25b7fba9a542
large,obqa,10-546,329,1,$DATA_DIR/P2_E1_DIRECTION_20260913T053456Z/features/large/obqa/00329.npz,8ba9f962748e2011598413439bdbe42789b3ba98e16c9f4bd7c2f76eee13da39,8192,float32,ca2386f24d445258fc1244651ef6164bedaed16011ff4e7a0eff25b7fba9a542
large,obqa,10-549,332,1,$DATA_DIR/P2_E1_DIRECTION_20260913T053456Z/features/large/obqa/00332.npz,c6b5f0992cbf6965adecf47592bd8b154d7ff0db0378d8190a25734242b2d32f,8192,float32,ca2386f24d445258fc1244651ef6164bedaed16011ff4e7a0eff25b7fba9a542
large,obqa,10-559,338,1,$DATA_DIR/P2_E1_DIRECTION_20260913T053456Z/features/large/obqa/00338.npz,5e92fb02e5234ffc3e503670fb184477a41f6194fe03fc66c278a69b726451c9,8192,float32,ca2386f24d445258fc1244651ef6164bedaed16011ff4e7a0eff25b7fba9a542
large,obqa,10-579,348,1,$DATA_DIR/P2_E1_DIRECTION_20260913T053456Z/features/large/obqa/00348.npz,cc4abc1d30f22ada02c8537b7766ec09fe7c8e48459094b2122a59a3a3b7923c,8192,float32,ca2386f24d445258fc1244651ef6164bedaed16011ff4e7a0eff25b7fba9a542
large,obqa,10-588,353,1,$DATA_DIR/P2_E1_DIRECTION_20260913T053456Z/features/large/obqa/00353.npz,e397f8b19f070daf732222375625af2340eca1bf84770643579cf5e98aeb32a2,8192,float32,ca2386f24d445258fc1244651ef6164bedaed16011ff4e7a0eff25b7fba9a542
large,obqa,10-589,354,1,$DATA_DIR/P2_E1_DIRECTION_20260913T053456Z/features/large/obqa/00354.npz,e3d3e1f9df99b173ccb315a145780489954bad916e48f7660fd4b88507049306,8192,float32,ca2386f24d445258fc1244651ef6164bedaed16011ff4e7a0eff25b7fba9a542
large,obqa,10-597,359,1,$DATA_DIR/P2_E1_DIRECTION_20260913T053456Z/features/large/obqa/00359.npz,d6841486224b0a73fbb0b86f6124c9102ee6c9e7ac20d61f796805e768412a46,8192,float32,ca2386f24d445258fc1244651ef6164bedaed16011ff4e7a0eff25b7fba9a542
large,obqa,10-6,361,1,$DATA_DIR/P2_E1_DIRECTION_20260913T053456Z/features/large/obqa/00361.npz,6227e9069e1b17acf5854a7d6c82144f733237250b4fafb7cf0bec12a50865ee,8192,float32,ca2386f24d445258fc1244651ef6164bedaed16011ff4e7a0eff25b7fba9a542
large,obqa,10-604,364,1,$DATA_DIR/P2_E1_DIRECTION_20260913T053456Z/features/large/obqa/00364.npz,2ab6ca464c975b169b3efdb895f1e47b29578271ea571c5efc68d23bc03246df,8192,float32,ca2386f24d445258fc1244651ef6164bedaed16011ff4e7a0eff25b7fba9a542
large,obqa,10-608,366,1,$DATA_DIR/P2_E1_DIRECTION_20260913T053456Z/features/large/obqa/00366.npz,a2cd4057a8177dac29b86cc93bd902d9cceb690c8e776f588ae7a00ce34fd17d,8192,float32,ca2386f24d445258fc1244651ef6164bedaed16011ff4e7a0eff25b7fba9a542
large,obqa,10-611,368,1,$DATA_DIR/P2_E1_DIRECTION_20260913T053456Z/features/large/obqa/00368.npz,b443e0b78df953f230b23bb6c20d6b935a64d946113e3736c991148e34c6a933,8192,float32,ca2386f24d445258fc1244651ef6164bedaed16011ff4e7a0eff25b7fba9a542
large,obqa,10-612,369,1,$DATA_DIR/P2_E1_DIRECTION_20260913T053456Z/features/large/obqa/00369.npz,ad1cd6d33fbeb2760b8b3342be10a111e94c64b5dc9e43f4085d0e5c4a054017,8192,float32,ca2386f24d445258fc1244651ef6164bedaed16011ff4e7a0eff25b7fba9a542
large,obqa,10-631,382,1,$DATA_DIR/P2_E1_DIRECTION_20260913T053456Z/features/large/obqa/00382.npz,f10b9df89da463be91b3d7a1cb4558ea7272bffb926cc23b46fdc4cd03b517e4,8192,float32,ca2386f24d445258fc1244651ef6164bedaed16011ff4e7a0eff25b7fba9a542
large,obqa,10-644,389,1,$DATA_DIR/P2_E1_DIRECTION_20260913T053456Z/features/large/obqa/00389.npz,114969bd637f48b21c629591b10c03e486a3c23e10af8c226b54181b90fb6dca,8192,float32,ca2386f24d445258fc1244651ef6164bedaed16011ff4e7a0eff25b7fba9a542
large,obqa,10-645,390,1,$DATA_DIR/P2_E1_DIRECTION_20260913T053456Z/features/large/obqa/00390.npz,2cdfa6661a78218abb4360281da1bd357d5836f8246014b82c6722d0bb37f2fc,8192,float32,ca2386f24d445258fc1244651ef6164bedaed16011ff4e7a0eff25b7fba9a542
large,obqa,10-649,392,1,$DATA_DIR/P2_E1_DIRECTION_20260913T053456Z/features/large/obqa/00392.npz,d1e3bbc9dfb7baf8beeef1fc80e22bf8f2cbbf878b5c05b00937273bb67ec662,8192,float32,ca2386f24d445258fc1244651ef6164bedaed16011ff4e7a0eff25b7fba9a542
large,obqa,10-657,397,1,$DATA_DIR/P2_E1_DIRECTION_20260913T053456Z/features/large/obqa/00397.npz,4ed15611018282b747d17079a1c1378820c3cf3655df655844e4f070fd58e40e,8192,float32,ca2386f24d445258fc1244651ef6164bedaed16011ff4e7a0eff25b7fba9a542
large,obqa,10-661,400,1,$DATA_DIR/P2_E1_DIRECTION_20260913T053456Z/features/large/obqa/00400.npz,b1bff39592575570d85efc04bb686ae4987f1bd84f5cedbbfa1a041c6790a558,8192,float32,ca2386f24d445258fc1244651ef6164bedaed16011ff4e7a0eff25b7fba9a542
large,obqa,10-664,402,1,$DATA_DIR/P2_E1_DIRECTION_20260913T053456Z/features/large/obqa/00402.npz,687e3f8e7ec34d5449bc5c28d1fe3914261ebae05991570719f23fdc78f8cf31,8192,float32,ca2386f24d445258fc1244651ef6164bedaed16011ff4e7a0eff25b7fba9a542
large,obqa,10-666,403,1,$DATA_DIR/P2_E1_DIRECTION_20260913T053456Z/features/large/obqa/00403.npz,ebb580aff87dcf525e410680983b2d1188b95deb7b7dd80eff73011fa6dc2a72,8192,float32,ca2386f24d445258fc1244651ef6164bedaed16011ff4e7a0eff25b7fba9a542
large,obqa,10-667,404,1,$DATA_DIR/P2_E1_DIRECTION_20260913T053456Z/features/large/obqa/00404.npz,cda3a09d27fb5f9585573da2658f0f4a02cf2b35e9e6cb3d3934a3be85a33f7f,8192,float32,ca2386f24d445258fc1244651ef6164bedaed16011ff4e7a0eff25b7fba9a542
large,obqa,10-70,419,1,$DATA_DIR/P2_E1_DIRECTION_20260913T053456Z/features/large/obqa/00419.npz,cdbdf913db1176cc44e616fd7201ec6bff3714123c9fe1e889b8f8ce62a56d19,8192,float32,ca2386f24d445258fc1244651ef6164bedaed16011ff4e7a0eff25b7fba9a542
large,obqa,10-706,420,1,$DATA_DIR/P2_E1_DIRECTION_20260913T053456Z/features/large/obqa/00420.npz,cafe1a49042dfec4347019338324bf3327900a4b97e989e404c076e3f0fe3ab0,8192,float32,ca2386f24d445258fc1244651ef6164bedaed16011ff4e7a0eff25b7fba9a542
large,obqa,10-722,428,1,$DATA_DIR/P2_E1_DIRECTION_20260913T053456Z/features/large/obqa/00428.npz,1f1518c414ccb0e6f1daf2a1e612782139156b13f69a3cd98d7cc97044fb8fe1,8192,float32,ca2386f24d445258fc1244651ef6164bedaed16011ff4e7a0eff25b7fba9a542
large,obqa,10-727,429,1,$DATA_DIR/P2_E1_DIRECTION_20260913T053456Z/features/large/obqa/00429.npz,7e3ed9a824e3dda42579e720bd1cff8add797f064e891cde053aeafad80813c4,8192,float32,ca2386f24d445258fc1244651ef6164bedaed16011ff4e7a0eff25b7fba9a542
large,obqa,10-733,434,1,$DATA_DIR/P2_E1_DIRECTION_20260913T053456Z/features/large/obqa/00434.npz,3f6275f4f6109eb53b5ac58ad0af7cd766e7bee9cf33c0e391f5d61f82f901c2,8192,float32,ca2386f24d445258fc1244651ef6164bedaed16011ff4e7a0eff25b7fba9a542
large,obqa,10-734,435,1,$DATA_DIR/P2_E1_DIRECTION_20260913T053456Z/features/large/obqa/00435.npz,313a38ea0781850f628296b2c1447ef3b5b6310de210cf6886b269880653aa9d,8192,float32,ca2386f24d445258fc1244651ef6164bedaed16011ff4e7a0eff25b7fba9a542
large,obqa,10-736,436,1,$DATA_DIR/P2_E1_DIRECTION_20260913T053456Z/features/large/obqa/00436.npz,d43da9e137a916f25bea0ed9fe5a0202dc515a04245b1f9f7830d20d3a368f63,8192,float32,ca2386f24d445258fc1244651ef6164bedaed16011ff4e7a0eff25b7fba9a542
large,obqa,10-74,437,1,$DATA_DIR/P2_E1_DIRECTION_20260913T053456Z/features/large/obqa/00437.npz,f98a9a95504fe77cfe41283f9f56b3551e4ce0ab845aacc51b892c88c7606cd7,8192,float32,ca2386f24d445258fc1244651ef6164bedaed16011ff4e7a0eff25b7fba9a542
large,obqa,10-747,443,1,$DATA_DIR/P2_E1_DIRECTION_20260913T053456Z/features/large/obqa/00443.npz,597ee3ef64a1fa6461034850207de232f7be23477a0158b0100dde44bade8c49,8192,float32,ca2386f24d445258fc1244651ef6164bedaed16011ff4e7a0eff25b7fba9a542
large,obqa,10-753,444,1,$DATA_DIR/P2_E1_DIRECTION_20260913T053456Z/features/large/obqa/00444.npz,f5bb8c7f77df76aedb9098fe882f5f36662a6bef0fa560759eee7dd01e5b0459,8192,float32,ca2386f24d445258fc1244651ef6164bedaed16011ff4e7a0eff25b7fba9a542
large,obqa,10-764,448,1,$DATA_DIR/P2_E1_DIRECTION_20260913T053456Z/features/large/obqa/00448.npz,1ed7fd9df08002aeda18f247433487967643d02c7d1842ea9e70c2a6810a96e8,8192,float32,ca2386f24d445258fc1244651ef6164bedaed16011ff4e7a0eff25b7fba9a542
large,obqa,10-779,457,1,$DATA_DIR/P2_E1_DIRECTION_20260913T053456Z/features/large/obqa/00457.npz,c936ac941487beffe8561bd92602ccbbce8a78dffc9f8ceb8838ff523d0cde49,8192,float32,ca2386f24d445258fc1244651ef6164bedaed16011ff4e7a0eff25b7fba9a542
large,obqa,10-781,458,1,$DATA_DIR/P2_E1_DIRECTION_20260913T053456Z/features/large/obqa/00458.npz,95e80ddd70117914b517852aaaa87274c2d3c3d1108653e23a6db43d97fc0922,8192,float32,ca2386f24d445258fc1244651ef6164bedaed16011ff4e7a0eff25b7fba9a542
large,obqa,10-782,459,1,$DATA_DIR/P2_E1_DIRECTION_20260913T053456Z/features/large/obqa/00459.npz,3c85b764625c6d4c224d2994918747b0c6160a0c196cbffd7551314ce978ef73,8192,float32,ca2386f24d445258fc1244651ef6164bedaed16011ff4e7a0eff25b7fba9a542
large,obqa,10-793,464,1,$DATA_DIR/P2_E1_DIRECTION_20260913T053456Z/features/large/obqa/00464.npz,3040617bd4b310c552cecf05e5a21df6ed9dcb561e7fd638769a1188b7bde6a3,8192,float32,ca2386f24d445258fc1244651ef6164bedaed16011ff4e7a0eff25b7fba9a542
large,obqa,10-812,476,1,$DATA_DIR/P2_E1_DIRECTION_20260913T053456Z/features/large/obqa/00476.npz,9ff505703870f26b7200e3467b4a1ef8ad48c7e3756445f57686392fc894c7af,8192,float32,ca2386f24d445258fc1244651ef6164bedaed16011ff4e7a0eff25b7fba9a542
large,obqa,10-816,477,1,$DATA_DIR/P2_E1_DIRECTION_20260913T053456Z/features/large/obqa/00477.npz,9080713bef92fbb267352282e4c4cbb64cd6ec0bb70911f573d3949feda78bc8,8192,float32,ca2386f24d445258fc1244651ef6164bedaed16011ff4e7a0eff25b7fba9a542
large,obqa,10-817,478,1,$DATA_DIR/P2_E1_DIRECTION_20260913T053456Z/features/large/obqa/00478.npz,55d98dc7eec4bc15780878a61b7619b0475efac68915231dcfc2003814ea4268,8192,float32,ca2386f24d445258fc1244651ef6164bedaed16011ff4e7a0eff25b7fba9a542
large,obqa,10-822,481,1,$DATA_DIR/P2_E1_DIRECTION_20260913T053456Z/features/large/obqa/00481.npz,64d42e824b85fea5bf1d8d70537bcf6cd044e928f3f79830690069aca1766f79,8192,float32,ca2386f24d445258fc1244651ef6164bedaed16011ff4e7a0eff25b7fba9a542
large,obqa,10-829,484,1,$DATA_DIR/P2_E1_DIRECTION_20260913T053456Z/features/large/obqa/00484.npz,a84ddd65b404b7b7d75cd179ed20c6a5f8b6f6ee0c377975e7e3ce08fde6e6e8,8192,float32,ca2386f24d445258fc1244651ef6164bedaed16011ff4e7a0eff25b7fba9a542
large,obqa,10-831,485,1,$DATA_DIR/P2_E1_DIRECTION_20260913T053456Z/features/large/obqa/00485.npz,ddc9fd6dc8b14b2fa31310b061faee971544de4eb9c2f2a7d2566929e3cafea3,8192,float32,ca2386f24d445258fc1244651ef6164bedaed16011ff4e7a0eff25b7fba9a542
large,obqa,10-833,486,1,$DATA_DIR/P2_E1_DIRECTION_20260913T053456Z/features/large/obqa/00486.npz,57a5dabdaf0c03bf065b22a78312e575ff0ebe0a7ae5a3ddfc13f13d62571e96,8192,float32,ca2386f24d445258fc1244651ef6164bedaed16011ff4e7a0eff25b7fba9a542
large,obqa,10-856,495,1,$DATA_DIR/P2_E1_DIRECTION_20260913T053456Z/features/large/obqa/00495.npz,af1bbef536d3050c8c6cf66be9c08ed0fb688f6b62343c597f8b6fefea1ed8b5,8192,float32,ca2386f24d445258fc1244651ef6164bedaed16011ff4e7a0eff25b7fba9a542
large,obqa,10-869,502,1,$DATA_DIR/P2_E1_DIRECTION_20260913T053456Z/features/large/obqa/00502.npz,37080eac7a40032bbbe466ed50c16a69ba963b7be4f3d6c18bd437b923dc70a8,8192,float32,ca2386f24d445258fc1244651ef6164bedaed16011ff4e7a0eff25b7fba9a542
large,obqa,10-884,504,1,$DATA_DIR/P2_E1_DIRECTION_20260913T053456Z/features/large/obqa/00504.npz,f38b4960f529297e5e48cb8f0c831790643889c8f26a8172222d5aa5e7295e0c,8192,float32,ca2386f24d445258fc1244651ef6164bedaed16011ff4e7a0eff25b7fba9a542
large,obqa,10-9,514,1,$DATA_DIR/P2_E1_DIRECTION_20260913T053456Z/features/large/obqa/00514.npz,9a8e44123275108fdd329fd0d8f98e1c856f1d72064774d4f61eec8283ab3c48,8192,float32,ca2386f24d445258fc1244651ef6164bedaed16011ff4e7a0eff25b7fba9a542
large,obqa,10-903,516,1,$DATA_DIR/P2_E1_DIRECTION_20260913T053456Z/features/large/obqa/00516.npz,a4f78980390a6a2f3a912e30ce567136c3fa558de8b6c44bd6a105ac96e8bc85,8192,float32,ca2386f24d445258fc1244651ef6164bedaed16011ff4e7a0eff25b7fba9a542
large,obqa,10-906,517,1,$DATA_DIR/P2_E1_DIRECTION_20260913T053456Z/features/large/obqa/00517.npz,33effa0f921460841e666066e466fc4b25bf594b949bf32ec496038a92f5e198,8192,float32,ca2386f24d445258fc1244651ef6164bedaed16011ff4e7a0eff25b7fba9a542
large,obqa,10-912,520,1,$DATA_DIR/P2_E1_DIRECTION_20260913T053456Z/features/large/obqa/00520.npz,9c978aba325e6a329a040ce272d507d507c4319dd5771fdc153fed112a78a95b,8192,float32,ca2386f24d445258fc1244651ef6164bedaed16011ff4e7a0eff25b7fba9a542
large,obqa,10-928,529,1,$DATA_DIR/P2_E1_DIRECTION_20260913T053456Z/features/large/obqa/00529.npz,7ca3974b9b486b0ef174fc7b70eab62ada13ed5c7b7f22459c654672a8925b08,8192,float32,ca2386f24d445258fc1244651ef6164bedaed16011ff4e7a0eff25b7fba9a542
large,obqa,10-930,531,1,$DATA_DIR/P2_E1_DIRECTION_20260913T053456Z/features/large/obqa/00531.npz,d322bc3fdf46ccdcc9adc3b3c7aaf0c64b1705fbe5d5c52a9be4474f34cfdb3c,8192,float32,ca2386f24d445258fc1244651ef6164bedaed16011ff4e7a0eff25b7fba9a542
large,obqa,10-975,548,1,$DATA_DIR/P2_E1_DIRECTION_20260913T053456Z/features/large/obqa/00548.npz,d86b9280aa2d0dcae4ba76d6ede1bbfc734087cc7438d3abe949e6426a4ead87,8192,float32,ca2386f24d445258fc1244651ef6164bedaed16011ff4e7a0eff25b7fba9a542
large,obqa,10-990,557,1,$DATA_DIR/P2_E1_DIRECTION_20260913T053456Z/features/large/obqa/00557.npz,cfbfd1dc31030fe17cfaab6ae01eb6dd6aa2e8a18b13d7e9169aefe457e636b5,8192,float32,ca2386f24d445258fc1244651ef6164bedaed16011ff4e7a0eff25b7fba9a542
large,obqa,1058,572,1,$DATA_DIR/P2_E1_DIRECTION_20260913T053456Z/features/large/obqa/00572.npz,caca6aeeeb04f0cc9917a280e0ad2729b590b4f995e9f9ffddf0d3966ab76fc2,8192,float32,ca2386f24d445258fc1244651ef6164bedaed16011ff4e7a0eff25b7fba9a542
large,obqa,1082,574,1,$DATA_DIR/P2_E1_DIRECTION_20260913T053456Z/features/large/obqa/00574.npz,16619fc8e9e55007bad4cec188398f1a39de8f1e7dfbc7d47694865943f391f4,8192,float32,ca2386f24d445258fc1244651ef6164bedaed16011ff4e7a0eff25b7fba9a542
large,obqa,11-1,578,1,$DATA_DIR/P2_E1_DIRECTION_20260913T053456Z/features/large/obqa/00578.npz,524f8ed06aeb3b146d2a681eafe422d27b5a2420223bb902b4df081e704c166d,8192,float32,ca2386f24d445258fc1244651ef6164bedaed16011ff4e7a0eff25b7fba9a542
large,obqa,11-120,589,1,$DATA_DIR/P2_E1_DIRECTION_20260913T053456Z/features/large/obqa/00589.npz,d72e34820e6d46def88956256ed1590cccb04c4d7d3c7a8f74e393181685f40e,8192,float32,ca2386f24d445258fc1244651ef6164bedaed16011ff4e7a0eff25b7fba9a542
large,obqa,11-123,590,1,$DATA_DIR/P2_E1_DIRECTION_20260913T053456Z/features/large/obqa/00590.npz,655b630a5ffc5ce85258ee9fb94162c8cb6a58ab3fe933d298c717543ecb466c,8192,float32,ca2386f24d445258fc1244651ef6164bedaed16011ff4e7a0eff25b7fba9a542
large,obqa,11-124,591,1,$DATA_DIR/P2_E1_DIRECTION_20260913T053456Z/features/large/obqa/00591.npz,e4dcb4d0de2646111d1a212957685ee83971348a9ac0206898d0ce7753854653,8192,float32,ca2386f24d445258fc1244651ef6164bedaed16011ff4e7a0eff25b7fba9a542
large,obqa,11-125,592,1,$DATA_DIR/P2_E1_DIRECTION_20260913T053456Z/features/large/obqa/00592.npz,93b24b7a19432147c85bae5ec09d182ea7af1e3164e55a809c4f553572ada774,8192,float32,ca2386f24d445258fc1244651ef6164bedaed16011ff4e7a0eff25b7fba9a542
large,obqa,11-134,598,1,$DATA_DIR/P2_E1_DIRECTION_20260913T053456Z/features/large/obqa/00598.npz,d6ac3dfa537e7113a188ed94d334fa9666fed5515cebe4675ebf6bf2ebfc37c3,8192,float32,ca2386f24d445258fc1244651ef6164bedaed16011ff4e7a0eff25b7fba9a542
large,obqa,11-154,605,1,$DATA_DIR/P2_E1_DIRECTION_20260913T053456Z/features/large/obqa/00605.npz,038f764266146a3d8a36463926b5f234ce689450bcc993a57416118a38b1cc3d,8192,float32,ca2386f24d445258fc1244651ef6164bedaed16011ff4e7a0eff25b7fba9a542
large,obqa,11-155,606,1,$DATA_DIR/P2_E1_DIRECTION_20260913T053456Z/features/large/obqa/00606.npz,b01494c9d6bd2439e4d837c981c9a30f4d9c2faf18b8ad0e1ae0f71347210eed,8192,float32,ca2386f24d445258fc1244651ef6164bedaed16011ff4e7a0eff25b7fba9a542
large,obqa,11-163,610,1,$DATA_DIR/P2_E1_DIRECTION_20260913T053456Z/features/large/obqa/00610.npz,d1142f72bb2d24ad7c37bb3a849e77fd09be20236f91cb23534dafaffbfe2613,8192,float32,ca2386f24d445258fc1244651ef6164bedaed16011ff4e7a0eff25b7fba9a542
large,obqa,11-167,612,1,$DATA_DIR/P2_E1_DIRECTION_20260913T053456Z/features/large/obqa/00612.npz,a6bccaafcc3302efa017a40dea78560aced530b2c6e3b13f125473adb1189d37,8192,float32,ca2386f24d445258fc1244651ef6164bedaed16011ff4e7a0eff25b7fba9a542
large,obqa,11-168,613,1,$DATA_DIR/P2_E1_DIRECTION_20260913T053456Z/features/large/obqa/00613.npz,8f945f82ab534046800e410b57f306bc9dc5b460f5b5e5205eb851db627980a7,8192,float32,ca2386f24d445258fc1244651ef6164bedaed16011ff4e7a0eff25b7fba9a542
large,obqa,11-181,616,1,$DATA_DIR/P2_E1_DIRECTION_20260913T053456Z/features/large/obqa/00616.npz,6aab802055db60a2ece374331c55101502a3bd73fe6712c5b9f640c5dd666c78,8192,float32,ca2386f24d445258fc1244651ef6164bedaed16011ff4e7a0eff25b7fba9a542
large,obqa,11-191,621,1,$DATA_DIR/P2_E1_DIRECTION_20260913T053456Z/features/large/obqa/00621.npz,f532db93bc9e2d1541e482d71f14685815dff3d6f170d667bb6c8d4612550f88,8192,float32,ca2386f24d445258fc1244651ef6164bedaed16011ff4e7a0eff25b7fba9a542
large,obqa,11-201,627,1,$DATA_DIR/P2_E1_DIRECTION_20260913T053456Z/features/large/obqa/00627.npz,7025e455688b8f08305c356c44aa2608b1b823fc233dc0250de79d2079fa6129,8192,float32,ca2386f24d445258fc1244651ef6164bedaed16011ff4e7a0eff25b7fba9a542
large,obqa,11-226,642,1,$DATA_DIR/P2_E1_DIRECTION_20260913T053456Z/features/large/obqa/00642.npz,fb192322be90ee9813d58b00bf2845130f133a79ef043d65bc2a602658284f0c,8192,float32,ca2386f24d445258fc1244651ef6164bedaed16011ff4e7a0eff25b7fba9a542
large,obqa,11-230,646,1,$DATA_DIR/P2_E1_DIRECTION_20260913T053456Z/features/large/obqa/00646.npz,2bc0b9e2a03a729185faa43054d14f5bdcb31b2ab2f9256302148c3a34b5d22c,8192,float32,ca2386f24d445258fc1244651ef6164bedaed16011ff4e7a0eff25b7fba9a542
large,obqa,11-244,654,1,$DATA_DIR/P2_E1_DIRECTION_20260913T053456Z/features/large/obqa/00654.npz,3c91406abca98f35515725cb7ed3d2f727689a34716abdc1ad1892df0fdf0335,8192,float32,ca2386f24d445258fc1244651ef6164bedaed16011ff4e7a0eff25b7fba9a542
large,obqa,11-305,688,1,$DATA_DIR/P2_E1_DIRECTION_20260913T053456Z/features/large/obqa/00688.npz,138617e33bf0e0bb42c5c0bd5720079182d861849784a71ff5ecc6f4aaa47c7f,8192,float32,ca2386f24d445258fc1244651ef6164bedaed16011ff4e7a0eff25b7fba9a542
large,obqa,11-308,691,1,$DATA_DIR/P2_E1_DIRECTION_20260913T053456Z/features/large/obqa/00691.npz,c4bd74ea9d25db93e09903e42207ef90d053b1d175b9605c48f077c87f6ed617,8192,float32,ca2386f24d445258fc1244651ef6164bedaed16011ff4e7a0eff25b7fba9a542
large,obqa,11-313,693,1,$DATA_DIR/P2_E1_DIRECTION_20260913T053456Z/features/large/obqa/00693.npz,7caf0d83a388fb923695782f3c98a3a4f7792882efc41f9a002d2b868a83072c,8192,float32,ca2386f24d445258fc1244651ef6164bedaed16011ff4e7a0eff25b7fba9a542
large,obqa,11-33,703,1,$DATA_DIR/P2_E1_DIRECTION_20260913T053456Z/features/large/obqa/00703.npz,f0bdabeeef788858d4dabf82dd88cb6a0aca9e9b30ef83de43fdfb2dd5e551ec,8192,float32,ca2386f24d445258fc1244651ef6164bedaed16011ff4e7a0eff25b7fba9a542
large,obqa,11-333,707,1,$DATA_DIR/P2_E1_DIRECTION_20260913T053456Z/features/large/obqa/00707.npz,b2fa18eb1286959a383b41064f962aa8e67a1dca3ac407fa2014ce3b7b590973,8192,float32,ca2386f24d445258fc1244651ef6164bedaed16011ff4e7a0eff25b7fba9a542
large,obqa,11-336,708,1,$DATA_DIR/P2_E1_DIRECTION_20260913T053456Z/features/large/obqa/00708.npz,fa8a1f65b41d7aba048a12e19513a6eaea1d726c67c95a25c7a632fe78d4cd0b,8192,float32,ca2386f24d445258fc1244651ef6164bedaed16011ff4e7a0eff25b7fba9a542
large,obqa,11-343,712,1,$DATA_DIR/P2_E1_DIRECTION_20260913T053456Z/features/large/obqa/00712.npz,1f6482b8507e93906768b9e65ade713d8db2f7adce12c95392b2013ad12ffef3,8192,float32,ca2386f24d445258fc1244651ef6164bedaed16011ff4e7a0eff25b7fba9a542
large,obqa,11-346,713,1,$DATA_DIR/P2_E1_DIRECTION_20260913T053456Z/features/large/obqa/00713.npz,71dab8e3d4cb9bfb2d8f2d1b248bb935b88a978f0c0a1b6498db83c027363d09,8192,float32,ca2386f24d445258fc1244651ef6164bedaed16011ff4e7a0eff25b7fba9a542
large,obqa,11-362,718,1,$DATA_DIR/P2_E1_DIRECTION_20260913T053456Z/features/large/obqa/00718.npz,87cabd13c3c0cadbe39c468dbe44b1de20d3afc42ce1e57d3f805bcf01e2799d,8192,float32,ca2386f24d445258fc1244651ef6164bedaed16011ff4e7a0eff25b7fba9a542
large,obqa,11-363,719,1,$DATA_DIR/P2_E1_DIRECTION_20260913T053456Z/features/large/obqa/00719.npz,2d1e727519fad2ba3af5485b401355affa198493a1e301c7404591443a3456e0,8192,float32,ca2386f24d445258fc1244651ef6164bedaed16011ff4e7a0eff25b7fba9a542
large,obqa,11-374,723,1,$DATA_DIR/P2_E1_DIRECTION_20260913T053456Z/features/large/obqa/00723.npz,8ccb06bb3426b7fa1b3e59af0c62e30d71469385b9c268ef5a19b96027fe77ad,8192,float32,ca2386f24d445258fc1244651ef6164bedaed16011ff4e7a0eff25b7fba9a542
large,obqa,11-388,729,1,$DATA_DIR/P2_E1_DIRECTION_20260913T053456Z/features/large/obqa/00729.npz,64f7964cecee791aab7125add2c7a828cf408cad191a02868916359d094cf447,8192,float32,ca2386f24d445258fc1244651ef6164bedaed16011ff4e7a0eff25b7fba9a542
large,obqa,11-396,732,1,$DATA_DIR/P2_E1_DIRECTION_20260913T053456Z/features/large/obqa/00732.npz,58c03213558c7c31080344b172316c0b4ddcf02bfd7423d3a075640424598ce0,8192,float32,ca2386f24d445258fc1244651ef6164bedaed16011ff4e7a0eff25b7fba9a542
large,obqa,11-41,737,1,$DATA_DIR/P2_E1_DIRECTION_20260913T053456Z/features/large/obqa/00737.npz,474373d6a2fa54be68a684e2b55175a4d47024d72c111d557e15ded93a4f2570,8192,float32,ca2386f24d445258fc1244651ef6164bedaed16011ff4e7a0eff25b7fba9a542
large,obqa,11-416,741,1,$DATA_DIR/P2_E1_DIRECTION_20260913T053456Z/features/large/obqa/00741.npz,98df8a9e714cd5f66ac5e6e5a9b2d2499d9b874bb8b7c9f82b0dcfd4b4cc9427,8192,float32,ca2386f24d445258fc1244651ef6164bedaed16011ff4e7a0eff25b7fba9a542
large,obqa,11-435,750,1,$DATA_DIR/P2_E1_DIRECTION_20260913T053456Z/features/large/obqa/00750.npz,a84ef6b5639ef966c74d73925190ba40cf7957d7e89221fb59343ac7318ad949,8192,float32,ca2386f24d445258fc1244651ef6164bedaed16011ff4e7a0eff25b7fba9a542
large,obqa,11-437,751,1,$DATA_DIR/P2_E1_DIRECTION_20260913T053456Z/features/large/obqa/00751.npz,c3e33ae91434c882053083b45b23ac5168f849e06e573a77c02a92f598f62f5e,8192,float32,ca2386f24d445258fc1244651ef6164bedaed16011ff4e7a0eff25b7fba9a542
large,obqa,11-446,756,1,$DATA_DIR/P2_E1_DIRECTION_20260913T053456Z/features/large/obqa/00756.npz,d43a44c41a24a63745c469ae03d02c6b37c6a54b77ca37fe9c26d5795a6e28e3,8192,float32,ca2386f24d445258fc1244651ef6164bedaed16011ff4e7a0eff25b7fba9a542
large,obqa,11-448,758,1,$DATA_DIR/P2_E1_DIRECTION_20260913T053456Z/features/large/obqa/00758.npz,a091baf0d5a067380e778401adb50ba037a0f8dcb20898389e7d036f705e315f,8192,float32,ca2386f24d445258fc1244651ef6164bedaed16011ff4e7a0eff25b7fba9a542
large,obqa,11-456,760,1,$DATA_DIR/P2_E1_DIRECTION_20260913T053456Z/features/large/obqa/00760.npz,8641a6c4cacf81de8d27edcfc5b37a947d417c6c6d4f51707bd659635b841f0e,8192,float32,ca2386f24d445258fc1244651ef6164bedaed16011ff4e7a0eff25b7fba9a542
large,obqa,11-464,763,1,$DATA_DIR/P2_E1_DIRECTION_20260913T053456Z/features/large/obqa/00763.npz,6f7d66f214b22f9ad9c47b2cc082524f4c9864f6b28604c8ac2a835090ee273e,8192,float32,ca2386f24d445258fc1244651ef6164bedaed16011ff4e7a0eff25b7fba9a542
large,obqa,11-5,782,1,$DATA_DIR/P2_E1_DIRECTION_20260913T053456Z/features/large/obqa/00782.npz,ee876096118ae9b9df58729d9732f3a921ba520bdc100268768cb79d38b20a0f,8192,float32,ca2386f24d445258fc1244651ef6164bedaed16011ff4e7a0eff25b7fba9a542
large,obqa,11-500,783,1,$DATA_DIR/P2_E1_DIRECTION_20260913T053456Z/features/large/obqa/00783.npz,44851f34a87a261f14b1756eab6c6c00b6a860114444650550c13e724b5744bb,8192,float32,ca2386f24d445258fc1244651ef6164bedaed16011ff4e7a0eff25b7fba9a542
large,obqa,11-513,789,1,$DATA_DIR/P2_E1_DIRECTION_20260913T053456Z/features/large/obqa/00789.npz,ae68dc6a699279b47a3c4cc640f0c9d98c4561f5d62d5d2c719c92e8ac3552b2,8192,float32,ca2386f24d445258fc1244651ef6164bedaed16011ff4e7a0eff25b7fba9a542
large,obqa,11-52,792,1,$DATA_DIR/P2_E1_DIRECTION_20260913T053456Z/features/large/obqa/00792.npz,ab67e20c5232b720a7abbd14e108a6fa15a5f55c1c63521826dc8ac7ee0659ef,8192,float32,ca2386f24d445258fc1244651ef6164bedaed16011ff4e7a0eff25b7fba9a542
large,obqa,11-530,797,1,$DATA_DIR/P2_E1_DIRECTION_20260913T053456Z/features/large/obqa/00797.npz,1ad893348a1eaeed90d439f199d70b396da1da8436dbc06bd46831a552b974a8,8192,float32,ca2386f24d445258fc1244651ef6164bedaed16011ff4e7a0eff25b7fba9a542
large,obqa,11-534,799,1,$DATA_DIR/P2_E1_DIRECTION_20260913T053456Z/features/large/obqa/00799.npz,d9e8b48e333ac03ac06cb0a2fb4b89fbecb125890d250e6a2359d03c7c668acd,8192,float32,ca2386f24d445258fc1244651ef6164bedaed16011ff4e7a0eff25b7fba9a542
large,obqa,11-538,800,1,$DATA_DIR/P2_E1_DIRECTION_20260913T053456Z/features/large/obqa/00800.npz,218e077475699aede42e50a43edcf755e49bea9d935e317ec55e961c1b820f21,8192,float32,ca2386f24d445258fc1244651ef6164bedaed16011ff4e7a0eff25b7fba9a542
large,obqa,11-554,808,1,$DATA_DIR/P2_E1_DIRECTION_20260913T053456Z/features/large/obqa/00808.npz,d064626ff639233cee3793010719814fc3831c3ac87be2462546849ccb6a3871,8192,float32,ca2386f24d445258fc1244651ef6164bedaed16011ff4e7a0eff25b7fba9a542
large,obqa,11-555,809,1,$DATA_DIR/P2_E1_DIRECTION_20260913T053456Z/features/large/obqa/00809.npz,6d0fae3f18a08b99fef510a7c66ba71faf713fab24a0a3aca7bb5cf02cf61823,8192,float32,ca2386f24d445258fc1244651ef6164bedaed16011ff4e7a0eff25b7fba9a542
large,obqa,11-557,810,1,$DATA_DIR/P2_E1_DIRECTION_20260913T053456Z/features/large/obqa/00810.npz,38061e079708d3ad6624668a7b7ad37720d15562b2d5e7fe6d305d4d3c748840,8192,float32,ca2386f24d445258fc1244651ef6164bedaed16011ff4e7a0eff25b7fba9a542
large,obqa,11-576,817,1,$DATA_DIR/P2_E1_DIRECTION_20260913T053456Z/features/large/obqa/00817.npz,a86394eba1acda9107221f4ec53704d606b334c2beffec933c4685167dffe3b0,8192,float32,ca2386f24d445258fc1244651ef6164bedaed16011ff4e7a0eff25b7fba9a542
large,obqa,11-595,824,1,$DATA_DIR/P2_E1_DIRECTION_20260913T053456Z/features/large/obqa/00824.npz,b417360ec48a944b311e1756e046bc0b8a8681cde1b07ada8d5471c2edf40c2e,8192,float32,ca2386f24d445258fc1244651ef6164bedaed16011ff4e7a0eff25b7fba9a542
large,obqa,11-604,828,1,$DATA_DIR/P2_E1_DIRECTION_20260913T053456Z/features/large/obqa/00828.npz,1844694cdf3c60d48b774174e71da3995957af7555266aff1c76b3e7826fadf2,8192,float32,ca2386f24d445258fc1244651ef6164bedaed16011ff4e7a0eff25b7fba9a542
large,obqa,11-609,830,1,$DATA_DIR/P2_E1_DIRECTION_20260913T053456Z/features/large/obqa/00830.npz,e83e8668fdb0fefc2ba8511a0a87f1cb7e9d1d9b16cda8248886e5c424527d95,8192,float32,ca2386f24d445258fc1244651ef6164bedaed16011ff4e7a0eff25b7fba9a542
large,obqa,11-614,834,1,$DATA_DIR/P2_E1_DIRECTION_20260913T053456Z/features/large/obqa/00834.npz,1be7c27069a16b24a4ee5f9c264ed821e7d9c56e7607df6ac7e7706052e32b2e,8192,float32,ca2386f24d445258fc1244651ef6164bedaed16011ff4e7a0eff25b7fba9a542
large,obqa,11-62,835,1,$DATA_DIR/P2_E1_DIRECTION_20260913T053456Z/features/large/obqa/00835.npz,0418efa963825a0d14eb534155e08fbe2bfab8f8f6a9a13eb813c634b33b8e6e,8192,float32,ca2386f24d445258fc1244651ef6164bedaed16011ff4e7a0eff25b7fba9a542
large,obqa,11-630,843,1,$DATA_DIR/P2_E1_DIRECTION_20260913T053456Z/features/large/obqa/00843.npz,b53e517f8e7ea8bb0ee46ec2d2aaa7abfb95e1d91958e59690e1fdf468550593,8192,float32,ca2386f24d445258fc1244651ef6164bedaed16011ff4e7a0eff25b7fba9a542
large,obqa,11-688,860,1,$DATA_DIR/P2_E1_DIRECTION_20260913T053456Z/features/large/obqa/00860.npz,b553a4d007b0d30e46efcc3d4a2885db87cd729ba90f0c087aa5b00169845ea4,8192,float32,ca2386f24d445258fc1244651ef6164bedaed16011ff4e7a0eff25b7fba9a542
large,obqa,11-689,861,1,$DATA_DIR/P2_E1_DIRECTION_20260913T053456Z/features/large/obqa/00861.npz,d157ce540b64b21f04a38b12d705a5f78b96162945ec24cf6a5570ff3637cac6,8192,float32,ca2386f24d445258fc1244651ef6164bedaed16011ff4e7a0eff25b7fba9a542
large,obqa,11-691,862,1,$DATA_DIR/P2_E1_DIRECTION_20260913T053456Z/features/large/obqa/00862.npz,7cd46676e119efcc4e803541f65e7d0c0a0754dcd682d6bdb2b9130fc59c6c68,8192,float32,ca2386f24d445258fc1244651ef6164bedaed16011ff4e7a0eff25b7fba9a542
large,obqa,11-695,863,1,$DATA_DIR/P2_E1_DIRECTION_20260913T053456Z/features/large/obqa/00863.npz,a94d328e1a706173201c4939ae5567b3856cdb78ca0e43e08d182bafdc441018,8192,float32,ca2386f24d445258fc1244651ef6164bedaed16011ff4e7a0eff25b7fba9a542
large,obqa,11-72,869,1,$DATA_DIR/P2_E1_DIRECTION_20260913T053456Z/features/large/obqa/00869.npz,835d30236b070c3e36120f704e328ae504ec0d8cf61b23841a62bb08b11196ec,8192,float32,ca2386f24d445258fc1244651ef6164bedaed16011ff4e7a0eff25b7fba9a542
large,obqa,11-746,876,1,$DATA_DIR/P2_E1_DIRECTION_20260913T053456Z/features/large/obqa/00876.npz,e1ef1e1b73ff63468e3704e8094cb5819e200dc1264b8ac97246a128183f0909,8192,float32,ca2386f24d445258fc1244651ef6164bedaed16011ff4e7a0eff25b7fba9a542
large,obqa,11-79,882,1,$DATA_DIR/P2_E1_DIRECTION_20260913T053456Z/features/large/obqa/00882.npz,94b45da7295fdf505fd3623457875728cb4dd70dca8208d2367a028cbab8e475,8192,float32,ca2386f24d445258fc1244651ef6164bedaed16011ff4e7a0eff25b7fba9a542
large,obqa,11-8,883,1,$DATA_DIR/P2_E1_DIRECTION_20260913T053456Z/features/large/obqa/00883.npz,4b2c547fd36aac01c2c4f16645099a744ac74e36009811578db27b223cef8620,8192,float32,ca2386f24d445258fc1244651ef6164bedaed16011ff4e7a0eff25b7fba9a542
large,obqa,1111,895,1,$DATA_DIR/P2_E1_DIRECTION_20260913T053456Z/features/large/obqa/00895.npz,18dd60b5d94876eb11f6da0eeeafd149554c7046c28db83723635203a51df134,8192,float32,ca2386f24d445258fc1244651ef6164bedaed16011ff4e7a0eff25b7fba9a542
large,obqa,1167,905,1,$DATA_DIR/P2_E1_DIRECTION_20260913T053456Z/features/large/obqa/00905.npz,1480042eb57b3b78814f20e55a79bb70c3ddeb73ea92f5958345a8ddfa186a22,8192,float32,ca2386f24d445258fc1244651ef6164bedaed16011ff4e7a0eff25b7fba9a542
large,obqa,1176,908,1,$DATA_DIR/P2_E1_DIRECTION_20260913T053456Z/features/large/obqa/00908.npz,646943d6a674a5298ffe26eda96c65b8ed657655edfc537ac1b8e1c96677343f,8192,float32,ca2386f24d445258fc1244651ef6164bedaed16011ff4e7a0eff25b7fba9a542
large,obqa,12,912,1,$DATA_DIR/P2_E1_DIRECTION_20260913T053456Z/features/large/obqa/00912.npz,53db15ebab110b28cb03f49a75497ff9701f8469ee0bb0319e56acdd62290ae7,8192,float32,ca2386f24d445258fc1244651ef6164bedaed16011ff4e7a0eff25b7fba9a542
large,obqa,12-1001,915,1,$DATA_DIR/P2_E1_DIRECTION_20260913T053456Z/features/large/obqa/00915.npz,f1c038cd36a80cbe85be30bfa710289e79efe66a258a11cf5d01d0cbc55772aa,8192,float32,ca2386f24d445258fc1244651ef6164bedaed16011ff4e7a0eff25b7fba9a542
large,obqa,12-1010,921,1,$DATA_DIR/P2_E1_DIRECTION_20260913T053456Z/features/large/obqa/00921.npz,1c0ba22b03a4f9a8d9e4c124f45133d404a2e8a89e4b465232cf10414cfc5cc4,8192,float32,ca2386f24d445258fc1244651ef6164bedaed16011ff4e7a0eff25b7fba9a542
large,obqa,12-1031,929,1,$DATA_DIR/P2_E1_DIRECTION_20260913T053456Z/features/large/obqa/00929.npz,0db97be99ef5333bf2cc41c81d239f041039aa2d97dbf420a1251dc95e1e6e52,8192,float32,ca2386f24d445258fc1244651ef6164bedaed16011ff4e7a0eff25b7fba9a542
large,obqa,12-1035,931,1,$DATA_DIR/P2_E1_DIRECTION_20260913T053456Z/features/large/obqa/00931.npz,70a7250c0c4e0008156d813a680689d98a3cad6e208fc02f67f4d9458497faa5,8192,float32,ca2386f24d445258fc1244651ef6164bedaed16011ff4e7a0eff25b7fba9a542
large,obqa,12-1063,946,1,$DATA_DIR/P2_E1_DIRECTION_20260913T053456Z/features/large/obqa/00946.npz,beec921a64e538353afce62cc8f703f5856af9c45d75dd6604ea183ffcd31066,8192,float32,ca2386f24d445258fc1244651ef6164bedaed16011ff4e7a0eff25b7fba9a542
large,obqa,12-1064,947,1,$DATA_DIR/P2_E1_DIRECTION_20260913T053456Z/features/large/obqa/00947.npz,6837c831adfa31912ec43e5b39c7c309d9d816a4744909f67b7471df1d53c814,8192,float32,ca2386f24d445258fc1244651ef6164bedaed16011ff4e7a0eff25b7fba9a542
large,obqa,12-1072,951,1,$DATA_DIR/P2_E1_DIRECTION_20260913T053456Z/features/large/obqa/00951.npz,891fc2ca05b193a77ac83930d9931c74520b87e6408798f0d9acd6d373b82308,8192,float32,ca2386f24d445258fc1244651ef6164bedaed16011ff4e7a0eff25b7fba9a542
large,obqa,12-1076,954,1,$DATA_DIR/P2_E1_DIRECTION_20260913T053456Z/features/large/obqa/00954.npz,f20ce445259195890b8aeda0407d8575fdb4de60a9b5fd29ed35cc678a0165ee,8192,float32,ca2386f24d445258fc1244651ef6164bedaed16011ff4e7a0eff25b7fba9a542
large,obqa,12-1084,959,1,$DATA_DIR/P2_E1_DIRECTION_20260913T053456Z/features/large/obqa/00959.npz,8fdbd09c1fc6902813813361d8d9115b8f53893daa3a3ecdf5a22a3777144b47,8192,float32,ca2386f24d445258fc1244651ef6164bedaed16011ff4e7a0eff25b7fba9a542
large,obqa,12-1093,965,1,$DATA_DIR/P2_E1_DIRECTION_20260913T053456Z/features/large/obqa/00965.npz,490dbc613212cfd7e18ad8a43940efc760472ccb0ce131c5256371a1a0b08227,8192,float32,ca2386f24d445258fc1244651ef6164bedaed16011ff4e7a0eff25b7fba9a542
large,obqa,12-1095,966,1,$DATA_DIR/P2_E1_DIRECTION_20260913T053456Z/features/large/obqa/00966.npz,d1b9a2765d4230ded6db0d353d2d448eac96883b616f64fc1264cb1c9afe1341,8192,float32,ca2386f24d445258fc1244651ef6164bedaed16011ff4e7a0eff25b7fba9a542
large,obqa,12-110,969,1,$DATA_DIR/P2_E1_DIRECTION_20260913T053456Z/features/large/obqa/00969.npz,5a5b3e4c3096ec08293605ae8912fd89ecee53a625b8fb86bf57ca5cfda21e39,8192,float32,ca2386f24d445258fc1244651ef6164bedaed16011ff4e7a0eff25b7fba9a542
large,obqa,12-1102,971,1,$DATA_DIR/P2_E1_DIRECTION_20260913T053456Z/features/large/obqa/00971.npz,10f391c87d2871982a112b6a84c92174158aabf9ee8ef6a992fd15f069c91e40,8192,float32,ca2386f24d445258fc1244651ef6164bedaed16011ff4e7a0eff25b7fba9a542
large,obqa,12-1105,974,1,$DATA_DIR/P2_E1_DIRECTION_20260913T053456Z/features/large/obqa/00974.npz,b2f08546a642996bf4a33c8daab953084d71f09362e7fa8ae6b4d1bfd49c3cb2,8192,float32,ca2386f24d445258fc1244651ef6164bedaed16011ff4e7a0eff25b7fba9a542
large,obqa,12-1111,977,1,$DATA_DIR/P2_E1_DIRECTION_20260913T053456Z/features/large/obqa/00977.npz,5d88d9f24acfc176f3f94ba7d7b76f259180cd559ce90fa607ccbf488489e67b,8192,float32,ca2386f24d445258fc1244651ef6164bedaed16011ff4e7a0eff25b7fba9a542
large,obqa,12-1126,987,1,$DATA_DIR/P2_E1_DIRECTION_20260913T053456Z/features/large/obqa/00987.npz,7d4f63a2a81fdde36dc07c8ce078d2411bef72b0d5466cb3381946b9b2d7b01f,8192,float32,ca2386f24d445258fc1244651ef6164bedaed16011ff4e7a0eff25b7fba9a542
large,obqa,12-1138,995,1,$DATA_DIR/P2_E1_DIRECTION_20260913T053456Z/features/large/obqa/00995.npz,c47e9be5b7d44cd90381f9c9a6c76a19919c1b76b036d598486f529f46c28122,8192,float32,ca2386f24d445258fc1244651ef6164bedaed16011ff4e7a0eff25b7fba9a542
large,obqa,12-1144,1001,1,$DATA_DIR/P2_E1_DIRECTION_20260913T053456Z/features/large/obqa/01001.npz,6587087887689b46b5d5165bede350b8836e95266fc54e04d4f70b986dd1a0cf,8192,float32,ca2386f24d445258fc1244651ef6164bedaed16011ff4e7a0eff25b7fba9a542
large,obqa,12-1158,1007,1,$DATA_DIR/P2_E1_DIRECTION_20260913T053456Z/features/large/obqa/01007.npz,cf757cdb195e8bb7e337b17e65fd8baab3cf6f81cb9f7fe4dcfd562c4f79096c,8192,float32,ca2386f24d445258fc1244651ef6164bedaed16011ff4e7a0eff25b7fba9a542
large,obqa,12-1161,1009,1,$DATA_DIR/P2_E1_DIRECTION_20260913T053456Z/features/large/obqa/01009.npz,336a5b2c96a0048aee29e9ab83943a1f3c737b382d726dd1ae55e7caa2e92052,8192,float32,ca2386f24d445258fc1244651ef6164bedaed16011ff4e7a0eff25b7fba9a542
large,obqa,12-1164,1011,1,$DATA_DIR/P2_E1_DIRECTION_20260913T053456Z/features/large/obqa/01011.npz,f64c8df62117aed426a74dfdb3450462b3126db58a43f6890fdf83db332c56e9,8192,float32,ca2386f24d445258fc1244651ef6164bedaed16011ff4e7a0eff25b7fba9a542
large,obqa,12-117,1015,1,$DATA_DIR/P2_E1_DIRECTION_20260913T053456Z/features/large/obqa/01015.npz,c198339f25c55a565bad7ceadd7e799c6cb00685adc5f89579abd37339f2bb2b,8192,float32,ca2386f24d445258fc1244651ef6164bedaed16011ff4e7a0eff25b7fba9a542
large,obqa,12-1176,1018,1,$DATA_DIR/P2_E1_DIRECTION_20260913T053456Z/features/large/obqa/01018.npz,9513db660e7f1120139fa030e083118363e0775314a033f04eaabb99b8cb4ebc,8192,float32,ca2386f24d445258fc1244651ef6164bedaed16011ff4e7a0eff25b7fba9a542
large,obqa,12-1190,1024,1,$DATA_DIR/P2_E1_DIRECTION_20260913T053456Z/features/large/obqa/01024.npz,6293b5ee2925491162a23a4b989b57742490cc1f7cf8e5e4c2866ea3645b94fb,8192,float32,ca2386f24d445258fc1244651ef6164bedaed16011ff4e7a0eff25b7fba9a542
large,obqa,12-1191,1025,1,$DATA_DIR/P2_E1_DIRECTION_20260913T053456Z/features/large/obqa/01025.npz,bf0500bad9e03a82bea3f7682c677cd904ee8a68f1a1a4e58bf88da76f81cceb,8192,float32,ca2386f24d445258fc1244651ef6164bedaed16011ff4e7a0eff25b7fba9a542
large,obqa,12-15,1046,1,$DATA_DIR/P2_E1_DIRECTION_20260913T053456Z/features/large/obqa/01046.npz,141ec15e02741bfaad306109214a3c61ccc2b04837d45cfe0969f089d2f8a51d,8192,float32,ca2386f24d445258fc1244651ef6164bedaed16011ff4e7a0eff25b7fba9a542
large,obqa,12-171,1056,1,$DATA_DIR/P2_E1_DIRECTION_20260913T053456Z/features/large/obqa/01056.npz,32fdce29accf361e1e9e8d7906d00521cedd2dd7e34d268f402cbb001e7d4eb5,8192,float32,ca2386f24d445258fc1244651ef6164bedaed16011ff4e7a0eff25b7fba9a542
large,obqa,12-180,1063,1,$DATA_DIR/P2_E1_DIRECTION_20260913T053456Z/features/large/obqa/01063.npz,e1fb4c8ff0577d24d0cbcaf97ae7efb0719513a73afaea8610d8ebed246374c4,8192,float32,ca2386f24d445258fc1244651ef6164bedaed16011ff4e7a0eff25b7fba9a542
large,obqa,12-183,1065,1,$DATA_DIR/P2_E1_DIRECTION_20260913T053456Z/features/large/obqa/01065.npz,080ef497c216eb94f144123ef26184980e230c037d8d202bfeee2fd6877dd48e,8192,float32,ca2386f24d445258fc1244651ef6164bedaed16011ff4e7a0eff25b7fba9a542
large,obqa,12-188,1068,1,$DATA_DIR/P2_E1_DIRECTION_20260913T053456Z/features/large/obqa/01068.npz,f1d2519d9c1bd8c6265b947e33c5b6a1b660e17937851f7b05fe4c3d7bef7798,8192,float32,ca2386f24d445258fc1244651ef6164bedaed16011ff4e7a0eff25b7fba9a542
large,obqa,12-197,1074,1,$DATA_DIR/P2_E1_DIRECTION_20260913T053456Z/features/large/obqa/01074.npz,518be8b5b116ef4ff074210e6f030a1da7241b40ff3bb4403c56e3129105263d,8192,float32,ca2386f24d445258fc1244651ef6164bedaed16011ff4e7a0eff25b7fba9a542
large,obqa,12-198,1075,1,$DATA_DIR/P2_E1_DIRECTION_20260913T053456Z/features/large/obqa/01075.npz,90bd39511968d95bb52fd206ed025c4af0a0e80b192119286ba46d99a3aa34fc,8192,float32,ca2386f24d445258fc1244651ef6164bedaed16011ff4e7a0eff25b7fba9a542
large,obqa,12-227,1088,1,$DATA_DIR/P2_E1_DIRECTION_20260913T053456Z/features/large/obqa/01088.npz,74b58f7e7a344a8779b67dd2a38c11c303c0fec6fd791c5e2cefc9285654b5a7,8192,float32,ca2386f24d445258fc1244651ef6164bedaed16011ff4e7a0eff25b7fba9a542
large,obqa,12-228,1089,1,$DATA_DIR/P2_E1_DIRECTION_20260913T053456Z/features/large/obqa/01089.npz,799922d58c9243a8438650222b079339ac847bfa7d7c35ea1428f42982a3798a,8192,float32,ca2386f24d445258fc1244651ef6164bedaed16011ff4e7a0eff25b7fba9a542
large,obqa,12-23,1090,1,$DATA_DIR/P2_E1_DIRECTION_20260913T053456Z/features/large/obqa/01090.npz,e17c5086ea3fe46d478d58db1fc18d70042936a8fa8d0d10fe39ccb894488455,8192,float32,ca2386f24d445258fc1244651ef6164bedaed16011ff4e7a0eff25b7fba9a542
large,obqa,12-259,1107,1,$DATA_DIR/P2_E1_DIRECTION_20260913T053456Z/features/large/obqa/01107.npz,584ffb5df6f21c8b348b5081baf6a69ce693ffe316cb74a7b70a70d0c988d199,8192,float32,ca2386f24d445258fc1244651ef6164bedaed16011ff4e7a0eff25b7fba9a542
large,obqa,12-261,1109,1,$DATA_DIR/P2_E1_DIRECTION_20260913T053456Z/features/large/obqa/01109.npz,0ea85677bcace12d79746b1bdbdcf225dded0ef46e1a71b5da8f3f100aa2cda8,8192,float32,ca2386f24d445258fc1244651ef6164bedaed16011ff4e7a0eff25b7fba9a542
large,obqa,12-289,1121,1,$DATA_DIR/P2_E1_DIRECTION_20260913T053456Z/features/large/obqa/01121.npz,bfebcabf1bcc79c0eb27210303a7ad3f7af00269bfb61ba64a5e957b30574aeb,8192,float32,ca2386f24d445258fc1244651ef6164bedaed16011ff4e7a0eff25b7fba9a542
large,obqa,12-29,1122,1,$DATA_DIR/P2_E1_DIRECTION_20260913T053456Z/features/large/obqa/01122.npz,a848d4b266c2a52aae1ae5e377f738f7fd4f6ef63840143652a973b9af49d638,8192,float32,ca2386f24d445258fc1244651ef6164bedaed16011ff4e7a0eff25b7fba9a542
large,obqa,12-292,1124,1,$DATA_DIR/P2_E1_DIRECTION_20260913T053456Z/features/large/obqa/01124.npz,d8f0a526fbbb387086cbee8f2f2892304a22d1665ee3b617c2c470a199c832cb,8192,float32,ca2386f24d445258fc1244651ef6164bedaed16011ff4e7a0eff25b7fba9a542
large,obqa,12-311,1136,1,$DATA_DIR/P2_E1_DIRECTION_20260913T053456Z/features/large/obqa/01136.npz,af2df8059904bfa378f43630da6653ddfe7cbd6b7ae17b787fd791fe475bad22,8192,float32,ca2386f24d445258fc1244651ef6164bedaed16011ff4e7a0eff25b7fba9a542
large,obqa,12-313,1138,1,$DATA_DIR/P2_E1_DIRECTION_20260913T053456Z/features/large/obqa/01138.npz,7d90dcb8cb30e154c7022a5cc9577b6ec9bb8f532c4151e343145b838c9347fc,8192,float32,ca2386f24d445258fc1244651ef6164bedaed16011ff4e7a0eff25b7fba9a542
large,obqa,12-319,1141,1,$DATA_DIR/P2_E1_DIRECTION_20260913T053456Z/features/large/obqa/01141.npz,a3f75db0a5a7c7d250cbd7e83762d88d621ea079912544a2b2c290fa7dbe0282,8192,float32,ca2386f24d445258fc1244651ef6164bedaed16011ff4e7a0eff25b7fba9a542
large,obqa,12-323,1143,1,$DATA_DIR/P2_E1_DIRECTION_20260913T053456Z/features/large/obqa/01143.npz,98be461b210f04dacfcc993e9ce8655286182b4b039cf8e07ac0e8594c580cb9,8192,float32,ca2386f24d445258fc1244651ef6164bedaed16011ff4e7a0eff25b7fba9a542
large,obqa,12-325,1144,1,$DATA_DIR/P2_E1_DIRECTION_20260913T053456Z/features/large/obqa/01144.npz,758b391a7329401adc12e99f142866cb3395146dcc1f7e61ffe8ac8bb092ef6c,8192,float32,ca2386f24d445258fc1244651ef6164bedaed16011ff4e7a0eff25b7fba9a542
large,obqa,12-328,1145,1,$DATA_DIR/P2_E1_DIRECTION_20260913T053456Z/features/large/obqa/01145.npz,cf33b7e228b0ccff7c793fafd06f6630eb6a41be1b519e6c0a91b2f5c000616f,8192,float32,ca2386f24d445258fc1244651ef6164bedaed16011ff4e7a0eff25b7fba9a542
large,obqa,12-33,1147,1,$DATA_DIR/P2_E1_DIRECTION_20260913T053456Z/features/large/obqa/01147.npz,8eca30f4afbdb216c77f542247431fbc26e5e16338964a393928055dd1f5be13,8192,float32,ca2386f24d445258fc1244651ef6164bedaed16011ff4e7a0eff25b7fba9a542
large,obqa,12-337,1154,1,$DATA_DIR/P2_E1_DIRECTION_20260913T053456Z/features/large/obqa/01154.npz,c0ceee344f7f307c25cbbfb137e22a35cc37d8e1d2fffb982b44ea95e2455227,8192,float32,ca2386f24d445258fc1244651ef6164bedaed16011ff4e7a0eff25b7fba9a542
large,obqa,12-36,1170,1,$DATA_DIR/P2_E1_DIRECTION_20260913T053456Z/features/large/obqa/01170.npz,45c6a06b878eb543b149580866cf426e7fcb0a6256588e246132b6538f5cd65b,8192,float32,ca2386f24d445258fc1244651ef6164bedaed16011ff4e7a0eff25b7fba9a542
large,obqa,12-365,1174,1,$DATA_DIR/P2_E1_DIRECTION_20260913T053456Z/features/large/obqa/01174.npz,e67f3043c5d5a4949c128e30143cb450c962cdc30a84da8dc43eed200b6e964b,8192,float32,ca2386f24d445258fc1244651ef6164bedaed16011ff4e7a0eff25b7fba9a542
large,obqa,12-371,1176,1,$DATA_DIR/P2_E1_DIRECTION_20260913T053456Z/features/large/obqa/01176.npz,bc9164285720ceb2ee5eec346e3e1c3277c72283bff7bc16ed05ac261ad3beec,8192,float32,ca2386f24d445258fc1244651ef6164bedaed16011ff4e7a0eff25b7fba9a542
large,obqa,12-375,1178,1,$DATA_DIR/P2_E1_DIRECTION_20260913T053456Z/features/large/obqa/01178.npz,394278a18be4d0c3213203dfa21be840a8697b3cf43aaeacdf97f2db9f16c9c5,8192,float32,ca2386f24d445258fc1244651ef6164bedaed16011ff4e7a0eff25b7fba9a542
large,obqa,12-379,1180,1,$DATA_DIR/P2_E1_DIRECTION_20260913T053456Z/features/large/obqa/01180.npz,14e566316e4612dfa2058959339eb356ba7a91257034b0a9325752c37490d06b,8192,float32,ca2386f24d445258fc1244651ef6164bedaed16011ff4e7a0eff25b7fba9a542
large,obqa,12-389,1188,1,$DATA_DIR/P2_E1_DIRECTION_20260913T053456Z/features/large/obqa/01188.npz,44a742aea456decbe0c8ac5fa06f33dfb9a3b3e138f1d489da90525a6aeff4c3,8192,float32,ca2386f24d445258fc1244651ef6164bedaed16011ff4e7a0eff25b7fba9a542
large,obqa,12-405,1198,1,$DATA_DIR/P2_E1_DIRECTION_20260913T053456Z/features/large/obqa/01198.npz,80048585c96cb844748e4f111074b4929b9b6b92d99b44b84fbf74ab32589ab9,8192,float32,ca2386f24d445258fc1244651ef6164bedaed16011ff4e7a0eff25b7fba9a542
large,obqa,12-406,1199,1,$DATA_DIR/P2_E1_DIRECTION_20260913T053456Z/features/large/obqa/01199.npz,1bde7c092adb0aedc8a73df3f8dd93ec0af215e78eded2907a144cc9050a31fd,8192,float32,ca2386f24d445258fc1244651ef6164bedaed16011ff4e7a0eff25b7fba9a542
large,obqa,12-415,1203,1,$DATA_DIR/P2_E1_DIRECTION_20260913T053456Z/features/large/obqa/01203.npz,5f8ef0660e414d85529db16e081689ab4b8c0474a5512ec407d6e3548ac2f070,8192,float32,ca2386f24d445258fc1244651ef6164bedaed16011ff4e7a0eff25b7fba9a542
large,obqa,12-433,1207,1,$DATA_DIR/P2_E1_DIRECTION_20260913T053456Z/features/large/obqa/01207.npz,7e07f41b691da19de7ed9e9b72913023d86dc696b40b5eb1ca271f5030f4f685,8192,float32,ca2386f24d445258fc1244651ef6164bedaed16011ff4e7a0eff25b7fba9a542
large,obqa,12-451,1217,1,$DATA_DIR/P2_E1_DIRECTION_20260913T053456Z/features/large/obqa/01217.npz,87cd5b843d4dce8ab9ed683404620c9197ace6fea2acc0586afd49034dbf7224,8192,float32,ca2386f24d445258fc1244651ef6164bedaed16011ff4e7a0eff25b7fba9a542
large,obqa,12-463,1226,1,$DATA_DIR/P2_E1_DIRECTION_20260913T053456Z/features/large/obqa/01226.npz,7a40fbec25eac651a8c5654b1ac913d5f1c1fa270520d289922f8fcfde614eb1,8192,float32,ca2386f24d445258fc1244651ef6164bedaed16011ff4e7a0eff25b7fba9a542
large,obqa,12-47,1231,1,$DATA_DIR/P2_E1_DIRECTION_20260913T053456Z/features/large/obqa/01231.npz,037f6b23d39f6530faac031c22c165ede350cadb84a3a580bc8fce3af4e9a52d,8192,float32,ca2386f24d445258fc1244651ef6164bedaed16011ff4e7a0eff25b7fba9a542
large,obqa,12-479,1235,1,$DATA_DIR/P2_E1_DIRECTION_20260913T053456Z/features/large/obqa/01235.npz,b421c3756168c0f541c13dc921650528a4d9bba49ea65485ce2cb735b0cf2443,8192,float32,ca2386f24d445258fc1244651ef6164bedaed16011ff4e7a0eff25b7fba9a542
large,obqa,12-483,1237,1,$DATA_DIR/P2_E1_DIRECTION_20260913T053456Z/features/large/obqa/01237.npz,9d1d109b6767125432ad45ed7e08541bbe8f1920e058b0b1f9bacf8e6e19b32b,8192,float32,ca2386f24d445258fc1244651ef6164bedaed16011ff4e7a0eff25b7fba9a542
large,obqa,12-495,1244,1,$DATA_DIR/P2_E1_DIRECTION_20260913T053456Z/features/large/obqa/01244.npz,132a8773cd7bd6c6233c0e56f56ff96e59f74d1a1e7a4d3e9051a70701ae9289,8192,float32,ca2386f24d445258fc1244651ef6164bedaed16011ff4e7a0eff25b7fba9a542
large,obqa,12-51,1251,1,$DATA_DIR/P2_E1_DIRECTION_20260913T053456Z/features/large/obqa/01251.npz,fc16f2e68929f527c2098142bf51bc6f50fa659f8765339f3d0100f9ab83d486,8192,float32,ca2386f24d445258fc1244651ef6164bedaed16011ff4e7a0eff25b7fba9a542
large,obqa,12-517,1255,1,$DATA_DIR/P2_E1_DIRECTION_20260913T053456Z/features/large/obqa/01255.npz,3ca8a378d01a7149be7399cce0e43846131d258aedaa7623f83f67c41365c52d,8192,float32,ca2386f24d445258fc1244651ef6164bedaed16011ff4e7a0eff25b7fba9a542
large,obqa,12-524,1258,1,$DATA_DIR/P2_E1_DIRECTION_20260913T053456Z/features/large/obqa/01258.npz,9571ab7dc38489a403d972d4b0c15a0d3c7f65506518335c6708c1159dd6bcab,8192,float32,ca2386f24d445258fc1244651ef6164bedaed16011ff4e7a0eff25b7fba9a542
large,obqa,12-532,1262,1,$DATA_DIR/P2_E1_DIRECTION_20260913T053456Z/features/large/obqa/01262.npz,50f2f2c187271b8e0f57b45a0228dbd2b57edfe998543cf49a8043a754ee871b,8192,float32,ca2386f24d445258fc1244651ef6164bedaed16011ff4e7a0eff25b7fba9a542
large,obqa,12-535,1264,1,$DATA_DIR/P2_E1_DIRECTION_20260913T053456Z/features/large/obqa/01264.npz,49fb786826dca7542f2125ae0189ed1e083a4ed0d9e6f5772c55e658ca66c979,8192,float32,ca2386f24d445258fc1244651ef6164bedaed16011ff4e7a0eff25b7fba9a542
large,obqa,12-548,1270,1,$DATA_DIR/P2_E1_DIRECTION_20260913T053456Z/features/large/obqa/01270.npz,9dfad4cb541eddf74714c3dcd0c5fa16826b02feb6136c26d43c6f7ad128b66e,8192,float32,ca2386f24d445258fc1244651ef6164bedaed16011ff4e7a0eff25b7fba9a542
large,obqa,12-554,1272,1,$DATA_DIR/P2_E1_DIRECTION_20260913T053456Z/features/large/obqa/01272.npz,e72e10f31b413fff0a7196f0d30182a85793000ba659f391da56802dfb00b268,8192,float32,ca2386f24d445258fc1244651ef6164bedaed16011ff4e7a0eff25b7fba9a542
large,obqa,12-568,1278,1,$DATA_DIR/P2_E1_DIRECTION_20260913T053456Z/features/large/obqa/01278.npz,a7c661ac88bd62d66e8621bf25344d6423ada6329fc744a4de05e9f6025b95d9,8192,float32,ca2386f24d445258fc1244651ef6164bedaed16011ff4e7a0eff25b7fba9a542
large,obqa,12-578,1281,1,$DATA_DIR/P2_E1_DIRECTION_20260913T053456Z/features/large/obqa/01281.npz,004f143ab052077a1361bb58ab1962860012b10845752a3658fb0c17dcead169,8192,float32,ca2386f24d445258fc1244651ef6164bedaed16011ff4e7a0eff25b7fba9a542
large,obqa,12-58,1282,1,$DATA_DIR/P2_E1_DIRECTION_20260913T053456Z/features/large/obqa/01282.npz,891a588f64ea7900e44e52bd0c6e7475d2066d2da743f028c37d66b0c97b9c4b,8192,float32,ca2386f24d445258fc1244651ef6164bedaed16011ff4e7a0eff25b7fba9a542
large,obqa,12-582,1283,1,$DATA_DIR/P2_E1_DIRECTION_20260913T053456Z/features/large/obqa/01283.npz,2bef79bc3d05ba81002dcad1ce33a1e5ad7ab3b7190689ddf1e2cffa28fb6004,8192,float32,ca2386f24d445258fc1244651ef6164bedaed16011ff4e7a0eff25b7fba9a542
large,obqa,12-594,1290,1,$DATA_DIR/P2_E1_DIRECTION_20260913T053456Z/features/large/obqa/01290.npz,b68f6b0face80133d561051f493acf74461906ba2544f5f067b0d410fd0c5e80,8192,float32,ca2386f24d445258fc1244651ef6164bedaed16011ff4e7a0eff25b7fba9a542
large,obqa,12-6,1295,1,$DATA_DIR/P2_E1_DIRECTION_20260913T053456Z/features/large/obqa/01295.npz,fe824c952665aa4b6bf0e10822b098a6836eaacf6f4f5647a9cad81222a4d444,8192,float32,ca2386f24d445258fc1244651ef6164bedaed16011ff4e7a0eff25b7fba9a542
large,obqa,12-600,1296,1,$DATA_DIR/P2_E1_DIRECTION_20260913T053456Z/features/large/obqa/01296.npz,a1436d76c5774335a577d10aa6acf8b437051c821ea952f51764ed612f6d4ad5,8192,float32,ca2386f24d445258fc1244651ef6164bedaed16011ff4e7a0eff25b7fba9a542
large,obqa,12-603,1298,1,$DATA_DIR/P2_E1_DIRECTION_20260913T053456Z/features/large/obqa/01298.npz,b8d0e18b6046540c92df177634b72789cce0fd8c769d389938b776577551738b,8192,float32,ca2386f24d445258fc1244651ef6164bedaed16011ff4e7a0eff25b7fba9a542
large,obqa,12-608,1299,1,$DATA_DIR/P2_E1_DIRECTION_20260913T053456Z/features/large/obqa/01299.npz,ada7209aa4d234489e28767e57e7ea4952e8bff9935c61751bd0bfffca8b0276,8192,float32,ca2386f24d445258fc1244651ef6164bedaed16011ff4e7a0eff25b7fba9a542
large,obqa,12-611,1300,1,$DATA_DIR/P2_E1_DIRECTION_20260913T053456Z/features/large/obqa/01300.npz,9f52a8a6805cc4c24d9b37f3f199262414e82bc4bb80ce591a0964fef1d65573,8192,float32,ca2386f24d445258fc1244651ef6164bedaed16011ff4e7a0eff25b7fba9a542
large,obqa,12-624,1308,1,$DATA_DIR/P2_E1_DIRECTION_20260913T053456Z/features/large/obqa/01308.npz,23aaaf8424d45bec701f0f73e50de765a430548bff525edd769bcc18ee3d1e5b,8192,float32,ca2386f24d445258fc1244651ef6164bedaed16011ff4e7a0eff25b7fba9a542
large,obqa,12-625,1309,1,$DATA_DIR/P2_E1_DIRECTION_20260913T053456Z/features/large/obqa/01309.npz,19f8c8097797096908e2ca5a21ad59e2f3713081a503307dade2f4a98bc057a7,8192,float32,ca2386f24d445258fc1244651ef6164bedaed16011ff4e7a0eff25b7fba9a542
large,obqa,12-629,1311,1,$DATA_DIR/P2_E1_DIRECTION_20260913T053456Z/features/large/obqa/01311.npz,07968d1fea08c544587993412eb17a446d275b0f661693532b122e49b4a17da2,8192,float32,ca2386f24d445258fc1244651ef6164bedaed16011ff4e7a0eff25b7fba9a542
large,obqa,12-632,1313,1,$DATA_DIR/P2_E1_DIRECTION_20260913T053456Z/features/large/obqa/01313.npz,db9c22d50131b9aff59a24930a5cdc6ee9c5610525ca74bb42dd70a0041251ec,8192,float32,ca2386f24d445258fc1244651ef6164bedaed16011ff4e7a0eff25b7fba9a542
large,obqa,12-635,1315,1,$DATA_DIR/P2_E1_DIRECTION_20260913T053456Z/features/large/obqa/01315.npz,3bda2f753d70992de30a9277eebb01346904832a78e36aca6ccd187338da4bdc,8192,float32,ca2386f24d445258fc1244651ef6164bedaed16011ff4e7a0eff25b7fba9a542
large,obqa,12-636,1316,1,$DATA_DIR/P2_E1_DIRECTION_20260913T053456Z/features/large/obqa/01316.npz,d48d962b47736108245089c2d930ec0d33261771b98b9c065f4058b9f5733847,8192,float32,ca2386f24d445258fc1244651ef6164bedaed16011ff4e7a0eff25b7fba9a542
large,obqa,12-639,1319,1,$DATA_DIR/P2_E1_DIRECTION_20260913T053456Z/features/large/obqa/01319.npz,81c0955f12c371e0c5528d7cbb4f96dd76c271ec5b525510c99b294c7f9fbc25,8192,float32,ca2386f24d445258fc1244651ef6164bedaed16011ff4e7a0eff25b7fba9a542
large,obqa,12-640,1321,1,$DATA_DIR/P2_E1_DIRECTION_20260913T053456Z/features/large/obqa/01321.npz,a79051e82975fc0a634214bf0888a1e5b7931b78f316c1c908ca787fc0736aa1,8192,float32,ca2386f24d445258fc1244651ef6164bedaed16011ff4e7a0eff25b7fba9a542
large,obqa,12-671,1346,1,$DATA_DIR/P2_E1_DIRECTION_20260913T053456Z/features/large/obqa/01346.npz,f9ec9bfc1f8fae2a132e6732730c59d5c8ab82d90a3b4bd735117c13a2102711,8192,float32,ca2386f24d445258fc1244651ef6164bedaed16011ff4e7a0eff25b7fba9a542
large,obqa,12-684,1354,1,$DATA_DIR/P2_E1_DIRECTION_20260913T053456Z/features/large/obqa/01354.npz,b42859d01883e3e7b6ea0b3d6f0d7568252632ea0203c2d3307c4d1492da8f5f,8192,float32,ca2386f24d445258fc1244651ef6164bedaed16011ff4e7a0eff25b7fba9a542
large,obqa,12-688,1357,1,$DATA_DIR/P2_E1_DIRECTION_20260913T053456Z/features/large/obqa/01357.npz,4fca43b8ae21f5b803ca06efcde7b39fdba96a7b66b2c480b9473cfcd4e9d7c7,8192,float32,ca2386f24d445258fc1244651ef6164bedaed16011ff4e7a0eff25b7fba9a542
large,obqa,12-697,1362,1,$DATA_DIR/P2_E1_DIRECTION_20260913T053456Z/features/large/obqa/01362.npz,a8bb023a220e7c3c5b3ea72c11ba1430441e786e331b7640ac2480ff9fce7d89,8192,float32,ca2386f24d445258fc1244651ef6164bedaed16011ff4e7a0eff25b7fba9a542
large,obqa,12-712,1370,1,$DATA_DIR/P2_E1_DIRECTION_20260913T053456Z/features/large/obqa/01370.npz,7278b0a3f5bd67748af0c9f0b148a997a28099c263ec1d49902f3698736de010,8192,float32,ca2386f24d445258fc1244651ef6164bedaed16011ff4e7a0eff25b7fba9a542
large,obqa,12-724,1374,1,$DATA_DIR/P2_E1_DIRECTION_20260913T053456Z/features/large/obqa/01374.npz,28f722a92e728e6b0bfdd1bc4a2f771ca5b5c89de5b2520c657f853e1e058529,8192,float32,ca2386f24d445258fc1244651ef6164bedaed16011ff4e7a0eff25b7fba9a542
large,obqa,12-741,1382,1,$DATA_DIR/P2_E1_DIRECTION_20260913T053456Z/features/large/obqa/01382.npz,f66de138d65d922b76c318e8d26ea2955a2fb1bc51182f3afd43e9b3be3682f0,8192,float32,ca2386f24d445258fc1244651ef6164bedaed16011ff4e7a0eff25b7fba9a542
large,obqa,12-756,1392,1,$DATA_DIR/P2_E1_DIRECTION_20260913T053456Z/features/large/obqa/01392.npz,38545bf2fa15e2ecfc7bd30e45f709413a61f63b8c23b270a192ba78d2772b8a,8192,float32,ca2386f24d445258fc1244651ef6164bedaed16011ff4e7a0eff25b7fba9a542
large,obqa,12-795,1407,1,$DATA_DIR/P2_E1_DIRECTION_20260913T053456Z/features/large/obqa/01407.npz,a4d702a681668acd3454c38d7039fb433e765cac379d538981faccceb7c542c6,8192,float32,ca2386f24d445258fc1244651ef6164bedaed16011ff4e7a0eff25b7fba9a542
large,obqa,12-796,1408,1,$DATA_DIR/P2_E1_DIRECTION_20260913T053456Z/features/large/obqa/01408.npz,13286d8f3d01aca2223c8e8c902e25c13232588c16544779a2cd7d0476f0991a,8192,float32,ca2386f24d445258fc1244651ef6164bedaed16011ff4e7a0eff25b7fba9a542
large,obqa,12-799,1411,1,$DATA_DIR/P2_E1_DIRECTION_20260913T053456Z/features/large/obqa/01411.npz,fea54884ff50ffd108d9de1a4b2dc1b6ff8b6c4d427575281946f0a26ec97dd7,8192,float32,ca2386f24d445258fc1244651ef6164bedaed16011ff4e7a0eff25b7fba9a542
large,obqa,12-800,1414,1,$DATA_DIR/P2_E1_DIRECTION_20260913T053456Z/features/large/obqa/01414.npz,cc82a1f5171f0bb361470e2eca0570630214ff1699a67de2559050a2deef1242,8192,float32,ca2386f24d445258fc1244651ef6164bedaed16011ff4e7a0eff25b7fba9a542
large,obqa,12-812,1419,1,$DATA_DIR/P2_E1_DIRECTION_20260913T053456Z/features/large/obqa/01419.npz,2ac53512c40b8327fdca0ac1f17a3e4cb6d1e87d2d6e398c102511ba9cb3e650,8192,float32,ca2386f24d445258fc1244651ef6164bedaed16011ff4e7a0eff25b7fba9a542
large,obqa,12-842,1433,1,$DATA_DIR/P2_E1_DIRECTION_20260913T053456Z/features/large/obqa/01433.npz,95b1344ce87ab04f321f583302b717f78ad6b669effebb07dc8f9990e2689c10,8192,float32,ca2386f24d445258fc1244651ef6164bedaed16011ff4e7a0eff25b7fba9a542
large,obqa,12-865,1440,1,$DATA_DIR/P2_E1_DIRECTION_20260913T053456Z/features/large/obqa/01440.npz,8b73c7429c5531378f0e252168abffd24fe39e82cbaddfa339b45d8a897d99c5,8192,float32,ca2386f24d445258fc1244651ef6164bedaed16011ff4e7a0eff25b7fba9a542
large,obqa,12-876,1449,1,$DATA_DIR/P2_E1_DIRECTION_20260913T053456Z/features/large/obqa/01449.npz,2a48df23eedc27fae08042f709bcf0499db59da5ea93bef3c65d472211fd5322,8192,float32,ca2386f24d445258fc1244651ef6164bedaed16011ff4e7a0eff25b7fba9a542
large,obqa,12-886,1454,1,$DATA_DIR/P2_E1_DIRECTION_20260913T053456Z/features/large/obqa/01454.npz,765b7d2100233eb3b348112054615d27d1e34ac2d0b710391812cd51b3ac50dd,8192,float32,ca2386f24d445258fc1244651ef6164bedaed16011ff4e7a0eff25b7fba9a542
large,obqa,12-891,1460,1,$DATA_DIR/P2_E1_DIRECTION_20260913T053456Z/features/large/obqa/01460.npz,cb52a9ba1734fd851f8a5d76108d5fa81a65f1c70a21993e258efe86be3bde0a,8192,float32,ca2386f24d445258fc1244651ef6164bedaed16011ff4e7a0eff25b7fba9a542
large,obqa,12-893,1462,1,$DATA_DIR/P2_E1_DIRECTION_20260913T053456Z/features/large/obqa/01462.npz,5bc181eaef8dc62638c93c89321bb811eb9d2a1252b57028df7e8b5ba27f7eae,8192,float32,ca2386f24d445258fc1244651ef6164bedaed16011ff4e7a0eff25b7fba9a542
large,obqa,12-899,1466,1,$DATA_DIR/P2_E1_DIRECTION_20260913T053456Z/features/large/obqa/01466.npz,2cba8337984c8a67b5888589ed870d108c27bc33081095a4b196df8635f68220,8192,float32,ca2386f24d445258fc1244651ef6164bedaed16011ff4e7a0eff25b7fba9a542
large,obqa,12-910,1473,1,$DATA_DIR/P2_E1_DIRECTION_20260913T053456Z/features/large/obqa/01473.npz,fbcf6374cf1d5ad66bcfa5538bf4ece86c7192db3fee3b4341758bd5c3e710c3,8192,float32,ca2386f24d445258fc1244651ef6164bedaed16011ff4e7a0eff25b7fba9a542
large,obqa,12-913,1474,1,$DATA_DIR/P2_E1_DIRECTION_20260913T053456Z/features/large/obqa/01474.npz,229d7b3352ec7eb95140c9ddad87ba450c108cb70ce2b9a733a40e789951bc0b,8192,float32,ca2386f24d445258fc1244651ef6164bedaed16011ff4e7a0eff25b7fba9a542
large,obqa,12-915,1475,1,$DATA_DIR/P2_E1_DIRECTION_20260913T053456Z/features/large/obqa/01475.npz,08ab057399397e1c9bf623d74d4d8e122e56aa5b35fb631b170b7cd00948b3ad,8192,float32,ca2386f24d445258fc1244651ef6164bedaed16011ff4e7a0eff25b7fba9a542
large,obqa,12-917,1477,1,$DATA_DIR/P2_E1_DIRECTION_20260913T053456Z/features/large/obqa/01477.npz,f614bc2e96b9cb82dea24b981e3c5f5be1c96b12149ab7d8e09630eb010d3ff6,8192,float32,ca2386f24d445258fc1244651ef6164bedaed16011ff4e7a0eff25b7fba9a542
large,obqa,12-929,1481,1,$DATA_DIR/P2_E1_DIRECTION_20260913T053456Z/features/large/obqa/01481.npz,de25b68b2677c3e85f46c365c44a8397030b46476bf6d8328c024bce7978bc2b,8192,float32,ca2386f24d445258fc1244651ef6164bedaed16011ff4e7a0eff25b7fba9a542
large,obqa,12-93,1482,1,$DATA_DIR/P2_E1_DIRECTION_20260913T053456Z/features/large/obqa/01482.npz,fbe133e9c4e0f1488f64e6c99de7b87c2edfe02a682af008185a6cb0307a0413,8192,float32,ca2386f24d445258fc1244651ef6164bedaed16011ff4e7a0eff25b7fba9a542
large,obqa,12-951,1495,1,$DATA_DIR/P2_E1_DIRECTION_20260913T053456Z/features/large/obqa/01495.npz,2f2caaec56dc8f50643108235c65b80f3f167b2c8654f997f44491bb883276f4,8192,float32,ca2386f24d445258fc1244651ef6164bedaed16011ff4e7a0eff25b7fba9a542
large,obqa,12-955,1497,1,$DATA_DIR/P2_E1_DIRECTION_20260913T053456Z/features/large/obqa/01497.npz,75c034ffb388f5bd6248d38b61817cff5717b9d93c5bb90947f49a8675857b1d,8192,float32,ca2386f24d445258fc1244651ef6164bedaed16011ff4e7a0eff25b7fba9a542
large,obqa,12-960,1500,1,$DATA_DIR/P2_E1_DIRECTION_20260913T053456Z/features/large/obqa/01500.npz,50cc7b928ca31f2cd45b003dccbaea9ef3bcab41fae5425576b2f62a1bc9c83c,8192,float32,ca2386f24d445258fc1244651ef6164bedaed16011ff4e7a0eff25b7fba9a542
large,obqa,12-972,1506,1,$DATA_DIR/P2_E1_DIRECTION_20260913T053456Z/features/large/obqa/01506.npz,2e6dfe8cf42b7a2c90067e95b8fc50a8b1960f9728b4fbae0d50f1423492bdc5,8192,float32,ca2386f24d445258fc1244651ef6164bedaed16011ff4e7a0eff25b7fba9a542
large,obqa,12-975,1507,1,$DATA_DIR/P2_E1_DIRECTION_20260913T053456Z/features/large/obqa/01507.npz,97254931f2d42918f9c148529413651e3deade8f11e719742a79bea71b611226,8192,float32,ca2386f24d445258fc1244651ef6164bedaed16011ff4e7a0eff25b7fba9a542
large,obqa,12-989,1515,1,$DATA_DIR/P2_E1_DIRECTION_20260913T053456Z/features/large/obqa/01515.npz,4d25174260fab4b3185f5ed086b8f4c98557de412512fcb0fedffaa77dcc8156,8192,float32,ca2386f24d445258fc1244651ef6164bedaed16011ff4e7a0eff25b7fba9a542
large,obqa,12-99,1516,1,$DATA_DIR/P2_E1_DIRECTION_20260913T053456Z/features/large/obqa/01516.npz,413ef1d1bbe70bf8acbdafe695831d7734c157a5e351fbe307a09f7fed4421cf,8192,float32,ca2386f24d445258fc1244651ef6164bedaed16011ff4e7a0eff25b7fba9a542
large,obqa,12-996,1521,1,$DATA_DIR/P2_E1_DIRECTION_20260913T053456Z/features/large/obqa/01521.npz,6fc3343f02b0753a5fb7b2a75dec0b22cf10e42f50536d73db3bcb1692d80cc4,8192,float32,ca2386f24d445258fc1244651ef6164bedaed16011ff4e7a0eff25b7fba9a542
large,obqa,1295,1536,1,$DATA_DIR/P2_E1_DIRECTION_20260913T053456Z/features/large/obqa/01536.npz,330753358a77b00bfd3497a616fac9349b83db7d3becf9fc6f69412f1b7053e0,8192,float32,ca2386f24d445258fc1244651ef6164bedaed16011ff4e7a0eff25b7fba9a542
large,obqa,13-1000,1540,1,$DATA_DIR/P2_E1_DIRECTION_20260913T053456Z/features/large/obqa/01540.npz,bd7421be8af46cb084e3e8f87bf16c9e1cd2e58c3a707b561ce6e10955a9e41a,8192,float32,ca2386f24d445258fc1244651ef6164bedaed16011ff4e7a0eff25b7fba9a542
large,obqa,13-101,1543,1,$DATA_DIR/P2_E1_DIRECTION_20260913T053456Z/features/large/obqa/01543.npz,421f668b42a6edbddbae14843da1a2822ff43d485f0abdccb9b75a9c6f3182b5,8192,float32,ca2386f24d445258fc1244651ef6164bedaed16011ff4e7a0eff25b7fba9a542
large,obqa,13-1011,1544,1,$DATA_DIR/P2_E1_DIRECTION_20260913T053456Z/features/large/obqa/01544.npz,00787661d4d94ef50a4963b76238051c2dd904dc8156a9b70bd2627bb05fe393,8192,float32,ca2386f24d445258fc1244651ef6164bedaed16011ff4e7a0eff25b7fba9a542
large,obqa,13-1027,1551,1,$DATA_DIR/P2_E1_DIRECTION_20260913T053456Z/features/large/obqa/01551.npz,9d6beaaf6585184ca754ad24b9799a6bee0cdaf518460d4e87e519f34b49d12e,8192,float32,ca2386f24d445258fc1244651ef6164bedaed16011ff4e7a0eff25b7fba9a542
large,obqa,13-1034,1555,1,$DATA_DIR/P2_E1_DIRECTION_20260913T053456Z/features/large/obqa/01555.npz,6ad0bcafee866681e42ea8f2f1f11eac55d212ffeedcd7299127c580fd623113,8192,float32,ca2386f24d445258fc1244651ef6164bedaed16011ff4e7a0eff25b7fba9a542
large,obqa,13-1050,1564,1,$DATA_DIR/P2_E1_DIRECTION_20260913T053456Z/features/large/obqa/01564.npz,2f8998aa4cf4cbc8eab606813d6f9b6af60038de62d61ccf459e387dfc47de96,8192,float32,ca2386f24d445258fc1244651ef6164bedaed16011ff4e7a0eff25b7fba9a542
large,obqa,13-117,1575,1,$DATA_DIR/P2_E1_DIRECTION_20260913T053456Z/features/large/obqa/01575.npz,beb12c0ad47ac12ba39a709abd93b200d7f8dce2367da392e17d2f1134d83184,8192,float32,ca2386f24d445258fc1244651ef6164bedaed16011ff4e7a0eff25b7fba9a542
large,obqa,13-123,1580,1,$DATA_DIR/P2_E1_DIRECTION_20260913T053456Z/features/large/obqa/01580.npz,181c78f73e5518fabdd783308ef87096a7f3267d34c5a6cdfaeea3526e9e521d,8192,float32,ca2386f24d445258fc1244651ef6164bedaed16011ff4e7a0eff25b7fba9a542
large,obqa,13-126,1582,1,$DATA_DIR/P2_E1_DIRECTION_20260913T053456Z/features/large/obqa/01582.npz,efefded8e390c65427f34ad9c54235a986b301fdde03c8d01df6ffeaf1754a89,8192,float32,ca2386f24d445258fc1244651ef6164bedaed16011ff4e7a0eff25b7fba9a542
large,obqa,13-15,1595,1,$DATA_DIR/P2_E1_DIRECTION_20260913T053456Z/features/large/obqa/01595.npz,4f25f41834432f6a2958e0348fecfe809c8ea92bfa0e229d56d7038fef8fc0f3,8192,float32,ca2386f24d445258fc1244651ef6164bedaed16011ff4e7a0eff25b7fba9a542
large,obqa,13-154,1597,1,$DATA_DIR/P2_E1_DIRECTION_20260913T053456Z/features/large/obqa/01597.npz,6d049c43096fbcdfef485af1a37d3d1f7db0d4798c67fbd7e07ba1bf367b1823,8192,float32,ca2386f24d445258fc1244651ef6164bedaed16011ff4e7a0eff25b7fba9a542
large,obqa,13-166,1601,1,$DATA_DIR/P2_E1_DIRECTION_20260913T053456Z/features/large/obqa/01601.npz,754dfd88ccbb0b9a4f77fad170321d2562999c92eeeb07c71d2ed25f3ed3bf01,8192,float32,ca2386f24d445258fc1244651ef6164bedaed16011ff4e7a0eff25b7fba9a542
large,obqa,13-173,1605,1,$DATA_DIR/P2_E1_DIRECTION_20260913T053456Z/features/large/obqa/01605.npz,3a4b1c3cff70bcffee2c524640cb307e63b8081422ad5a0f92e1730156baa748,8192,float32,ca2386f24d445258fc1244651ef6164bedaed16011ff4e7a0eff25b7fba9a542
large,obqa,13-184,1609,1,$DATA_DIR/P2_E1_DIRECTION_20260913T053456Z/features/large/obqa/01609.npz,e756d5d76c18cad823e78b40d1af593e0045402d3c75829f2a8aa7355ffb109f,8192,float32,ca2386f24d445258fc1244651ef6164bedaed16011ff4e7a0eff25b7fba9a542
large,obqa,13-186,1610,1,$DATA_DIR/P2_E1_DIRECTION_20260913T053456Z/features/large/obqa/01610.npz,df7681ef78169456e7e86043de2ee210922adcb8d5f55c2644a9834addcd4a23,8192,float32,ca2386f24d445258fc1244651ef6164bedaed16011ff4e7a0eff25b7fba9a542
large,obqa,13-206,1622,1,$DATA_DIR/P2_E1_DIRECTION_20260913T053456Z/features/large/obqa/01622.npz,14ff9b7b248fcb4098498a3de7d310031884feed98f13e6e018fe205319fe692,8192,float32,ca2386f24d445258fc1244651ef6164bedaed16011ff4e7a0eff25b7fba9a542
large,obqa,13-207,1623,1,$DATA_DIR/P2_E1_DIRECTION_20260913T053456Z/features/large/obqa/01623.npz,a7577c410bf297f781d063d8b3e201babaf1fe8e89c0730976e876de7b377711,8192,float32,ca2386f24d445258fc1244651ef6164bedaed16011ff4e7a0eff25b7fba9a542
large,obqa,13-217,1626,1,$DATA_DIR/P2_E1_DIRECTION_20260913T053456Z/features/large/obqa/01626.npz,7a16517cee02a6f8653c8be4f4c2288b00d4249145d727e40810c04b1c371e4b,8192,float32,ca2386f24d445258fc1244651ef6164bedaed16011ff4e7a0eff25b7fba9a542
large,obqa,13-233,1636,1,$DATA_DIR/P2_E1_DIRECTION_20260913T053456Z/features/large/obqa/01636.npz,4a1d0412aec029255a467d0ad29489e43254aa9eb10a5658fd5dc09877679d7a,8192,float32,ca2386f24d445258fc1244651ef6164bedaed16011ff4e7a0eff25b7fba9a542
large,obqa,13-244,1641,1,$DATA_DIR/P2_E1_DIRECTION_20260913T053456Z/features/large/obqa/01641.npz,85462032559a2e758cebafe6f7593163b4b092ac08fde4a59841bdafef16cb20,8192,float32,ca2386f24d445258fc1244651ef6164bedaed16011ff4e7a0eff25b7fba9a542
large,obqa,13-250,1645,1,$DATA_DIR/P2_E1_DIRECTION_20260913T053456Z/features/large/obqa/01645.npz,ceeac04948ae03946d3994abc5efa912c46037d891c89a992f4e103b920a0a3f,8192,float32,ca2386f24d445258fc1244651ef6164bedaed16011ff4e7a0eff25b7fba9a542
large,obqa,13-262,1652,1,$DATA_DIR/P2_E1_DIRECTION_20260913T053456Z/features/large/obqa/01652.npz,7162a575191c165081058b2e5274737e17b09afae30e33defd3e8cef43222bb4,8192,float32,ca2386f24d445258fc1244651ef6164bedaed16011ff4e7a0eff25b7fba9a542
large,obqa,13-283,1659,1,$DATA_DIR/P2_E1_DIRECTION_20260913T053456Z/features/large/obqa/01659.npz,300e201087b5dc2a9393ee77ca2892eab6688d554199d76cc6de5822ddc20261,8192,float32,ca2386f24d445258fc1244651ef6164bedaed16011ff4e7a0eff25b7fba9a542
large,obqa,13-299,1665,1,$DATA_DIR/P2_E1_DIRECTION_20260913T053456Z/features/large/obqa/01665.npz,f8f0896aad5ba75373b5be81fd0f52da892157498e6f030e0ccea48ae9f93511,8192,float32,ca2386f24d445258fc1244651ef6164bedaed16011ff4e7a0eff25b7fba9a542
large,obqa,13-311,1675,1,$DATA_DIR/P2_E1_DIRECTION_20260913T053456Z/features/large/obqa/01675.npz,8296f9c432eb11fe79aeef600c1d63c42cbfa5693449086df9c1312130af8abb,8192,float32,ca2386f24d445258fc1244651ef6164bedaed16011ff4e7a0eff25b7fba9a542
large,obqa,13-320,1680,1,$DATA_DIR/P2_E1_DIRECTION_20260913T053456Z/features/large/obqa/01680.npz,422671280b988090968eb7fd4657adc09631e5284144027ff0021918afdf5ac4,8192,float32,ca2386f24d445258fc1244651ef6164bedaed16011ff4e7a0eff25b7fba9a542
large,obqa,13-323,1681,1,$DATA_DIR/P2_E1_DIRECTION_20260913T053456Z/features/large/obqa/01681.npz,f965df0c897156d1b16b18f9ef16f00bab4ecbc2850c6b78e2da1edf9ed35a48,8192,float32,ca2386f24d445258fc1244651ef6164bedaed16011ff4e7a0eff25b7fba9a542
large,obqa,13-327,1683,1,$DATA_DIR/P2_E1_DIRECTION_20260913T053456Z/features/large/obqa/01683.npz,8a7ebd08a24196741701b27e5c537ecb02527d52749ef13d12b4f3060f69683d,8192,float32,ca2386f24d445258fc1244651ef6164bedaed16011ff4e7a0eff25b7fba9a542
large,obqa,13-334,1687,1,$DATA_DIR/P2_E1_DIRECTION_20260913T053456Z/features/large/obqa/01687.npz,0c3e73b01d0034ce21ad0ba9b8fdf62ec9f80a17d6dfec78efe94a1f946c2614,8192,float32,ca2386f24d445258fc1244651ef6164bedaed16011ff4e7a0eff25b7fba9a542
large,obqa,13-335,1688,1,$DATA_DIR/P2_E1_DIRECTION_20260913T053456Z/features/large/obqa/01688.npz,fef1d55cb337cc5671a09c55ecaefb0631da71a231f9c196a87737d4c63de01f,8192,float32,ca2386f24d445258fc1244651ef6164bedaed16011ff4e7a0eff25b7fba9a542
large,obqa,13-336,1689,1,$DATA_DIR/P2_E1_DIRECTION_20260913T053456Z/features/large/obqa/01689.npz,1ffd7ccb24c257ed00b753a7cb80bfcc945e041390eb2fc2a1edb10811748c2f,8192,float32,ca2386f24d445258fc1244651ef6164bedaed16011ff4e7a0eff25b7fba9a542
large,obqa,13-347,1697,1,$DATA_DIR/P2_E1_DIRECTION_20260913T053456Z/features/large/obqa/01697.npz,9fe38a9c33d80b19e51e2a3b1a4cadae33de8d1b039bdbe8c32d7bcdc75cdb79,8192,float32,ca2386f24d445258fc1244651ef6164bedaed16011ff4e7a0eff25b7fba9a542
large,obqa,13-357,1701,1,$DATA_DIR/P2_E1_DIRECTION_20260913T053456Z/features/large/obqa/01701.npz,3b1c1cb30f5c826e4241ad88bdac50fa8e2be6a97b7ac22b9a800d04eb1958bc,8192,float32,ca2386f24d445258fc1244651ef6164bedaed16011ff4e7a0eff25b7fba9a542
large,obqa,13-37,1706,1,$DATA_DIR/P2_E1_DIRECTION_20260913T053456Z/features/large/obqa/01706.npz,c8e0c49a903893d33a952d49a220423449525f02856bf5adb54a952e237c49e9,8192,float32,ca2386f24d445258fc1244651ef6164bedaed16011ff4e7a0eff25b7fba9a542
large,obqa,13-380,1710,1,$DATA_DIR/P2_E1_DIRECTION_20260913T053456Z/features/large/obqa/01710.npz,638e912a98e0e076e792cf169b5c006a58836e6c560dbbbf6f696bd48ffe5144,8192,float32,ca2386f24d445258fc1244651ef6164bedaed16011ff4e7a0eff25b7fba9a542
large,obqa,13-403,1722,1,$DATA_DIR/P2_E1_DIRECTION_20260913T053456Z/features/large/obqa/01722.npz,edc566b266a23f37fe7af5bb5450da87a03dffaa5279d3791e0d4c9466ad9011,8192,float32,ca2386f24d445258fc1244651ef6164bedaed16011ff4e7a0eff25b7fba9a542
large,obqa,13-405,1724,1,$DATA_DIR/P2_E1_DIRECTION_20260913T053456Z/features/large/obqa/01724.npz,79c50f63a03c046992581c671120248ee56013cdd83edbc1b478be20d1efe49f,8192,float32,ca2386f24d445258fc1244651ef6164bedaed16011ff4e7a0eff25b7fba9a542
large,obqa,13-425,1732,1,$DATA_DIR/P2_E1_DIRECTION_20260913T053456Z/features/large/obqa/01732.npz,800d51b52a3af9c10eb0faf2456ce977af3f13ae14919c662b96e6b660d558e9,8192,float32,ca2386f24d445258fc1244651ef6164bedaed16011ff4e7a0eff25b7fba9a542
large,obqa,13-427,1733,1,$DATA_DIR/P2_E1_DIRECTION_20260913T053456Z/features/large/obqa/01733.npz,87f6926b63e4870f59ee060806974f1761280bac6b2cc24a2a9c543dd60a3abf,8192,float32,ca2386f24d445258fc1244651ef6164bedaed16011ff4e7a0eff25b7fba9a542
large,obqa,13-435,1737,1,$DATA_DIR/P2_E1_DIRECTION_20260913T053456Z/features/large/obqa/01737.npz,9186c8fe5934287d623ff960cdfa9e9d206cd6d325a78fd509dcefe63eee43ba,8192,float32,ca2386f24d445258fc1244651ef6164bedaed16011ff4e7a0eff25b7fba9a542
large,obqa,13-458,1747,1,$DATA_DIR/P2_E1_DIRECTION_20260913T053456Z/features/large/obqa/01747.npz,f45cd21991a28ff76195ee12070e68ef275cc58cbf0384515a2df1a37e47681a,8192,float32,ca2386f24d445258fc1244651ef6164bedaed16011ff4e7a0eff25b7fba9a542
large,obqa,13-468,1751,1,$DATA_DIR/P2_E1_DIRECTION_20260913T053456Z/features/large/obqa/01751.npz,b28fadcb93f7f0702a87240028835215fc4ac093f572c1b6c5a2bd728a3290e7,8192,float32,ca2386f24d445258fc1244651ef6164bedaed16011ff4e7a0eff25b7fba9a542
large,obqa,13-47,1752,1,$DATA_DIR/P2_E1_DIRECTION_20260913T053456Z/features/large/obqa/01752.npz,8d8317de29538b5fb2f0c7522c0f3e4a89b7964dbfa6f0afc5a5ab47381e1b82,8192,float32,ca2386f24d445258fc1244651ef6164bedaed16011ff4e7a0eff25b7fba9a542
large,obqa,13-480,1760,1,$DATA_DIR/P2_E1_DIRECTION_20260913T053456Z/features/large/obqa/01760.npz,814afa5090a76de1eca43ffa74c357b0dd882ccdd2d1dce499e56085f594f907,8192,float32,ca2386f24d445258fc1244651ef6164bedaed16011ff4e7a0eff25b7fba9a542
large,obqa,13-500,1770,1,$DATA_DIR/P2_E1_DIRECTION_20260913T053456Z/features/large/obqa/01770.npz,d7411f80bd081472073134478ed501769c68065963de0813fbf0720df68460b3,8192,float32,ca2386f24d445258fc1244651ef6164bedaed16011ff4e7a0eff25b7fba9a542
large,obqa,13-505,1773,1,$DATA_DIR/P2_E1_DIRECTION_20260913T053456Z/features/large/obqa/01773.npz,49b4faf250b7e9eff957c36a2fabf993fa81f9142e7accfe617f964f40f0ea0e,8192,float32,ca2386f24d445258fc1244651ef6164bedaed16011ff4e7a0eff25b7fba9a542
large,obqa,13-512,1779,1,$DATA_DIR/P2_E1_DIRECTION_20260913T053456Z/features/large/obqa/01779.npz,14afe7bb74f7ba29ccda3b0a4b7cb4e3ce9a39a02457904c66f8e02e9a27fa7c,8192,float32,ca2386f24d445258fc1244651ef6164bedaed16011ff4e7a0eff25b7fba9a542
large,obqa,13-557,1796,1,$DATA_DIR/P2_E1_DIRECTION_20260913T053456Z/features/large/obqa/01796.npz,5da2d4f3bbd702de78e89ce7cfe89e8a3c85e6d271ff69faff6b2229aa21a2a2,8192,float32,ca2386f24d445258fc1244651ef6164bedaed16011ff4e7a0eff25b7fba9a542
large,obqa,13-582,1811,1,$DATA_DIR/P2_E1_DIRECTION_20260913T053456Z/features/large/obqa/01811.npz,733dbfd6d424d72509d6c2cdd5cfdbd38721d30f860e109499d04018ebfe0806,8192,float32,ca2386f24d445258fc1244651ef6164bedaed16011ff4e7a0eff25b7fba9a542
large,obqa,13-583,1812,1,$DATA_DIR/P2_E1_DIRECTION_20260913T053456Z/features/large/obqa/01812.npz,7e1342a1d6149149eec2df3d7055f3c1dda5fc1d337e65f0b44576d69d64a1f8,8192,float32,ca2386f24d445258fc1244651ef6164bedaed16011ff4e7a0eff25b7fba9a542
large,obqa,13-585,1814,1,$DATA_DIR/P2_E1_DIRECTION_20260913T053456Z/features/large/obqa/01814.npz,d3e73868af7a33486cf8c75c8577dc6b24622774ce417a1e3c88d10d5bf1a756,8192,float32,ca2386f24d445258fc1244651ef6164bedaed16011ff4e7a0eff25b7fba9a542
large,obqa,13-594,1819,1,$DATA_DIR/P2_E1_DIRECTION_20260913T053456Z/features/large/obqa/01819.npz,dc8881699adadc2659804fe193e724d47f4c3ca26a0285ea43470cc1ce1e26c8,8192,float32,ca2386f24d445258fc1244651ef6164bedaed16011ff4e7a0eff25b7fba9a542
large,obqa,13-610,1826,1,$DATA_DIR/P2_E1_DIRECTION_20260913T053456Z/features/large/obqa/01826.npz,6697a27635c42455274ed62bc58049f781928bf9717b1d65496a5ee10509527b,8192,float32,ca2386f24d445258fc1244651ef6164bedaed16011ff4e7a0eff25b7fba9a542
large,obqa,13-621,1832,1,$DATA_DIR/P2_E1_DIRECTION_20260913T053456Z/features/large/obqa/01832.npz,fdec7c916973d27ba4cf7081fcf11836a7aff935422258c72187d47085d515d0,8192,float32,ca2386f24d445258fc1244651ef6164bedaed16011ff4e7a0eff25b7fba9a542
large,obqa,13-624,1834,1,$DATA_DIR/P2_E1_DIRECTION_20260913T053456Z/features/large/obqa/01834.npz,6ff036264ec638d89c72c0640566befe7eebd2438fe9d09110070e1ada59eba1,8192,float32,ca2386f24d445258fc1244651ef6164bedaed16011ff4e7a0eff25b7fba9a542
large,obqa,13-651,1848,1,$DATA_DIR/P2_E1_DIRECTION_20260913T053456Z/features/large/obqa/01848.npz,25cc68a13e829951c6b72234c093d4ac838e7cfebadf12e4c2dd48112c3c8917,8192,float32,ca2386f24d445258fc1244651ef6164bedaed16011ff4e7a0eff25b7fba9a542
large,obqa,13-662,1855,1,$DATA_DIR/P2_E1_DIRECTION_20260913T053456Z/features/large/obqa/01855.npz,c9962f7cdd0a54a3b72adbe429699f6c7350ce543496f8a7d6a64267474c7149,8192,float32,ca2386f24d445258fc1244651ef6164bedaed16011ff4e7a0eff25b7fba9a542
large,obqa,13-664,1856,1,$DATA_DIR/P2_E1_DIRECTION_20260913T053456Z/features/large/obqa/01856.npz,1f1a05656b506b5cec502335058c21adb994c9cea02ee012876173fb3c27f60e,8192,float32,ca2386f24d445258fc1244651ef6164bedaed16011ff4e7a0eff25b7fba9a542
large,obqa,13-675,1861,1,$DATA_DIR/P2_E1_DIRECTION_20260913T053456Z/features/large/obqa/01861.npz,1732c94328d569e725bc891f355203d12c7139c668b9c794037088eedf713a9c,8192,float32,ca2386f24d445258fc1244651ef6164bedaed16011ff4e7a0eff25b7fba9a542
large,obqa,13-68,1863,1,$DATA_DIR/P2_E1_DIRECTION_20260913T053456Z/features/large/obqa/01863.npz,9dd904863c416733717e4797a1b77483d15a41f2ac55e08570df5004a593f362,8192,float32,ca2386f24d445258fc1244651ef6164bedaed16011ff4e7a0eff25b7fba9a542
large,obqa,13-693,1869,1,$DATA_DIR/P2_E1_DIRECTION_20260913T053456Z/features/large/obqa/01869.npz,bf70163cc56eac33c639b01d12dd6c4b909184e55447fba9d9e4f9f96d36fbfc,8192,float32,ca2386f24d445258fc1244651ef6164bedaed16011ff4e7a0eff25b7fba9a542
large,obqa,13-719,1881,1,$DATA_DIR/P2_E1_DIRECTION_20260913T053456Z/features/large/obqa/01881.npz,76a55458f9f182b5928cc92b63e6ba960550a3cf43cf85ff5d44263e056deec6,8192,float32,ca2386f24d445258fc1244651ef6164bedaed16011ff4e7a0eff25b7fba9a542
large,obqa,13-743,1889,1,$DATA_DIR/P2_E1_DIRECTION_20260913T053456Z/features/large/obqa/01889.npz,ce0cb469e7850a755b0bf1b9f03d9aeb949895bdf174af3d8a2066caf59b2890,8192,float32,ca2386f24d445258fc1244651ef6164bedaed16011ff4e7a0eff25b7fba9a542
large,obqa,13-760,1897,1,$DATA_DIR/P2_E1_DIRECTION_20260913T053456Z/features/large/obqa/01897.npz,eabaa191fc7d94966461e0353afbdc9382800e14a0306c392c62cf670cfb9e1c,8192,float32,ca2386f24d445258fc1244651ef6164bedaed16011ff4e7a0eff25b7fba9a542
large,obqa,13-764,1898,1,$DATA_DIR/P2_E1_DIRECTION_20260913T053456Z/features/large/obqa/01898.npz,155acd280f396e6456f025614d81ac365278187026e9f7eedabadd6cc39997a0,8192,float32,ca2386f24d445258fc1244651ef6164bedaed16011ff4e7a0eff25b7fba9a542
large,obqa,13-766,1900,1,$DATA_DIR/P2_E1_DIRECTION_20260913T053456Z/features/large/obqa/01900.npz,d9d8c7f22c1777f97e042498589082e917d790126fb6e1af93e39670de91fe8b,8192,float32,ca2386f24d445258fc1244651ef6164bedaed16011ff4e7a0eff25b7fba9a542
large,obqa,13-780,1906,1,$DATA_DIR/P2_E1_DIRECTION_20260913T053456Z/features/large/obqa/01906.npz,bd48f8c200049d5d6dd94392e37a9e28c5d629488eb24c91c4c3289d36aada40,8192,float32,ca2386f24d445258fc1244651ef6164bedaed16011ff4e7a0eff25b7fba9a542
large,obqa,13-79,1913,1,$DATA_DIR/P2_E1_DIRECTION_20260913T053456Z/features/large/obqa/01913.npz,a8c9c67d432903ec644653f30a38a62811304a795585bca73c0510f7d1a4fb7c,8192,float32,ca2386f24d445258fc1244651ef6164bedaed16011ff4e7a0eff25b7fba9a542
large,obqa,13-794,1915,1,$DATA_DIR/P2_E1_DIRECTION_20260913T053456Z/features/large/obqa/01915.npz,8795fe2311293d5d7eb965ef63db5ab0577dc6adae96f34c8501a7b99ac9d8b8,8192,float32,ca2386f24d445258fc1244651ef6164bedaed16011ff4e7a0eff25b7fba9a542
large,obqa,13-795,1916,1,$DATA_DIR/P2_E1_DIRECTION_20260913T053456Z/features/large/obqa/01916.npz,1b02ea09ad70d1d9bcddbe8abe20056df6cd0171abf996b703f10ebfeea5fd99,8192,float32,ca2386f24d445258fc1244651ef6164bedaed16011ff4e7a0eff25b7fba9a542
large,obqa,13-835,1936,1,$DATA_DIR/P2_E1_DIRECTION_20260913T053456Z/features/large/obqa/01936.npz,9dba1704cb8d53934dd698486e4323e44e37955dd827978a61f5139c9142fa4b,8192,float32,ca2386f24d445258fc1244651ef6164bedaed16011ff4e7a0eff25b7fba9a542
large,obqa,13-838,1937,1,$DATA_DIR/P2_E1_DIRECTION_20260913T053456Z/features/large/obqa/01937.npz,cdc0b70719209cf8afa5916ac80d3c0dda84c38d89fb613a18ecd51d900340fc,8192,float32,ca2386f24d445258fc1244651ef6164bedaed16011ff4e7a0eff25b7fba9a542
large,obqa,13-84,1939,1,$DATA_DIR/P2_E1_DIRECTION_20260913T053456Z/features/large/obqa/01939.npz,1144e3d68f7ce6f4bfdba6395fa7ad2dc6c5522cfbae0314238c986209c8e36a,8192,float32,ca2386f24d445258fc1244651ef6164bedaed16011ff4e7a0eff25b7fba9a542
large,obqa,13-843,1942,1,$DATA_DIR/P2_E1_DIRECTION_20260913T053456Z/features/large/obqa/01942.npz,6a00369bd13e81ece489a432a04e7390595ff7217336a9b15ed93393e8c6f881,8192,float32,ca2386f24d445258fc1244651ef6164bedaed16011ff4e7a0eff25b7fba9a542
large,obqa,13-860,1952,1,$DATA_DIR/P2_E1_DIRECTION_20260913T053456Z/features/large/obqa/01952.npz,4e1772b6e2f928d94acb6afe15085ecd680fcc6514360985167397d9fc118835,8192,float32,ca2386f24d445258fc1244651ef6164bedaed16011ff4e7a0eff25b7fba9a542
large,obqa,13-867,1956,1,$DATA_DIR/P2_E1_DIRECTION_20260913T053456Z/features/large/obqa/01956.npz,56f1a57858d23c81b72ac99a720d5a5002bd42ba34e324a88350e0ea9b643a35,8192,float32,ca2386f24d445258fc1244651ef6164bedaed16011ff4e7a0eff25b7fba9a542
large,obqa,13-871,1957,1,$DATA_DIR/P2_E1_DIRECTION_20260913T053456Z/features/large/obqa/01957.npz,f2165faae738df280041e644c40e7441e1c894f63d2faf405e96e72ad86fc8a2,8192,float32,ca2386f24d445258fc1244651ef6164bedaed16011ff4e7a0eff25b7fba9a542
large,obqa,13-880,1960,1,$DATA_DIR/P2_E1_DIRECTION_20260913T053456Z/features/large/obqa/01960.npz,e4477d7d646f0487ef3743d1781b911c5285805cbe3121428d3f80ed87d599cf,8192,float32,ca2386f24d445258fc1244651ef6164bedaed16011ff4e7a0eff25b7fba9a542
large,obqa,13-912,1977,1,$DATA_DIR/P2_E1_DIRECTION_20260913T053456Z/features/large/obqa/01977.npz,460bef03b16c8ddfd46614db1f9ed8d5ee860db5ded19524f3b983a2f4b0c1e1,8192,float32,ca2386f24d445258fc1244651ef6164bedaed16011ff4e7a0eff25b7fba9a542
large,obqa,13-921,1982,1,$DATA_DIR/P2_E1_DIRECTION_20260913T053456Z/features/large/obqa/01982.npz,b6dc446ece99947f3ab17ccb296746ccab4da81fdcbf6ce80661f3bf2ccbeb67,8192,float32,ca2386f24d445258fc1244651ef6164bedaed16011ff4e7a0eff25b7fba9a542
large,obqa,13-924,1984,1,$DATA_DIR/P2_E1_DIRECTION_20260913T053456Z/features/large/obqa/01984.npz,b7edadfc8a7a35a6bae0d2b6942a976da5edfa0b4e1070f1f3fbfcdbc8d888a1,8192,float32,ca2386f24d445258fc1244651ef6164bedaed16011ff4e7a0eff25b7fba9a542
large,obqa,13-933,1990,1,$DATA_DIR/P2_E1_DIRECTION_20260913T053456Z/features/large/obqa/01990.npz,3b3eb9835db20841f9a3bdfd10e159b608c453f5a7a65b13e4d0c6b875e0e389,8192,float32,ca2386f24d445258fc1244651ef6164bedaed16011ff4e7a0eff25b7fba9a542
large,obqa,13-938,1994,1,$DATA_DIR/P2_E1_DIRECTION_20260913T053456Z/features/large/obqa/01994.npz,1e2819ac32dbbeb05fc81d83e7ad86da97f139e016c23e8e7d524ac846e489a3,8192,float32,ca2386f24d445258fc1244651ef6164bedaed16011ff4e7a0eff25b7fba9a542
large,obqa,13-947,1998,1,$DATA_DIR/P2_E1_DIRECTION_20260913T053456Z/features/large/obqa/01998.npz,b4aea7f0ebf505d01fae29af69f794afddd4cc754ca55b4dadedbf6107985c00,8192,float32,ca2386f24d445258fc1244651ef6164bedaed16011ff4e7a0eff25b7fba9a542
large,obqa,13-952,2003,1,$DATA_DIR/P2_E1_DIRECTION_20260913T053456Z/features/large/obqa/02003.npz,1ec61fa1fec634a0d1431eaa598b14d089f3f43b6382e6f2d9bb1d91b8cab911,8192,float32,ca2386f24d445258fc1244651ef6164bedaed16011ff4e7a0eff25b7fba9a542
large,obqa,13-959,2007,1,$DATA_DIR/P2_E1_DIRECTION_20260913T053456Z/features/large/obqa/02007.npz,914eaebce0105c0feda57796cedda24ed17ea3037b390cf9d89243447e95b900,8192,float32,ca2386f24d445258fc1244651ef6164bedaed16011ff4e7a0eff25b7fba9a542
large,obqa,13-961,2009,1,$DATA_DIR/P2_E1_DIRECTION_20260913T053456Z/features/large/obqa/02009.npz,780e3b127eb07e008ae5ec748f865d67e847ea51e8945f4117c8b90c76e8a6ef,8192,float32,ca2386f24d445258fc1244651ef6164bedaed16011ff4e7a0eff25b7fba9a542
large,obqa,13-971,2015,1,$DATA_DIR/P2_E1_DIRECTION_20260913T053456Z/features/large/obqa/02015.npz,baa971b159a0fd36144863f8852eef10e849ef8fa8ddba3eec0cc7c7d51a6874,8192,float32,ca2386f24d445258fc1244651ef6164bedaed16011ff4e7a0eff25b7fba9a542
large,obqa,13-986,2022,1,$DATA_DIR/P2_E1_DIRECTION_20260913T053456Z/features/large/obqa/02022.npz,c0d7d90e9b09b8adddcf8444ad0e6672d7aa9107e768153fc42be56b0beacc9b,8192,float32,ca2386f24d445258fc1244651ef6164bedaed16011ff4e7a0eff25b7fba9a542
large,obqa,13-991,2026,1,$DATA_DIR/P2_E1_DIRECTION_20260913T053456Z/features/large/obqa/02026.npz,b55e8597f64cdf9952e59b559e253c9610032676a30f347ea8bbb94660f124d4,8192,float32,ca2386f24d445258fc1244651ef6164bedaed16011ff4e7a0eff25b7fba9a542
large,obqa,1333,2031,1,$DATA_DIR/P2_E1_DIRECTION_20260913T053456Z/features/large/obqa/02031.npz,baad2e50ed24ebf1f50c285a065b78d32dce30d82cf5ba5330ceb2d81d984fb3,8192,float32,ca2386f24d445258fc1244651ef6164bedaed16011ff4e7a0eff25b7fba9a542
large,obqa,1386,2040,1,$DATA_DIR/P2_E1_DIRECTION_20260913T053456Z/features/large/obqa/02040.npz,5d09a53fdd522f1e2c3628dee15d8432f12867c9a6bca680878a8e3b96748363,8192,float32,ca2386f24d445258fc1244651ef6164bedaed16011ff4e7a0eff25b7fba9a542
large,obqa,14-100,2045,1,$DATA_DIR/P2_E1_DIRECTION_20260913T053456Z/features/large/obqa/02045.npz,3508a9db9eb1898fec62eb673390c9bd7f27ec41d88459eb107b861c72be1b2e,8192,float32,ca2386f24d445258fc1244651ef6164bedaed16011ff4e7a0eff25b7fba9a542
large,obqa,14-1011,2051,1,$DATA_DIR/P2_E1_DIRECTION_20260913T053456Z/features/large/obqa/02051.npz,2dedfee23fea32cb0c18a78404b44dfb5f8beeb31f749f4b2588efa3f09c59fc,8192,float32,ca2386f24d445258fc1244651ef6164bedaed16011ff4e7a0eff25b7fba9a542
large,obqa,14-1015,2054,1,$DATA_DIR/P2_E1_DIRECTION_20260913T053456Z/features/large/obqa/02054.npz,fcd4e9635e1d5d2cf829280f52f1c16a5b3fa2e677e9010448e1bb253dad563b,8192,float32,ca2386f24d445258fc1244651ef6164bedaed16011ff4e7a0eff25b7fba9a542
large,obqa,14-1016,2055,1,$DATA_DIR/P2_E1_DIRECTION_20260913T053456Z/features/large/obqa/02055.npz,c73b59ddfc880dd9d05204aad22346ee159b2517c427677bf3a52b72ceba7d6f,8192,float32,ca2386f24d445258fc1244651ef6164bedaed16011ff4e7a0eff25b7fba9a542
large,obqa,14-1022,2057,1,$DATA_DIR/P2_E1_DIRECTION_20260913T053456Z/features/large/obqa/02057.npz,69b1a847d00eb245f5cee23e9d9e923e612cf09f291cf79ab62af538427ecdcd,8192,float32,ca2386f24d445258fc1244651ef6164bedaed16011ff4e7a0eff25b7fba9a542
large,obqa,14-1025,2059,1,$DATA_DIR/P2_E1_DIRECTION_20260913T053456Z/features/large/obqa/02059.npz,76c896f1592510f69186be1cff442c0a9fd285b2c42819944efc7c2eb50262a4,8192,float32,ca2386f24d445258fc1244651ef6164bedaed16011ff4e7a0eff25b7fba9a542
large,obqa,14-1030,2061,1,$DATA_DIR/P2_E1_DIRECTION_20260913T053456Z/features/large/obqa/02061.npz,4c2d06c83556ea419929e5b346a7a5e45594a9a782a548e162032a6d085bfd7e,8192,float32,ca2386f24d445258fc1244651ef6164bedaed16011ff4e7a0eff25b7fba9a542
large,obqa,14-1041,2065,1,$DATA_DIR/P2_E1_DIRECTION_20260913T053456Z/features/large/obqa/02065.npz,7012eb08b8a794ed4efecbfec09ddd11f72aee2544cb955cc6bb3633d9e7c2e4,8192,float32,ca2386f24d445258fc1244651ef6164bedaed16011ff4e7a0eff25b7fba9a542
large,obqa,14-1051,2073,1,$DATA_DIR/P2_E1_DIRECTION_20260913T053456Z/features/large/obqa/02073.npz,0ab4ae426ca42a74972be03e3d269cb5a5b04e47ed24f49ad81839eded41e6ac,8192,float32,ca2386f24d445258fc1244651ef6164bedaed16011ff4e7a0eff25b7fba9a542
large,obqa,14-1064,2082,1,$DATA_DIR/P2_E1_DIRECTION_20260913T053456Z/features/large/obqa/02082.npz,83a059d0f24e476e68688378744bea926609de397420f31ec4056dcad9fba3d1,8192,float32,ca2386f24d445258fc1244651ef6164bedaed16011ff4e7a0eff25b7fba9a542
large,obqa,14-1095,2088,1,$DATA_DIR/P2_E1_DIRECTION_20260913T053456Z/features/large/obqa/02088.npz,877cd31ad2316347df6941daf363a8247ebc730dc6846d9325b9309e3aaefb8b,8192,float32,ca2386f24d445258fc1244651ef6164bedaed16011ff4e7a0eff25b7fba9a542
large,obqa,14-110,2090,1,$DATA_DIR/P2_E1_DIRECTION_20260913T053456Z/features/large/obqa/02090.npz,dddb259d344a6d82d99b3b0c8428859a69f93ae92a33ea4730fdf1b6d065af20,8192,float32,ca2386f24d445258fc1244651ef6164bedaed16011ff4e7a0eff25b7fba9a542
large,obqa,14-1146,2108,1,$DATA_DIR/P2_E1_DIRECTION_20260913T053456Z/features/large/obqa/02108.npz,23e637341bdb45f01f2a795fa77d1857dca7c359e03f86b52fdca53ed745405c,8192,float32,ca2386f24d445258fc1244651ef6164bedaed16011ff4e7a0eff25b7fba9a542
large,obqa,14-1153,2113,1,$DATA_DIR/P2_E1_DIRECTION_20260913T053456Z/features/large/obqa/02113.npz,517a8562ddf0265e591d4462410d675e3a62337609380f8134a9739f43eb7e90,8192,float32,ca2386f24d445258fc1244651ef6164bedaed16011ff4e7a0eff25b7fba9a542
large,obqa,14-1175,2122,1,$DATA_DIR/P2_E1_DIRECTION_20260913T053456Z/features/large/obqa/02122.npz,42fe8f9c62827e05a73eb8600cba2af7b3098162c5624a3869b4211d53cb1019,8192,float32,ca2386f24d445258fc1244651ef6164bedaed16011ff4e7a0eff25b7fba9a542
large,obqa,14-1180,2126,1,$DATA_DIR/P2_E1_DIRECTION_20260913T053456Z/features/large/obqa/02126.npz,d3be43fe8e5f0589af4e49477d74ee73faab7f4da344cdf6516497da1de9cbe4,8192,float32,ca2386f24d445258fc1244651ef6164bedaed16011ff4e7a0eff25b7fba9a542
large,obqa,14-12,2131,1,$DATA_DIR/P2_E1_DIRECTION_20260913T053456Z/features/large/obqa/02131.npz,0b655be78a7f4d6e6a80b31e2ccd44223bbe98d08d0a3e7d26f9846d36a1b799,8192,float32,ca2386f24d445258fc1244651ef6164bedaed16011ff4e7a0eff25b7fba9a542
large,obqa,14-1220,2139,1,$DATA_DIR/P2_E1_DIRECTION_20260913T053456Z/features/large/obqa/02139.npz,a9ba4cbd99d9029d32c6d55518c409e5baf7ffdf45cf61cea9d410b89eb4d109,8192,float32,ca2386f24d445258fc1244651ef6164bedaed16011ff4e7a0eff25b7fba9a542
large,obqa,14-1228,2141,1,$DATA_DIR/P2_E1_DIRECTION_20260913T053456Z/features/large/obqa/02141.npz,69b989b68659b5b716ec241450a86455415f662545b45eb887418c6b228198d8,8192,float32,ca2386f24d445258fc1244651ef6164bedaed16011ff4e7a0eff25b7fba9a542
large,obqa,14-1235,2145,1,$DATA_DIR/P2_E1_DIRECTION_20260913T053456Z/features/large/obqa/02145.npz,6d09bf63b209473037be5057c500ba1276952405435a51b0a249e0b1fca5acb1,8192,float32,ca2386f24d445258fc1244651ef6164bedaed16011ff4e7a0eff25b7fba9a542
large,obqa,14-1248,2147,1,$DATA_DIR/P2_E1_DIRECTION_20260913T053456Z/features/large/obqa/02147.npz,ef36a9d0cde8bb5d57de496bd0250a3f68663b3bd4faae805f541bd02a117884,8192,float32,ca2386f24d445258fc1244651ef6164bedaed16011ff4e7a0eff25b7fba9a542
large,obqa,14-1264,2153,1,$DATA_DIR/P2_E1_DIRECTION_20260913T053456Z/features/large/obqa/02153.npz,7970fecff5e5c1c1917a34a074aadeb92e7e91a806ecefc1654e96c5b8006078,8192,float32,ca2386f24d445258fc1244651ef6164bedaed16011ff4e7a0eff25b7fba9a542
large,obqa,14-1281,2162,1,$DATA_DIR/P2_E1_DIRECTION_20260913T053456Z/features/large/obqa/02162.npz,10078e8f943f1d9d6688d84cdac67e85fce981476e6acbdb403659666d6698df,8192,float32,ca2386f24d445258fc1244651ef6164bedaed16011ff4e7a0eff25b7fba9a542
large,obqa,14-1283,2163,1,$DATA_DIR/P2_E1_DIRECTION_20260913T053456Z/features/large/obqa/02163.npz,a5cd2069dc680da29e9b67ba66a4906fc82ea1a65650625cba1c66f7bf8daa78,8192,float32,ca2386f24d445258fc1244651ef6164bedaed16011ff4e7a0eff25b7fba9a542
large,obqa,14-1289,2166,1,$DATA_DIR/P2_E1_DIRECTION_20260913T053456Z/features/large/obqa/02166.npz,77b2592e5b51baaf80d6786aa640dfb6ff2dcf0b522d412ea6b3b21e89aeda6a,8192,float32,ca2386f24d445258fc1244651ef6164bedaed16011ff4e7a0eff25b7fba9a542
large,obqa,14-1298,2172,1,$DATA_DIR/P2_E1_DIRECTION_20260913T053456Z/features/large/obqa/02172.npz,559152e377926b6c99a9a6a7c2ca2448ea8155d4ee816483dbd905cc08fd52ee,8192,float32,ca2386f24d445258fc1244651ef6164bedaed16011ff4e7a0eff25b7fba9a542
large,obqa,14-1304,2176,1,$DATA_DIR/P2_E1_DIRECTION_20260913T053456Z/features/large/obqa/02176.npz,d85bfa1181f3877753df711898930daa7ce576ab3fabc2103dee17bb95a0b0be,8192,float32,ca2386f24d445258fc1244651ef6164bedaed16011ff4e7a0eff25b7fba9a542
large,obqa,14-133,2188,1,$DATA_DIR/P2_E1_DIRECTION_20260913T053456Z/features/large/obqa/02188.npz,bfc30a9500a53de8a17901083e2bd977cf743ae1be4a74c74b2a84f2491688fc,8192,float32,ca2386f24d445258fc1244651ef6164bedaed16011ff4e7a0eff25b7fba9a542
large,obqa,14-1347,2195,1,$DATA_DIR/P2_E1_DIRECTION_20260913T053456Z/features/large/obqa/02195.npz,eb51e6de727504de3216a7c2c8e50cdde72caa9ec0a6f9af1ffff760a10185b3,8192,float32,ca2386f24d445258fc1244651ef6164bedaed16011ff4e7a0eff25b7fba9a542
large,obqa,14-1354,2199,1,$DATA_DIR/P2_E1_DIRECTION_20260913T053456Z/features/large/obqa/02199.npz,1371652aaf4eb121e04c77f1815d91321aef55fbd45c8f949462d1ad77541f36,8192,float32,ca2386f24d445258fc1244651ef6164bedaed16011ff4e7a0eff25b7fba9a542
large,obqa,14-1384,2217,1,$DATA_DIR/P2_E1_DIRECTION_20260913T053456Z/features/large/obqa/02217.npz,9e9d6f9accc6a0c57c8e3b60ccb37d50e441ffb069eef3d678ee2e188d1dfd87,8192,float32,ca2386f24d445258fc1244651ef6164bedaed16011ff4e7a0eff25b7fba9a542
large,obqa,14-1406,2227,1,$DATA_DIR/P2_E1_DIRECTION_20260913T053456Z/features/large/obqa/02227.npz,d9dc8b8c9e751f507ead7cb7c0b1a80e9d83fa9efb41490ae7b0cea2741b6abd,8192,float32,ca2386f24d445258fc1244651ef6164bedaed16011ff4e7a0eff25b7fba9a542
large,obqa,14-1424,2240,1,$DATA_DIR/P2_E1_DIRECTION_20260913T053456Z/features/large/obqa/02240.npz,88387c94acb2975347222363dd0ed2b435ff0886c2a0249871848ba24088ef55,8192,float32,ca2386f24d445258fc1244651ef6164bedaed16011ff4e7a0eff25b7fba9a542
large,obqa,14-1438,2247,1,$DATA_DIR/P2_E1_DIRECTION_20260913T053456Z/features/large/obqa/02247.npz,0ddd1ae58a8e319d9397dd6ca1d698f9e266e383d250c3e6d7b6acb0143b51e8,8192,float32,ca2386f24d445258fc1244651ef6164bedaed16011ff4e7a0eff25b7fba9a542
large,obqa,14-1440,2248,1,$DATA_DIR/P2_E1_DIRECTION_20260913T053456Z/features/large/obqa/02248.npz,bd8454dae0f1a90e1a8f09664aa2c1111da0626e555da32d966d4f2714085d27,8192,float32,ca2386f24d445258fc1244651ef6164bedaed16011ff4e7a0eff25b7fba9a542
large,obqa,14-1470,2262,1,$DATA_DIR/P2_E1_DIRECTION_20260913T053456Z/features/large/obqa/02262.npz,bf5ce972c1e025c84c8e718cea5d1c0bc6f14a29115f20a1c35146532bf837e3,8192,float32,ca2386f24d445258fc1244651ef6164bedaed16011ff4e7a0eff25b7fba9a542
large,obqa,14-1486,2269,1,$DATA_DIR/P2_E1_DIRECTION_20260913T053456Z/features/large/obqa/02269.npz,fe06653afff462e0a8994d46ba909591714b506ea3fbe1089503d745bc40bef9,8192,float32,ca2386f24d445258fc1244651ef6164bedaed16011ff4e7a0eff25b7fba9a542
large,obqa,14-1493,2272,1,$DATA_DIR/P2_E1_DIRECTION_20260913T053456Z/features/large/obqa/02272.npz,027a8485cbd8360a0df100afa1756c67f97884c372105fd8df971fe7e93bce91,8192,float32,ca2386f24d445258fc1244651ef6164bedaed16011ff4e7a0eff25b7fba9a542
large,obqa,14-1511,2282,1,$DATA_DIR/P2_E1_DIRECTION_20260913T053456Z/features/large/obqa/02282.npz,ab9d9eba8c661a11075411b2ed5da4757fdda2f0eaa5cc72df721953a5b1d2ce,8192,float32,ca2386f24d445258fc1244651ef6164bedaed16011ff4e7a0eff25b7fba9a542
large,obqa,14-153,2285,1,$DATA_DIR/P2_E1_DIRECTION_20260913T053456Z/features/large/obqa/02285.npz,bd3d5a257f1c16cbc2e334bba805f10290de9fdd1f9d72780a6ca834af5b7ae1,8192,float32,ca2386f24d445258fc1244651ef6164bedaed16011ff4e7a0eff25b7fba9a542
large,obqa,14-20,2305,1,$DATA_DIR/P2_E1_DIRECTION_20260913T053456Z/features/large/obqa/02305.npz,ef3eb87517c3c5b1f13744aba658cc742ba065384d5fd1c65c14375bf59c4d7f,8192,float32,ca2386f24d445258fc1244651ef6164bedaed16011ff4e7a0eff25b7fba9a542
large,obqa,14-203,2306,1,$DATA_DIR/P2_E1_DIRECTION_20260913T053456Z/features/large/obqa/02306.npz,b406b31b0c92866abb4ec654f54b59f46644e3c7a868e09b9e7cd2d9ce61cb4f,8192,float32,ca2386f24d445258fc1244651ef6164bedaed16011ff4e7a0eff25b7fba9a542
large,obqa,14-214,2311,1,$DATA_DIR/P2_E1_DIRECTION_20260913T053456Z/features/large/obqa/02311.npz,7d8f45f1a34864cbffbd28ae835c125463442058c75b08b7503ff44543934d4c,8192,float32,ca2386f24d445258fc1244651ef6164bedaed16011ff4e7a0eff25b7fba9a542
large,obqa,14-215,2312,1,$DATA_DIR/P2_E1_DIRECTION_20260913T053456Z/features/large/obqa/02312.npz,396a9e4285d0e693bafbb6c5dcda3fb98438abb84d120beefe9591a39d3e056a,8192,float32,ca2386f24d445258fc1244651ef6164bedaed16011ff4e7a0eff25b7fba9a542
large,obqa,14-23,2317,1,$DATA_DIR/P2_E1_DIRECTION_20260913T053456Z/features/large/obqa/02317.npz,a9e8376d30e956843d1354802ccb13c040e3d8040895179c27ec53017045ca35,8192,float32,ca2386f24d445258fc1244651ef6164bedaed16011ff4e7a0eff25b7fba9a542
large,obqa,14-263,2328,1,$DATA_DIR/P2_E1_DIRECTION_20260913T053456Z/features/large/obqa/02328.npz,2dbbf99cd5f3ad82ac449ed21b14a69d6e8b53196a956f9be77edf95c71ca191,8192,float32,ca2386f24d445258fc1244651ef6164bedaed16011ff4e7a0eff25b7fba9a542
large,obqa,14-266,2330,1,$DATA_DIR/P2_E1_DIRECTION_20260913T053456Z/features/large/obqa/02330.npz,7614745fd87403a525c719693228301ee9b61afa93391c7d1dcd49501cd23214,8192,float32,ca2386f24d445258fc1244651ef6164bedaed16011ff4e7a0eff25b7fba9a542
large,obqa,14-273,2335,1,$DATA_DIR/P2_E1_DIRECTION_20260913T053456Z/features/large/obqa/02335.npz,8fe768b98eb060a03de0a253a6b56f63b495f4489a8cdef7360281d0302325c1,8192,float32,ca2386f24d445258fc1244651ef6164bedaed16011ff4e7a0eff25b7fba9a542
large,obqa,14-277,2336,1,$DATA_DIR/P2_E1_DIRECTION_20260913T053456Z/features/large/obqa/02336.npz,995b159a800ab7286dc2feeb2e83124a5c606e930e3d52b301c32b2bcaeecb13,8192,float32,ca2386f24d445258fc1244651ef6164bedaed16011ff4e7a0eff25b7fba9a542
large,obqa,14-300,2344,1,$DATA_DIR/P2_E1_DIRECTION_20260913T053456Z/features/large/obqa/02344.npz,aa3b446ef1663a8559f28f9166a3619d8bfc10d429bead948f9f69397f36abac,8192,float32,ca2386f24d445258fc1244651ef6164bedaed16011ff4e7a0eff25b7fba9a542
large,obqa,14-309,2348,1,$DATA_DIR/P2_E1_DIRECTION_20260913T053456Z/features/large/obqa/02348.npz,c2bbb55a211a10723922f96f437762cf694d2d9363e484521717284203653d75,8192,float32,ca2386f24d445258fc1244651ef6164bedaed16011ff4e7a0eff25b7fba9a542
large,obqa,14-325,2355,1,$DATA_DIR/P2_E1_DIRECTION_20260913T053456Z/features/large/obqa/02355.npz,b043f431499a9fa5265f31e080dc2b35d022cf56a05b85e944f7e665f7901374,8192,float32,ca2386f24d445258fc1244651ef6164bedaed16011ff4e7a0eff25b7fba9a542
large,obqa,14-333,2358,1,$DATA_DIR/P2_E1_DIRECTION_20260913T053456Z/features/large/obqa/02358.npz,0f2c7b713154d0819d0e48e9e08246702ff36857decbd22e7948692fd0070a8b,8192,float32,ca2386f24d445258fc1244651ef6164bedaed16011ff4e7a0eff25b7fba9a542
large,obqa,14-343,2361,1,$DATA_DIR/P2_E1_DIRECTION_20260913T053456Z/features/large/obqa/02361.npz,0fa3160d0e2864c79f9d1e8e52f0feeaa9fc31b8373ed3ba036649aefbb8a190,8192,float32,ca2386f24d445258fc1244651ef6164bedaed16011ff4e7a0eff25b7fba9a542
large,obqa,14-359,2367,1,$DATA_DIR/P2_E1_DIRECTION_20260913T053456Z/features/large/obqa/02367.npz,49f4e24f8bfe7e61e8c6f83a9b6f71cb4d859dc079ab50afdda7e8156669fa43,8192,float32,ca2386f24d445258fc1244651ef6164bedaed16011ff4e7a0eff25b7fba9a542
large,obqa,14-366,2370,1,$DATA_DIR/P2_E1_DIRECTION_20260913T053456Z/features/large/obqa/02370.npz,35775493d60ce7aa4f5cb79a3140be30bcb567966aadc8167a34f74a4e394285,8192,float32,ca2386f24d445258fc1244651ef6164bedaed16011ff4e7a0eff25b7fba9a542
large,obqa,14-376,2373,1,$DATA_DIR/P2_E1_DIRECTION_20260913T053456Z/features/large/obqa/02373.npz,0baa856ecb28d724310493e9d2b9a6060eb1111c1d67d9c0767fe01e8f9c6de3,8192,float32,ca2386f24d445258fc1244651ef6164bedaed16011ff4e7a0eff25b7fba9a542
large,obqa,14-382,2376,1,$DATA_DIR/P2_E1_DIRECTION_20260913T053456Z/features/large/obqa/02376.npz,877430cd5ee6b7eb88e645e2f5456a600e4b2746d06745981c6e55896f20bd5a,8192,float32,ca2386f24d445258fc1244651ef6164bedaed16011ff4e7a0eff25b7fba9a542
large,obqa,14-389,2380,1,$DATA_DIR/P2_E1_DIRECTION_20260913T053456Z/features/large/obqa/02380.npz,cf1507b40282990beaa9e53b7dcdf23e82021cbfa7445c10f52230e1ba448437,8192,float32,ca2386f24d445258fc1244651ef6164bedaed16011ff4e7a0eff25b7fba9a542
large,obqa,14-396,2382,1,$DATA_DIR/P2_E1_DIRECTION_20260913T053456Z/features/large/obqa/02382.npz,f32cf5d25b30cd28220f3d9b0c176a4e7a2027b51c4e30b8437f25f038dd0145,8192,float32,ca2386f24d445258fc1244651ef6164bedaed16011ff4e7a0eff25b7fba9a542
large,obqa,14-407,2390,1,$DATA_DIR/P2_E1_DIRECTION_20260913T053456Z/features/large/obqa/02390.npz,4944446f34ec3f68b58b1b21932260209a4d3110b8bf6803a6c7dfb88c0e9502,8192,float32,ca2386f24d445258fc1244651ef6164bedaed16011ff4e7a0eff25b7fba9a542
large,obqa,14-416,2395,1,$DATA_DIR/P2_E1_DIRECTION_20260913T053456Z/features/large/obqa/02395.npz,0fd3b7cb05fc409d391e7ddb554e53d3b57c0b193c70da07214e909acbb9041e,8192,float32,ca2386f24d445258fc1244651ef6164bedaed16011ff4e7a0eff25b7fba9a542
large,obqa,14-436,2401,1,$DATA_DIR/P2_E1_DIRECTION_20260913T053456Z/features/large/obqa/02401.npz,b0ed40bb9b4811088b0c9707f8ac86d97ed39fe90622f01f5d61ae790549dc2c,8192,float32,ca2386f24d445258fc1244651ef6164bedaed16011ff4e7a0eff25b7fba9a542
large,obqa,14-438,2402,1,$DATA_DIR/P2_E1_DIRECTION_20260913T053456Z/features/large/obqa/02402.npz,edc62073cebc6e4b3ce89d514d72d5f3b26393a15f05eab49c8f65ddaa85b4c0,8192,float32,ca2386f24d445258fc1244651ef6164bedaed16011ff4e7a0eff25b7fba9a542
large,obqa,14-442,2405,1,$DATA_DIR/P2_E1_DIRECTION_20260913T053456Z/features/large/obqa/02405.npz,da2040e65e9dfdc7436758f999705110f14917fe66ddb217410b5279d79acada,8192,float32,ca2386f24d445258fc1244651ef6164bedaed16011ff4e7a0eff25b7fba9a542
large,obqa,14-445,2406,1,$DATA_DIR/P2_E1_DIRECTION_20260913T053456Z/features/large/obqa/02406.npz,36b5db34987f6d30a01bf7a14d5a992ebab6bc2f73a3ed468d6557e2ceadb3f8,8192,float32,ca2386f24d445258fc1244651ef6164bedaed16011ff4e7a0eff25b7fba9a542
large,obqa,14-483,2420,1,$DATA_DIR/P2_E1_DIRECTION_20260913T053456Z/features/large/obqa/02420.npz,dc66684dcaee7bf8b55af04e7b277a1b527ee5b12d78a638b198a7d60161a7b1,8192,float32,ca2386f24d445258fc1244651ef6164bedaed16011ff4e7a0eff25b7fba9a542
large,obqa,14-49,2423,1,$DATA_DIR/P2_E1_DIRECTION_20260913T053456Z/features/large/obqa/02423.npz,f29b6c01b76aa7ac041aa6ddbd1ae326b576347a39283e64e8a4418363073b48,8192,float32,ca2386f24d445258fc1244651ef6164bedaed16011ff4e7a0eff25b7fba9a542
large,obqa,14-490,2424,1,$DATA_DIR/P2_E1_DIRECTION_20260913T053456Z/features/large/obqa/02424.npz,37aa36304c1dc7822b1cd5d2608a7f5823aecf9d1a315f9459e017a6dfb2699e,8192,float32,ca2386f24d445258fc1244651ef6164bedaed16011ff4e7a0eff25b7fba9a542
large,obqa,14-521,2434,1,$DATA_DIR/P2_E1_DIRECTION_20260913T053456Z/features/large/obqa/02434.npz,84f951668e893dcd88debb2d354171d4e78aa87070a21b61af7b2c6a5fe67995,8192,float32,ca2386f24d445258fc1244651ef6164bedaed16011ff4e7a0eff25b7fba9a542
large,obqa,14-541,2442,1,$DATA_DIR/P2_E1_DIRECTION_20260913T053456Z/features/large/obqa/02442.npz,0c74eaa84f0822737906ed5e28deb9bbc17f5e5498482c283352de6a3dae4f21,8192,float32,ca2386f24d445258fc1244651ef6164bedaed16011ff4e7a0eff25b7fba9a542
large,obqa,14-551,2446,1,$DATA_DIR/P2_E1_DIRECTION_20260913T053456Z/features/large/obqa/02446.npz,16f869a2dc2afdb6c2added13f5faf3b9a619dd7df663c86368f93cac24c86b2,8192,float32,ca2386f24d445258fc1244651ef6164bedaed16011ff4e7a0eff25b7fba9a542
large,obqa,14-569,2457,1,$DATA_DIR/P2_E1_DIRECTION_20260913T053456Z/features/large/obqa/02457.npz,421d5d974e85de09a7fa12969dad0c2a74e60cd10974edc96f2f7c0fd9df9e53,8192,float32,ca2386f24d445258fc1244651ef6164bedaed16011ff4e7a0eff25b7fba9a542
large,obqa,14-577,2462,1,$DATA_DIR/P2_E1_DIRECTION_20260913T053456Z/features/large/obqa/02462.npz,a8954a2b199b878e76ae82fd480d3fcaca3b938ff4db775e4a5084412d1e5861,8192,float32,ca2386f24d445258fc1244651ef6164bedaed16011ff4e7a0eff25b7fba9a542
large,obqa,14-578,2463,1,$DATA_DIR/P2_E1_DIRECTION_20260913T053456Z/features/large/obqa/02463.npz,df861e18e94d90ea9116ffef98a961c204799f3ccd6c8e6eaf99e6092f20b430,8192,float32,ca2386f24d445258fc1244651ef6164bedaed16011ff4e7a0eff25b7fba9a542
large,obqa,14-590,2469,1,$DATA_DIR/P2_E1_DIRECTION_20260913T053456Z/features/large/obqa/02469.npz,5687c57b350ce42a505f819433cb265809059f6d4d4d27a4474112a82d923929,8192,float32,ca2386f24d445258fc1244651ef6164bedaed16011ff4e7a0eff25b7fba9a542
large,obqa,14-600,2472,1,$DATA_DIR/P2_E1_DIRECTION_20260913T053456Z/features/large/obqa/02472.npz,f5932349d9dccb39d809e29f5bbb3928063a66e220617d746fcc23bc26b8b52e,8192,float32,ca2386f24d445258fc1244651ef6164bedaed16011ff4e7a0eff25b7fba9a542
large,obqa,14-601,2473,1,$DATA_DIR/P2_E1_DIRECTION_20260913T053456Z/features/large/obqa/02473.npz,a30a0e7135f4f026c6be7f71265512cc270b644baa15211d5ef4b0d880737134,8192,float32,ca2386f24d445258fc1244651ef6164bedaed16011ff4e7a0eff25b7fba9a542
large,obqa,14-611,2476,1,$DATA_DIR/P2_E1_DIRECTION_20260913T053456Z/features/large/obqa/02476.npz,eb915608f7868f49b313fdc761b5ac70bdbed4cacb888571e5e2fb839b2a86d8,8192,float32,ca2386f24d445258fc1244651ef6164bedaed16011ff4e7a0eff25b7fba9a542
large,obqa,14-620,2481,1,$DATA_DIR/P2_E1_DIRECTION_20260913T053456Z/features/large/obqa/02481.npz,32be58a78f4018bafb0bb329497239213377e5930190091bf67ab199535b5960,8192,float32,ca2386f24d445258fc1244651ef6164bedaed16011ff4e7a0eff25b7fba9a542
large,obqa,14-622,2482,1,$DATA_DIR/P2_E1_DIRECTION_20260913T053456Z/features/large/obqa/02482.npz,ee8cb324c051180d299ca51be3fb12c1195566ca1ae0f917ea8907aa6ad4198d,8192,float32,ca2386f24d445258fc1244651ef6164bedaed16011ff4e7a0eff25b7fba9a542
large,obqa,14-623,2483,1,$DATA_DIR/P2_E1_DIRECTION_20260913T053456Z/features/large/obqa/02483.npz,e9367b57255c07a55725fadf8486928b3ecbe8744b796f9a56b34a2c5858d84e,8192,float32,ca2386f24d445258fc1244651ef6164bedaed16011ff4e7a0eff25b7fba9a542
large,obqa,14-635,2487,1,$DATA_DIR/P2_E1_DIRECTION_20260913T053456Z/features/large/obqa/02487.npz,9a7c7f5a2d5205541a485935e9485c8b0fb0799c502b802f7b82da306cebb5f2,8192,float32,ca2386f24d445258fc1244651ef6164bedaed16011ff4e7a0eff25b7fba9a542
large,obqa,14-638,2489,1,$DATA_DIR/P2_E1_DIRECTION_20260913T053456Z/features/large/obqa/02489.npz,584bfbb12fe6b7de4f58210422cd2e16b091432001cae075cccef912843fa464,8192,float32,ca2386f24d445258fc1244651ef6164bedaed16011ff4e7a0eff25b7fba9a542
large,obqa,14-644,2492,1,$DATA_DIR/P2_E1_DIRECTION_20260913T053456Z/features/large/obqa/02492.npz,68d72c0fee275354ec07e08c7f82c5be37d3e2cb021177ee9ff9a79399506ea7,8192,float32,ca2386f24d445258fc1244651ef6164bedaed16011ff4e7a0eff25b7fba9a542
large,obqa,14-651,2495,1,$DATA_DIR/P2_E1_DIRECTION_20260913T053456Z/features/large/obqa/02495.npz,7a03a1163bef8624e2df1c9b83078967179516f1af4c027ff6d9e02465af7d57,8192,float32,ca2386f24d445258fc1244651ef6164bedaed16011ff4e7a0eff25b7fba9a542
large,obqa,14-658,2497,1,$DATA_DIR/P2_E1_DIRECTION_20260913T053456Z/features/large/obqa/02497.npz,b9fdd96d1c5e9432e98b350cb92f6c0359ae71c7056c4a75f2cfb3915fb3e90d,8192,float32,ca2386f24d445258fc1244651ef6164bedaed16011ff4e7a0eff25b7fba9a542
large,obqa,14-664,2501,1,$DATA_DIR/P2_E1_DIRECTION_20260913T053456Z/features/large/obqa/02501.npz,e9e2a990dc7a2d72aa79445930a36437e8ff9175afc1067c844c791ee95154ac,8192,float32,ca2386f24d445258fc1244651ef6164bedaed16011ff4e7a0eff25b7fba9a542
large,obqa,14-669,2503,1,$DATA_DIR/P2_E1_DIRECTION_20260913T053456Z/features/large/obqa/02503.npz,b79785349f37f4625bb1d814687f7bb7b93964d65baf8b279420be30e5c974a0,8192,float32,ca2386f24d445258fc1244651ef6164bedaed16011ff4e7a0eff25b7fba9a542
large,obqa,14-682,2510,1,$DATA_DIR/P2_E1_DIRECTION_20260913T053456Z/features/large/obqa/02510.npz,1d008c090ac9b296cfc139d28dbc735d5160d3322d201b77a991969cca889473,8192,float32,ca2386f24d445258fc1244651ef6164bedaed16011ff4e7a0eff25b7fba9a542
large,obqa,14-686,2511,1,$DATA_DIR/P2_E1_DIRECTION_20260913T053456Z/features/large/obqa/02511.npz,2f51d6d75128d29a9bea3702c26937356c344bbd8d3aa0c9f90e2dd75fa9a606,8192,float32,ca2386f24d445258fc1244651ef6164bedaed16011ff4e7a0eff25b7fba9a542
large,obqa,14-687,2512,1,$DATA_DIR/P2_E1_DIRECTION_20260913T053456Z/features/large/obqa/02512.npz,9bceb5a587651ac95c9020bd84d05bbf2e348e3ef7554ce152d6707f65625960,8192,float32,ca2386f24d445258fc1244651ef6164bedaed16011ff4e7a0eff25b7fba9a542
large,obqa,14-693,2514,1,$DATA_DIR/P2_E1_DIRECTION_20260913T053456Z/features/large/obqa/02514.npz,f20da27c185fbb731ea65ea0cb1adce54293c7348d0b44e9eb7e660ef61415f3,8192,float32,ca2386f24d445258fc1244651ef6164bedaed16011ff4e7a0eff25b7fba9a542
large,obqa,14-694,2515,1,$DATA_DIR/P2_E1_DIRECTION_20260913T053456Z/features/large/obqa/02515.npz,4fc325e647b21697fb3085b16f23dd077a6b84aa90590328126cdd62dcb24c29,8192,float32,ca2386f24d445258fc1244651ef6164bedaed16011ff4e7a0eff25b7fba9a542
large,obqa,14-71,2524,1,$DATA_DIR/P2_E1_DIRECTION_20260913T053456Z/features/large/obqa/02524.npz,3658a3c0c1b6a4a98e3af278ad3e9a262d9933fb350eecfb692ff7a3434147ba,8192,float32,ca2386f24d445258fc1244651ef6164bedaed16011ff4e7a0eff25b7fba9a542
large,obqa,14-714,2527,1,$DATA_DIR/P2_E1_DIRECTION_20260913T053456Z/features/large/obqa/02527.npz,f09cae3cdb5fa2d7a438360491027419c875206a008b7f4c820669ef0bd5696f,8192,float32,ca2386f24d445258fc1244651ef6164bedaed16011ff4e7a0eff25b7fba9a542
large,obqa,14-723,2533,1,$DATA_DIR/P2_E1_DIRECTION_20260913T053456Z/features/large/obqa/02533.npz,874f0092a01ab8c3a62c9c9d1a3b3d322d14f16e6756826ff08a5a9f7275b8a5,8192,float32,ca2386f24d445258fc1244651ef6164bedaed16011ff4e7a0eff25b7fba9a542
large,obqa,14-725,2535,1,$DATA_DIR/P2_E1_DIRECTION_20260913T053456Z/features/large/obqa/02535.npz,f8dc692ad65f3fa82a20e9502b5d1e458cf07bd878a2db1c22a67acf5a50cdf6,8192,float32,ca2386f24d445258fc1244651ef6164bedaed16011ff4e7a0eff25b7fba9a542
large,obqa,14-736,2539,1,$DATA_DIR/P2_E1_DIRECTION_20260913T053456Z/features/large/obqa/02539.npz,9983ec400f7d7fc23743220ac35616862889ec71f6105d61f0624dcc4cfde839,8192,float32,ca2386f24d445258fc1244651ef6164bedaed16011ff4e7a0eff25b7fba9a542
large,obqa,14-74,2540,1,$DATA_DIR/P2_E1_DIRECTION_20260913T053456Z/features/large/obqa/02540.npz,7170add81a07919a9177c6906637b558d5b3e22586bf470b97cbec2157ade75f,8192,float32,ca2386f24d445258fc1244651ef6164bedaed16011ff4e7a0eff25b7fba9a542
large,obqa,14-753,2544,1,$DATA_DIR/P2_E1_DIRECTION_20260913T053456Z/features/large/obqa/02544.npz,c2256078d3dca15a2530fde8e3e32368dfb1f2889ffcdadb568f25b8c4b13885,8192,float32,ca2386f24d445258fc1244651ef6164bedaed16011ff4e7a0eff25b7fba9a542
large,obqa,14-767,2549,1,$DATA_DIR/P2_E1_DIRECTION_20260913T053456Z/features/large/obqa/02549.npz,86b1bf65aa10033ca572fdfcde52dbaa04d22fee0459d945d1b880f1cb95bc81,8192,float32,ca2386f24d445258fc1244651ef6164bedaed16011ff4e7a0eff25b7fba9a542
large,obqa,14-781,2554,1,$DATA_DIR/P2_E1_DIRECTION_20260913T053456Z/features/large/obqa/02554.npz,b058629aad23cb24b1d59552926ffd8d018474d66a518935b318affbb814cc33,8192,float32,ca2386f24d445258fc1244651ef6164bedaed16011ff4e7a0eff25b7fba9a542
large,obqa,14-795,2557,1,$DATA_DIR/P2_E1_DIRECTION_20260913T053456Z/features/large/obqa/02557.npz,34719cf63a3c4d1f1acac2d65b1eaa5a60f6e35c4f14e599c2c92c6cea617e42,8192,float32,ca2386f24d445258fc1244651ef6164bedaed16011ff4e7a0eff25b7fba9a542
large,obqa,14-803,2561,1,$DATA_DIR/P2_E1_DIRECTION_20260913T053456Z/features/large/obqa/02561.npz,e872b5d4c7c432e71be1028681a82d9b714b1b6195e3f245e1b504874bc403e4,8192,float32,ca2386f24d445258fc1244651ef6164bedaed16011ff4e7a0eff25b7fba9a542
large,obqa,14-815,2565,1,$DATA_DIR/P2_E1_DIRECTION_20260913T053456Z/features/large/obqa/02565.npz,e5f0912566556f3c479e47fda2e06f3326267077a14fc9d15bbbbfa2ae20b02e,8192,float32,ca2386f24d445258fc1244651ef6164bedaed16011ff4e7a0eff25b7fba9a542
large,obqa,14-817,2567,1,$DATA_DIR/P2_E1_DIRECTION_20260913T053456Z/features/large/obqa/02567.npz,521374108898d2a6e1abbeb85b8f7cc9d3e11981a6605e412b68a47b12f78b09,8192,float32,ca2386f24d445258fc1244651ef6164bedaed16011ff4e7a0eff25b7fba9a542
large,obqa,14-831,2576,1,$DATA_DIR/P2_E1_DIRECTION_20260913T053456Z/features/large/obqa/02576.npz,6162600c789d2f02cc96ee1f6de3442af25ed926c34e3fb552e159c1eeb62d37,8192,float32,ca2386f24d445258fc1244651ef6164bedaed16011ff4e7a0eff25b7fba9a542
large,obqa,14-840,2579,1,$DATA_DIR/P2_E1_DIRECTION_20260913T053456Z/features/large/obqa/02579.npz,ae9aed8a3ef157febab3197349e72b434601c1d3abf97972e98223aa099e5603,8192,float32,ca2386f24d445258fc1244651ef6164bedaed16011ff4e7a0eff25b7fba9a542
large,obqa,14-853,2585,1,$DATA_DIR/P2_E1_DIRECTION_20260913T053456Z/features/large/obqa/02585.npz,afbee8e24564a416a261d9966f6fad4fd1319e7bbb925174aee2ecf11960453c,8192,float32,ca2386f24d445258fc1244651ef6164bedaed16011ff4e7a0eff25b7fba9a542
large,obqa,14-857,2586,1,$DATA_DIR/P2_E1_DIRECTION_20260913T053456Z/features/large/obqa/02586.npz,913b9adaef8898c20c2d728dccf3ca840674d55e0b29e41b029bbc65d51b014b,8192,float32,ca2386f24d445258fc1244651ef6164bedaed16011ff4e7a0eff25b7fba9a542
large,obqa,14-866,2592,1,$DATA_DIR/P2_E1_DIRECTION_20260913T053456Z/features/large/obqa/02592.npz,8825f5453fb6002b4f7922bb736d20d8c5b856a04929001ebb500cc971c8b8b2,8192,float32,ca2386f24d445258fc1244651ef6164bedaed16011ff4e7a0eff25b7fba9a542
large,obqa,14-873,2593,1,$DATA_DIR/P2_E1_DIRECTION_20260913T053456Z/features/large/obqa/02593.npz,7e7b5bc51e3654f148f9a6b2ea2aea5fa6a544e79208fdd77358a5fc08e8dfdc,8192,float32,ca2386f24d445258fc1244651ef6164bedaed16011ff4e7a0eff25b7fba9a542
large,obqa,14-874,2594,1,$DATA_DIR/P2_E1_DIRECTION_20260913T053456Z/features/large/obqa/02594.npz,bb500aeaf8af3191dba77375d724b8442528b1387a8ce66e85817ac9e89a3fd6,8192,float32,ca2386f24d445258fc1244651ef6164bedaed16011ff4e7a0eff25b7fba9a542
large,obqa,14-887,2602,1,$DATA_DIR/P2_E1_DIRECTION_20260913T053456Z/features/large/obqa/02602.npz,336d0b29321f6932c511919c8892dbc2138cc9f051e60afdc05ecd620c1b3550,8192,float32,ca2386f24d445258fc1244651ef6164bedaed16011ff4e7a0eff25b7fba9a542
large,obqa,14-894,2607,1,$DATA_DIR/P2_E1_DIRECTION_20260913T053456Z/features/large/obqa/02607.npz,7f2e520ab3a9ac918c5b7f5d30a3684a9a2a71b0d98cf9f218b96a9fad06ccab,8192,float32,ca2386f24d445258fc1244651ef6164bedaed16011ff4e7a0eff25b7fba9a542
large,obqa,14-895,2608,1,$DATA_DIR/P2_E1_DIRECTION_20260913T053456Z/features/large/obqa/02608.npz,337e85533563f013b3923b69bd2dbd76e8edc433a160dff0907da53c44267c38,8192,float32,ca2386f24d445258fc1244651ef6164bedaed16011ff4e7a0eff25b7fba9a542
large,obqa,14-910,2612,1,$DATA_DIR/P2_E1_DIRECTION_20260913T053456Z/features/large/obqa/02612.npz,1ed374247d8912c5465e2248cf5312a1806adc6948ce803b7105b36b76610aa4,8192,float32,ca2386f24d445258fc1244651ef6164bedaed16011ff4e7a0eff25b7fba9a542
large,obqa,14-925,2619,1,$DATA_DIR/P2_E1_DIRECTION_20260913T053456Z/features/large/obqa/02619.npz,f891dba7fa69acc39ff878185f44ae28638e4539c4bf4d68a17e328f0b1dba8c,8192,float32,ca2386f24d445258fc1244651ef6164bedaed16011ff4e7a0eff25b7fba9a542
large,obqa,14-937,2627,1,$DATA_DIR/P2_E1_DIRECTION_20260913T053456Z/features/large/obqa/02627.npz,1328eaa772320b122a789e76e857c63eac8a0feb9d738ae07b26974a10c50d2a,8192,float32,ca2386f24d445258fc1244651ef6164bedaed16011ff4e7a0eff25b7fba9a542
large,obqa,14-957,2638,1,$DATA_DIR/P2_E1_DIRECTION_20260913T053456Z/features/large/obqa/02638.npz,62c65e50809c9f84c899e7bf86276cd67a4fb5919fd286e82e25116431059368,8192,float32,ca2386f24d445258fc1244651ef6164bedaed16011ff4e7a0eff25b7fba9a542
large,obqa,14-959,2639,1,$DATA_DIR/P2_E1_DIRECTION_20260913T053456Z/features/large/obqa/02639.npz,6d61777194cd3bf1365b2edf6b62e0434d4212d3051b0cf81537ffba8efff722,8192,float32,ca2386f24d445258fc1244651ef6164bedaed16011ff4e7a0eff25b7fba9a542
large,obqa,14-964,2641,1,$DATA_DIR/P2_E1_DIRECTION_20260913T053456Z/features/large/obqa/02641.npz,4b8bd45c3ead53eaba9a4e856d48965da47ecd759851b87ace1ce4832bcfad4e,8192,float32,ca2386f24d445258fc1244651ef6164bedaed16011ff4e7a0eff25b7fba9a542
large,obqa,14-97,2645,1,$DATA_DIR/P2_E1_DIRECTION_20260913T053456Z/features/large/obqa/02645.npz,09ddda66df011397ea88cad0ecc981646867b3afa86b952fa87226b40882587f,8192,float32,ca2386f24d445258fc1244651ef6164bedaed16011ff4e7a0eff25b7fba9a542
large,obqa,14-980,2649,1,$DATA_DIR/P2_E1_DIRECTION_20260913T053456Z/features/large/obqa/02649.npz,b662893a7312c1046a5bfcfad41b5ff55c55314eb65b4c8d1bfb05b544e44b3f,8192,float32,ca2386f24d445258fc1244651ef6164bedaed16011ff4e7a0eff25b7fba9a542
large,obqa,14-986,2653,1,$DATA_DIR/P2_E1_DIRECTION_20260913T053456Z/features/large/obqa/02653.npz,cdc3771012da8607ce04c42cb678ea4017428d81e06b14e6f0a95822d50a6cde,8192,float32,ca2386f24d445258fc1244651ef6164bedaed16011ff4e7a0eff25b7fba9a542
large,obqa,14-995,2657,1,$DATA_DIR/P2_E1_DIRECTION_20260913T053456Z/features/large/obqa/02657.npz,cba6171b7701545b1f11f5fa2809c4991ac8834488fba2fc8a9d1b094b9cd74c,8192,float32,ca2386f24d445258fc1244651ef6164bedaed16011ff4e7a0eff25b7fba9a542
large,obqa,1413,2663,1,$DATA_DIR/P2_E1_DIRECTION_20260913T053456Z/features/large/obqa/02663.npz,7b20e5a43080414c1a735b900019ea5e81ce813c0d02b822cc0d8ec4fc74d7aa,8192,float32,ca2386f24d445258fc1244651ef6164bedaed16011ff4e7a0eff25b7fba9a542
large,obqa,1432,2666,1,$DATA_DIR/P2_E1_DIRECTION_20260913T053456Z/features/large/obqa/02666.npz,e0a6b872a1919c100e5d575f340b5ee1ad110f23a82ba581f3892d5edd0390e0,8192,float32,ca2386f24d445258fc1244651ef6164bedaed16011ff4e7a0eff25b7fba9a542
large,obqa,1443,2671,1,$DATA_DIR/P2_E1_DIRECTION_20260913T053456Z/features/large/obqa/02671.npz,40b8d64d720dab547f486f2948a8473b23e2298dda04ad4fd082e2033dfd5e6e,8192,float32,ca2386f24d445258fc1244651ef6164bedaed16011ff4e7a0eff25b7fba9a542
large,obqa,1453,2672,1,$DATA_DIR/P2_E1_DIRECTION_20260913T053456Z/features/large/obqa/02672.npz,74b7e8dfbcb30ba142acd2d6a60bee7f0af11232299feb57f790ed43c0f444ed,8192,float32,ca2386f24d445258fc1244651ef6164bedaed16011ff4e7a0eff25b7fba9a542
large,obqa,1514,2679,1,$DATA_DIR/P2_E1_DIRECTION_20260913T053456Z/features/large/obqa/02679.npz,73bdff16505d9005786cb80aaae02f14d38366ead290893c0076966daadb083b,8192,float32,ca2386f24d445258fc1244651ef6164bedaed16011ff4e7a0eff25b7fba9a542
large,obqa,155,2683,1,$DATA_DIR/P2_E1_DIRECTION_20260913T053456Z/features/large/obqa/02683.npz,66bddd1e4a3f82e671414dbe0fb52db62e65023afca54b3e1a9fd4b9151fd321,8192,float32,ca2386f24d445258fc1244651ef6164bedaed16011ff4e7a0eff25b7fba9a542
large,obqa,1552,2684,1,$DATA_DIR/P2_E1_DIRECTION_20260913T053456Z/features/large/obqa/02684.npz,9a58000ffa1823e89d1faad2b03fb2791d5b804d4f087cb65abda844e39066e5,8192,float32,ca2386f24d445258fc1244651ef6164bedaed16011ff4e7a0eff25b7fba9a542
large,obqa,1564,2685,1,$DATA_DIR/P2_E1_DIRECTION_20260913T053456Z/features/large/obqa/02685.npz,12c13d991cc772f4ec799a7e24cf41aae082334ffc9ed6927c27582ea35c14e5,8192,float32,ca2386f24d445258fc1244651ef6164bedaed16011ff4e7a0eff25b7fba9a542
large,obqa,1567,2686,1,$DATA_DIR/P2_E1_DIRECTION_20260913T053456Z/features/large/obqa/02686.npz,60c6d9fa8c22585befd512249cb170747785b6e57db4d047b5b0aea9446614f7,8192,float32,ca2386f24d445258fc1244651ef6164bedaed16011ff4e7a0eff25b7fba9a542
large,obqa,1696,2703,1,$DATA_DIR/P2_E1_DIRECTION_20260913T053456Z/features/large/obqa/02703.npz,0ff66e4d84a86c4d00d06ad4af8e6531e9d0b5151133efbd9896d17ba28d44ce,8192,float32,ca2386f24d445258fc1244651ef6164bedaed16011ff4e7a0eff25b7fba9a542
large,obqa,1722,2708,1,$DATA_DIR/P2_E1_DIRECTION_20260913T053456Z/features/large/obqa/02708.npz,cf43a2f5d9636111b5a36dfece6c2c7675bf0204013201653e0437051daed33b,8192,float32,ca2386f24d445258fc1244651ef6164bedaed16011ff4e7a0eff25b7fba9a542
large,obqa,1806,2716,1,$DATA_DIR/P2_E1_DIRECTION_20260913T053456Z/features/large/obqa/02716.npz,7df63d7682a5bb8207e9a569b074fa0d65854b524b496d9df4565cdedbc6e752,8192,float32,ca2386f24d445258fc1244651ef6164bedaed16011ff4e7a0eff25b7fba9a542
large,obqa,1846,2721,1,$DATA_DIR/P2_E1_DIRECTION_20260913T053456Z/features/large/obqa/02721.npz,5918c903d4de420287557cab92331655b7798d6396c53a8dea47cc311d587caf,8192,float32,ca2386f24d445258fc1244651ef6164bedaed16011ff4e7a0eff25b7fba9a542
large,obqa,1860,2722,1,$DATA_DIR/P2_E1_DIRECTION_20260913T053456Z/features/large/obqa/02722.npz,74c7db78f71d5ee2457c2aa65798375186efbdd95a8f532ca12d3b5c5ecb7d11,8192,float32,ca2386f24d445258fc1244651ef6164bedaed16011ff4e7a0eff25b7fba9a542
large,obqa,1867,2723,1,$DATA_DIR/P2_E1_DIRECTION_20260913T053456Z/features/large/obqa/02723.npz,e41c66159b79267db9f90efc5ff2768872a0bcb081e86c19fc14ca1f04170a59,8192,float32,ca2386f24d445258fc1244651ef6164bedaed16011ff4e7a0eff25b7fba9a542
large,obqa,1877,2726,1,$DATA_DIR/P2_E1_DIRECTION_20260913T053456Z/features/large/obqa/02726.npz,18c69d92309b738e9d266aefd5651af5c35687994aae9f12d1c7d8977790f028,8192,float32,ca2386f24d445258fc1244651ef6164bedaed16011ff4e7a0eff25b7fba9a542
large,obqa,1898,2732,1,$DATA_DIR/P2_E1_DIRECTION_20260913T053456Z/features/large/obqa/02732.npz,13514ce50b79c7a581ce44e85bbaa7f0d66b1611cfc4bbb70170b47863ce1a57,8192,float32,ca2386f24d445258fc1244651ef6164bedaed16011ff4e7a0eff25b7fba9a542
large,obqa,1950,2740,1,$DATA_DIR/P2_E1_DIRECTION_20260913T053456Z/features/large/obqa/02740.npz,f7828833d6e0d79f7e56fc7616bfe78428d959203276674d9c81a3bc19bdfd02,8192,float32,ca2386f24d445258fc1244651ef6164bedaed16011ff4e7a0eff25b7fba9a542
large,obqa,196,2742,1,$DATA_DIR/P2_E1_DIRECTION_20260913T053456Z/features/large/obqa/02742.npz,57589e9e866f85fe550e6e275177b771b27816153dda7110ef19ee1ae82b341e,8192,float32,ca2386f24d445258fc1244651ef6164bedaed16011ff4e7a0eff25b7fba9a542
large,obqa,203,2746,1,$DATA_DIR/P2_E1_DIRECTION_20260913T053456Z/features/large/obqa/02746.npz,9d3c7e1d6f46b4bdc4633d310e73f3725f6d28bdbc7992404e7cc2de914bb766,8192,float32,ca2386f24d445258fc1244651ef6164bedaed16011ff4e7a0eff25b7fba9a542
large,obqa,246,2755,1,$DATA_DIR/P2_E1_DIRECTION_20260913T053456Z/features/large/obqa/02755.npz,e7575527ac49b9bee5bc9a05f757a1eda260df39aae2875bac9a19f9548c01ab,8192,float32,ca2386f24d445258fc1244651ef6164bedaed16011ff4e7a0eff25b7fba9a542
large,obqa,30,2765,1,$DATA_DIR/P2_E1_DIRECTION_20260913T053456Z/features/large/obqa/02765.npz,d1152cb3b11afb1fe458e1a808153e2ff27fa2736aa490a8911740eefbf42b77,8192,float32,ca2386f24d445258fc1244651ef6164bedaed16011ff4e7a0eff25b7fba9a542
large,obqa,319,2768,1,$DATA_DIR/P2_E1_DIRECTION_20260913T053456Z/features/large/obqa/02768.npz,3851e32361a7d7e0e84ce003063770da61c44462d0c772a0ab1635ebe234c8e9,8192,float32,ca2386f24d445258fc1244651ef6164bedaed16011ff4e7a0eff25b7fba9a542
large,obqa,325,2770,1,$DATA_DIR/P2_E1_DIRECTION_20260913T053456Z/features/large/obqa/02770.npz,efa7adc222255537458e368f601ff4c71f713d11b2564e1d62f64a74b29beeef,8192,float32,ca2386f24d445258fc1244651ef6164bedaed16011ff4e7a0eff25b7fba9a542
large,obqa,355,2774,1,$DATA_DIR/P2_E1_DIRECTION_20260913T053456Z/features/large/obqa/02774.npz,6466ef286d1f189220f0fdd3b40a6678eb04e2776bd530d9c0199bcd7636947b,8192,float32,ca2386f24d445258fc1244651ef6164bedaed16011ff4e7a0eff25b7fba9a542
large,obqa,401,2780,1,$DATA_DIR/P2_E1_DIRECTION_20260913T053456Z/features/large/obqa/02780.npz,839991109d2e1756d9985caa1fa24f9f57e96c2734d6a9ae614a27637e3ced7b,8192,float32,ca2386f24d445258fc1244651ef6164bedaed16011ff4e7a0eff25b7fba9a542
large,obqa,405,2781,1,$DATA_DIR/P2_E1_DIRECTION_20260913T053456Z/features/large/obqa/02781.npz,01f7dcaa9d97125ac6dfc7342b62f0377601f230723c9489c78732c721eea6da,8192,float32,ca2386f24d445258fc1244651ef6164bedaed16011ff4e7a0eff25b7fba9a542
large,obqa,498,2786,1,$DATA_DIR/P2_E1_DIRECTION_20260913T053456Z/features/large/obqa/02786.npz,ce7aa2613a49fb86415d30afed70b312efd5224837242d1e1fe1fd2c01eff38d,8192,float32,ca2386f24d445258fc1244651ef6164bedaed16011ff4e7a0eff25b7fba9a542
large,obqa,573,2793,1,$DATA_DIR/P2_E1_DIRECTION_20260913T053456Z/features/large/obqa/02793.npz,f3f771ea9fd4eadd6e70b14642882ed74a858000be54cbb27213507fb3dfad54,8192,float32,ca2386f24d445258fc1244651ef6164bedaed16011ff4e7a0eff25b7fba9a542
large,obqa,585,2796,1,$DATA_DIR/P2_E1_DIRECTION_20260913T053456Z/features/large/obqa/02796.npz,dc2bb0f55888da9762f4da6b1bef78be426eaf61efa0427e3c00c321878a0ba4,8192,float32,ca2386f24d445258fc1244651ef6164bedaed16011ff4e7a0eff25b7fba9a542
large,obqa,681,2807,1,$DATA_DIR/P2_E1_DIRECTION_20260913T053456Z/features/large/obqa/02807.npz,02ed53c67d9ac58dcb1e2c809c1fad37ddb488c0eb6ac86a4d4a47ae0dba5758,8192,float32,ca2386f24d445258fc1244651ef6164bedaed16011ff4e7a0eff25b7fba9a542
large,obqa,684,2808,1,$DATA_DIR/P2_E1_DIRECTION_20260913T053456Z/features/large/obqa/02808.npz,58c0739170cdb3dfbd17365783ea97c4d6f0f57953e4c5a9317ba392dfc297df,8192,float32,ca2386f24d445258fc1244651ef6164bedaed16011ff4e7a0eff25b7fba9a542
large,obqa,7-1027,2815,1,$DATA_DIR/P2_E1_DIRECTION_20260913T053456Z/features/large/obqa/02815.npz,2710b1a56ffee4d7418afae46fe08ee5e68f22cf386331165d13c6224a83c8e5,8192,float32,ca2386f24d445258fc1244651ef6164bedaed16011ff4e7a0eff25b7fba9a542
large,obqa,7-1049,2818,1,$DATA_DIR/P2_E1_DIRECTION_20260913T053456Z/features/large/obqa/02818.npz,172b7efc59a3e27fcef18ca4916b185886d936d6d650142026ade234398ddc95,8192,float32,ca2386f24d445258fc1244651ef6164bedaed16011ff4e7a0eff25b7fba9a542
large,obqa,7-1091,2832,1,$DATA_DIR/P2_E1_DIRECTION_20260913T053456Z/features/large/obqa/02832.npz,6a623f6ab2fbc755c52baf2e55411f1e576faae9ea18ec6611079f73d053a938,8192,float32,ca2386f24d445258fc1244651ef6164bedaed16011ff4e7a0eff25b7fba9a542
large,obqa,7-1093,2833,1,$DATA_DIR/P2_E1_DIRECTION_20260913T053456Z/features/large/obqa/02833.npz,f96c89afadd060de5ddabc702fd7d7943e6db3503e566725743d905b216e4e96,8192,float32,ca2386f24d445258fc1244651ef6164bedaed16011ff4e7a0eff25b7fba9a542
large,obqa,7-1111,2838,1,$DATA_DIR/P2_E1_DIRECTION_20260913T053456Z/features/large/obqa/02838.npz,6acfedf61ce8f28d0a3859a2ff06fc8ac41c73368e0f31de160887187f46037f,8192,float32,ca2386f24d445258fc1244651ef6164bedaed16011ff4e7a0eff25b7fba9a542
large,obqa,7-1126,2841,1,$DATA_DIR/P2_E1_DIRECTION_20260913T053456Z/features/large/obqa/02841.npz,cb5d91b742be230fecd8aca335513df6b9575d0c9ae7b841dc6111992683a7f4,8192,float32,ca2386f24d445258fc1244651ef6164bedaed16011ff4e7a0eff25b7fba9a542
large,obqa,7-1133,2843,1,$DATA_DIR/P2_E1_DIRECTION_20260913T053456Z/features/large/obqa/02843.npz,05f4c657d0832dfa78a39ec3e7f3984a158ff1aa1363e1609f271f240a1730d0,8192,float32,ca2386f24d445258fc1244651ef6164bedaed16011ff4e7a0eff25b7fba9a542
large,obqa,7-1147,2849,1,$DATA_DIR/P2_E1_DIRECTION_20260913T053456Z/features/large/obqa/02849.npz,66c20e72041455e0d63ed2424ae6d59a044642aeb20315c3363ad6c17060a6b2,8192,float32,ca2386f24d445258fc1244651ef6164bedaed16011ff4e7a0eff25b7fba9a542
large,obqa,7-1183,2855,1,$DATA_DIR/P2_E1_DIRECTION_20260913T053456Z/features/large/obqa/02855.npz,6f7a84a38ad62f7e258107333780ed1bbf89f4f8adbd1eccf96cb36495a3063f,8192,float32,ca2386f24d445258fc1244651ef6164bedaed16011ff4e7a0eff25b7fba9a542
large,obqa,7-149,2865,1,$DATA_DIR/P2_E1_DIRECTION_20260913T053456Z/features/large/obqa/02865.npz,fe26f4017ffd4ff6f4ee285aaba6f9ea9e41a5d7e0a9a169c84dd75831918090,8192,float32,ca2386f24d445258fc1244651ef6164bedaed16011ff4e7a0eff25b7fba9a542
large,obqa,7-178,2869,1,$DATA_DIR/P2_E1_DIRECTION_20260913T053456Z/features/large/obqa/02869.npz,b00804df8439851316adf8698edcac1e6023c93c5a4e25777d128a480b2e5f0a,8192,float32,ca2386f24d445258fc1244651ef6164bedaed16011ff4e7a0eff25b7fba9a542
large,obqa,7-180,2870,1,$DATA_DIR/P2_E1_DIRECTION_20260913T053456Z/features/large/obqa/02870.npz,a065b09a80319b228083a70efc5e0a303a71e49a8b16d9fd9bf6e007d7de4610,8192,float32,ca2386f24d445258fc1244651ef6164bedaed16011ff4e7a0eff25b7fba9a542
large,obqa,7-223,2877,1,$DATA_DIR/P2_E1_DIRECTION_20260913T053456Z/features/large/obqa/02877.npz,4224aa7ada0bd35aee4f06711aa18772e66fe78f2093f62a6ea69ace12b76cc3,8192,float32,ca2386f24d445258fc1244651ef6164bedaed16011ff4e7a0eff25b7fba9a542
large,obqa,7-243,2882,1,$DATA_DIR/P2_E1_DIRECTION_20260913T053456Z/features/large/obqa/02882.npz,56936c070d94bf2c17cdf5cdb327e6f7beb3b56955de7500c81936910a153b5a,8192,float32,ca2386f24d445258fc1244651ef6164bedaed16011ff4e7a0eff25b7fba9a542
large,obqa,7-245,2883,1,$DATA_DIR/P2_E1_DIRECTION_20260913T053456Z/features/large/obqa/02883.npz,d43c10dd18a0542b8193de665779597834a4e08285b2acc991468db14828b311,8192,float32,ca2386f24d445258fc1244651ef6164bedaed16011ff4e7a0eff25b7fba9a542
large,obqa,7-269,2886,1,$DATA_DIR/P2_E1_DIRECTION_20260913T053456Z/features/large/obqa/02886.npz,c1f5239d13349309caed07aaf6e8d7bca55833f7981c4cc92298191c59a89888,8192,float32,ca2386f24d445258fc1244651ef6164bedaed16011ff4e7a0eff25b7fba9a542
large,obqa,7-29,2893,1,$DATA_DIR/P2_E1_DIRECTION_20260913T053456Z/features/large/obqa/02893.npz,7c2c8c9c0e5004f2893d266d6844600ed489926a3d682084b640e7470e898c6f,8192,float32,ca2386f24d445258fc1244651ef6164bedaed16011ff4e7a0eff25b7fba9a542
large,obqa,7-317,2900,1,$DATA_DIR/P2_E1_DIRECTION_20260913T053456Z/features/large/obqa/02900.npz,549fb377e9635ae598ee8bd0bbee801218a1c27c4622d911381e8ffe9b5fb9c6,8192,float32,ca2386f24d445258fc1244651ef6164bedaed16011ff4e7a0eff25b7fba9a542
large,obqa,7-335,2902,1,$DATA_DIR/P2_E1_DIRECTION_20260913T053456Z/features/large/obqa/02902.npz,78ce182875bb074b052af5faccebfcb26e0bdbf0bc396be4700cb80c0bd86e4a,8192,float32,ca2386f24d445258fc1244651ef6164bedaed16011ff4e7a0eff25b7fba9a542
large,obqa,7-350,2907,1,$DATA_DIR/P2_E1_DIRECTION_20260913T053456Z/features/large/obqa/02907.npz,87d549f0de6bc71aa474865fbf281706dbfa81d4cc8022784c2b26b7198bfcd1,8192,float32,ca2386f24d445258fc1244651ef6164bedaed16011ff4e7a0eff25b7fba9a542
large,obqa,7-368,2910,1,$DATA_DIR/P2_E1_DIRECTION_20260913T053456Z/features/large/obqa/02910.npz,f0ac9a2e401e8c92bbb19047217b7e7a75fc3302a1a6de5a5e5e0b9e0ddac3f1,8192,float32,ca2386f24d445258fc1244651ef6164bedaed16011ff4e7a0eff25b7fba9a542
large,obqa,7-409,2917,1,$DATA_DIR/P2_E1_DIRECTION_20260913T053456Z/features/large/obqa/02917.npz,e927989b7e8795a7663a2ad7cdf70e00e080bf85d92f970c2a41df6e73c5dcbb,8192,float32,ca2386f24d445258fc1244651ef6164bedaed16011ff4e7a0eff25b7fba9a542
large,obqa,7-418,2920,1,$DATA_DIR/P2_E1_DIRECTION_20260913T053456Z/features/large/obqa/02920.npz,c961fe57e2d138308fc08112da18a850497be4a1c8da17a1f487cd94a10c9046,8192,float32,ca2386f24d445258fc1244651ef6164bedaed16011ff4e7a0eff25b7fba9a542
large,obqa,7-474,2937,1,$DATA_DIR/P2_E1_DIRECTION_20260913T053456Z/features/large/obqa/02937.npz,2f62ac7c77deb17727f0d577bc8f8ede3e7515b509aef967204011f2ae535d8a,8192,float32,ca2386f24d445258fc1244651ef6164bedaed16011ff4e7a0eff25b7fba9a542
large,obqa,7-499,2940,1,$DATA_DIR/P2_E1_DIRECTION_20260913T053456Z/features/large/obqa/02940.npz,002f38145b67fdaf069c7ca1d76f5acef543f51473e8a70e325d196fe0cdda4b,8192,float32,ca2386f24d445258fc1244651ef6164bedaed16011ff4e7a0eff25b7fba9a542
large,obqa,7-521,2945,1,$DATA_DIR/P2_E1_DIRECTION_20260913T053456Z/features/large/obqa/02945.npz,d8df7f6309a4ef2f23d8b5a851ba5801fba14d115af5e8df1f54635d528601a5,8192,float32,ca2386f24d445258fc1244651ef6164bedaed16011ff4e7a0eff25b7fba9a542
large,obqa,7-530,2948,1,$DATA_DIR/P2_E1_DIRECTION_20260913T053456Z/features/large/obqa/02948.npz,ac8d94b73a7384ac29fbfd5f430dcf0364f960ea73396e9af7772c821efbf9ab,8192,float32,ca2386f24d445258fc1244651ef6164bedaed16011ff4e7a0eff25b7fba9a542
large,obqa,7-531,2949,1,$DATA_DIR/P2_E1_DIRECTION_20260913T053456Z/features/large/obqa/02949.npz,2e669591a2edfbcc31c68b5360a88391a9ff7723a22c3c4ff37ac628bf54028d,8192,float32,ca2386f24d445258fc1244651ef6164bedaed16011ff4e7a0eff25b7fba9a542
large,obqa,7-555,2954,1,$DATA_DIR/P2_E1_DIRECTION_20260913T053456Z/features/large/obqa/02954.npz,98847c797726ec8b5a1502c6c8ed1e6e8c5f98a813076ef965c6f8c2c1e4ba55,8192,float32,ca2386f24d445258fc1244651ef6164bedaed16011ff4e7a0eff25b7fba9a542
large,obqa,7-588,2964,1,$DATA_DIR/P2_E1_DIRECTION_20260913T053456Z/features/large/obqa/02964.npz,67b6ead92b70a33e0bf519616206bae39955f1fee81468fd34e51b3e5ec962ae,8192,float32,ca2386f24d445258fc1244651ef6164bedaed16011ff4e7a0eff25b7fba9a542
large,obqa,7-591,2965,1,$DATA_DIR/P2_E1_DIRECTION_20260913T053456Z/features/large/obqa/02965.npz,248f5be6b2cf7b04421ef2f6a9625567f812affcd4589ed576f544c2dd6b5e85,8192,float32,ca2386f24d445258fc1244651ef6164bedaed16011ff4e7a0eff25b7fba9a542
large,obqa,7-659,2975,1,$DATA_DIR/P2_E1_DIRECTION_20260913T053456Z/features/large/obqa/02975.npz,45ce2ca3cd5c0a617fe4135748629f84c52dcc1d0c9c950608ae834d8ca70012,8192,float32,ca2386f24d445258fc1244651ef6164bedaed16011ff4e7a0eff25b7fba9a542
large,obqa,7-662,2976,1,$DATA_DIR/P2_E1_DIRECTION_20260913T053456Z/features/large/obqa/02976.npz,4d88c712700b74470ae557a776d05d2ba994774ba9f334f0c23d961882e75a23,8192,float32,ca2386f24d445258fc1244651ef6164bedaed16011ff4e7a0eff25b7fba9a542
large,obqa,7-701,2983,1,$DATA_DIR/P2_E1_DIRECTION_20260913T053456Z/features/large/obqa/02983.npz,bb5d7df46c4df87e2553a24cccd89d1078776e2d46736579fcec807abdfcb00b,8192,float32,ca2386f24d445258fc1244651ef6164bedaed16011ff4e7a0eff25b7fba9a542
large,obqa,7-719,2989,1,$DATA_DIR/P2_E1_DIRECTION_20260913T053456Z/features/large/obqa/02989.npz,b34167610dedb5b8c8c38ffaed18a7da661949bb71d7ccf1158edca29a4f987a,8192,float32,ca2386f24d445258fc1244651ef6164bedaed16011ff4e7a0eff25b7fba9a542
large,obqa,7-721,2990,1,$DATA_DIR/P2_E1_DIRECTION_20260913T053456Z/features/large/obqa/02990.npz,e3144e3de644e80fed9ae6dbe9b1124ca5460d52b887bec519b5b83a7b8a4f7e,8192,float32,ca2386f24d445258fc1244651ef6164bedaed16011ff4e7a0eff25b7fba9a542
large,obqa,7-743,2997,1,$DATA_DIR/P2_E1_DIRECTION_20260913T053456Z/features/large/obqa/02997.npz,7e65c7f49e3d527a251a34d49f8f6ae209c4258e02c1942dafb0560514a0179a,8192,float32,ca2386f24d445258fc1244651ef6164bedaed16011ff4e7a0eff25b7fba9a542
large,obqa,7-748,3000,1,$DATA_DIR/P2_E1_DIRECTION_20260913T053456Z/features/large/obqa/03000.npz,5857171b6ee77ef8bd5ae99e66a7c159e49c3c36c57a308f308fd0ddd333252f,8192,float32,ca2386f24d445258fc1244651ef6164bedaed16011ff4e7a0eff25b7fba9a542
large,obqa,7-76,3005,1,$DATA_DIR/P2_E1_DIRECTION_20260913T053456Z/features/large/obqa/03005.npz,f71732e39f104664839076ff6e09cbfd95718cbe917cfe8ecde46db76ac6f3e5,8192,float32,ca2386f24d445258fc1244651ef6164bedaed16011ff4e7a0eff25b7fba9a542
large,obqa,7-783,3011,1,$DATA_DIR/P2_E1_DIRECTION_20260913T053456Z/features/large/obqa/03011.npz,c329db9ecfe1182a02fc1060a4c4c35de5f6aab65bbd96d1e766e92a5686272b,8192,float32,ca2386f24d445258fc1244651ef6164bedaed16011ff4e7a0eff25b7fba9a542
large,obqa,7-792,3014,1,$DATA_DIR/P2_E1_DIRECTION_20260913T053456Z/features/large/obqa/03014.npz,2864e0ae6b636b059e488928328ff82ffd57fe4ac78ca0c2db3ba248fae49797,8192,float32,ca2386f24d445258fc1244651ef6164bedaed16011ff4e7a0eff25b7fba9a542
large,obqa,7-804,3016,1,$DATA_DIR/P2_E1_DIRECTION_20260913T053456Z/features/large/obqa/03016.npz,49bcf837abe720d0812e2806bf2dbce23e760da0e9f8000954d62ca2c8d9d019,8192,float32,ca2386f24d445258fc1244651ef6164bedaed16011ff4e7a0eff25b7fba9a542
large,obqa,7-834,3023,1,$DATA_DIR/P2_E1_DIRECTION_20260913T053456Z/features/large/obqa/03023.npz,8fcff110cb0a3415ce699b80ef6e4d1c566bc9d63ad71dc5e44990c68faa8a09,8192,float32,ca2386f24d445258fc1244651ef6164bedaed16011ff4e7a0eff25b7fba9a542
large,obqa,7-842,3026,1,$DATA_DIR/P2_E1_DIRECTION_20260913T053456Z/features/large/obqa/03026.npz,050c4d7a0ac0de53bdeb8bb4cf195df9995c56f728d33691323a46a280f9b649,8192,float32,ca2386f24d445258fc1244651ef6164bedaed16011ff4e7a0eff25b7fba9a542
large,obqa,7-856,3027,1,$DATA_DIR/P2_E1_DIRECTION_20260913T053456Z/features/large/obqa/03027.npz,417272d73cfb1f0d90723c79262f8e206fe5fb07a66661c8aece1521ef27cc80,8192,float32,ca2386f24d445258fc1244651ef6164bedaed16011ff4e7a0eff25b7fba9a542
large,obqa,7-88,3030,1,$DATA_DIR/P2_E1_DIRECTION_20260913T053456Z/features/large/obqa/03030.npz,d81c19e098373d81fc5e873cf8349efec78d904edef827fa793bd4c40689ad47,8192,float32,ca2386f24d445258fc1244651ef6164bedaed16011ff4e7a0eff25b7fba9a542
large,obqa,7-889,3033,1,$DATA_DIR/P2_E1_DIRECTION_20260913T053456Z/features/large/obqa/03033.npz,6841f3d4bf39d521bd79e1e5f455a6689c60358eb59b6e3f6696ea6b115553a9,8192,float32,ca2386f24d445258fc1244651ef6164bedaed16011ff4e7a0eff25b7fba9a542
large,obqa,7-901,3037,1,$DATA_DIR/P2_E1_DIRECTION_20260913T053456Z/features/large/obqa/03037.npz,c492821b197d50a0d2adbd12304a59cfe4b7311a09ef849000b300cc87bb013a,8192,float32,ca2386f24d445258fc1244651ef6164bedaed16011ff4e7a0eff25b7fba9a542
large,obqa,7-931,3040,1,$DATA_DIR/P2_E1_DIRECTION_20260913T053456Z/features/large/obqa/03040.npz,cd826b22651b1f7c0856354f6b7df663106504c9cf4192d6c90ba20e92fde856,8192,float32,ca2386f24d445258fc1244651ef6164bedaed16011ff4e7a0eff25b7fba9a542
large,obqa,7-934,3041,1,$DATA_DIR/P2_E1_DIRECTION_20260913T053456Z/features/large/obqa/03041.npz,01c553d4d341cc2abfee22bcfcf79369caba2d7ff83b747d28a4f0b2e8004fcb,8192,float32,ca2386f24d445258fc1244651ef6164bedaed16011ff4e7a0eff25b7fba9a542
large,obqa,7-982,3053,1,$DATA_DIR/P2_E1_DIRECTION_20260913T053456Z/features/large/obqa/03053.npz,26ba386f0cb48fd6699ed5b37b3bb8b86d1ac0a80fa0c4d5bf4f2b62e2ab74c2,8192,float32,ca2386f24d445258fc1244651ef6164bedaed16011ff4e7a0eff25b7fba9a542
large,obqa,741,3063,1,$DATA_DIR/P2_E1_DIRECTION_20260913T053456Z/features/large/obqa/03063.npz,36952e441b7b273b927ef1de9982bab3ec263ec93ee8cc25eefb640b16f2b80b,8192,float32,ca2386f24d445258fc1244651ef6164bedaed16011ff4e7a0eff25b7fba9a542
large,obqa,750,3064,1,$DATA_DIR/P2_E1_DIRECTION_20260913T053456Z/features/large/obqa/03064.npz,17af91ce3b056eb1de821897b853c3c12bdbad5a0e55452b43ebbfd3ee7dc3b9,8192,float32,ca2386f24d445258fc1244651ef6164bedaed16011ff4e7a0eff25b7fba9a542
large,obqa,791,3074,1,$DATA_DIR/P2_E1_DIRECTION_20260913T053456Z/features/large/obqa/03074.npz,e6a9de6a44ff44e603405d10f5fc2ea7afe67072a3747ce1cbe192260491c263,8192,float32,ca2386f24d445258fc1244651ef6164bedaed16011ff4e7a0eff25b7fba9a542
large,obqa,792,3075,1,$DATA_DIR/P2_E1_DIRECTION_20260913T053456Z/features/large/obqa/03075.npz,eda4abe2804be4a2fc841edd47e530674e1cab111c3e2a6a887abc374189e660,8192,float32,ca2386f24d445258fc1244651ef6164bedaed16011ff4e7a0eff25b7fba9a542
large,obqa,8-145,3085,1,$DATA_DIR/P2_E1_DIRECTION_20260913T053456Z/features/large/obqa/03085.npz,81c8b5ae0fe4323e4f641b3c07545de2e582597af90545252122fa7b0f28f32a,8192,float32,ca2386f24d445258fc1244651ef6164bedaed16011ff4e7a0eff25b7fba9a542
large,obqa,8-152,3087,1,$DATA_DIR/P2_E1_DIRECTION_20260913T053456Z/features/large/obqa/03087.npz,a8bc923bb18dcccd897440df063a04c0fe4082376e26215e08f7f32c2154254a,8192,float32,ca2386f24d445258fc1244651ef6164bedaed16011ff4e7a0eff25b7fba9a542
large,obqa,8-156,3088,1,$DATA_DIR/P2_E1_DIRECTION_20260913T053456Z/features/large/obqa/03088.npz,7672862c8f2ca769cfa73d2ed46e92d8f6caaf8e131d57d2ea1ddaa602d0046b,8192,float32,ca2386f24d445258fc1244651ef6164bedaed16011ff4e7a0eff25b7fba9a542
large,obqa,8-173,3093,1,$DATA_DIR/P2_E1_DIRECTION_20260913T053456Z/features/large/obqa/03093.npz,6fab2a3379ed1419a97a19f0fd7291299729903c3664656e2e290b5b856c43f4,8192,float32,ca2386f24d445258fc1244651ef6164bedaed16011ff4e7a0eff25b7fba9a542
large,obqa,8-210,3103,1,$DATA_DIR/P2_E1_DIRECTION_20260913T053456Z/features/large/obqa/03103.npz,06a90c7eee1ae5069418e055e0695e8544d1c06f30bcbfdd8d164d18451a75e2,8192,float32,ca2386f24d445258fc1244651ef6164bedaed16011ff4e7a0eff25b7fba9a542
large,obqa,8-242,3111,1,$DATA_DIR/P2_E1_DIRECTION_20260913T053456Z/features/large/obqa/03111.npz,293ed57e5411d71e77a0f3fbb3591a6662622bc7ab631dad753a063e4474a806,8192,float32,ca2386f24d445258fc1244651ef6164bedaed16011ff4e7a0eff25b7fba9a542
large,obqa,8-301,3128,1,$DATA_DIR/P2_E1_DIRECTION_20260913T053456Z/features/large/obqa/03128.npz,b8fc8ca55e387182fc487fc8904593fcc585d4a1c7df39f8c833d7551c985597,8192,float32,ca2386f24d445258fc1244651ef6164bedaed16011ff4e7a0eff25b7fba9a542
large,obqa,8-310,3129,1,$DATA_DIR/P2_E1_DIRECTION_20260913T053456Z/features/large/obqa/03129.npz,ad5e094cb66ae75346f8d2afe40d971ca70fd66a7c68ec4153ba436eb8522af9,8192,float32,ca2386f24d445258fc1244651ef6164bedaed16011ff4e7a0eff25b7fba9a542
large,obqa,8-330,3134,1,$DATA_DIR/P2_E1_DIRECTION_20260913T053456Z/features/large/obqa/03134.npz,abeac91e5cbafe17576f4944ea2d0f60213d8c91c623c1b20de66e3dd431bd7c,8192,float32,ca2386f24d445258fc1244651ef6164bedaed16011ff4e7a0eff25b7fba9a542
large,obqa,8-347,3138,1,$DATA_DIR/P2_E1_DIRECTION_20260913T053456Z/features/large/obqa/03138.npz,e250c2d5296b1f6c85b4f159cadc3dc3d2ea3b56bb43bf83c4c956976319896b,8192,float32,ca2386f24d445258fc1244651ef6164bedaed16011ff4e7a0eff25b7fba9a542
large,obqa,8-348,3139,1,$DATA_DIR/P2_E1_DIRECTION_20260913T053456Z/features/large/obqa/03139.npz,f2a8c455a9be8e94140cc07bb8dfab29523a3f15329021887191e4a91ec9dbae,8192,float32,ca2386f24d445258fc1244651ef6164bedaed16011ff4e7a0eff25b7fba9a542
large,obqa,8-452,3164,1,$DATA_DIR/P2_E1_DIRECTION_20260913T053456Z/features/large/obqa/03164.npz,73529485f9304704705ab6e45d382c57111a88f1a6116ba7fe5da5e6a6dbdb9c,8192,float32,ca2386f24d445258fc1244651ef6164bedaed16011ff4e7a0eff25b7fba9a542
large,obqa,8-50,3176,1,$DATA_DIR/P2_E1_DIRECTION_20260913T053456Z/features/large/obqa/03176.npz,7abf33f0a66b43f3a1c3a76e36f163c0dda88f9fbf6cedfe3889e2aa3827796e,8192,float32,ca2386f24d445258fc1244651ef6164bedaed16011ff4e7a0eff25b7fba9a542
large,obqa,8-73,3179,1,$DATA_DIR/P2_E1_DIRECTION_20260913T053456Z/features/large/obqa/03179.npz,d2a6d74a5b04c7b74eb1917ebad708664911a8da8c0d4d506a33079fa36de517,8192,float32,ca2386f24d445258fc1244651ef6164bedaed16011ff4e7a0eff25b7fba9a542
large,obqa,8-80,3182,1,$DATA_DIR/P2_E1_DIRECTION_20260913T053456Z/features/large/obqa/03182.npz,23835c7385843a0b847a7c3caf94f1d6be602920409a074cf1f31692434a5f39,8192,float32,ca2386f24d445258fc1244651ef6164bedaed16011ff4e7a0eff25b7fba9a542
large,obqa,8-87,3186,1,$DATA_DIR/P2_E1_DIRECTION_20260913T053456Z/features/large/obqa/03186.npz,458a42ee1ba8d0f5cfed8b87e92efa864cc88c29d0ad2e47f04748d73991b2cf,8192,float32,ca2386f24d445258fc1244651ef6164bedaed16011ff4e7a0eff25b7fba9a542
large,obqa,8-90,3187,1,$DATA_DIR/P2_E1_DIRECTION_20260913T053456Z/features/large/obqa/03187.npz,ee0a21631cca0002232bd333d5c5c3b4e8cf5b0977c3985b3a5f47748b69a45b,8192,float32,ca2386f24d445258fc1244651ef6164bedaed16011ff4e7a0eff25b7fba9a542
large,obqa,812,3191,1,$DATA_DIR/P2_E1_DIRECTION_20260913T053456Z/features/large/obqa/03191.npz,164f12bfaf9670a47ccee1b40c19275ac87a14a34381405866eb696978ee7a82,8192,float32,ca2386f24d445258fc1244651ef6164bedaed16011ff4e7a0eff25b7fba9a542
large,obqa,896,3212,1,$DATA_DIR/P2_E1_DIRECTION_20260913T053456Z/features/large/obqa/03212.npz,79be417682ec60af1cd14bd48aa43ed2367daa617f6a5a1d6e8ac56ea5384ad7,8192,float32,ca2386f24d445258fc1244651ef6164bedaed16011ff4e7a0eff25b7fba9a542
large,obqa,9-1028,3216,1,$DATA_DIR/P2_E1_DIRECTION_20260913T053456Z/features/large/obqa/03216.npz,351ea06b456359f96049138ce86490035656ac4789a6ad5d694e72b7f7f2ec09,8192,float32,ca2386f24d445258fc1244651ef6164bedaed16011ff4e7a0eff25b7fba9a542
large,obqa,9-1041,3219,1,$DATA_DIR/P2_E1_DIRECTION_20260913T053456Z/features/large/obqa/03219.npz,472284156d7e4634a0b5321b86f2be4280b8416f816c3038db990fd5221543a0,8192,float32,ca2386f24d445258fc1244651ef6164bedaed16011ff4e7a0eff25b7fba9a542
large,obqa,9-1074,3227,1,$DATA_DIR/P2_E1_DIRECTION_20260913T053456Z/features/large/obqa/03227.npz,2f68e05b90347552ddb209d85ea732a428e36945dd47d1cf0bdd90c3bf6d7cc4,8192,float32,ca2386f24d445258fc1244651ef6164bedaed16011ff4e7a0eff25b7fba9a542
large,obqa,9-1091,3230,1,$DATA_DIR/P2_E1_DIRECTION_20260913T053456Z/features/large/obqa/03230.npz,0acd32d2229bc8c4436f4b9fa0a730e63e544f87352736edc1832c258ca5437e,8192,float32,ca2386f24d445258fc1244651ef6164bedaed16011ff4e7a0eff25b7fba9a542
large,obqa,9-1106,3233,1,$DATA_DIR/P2_E1_DIRECTION_20260913T053456Z/features/large/obqa/03233.npz,81d36090116241b09fc3fa4e307ecaaace3174b42f2b4e23dde029fb1ce6b494,8192,float32,ca2386f24d445258fc1244651ef6164bedaed16011ff4e7a0eff25b7fba9a542
large,obqa,9-1107,3234,1,$DATA_DIR/P2_E1_DIRECTION_20260913T053456Z/features/large/obqa/03234.npz,4fb5e71e9059bd2fe0276da35a2a2a68b6040503475ec7da932776cdac800549,8192,float32,ca2386f24d445258fc1244651ef6164bedaed16011ff4e7a0eff25b7fba9a542
large,obqa,9-1121,3238,1,$DATA_DIR/P2_E1_DIRECTION_20260913T053456Z/features/large/obqa/03238.npz,cf6ccd9c5cd1c226f9dde68b9f08eed2ac8922bd269a4bb9497e343b3d80f18e,8192,float32,ca2386f24d445258fc1244651ef6164bedaed16011ff4e7a0eff25b7fba9a542
large,obqa,9-1128,3240,1,$DATA_DIR/P2_E1_DIRECTION_20260913T053456Z/features/large/obqa/03240.npz,f22381b9679f2d799a3b4526ae4cb4c5f57de094db19c9aa026ea9704e420a3b,8192,float32,ca2386f24d445258fc1244651ef6164bedaed16011ff4e7a0eff25b7fba9a542
large,obqa,9-1133,3242,1,$DATA_DIR/P2_E1_DIRECTION_20260913T053456Z/features/large/obqa/03242.npz,bf39ac57fcb8da96a66d125fa60e135549396e75d932f6a2616c36108cf94943,8192,float32,ca2386f24d445258fc1244651ef6164bedaed16011ff4e7a0eff25b7fba9a542
large,obqa,9-1156,3247,1,$DATA_DIR/P2_E1_DIRECTION_20260913T053456Z/features/large/obqa/03247.npz,f52a41cf13e33e62bc44928bfdef2c5f7a2b0d3808896619efd5ae2696ed93bb,8192,float32,ca2386f24d445258fc1244651ef6164bedaed16011ff4e7a0eff25b7fba9a542
large,obqa,9-156,3266,1,$DATA_DIR/P2_E1_DIRECTION_20260913T053456Z/features/large/obqa/03266.npz,910be4cd395d41035e89c5551d0792ccf31aa3c3a8b519293de8dd6d2065f633,8192,float32,ca2386f24d445258fc1244651ef6164bedaed16011ff4e7a0eff25b7fba9a542
large,obqa,9-172,3272,1,$DATA_DIR/P2_E1_DIRECTION_20260913T053456Z/features/large/obqa/03272.npz,4d122642f845c5b9563bfda11ec997630254bf7a566e623eb7ff90369c6bc9dd,8192,float32,ca2386f24d445258fc1244651ef6164bedaed16011ff4e7a0eff25b7fba9a542
large,obqa,9-174,3274,1,$DATA_DIR/P2_E1_DIRECTION_20260913T053456Z/features/large/obqa/03274.npz,7a31a2c112450bc83c5322863b551f251437b04d0f5b22ace41a35fb0576303f,8192,float32,ca2386f24d445258fc1244651ef6164bedaed16011ff4e7a0eff25b7fba9a542
large,obqa,9-180,3276,1,$DATA_DIR/P2_E1_DIRECTION_20260913T053456Z/features/large/obqa/03276.npz,0da8d64eccc58e417c8231f7efb4325fad1c81e6393bc9d012633fd1ac774d1b,8192,float32,ca2386f24d445258fc1244651ef6164bedaed16011ff4e7a0eff25b7fba9a542
large,obqa,9-231,3288,1,$DATA_DIR/P2_E1_DIRECTION_20260913T053456Z/features/large/obqa/03288.npz,6e5ac569326eee69ba90aa94025b93693429f6a7e3708d4b11aa5a43d29a6434,8192,float32,ca2386f24d445258fc1244651ef6164bedaed16011ff4e7a0eff25b7fba9a542
large,obqa,9-234,3291,1,$DATA_DIR/P2_E1_DIRECTION_20260913T053456Z/features/large/obqa/03291.npz,ebdae9444af396cc29239686812225d4824e81e68e3c001a9b2341bb7ff48317,8192,float32,ca2386f24d445258fc1244651ef6164bedaed16011ff4e7a0eff25b7fba9a542
large,obqa,9-262,3297,1,$DATA_DIR/P2_E1_DIRECTION_20260913T053456Z/features/large/obqa/03297.npz,f0ea501c2ac65bb887fbff3077fb455cb7974f8ce6ac35f970764b163d6cdf24,8192,float32,ca2386f24d445258fc1244651ef6164bedaed16011ff4e7a0eff25b7fba9a542
large,obqa,9-295,3303,1,$DATA_DIR/P2_E1_DIRECTION_20260913T053456Z/features/large/obqa/03303.npz,7de3c4525a6243fe4f96f4143b3b5f1a53c6db28a8cdd5a0be4f0e568961ba93,8192,float32,ca2386f24d445258fc1244651ef6164bedaed16011ff4e7a0eff25b7fba9a542
large,obqa,9-307,3304,1,$DATA_DIR/P2_E1_DIRECTION_20260913T053456Z/features/large/obqa/03304.npz,dc817908f155142f6233c945d4b9c5955e16b56f650600dc2af2929dfa48a7dd,8192,float32,ca2386f24d445258fc1244651ef6164bedaed16011ff4e7a0eff25b7fba9a542
large,obqa,9-309,3305,1,$DATA_DIR/P2_E1_DIRECTION_20260913T053456Z/features/large/obqa/03305.npz,3ad4c7a6a6f317d4149d163ac20fe1786290d9a1478cd4e0e4f697fb03190ba0,8192,float32,ca2386f24d445258fc1244651ef6164bedaed16011ff4e7a0eff25b7fba9a542
large,obqa,9-333,3311,1,$DATA_DIR/P2_E1_DIRECTION_20260913T053456Z/features/large/obqa/03311.npz,bd12d5350d15ae3e202c7b8ab5537fe3322759e72700b72f544e44b05058302c,8192,float32,ca2386f24d445258fc1244651ef6164bedaed16011ff4e7a0eff25b7fba9a542
large,obqa,9-353,3314,1,$DATA_DIR/P2_E1_DIRECTION_20260913T053456Z/features/large/obqa/03314.npz,02cc021b5563d2b03284791d8d6b0b54849951cbbf350f93eb614ff581a94c0b,8192,float32,ca2386f24d445258fc1244651ef6164bedaed16011ff4e7a0eff25b7fba9a542
large,obqa,9-392,3323,1,$DATA_DIR/P2_E1_DIRECTION_20260913T053456Z/features/large/obqa/03323.npz,0f4d202a9e530baf18b589f272eac12fc3f8121e3344ad536897ce0893f93989,8192,float32,ca2386f24d445258fc1244651ef6164bedaed16011ff4e7a0eff25b7fba9a542
large,obqa,9-406,3327,1,$DATA_DIR/P2_E1_DIRECTION_20260913T053456Z/features/large/obqa/03327.npz,a1180625ffcd9cfed25accf54024e4317fc4d99a92f345322eba997d6f99a153,8192,float32,ca2386f24d445258fc1244651ef6164bedaed16011ff4e7a0eff25b7fba9a542
large,obqa,9-415,3330,1,$DATA_DIR/P2_E1_DIRECTION_20260913T053456Z/features/large/obqa/03330.npz,498aa3df4d680e254956350ba2881b86cf84786cd2dec81b373f4389d47c6ca1,8192,float32,ca2386f24d445258fc1244651ef6164bedaed16011ff4e7a0eff25b7fba9a542
large,obqa,9-417,3331,1,$DATA_DIR/P2_E1_DIRECTION_20260913T053456Z/features/large/obqa/03331.npz,97b7065c6172a2976dcf8f3bb45b94531833221c55a3b84f1a1138e135e30ff7,8192,float32,ca2386f24d445258fc1244651ef6164bedaed16011ff4e7a0eff25b7fba9a542
large,obqa,9-441,3333,1,$DATA_DIR/P2_E1_DIRECTION_20260913T053456Z/features/large/obqa/03333.npz,b10211447628b7412a00d03cb03333759c9131fad6a05b2ce58d0bcb2169fd63,8192,float32,ca2386f24d445258fc1244651ef6164bedaed16011ff4e7a0eff25b7fba9a542
large,obqa,9-442,3334,1,$DATA_DIR/P2_E1_DIRECTION_20260913T053456Z/features/large/obqa/03334.npz,c1daae3d565d477794e3ae41ed819677417012cadb7f25217f33d0126be91c21,8192,float32,ca2386f24d445258fc1244651ef6164bedaed16011ff4e7a0eff25b7fba9a542
large,obqa,9-451,3340,1,$DATA_DIR/P2_E1_DIRECTION_20260913T053456Z/features/large/obqa/03340.npz,db2cfdeea5aa367ee78dff08ef76b774ec3a0f4eceebfe382b3a8c6b6178b3b2,8192,float32,ca2386f24d445258fc1244651ef6164bedaed16011ff4e7a0eff25b7fba9a542
large,obqa,9-467,3343,1,$DATA_DIR/P2_E1_DIRECTION_20260913T053456Z/features/large/obqa/03343.npz,b876387e1f1240b8df266bb122e23e9663ae20fb9c3f371a33c87e551e4bbff8,8192,float32,ca2386f24d445258fc1244651ef6164bedaed16011ff4e7a0eff25b7fba9a542
large,obqa,9-475,3344,1,$DATA_DIR/P2_E1_DIRECTION_20260913T053456Z/features/large/obqa/03344.npz,40fbf22fc9e8e95868e51bce5446c14a8a155ed64b137c827a742775adc06e28,8192,float32,ca2386f24d445258fc1244651ef6164bedaed16011ff4e7a0eff25b7fba9a542
large,obqa,9-497,3351,1,$DATA_DIR/P2_E1_DIRECTION_20260913T053456Z/features/large/obqa/03351.npz,35c72178f4c0768aff247c116c6b488d11d819b873b11b0cd0c00596fe355d92,8192,float32,ca2386f24d445258fc1244651ef6164bedaed16011ff4e7a0eff25b7fba9a542
large,obqa,9-556,3360,1,$DATA_DIR/P2_E1_DIRECTION_20260913T053456Z/features/large/obqa/03360.npz,97536e643ec9f9466cb2290ddfa16bc401af8beb65a519c8245a59fa24b19614,8192,float32,ca2386f24d445258fc1244651ef6164bedaed16011ff4e7a0eff25b7fba9a542
large,obqa,9-608,3366,1,$DATA_DIR/P2_E1_DIRECTION_20260913T053456Z/features/large/obqa/03366.npz,8cfc3b433ea77d541412c2bd34f6424fa9fe81ced11cf606fcf68249492b3d89,8192,float32,ca2386f24d445258fc1244651ef6164bedaed16011ff4e7a0eff25b7fba9a542
large,obqa,9-619,3369,1,$DATA_DIR/P2_E1_DIRECTION_20260913T053456Z/features/large/obqa/03369.npz,bd1a07273435d00c52bcd739abd137b7c0e49a2d5fc6cdaa1ca5f27bf1f0ba96,8192,float32,ca2386f24d445258fc1244651ef6164bedaed16011ff4e7a0eff25b7fba9a542
large,obqa,9-623,3371,1,$DATA_DIR/P2_E1_DIRECTION_20260913T053456Z/features/large/obqa/03371.npz,f503ce39d4ed174383c771ff1cb1f13d5c524eb7c31896c251ece5fbfc17dbe8,8192,float32,ca2386f24d445258fc1244651ef6164bedaed16011ff4e7a0eff25b7fba9a542
large,obqa,9-644,3377,1,$DATA_DIR/P2_E1_DIRECTION_20260913T053456Z/features/large/obqa/03377.npz,6ffac0d211547de4c47324c44a99c0603371bcb1ad6b15c3d304cfba7507f4c8,8192,float32,ca2386f24d445258fc1244651ef6164bedaed16011ff4e7a0eff25b7fba9a542
large,obqa,9-650,3379,1,$DATA_DIR/P2_E1_DIRECTION_20260913T053456Z/features/large/obqa/03379.npz,e203beb4f1ba62f77599b3401a66cdea9679d3f251ee7c993d21edb0d6f98c0b,8192,float32,ca2386f24d445258fc1244651ef6164bedaed16011ff4e7a0eff25b7fba9a542
large,obqa,9-760,3402,1,$DATA_DIR/P2_E1_DIRECTION_20260913T053456Z/features/large/obqa/03402.npz,82ddfbc84e90d369cff384c5df04b9d74c33594e463c750e6809f053da9c92b6,8192,float32,ca2386f24d445258fc1244651ef6164bedaed16011ff4e7a0eff25b7fba9a542
large,obqa,9-770,3407,1,$DATA_DIR/P2_E1_DIRECTION_20260913T053456Z/features/large/obqa/03407.npz,7d921fc2ea884210a89fee325018a4d06a66ddfae4fc77c816b20f141d965607,8192,float32,ca2386f24d445258fc1244651ef6164bedaed16011ff4e7a0eff25b7fba9a542
large,obqa,9-780,3410,1,$DATA_DIR/P2_E1_DIRECTION_20260913T053456Z/features/large/obqa/03410.npz,2692b6b329b767fa3aec74718d9f2a687af06114f5cead85e24dd3dffc8aed6d,8192,float32,ca2386f24d445258fc1244651ef6164bedaed16011ff4e7a0eff25b7fba9a542
large,obqa,9-818,3415,1,$DATA_DIR/P2_E1_DIRECTION_20260913T053456Z/features/large/obqa/03415.npz,d4d74c7ea007f2a19b4887ac79a954627d5aaf4b543a719ec5840bc271b04cf8,8192,float32,ca2386f24d445258fc1244651ef6164bedaed16011ff4e7a0eff25b7fba9a542
large,obqa,9-841,3421,1,$DATA_DIR/P2_E1_DIRECTION_20260913T053456Z/features/large/obqa/03421.npz,557b47fc4a7171bb8bcb3a9acf0f94f80bbd70c15cedd32e37dae72f3a516e9c,8192,float32,ca2386f24d445258fc1244651ef6164bedaed16011ff4e7a0eff25b7fba9a542
large,obqa,9-9,3434,1,$DATA_DIR/P2_E1_DIRECTION_20260913T053456Z/features/large/obqa/03434.npz,ca5ac53a7cc0a10ac67cc0e7d0d4cc03e6eb55157e41af13702a388add643238,8192,float32,ca2386f24d445258fc1244651ef6164bedaed16011ff4e7a0eff25b7fba9a542
large,obqa,9-913,3437,1,$DATA_DIR/P2_E1_DIRECTION_20260913T053456Z/features/large/obqa/03437.npz,d76f25225bf21f766549939ba8343385f92c3a3f61616e2cfd1e07a280594cc6,8192,float32,ca2386f24d445258fc1244651ef6164bedaed16011ff4e7a0eff25b7fba9a542
large,obqa,9-917,3439,1,$DATA_DIR/P2_E1_DIRECTION_20260913T053456Z/features/large/obqa/03439.npz,657381eab151e7e134cc93fc3220ce4a501c1f10e006d9cfba03e2bf694461de,8192,float32,ca2386f24d445258fc1244651ef6164bedaed16011ff4e7a0eff25b7fba9a542
large,obqa,9-954,3448,1,$DATA_DIR/P2_E1_DIRECTION_20260913T053456Z/features/large/obqa/03448.npz,782c5542123bbe7218212d2f6e4c1a95bd891440f940e763b362c3cc823e073a,8192,float32,ca2386f24d445258fc1244651ef6164bedaed16011ff4e7a0eff25b7fba9a542
large,obqa,9-963,3451,1,$DATA_DIR/P2_E1_DIRECTION_20260913T053456Z/features/large/obqa/03451.npz,606b4a96b434cc12d0ca8943a37addd2317df07e0b445160b9975797660d191c,8192,float32,ca2386f24d445258fc1244651ef6164bedaed16011ff4e7a0eff25b7fba9a542
large,obqa,9-968,3452,1,$DATA_DIR/P2_E1_DIRECTION_20260913T053456Z/features/large/obqa/03452.npz,8179381395b1a00204090b392ebc605efe644669a9ccd5a81c3dcdf680b13b34,8192,float32,ca2386f24d445258fc1244651ef6164bedaed16011ff4e7a0eff25b7fba9a542
large,obqa,996,3465,1,$DATA_DIR/P2_E1_DIRECTION_20260913T053456Z/features/large/obqa/03465.npz,fd0ed0410900fcefe69f96c258328966c96f1b943719f397fd30f50849d3ee40,8192,float32,ca2386f24d445258fc1244651ef6164bedaed16011ff4e7a0eff25b7fba9a542
large,obqa,10-1012,7,2,$DATA_DIR/P2_E1_DIRECTION_20260913T053456Z/features/large/obqa/00007.npz,fc9af09abf32afcb1950a41a70800210eede64ce64ccf2edb02805b8ed5c0a14,8192,float32,ca2386f24d445258fc1244651ef6164bedaed16011ff4e7a0eff25b7fba9a542
large,obqa,10-1013,8,2,$DATA_DIR/P2_E1_DIRECTION_20260913T053456Z/features/large/obqa/00008.npz,63533db65d29e3e57b9d665633a02cb613eecef5632ed6abe188c213a598aab7,8192,float32,ca2386f24d445258fc1244651ef6164bedaed16011ff4e7a0eff25b7fba9a542
large,obqa,10-1038,20,2,$DATA_DIR/P2_E1_DIRECTION_20260913T053456Z/features/large/obqa/00020.npz,9247b11f27641f991e7dd9448be26d62d25e8f8ce705f4143de3878c8bc5786d,8192,float32,ca2386f24d445258fc1244651ef6164bedaed16011ff4e7a0eff25b7fba9a542
large,obqa,10-1041,22,2,$DATA_DIR/P2_E1_DIRECTION_20260913T053456Z/features/large/obqa/00022.npz,cfb2717ea4ffabe530ada1f42656dbe9bc85daae7c5ea792d213c508fd1b71fe,8192,float32,ca2386f24d445258fc1244651ef6164bedaed16011ff4e7a0eff25b7fba9a542
large,obqa,10-105,29,2,$DATA_DIR/P2_E1_DIRECTION_20260913T053456Z/features/large/obqa/00029.npz,8220bc92c119074e8cbea8a21439ce1a22fb7ab546980adefd8342891c9d0fd3,8192,float32,ca2386f24d445258fc1244651ef6164bedaed16011ff4e7a0eff25b7fba9a542
large,obqa,10-1056,34,2,$DATA_DIR/P2_E1_DIRECTION_20260913T053456Z/features/large/obqa/00034.npz,62a2882153ead95b6a24c371dc7f0a6d199294c3c765bb2350e96b15a770df85,8192,float32,ca2386f24d445258fc1244651ef6164bedaed16011ff4e7a0eff25b7fba9a542
large,obqa,10-1060,36,2,$DATA_DIR/P2_E1_DIRECTION_20260913T053456Z/features/large/obqa/00036.npz,365f0d9d3d7c19b5c07cac87a168f18b3630b7db84ba563e239624c4ae385c13,8192,float32,ca2386f24d445258fc1244651ef6164bedaed16011ff4e7a0eff25b7fba9a542
large,obqa,10-1093,51,2,$DATA_DIR/P2_E1_DIRECTION_20260913T053456Z/features/large/obqa/00051.npz,1b463c7945f04625126a6c7b8f5e15b08234fdeb70fecfa7e667cece8a4ae39d,8192,float32,ca2386f24d445258fc1244651ef6164bedaed16011ff4e7a0eff25b7fba9a542
large,obqa,10-1094,52,2,$DATA_DIR/P2_E1_DIRECTION_20260913T053456Z/features/large/obqa/00052.npz,b57c393b1e7328414c223b4fab5819d4a2a7c16150dc7c6cb9f374a5a6a7cfe4,8192,float32,ca2386f24d445258fc1244651ef6164bedaed16011ff4e7a0eff25b7fba9a542
large,obqa,10-1103,57,2,$DATA_DIR/P2_E1_DIRECTION_20260913T053456Z/features/large/obqa/00057.npz,776bbc8152981bbdf79dcee6cece4f06a5773e64beafc3a52a7be9ae4ae3fc43,8192,float32,ca2386f24d445258fc1244651ef6164bedaed16011ff4e7a0eff25b7fba9a542
large,obqa,10-1113,61,2,$DATA_DIR/P2_E1_DIRECTION_20260913T053456Z/features/large/obqa/00061.npz,18c6924de36a56869c77a7cff2dcc51dac779d705fca17ae561ef75d41b30a79,8192,float32,ca2386f24d445258fc1244651ef6164bedaed16011ff4e7a0eff25b7fba9a542
large,obqa,10-1121,67,2,$DATA_DIR/P2_E1_DIRECTION_20260913T053456Z/features/large/obqa/00067.npz,57a081e734730878dcb6c2c6f707feac88b30580612126f69743f98109d15454,8192,float32,ca2386f24d445258fc1244651ef6164bedaed16011ff4e7a0eff25b7fba9a542
large,obqa,10-1166,90,2,$DATA_DIR/P2_E1_DIRECTION_20260913T053456Z/features/large/obqa/00090.npz,9e18562d37277c1e8616eb26df88814e8cd2444bd5e0a39bf0d780fb9bc0e5a6,8192,float32,ca2386f24d445258fc1244651ef6164bedaed16011ff4e7a0eff25b7fba9a542
large,obqa,10-1168,92,2,$DATA_DIR/P2_E1_DIRECTION_20260913T053456Z/features/large/obqa/00092.npz,5cad3698c9bb23ee957a9e893f1bb7d47ae79abf3e0f3c2a2e77721e3e939882,8192,float32,ca2386f24d445258fc1244651ef6164bedaed16011ff4e7a0eff25b7fba9a542
large,obqa,10-1174,94,2,$DATA_DIR/P2_E1_DIRECTION_20260913T053456Z/features/large/obqa/00094.npz,c1fad5e1a104a8e196704bc94bf326949d83c503f7cb085347f6753169b978dd,8192,float32,ca2386f24d445258fc1244651ef6164bedaed16011ff4e7a0eff25b7fba9a542
large,obqa,10-1181,98,2,$DATA_DIR/P2_E1_DIRECTION_20260913T053456Z/features/large/obqa/00098.npz,c9e01f115b79c809da8ea0278ac01c7579e7351e609d5d3a74cc6622db7f8f5a,8192,float32,ca2386f24d445258fc1244651ef6164bedaed16011ff4e7a0eff25b7fba9a542
large,obqa,10-1185,100,2,$DATA_DIR/P2_E1_DIRECTION_20260913T053456Z/features/large/obqa/00100.npz,8d4e596c400348ca7942643c8ba4ac1237ed2fa89590bed0bfc961b13ad84ce7,8192,float32,ca2386f24d445258fc1244651ef6164bedaed16011ff4e7a0eff25b7fba9a542
large,obqa,10-1187,101,2,$DATA_DIR/P2_E1_DIRECTION_20260913T053456Z/features/large/obqa/00101.npz,707cad0f12bba556f27b4d81149db3a98f7ce50e7d2a0d212d491181cd39c2e8,8192,float32,ca2386f24d445258fc1244651ef6164bedaed16011ff4e7a0eff25b7fba9a542
large,obqa,10-1214,114,2,$DATA_DIR/P2_E1_DIRECTION_20260913T053456Z/features/large/obqa/00114.npz,691166da9a6dc132e4ddbc2fe8afc3b97194eb2e5992622058eb7fff211bb126,8192,float32,ca2386f24d445258fc1244651ef6164bedaed16011ff4e7a0eff25b7fba9a542
large,obqa,10-131,125,2,$DATA_DIR/P2_E1_DIRECTION_20260913T053456Z/features/large/obqa/00125.npz,ef85a07a957e581f7aa4bf06aead0e76671a67a4e5fc9dec74247efcd6524d12,8192,float32,ca2386f24d445258fc1244651ef6164bedaed16011ff4e7a0eff25b7fba9a542
large,obqa,10-137,129,2,$DATA_DIR/P2_E1_DIRECTION_20260913T053456Z/features/large/obqa/00129.npz,1d711ca5de23ff4dc271879c819ae358bfcc007ac311a1464fda16e83f57bc49,8192,float32,ca2386f24d445258fc1244651ef6164bedaed16011ff4e7a0eff25b7fba9a542
large,obqa,10-139,131,2,$DATA_DIR/P2_E1_DIRECTION_20260913T053456Z/features/large/obqa/00131.npz,b4c22f5800482581b0703abd34fe76cb12976750598e3dd7696b7bf123042138,8192,float32,ca2386f24d445258fc1244651ef6164bedaed16011ff4e7a0eff25b7fba9a542
large,obqa,10-14,132,2,$DATA_DIR/P2_E1_DIRECTION_20260913T053456Z/features/large/obqa/00132.npz,0c802b87ec901adfa6634fc4c60a1b71ada07a18f069260222d5d4547b4f08ae,8192,float32,ca2386f24d445258fc1244651ef6164bedaed16011ff4e7a0eff25b7fba9a542
large,obqa,10-141,134,2,$DATA_DIR/P2_E1_DIRECTION_20260913T053456Z/features/large/obqa/00134.npz,5d6cdd61ef4b5395a21785338fa58d536e7cc1f0a7f4887436d818c19df39adb,8192,float32,ca2386f24d445258fc1244651ef6164bedaed16011ff4e7a0eff25b7fba9a542
large,obqa,10-152,141,2,$DATA_DIR/P2_E1_DIRECTION_20260913T053456Z/features/large/obqa/00141.npz,bc925f90b64b35769d19aa9796eea8a9c58c22eb92771e87907fcaf8ca336a1a,8192,float32,ca2386f24d445258fc1244651ef6164bedaed16011ff4e7a0eff25b7fba9a542
large,obqa,10-157,144,2,$DATA_DIR/P2_E1_DIRECTION_20260913T053456Z/features/large/obqa/00144.npz,4349bbc05873d639d1354a6f76966a7328564ddcd593b89ea9011b0970b352e1,8192,float32,ca2386f24d445258fc1244651ef6164bedaed16011ff4e7a0eff25b7fba9a542
large,obqa,10-190,158,2,$DATA_DIR/P2_E1_DIRECTION_20260913T053456Z/features/large/obqa/00158.npz,ffde61c4cd48369401116f1251d3f0fe3c61cd887340259d392db7e6fcf3aeaf,8192,float32,ca2386f24d445258fc1244651ef6164bedaed16011ff4e7a0eff25b7fba9a542
large,obqa,10-196,160,2,$DATA_DIR/P2_E1_DIRECTION_20260913T053456Z/features/large/obqa/00160.npz,793af81693b620e5fac885e8f02c2eca5972987b4b73b432da683d0cf7eb26c8,8192,float32,ca2386f24d445258fc1244651ef6164bedaed16011ff4e7a0eff25b7fba9a542
large,obqa,10-206,166,2,$DATA_DIR/P2_E1_DIRECTION_20260913T053456Z/features/large/obqa/00166.npz,038e40a60102c8922b5e4aecf088fd778574e3c4f468533fb89398d147372c54,8192,float32,ca2386f24d445258fc1244651ef6164bedaed16011ff4e7a0eff25b7fba9a542
large,obqa,10-23,177,2,$DATA_DIR/P2_E1_DIRECTION_20260913T053456Z/features/large/obqa/00177.npz,20298fe1d7b80d86234a8d1afe5e49d05fbd38a1515f47ad04168113839aac58,8192,float32,ca2386f24d445258fc1244651ef6164bedaed16011ff4e7a0eff25b7fba9a542
large,obqa,10-236,181,2,$DATA_DIR/P2_E1_DIRECTION_20260913T053456Z/features/large/obqa/00181.npz,6ebb2e3a151846db3e645920d0e35b3585c021755036621b2807740c9fa2ead6,8192,float32,ca2386f24d445258fc1244651ef6164bedaed16011ff4e7a0eff25b7fba9a542
large,obqa,10-26,191,2,$DATA_DIR/P2_E1_DIRECTION_20260913T053456Z/features/large/obqa/00191.npz,c5df53a0bf954042d3e1e8810a522fef7e60199774346c79cf1f64073b53e5e4,8192,float32,ca2386f24d445258fc1244651ef6164bedaed16011ff4e7a0eff25b7fba9a542
large,obqa,10-262,192,2,$DATA_DIR/P2_E1_DIRECTION_20260913T053456Z/features/large/obqa/00192.npz,6c8e909022e50f07039a66c348853e13cd03941ca47d24fcd5791f6485c28727,8192,float32,ca2386f24d445258fc1244651ef6164bedaed16011ff4e7a0eff25b7fba9a542
large,obqa,10-267,194,2,$DATA_DIR/P2_E1_DIRECTION_20260913T053456Z/features/large/obqa/00194.npz,55e7495fad0e20e3659ff0eb3a938ed76dca161ae8b75684fbc82350f00b22d2,8192,float32,ca2386f24d445258fc1244651ef6164bedaed16011ff4e7a0eff25b7fba9a542
large,obqa,10-304,213,2,$DATA_DIR/P2_E1_DIRECTION_20260913T053456Z/features/large/obqa/00213.npz,c0233ed2ca119a2228e5251d07894b94241b23c876de7b4bb7655a59f7ba76c8,8192,float32,ca2386f24d445258fc1244651ef6164bedaed16011ff4e7a0eff25b7fba9a542
large,obqa,10-311,218,2,$DATA_DIR/P2_E1_DIRECTION_20260913T053456Z/features/large/obqa/00218.npz,233f7992d30ccfde68a856a08c968ef4449e911fcbc8b854ede469cd9812964c,8192,float32,ca2386f24d445258fc1244651ef6164bedaed16011ff4e7a0eff25b7fba9a542
large,obqa,10-315,220,2,$DATA_DIR/P2_E1_DIRECTION_20260913T053456Z/features/large/obqa/00220.npz,90c83dbabe904bea91a697413a66ebf67811c52b7c27f8dea8f8ff74a0c373dd,8192,float32,ca2386f24d445258fc1244651ef6164bedaed16011ff4e7a0eff25b7fba9a542
large,obqa,10-324,224,2,$DATA_DIR/P2_E1_DIRECTION_20260913T053456Z/features/large/obqa/00224.npz,b644f4d194d64429a98f044d856ce02fe446247c69969853fd36b0e18ce01f5e,8192,float32,ca2386f24d445258fc1244651ef6164bedaed16011ff4e7a0eff25b7fba9a542
large,obqa,10-332,228,2,$DATA_DIR/P2_E1_DIRECTION_20260913T053456Z/features/large/obqa/00228.npz,1ce58b3953c2d50ffdf33eb5eed5639a1b6b2a46adb2e41cda1e6443246ccdc6,8192,float32,ca2386f24d445258fc1244651ef6164bedaed16011ff4e7a0eff25b7fba9a542
large,obqa,10-34,229,2,$DATA_DIR/P2_E1_DIRECTION_20260913T053456Z/features/large/obqa/00229.npz,63b59d565932f18633a84e6bc5708026453c44338692e107d364b4e83cbd8a31,8192,float32,ca2386f24d445258fc1244651ef6164bedaed16011ff4e7a0eff25b7fba9a542
large,obqa,10-344,233,2,$DATA_DIR/P2_E1_DIRECTION_20260913T053456Z/features/large/obqa/00233.npz,ef87ea15cfa3700f949a0e1824b3d75aebd3c57496578bbb333bab649d805d02,8192,float32,ca2386f24d445258fc1244651ef6164bedaed16011ff4e7a0eff25b7fba9a542
large,obqa,10-350,236,2,$DATA_DIR/P2_E1_DIRECTION_20260913T053456Z/features/large/obqa/00236.npz,9292b8915f3268bf0fd1d5e466bb911e621734113631267b62da65d90ec61988,8192,float32,ca2386f24d445258fc1244651ef6164bedaed16011ff4e7a0eff25b7fba9a542
large,obqa,10-368,243,2,$DATA_DIR/P2_E1_DIRECTION_20260913T053456Z/features/large/obqa/00243.npz,7e27427cff681c133c36937ea64835da3abf5c0b6c867778f063530c8a593f97,8192,float32,ca2386f24d445258fc1244651ef6164bedaed16011ff4e7a0eff25b7fba9a542
large,obqa,10-393,255,2,$DATA_DIR/P2_E1_DIRECTION_20260913T053456Z/features/large/obqa/00255.npz,bfa2c78330bb29951c844832fe838b891c46e492330d247b107867a1b4374364,8192,float32,ca2386f24d445258fc1244651ef6164bedaed16011ff4e7a0eff25b7fba9a542
large,obqa,10-396,257,2,$DATA_DIR/P2_E1_DIRECTION_20260913T053456Z/features/large/obqa/00257.npz,b3e8f24ce4abff24a01e01564a4dc9b6bb48a653b846a59630dabe63eb6f88e1,8192,float32,ca2386f24d445258fc1244651ef6164bedaed16011ff4e7a0eff25b7fba9a542
large,obqa,10-404,261,2,$DATA_DIR/P2_E1_DIRECTION_20260913T053456Z/features/large/obqa/00261.npz,81e12a7312da1cd56226f856f40d4ad6fbd06e3ea466cf684edff711e29c7e04,8192,float32,ca2386f24d445258fc1244651ef6164bedaed16011ff4e7a0eff25b7fba9a542
large,obqa,10-406,262,2,$DATA_DIR/P2_E1_DIRECTION_20260913T053456Z/features/large/obqa/00262.npz,7698aec2cc7b73ef23161d4f86dc5f4ad384161ae52e8354a326096bbe8c6819,8192,float32,ca2386f24d445258fc1244651ef6164bedaed16011ff4e7a0eff25b7fba9a542
large,obqa,10-414,265,2,$DATA_DIR/P2_E1_DIRECTION_20260913T053456Z/features/large/obqa/00265.npz,5f4ea7f6bf42b7f6758af0780d39562cb81ea6e76c1dc37c82d814e04c72d9af,8192,float32,ca2386f24d445258fc1244651ef6164bedaed16011ff4e7a0eff25b7fba9a542
large,obqa,10-428,269,2,$DATA_DIR/P2_E1_DIRECTION_20260913T053456Z/features/large/obqa/00269.npz,7e698064ccf66bb1665d5cea352aa932073714e3d487f5eb510b29b5aa05c41c,8192,float32,ca2386f24d445258fc1244651ef6164bedaed16011ff4e7a0eff25b7fba9a542
large,obqa,10-429,270,2,$DATA_DIR/P2_E1_DIRECTION_20260913T053456Z/features/large/obqa/00270.npz,959320d2e85f6824c7dafc59757d86622af4e09c3b1dd40cc833d7924bceedc6,8192,float32,ca2386f24d445258fc1244651ef6164bedaed16011ff4e7a0eff25b7fba9a542
large,obqa,10-432,272,2,$DATA_DIR/P2_E1_DIRECTION_20260913T053456Z/features/large/obqa/00272.npz,131b80c21342075d2c6dad368b307307b96780d6afff3948ffff0ed644f30563,8192,float32,ca2386f24d445258fc1244651ef6164bedaed16011ff4e7a0eff25b7fba9a542
large,obqa,10-435,274,2,$DATA_DIR/P2_E1_DIRECTION_20260913T053456Z/features/large/obqa/00274.npz,fc20568cd8c1abcc81e24c986652e4ace1301cba8a4041fa8fc3988a30f674fc,8192,float32,ca2386f24d445258fc1244651ef6164bedaed16011ff4e7a0eff25b7fba9a542
large,obqa,10-439,277,2,$DATA_DIR/P2_E1_DIRECTION_20260913T053456Z/features/large/obqa/00277.npz,72db7d16b9f5663784fd32387613fdc1edbedf1815ee8f41ff61c2d4c1894f1c,8192,float32,ca2386f24d445258fc1244651ef6164bedaed16011ff4e7a0eff25b7fba9a542
large,obqa,10-461,287,2,$DATA_DIR/P2_E1_DIRECTION_20260913T053456Z/features/large/obqa/00287.npz,fc656d4724e61712444896c62f4bd8148fefac79bf478f23a51fcec5f96c1893,8192,float32,ca2386f24d445258fc1244651ef6164bedaed16011ff4e7a0eff25b7fba9a542
large,obqa,10-462,288,2,$DATA_DIR/P2_E1_DIRECTION_20260913T053456Z/features/large/obqa/00288.npz,48a913e33786aeac5db428840771fb5f80ba1d7d393c2921023677e4088d314b,8192,float32,ca2386f24d445258fc1244651ef6164bedaed16011ff4e7a0eff25b7fba9a542
large,obqa,10-47,292,2,$DATA_DIR/P2_E1_DIRECTION_20260913T053456Z/features/large/obqa/00292.npz,ff8c047055aff83e267a7fbceca52047821863a73b7c9a19fd70547dc8e7e85a,8192,float32,ca2386f24d445258fc1244651ef6164bedaed16011ff4e7a0eff25b7fba9a542
large,obqa,10-491,304,2,$DATA_DIR/P2_E1_DIRECTION_20260913T053456Z/features/large/obqa/00304.npz,1c03b4b9beb28b78e42f47ef8845807be4c5ad6de3a4459d11d43d1b8586e228,8192,float32,ca2386f24d445258fc1244651ef6164bedaed16011ff4e7a0eff25b7fba9a542
large,obqa,10-498,307,2,$DATA_DIR/P2_E1_DIRECTION_20260913T053456Z/features/large/obqa/00307.npz,289052a5f4bf193d088951a7329ef1ce166cbaf4bf50fed12e58c7bf89c5968f,8192,float32,ca2386f24d445258fc1244651ef6164bedaed16011ff4e7a0eff25b7fba9a542
large,obqa,10-50,309,2,$DATA_DIR/P2_E1_DIRECTION_20260913T053456Z/features/large/obqa/00309.npz,515a25b7d4d8bb71792a44f43ac2a23293be2f9ea3ebe219ee9e213dd51b3148,8192,float32,ca2386f24d445258fc1244651ef6164bedaed16011ff4e7a0eff25b7fba9a542
large,obqa,10-502,311,2,$DATA_DIR/P2_E1_DIRECTION_20260913T053456Z/features/large/obqa/00311.npz,a8c042d1bbcb9e7391abf3c3a5ff2527e4a573d8aa86422071bf18e7d5d5d249,8192,float32,ca2386f24d445258fc1244651ef6164bedaed16011ff4e7a0eff25b7fba9a542
large,obqa,10-532,321,2,$DATA_DIR/P2_E1_DIRECTION_20260913T053456Z/features/large/obqa/00321.npz,96292c03d61064c73f9560c4909cdb337628fddbdb03b3d973ded04c30e6e034,8192,float32,ca2386f24d445258fc1244651ef6164bedaed16011ff4e7a0eff25b7fba9a542
large,obqa,10-538,323,2,$DATA_DIR/P2_E1_DIRECTION_20260913T053456Z/features/large/obqa/00323.npz,3210cd4da814aed4037aa9929f4e0eb210558401f852dc4b59c4a492ae4de30b,8192,float32,ca2386f24d445258fc1244651ef6164bedaed16011ff4e7a0eff25b7fba9a542
large,obqa,10-548,331,2,$DATA_DIR/P2_E1_DIRECTION_20260913T053456Z/features/large/obqa/00331.npz,42c7a9c59ce5b8d023ad5ebd7e51619532579b237b5777cfd80a1ccf50e6a76b,8192,float32,ca2386f24d445258fc1244651ef6164bedaed16011ff4e7a0eff25b7fba9a542
large,obqa,10-557,337,2,$DATA_DIR/P2_E1_DIRECTION_20260913T053456Z/features/large/obqa/00337.npz,dbbe680d71995946a8eb7d58f61c66bace51e2685782c3841b0acf7070ec7221,8192,float32,ca2386f24d445258fc1244651ef6164bedaed16011ff4e7a0eff25b7fba9a542
large,obqa,10-577,346,2,$DATA_DIR/P2_E1_DIRECTION_20260913T053456Z/features/large/obqa/00346.npz,99d9f9f781929b19514712a30136d474edf7cf2ad8eeb84321c3ddad4320fb13,8192,float32,ca2386f24d445258fc1244651ef6164bedaed16011ff4e7a0eff25b7fba9a542
large,obqa,10-578,347,2,$DATA_DIR/P2_E1_DIRECTION_20260913T053456Z/features/large/obqa/00347.npz,e5d197ab2614457862d2ba323bb03af890caa2acc62aa139f0ba7626571697c3,8192,float32,ca2386f24d445258fc1244651ef6164bedaed16011ff4e7a0eff25b7fba9a542
large,obqa,10-585,350,2,$DATA_DIR/P2_E1_DIRECTION_20260913T053456Z/features/large/obqa/00350.npz,dd42836d0ed447514d5eb95618a762893474cc134a4ee6d036c89acf8ab49807,8192,float32,ca2386f24d445258fc1244651ef6164bedaed16011ff4e7a0eff25b7fba9a542
large,obqa,10-586,351,2,$DATA_DIR/P2_E1_DIRECTION_20260913T053456Z/features/large/obqa/00351.npz,b0235a04398f7e6fb8624b22c5a6ec9f9a12a8575bfe95831dc83dd74445fba9,8192,float32,ca2386f24d445258fc1244651ef6164bedaed16011ff4e7a0eff25b7fba9a542
large,obqa,10-595,358,2,$DATA_DIR/P2_E1_DIRECTION_20260913T053456Z/features/large/obqa/00358.npz,45a7f80e008c46d020be857b01dc8492bad84035fa9d8aac264c3796ae06f090,8192,float32,ca2386f24d445258fc1244651ef6164bedaed16011ff4e7a0eff25b7fba9a542
large,obqa,10-606,365,2,$DATA_DIR/P2_E1_DIRECTION_20260913T053456Z/features/large/obqa/00365.npz,06a49c4be7cbfffe7adf1c0e7a681b346524f1d595646f3ab3598e8e18fe37cc,8192,float32,ca2386f24d445258fc1244651ef6164bedaed16011ff4e7a0eff25b7fba9a542
large,obqa,10-618,373,2,$DATA_DIR/P2_E1_DIRECTION_20260913T053456Z/features/large/obqa/00373.npz,55994c4dc0ae27535e621f91bdccdf641ddc64af4ee22012d0f07a6c7b169007,8192,float32,ca2386f24d445258fc1244651ef6164bedaed16011ff4e7a0eff25b7fba9a542
large,obqa,10-624,377,2,$DATA_DIR/P2_E1_DIRECTION_20260913T053456Z/features/large/obqa/00377.npz,576971a96cdc233c639f0d5c18177575003182e5f3922293fd4e74fdd76e5b0f,8192,float32,ca2386f24d445258fc1244651ef6164bedaed16011ff4e7a0eff25b7fba9a542
large,obqa,10-63,380,2,$DATA_DIR/P2_E1_DIRECTION_20260913T053456Z/features/large/obqa/00380.npz,aca600bb89ac0615552d0b1dc509673fc2437441637bdd08e1175df8d0f29105,8192,float32,ca2386f24d445258fc1244651ef6164bedaed16011ff4e7a0eff25b7fba9a542
large,obqa,10-632,383,2,$DATA_DIR/P2_E1_DIRECTION_20260913T053456Z/features/large/obqa/00383.npz,5813ce27d7e7cc298983860f4ca92176c4394184dd4ce0b899b5b81b462a0ef1,8192,float32,ca2386f24d445258fc1244651ef6164bedaed16011ff4e7a0eff25b7fba9a542
large,obqa,10-636,385,2,$DATA_DIR/P2_E1_DIRECTION_20260913T053456Z/features/large/obqa/00385.npz,eec7133a95294d9e85e4a6f7a4490c565ffcb2e87697b0870ea46302ec4ce4e6,8192,float32,ca2386f24d445258fc1244651ef6164bedaed16011ff4e7a0eff25b7fba9a542
large,obqa,10-637,386,2,$DATA_DIR/P2_E1_DIRECTION_20260913T053456Z/features/large/obqa/00386.npz,0f2b63740db1acc5ec9125e05297c7a40c281a1fbc7b4a389b8b83040e1222bd,8192,float32,ca2386f24d445258fc1244651ef6164bedaed16011ff4e7a0eff25b7fba9a542
large,obqa,10-643,388,2,$DATA_DIR/P2_E1_DIRECTION_20260913T053456Z/features/large/obqa/00388.npz,cc617b513441b7965b25dc41339a1af10fe8d9fcac9ecca3792064f08877e9c6,8192,float32,ca2386f24d445258fc1244651ef6164bedaed16011ff4e7a0eff25b7fba9a542
large,obqa,10-652,394,2,$DATA_DIR/P2_E1_DIRECTION_20260913T053456Z/features/large/obqa/00394.npz,d936ac573ad1b04878be458e58c2ee738e12bb86b3a17c35630325d060bb39d1,8192,float32,ca2386f24d445258fc1244651ef6164bedaed16011ff4e7a0eff25b7fba9a542
large,obqa,10-658,398,2,$DATA_DIR/P2_E1_DIRECTION_20260913T053456Z/features/large/obqa/00398.npz,af22f826aa368d148b40efb30ed0030ca94aa178f83589201e1fa12209ef2d30,8192,float32,ca2386f24d445258fc1244651ef6164bedaed16011ff4e7a0eff25b7fba9a542
large,obqa,10-662,401,2,$DATA_DIR/P2_E1_DIRECTION_20260913T053456Z/features/large/obqa/00401.npz,1f0fadad456452619940dafef2f04937da7af77ce946dc7703189d7e809e93ec,8192,float32,ca2386f24d445258fc1244651ef6164bedaed16011ff4e7a0eff25b7fba9a542
large,obqa,10-669,406,2,$DATA_DIR/P2_E1_DIRECTION_20260913T053456Z/features/large/obqa/00406.npz,9e18f82666357f21e9fce046d2d5d1e02639c7a7973b3cbd73559c5d70d209cc,8192,float32,ca2386f24d445258fc1244651ef6164bedaed16011ff4e7a0eff25b7fba9a542
large,obqa,10-674,407,2,$DATA_DIR/P2_E1_DIRECTION_20260913T053456Z/features/large/obqa/00407.npz,7673a78f915d5cbb8b0ccaafcbbbf9d937c00665b88b2b346bbfe5a9bba10921,8192,float32,ca2386f24d445258fc1244651ef6164bedaed16011ff4e7a0eff25b7fba9a542
large,obqa,10-683,412,2,$DATA_DIR/P2_E1_DIRECTION_20260913T053456Z/features/large/obqa/00412.npz,01085766bc3fca2a0d333d8c50dcc628be5e44158bdba47eb6625ec5c165ea02,8192,float32,ca2386f24d445258fc1244651ef6164bedaed16011ff4e7a0eff25b7fba9a542
large,obqa,10-714,422,2,$DATA_DIR/P2_E1_DIRECTION_20260913T053456Z/features/large/obqa/00422.npz,72d7da1b12ab9ce0946e73d116c875737c902dac40da2fde7b319a1959db6de5,8192,float32,ca2386f24d445258fc1244651ef6164bedaed16011ff4e7a0eff25b7fba9a542
large,obqa,10-728,430,2,$DATA_DIR/P2_E1_DIRECTION_20260913T053456Z/features/large/obqa/00430.npz,76c22018cc7e293d2dd5cb6d5937ab42a48606802e148a159561e2f2319d8a39,8192,float32,ca2386f24d445258fc1244651ef6164bedaed16011ff4e7a0eff25b7fba9a542
large,obqa,10-742,439,2,$DATA_DIR/P2_E1_DIRECTION_20260913T053456Z/features/large/obqa/00439.npz,319d09217ab609ecf74274c30e4846c64e2be4c1daa15f4169586466fb06c3fc,8192,float32,ca2386f24d445258fc1244651ef6164bedaed16011ff4e7a0eff25b7fba9a542
large,obqa,10-744,441,2,$DATA_DIR/P2_E1_DIRECTION_20260913T053456Z/features/large/obqa/00441.npz,b2018f160d6c0e6a2f1d3f438d552b661682ceebd9dcc875c3a306e6831f87e5,8192,float32,ca2386f24d445258fc1244651ef6164bedaed16011ff4e7a0eff25b7fba9a542
large,obqa,10-746,442,2,$DATA_DIR/P2_E1_DIRECTION_20260913T053456Z/features/large/obqa/00442.npz,c38eba29f0ffe003cab995a1bbddd560135ef15d96f2f82cc6861915ca9d8260,8192,float32,ca2386f24d445258fc1244651ef6164bedaed16011ff4e7a0eff25b7fba9a542
large,obqa,10-778,456,2,$DATA_DIR/P2_E1_DIRECTION_20260913T053456Z/features/large/obqa/00456.npz,e7cb09ed5419984b3e0a880a63c4c4d28d40446e07ced8295f40a48c93edfed4,8192,float32,ca2386f24d445258fc1244651ef6164bedaed16011ff4e7a0eff25b7fba9a542
large,obqa,10-794,465,2,$DATA_DIR/P2_E1_DIRECTION_20260913T053456Z/features/large/obqa/00465.npz,644ed3b443b9e7cea107ef163f665c983d50f0b98e612de194831684d8f178bc,8192,float32,ca2386f24d445258fc1244651ef6164bedaed16011ff4e7a0eff25b7fba9a542
large,obqa,10-802,468,2,$DATA_DIR/P2_E1_DIRECTION_20260913T053456Z/features/large/obqa/00468.npz,2b0edbc91d7f2f25cc492c0dfe38d5466cafe33aea73db5490f4f36e5c375690,8192,float32,ca2386f24d445258fc1244651ef6164bedaed16011ff4e7a0eff25b7fba9a542
large,obqa,10-803,469,2,$DATA_DIR/P2_E1_DIRECTION_20260913T053456Z/features/large/obqa/00469.npz,22ddc06f4e95c36864c4f056d947a7dc0a8eee18ecb7b6bc5eeada9c59b218a7,8192,float32,ca2386f24d445258fc1244651ef6164bedaed16011ff4e7a0eff25b7fba9a542
large,obqa,10-810,474,2,$DATA_DIR/P2_E1_DIRECTION_20260913T053456Z/features/large/obqa/00474.npz,46153d42b5d4b4697ac63dab851465d9a1238e88fb7ce136f6925caa8997a612,8192,float32,ca2386f24d445258fc1244651ef6164bedaed16011ff4e7a0eff25b7fba9a542
large,obqa,10-82,479,2,$DATA_DIR/P2_E1_DIRECTION_20260913T053456Z/features/large/obqa/00479.npz,20ad3799f246de5747f8fab12e0fd231828eeaf2bf95bf159154fc12f409cc22,8192,float32,ca2386f24d445258fc1244651ef6164bedaed16011ff4e7a0eff25b7fba9a542
large,obqa,10-824,482,2,$DATA_DIR/P2_E1_DIRECTION_20260913T053456Z/features/large/obqa/00482.npz,3c2567427b0ff28f5d1621ddff1235ea9435ce71a1f0466e1cd91cad4c8111c8,8192,float32,ca2386f24d445258fc1244651ef6164bedaed16011ff4e7a0eff25b7fba9a542
large,obqa,10-825,483,2,$DATA_DIR/P2_E1_DIRECTION_20260913T053456Z/features/large/obqa/00483.npz,cc18c0c187bc79847d3544cb52de6eaf32a4f612737114354cacf0aae4e4fc76,8192,float32,ca2386f24d445258fc1244651ef6164bedaed16011ff4e7a0eff25b7fba9a542
large,obqa,10-844,492,2,$DATA_DIR/P2_E1_DIRECTION_20260913T053456Z/features/large/obqa/00492.npz,caa318ba4e835e653436b1dc2f0e6d2ee806fa4391a0cc4fa1469b15e662f4c7,8192,float32,ca2386f24d445258fc1244651ef6164bedaed16011ff4e7a0eff25b7fba9a542
large,obqa,10-891,508,2,$DATA_DIR/P2_E1_DIRECTION_20260913T053456Z/features/large/obqa/00508.npz,cef28ec7beee8c42957d9238b9091c74ceef8ca88263103da36fd8b594e0e438,8192,float32,ca2386f24d445258fc1244651ef6164bedaed16011ff4e7a0eff25b7fba9a542
large,obqa,10-919,524,2,$DATA_DIR/P2_E1_DIRECTION_20260913T053456Z/features/large/obqa/00524.npz,5bb978f3b8c53363b7272944ae114199cf3d3b53269afefd4c059f3aaff8dc19,8192,float32,ca2386f24d445258fc1244651ef6164bedaed16011ff4e7a0eff25b7fba9a542
large,obqa,10-922,525,2,$DATA_DIR/P2_E1_DIRECTION_20260913T053456Z/features/large/obqa/00525.npz,f3451175649244a7325e9fab0a1d673cceb5b27e25786d9e981163e1d32118a9,8192,float32,ca2386f24d445258fc1244651ef6164bedaed16011ff4e7a0eff25b7fba9a542
large,obqa,10-924,526,2,$DATA_DIR/P2_E1_DIRECTION_20260913T053456Z/features/large/obqa/00526.npz,79b95bac2dcf1b7b9fe8116127bbad293865e26a4a87c63bbf318de490a0cc9b,8192,float32,ca2386f24d445258fc1244651ef6164bedaed16011ff4e7a0eff25b7fba9a542
large,obqa,10-925,527,2,$DATA_DIR/P2_E1_DIRECTION_20260913T053456Z/features/large/obqa/00527.npz,ab1ffd2311666adacb899b69b979b7433137e7052c8cd0cfd9f743ec854a0bbb,8192,float32,ca2386f24d445258fc1244651ef6164bedaed16011ff4e7a0eff25b7fba9a542
large,obqa,10-927,528,2,$DATA_DIR/P2_E1_DIRECTION_20260913T053456Z/features/large/obqa/00528.npz,62cacd831dd5290b50a5d293da4b600b2e7aae921d374545e465d40d85eb4af2,8192,float32,ca2386f24d445258fc1244651ef6164bedaed16011ff4e7a0eff25b7fba9a542
large,obqa,10-939,537,2,$DATA_DIR/P2_E1_DIRECTION_20260913T053456Z/features/large/obqa/00537.npz,32d619e4011680098e90e8d0242b042f68df7c23cff639f602c895403d741129,8192,float32,ca2386f24d445258fc1244651ef6164bedaed16011ff4e7a0eff25b7fba9a542
large,obqa,10-944,539,2,$DATA_DIR/P2_E1_DIRECTION_20260913T053456Z/features/large/obqa/00539.npz,250230265de4f20d74533b0d96d8eb5941268f9648f7bc7b15abc37b9fd5eab6,8192,float32,ca2386f24d445258fc1244651ef6164bedaed16011ff4e7a0eff25b7fba9a542
large,obqa,10-949,541,2,$DATA_DIR/P2_E1_DIRECTION_20260913T053456Z/features/large/obqa/00541.npz,b8419871ec597e2a1a70cbc575763eaab322e50362025c61b7c306825c46fbcf,8192,float32,ca2386f24d445258fc1244651ef6164bedaed16011ff4e7a0eff25b7fba9a542
large,obqa,10-95,542,2,$DATA_DIR/P2_E1_DIRECTION_20260913T053456Z/features/large/obqa/00542.npz,7c0085087930fc94601f9fceb0a45c3d669d7c2af5e24dd50bc5fdf78592fe63,8192,float32,ca2386f24d445258fc1244651ef6164bedaed16011ff4e7a0eff25b7fba9a542
large,obqa,10-972,547,2,$DATA_DIR/P2_E1_DIRECTION_20260913T053456Z/features/large/obqa/00547.npz,e94d52e32cd2fe701bd813a5854119a8f4c44bc799af698ed4fe96aac7b61d78,8192,float32,ca2386f24d445258fc1244651ef6164bedaed16011ff4e7a0eff25b7fba9a542
large,obqa,10-980,550,2,$DATA_DIR/P2_E1_DIRECTION_20260913T053456Z/features/large/obqa/00550.npz,51e6178a778a77b3d36478633504927c3de7891f3ff314e11b3673d13b76a97e,8192,float32,ca2386f24d445258fc1244651ef6164bedaed16011ff4e7a0eff25b7fba9a542
large,obqa,10-984,552,2,$DATA_DIR/P2_E1_DIRECTION_20260913T053456Z/features/large/obqa/00552.npz,e5b56eaa66a9c38fa546928568429059d821a093bcff76e04d5c5361a8cf4372,8192,float32,ca2386f24d445258fc1244651ef6164bedaed16011ff4e7a0eff25b7fba9a542
large,obqa,10-987,555,2,$DATA_DIR/P2_E1_DIRECTION_20260913T053456Z/features/large/obqa/00555.npz,344ff423a38d5cf0a89134a139aededcc0ee291d121ee5c2221b53d5bb4fe943,8192,float32,ca2386f24d445258fc1244651ef6164bedaed16011ff4e7a0eff25b7fba9a542
large,obqa,1000,561,2,$DATA_DIR/P2_E1_DIRECTION_20260913T053456Z/features/large/obqa/00561.npz,030835305fd7b4bda3651334a84bc768e1027b400126a3d6af428b657af78a1b,8192,float32,ca2386f24d445258fc1244651ef6164bedaed16011ff4e7a0eff25b7fba9a542
large,obqa,1034,568,2,$DATA_DIR/P2_E1_DIRECTION_20260913T053456Z/features/large/obqa/00568.npz,e87a78614447544c5bdfc327ab273c537e9498d2c397822fab3e4444fa649c97,8192,float32,ca2386f24d445258fc1244651ef6164bedaed16011ff4e7a0eff25b7fba9a542
large,obqa,11-106,581,2,$DATA_DIR/P2_E1_DIRECTION_20260913T053456Z/features/large/obqa/00581.npz,790ca42abe0d152c281d0760c3f5c9fd960c75320dda952ddb27f0cbfff8b456,8192,float32,ca2386f24d445258fc1244651ef6164bedaed16011ff4e7a0eff25b7fba9a542
large,obqa,11-107,582,2,$DATA_DIR/P2_E1_DIRECTION_20260913T053456Z/features/large/obqa/00582.npz,6a25107a962ec615bc1610db2fee46ee501dd6e08a7b573d6d5cfeebc922f276,8192,float32,ca2386f24d445258fc1244651ef6164bedaed16011ff4e7a0eff25b7fba9a542
large,obqa,11-119,588,2,$DATA_DIR/P2_E1_DIRECTION_20260913T053456Z/features/large/obqa/00588.npz,5236764e7f3835ab51fb407cddeddf86033426c22a9f7f7e9f10e8bc8d74b12a,8192,float32,ca2386f24d445258fc1244651ef6164bedaed16011ff4e7a0eff25b7fba9a542
large,obqa,11-128,593,2,$DATA_DIR/P2_E1_DIRECTION_20260913T053456Z/features/large/obqa/00593.npz,70d872e4c765294f84b5b17434ca120aba3a6f12b62cecca19c3260730e615cd,8192,float32,ca2386f24d445258fc1244651ef6164bedaed16011ff4e7a0eff25b7fba9a542
large,obqa,11-130,596,2,$DATA_DIR/P2_E1_DIRECTION_20260913T053456Z/features/large/obqa/00596.npz,6aa35c0129e6c474cb2e95f383f06953635d3cfa02a0c3b026edbdb1903bf941,8192,float32,ca2386f24d445258fc1244651ef6164bedaed16011ff4e7a0eff25b7fba9a542
large,obqa,11-161,609,2,$DATA_DIR/P2_E1_DIRECTION_20260913T053456Z/features/large/obqa/00609.npz,62eb669512b16b82113daa9fa0a01fcd7dc3a7ff23c63984149b879c566d59d5,8192,float32,ca2386f24d445258fc1244651ef6164bedaed16011ff4e7a0eff25b7fba9a542
large,obqa,11-18,615,2,$DATA_DIR/P2_E1_DIRECTION_20260913T053456Z/features/large/obqa/00615.npz,0b70bbe17d1a1436d6efca999bdeda05a82958e79df7551fd02f3b842f7f1aa1,8192,float32,ca2386f24d445258fc1244651ef6164bedaed16011ff4e7a0eff25b7fba9a542
large,obqa,11-202,628,2,$DATA_DIR/P2_E1_DIRECTION_20260913T053456Z/features/large/obqa/00628.npz,36c374b7fa19f88f5a3e28e90ca8657bb9ae6feaca029fbf1d3339ddac44ab4b,8192,float32,ca2386f24d445258fc1244651ef6164bedaed16011ff4e7a0eff25b7fba9a542
large,obqa,11-211,632,2,$DATA_DIR/P2_E1_DIRECTION_20260913T053456Z/features/large/obqa/00632.npz,aa57ed517e35b6bcdd55e2113e0690fd8d1706bcc90c3649dfebaf620fa0d34e,8192,float32,ca2386f24d445258fc1244651ef6164bedaed16011ff4e7a0eff25b7fba9a542
large,obqa,11-219,639,2,$DATA_DIR/P2_E1_DIRECTION_20260913T053456Z/features/large/obqa/00639.npz,f7d1704377841e4f45a5c907781aeb651880184d43f4f76fdd341cb36cd5f532,8192,float32,ca2386f24d445258fc1244651ef6164bedaed16011ff4e7a0eff25b7fba9a542
large,obqa,11-221,640,2,$DATA_DIR/P2_E1_DIRECTION_20260913T053456Z/features/large/obqa/00640.npz,2ad788e8e2807092f611ecdb17aaeeff842015b557cc1f96f824fd8a63489d3b,8192,float32,ca2386f24d445258fc1244651ef6164bedaed16011ff4e7a0eff25b7fba9a542
large,obqa,11-225,641,2,$DATA_DIR/P2_E1_DIRECTION_20260913T053456Z/features/large/obqa/00641.npz,d726990185bcc475c86016a47f016fae2b40849978afc58c89bd53f0eb3875f5,8192,float32,ca2386f24d445258fc1244651ef6164bedaed16011ff4e7a0eff25b7fba9a542
large,obqa,11-232,648,2,$DATA_DIR/P2_E1_DIRECTION_20260913T053456Z/features/large/obqa/00648.npz,616fbb02850c7e6661e4a6e57d74dca10d7e538aabaf72aa457245bc1d6b15f5,8192,float32,ca2386f24d445258fc1244651ef6164bedaed16011ff4e7a0eff25b7fba9a542
large,obqa,11-243,653,2,$DATA_DIR/P2_E1_DIRECTION_20260913T053456Z/features/large/obqa/00653.npz,70d5257878fcbe4667bd7dc63e88a9bbc338dfc98ee53ea8837b03fcb7016fb2,8192,float32,ca2386f24d445258fc1244651ef6164bedaed16011ff4e7a0eff25b7fba9a542
large,obqa,11-25,658,2,$DATA_DIR/P2_E1_DIRECTION_20260913T053456Z/features/large/obqa/00658.npz,98f1f3612f97a02d3bbf2c254168441ecbfc45ca13d8247db73fb50a8e1aa08b,8192,float32,ca2386f24d445258fc1244651ef6164bedaed16011ff4e7a0eff25b7fba9a542
large,obqa,11-254,660,2,$DATA_DIR/P2_E1_DIRECTION_20260913T053456Z/features/large/obqa/00660.npz,3f5fde505e541a54be1e3739c3e2371bbdb4198196faa4da8c4c71468ccaa78c,8192,float32,ca2386f24d445258fc1244651ef6164bedaed16011ff4e7a0eff25b7fba9a542
large,obqa,11-27,670,2,$DATA_DIR/P2_E1_DIRECTION_20260913T053456Z/features/large/obqa/00670.npz,65b9751e3a360b0cbf2242b123a53f0f9544025f60866f13862f13cf32261af4,8192,float32,ca2386f24d445258fc1244651ef6164bedaed16011ff4e7a0eff25b7fba9a542
large,obqa,11-28,677,2,$DATA_DIR/P2_E1_DIRECTION_20260913T053456Z/features/large/obqa/00677.npz,af7bfc76d7a241ae1992053e8f41a6f553c9c51bab732f94099cb0088ac65c3d,8192,float32,ca2386f24d445258fc1244651ef6164bedaed16011ff4e7a0eff25b7fba9a542
large,obqa,11-30,686,2,$DATA_DIR/P2_E1_DIRECTION_20260913T053456Z/features/large/obqa/00686.npz,27579d738ac6bd6c6c88f910356c8b3e1117c9ec5545098546f9b6a40761fb00,8192,float32,ca2386f24d445258fc1244651ef6164bedaed16011ff4e7a0eff25b7fba9a542
large,obqa,11-307,690,2,$DATA_DIR/P2_E1_DIRECTION_20260913T053456Z/features/large/obqa/00690.npz,95a5fa7e5f6962a1bffb4fc26a71d7ffe31afc29c351779bbe59ebc8be24710c,8192,float32,ca2386f24d445258fc1244651ef6164bedaed16011ff4e7a0eff25b7fba9a542
large,obqa,11-31,692,2,$DATA_DIR/P2_E1_DIRECTION_20260913T053456Z/features/large/obqa/00692.npz,e8390a034bafc5a0d75100d53158cda58cedc5598b84a73b388c936184f5ece8,8192,float32,ca2386f24d445258fc1244651ef6164bedaed16011ff4e7a0eff25b7fba9a542
large,obqa,11-321,696,2,$DATA_DIR/P2_E1_DIRECTION_20260913T053456Z/features/large/obqa/00696.npz,cdfd67f033b0cf622971e0971bce6492f0000204d999a97fa67295ce1bf0f323,8192,float32,ca2386f24d445258fc1244651ef6164bedaed16011ff4e7a0eff25b7fba9a542
large,obqa,11-325,698,2,$DATA_DIR/P2_E1_DIRECTION_20260913T053456Z/features/large/obqa/00698.npz,927879b8e02c2d4f4e5bbfc2b8b1924de87bf9ff07e213c3a58ffdfdc77962a6,8192,float32,ca2386f24d445258fc1244651ef6164bedaed16011ff4e7a0eff25b7fba9a542
large,obqa,11-330,704,2,$DATA_DIR/P2_E1_DIRECTION_20260913T053456Z/features/large/obqa/00704.npz,18c05c15710e79429cc7a31220ffba1c7e42270621547574a67ecde1d70cabc9,8192,float32,ca2386f24d445258fc1244651ef6164bedaed16011ff4e7a0eff25b7fba9a542
large,obqa,11-331,705,2,$DATA_DIR/P2_E1_DIRECTION_20260913T053456Z/features/large/obqa/00705.npz,b74ab128dff06949e9da6c97a1ddcd6197863fa55e98b93aae2cf8919026ca32,8192,float32,ca2386f24d445258fc1244651ef6164bedaed16011ff4e7a0eff25b7fba9a542
large,obqa,11-350,714,2,$DATA_DIR/P2_E1_DIRECTION_20260913T053456Z/features/large/obqa/00714.npz,b11d21509332290e7a578e0d0a27526eec7fe0ec67f9b42b03edf4f0a0a6620e,8192,float32,ca2386f24d445258fc1244651ef6164bedaed16011ff4e7a0eff25b7fba9a542
large,obqa,11-375,724,2,$DATA_DIR/P2_E1_DIRECTION_20260913T053456Z/features/large/obqa/00724.npz,baca6405966746119fa45c6722ce7a028e248bb2bb5063867ffcbcc470c29f4a,8192,float32,ca2386f24d445258fc1244651ef6164bedaed16011ff4e7a0eff25b7fba9a542
large,obqa,11-383,726,2,$DATA_DIR/P2_E1_DIRECTION_20260913T053456Z/features/large/obqa/00726.npz,b1203c1cd8cbf678c49724a4ca66af9e63404cdb1aadd76e4770d7682a1d98b9,8192,float32,ca2386f24d445258fc1244651ef6164bedaed16011ff4e7a0eff25b7fba9a542
large,obqa,11-384,727,2,$DATA_DIR/P2_E1_DIRECTION_20260913T053456Z/features/large/obqa/00727.npz,be181aeb1ab21d8a95722efaec06904c2a746f9f68f11ac6de0a800655df1733,8192,float32,ca2386f24d445258fc1244651ef6164bedaed16011ff4e7a0eff25b7fba9a542
large,obqa,11-39,730,2,$DATA_DIR/P2_E1_DIRECTION_20260913T053456Z/features/large/obqa/00730.npz,59bb45a6c438b56983442a4afc2c6fd86cae9a3ead44ece6c02ad359e2749301,8192,float32,ca2386f24d445258fc1244651ef6164bedaed16011ff4e7a0eff25b7fba9a542
large,obqa,11-412,738,2,$DATA_DIR/P2_E1_DIRECTION_20260913T053456Z/features/large/obqa/00738.npz,91037e14125e82aed9ac486f087113c6843d9625280384d449ae491b434e6add,8192,float32,ca2386f24d445258fc1244651ef6164bedaed16011ff4e7a0eff25b7fba9a542
large,obqa,11-457,761,2,$DATA_DIR/P2_E1_DIRECTION_20260913T053456Z/features/large/obqa/00761.npz,e5089454d13d1aa699d16a564c6c941af2f2aa617a9d99d08869bbe1f51f73db,8192,float32,ca2386f24d445258fc1244651ef6164bedaed16011ff4e7a0eff25b7fba9a542
large,obqa,11-459,762,2,$DATA_DIR/P2_E1_DIRECTION_20260913T053456Z/features/large/obqa/00762.npz,cdc77f400b387733612d3e42e3090898f90fd64dbf8cce2328d4be9be489dfc4,8192,float32,ca2386f24d445258fc1244651ef6164bedaed16011ff4e7a0eff25b7fba9a542
large,obqa,11-477,772,2,$DATA_DIR/P2_E1_DIRECTION_20260913T053456Z/features/large/obqa/00772.npz,8062ce960d1239706f4e683370a39694e6bf11ae979fccce91f9353112c40748,8192,float32,ca2386f24d445258fc1244651ef6164bedaed16011ff4e7a0eff25b7fba9a542
large,obqa,11-496,780,2,$DATA_DIR/P2_E1_DIRECTION_20260913T053456Z/features/large/obqa/00780.npz,06cd561114274ffb8c4cfbb054d62c9b6585f17fe738cd3938d6c2e01489339b,8192,float32,ca2386f24d445258fc1244651ef6164bedaed16011ff4e7a0eff25b7fba9a542
large,obqa,11-501,784,2,$DATA_DIR/P2_E1_DIRECTION_20260913T053456Z/features/large/obqa/00784.npz,8b6007ba528e272c7cfa169bef521c2c7f38ed4321c1275da1dceed938dd84fa,8192,float32,ca2386f24d445258fc1244651ef6164bedaed16011ff4e7a0eff25b7fba9a542
large,obqa,11-528,795,2,$DATA_DIR/P2_E1_DIRECTION_20260913T053456Z/features/large/obqa/00795.npz,956a9fb375a31c5c0daf760ab4807f509b3ca2b5f2374d19483b0a434b8fb4b2,8192,float32,ca2386f24d445258fc1244651ef6164bedaed16011ff4e7a0eff25b7fba9a542
large,obqa,11-541,802,2,$DATA_DIR/P2_E1_DIRECTION_20260913T053456Z/features/large/obqa/00802.npz,1605e60e2fe27468ccec5385f71597f4145793806272dd73b30929091458556f,8192,float32,ca2386f24d445258fc1244651ef6164bedaed16011ff4e7a0eff25b7fba9a542
large,obqa,11-549,805,2,$DATA_DIR/P2_E1_DIRECTION_20260913T053456Z/features/large/obqa/00805.npz,05112870978aca56348395402089fe3e765f0380b8fb306704ceb82d5e15b718,8192,float32,ca2386f24d445258fc1244651ef6164bedaed16011ff4e7a0eff25b7fba9a542
large,obqa,11-56,811,2,$DATA_DIR/P2_E1_DIRECTION_20260913T053456Z/features/large/obqa/00811.npz,d52c882dc0d193be5556574db84898ca573d0c8e186dd53b8c9ea0c5f4644908,8192,float32,ca2386f24d445258fc1244651ef6164bedaed16011ff4e7a0eff25b7fba9a542
large,obqa,11-575,816,2,$DATA_DIR/P2_E1_DIRECTION_20260913T053456Z/features/large/obqa/00816.npz,ae0e387f0c94a6ca58868017519bd0d18877fbd270fc27c000008ab19f96a0b4,8192,float32,ca2386f24d445258fc1244651ef6164bedaed16011ff4e7a0eff25b7fba9a542
large,obqa,11-58,819,2,$DATA_DIR/P2_E1_DIRECTION_20260913T053456Z/features/large/obqa/00819.npz,6af7ad5d4de62c79230c72e0272b92df590b36b56380584d01c0e64f52f6af7b,8192,float32,ca2386f24d445258fc1244651ef6164bedaed16011ff4e7a0eff25b7fba9a542
large,obqa,11-590,822,2,$DATA_DIR/P2_E1_DIRECTION_20260913T053456Z/features/large/obqa/00822.npz,dfd4b5d20f524d92964ba17a1afb0c63d471e7230af98c8100b42126e5b55863,8192,float32,ca2386f24d445258fc1244651ef6164bedaed16011ff4e7a0eff25b7fba9a542
large,obqa,11-610,832,2,$DATA_DIR/P2_E1_DIRECTION_20260913T053456Z/features/large/obqa/00832.npz,1e1968f453c94f8b70b765c813f68c4c95f80cc51790aaf21dc51e77876f45c6,8192,float32,ca2386f24d445258fc1244651ef6164bedaed16011ff4e7a0eff25b7fba9a542
large,obqa,11-624,838,2,$DATA_DIR/P2_E1_DIRECTION_20260913T053456Z/features/large/obqa/00838.npz,45810c4697b4ab945bb688dab1103cd1f8968fd445d745498cb7c84429ba9748,8192,float32,ca2386f24d445258fc1244651ef6164bedaed16011ff4e7a0eff25b7fba9a542
large,obqa,11-637,846,2,$DATA_DIR/P2_E1_DIRECTION_20260913T053456Z/features/large/obqa/00846.npz,a16199c7b55765d7219a6580d9edb9021a4a8d012eb77f5fae1ea26ebbb3585b,8192,float32,ca2386f24d445258fc1244651ef6164bedaed16011ff4e7a0eff25b7fba9a542
large,obqa,11-641,847,2,$DATA_DIR/P2_E1_DIRECTION_20260913T053456Z/features/large/obqa/00847.npz,0b6cb134cde900cf20d3540abac0575413909425edb90bbe41f58fa457fbf99b,8192,float32,ca2386f24d445258fc1244651ef6164bedaed16011ff4e7a0eff25b7fba9a542
large,obqa,11-752,880,2,$DATA_DIR/P2_E1_DIRECTION_20260913T053456Z/features/large/obqa/00880.npz,99544500333304a3d29046b877d4bd569ddbdc0429474af4b0e5f893e67f87cc,8192,float32,ca2386f24d445258fc1244651ef6164bedaed16011ff4e7a0eff25b7fba9a542
large,obqa,11-83,884,2,$DATA_DIR/P2_E1_DIRECTION_20260913T053456Z/features/large/obqa/00884.npz,4a006561a1b5224e721b7563942f3a26387271d9d509cdcde3c76342b94214bb,8192,float32,ca2386f24d445258fc1244651ef6164bedaed16011ff4e7a0eff25b7fba9a542
large,obqa,11-96,891,2,$DATA_DIR/P2_E1_DIRECTION_20260913T053456Z/features/large/obqa/00891.npz,d2b4728a95bc7523a1a4810f3187589ecdd4ccbe6e56e21c57ae659662712d22,8192,float32,ca2386f24d445258fc1244651ef6164bedaed16011ff4e7a0eff25b7fba9a542
large,obqa,1102,894,2,$DATA_DIR/P2_E1_DIRECTION_20260913T053456Z/features/large/obqa/00894.npz,959e9ecaab07f790d1b261cb586ea197699fe6aa7379a3923e8050fbda3c839d,8192,float32,ca2386f24d445258fc1244651ef6164bedaed16011ff4e7a0eff25b7fba9a542
large,obqa,1155,900,2,$DATA_DIR/P2_E1_DIRECTION_20260913T053456Z/features/large/obqa/00900.npz,e4a6db88c7d732e34c91a273be71a83f6f0b499cea6ff50881846ba97ab9c3c0,8192,float32,ca2386f24d445258fc1244651ef6164bedaed16011ff4e7a0eff25b7fba9a542
large,obqa,1163,904,2,$DATA_DIR/P2_E1_DIRECTION_20260913T053456Z/features/large/obqa/00904.npz,d33aac073895f3d53fc03e528e040840c4179957095c58e9f6e6506bc7810a04,8192,float32,ca2386f24d445258fc1244651ef6164bedaed16011ff4e7a0eff25b7fba9a542
large,obqa,12-101,920,2,$DATA_DIR/P2_E1_DIRECTION_20260913T053456Z/features/large/obqa/00920.npz,d5a8d908b661324189fd0dd11dd8c7a32d6390129272c86c440823cf2c9c91fb,8192,float32,ca2386f24d445258fc1244651ef6164bedaed16011ff4e7a0eff25b7fba9a542
large,obqa,12-1012,922,2,$DATA_DIR/P2_E1_DIRECTION_20260913T053456Z/features/large/obqa/00922.npz,4184f90f6b1efa3f05318d8b86617c55c84a7a391b1be6cb016b83ee3157a536,8192,float32,ca2386f24d445258fc1244651ef6164bedaed16011ff4e7a0eff25b7fba9a542
large,obqa,12-1022,923,2,$DATA_DIR/P2_E1_DIRECTION_20260913T053456Z/features/large/obqa/00923.npz,a46e2cb4de4fea8e477ec942090c0369089d725621060b400451ce8832a6ad0d,8192,float32,ca2386f24d445258fc1244651ef6164bedaed16011ff4e7a0eff25b7fba9a542
large,obqa,12-1056,941,2,$DATA_DIR/P2_E1_DIRECTION_20260913T053456Z/features/large/obqa/00941.npz,af332daf6cbea2fbc317b98bc7d7b8126ebb9cc2f5af149b22ed797f4d12756d,8192,float32,ca2386f24d445258fc1244651ef6164bedaed16011ff4e7a0eff25b7fba9a542
large,obqa,12-1061,944,2,$DATA_DIR/P2_E1_DIRECTION_20260913T053456Z/features/large/obqa/00944.npz,1950bc1b5b957c1f9034ce9f8b8262fbe23f0b5781477508406f2be03fc7311b,8192,float32,ca2386f24d445258fc1244651ef6164bedaed16011ff4e7a0eff25b7fba9a542
large,obqa,12-1073,952,2,$DATA_DIR/P2_E1_DIRECTION_20260913T053456Z/features/large/obqa/00952.npz,f244c93e6ecc3a710c3c18ce3902289aedc8ff2dc314a6c6f45e0dc2613a33c4,8192,float32,ca2386f24d445258fc1244651ef6164bedaed16011ff4e7a0eff25b7fba9a542
large,obqa,12-1074,953,2,$DATA_DIR/P2_E1_DIRECTION_20260913T053456Z/features/large/obqa/00953.npz,fd99a1e23c18e1ff9f2695d4a1f6507a2aa5aeeb6f386fd9d6531934452c91c3,8192,float32,ca2386f24d445258fc1244651ef6164bedaed16011ff4e7a0eff25b7fba9a542
large,obqa,12-1079,956,2,$DATA_DIR/P2_E1_DIRECTION_20260913T053456Z/features/large/obqa/00956.npz,631970e98506e9478a9619627712e10f85495c1712e5c4f8826bc2f900e7d85b,8192,float32,ca2386f24d445258fc1244651ef6164bedaed16011ff4e7a0eff25b7fba9a542
large,obqa,12-1085,960,2,$DATA_DIR/P2_E1_DIRECTION_20260913T053456Z/features/large/obqa/00960.npz,280bafd167ccbff46181013b69c28f94cc2bd1e385945c3241727389d009a296,8192,float32,ca2386f24d445258fc1244651ef6164bedaed16011ff4e7a0eff25b7fba9a542
large,obqa,12-1087,961,2,$DATA_DIR/P2_E1_DIRECTION_20260913T053456Z/features/large/obqa/00961.npz,2f01663e280053adf15365eed95ef9476324d89ffa84bd099942945715909b68,8192,float32,ca2386f24d445258fc1244651ef6164bedaed16011ff4e7a0eff25b7fba9a542
large,obqa,12-1089,963,2,$DATA_DIR/P2_E1_DIRECTION_20260913T053456Z/features/large/obqa/00963.npz,5867c7660224fa520cd1f3208b74c129989d830fbc7348d6455665d4dbbfdf8c,8192,float32,ca2386f24d445258fc1244651ef6164bedaed16011ff4e7a0eff25b7fba9a542
large,obqa,12-1103,972,2,$DATA_DIR/P2_E1_DIRECTION_20260913T053456Z/features/large/obqa/00972.npz,e70dc55fee548ac6fab808b411617fe567201d562403118ce76115444113c115,8192,float32,ca2386f24d445258fc1244651ef6164bedaed16011ff4e7a0eff25b7fba9a542
large,obqa,12-1107,975,2,$DATA_DIR/P2_E1_DIRECTION_20260913T053456Z/features/large/obqa/00975.npz,e1899255744dcbb28c732f16225a038d8064928778066e175323c89e676f4a4e,8192,float32,ca2386f24d445258fc1244651ef6164bedaed16011ff4e7a0eff25b7fba9a542
large,obqa,12-1118,983,2,$DATA_DIR/P2_E1_DIRECTION_20260913T053456Z/features/large/obqa/00983.npz,e497896140eb9a58b607d25a1eda75b12e132e5559bff2cad7efc2a32747f558,8192,float32,ca2386f24d445258fc1244651ef6164bedaed16011ff4e7a0eff25b7fba9a542
large,obqa,12-1119,984,2,$DATA_DIR/P2_E1_DIRECTION_20260913T053456Z/features/large/obqa/00984.npz,cd61cb07ac617b8cdf6f05dc72253ac345963d69c5d23875b25a57072eb9958a,8192,float32,ca2386f24d445258fc1244651ef6164bedaed16011ff4e7a0eff25b7fba9a542
large,obqa,12-1124,985,2,$DATA_DIR/P2_E1_DIRECTION_20260913T053456Z/features/large/obqa/00985.npz,0a593d30845947939cb195965f9ca82bdca26ecd3b14d3a61ba9e8423907b941,8192,float32,ca2386f24d445258fc1244651ef6164bedaed16011ff4e7a0eff25b7fba9a542
large,obqa,12-1137,994,2,$DATA_DIR/P2_E1_DIRECTION_20260913T053456Z/features/large/obqa/00994.npz,7413cba1f4267e1e307b7e2e01798137cd1f469864b20266cd2fa08c79aca647,8192,float32,ca2386f24d445258fc1244651ef6164bedaed16011ff4e7a0eff25b7fba9a542
large,obqa,12-114,997,2,$DATA_DIR/P2_E1_DIRECTION_20260913T053456Z/features/large/obqa/00997.npz,6b1e142c49af105ca177c16adcde35ec9590c89dfdd15954f1b5c2895e377a1b,8192,float32,ca2386f24d445258fc1244651ef6164bedaed16011ff4e7a0eff25b7fba9a542
large,obqa,12-1147,1003,2,$DATA_DIR/P2_E1_DIRECTION_20260913T053456Z/features/large/obqa/01003.npz,81a02c262295ae171b8793aa88cf8b6643e92b70f7fb68c6309b4ac9071d7fad,8192,float32,ca2386f24d445258fc1244651ef6164bedaed16011ff4e7a0eff25b7fba9a542
large,obqa,12-1149,1004,2,$DATA_DIR/P2_E1_DIRECTION_20260913T053456Z/features/large/obqa/01004.npz,c1a832f35964a87b8e8daaa8a8718fc6a1e80919f1c6531906f4ace0b7352e55,8192,float32,ca2386f24d445258fc1244651ef6164bedaed16011ff4e7a0eff25b7fba9a542
large,obqa,12-1162,1010,2,$DATA_DIR/P2_E1_DIRECTION_20260913T053456Z/features/large/obqa/01010.npz,bdda4cca63b57138dcd3ce5b4fee05dd4dd38510f175d388dfa6ff74ba02460d,8192,float32,ca2386f24d445258fc1244651ef6164bedaed16011ff4e7a0eff25b7fba9a542
large,obqa,12-1166,1012,2,$DATA_DIR/P2_E1_DIRECTION_20260913T053456Z/features/large/obqa/01012.npz,cad23be5222e744a4a9b8c6a1fd7205745dc5f6b9705870c59b7c52e95491078,8192,float32,ca2386f24d445258fc1244651ef6164bedaed16011ff4e7a0eff25b7fba9a542
large,obqa,12-1167,1013,2,$DATA_DIR/P2_E1_DIRECTION_20260913T053456Z/features/large/obqa/01013.npz,e4cc46d2ebfc674068b9b25f0efe6df72f81e3374c9d9a2c7e67e249db180a39,8192,float32,ca2386f24d445258fc1244651ef6164bedaed16011ff4e7a0eff25b7fba9a542
large,obqa,12-1175,1017,2,$DATA_DIR/P2_E1_DIRECTION_20260913T053456Z/features/large/obqa/01017.npz,ece89d80986efa7a143a2e6c3d5d8a4c9895fc12c70d92e2ca0b1a0c25b612e7,8192,float32,ca2386f24d445258fc1244651ef6164bedaed16011ff4e7a0eff25b7fba9a542
large,obqa,12-118,1019,2,$DATA_DIR/P2_E1_DIRECTION_20260913T053456Z/features/large/obqa/01019.npz,7e7a35f9e9725ba5ec4864b1276b45db2fe0543f50835ee23d836c99c16da051,8192,float32,ca2386f24d445258fc1244651ef6164bedaed16011ff4e7a0eff25b7fba9a542
large,obqa,12-1182,1020,2,$DATA_DIR/P2_E1_DIRECTION_20260913T053456Z/features/large/obqa/01020.npz,1bcd7915f32965f3620d3a297a2e2cfa78ffec44d639629b0319062ce8871a48,8192,float32,ca2386f24d445258fc1244651ef6164bedaed16011ff4e7a0eff25b7fba9a542
large,obqa,12-1203,1029,2,$DATA_DIR/P2_E1_DIRECTION_20260913T053456Z/features/large/obqa/01029.npz,78290c65bbdb4e7e391fbf41160feea77b067b0fafb279bdf726f17a5ad129da,8192,float32,ca2386f24d445258fc1244651ef6164bedaed16011ff4e7a0eff25b7fba9a542
large,obqa,12-1204,1030,2,$DATA_DIR/P2_E1_DIRECTION_20260913T053456Z/features/large/obqa/01030.npz,0f19bb6b83ef057006d2786c2d69c1aeba15ee9ec5c311f7cb627d8ac64780bc,8192,float32,ca2386f24d445258fc1244651ef6164bedaed16011ff4e7a0eff25b7fba9a542
large,obqa,12-1209,1031,2,$DATA_DIR/P2_E1_DIRECTION_20260913T053456Z/features/large/obqa/01031.npz,169d22c3b393ee0bde1aa377268f032120b1104051c05597307253d234cd9a2d,8192,float32,ca2386f24d445258fc1244651ef6164bedaed16011ff4e7a0eff25b7fba9a542
large,obqa,12-142,1040,2,$DATA_DIR/P2_E1_DIRECTION_20260913T053456Z/features/large/obqa/01040.npz,02785e760a47f1409e9fcf72e3544b52c93de54cd70a75566168e1b0dc3b6af0,8192,float32,ca2386f24d445258fc1244651ef6164bedaed16011ff4e7a0eff25b7fba9a542
large,obqa,12-143,1041,2,$DATA_DIR/P2_E1_DIRECTION_20260913T053456Z/features/large/obqa/01041.npz,a068a6a168a37773789df653be3094c0cab4f66e4101a6abbcc378b1ceb933e3,8192,float32,ca2386f24d445258fc1244651ef6164bedaed16011ff4e7a0eff25b7fba9a542
large,obqa,12-145,1042,2,$DATA_DIR/P2_E1_DIRECTION_20260913T053456Z/features/large/obqa/01042.npz,e203c5afaf0607e840dc275edf2e342116a801bccbbd2a90f283e8b6b1768d78,8192,float32,ca2386f24d445258fc1244651ef6164bedaed16011ff4e7a0eff25b7fba9a542
large,obqa,12-176,1059,2,$DATA_DIR/P2_E1_DIRECTION_20260913T053456Z/features/large/obqa/01059.npz,c41fca1d44fad8724e403d1df12b63555c82fac115656d34ac9c510c2c343dc0,8192,float32,ca2386f24d445258fc1244651ef6164bedaed16011ff4e7a0eff25b7fba9a542
large,obqa,12-179,1061,2,$DATA_DIR/P2_E1_DIRECTION_20260913T053456Z/features/large/obqa/01061.npz,0878d82ac456e9442f554dd42a894a04fb31fe0ee4cf1d447c76dd0b0e3aebba,8192,float32,ca2386f24d445258fc1244651ef6164bedaed16011ff4e7a0eff25b7fba9a542
large,obqa,12-185,1066,2,$DATA_DIR/P2_E1_DIRECTION_20260913T053456Z/features/large/obqa/01066.npz,d5cb49779253d2e09a45a90871c1549e8777d936229125d59ebf49fcf3b7d33b,8192,float32,ca2386f24d445258fc1244651ef6164bedaed16011ff4e7a0eff25b7fba9a542
large,obqa,12-186,1067,2,$DATA_DIR/P2_E1_DIRECTION_20260913T053456Z/features/large/obqa/01067.npz,2bc671dcf6f1eec96fd64f62c33ac8aa720d333c35e5dc88bb08228b85832c2a,8192,float32,ca2386f24d445258fc1244651ef6164bedaed16011ff4e7a0eff25b7fba9a542
large,obqa,12-203,1076,2,$DATA_DIR/P2_E1_DIRECTION_20260913T053456Z/features/large/obqa/01076.npz,721fd32cc972e72b847b55cb27fe38171ee90bd3a4dc807ec92ceba274eb4503,8192,float32,ca2386f24d445258fc1244651ef6164bedaed16011ff4e7a0eff25b7fba9a542
large,obqa,12-207,1077,2,$DATA_DIR/P2_E1_DIRECTION_20260913T053456Z/features/large/obqa/01077.npz,2c2078c37be5d821c3edc30e2d1d86b3540b7b909e8b2b3b1023d1528864ac8f,8192,float32,ca2386f24d445258fc1244651ef6164bedaed16011ff4e7a0eff25b7fba9a542
large,obqa,12-214,1081,2,$DATA_DIR/P2_E1_DIRECTION_20260913T053456Z/features/large/obqa/01081.npz,f462dc42b2356998714d72a1de503ce694b328b3be9d9a25eee25f83ff623a6e,8192,float32,ca2386f24d445258fc1244651ef6164bedaed16011ff4e7a0eff25b7fba9a542
large,obqa,12-218,1084,2,$DATA_DIR/P2_E1_DIRECTION_20260913T053456Z/features/large/obqa/01084.npz,d9cfc3730537ff7581a6ec8086c32c4712399ae9e1d6cefceb6257986a814a2c,8192,float32,ca2386f24d445258fc1244651ef6164bedaed16011ff4e7a0eff25b7fba9a542
large,obqa,12-226,1087,2,$DATA_DIR/P2_E1_DIRECTION_20260913T053456Z/features/large/obqa/01087.npz,ff12a3013404c88ae45c6adfc6896f6c8866533897eea60c2b2576fb1e329b01,8192,float32,ca2386f24d445258fc1244651ef6164bedaed16011ff4e7a0eff25b7fba9a542
large,obqa,12-233,1092,2,$DATA_DIR/P2_E1_DIRECTION_20260913T053456Z/features/large/obqa/01092.npz,88d291500c185e3a1d5d03d5ed036fd87453435682edd006c75b538cfd6f75d3,8192,float32,ca2386f24d445258fc1244651ef6164bedaed16011ff4e7a0eff25b7fba9a542
large,obqa,12-240,1097,2,$DATA_DIR/P2_E1_DIRECTION_20260913T053456Z/features/large/obqa/01097.npz,0e0138a72ff9db78cde8f6d284e5247bef9c70a9a1ed81e695ae6b4ab2933823,8192,float32,ca2386f24d445258fc1244651ef6164bedaed16011ff4e7a0eff25b7fba9a542
large,obqa,12-256,1104,2,$DATA_DIR/P2_E1_DIRECTION_20260913T053456Z/features/large/obqa/01104.npz,a68d7bcd66ccad2518247e9d24115de4d0397217e3f45c7b0762a98d2600c16d,8192,float32,ca2386f24d445258fc1244651ef6164bedaed16011ff4e7a0eff25b7fba9a542
large,obqa,12-268,1113,2,$DATA_DIR/P2_E1_DIRECTION_20260913T053456Z/features/large/obqa/01113.npz,2968719b86f214d0f142d7e8340fcc75fb892a7a2389454a9bc88cea39d73c54,8192,float32,ca2386f24d445258fc1244651ef6164bedaed16011ff4e7a0eff25b7fba9a542
large,obqa,12-273,1116,2,$DATA_DIR/P2_E1_DIRECTION_20260913T053456Z/features/large/obqa/01116.npz,1c76f07cadbb7a2d05229162cc24c97b9fb1e87974bed7ecf46ca2f19e54d7e1,8192,float32,ca2386f24d445258fc1244651ef6164bedaed16011ff4e7a0eff25b7fba9a542
large,obqa,12-277,1117,2,$DATA_DIR/P2_E1_DIRECTION_20260913T053456Z/features/large/obqa/01117.npz,e9e286a2b00c71045396c7e4411efe9a0e1b9a0ef49aebf31c6b937bd52b9bc7,8192,float32,ca2386f24d445258fc1244651ef6164bedaed16011ff4e7a0eff25b7fba9a542
large,obqa,12-293,1125,2,$DATA_DIR/P2_E1_DIRECTION_20260913T053456Z/features/large/obqa/01125.npz,fc45469cefb8317df3b6172594304ff94024eaea684678ce02dfbc73d8d69d53,8192,float32,ca2386f24d445258fc1244651ef6164bedaed16011ff4e7a0eff25b7fba9a542
large,obqa,12-312,1137,2,$DATA_DIR/P2_E1_DIRECTION_20260913T053456Z/features/large/obqa/01137.npz,4972f9e1fb9757e19374ac0b80472fbdcc15926857b4ccfea68cda930970c1e0,8192,float32,ca2386f24d445258fc1244651ef6164bedaed16011ff4e7a0eff25b7fba9a542
large,obqa,12-32,1142,2,$DATA_DIR/P2_E1_DIRECTION_20260913T053456Z/features/large/obqa/01142.npz,7600c2d57cb07d4d2c34afe4f023a322c7107da0d4eba8e647685ed8fcbc91ab,8192,float32,ca2386f24d445258fc1244651ef6164bedaed16011ff4e7a0eff25b7fba9a542
large,obqa,12-336,1153,2,$DATA_DIR/P2_E1_DIRECTION_20260913T053456Z/features/large/obqa/01153.npz,07a4bdea8b219a4067bcfa778da0d9a02869d68859a6eff431be7598b7db8741,8192,float32,ca2386f24d445258fc1244651ef6164bedaed16011ff4e7a0eff25b7fba9a542
large,obqa,12-339,1156,2,$DATA_DIR/P2_E1_DIRECTION_20260913T053456Z/features/large/obqa/01156.npz,cec589db5a67f97aab40b33ff53387dc2de3fd60f0acce247bc00b3cfc2a84bd,8192,float32,ca2386f24d445258fc1244651ef6164bedaed16011ff4e7a0eff25b7fba9a542
large,obqa,12-344,1158,2,$DATA_DIR/P2_E1_DIRECTION_20260913T053456Z/features/large/obqa/01158.npz,6875b2418d82846468323f4eb2a63b138eaed83c804f15e0d648c47c7a633f57,8192,float32,ca2386f24d445258fc1244651ef6164bedaed16011ff4e7a0eff25b7fba9a542
large,obqa,12-354,1166,2,$DATA_DIR/P2_E1_DIRECTION_20260913T053456Z/features/large/obqa/01166.npz,a6225b467eef198090a78e557fd6a3df86e8da467a8b8094725e75ac2b6ad32c,8192,float32,ca2386f24d445258fc1244651ef6164bedaed16011ff4e7a0eff25b7fba9a542
large,obqa,12-357,1169,2,$DATA_DIR/P2_E1_DIRECTION_20260913T053456Z/features/large/obqa/01169.npz,1eca8e8af686c0eaf38d0d1ed2b6b36a2f0ea02cdfa1d89d695cbe2df468ac37,8192,float32,ca2386f24d445258fc1244651ef6164bedaed16011ff4e7a0eff25b7fba9a542
large,obqa,12-377,1179,2,$DATA_DIR/P2_E1_DIRECTION_20260913T053456Z/features/large/obqa/01179.npz,b135b3220c03f5e50e4cafebf3c332b78c17467b525890485c4cd83ba8fc2a42,8192,float32,ca2386f24d445258fc1244651ef6164bedaed16011ff4e7a0eff25b7fba9a542
large,obqa,12-38,1181,2,$DATA_DIR/P2_E1_DIRECTION_20260913T053456Z/features/large/obqa/01181.npz,d31871367ef70a53a27e09e955cf82026d534065ceeea3329616b918fe3eb2ca,8192,float32,ca2386f24d445258fc1244651ef6164bedaed16011ff4e7a0eff25b7fba9a542
large,obqa,12-383,1185,2,$DATA_DIR/P2_E1_DIRECTION_20260913T053456Z/features/large/obqa/01185.npz,0e031ecbe9aa62cffbe934dfbbd574f96ff45008f3d9fb422ce9493bb2406e29,8192,float32,ca2386f24d445258fc1244651ef6164bedaed16011ff4e7a0eff25b7fba9a542
large,obqa,12-388,1187,2,$DATA_DIR/P2_E1_DIRECTION_20260913T053456Z/features/large/obqa/01187.npz,358300d78210f72cca7c50ed3626687a603454d9db1fa075de3773c49d583b21,8192,float32,ca2386f24d445258fc1244651ef6164bedaed16011ff4e7a0eff25b7fba9a542
large,obqa,12-392,1190,2,$DATA_DIR/P2_E1_DIRECTION_20260913T053456Z/features/large/obqa/01190.npz,a9f4c12109f64fa3ea486d5d403b5f99dd376cdeb63afe058af668e41d476a24,8192,float32,ca2386f24d445258fc1244651ef6164bedaed16011ff4e7a0eff25b7fba9a542
large,obqa,12-394,1191,2,$DATA_DIR/P2_E1_DIRECTION_20260913T053456Z/features/large/obqa/01191.npz,5805e354e405bd2832e67f8456f700102374c2fcb2531a89f058dcde53ec8822,8192,float32,ca2386f24d445258fc1244651ef6164bedaed16011ff4e7a0eff25b7fba9a542
large,obqa,12-422,1205,2,$DATA_DIR/P2_E1_DIRECTION_20260913T053456Z/features/large/obqa/01205.npz,5a9d4612783e42ed15324d99463787ec7f2cb705cef1e27f41b4369d3e21a1c0,8192,float32,ca2386f24d445258fc1244651ef6164bedaed16011ff4e7a0eff25b7fba9a542
large,obqa,12-438,1210,2,$DATA_DIR/P2_E1_DIRECTION_20260913T053456Z/features/large/obqa/01210.npz,6b42fd7df95d2278bbdfe6c7332f7767dfc0481c318202dd692c769aff89c190,8192,float32,ca2386f24d445258fc1244651ef6164bedaed16011ff4e7a0eff25b7fba9a542
large,obqa,12-448,1216,2,$DATA_DIR/P2_E1_DIRECTION_20260913T053456Z/features/large/obqa/01216.npz,9c1ed114cdd3c7292e3fe65553dc5fad3dc8735b22462a0744dc8bd3eb129673,8192,float32,ca2386f24d445258fc1244651ef6164bedaed16011ff4e7a0eff25b7fba9a542
large,obqa,12-453,1219,2,$DATA_DIR/P2_E1_DIRECTION_20260913T053456Z/features/large/obqa/01219.npz,2366cfeb0cc53ff0db3a9971b2d592f3dfb6ec6cc9eb0c1d2cf7f77466d85dce,8192,float32,ca2386f24d445258fc1244651ef6164bedaed16011ff4e7a0eff25b7fba9a542
large,obqa,12-456,1221,2,$DATA_DIR/P2_E1_DIRECTION_20260913T053456Z/features/large/obqa/01221.npz,5e273d1393cdebf9ce9880be71c62e2062749aefe95b1684a28bcffbd7cb3d2f,8192,float32,ca2386f24d445258fc1244651ef6164bedaed16011ff4e7a0eff25b7fba9a542
large,obqa,12-459,1223,2,$DATA_DIR/P2_E1_DIRECTION_20260913T053456Z/features/large/obqa/01223.npz,3f083db1d904b2027130a9d422d335c191a364cb41423bedef3bdcca087ffdb5,8192,float32,ca2386f24d445258fc1244651ef6164bedaed16011ff4e7a0eff25b7fba9a542
large,obqa,12-469,1230,2,$DATA_DIR/P2_E1_DIRECTION_20260913T053456Z/features/large/obqa/01230.npz,455a403ec777c1cc0263da320afdef021e9620c67bac10e37e18f4860fbf1d46,8192,float32,ca2386f24d445258fc1244651ef6164bedaed16011ff4e7a0eff25b7fba9a542
large,obqa,12-471,1232,2,$DATA_DIR/P2_E1_DIRECTION_20260913T053456Z/features/large/obqa/01232.npz,e340f0cb2ea18f26bf47121398fbfa09f24cbea7d46cd2daeca8d15ff446fc22,8192,float32,ca2386f24d445258fc1244651ef6164bedaed16011ff4e7a0eff25b7fba9a542
large,obqa,12-476,1234,2,$DATA_DIR/P2_E1_DIRECTION_20260913T053456Z/features/large/obqa/01234.npz,c5e2b74ee1ade2985ffce30655738fbd9bfbf0afe5eb19cd304d251176a25cd2,8192,float32,ca2386f24d445258fc1244651ef6164bedaed16011ff4e7a0eff25b7fba9a542
large,obqa,12-490,1241,2,$DATA_DIR/P2_E1_DIRECTION_20260913T053456Z/features/large/obqa/01241.npz,66e3b88c99ad15fb4fcee9c0357947c34994961fbee237d03841df233cbecb76,8192,float32,ca2386f24d445258fc1244651ef6164bedaed16011ff4e7a0eff25b7fba9a542
large,obqa,12-493,1243,2,$DATA_DIR/P2_E1_DIRECTION_20260913T053456Z/features/large/obqa/01243.npz,52053aa28a5ea0af407cc159e9809045595219bab3d70f0504602d5b84875c1e,8192,float32,ca2386f24d445258fc1244651ef6164bedaed16011ff4e7a0eff25b7fba9a542
large,obqa,12-50,1245,2,$DATA_DIR/P2_E1_DIRECTION_20260913T053456Z/features/large/obqa/01245.npz,067326b8bc2392dcc88bb4845e8aa4746206eb80fda2f7e6025a232393ebf791,8192,float32,ca2386f24d445258fc1244651ef6164bedaed16011ff4e7a0eff25b7fba9a542
large,obqa,12-509,1250,2,$DATA_DIR/P2_E1_DIRECTION_20260913T053456Z/features/large/obqa/01250.npz,f1bb3e7fcf85cf089c5a95771a09f3b212a85577fbeaf702f17292241b8f43d3,8192,float32,ca2386f24d445258fc1244651ef6164bedaed16011ff4e7a0eff25b7fba9a542
large,obqa,12-521,1257,2,$DATA_DIR/P2_E1_DIRECTION_20260913T053456Z/features/large/obqa/01257.npz,c5e04367af7b541ae81bb41527575ff511109ef7842f43f7077196e013e783c2,8192,float32,ca2386f24d445258fc1244651ef6164bedaed16011ff4e7a0eff25b7fba9a542
large,obqa,12-530,1260,2,$DATA_DIR/P2_E1_DIRECTION_20260913T053456Z/features/large/obqa/01260.npz,ee24b66e57b7f39da7f47beefc794bf200da45fac6375ea3cc0211b3976dc8fc,8192,float32,ca2386f24d445258fc1244651ef6164bedaed16011ff4e7a0eff25b7fba9a542
large,obqa,12-533,1263,2,$DATA_DIR/P2_E1_DIRECTION_20260913T053456Z/features/large/obqa/01263.npz,a11017ba43403deebfa5afcc6578f30c426e67fcfcd91e96ded20fb18dc0b255,8192,float32,ca2386f24d445258fc1244651ef6164bedaed16011ff4e7a0eff25b7fba9a542
large,obqa,12-551,1271,2,$DATA_DIR/P2_E1_DIRECTION_20260913T053456Z/features/large/obqa/01271.npz,bc63856270435b3d01f07c8df4b6355609552c9a7287d7ae315c3ad887d12f9c,8192,float32,ca2386f24d445258fc1244651ef6164bedaed16011ff4e7a0eff25b7fba9a542
large,obqa,12-558,1273,2,$DATA_DIR/P2_E1_DIRECTION_20260913T053456Z/features/large/obqa/01273.npz,69b4a0b57a62ffef6f55f0eb9719f57649965ba60dac996097fb8f0b002ee53c,8192,float32,ca2386f24d445258fc1244651ef6164bedaed16011ff4e7a0eff25b7fba9a542
large,obqa,12-563,1276,2,$DATA_DIR/P2_E1_DIRECTION_20260913T053456Z/features/large/obqa/01276.npz,4713602be30459ec0d3a9c3fce549aeda178d53fbdd314d1db58f7776b6a968f,8192,float32,ca2386f24d445258fc1244651ef6164bedaed16011ff4e7a0eff25b7fba9a542
large,obqa,12-574,1279,2,$DATA_DIR/P2_E1_DIRECTION_20260913T053456Z/features/large/obqa/01279.npz,2a9d0d28f4681fa281ca406593745cff5269bea6d4fc6322ccffb7cbe3eb5c3e,8192,float32,ca2386f24d445258fc1244651ef6164bedaed16011ff4e7a0eff25b7fba9a542
large,obqa,12-586,1285,2,$DATA_DIR/P2_E1_DIRECTION_20260913T053456Z/features/large/obqa/01285.npz,2028e248cb75979077c84c9482d64c4ddc507c4a4a07ab44744153199dc35e68,8192,float32,ca2386f24d445258fc1244651ef6164bedaed16011ff4e7a0eff25b7fba9a542
large,obqa,12-593,1289,2,$DATA_DIR/P2_E1_DIRECTION_20260913T053456Z/features/large/obqa/01289.npz,07a92688c6af692ae96303fe5c226bad36c2d82dd241262c67eaf96aa241c313,8192,float32,ca2386f24d445258fc1244651ef6164bedaed16011ff4e7a0eff25b7fba9a542
large,obqa,12-622,1306,2,$DATA_DIR/P2_E1_DIRECTION_20260913T053456Z/features/large/obqa/01306.npz,438712b7cf88f1e6063823a6dd8c1e28f7a46129851740b5f3b34d3e58212b01,8192,float32,ca2386f24d445258fc1244651ef6164bedaed16011ff4e7a0eff25b7fba9a542
large,obqa,12-63,1312,2,$DATA_DIR/P2_E1_DIRECTION_20260913T053456Z/features/large/obqa/01312.npz,4a667123c3d0784b10d4ef2056e33d88bd28a5c2bc81def6013b1176511a730e,8192,float32,ca2386f24d445258fc1244651ef6164bedaed16011ff4e7a0eff25b7fba9a542
large,obqa,12-637,1317,2,$DATA_DIR/P2_E1_DIRECTION_20260913T053456Z/features/large/obqa/01317.npz,4a180772d401345a99b0f2637e89a957160767e5dd97916cbb71984456c1c043,8192,float32,ca2386f24d445258fc1244651ef6164bedaed16011ff4e7a0eff25b7fba9a542
large,obqa,12-643,1324,2,$DATA_DIR/P2_E1_DIRECTION_20260913T053456Z/features/large/obqa/01324.npz,a27ece6554be63d22d67117985fc48fa393cbc806b5c9e3c93f90442fee858ac,8192,float32,ca2386f24d445258fc1244651ef6164bedaed16011ff4e7a0eff25b7fba9a542
large,obqa,12-648,1327,2,$DATA_DIR/P2_E1_DIRECTION_20260913T053456Z/features/large/obqa/01327.npz,410b3d12ab55ed8bbc3a0bb60156e2bf5063176ed5da28e20b3268ff8b76f4e3,8192,float32,ca2386f24d445258fc1244651ef6164bedaed16011ff4e7a0eff25b7fba9a542
large,obqa,12-655,1333,2,$DATA_DIR/P2_E1_DIRECTION_20260913T053456Z/features/large/obqa/01333.npz,5379cceee2162751513ebd2393e4d61e095d83c9e59d8ae58896de8d7a2aecf5,8192,float32,ca2386f24d445258fc1244651ef6164bedaed16011ff4e7a0eff25b7fba9a542
large,obqa,12-658,1335,2,$DATA_DIR/P2_E1_DIRECTION_20260913T053456Z/features/large/obqa/01335.npz,a0f01b51d2f6f202c15aa24d984197a84e2a0becd425238f63a40dc5b7a1ae8d,8192,float32,ca2386f24d445258fc1244651ef6164bedaed16011ff4e7a0eff25b7fba9a542
large,obqa,12-659,1336,2,$DATA_DIR/P2_E1_DIRECTION_20260913T053456Z/features/large/obqa/01336.npz,e35bc7a68dcbd515ed57d4f6d106d1524a8e646f30b158a0d8dc18ccfb13fa94,8192,float32,ca2386f24d445258fc1244651ef6164bedaed16011ff4e7a0eff25b7fba9a542
large,obqa,12-683,1353,2,$DATA_DIR/P2_E1_DIRECTION_20260913T053456Z/features/large/obqa/01353.npz,2d5b976be6e2d62da4f300ca1c22290fffce53c5397f19d97d8361b475147eb1,8192,float32,ca2386f24d445258fc1244651ef6164bedaed16011ff4e7a0eff25b7fba9a542
large,obqa,12-696,1361,2,$DATA_DIR/P2_E1_DIRECTION_20260913T053456Z/features/large/obqa/01361.npz,7e3adc37c1ec2784d285ff76bd0aba3013eeae48353d72d9ff4f7a6385e8facc,8192,float32,ca2386f24d445258fc1244651ef6164bedaed16011ff4e7a0eff25b7fba9a542
large,obqa,12-698,1363,2,$DATA_DIR/P2_E1_DIRECTION_20260913T053456Z/features/large/obqa/01363.npz,0ab08703ec24203b86cadc5da17b9c2b72e238b56ca61a39eb1ba72d9780317c,8192,float32,ca2386f24d445258fc1244651ef6164bedaed16011ff4e7a0eff25b7fba9a542
large,obqa,12-7,1364,2,$DATA_DIR/P2_E1_DIRECTION_20260913T053456Z/features/large/obqa/01364.npz,a3402b4c5ef5220c904669d427b972a431fb878f4a5d84759a00e68a71270529,8192,float32,ca2386f24d445258fc1244651ef6164bedaed16011ff4e7a0eff25b7fba9a542
large,obqa,12-701,1365,2,$DATA_DIR/P2_E1_DIRECTION_20260913T053456Z/features/large/obqa/01365.npz,7cd506e2e2593eeb7deb55e9bbf41c3e46dd6cb66f2f7006963f609940cfefc3,8192,float32,ca2386f24d445258fc1244651ef6164bedaed16011ff4e7a0eff25b7fba9a542
large,obqa,12-71,1368,2,$DATA_DIR/P2_E1_DIRECTION_20260913T053456Z/features/large/obqa/01368.npz,e420b4dec50845e8f9792d1fe731831cfeced219d83d8db00b427203be90338e,8192,float32,ca2386f24d445258fc1244651ef6164bedaed16011ff4e7a0eff25b7fba9a542
large,obqa,12-714,1371,2,$DATA_DIR/P2_E1_DIRECTION_20260913T053456Z/features/large/obqa/01371.npz,239bd42dcb7bf425cfdc9e520997c6566a69d8b3b428ee458d4f8d0e8962877e,8192,float32,ca2386f24d445258fc1244651ef6164bedaed16011ff4e7a0eff25b7fba9a542
large,obqa,12-735,1381,2,$DATA_DIR/P2_E1_DIRECTION_20260913T053456Z/features/large/obqa/01381.npz,9b62ccab74808834e6b02d5c0c67d17747ce9d0d1c90458dc9ceed98311f7aa3,8192,float32,ca2386f24d445258fc1244651ef6164bedaed16011ff4e7a0eff25b7fba9a542
large,obqa,12-747,1386,2,$DATA_DIR/P2_E1_DIRECTION_20260913T053456Z/features/large/obqa/01386.npz,9e6973fd37b2a13fdf910eea05c5985e36b48306ecdf622e1ad0ec76088a2069,8192,float32,ca2386f24d445258fc1244651ef6164bedaed16011ff4e7a0eff25b7fba9a542
large,obqa,12-751,1389,2,$DATA_DIR/P2_E1_DIRECTION_20260913T053456Z/features/large/obqa/01389.npz,8192ffd3437f9fdf5a2dbe13b971120a150257c5b69607fe0d6a3d613efced10,8192,float32,ca2386f24d445258fc1244651ef6164bedaed16011ff4e7a0eff25b7fba9a542
large,obqa,12-762,1394,2,$DATA_DIR/P2_E1_DIRECTION_20260913T053456Z/features/large/obqa/01394.npz,c71f9bb3f64191137a2afd717a6ec028bd8a7ebbc68e4a52ffb07c8277da58e0,8192,float32,ca2386f24d445258fc1244651ef6164bedaed16011ff4e7a0eff25b7fba9a542
large,obqa,12-767,1395,2,$DATA_DIR/P2_E1_DIRECTION_20260913T053456Z/features/large/obqa/01395.npz,4567adea01a61f4b55ab2d0c13b53a63615dd020ec1ee43aa38ebad05bad9aa1,8192,float32,ca2386f24d445258fc1244651ef6164bedaed16011ff4e7a0eff25b7fba9a542
large,obqa,12-769,1396,2,$DATA_DIR/P2_E1_DIRECTION_20260913T053456Z/features/large/obqa/01396.npz,9064032a0e90ed9a1394f4a9968c482045b8d1094b201047a99db74d4bb416b7,8192,float32,ca2386f24d445258fc1244651ef6164bedaed16011ff4e7a0eff25b7fba9a542
large,obqa,12-774,1398,2,$DATA_DIR/P2_E1_DIRECTION_20260913T053456Z/features/large/obqa/01398.npz,3ef47ff55205c32bd5659dbcc221de5d4e776fa6254da2c615fe2cd6aa052fab,8192,float32,ca2386f24d445258fc1244651ef6164bedaed16011ff4e7a0eff25b7fba9a542
large,obqa,12-786,1405,2,$DATA_DIR/P2_E1_DIRECTION_20260913T053456Z/features/large/obqa/01405.npz,58aac9b2cf831207c4bdc51799163783ee43b90ff3841c976f53224ee8675079,8192,float32,ca2386f24d445258fc1244651ef6164bedaed16011ff4e7a0eff25b7fba9a542
large,obqa,12-790,1406,2,$DATA_DIR/P2_E1_DIRECTION_20260913T053456Z/features/large/obqa/01406.npz,441e0fba97dce2a0068f76f074d9c5b5b3852753f00ec1e506f8656cbcb21209,8192,float32,ca2386f24d445258fc1244651ef6164bedaed16011ff4e7a0eff25b7fba9a542
large,obqa,12-797,1409,2,$DATA_DIR/P2_E1_DIRECTION_20260913T053456Z/features/large/obqa/01409.npz,0e1a871c335221965678d26c0d1287a6b5592b4127dc4a8f94437d5b9c9b7412,8192,float32,ca2386f24d445258fc1244651ef6164bedaed16011ff4e7a0eff25b7fba9a542
large,obqa,12-803,1415,2,$DATA_DIR/P2_E1_DIRECTION_20260913T053456Z/features/large/obqa/01415.npz,144744128f3f871e57c9ca3a16ef7149508f9e45301ccade72d0d4fbee74e145,8192,float32,ca2386f24d445258fc1244651ef6164bedaed16011ff4e7a0eff25b7fba9a542
large,obqa,12-808,1418,2,$DATA_DIR/P2_E1_DIRECTION_20260913T053456Z/features/large/obqa/01418.npz,7a54210863b05b455b5d784017afe30b3db95f53bde8dd190bc0bbfd82fa358f,8192,float32,ca2386f24d445258fc1244651ef6164bedaed16011ff4e7a0eff25b7fba9a542
large,obqa,12-821,1424,2,$DATA_DIR/P2_E1_DIRECTION_20260913T053456Z/features/large/obqa/01424.npz,e441b9e1cf34a6eda414727207f2004ebe9ffaa17472fd8b6901aa783c137aa0,8192,float32,ca2386f24d445258fc1244651ef6164bedaed16011ff4e7a0eff25b7fba9a542
large,obqa,12-856,1436,2,$DATA_DIR/P2_E1_DIRECTION_20260913T053456Z/features/large/obqa/01436.npz,422d770a5e83472d3ad99a0f43603fd477f7abeee57d63435b2688dc3aff2b31,8192,float32,ca2386f24d445258fc1244651ef6164bedaed16011ff4e7a0eff25b7fba9a542
large,obqa,12-878,1450,2,$DATA_DIR/P2_E1_DIRECTION_20260913T053456Z/features/large/obqa/01450.npz,e4fe14fd76a48c26d56c6f4f848f6df1721307cc415f05ff19cd4439cc109cc7,8192,float32,ca2386f24d445258fc1244651ef6164bedaed16011ff4e7a0eff25b7fba9a542
large,obqa,12-889,1457,2,$DATA_DIR/P2_E1_DIRECTION_20260913T053456Z/features/large/obqa/01457.npz,2d2079cbfdd7cea5c85bf8cba720d23b8a1993849726a448f1ffc0d014fa7ae5,8192,float32,ca2386f24d445258fc1244651ef6164bedaed16011ff4e7a0eff25b7fba9a542
large,obqa,12-896,1463,2,$DATA_DIR/P2_E1_DIRECTION_20260913T053456Z/features/large/obqa/01463.npz,d0aae05737b1d2027622c62817ea2424eb2e94cd26b8abe3c80a501a7a22aa25,8192,float32,ca2386f24d445258fc1244651ef6164bedaed16011ff4e7a0eff25b7fba9a542
large,obqa,12-897,1464,2,$DATA_DIR/P2_E1_DIRECTION_20260913T053456Z/features/large/obqa/01464.npz,fafcf06a2e6154c1c6a2df72b4a67a85e8393166b323cd3f6361c50b3c212fad,8192,float32,ca2386f24d445258fc1244651ef6164bedaed16011ff4e7a0eff25b7fba9a542
large,obqa,12-9,1467,2,$DATA_DIR/P2_E1_DIRECTION_20260913T053456Z/features/large/obqa/01467.npz,afe35780312298bcb9219f046211ed17a09a5e72f12f877ea59f89cc05c5dcfb,8192,float32,ca2386f24d445258fc1244651ef6164bedaed16011ff4e7a0eff25b7fba9a542
large,obqa,12-903,1469,2,$DATA_DIR/P2_E1_DIRECTION_20260913T053456Z/features/large/obqa/01469.npz,fcd72b4fcda15f4f940930f775a771280d936f8131505e48bdf0bce14d874678,8192,float32,ca2386f24d445258fc1244651ef6164bedaed16011ff4e7a0eff25b7fba9a542
large,obqa,12-919,1479,2,$DATA_DIR/P2_E1_DIRECTION_20260913T053456Z/features/large/obqa/01479.npz,58e1289f58e128e09665b0be103c58daa0ea066fbc7a4b015396de4ba1c8c177,8192,float32,ca2386f24d445258fc1244651ef6164bedaed16011ff4e7a0eff25b7fba9a542
large,obqa,12-94,1488,2,$DATA_DIR/P2_E1_DIRECTION_20260913T053456Z/features/large/obqa/01488.npz,6e50273cbaf07c0976a65436d6ccdb40b515a630c3c7d23908152fb9fa91599a,8192,float32,ca2386f24d445258fc1244651ef6164bedaed16011ff4e7a0eff25b7fba9a542
large,obqa,12-942,1490,2,$DATA_DIR/P2_E1_DIRECTION_20260913T053456Z/features/large/obqa/01490.npz,4d07cdefdf3b9b866abbbd61a7a4a2ce83be8e175966af037a2a678cbdcf31f8,8192,float32,ca2386f24d445258fc1244651ef6164bedaed16011ff4e7a0eff25b7fba9a542
large,obqa,12-965,1502,2,$DATA_DIR/P2_E1_DIRECTION_20260913T053456Z/features/large/obqa/01502.npz,ee5b9a9375eec454ccbdd35276ff89e90812c4eee364791246a967d43d62354f,8192,float32,ca2386f24d445258fc1244651ef6164bedaed16011ff4e7a0eff25b7fba9a542
large,obqa,1222,1527,2,$DATA_DIR/P2_E1_DIRECTION_20260913T053456Z/features/large/obqa/01527.npz,4e7132a6ef803ea56bb950b6b649e20beef3812b6407b9c271adaeaccf46536e,8192,float32,ca2386f24d445258fc1244651ef6164bedaed16011ff4e7a0eff25b7fba9a542
large,obqa,1241,1529,2,$DATA_DIR/P2_E1_DIRECTION_20260913T053456Z/features/large/obqa/01529.npz,94b4edfe153fdb092ca053a894d3de3f7a2043419af3b55ca922a4eea35dfcd3,8192,float32,ca2386f24d445258fc1244651ef6164bedaed16011ff4e7a0eff25b7fba9a542
large,obqa,1254,1531,2,$DATA_DIR/P2_E1_DIRECTION_20260913T053456Z/features/large/obqa/01531.npz,c42f2ca4399734defe40c9c18f67670e450e9a51fa73e9ad0f204a4130c0450f,8192,float32,ca2386f24d445258fc1244651ef6164bedaed16011ff4e7a0eff25b7fba9a542
large,obqa,1269,1533,2,$DATA_DIR/P2_E1_DIRECTION_20260913T053456Z/features/large/obqa/01533.npz,3ad3e98511bd0b49f29712302ce4488cfdd27f61b3d561cd918b2fb3ab70140a,8192,float32,ca2386f24d445258fc1244651ef6164bedaed16011ff4e7a0eff25b7fba9a542
large,obqa,1284,1535,2,$DATA_DIR/P2_E1_DIRECTION_20260913T053456Z/features/large/obqa/01535.npz,700f7a03e6640bdc4b1c135eb2a6ad4b44cd4ccc6040e420ad46afc3717402d6,8192,float32,ca2386f24d445258fc1244651ef6164bedaed16011ff4e7a0eff25b7fba9a542
large,obqa,13-1,1538,2,$DATA_DIR/P2_E1_DIRECTION_20260913T053456Z/features/large/obqa/01538.npz,213d3a49868b06d0cfb8364f480e6654fe38a81779cc08d7bf9c8cf694bfd759,8192,float32,ca2386f24d445258fc1244651ef6164bedaed16011ff4e7a0eff25b7fba9a542
large,obqa,13-1002,1541,2,$DATA_DIR/P2_E1_DIRECTION_20260913T053456Z/features/large/obqa/01541.npz,8d3fc1bbb9824461ec3d22c25d7da71f0f74f95a7d27919ce1a14f7092dd7d00,8192,float32,ca2386f24d445258fc1244651ef6164bedaed16011ff4e7a0eff25b7fba9a542
large,obqa,13-1035,1556,2,$DATA_DIR/P2_E1_DIRECTION_20260913T053456Z/features/large/obqa/01556.npz,12c7827b58e9729c443cb80bde248af4aba4e5a21e7baa88a31617b7cb77e7f7,8192,float32,ca2386f24d445258fc1244651ef6164bedaed16011ff4e7a0eff25b7fba9a542
large,obqa,13-1036,1557,2,$DATA_DIR/P2_E1_DIRECTION_20260913T053456Z/features/large/obqa/01557.npz,289995348119c72ad9614881fdd5ff26ef1787dd4caf037293282f0f11f83a8d,8192,float32,ca2386f24d445258fc1244651ef6164bedaed16011ff4e7a0eff25b7fba9a542
large,obqa,13-1043,1560,2,$DATA_DIR/P2_E1_DIRECTION_20260913T053456Z/features/large/obqa/01560.npz,f3f955235cc8d40a51baf0b2c082776508785a9dd4440e44b354ce6f8c44c4be,8192,float32,ca2386f24d445258fc1244651ef6164bedaed16011ff4e7a0eff25b7fba9a542
large,obqa,13-1057,1566,2,$DATA_DIR/P2_E1_DIRECTION_20260913T053456Z/features/large/obqa/01566.npz,9eb8e34efb1d0f2b7859505ee699970bd2116fc67a7389bb679e2f4ad2c99542,8192,float32,ca2386f24d445258fc1244651ef6164bedaed16011ff4e7a0eff25b7fba9a542
large,obqa,13-1060,1569,2,$DATA_DIR/P2_E1_DIRECTION_20260913T053456Z/features/large/obqa/01569.npz,d2ddde378583cee0bc390a249570d34c1e2ba9ede1364e3f3724f71d2135ab52,8192,float32,ca2386f24d445258fc1244651ef6164bedaed16011ff4e7a0eff25b7fba9a542
large,obqa,13-127,1583,2,$DATA_DIR/P2_E1_DIRECTION_20260913T053456Z/features/large/obqa/01583.npz,7ddc4607bbdecf55e95f3a3621a0e2b033887113fc69f09d2a2b084abc99bd7f,8192,float32,ca2386f24d445258fc1244651ef6164bedaed16011ff4e7a0eff25b7fba9a542
large,obqa,13-130,1584,2,$DATA_DIR/P2_E1_DIRECTION_20260913T053456Z/features/large/obqa/01584.npz,ba00493f1c6f74f1ea5004a35774ea63c12bd41a4850485f648227cc63729242,8192,float32,ca2386f24d445258fc1244651ef6164bedaed16011ff4e7a0eff25b7fba9a542
large,obqa,13-142,1591,2,$DATA_DIR/P2_E1_DIRECTION_20260913T053456Z/features/large/obqa/01591.npz,9e8f75b14673373a142be845111bf2c6f1fd2ff6d64eb9c8b0786447322423fa,8192,float32,ca2386f24d445258fc1244651ef6164bedaed16011ff4e7a0eff25b7fba9a542
large,obqa,13-151,1596,2,$DATA_DIR/P2_E1_DIRECTION_20260913T053456Z/features/large/obqa/01596.npz,395267f3e895ed7080c4157517d5fbe7e32ef96fa3954faae35f95f1d6e37a99,8192,float32,ca2386f24d445258fc1244651ef6164bedaed16011ff4e7a0eff25b7fba9a542
large,obqa,13-167,1602,2,$DATA_DIR/P2_E1_DIRECTION_20260913T053456Z/features/large/obqa/01602.npz,996ddbfa3b785a45418179d8449e13769fe0e990f1e20cfe25e2e66aeed1269d,8192,float32,ca2386f24d445258fc1244651ef6164bedaed16011ff4e7a0eff25b7fba9a542
large,obqa,13-17,1603,2,$DATA_DIR/P2_E1_DIRECTION_20260913T053456Z/features/large/obqa/01603.npz,c4bb7dfa45c075c30c644bd1e1d483df56ce8d029d4a8a1980ca5cd1bfc4dd4b,8192,float32,ca2386f24d445258fc1244651ef6164bedaed16011ff4e7a0eff25b7fba9a542
large,obqa,13-170,1604,2,$DATA_DIR/P2_E1_DIRECTION_20260913T053456Z/features/large/obqa/01604.npz,2caae7599f8fbced6b555d3e1a25d2c44558ce0deb69c3b879587b647dddae03,8192,float32,ca2386f24d445258fc1244651ef6164bedaed16011ff4e7a0eff25b7fba9a542
large,obqa,13-176,1606,2,$DATA_DIR/P2_E1_DIRECTION_20260913T053456Z/features/large/obqa/01606.npz,f85827a68d9c0e14b6d6d1fc4d8105847f2cde1d1af97323cd8ada3c5b994234,8192,float32,ca2386f24d445258fc1244651ef6164bedaed16011ff4e7a0eff25b7fba9a542
large,obqa,13-19,1611,2,$DATA_DIR/P2_E1_DIRECTION_20260913T053456Z/features/large/obqa/01611.npz,fc47a33606e768eacf8b1ba27302522d3bd6356ae74c43658bc2985a469426b1,8192,float32,ca2386f24d445258fc1244651ef6164bedaed16011ff4e7a0eff25b7fba9a542
large,obqa,13-192,1612,2,$DATA_DIR/P2_E1_DIRECTION_20260913T053456Z/features/large/obqa/01612.npz,d931d563f5f83895d76be8bfa888defd5e0e3ccb363a147cbeeabbdab8ffe923,8192,float32,ca2386f24d445258fc1244651ef6164bedaed16011ff4e7a0eff25b7fba9a542
large,obqa,13-195,1614,2,$DATA_DIR/P2_E1_DIRECTION_20260913T053456Z/features/large/obqa/01614.npz,22b3c5e7f9fcab257196dfb0fc969407cb4e80f9f211f10258bcdc025305529e,8192,float32,ca2386f24d445258fc1244651ef6164bedaed16011ff4e7a0eff25b7fba9a542
large,obqa,13-198,1616,2,$DATA_DIR/P2_E1_DIRECTION_20260913T053456Z/features/large/obqa/01616.npz,517c7a0295517f2d7c3e9d1082162f4e4f3d7d38c0bc3bbeedfd43b6d857b776,8192,float32,ca2386f24d445258fc1244651ef6164bedaed16011ff4e7a0eff25b7fba9a542
large,obqa,13-2,1617,2,$DATA_DIR/P2_E1_DIRECTION_20260913T053456Z/features/large/obqa/01617.npz,0749f2e9287e7ba68380494344a304b62d3663ec07e7595dcf1f15e2947ce002,8192,float32,ca2386f24d445258fc1244651ef6164bedaed16011ff4e7a0eff25b7fba9a542
large,obqa,13-203,1620,2,$DATA_DIR/P2_E1_DIRECTION_20260913T053456Z/features/large/obqa/01620.npz,7dac406303ba7a022a376e5d5727dfaab1ab1add111490b36912b3f11c5e007e,8192,float32,ca2386f24d445258fc1244651ef6164bedaed16011ff4e7a0eff25b7fba9a542
large,obqa,13-211,1624,2,$DATA_DIR/P2_E1_DIRECTION_20260913T053456Z/features/large/obqa/01624.npz,a3f2de3b6522a8081969b29804ede03b0731581ecc092bb6d365a4c9885ccca4,8192,float32,ca2386f24d445258fc1244651ef6164bedaed16011ff4e7a0eff25b7fba9a542
large,obqa,13-228,1631,2,$DATA_DIR/P2_E1_DIRECTION_20260913T053456Z/features/large/obqa/01631.npz,0a3745ff53616d729862842f3c62c24c5442693df50958b02dae8372d643f4eb,8192,float32,ca2386f24d445258fc1244651ef6164bedaed16011ff4e7a0eff25b7fba9a542
large,obqa,13-231,1634,2,$DATA_DIR/P2_E1_DIRECTION_20260913T053456Z/features/large/obqa/01634.npz,b1ac5b2c69b16746d2e4d3f73fa09aa747ea68e56e85f0ca4dc6c35588baa7eb,8192,float32,ca2386f24d445258fc1244651ef6164bedaed16011ff4e7a0eff25b7fba9a542
large,obqa,13-235,1637,2,$DATA_DIR/P2_E1_DIRECTION_20260913T053456Z/features/large/obqa/01637.npz,6ca58a8f7681f5b762ed1c0eaa44c7e789c07dfaa59aa8762bd72a7f55fd008d,8192,float32,ca2386f24d445258fc1244651ef6164bedaed16011ff4e7a0eff25b7fba9a542
large,obqa,13-239,1638,2,$DATA_DIR/P2_E1_DIRECTION_20260913T053456Z/features/large/obqa/01638.npz,158efe67a2d21d8dbc9c77b711a4b0f439668f7234ab3cd590d1e7d97c9a54d9,8192,float32,ca2386f24d445258fc1244651ef6164bedaed16011ff4e7a0eff25b7fba9a542
large,obqa,13-243,1640,2,$DATA_DIR/P2_E1_DIRECTION_20260913T053456Z/features/large/obqa/01640.npz,b8a94cae66d0acde8f839aaa2f46b4fbced3c72156dd3845df8fd9b4b2013c68,8192,float32,ca2386f24d445258fc1244651ef6164bedaed16011ff4e7a0eff25b7fba9a542
large,obqa,13-25,1644,2,$DATA_DIR/P2_E1_DIRECTION_20260913T053456Z/features/large/obqa/01644.npz,866ca9ece6f8a3236bb1e7ef93e91c87ffa98bbe2b37fcc8729377a8d80e60f3,8192,float32,ca2386f24d445258fc1244651ef6164bedaed16011ff4e7a0eff25b7fba9a542
large,obqa,13-260,1650,2,$DATA_DIR/P2_E1_DIRECTION_20260913T053456Z/features/large/obqa/01650.npz,cf82e0a2e14d3c5a17d34b14e1c50f824bbdbe73bec853580a050c7fba116f1c,8192,float32,ca2386f24d445258fc1244651ef6164bedaed16011ff4e7a0eff25b7fba9a542
large,obqa,13-295,1662,2,$DATA_DIR/P2_E1_DIRECTION_20260913T053456Z/features/large/obqa/01662.npz,47c9e1818dc8c05ba4f2badad068bc5eaa81154be25f1029e367ff1781e55672,8192,float32,ca2386f24d445258fc1244651ef6164bedaed16011ff4e7a0eff25b7fba9a542
large,obqa,13-296,1663,2,$DATA_DIR/P2_E1_DIRECTION_20260913T053456Z/features/large/obqa/01663.npz,ef5272b5a2e42158d267a4c6e4604c028ed7d404965ae010bb7e26facbc6bae0,8192,float32,ca2386f24d445258fc1244651ef6164bedaed16011ff4e7a0eff25b7fba9a542
large,obqa,13-30,1667,2,$DATA_DIR/P2_E1_DIRECTION_20260913T053456Z/features/large/obqa/01667.npz,a1bf5290c4c09069f3e7b56c8cb18e4f638e6918e1ab547090209228e18db873,8192,float32,ca2386f24d445258fc1244651ef6164bedaed16011ff4e7a0eff25b7fba9a542
large,obqa,13-303,1669,2,$DATA_DIR/P2_E1_DIRECTION_20260913T053456Z/features/large/obqa/01669.npz,bb0a800e8a7998f71de639c6377f36c186d53a8724cf2b93689f5c5715fb8c27,8192,float32,ca2386f24d445258fc1244651ef6164bedaed16011ff4e7a0eff25b7fba9a542
large,obqa,13-305,1671,2,$DATA_DIR/P2_E1_DIRECTION_20260913T053456Z/features/large/obqa/01671.npz,dc5d566cc91730531c1a74f0b2e52b01c92bb69fac363b26787e33b353c3e595,8192,float32,ca2386f24d445258fc1244651ef6164bedaed16011ff4e7a0eff25b7fba9a542
large,obqa,13-31,1674,2,$DATA_DIR/P2_E1_DIRECTION_20260913T053456Z/features/large/obqa/01674.npz,45270b21851079eee5cc6868491f44c3584593fb8027940c0602fa83c727176e,8192,float32,ca2386f24d445258fc1244651ef6164bedaed16011ff4e7a0eff25b7fba9a542
large,obqa,13-333,1686,2,$DATA_DIR/P2_E1_DIRECTION_20260913T053456Z/features/large/obqa/01686.npz,46499ac146d18172116f29e67155f49565e14eded609f7ae6640c781524a76e1,8192,float32,ca2386f24d445258fc1244651ef6164bedaed16011ff4e7a0eff25b7fba9a542
large,obqa,13-340,1693,2,$DATA_DIR/P2_E1_DIRECTION_20260913T053456Z/features/large/obqa/01693.npz,fc63b11febb07eed6d0d996c57e73de4a64c3a6d3e2d7011553a1a5ad6e977c9,8192,float32,ca2386f24d445258fc1244651ef6164bedaed16011ff4e7a0eff25b7fba9a542
large,obqa,13-358,1702,2,$DATA_DIR/P2_E1_DIRECTION_20260913T053456Z/features/large/obqa/01702.npz,ff800ad7522dcdd0bfd0b80bd0218df7a17cd61be05df21022f8d9d97440a031,8192,float32,ca2386f24d445258fc1244651ef6164bedaed16011ff4e7a0eff25b7fba9a542
large,obqa,13-382,1711,2,$DATA_DIR/P2_E1_DIRECTION_20260913T053456Z/features/large/obqa/01711.npz,a62913be1f946908ee51556b45615d7a516e73e7be2a5561d110fbe5de78ebce,8192,float32,ca2386f24d445258fc1244651ef6164bedaed16011ff4e7a0eff25b7fba9a542
large,obqa,13-383,1712,2,$DATA_DIR/P2_E1_DIRECTION_20260913T053456Z/features/large/obqa/01712.npz,a105ad633662d79c5247b0c56059c17dc975a1a7fb4902fbd6a862518b17360b,8192,float32,ca2386f24d445258fc1244651ef6164bedaed16011ff4e7a0eff25b7fba9a542
large,obqa,13-386,1713,2,$DATA_DIR/P2_E1_DIRECTION_20260913T053456Z/features/large/obqa/01713.npz,85af3492d0f669d78553033c204c90fc6781b075b111c0ba9bf25c28e068b099,8192,float32,ca2386f24d445258fc1244651ef6164bedaed16011ff4e7a0eff25b7fba9a542
large,obqa,13-388,1715,2,$DATA_DIR/P2_E1_DIRECTION_20260913T053456Z/features/large/obqa/01715.npz,0d12681f878e0c7de3b5c764cf9b6269e9f94249d0f926fbbf308c0d6e43a545,8192,float32,ca2386f24d445258fc1244651ef6164bedaed16011ff4e7a0eff25b7fba9a542
large,obqa,13-39,1716,2,$DATA_DIR/P2_E1_DIRECTION_20260913T053456Z/features/large/obqa/01716.npz,27d55d4b51e9db4e4138034ef90282664ae8f5eac0734df4f55ad0339360b773,8192,float32,ca2386f24d445258fc1244651ef6164bedaed16011ff4e7a0eff25b7fba9a542
large,obqa,13-41,1725,2,$DATA_DIR/P2_E1_DIRECTION_20260913T053456Z/features/large/obqa/01725.npz,9cd04b6efce7c1649cb813e23c25f8920a7b232675c860e05ff097008623626b,8192,float32,ca2386f24d445258fc1244651ef6164bedaed16011ff4e7a0eff25b7fba9a542
large,obqa,13-413,1728,2,$DATA_DIR/P2_E1_DIRECTION_20260913T053456Z/features/large/obqa/01728.npz,c934d4bc0cb3055f1d227a63b6c90e4845f2883f1b93419c09c1179f67d93f25,8192,float32,ca2386f24d445258fc1244651ef6164bedaed16011ff4e7a0eff25b7fba9a542
large,obqa,13-417,1730,2,$DATA_DIR/P2_E1_DIRECTION_20260913T053456Z/features/large/obqa/01730.npz,bd21f6e2f2181e4de2e3652136e2a0c331848d0f6bfc3b1f9639d4effb005de1,8192,float32,ca2386f24d445258fc1244651ef6164bedaed16011ff4e7a0eff25b7fba9a542
large,obqa,13-437,1738,2,$DATA_DIR/P2_E1_DIRECTION_20260913T053456Z/features/large/obqa/01738.npz,0e84e78b55814ddcf7a79a6428b804739f04f3f3d22def77610503c5c10bb153,8192,float32,ca2386f24d445258fc1244651ef6164bedaed16011ff4e7a0eff25b7fba9a542
large,obqa,13-445,1741,2,$DATA_DIR/P2_E1_DIRECTION_20260913T053456Z/features/large/obqa/01741.npz,2885b65c01aa311bc84689084d182d38177143c085cdf68b6c1b0ee87e7a5277,8192,float32,ca2386f24d445258fc1244651ef6164bedaed16011ff4e7a0eff25b7fba9a542
large,obqa,13-449,1742,2,$DATA_DIR/P2_E1_DIRECTION_20260913T053456Z/features/large/obqa/01742.npz,d5c005722bd2a566269bba07cac1090a51660666e5618e9045d3dfe7c0f7fc73,8192,float32,ca2386f24d445258fc1244651ef6164bedaed16011ff4e7a0eff25b7fba9a542
large,obqa,13-467,1750,2,$DATA_DIR/P2_E1_DIRECTION_20260913T053456Z/features/large/obqa/01750.npz,5d4c8828876d31f9200e271ea7fa931e140f715607f161e20578e5de8ea25948,8192,float32,ca2386f24d445258fc1244651ef6164bedaed16011ff4e7a0eff25b7fba9a542
large,obqa,13-470,1753,2,$DATA_DIR/P2_E1_DIRECTION_20260913T053456Z/features/large/obqa/01753.npz,299678e4698746fcf7ba9301ad9dc209d994e62e3968fe6fde8e8a12252bef8b,8192,float32,ca2386f24d445258fc1244651ef6164bedaed16011ff4e7a0eff25b7fba9a542
large,obqa,13-476,1756,2,$DATA_DIR/P2_E1_DIRECTION_20260913T053456Z/features/large/obqa/01756.npz,4da7c044db33646aadc5de2ad1fe693649db5ce7ab4524a4fa17c57408846d78,8192,float32,ca2386f24d445258fc1244651ef6164bedaed16011ff4e7a0eff25b7fba9a542
large,obqa,13-479,1758,2,$DATA_DIR/P2_E1_DIRECTION_20260913T053456Z/features/large/obqa/01758.npz,503c3ae45816f32daff1f7665fac3cc17da62210a90af5fe756fb59d01570eac,8192,float32,ca2386f24d445258fc1244651ef6164bedaed16011ff4e7a0eff25b7fba9a542
large,obqa,13-482,1761,2,$DATA_DIR/P2_E1_DIRECTION_20260913T053456Z/features/large/obqa/01761.npz,0d4161892f5a6aa7152533cc2209e65b97d6f4c6074d9a19dd37c7e1f61682e3,8192,float32,ca2386f24d445258fc1244651ef6164bedaed16011ff4e7a0eff25b7fba9a542
large,obqa,13-494,1767,2,$DATA_DIR/P2_E1_DIRECTION_20260913T053456Z/features/large/obqa/01767.npz,bf29adfdf749bfa05b59da6641dd9d6f07e45e61d544a945f2bd07b1e9c9f6aa,8192,float32,ca2386f24d445258fc1244651ef6164bedaed16011ff4e7a0eff25b7fba9a542
large,obqa,13-507,1774,2,$DATA_DIR/P2_E1_DIRECTION_20260913T053456Z/features/large/obqa/01774.npz,10768c8fab53e7f4d4982be6d9a92dcb9ecc7a5cff9420d999aea43a5964006e,8192,float32,ca2386f24d445258fc1244651ef6164bedaed16011ff4e7a0eff25b7fba9a542
large,obqa,13-510,1777,2,$DATA_DIR/P2_E1_DIRECTION_20260913T053456Z/features/large/obqa/01777.npz,80d397d4bf5f7e7f8010ab9a85e463f668198976581872aa270911cfa42a78b0,8192,float32,ca2386f24d445258fc1244651ef6164bedaed16011ff4e7a0eff25b7fba9a542
large,obqa,13-513,1780,2,$DATA_DIR/P2_E1_DIRECTION_20260913T053456Z/features/large/obqa/01780.npz,d628bf098de61d150aa2c7eadbc548d416993d80dde821d1d938337ae1ed37aa,8192,float32,ca2386f24d445258fc1244651ef6164bedaed16011ff4e7a0eff25b7fba9a542
large,obqa,13-515,1781,2,$DATA_DIR/P2_E1_DIRECTION_20260913T053456Z/features/large/obqa/01781.npz,37b434695897b066ed00fb13e7dc289afb375bf5bc3f4fdb17d171f95441db43,8192,float32,ca2386f24d445258fc1244651ef6164bedaed16011ff4e7a0eff25b7fba9a542
large,obqa,13-520,1784,2,$DATA_DIR/P2_E1_DIRECTION_20260913T053456Z/features/large/obqa/01784.npz,ab792275e7fa4e62d1ba5f626a2ce3fc289d27d30018a57d661e7d0e31e1d1a4,8192,float32,ca2386f24d445258fc1244651ef6164bedaed16011ff4e7a0eff25b7fba9a542
large,obqa,13-527,1785,2,$DATA_DIR/P2_E1_DIRECTION_20260913T053456Z/features/large/obqa/01785.npz,a5d33fe76d15e00ad19ed52cbc206d64fe6be593a51e8543d38b92842364bca1,8192,float32,ca2386f24d445258fc1244651ef6164bedaed16011ff4e7a0eff25b7fba9a542
large,obqa,13-538,1789,2,$DATA_DIR/P2_E1_DIRECTION_20260913T053456Z/features/large/obqa/01789.npz,f63f3ea288b7b6bc2647f372488131d6dcc43b3e57321524f3d5ddbb373c13f4,8192,float32,ca2386f24d445258fc1244651ef6164bedaed16011ff4e7a0eff25b7fba9a542
large,obqa,13-563,1800,2,$DATA_DIR/P2_E1_DIRECTION_20260913T053456Z/features/large/obqa/01800.npz,189e7bbaef781d0138c0f24afc994e3404892c32797978a8fdff6ce389c41b9b,8192,float32,ca2386f24d445258fc1244651ef6164bedaed16011ff4e7a0eff25b7fba9a542
large,obqa,13-587,1815,2,$DATA_DIR/P2_E1_DIRECTION_20260913T053456Z/features/large/obqa/01815.npz,8ab1384b5339b45a149f77c989947858f60fad3caf6ce5358eb7c84d6fe78761,8192,float32,ca2386f24d445258fc1244651ef6164bedaed16011ff4e7a0eff25b7fba9a542
large,obqa,13-606,1823,2,$DATA_DIR/P2_E1_DIRECTION_20260913T053456Z/features/large/obqa/01823.npz,6dc9377a468a51dfef91f6e3dae51a36fbdcfb92d45946f43ec54c88473907b4,8192,float32,ca2386f24d445258fc1244651ef6164bedaed16011ff4e7a0eff25b7fba9a542
large,obqa,13-613,1827,2,$DATA_DIR/P2_E1_DIRECTION_20260913T053456Z/features/large/obqa/01827.npz,16a906aaaa1f498710d15f2c216153e06a373f09c6ee096000487dc6d2ea565f,8192,float32,ca2386f24d445258fc1244651ef6164bedaed16011ff4e7a0eff25b7fba9a542
large,obqa,13-614,1828,2,$DATA_DIR/P2_E1_DIRECTION_20260913T053456Z/features/large/obqa/01828.npz,a65b75246b508e2a69888010e6462d0dbe8fe33ab5b08a116014fec2276d4b52,8192,float32,ca2386f24d445258fc1244651ef6164bedaed16011ff4e7a0eff25b7fba9a542
large,obqa,13-625,1835,2,$DATA_DIR/P2_E1_DIRECTION_20260913T053456Z/features/large/obqa/01835.npz,b3b2034965c836570435a2769e86a2d27fc2d16718f8d0929c2f05e7f32b3519,8192,float32,ca2386f24d445258fc1244651ef6164bedaed16011ff4e7a0eff25b7fba9a542
large,obqa,13-632,1840,2,$DATA_DIR/P2_E1_DIRECTION_20260913T053456Z/features/large/obqa/01840.npz,97e9adc6fcb80e3aadd4aed681783a328fbb321e1dde452ea0a553d9767b77ba,8192,float32,ca2386f24d445258fc1244651ef6164bedaed16011ff4e7a0eff25b7fba9a542
large,obqa,13-65,1847,2,$DATA_DIR/P2_E1_DIRECTION_20260913T053456Z/features/large/obqa/01847.npz,8924c864c1ecad62522d124da370ccddbc3291627cc54aa4ccf639a36c268142,8192,float32,ca2386f24d445258fc1244651ef6164bedaed16011ff4e7a0eff25b7fba9a542
large,obqa,13-657,1851,2,$DATA_DIR/P2_E1_DIRECTION_20260913T053456Z/features/large/obqa/01851.npz,b78d24b9adfd7281bf97774d2b9f68bf6b8c691ac9b76c35d8234738bf0760cd,8192,float32,ca2386f24d445258fc1244651ef6164bedaed16011ff4e7a0eff25b7fba9a542
large,obqa,13-658,1852,2,$DATA_DIR/P2_E1_DIRECTION_20260913T053456Z/features/large/obqa/01852.npz,d98aa97478c43021ab513e7c263b70a5731d2426cad0d19fcf0fa711547ecc68,8192,float32,ca2386f24d445258fc1244651ef6164bedaed16011ff4e7a0eff25b7fba9a542
large,obqa,13-683,1864,2,$DATA_DIR/P2_E1_DIRECTION_20260913T053456Z/features/large/obqa/01864.npz,3b8514a918f744dd26895b92278615503b4a6b7556d4f8de8a3e7a630cbf8cdc,8192,float32,ca2386f24d445258fc1244651ef6164bedaed16011ff4e7a0eff25b7fba9a542
large,obqa,13-692,1868,2,$DATA_DIR/P2_E1_DIRECTION_20260913T053456Z/features/large/obqa/01868.npz,d18bdc4b6b251c9eb3fcb786a0dbfe34895c73134ce254c6bb7adbb26cd1907a,8192,float32,ca2386f24d445258fc1244651ef6164bedaed16011ff4e7a0eff25b7fba9a542
large,obqa,13-698,1871,2,$DATA_DIR/P2_E1_DIRECTION_20260913T053456Z/features/large/obqa/01871.npz,cd8ac2757a8ed9f14f6125e8e131618f0862840cdbd08b133bc7acf61f39810d,8192,float32,ca2386f24d445258fc1244651ef6164bedaed16011ff4e7a0eff25b7fba9a542
large,obqa,13-710,1876,2,$DATA_DIR/P2_E1_DIRECTION_20260913T053456Z/features/large/obqa/01876.npz,1cb18365e92fec552e49bade248d60bd53f2c56d7385136672c3b9752f10f3a3,8192,float32,ca2386f24d445258fc1244651ef6164bedaed16011ff4e7a0eff25b7fba9a542
large,obqa,13-718,1880,2,$DATA_DIR/P2_E1_DIRECTION_20260913T053456Z/features/large/obqa/01880.npz,9bcbd9320a12dfc5b6e81b3fe9c2a1e6001147cc0442aa5a7cca99bd9aad1399,8192,float32,ca2386f24d445258fc1244651ef6164bedaed16011ff4e7a0eff25b7fba9a542
large,obqa,13-723,1883,2,$DATA_DIR/P2_E1_DIRECTION_20260913T053456Z/features/large/obqa/01883.npz,c1306fb4e4c275dd7c7bf90ce053bf435ec3ca8973f5a7dc1f6b6b6c2310314f,8192,float32,ca2386f24d445258fc1244651ef6164bedaed16011ff4e7a0eff25b7fba9a542
large,obqa,13-736,1887,2,$DATA_DIR/P2_E1_DIRECTION_20260913T053456Z/features/large/obqa/01887.npz,d1ca90399e85cb70064b0663246912930c47f7de20a03d4b8cb7e4d327e3e106,8192,float32,ca2386f24d445258fc1244651ef6164bedaed16011ff4e7a0eff25b7fba9a542
large,obqa,13-786,1909,2,$DATA_DIR/P2_E1_DIRECTION_20260913T053456Z/features/large/obqa/01909.npz,1efa767bc58365222849e351b616bc7a77e98cdf10b2f763a3632e67bea07039,8192,float32,ca2386f24d445258fc1244651ef6164bedaed16011ff4e7a0eff25b7fba9a542
large,obqa,13-788,1911,2,$DATA_DIR/P2_E1_DIRECTION_20260913T053456Z/features/large/obqa/01911.npz,29799e82dc20b370c74a930c4e742e76dbbcf41d9631b8d0c9a6cc495515a296,8192,float32,ca2386f24d445258fc1244651ef6164bedaed16011ff4e7a0eff25b7fba9a542
large,obqa,13-789,1912,2,$DATA_DIR/P2_E1_DIRECTION_20260913T053456Z/features/large/obqa/01912.npz,170104e7fc12d722ab4667e8d002749e45d53622255672854dd097794f61e66b,8192,float32,ca2386f24d445258fc1244651ef6164bedaed16011ff4e7a0eff25b7fba9a542
large,obqa,13-799,1920,2,$DATA_DIR/P2_E1_DIRECTION_20260913T053456Z/features/large/obqa/01920.npz,8b3f2af883dbd1d29a33e410491076df9a5aca92be513e4e7fba46ae1e39c9bc,8192,float32,ca2386f24d445258fc1244651ef6164bedaed16011ff4e7a0eff25b7fba9a542
large,obqa,13-805,1923,2,$DATA_DIR/P2_E1_DIRECTION_20260913T053456Z/features/large/obqa/01923.npz,c1ed8cabbde6f7ecadbba43e4a842dbb35a82f58821f613bc633fd906df86f20,8192,float32,ca2386f24d445258fc1244651ef6164bedaed16011ff4e7a0eff25b7fba9a542
large,obqa,13-839,1938,2,$DATA_DIR/P2_E1_DIRECTION_20260913T053456Z/features/large/obqa/01938.npz,a43d2a90224b457e4be6cde199c9c386a9c504fcb9f21bcf81bfe754f6fa070f,8192,float32,ca2386f24d445258fc1244651ef6164bedaed16011ff4e7a0eff25b7fba9a542
large,obqa,13-851,1945,2,$DATA_DIR/P2_E1_DIRECTION_20260913T053456Z/features/large/obqa/01945.npz,fa6f1a249f0fbe8677e8faf13c24bcd05665c88738bc736fb68612b46eab5acc,8192,float32,ca2386f24d445258fc1244651ef6164bedaed16011ff4e7a0eff25b7fba9a542
large,obqa,13-881,1961,2,$DATA_DIR/P2_E1_DIRECTION_20260913T053456Z/features/large/obqa/01961.npz,dc67b1e61f7d758e049e2945f04d19c63d4bac109a30fa62dd302e03ffdf2dc6,8192,float32,ca2386f24d445258fc1244651ef6164bedaed16011ff4e7a0eff25b7fba9a542
large,obqa,13-882,1962,2,$DATA_DIR/P2_E1_DIRECTION_20260913T053456Z/features/large/obqa/01962.npz,f53dd95446398c75b97a9513a8a667d87121dc0411bacfd1a0167f859495c5cd,8192,float32,ca2386f24d445258fc1244651ef6164bedaed16011ff4e7a0eff25b7fba9a542
large,obqa,13-883,1963,2,$DATA_DIR/P2_E1_DIRECTION_20260913T053456Z/features/large/obqa/01963.npz,1e35892d197a94c36ffa4b6a7903a910875a0ec8d06784a611b5381e70072923,8192,float32,ca2386f24d445258fc1244651ef6164bedaed16011ff4e7a0eff25b7fba9a542
large,obqa,13-888,1965,2,$DATA_DIR/P2_E1_DIRECTION_20260913T053456Z/features/large/obqa/01965.npz,8a86d6bb1127aa7e995558373002996bae0f0dd6c2c6b94806ea23c97066066c,8192,float32,ca2386f24d445258fc1244651ef6164bedaed16011ff4e7a0eff25b7fba9a542
large,obqa,13-891,1967,2,$DATA_DIR/P2_E1_DIRECTION_20260913T053456Z/features/large/obqa/01967.npz,6225add58ca1d3a5b8b26b919b17db87964c073b856bd0c67c9c3ccdcd84e81f,8192,float32,ca2386f24d445258fc1244651ef6164bedaed16011ff4e7a0eff25b7fba9a542
large,obqa,13-913,1978,2,$DATA_DIR/P2_E1_DIRECTION_20260913T053456Z/features/large/obqa/01978.npz,d576386b7e3f11dd359cdc0f995f6837c36bb7f87a412dd4c2f760a75e072bb7,8192,float32,ca2386f24d445258fc1244651ef6164bedaed16011ff4e7a0eff25b7fba9a542
large,obqa,13-950,2002,2,$DATA_DIR/P2_E1_DIRECTION_20260913T053456Z/features/large/obqa/02002.npz,960212c8695d9aa76ce4d5850cda4ce9a2b0671a7b88f4d525db2cf4456f01e7,8192,float32,ca2386f24d445258fc1244651ef6164bedaed16011ff4e7a0eff25b7fba9a542
large,obqa,13-958,2006,2,$DATA_DIR/P2_E1_DIRECTION_20260913T053456Z/features/large/obqa/02006.npz,379a44fe325d8894d96488931f9b6f7d055bc12aa75ab68318d34dde56be3ed7,8192,float32,ca2386f24d445258fc1244651ef6164bedaed16011ff4e7a0eff25b7fba9a542
large,obqa,13-98,2018,2,$DATA_DIR/P2_E1_DIRECTION_20260913T053456Z/features/large/obqa/02018.npz,1aea131330edc07c217b6d2b97d5a9a52dfab7a22e0990a67afcfb2dc9e5f681,8192,float32,ca2386f24d445258fc1244651ef6164bedaed16011ff4e7a0eff25b7fba9a542
large,obqa,13-982,2019,2,$DATA_DIR/P2_E1_DIRECTION_20260913T053456Z/features/large/obqa/02019.npz,5f111687c95898b87208b9f1b2b64a86688757dc038876926738b21678fe9c99,8192,float32,ca2386f24d445258fc1244651ef6164bedaed16011ff4e7a0eff25b7fba9a542
large,obqa,13-995,2027,2,$DATA_DIR/P2_E1_DIRECTION_20260913T053456Z/features/large/obqa/02027.npz,65b906e44779c337ec3082aeedd249bde9964b1f220a5e20d6ad72eae30f2da8,8192,float32,ca2386f24d445258fc1244651ef6164bedaed16011ff4e7a0eff25b7fba9a542
large,obqa,1378,2037,2,$DATA_DIR/P2_E1_DIRECTION_20260913T053456Z/features/large/obqa/02037.npz,081e4305251623bb431140e8c6d84e9f6e8104d6d200c54594d7fb9a03f292ca,8192,float32,ca2386f24d445258fc1244651ef6164bedaed16011ff4e7a0eff25b7fba9a542
large,obqa,1388,2041,2,$DATA_DIR/P2_E1_DIRECTION_20260913T053456Z/features/large/obqa/02041.npz,174bb92cb198fd5f50d31acdf854e0ced5f9d64188558874752a7d11fbff5c63,8192,float32,ca2386f24d445258fc1244651ef6164bedaed16011ff4e7a0eff25b7fba9a542
large,obqa,14-1050,2072,2,$DATA_DIR/P2_E1_DIRECTION_20260913T053456Z/features/large/obqa/02072.npz,bc91ad37a63182493e1f44970df3d733bfed70a4c66c6a0ba2fde247b274c74a,8192,float32,ca2386f24d445258fc1244651ef6164bedaed16011ff4e7a0eff25b7fba9a542
large,obqa,14-1052,2074,2,$DATA_DIR/P2_E1_DIRECTION_20260913T053456Z/features/large/obqa/02074.npz,deb742c4c6d18930fc73bacf5cf48d153173cd9dcdf01f4ecae1d289c214bf6e,8192,float32,ca2386f24d445258fc1244651ef6164bedaed16011ff4e7a0eff25b7fba9a542
large,obqa,14-1055,2077,2,$DATA_DIR/P2_E1_DIRECTION_20260913T053456Z/features/large/obqa/02077.npz,77ce8e06b93540cf494d88476ee4a01abdf65b43553d2a382082b8565931efdd,8192,float32,ca2386f24d445258fc1244651ef6164bedaed16011ff4e7a0eff25b7fba9a542
large,obqa,14-106,2078,2,$DATA_DIR/P2_E1_DIRECTION_20260913T053456Z/features/large/obqa/02078.npz,a0e1dbb1c3ec0916b2401ac872156af0fba20809fe87fb56e8e9d075094d8aeb,8192,float32,ca2386f24d445258fc1244651ef6164bedaed16011ff4e7a0eff25b7fba9a542
large,obqa,14-11,2089,2,$DATA_DIR/P2_E1_DIRECTION_20260913T053456Z/features/large/obqa/02089.npz,a964d21f7a590bf1b35e590e6420128c88d875112fdad3dbadd9a87e18d9ee9a,8192,float32,ca2386f24d445258fc1244651ef6164bedaed16011ff4e7a0eff25b7fba9a542
large,obqa,14-1107,2093,2,$DATA_DIR/P2_E1_DIRECTION_20260913T053456Z/features/large/obqa/02093.npz,ed932b24a8598c8bac1924cbdb5ea150e64b2acf0ce8fccbd3ce9137a73f5431,8192,float32,ca2386f24d445258fc1244651ef6164bedaed16011ff4e7a0eff25b7fba9a542
large,obqa,14-1111,2094,2,$DATA_DIR/P2_E1_DIRECTION_20260913T053456Z/features/large/obqa/02094.npz,5d7bf2c1b6339e1842e10f619ad166f5b5c5099d72215b77d2a205186fb2daea,8192,float32,ca2386f24d445258fc1244651ef6164bedaed16011ff4e7a0eff25b7fba9a542
large,obqa,14-1118,2095,2,$DATA_DIR/P2_E1_DIRECTION_20260913T053456Z/features/large/obqa/02095.npz,fc2fd3af0d8e864ff07082a1b32052b23b177bb2724d5e959a87a7b5435e158b,8192,float32,ca2386f24d445258fc1244651ef6164bedaed16011ff4e7a0eff25b7fba9a542
large,obqa,14-1119,2096,2,$DATA_DIR/P2_E1_DIRECTION_20260913T053456Z/features/large/obqa/02096.npz,c85dbc45133962a05f139bdda3d85989739388c959580e51f54aa3fcb8d79f0a,8192,float32,ca2386f24d445258fc1244651ef6164bedaed16011ff4e7a0eff25b7fba9a542
large,obqa,14-1144,2106,2,$DATA_DIR/P2_E1_DIRECTION_20260913T053456Z/features/large/obqa/02106.npz,79bac366dd21d8c82b30fa569d01bc664987b984a157717109ea12f56df0c8ea,8192,float32,ca2386f24d445258fc1244651ef6164bedaed16011ff4e7a0eff25b7fba9a542
large,obqa,14-1147,2109,2,$DATA_DIR/P2_E1_DIRECTION_20260913T053456Z/features/large/obqa/02109.npz,53e3a0cb1c58835a16a8939c9882cac88d52c178a8d73968799f913be94263d2,8192,float32,ca2386f24d445258fc1244651ef6164bedaed16011ff4e7a0eff25b7fba9a542
large,obqa,14-1150,2110,2,$DATA_DIR/P2_E1_DIRECTION_20260913T053456Z/features/large/obqa/02110.npz,1dfe3b6f49aafbdaa6b92e028bf08001960acff1a815a3a5c60286d583badd5e,8192,float32,ca2386f24d445258fc1244651ef6164bedaed16011ff4e7a0eff25b7fba9a542
large,obqa,14-1152,2112,2,$DATA_DIR/P2_E1_DIRECTION_20260913T053456Z/features/large/obqa/02112.npz,794b42e404038434a9d0537dc0ca41ac4e30dd9eb0bb7d04db8159d1b13a9970,8192,float32,ca2386f24d445258fc1244651ef6164bedaed16011ff4e7a0eff25b7fba9a542
large,obqa,14-1157,2115,2,$DATA_DIR/P2_E1_DIRECTION_20260913T053456Z/features/large/obqa/02115.npz,361a0627a4f3c14c7877e25b2b534948f52866a5ef8247675aa4fcb4cd47464c,8192,float32,ca2386f24d445258fc1244651ef6164bedaed16011ff4e7a0eff25b7fba9a542
large,obqa,14-1159,2117,2,$DATA_DIR/P2_E1_DIRECTION_20260913T053456Z/features/large/obqa/02117.npz,2b0698bf5f3688f041ae0eb849b5b10f7cbd3a16769c91d828fe372454971115,8192,float32,ca2386f24d445258fc1244651ef6164bedaed16011ff4e7a0eff25b7fba9a542
large,obqa,14-1167,2120,2,$DATA_DIR/P2_E1_DIRECTION_20260913T053456Z/features/large/obqa/02120.npz,a666bbeaac7fe3289f1e4915d0cad6ca66502054d1b1fc9228d5fce64d0bfdb3,8192,float32,ca2386f24d445258fc1244651ef6164bedaed16011ff4e7a0eff25b7fba9a542
large,obqa,14-1174,2121,2,$DATA_DIR/P2_E1_DIRECTION_20260913T053456Z/features/large/obqa/02121.npz,9f067a9170f30a887de0092ff7b4cffedb2517bb3409f5178df8a1bc40bea0e2,8192,float32,ca2386f24d445258fc1244651ef6164bedaed16011ff4e7a0eff25b7fba9a542
large,obqa,14-1177,2123,2,$DATA_DIR/P2_E1_DIRECTION_20260913T053456Z/features/large/obqa/02123.npz,cb9d00c34b9d48afc5254aae444705e841fd37c3fade1d6e3cbc791a69285101,8192,float32,ca2386f24d445258fc1244651ef6164bedaed16011ff4e7a0eff25b7fba9a542
large,obqa,14-1196,2130,2,$DATA_DIR/P2_E1_DIRECTION_20260913T053456Z/features/large/obqa/02130.npz,7c4d57c4febbb97c38eda3fce67e0981e522494a24eb1cc897c407a9069ed824,8192,float32,ca2386f24d445258fc1244651ef6164bedaed16011ff4e7a0eff25b7fba9a542
large,obqa,14-120,2132,2,$DATA_DIR/P2_E1_DIRECTION_20260913T053456Z/features/large/obqa/02132.npz,d4e63bbc825d8378d43a70668a42933ae9c2bf18416ca6a50443a2f0a73eb16c,8192,float32,ca2386f24d445258fc1244651ef6164bedaed16011ff4e7a0eff25b7fba9a542
large,obqa,14-1201,2133,2,$DATA_DIR/P2_E1_DIRECTION_20260913T053456Z/features/large/obqa/02133.npz,22ba96d0757d771af21964b72378d56c38e8d89c38aec70790ccd191563bf743,8192,float32,ca2386f24d445258fc1244651ef6164bedaed16011ff4e7a0eff25b7fba9a542
large,obqa,14-1217,2138,2,$DATA_DIR/P2_E1_DIRECTION_20260913T053456Z/features/large/obqa/02138.npz,c1f718413d98e87d2d1b147d1b54167c92e4b38739ea8e6d579baef12f4aaf09,8192,float32,ca2386f24d445258fc1244651ef6164bedaed16011ff4e7a0eff25b7fba9a542
large,obqa,14-1257,2150,2,$DATA_DIR/P2_E1_DIRECTION_20260913T053456Z/features/large/obqa/02150.npz,0915fbe2f0ee14fcec05513abcd9ec30828b23fd414e64c0842884cadb5718c9,8192,float32,ca2386f24d445258fc1244651ef6164bedaed16011ff4e7a0eff25b7fba9a542
large,obqa,14-1259,2151,2,$DATA_DIR/P2_E1_DIRECTION_20260913T053456Z/features/large/obqa/02151.npz,ece756c0bef7b2d267561692a7f3bf060ae6ccf756cece9fa2a64770c8e09ba1,8192,float32,ca2386f24d445258fc1244651ef6164bedaed16011ff4e7a0eff25b7fba9a542
large,obqa,14-1273,2157,2,$DATA_DIR/P2_E1_DIRECTION_20260913T053456Z/features/large/obqa/02157.npz,64ec9f14c34f7eb082d4d0831de63210e4622e5379cb79bed4498184d46a9187,8192,float32,ca2386f24d445258fc1244651ef6164bedaed16011ff4e7a0eff25b7fba9a542
large,obqa,14-1275,2159,2,$DATA_DIR/P2_E1_DIRECTION_20260913T053456Z/features/large/obqa/02159.npz,ed81844438296894abeac9aaa12805b0d386bfdd77cec3cf91fff706ae401f28,8192,float32,ca2386f24d445258fc1244651ef6164bedaed16011ff4e7a0eff25b7fba9a542
large,obqa,14-1276,2160,2,$DATA_DIR/P2_E1_DIRECTION_20260913T053456Z/features/large/obqa/02160.npz,6a4e4d04667661b478e70980212044f04d5db62674e849f759ae6942fcb4aa39,8192,float32,ca2386f24d445258fc1244651ef6164bedaed16011ff4e7a0eff25b7fba9a542
large,obqa,14-1287,2165,2,$DATA_DIR/P2_E1_DIRECTION_20260913T053456Z/features/large/obqa/02165.npz,9d297d4253074573fd6a6e0860192943fe506dc682c2daff1d2ad56ffaafb103,8192,float32,ca2386f24d445258fc1244651ef6164bedaed16011ff4e7a0eff25b7fba9a542
large,obqa,14-1295,2170,2,$DATA_DIR/P2_E1_DIRECTION_20260913T053456Z/features/large/obqa/02170.npz,17552b72ec7ad4ef61ff263e2da866cea3a57c626bf20a040baba68ff1b79dbb,8192,float32,ca2386f24d445258fc1244651ef6164bedaed16011ff4e7a0eff25b7fba9a542
large,obqa,14-1302,2175,2,$DATA_DIR/P2_E1_DIRECTION_20260913T053456Z/features/large/obqa/02175.npz,6e17c32fd1536e6c757e29eabbfae15968acd34a7dd6429573da9f1df1d30a52,8192,float32,ca2386f24d445258fc1244651ef6164bedaed16011ff4e7a0eff25b7fba9a542
large,obqa,14-1314,2179,2,$DATA_DIR/P2_E1_DIRECTION_20260913T053456Z/features/large/obqa/02179.npz,069b4661a434c7ceefd0a5c4c318a38cec5bbc00e0ac0509fb1e9947189482cc,8192,float32,ca2386f24d445258fc1244651ef6164bedaed16011ff4e7a0eff25b7fba9a542
large,obqa,14-1319,2182,2,$DATA_DIR/P2_E1_DIRECTION_20260913T053456Z/features/large/obqa/02182.npz,7ddbda37179349a83bce03ae52993361b541a1b40fd3e5fc6c5a0c370609bf50,8192,float32,ca2386f24d445258fc1244651ef6164bedaed16011ff4e7a0eff25b7fba9a542
large,obqa,14-1333,2190,2,$DATA_DIR/P2_E1_DIRECTION_20260913T053456Z/features/large/obqa/02190.npz,aaa5eaad45b8792976b10aeb3c893d91cee20e62e317acae25538d6025a4308c,8192,float32,ca2386f24d445258fc1244651ef6164bedaed16011ff4e7a0eff25b7fba9a542
large,obqa,14-1348,2196,2,$DATA_DIR/P2_E1_DIRECTION_20260913T053456Z/features/large/obqa/02196.npz,7e726fb19dcf4fd955396ea1004ce362baaab1b7542766fc35170e85c687a41c,8192,float32,ca2386f24d445258fc1244651ef6164bedaed16011ff4e7a0eff25b7fba9a542
large,obqa,14-1358,2203,2,$DATA_DIR/P2_E1_DIRECTION_20260913T053456Z/features/large/obqa/02203.npz,5f4912c0e2b59262f038809e72f7834fef4e494bc2576f8df611336fef5dbae6,8192,float32,ca2386f24d445258fc1244651ef6164bedaed16011ff4e7a0eff25b7fba9a542
large,obqa,14-1363,2206,2,$DATA_DIR/P2_E1_DIRECTION_20260913T053456Z/features/large/obqa/02206.npz,074f590109a964ece8f7a6f1b625298b97422b43c35e9ab6a6d9c63c9aeb696b,8192,float32,ca2386f24d445258fc1244651ef6164bedaed16011ff4e7a0eff25b7fba9a542
large,obqa,14-1366,2208,2,$DATA_DIR/P2_E1_DIRECTION_20260913T053456Z/features/large/obqa/02208.npz,da2dc96ca8f507fb27cb0125a6f2460baf8a7bc6cd16a6f306f9f111bdd67b12,8192,float32,ca2386f24d445258fc1244651ef6164bedaed16011ff4e7a0eff25b7fba9a542
large,obqa,14-1369,2210,2,$DATA_DIR/P2_E1_DIRECTION_20260913T053456Z/features/large/obqa/02210.npz,6eb89ea11199d7d5937eb348e3a63f1987a5de8c758bdecaafbcf776f47a00f7,8192,float32,ca2386f24d445258fc1244651ef6164bedaed16011ff4e7a0eff25b7fba9a542
large,obqa,14-1386,2219,2,$DATA_DIR/P2_E1_DIRECTION_20260913T053456Z/features/large/obqa/02219.npz,a40553e0622594d63b40497ee51a81a040db778819e316be0e713dc7ace76db3,8192,float32,ca2386f24d445258fc1244651ef6164bedaed16011ff4e7a0eff25b7fba9a542
large,obqa,14-1396,2223,2,$DATA_DIR/P2_E1_DIRECTION_20260913T053456Z/features/large/obqa/02223.npz,f848d8fb1d275e0f3d74677ea715fceeb1126ae656b2076086e4004ff86d5667,8192,float32,ca2386f24d445258fc1244651ef6164bedaed16011ff4e7a0eff25b7fba9a542
large,obqa,14-1399,2224,2,$DATA_DIR/P2_E1_DIRECTION_20260913T053456Z/features/large/obqa/02224.npz,df0f2b704775f1bab816c4175bad245a495baa00e81b5b0883bfccc651c40c1f,8192,float32,ca2386f24d445258fc1244651ef6164bedaed16011ff4e7a0eff25b7fba9a542
large,obqa,14-140,2225,2,$DATA_DIR/P2_E1_DIRECTION_20260913T053456Z/features/large/obqa/02225.npz,a584ac0ca7603d0d72acc613476cd193d55c56959838d3b75d3efd8dfd9025df,8192,float32,ca2386f24d445258fc1244651ef6164bedaed16011ff4e7a0eff25b7fba9a542
large,obqa,14-1402,2226,2,$DATA_DIR/P2_E1_DIRECTION_20260913T053456Z/features/large/obqa/02226.npz,1acf9de8802c3abc67256eae9519293cac0fde6670e4daca2af432b054406273,8192,float32,ca2386f24d445258fc1244651ef6164bedaed16011ff4e7a0eff25b7fba9a542
large,obqa,14-141,2229,2,$DATA_DIR/P2_E1_DIRECTION_20260913T053456Z/features/large/obqa/02229.npz,e2d809525d911975f4e083ae0d7ef596750fe57fb75d2bbeeb34cfb5ebc6cd78,8192,float32,ca2386f24d445258fc1244651ef6164bedaed16011ff4e7a0eff25b7fba9a542
large,obqa,14-1433,2245,2,$DATA_DIR/P2_E1_DIRECTION_20260913T053456Z/features/large/obqa/02245.npz,cf1d41cbef38c9e2becf0fe2de9586f07a14189354c74997feb750c76c27452b,8192,float32,ca2386f24d445258fc1244651ef6164bedaed16011ff4e7a0eff25b7fba9a542
large,obqa,14-1442,2249,2,$DATA_DIR/P2_E1_DIRECTION_20260913T053456Z/features/large/obqa/02249.npz,59ae299a17e2d08174d351a09c23fb21637a2cd5d7c84bda99bd40e39ea67d36,8192,float32,ca2386f24d445258fc1244651ef6164bedaed16011ff4e7a0eff25b7fba9a542
large,obqa,14-1446,2251,2,$DATA_DIR/P2_E1_DIRECTION_20260913T053456Z/features/large/obqa/02251.npz,afec72c3c4b640649651af28ab6835379ea1b64d40ac182ae09c51be697fd3e4,8192,float32,ca2386f24d445258fc1244651ef6164bedaed16011ff4e7a0eff25b7fba9a542
large,obqa,14-1456,2254,2,$DATA_DIR/P2_E1_DIRECTION_20260913T053456Z/features/large/obqa/02254.npz,c9785f958f9441c331e5ae8a55e098edd977e5f1f25cd7397ab8eef119f04344,8192,float32,ca2386f24d445258fc1244651ef6164bedaed16011ff4e7a0eff25b7fba9a542
large,obqa,14-1474,2263,2,$DATA_DIR/P2_E1_DIRECTION_20260913T053456Z/features/large/obqa/02263.npz,d288300f3998b59029166f0ccacfee8211e47d0a1055bbec39c2bb77d8cd404f,8192,float32,ca2386f24d445258fc1244651ef6164bedaed16011ff4e7a0eff25b7fba9a542
large,obqa,14-1476,2264,2,$DATA_DIR/P2_E1_DIRECTION_20260913T053456Z/features/large/obqa/02264.npz,7bcd54a3ca8d0d8f1897adaab85af5ef706a85c792c96e9cde72461a363969c4,8192,float32,ca2386f24d445258fc1244651ef6164bedaed16011ff4e7a0eff25b7fba9a542
large,obqa,14-1490,2270,2,$DATA_DIR/P2_E1_DIRECTION_20260913T053456Z/features/large/obqa/02270.npz,890b714c4fc29c4bb7280df7d3127926bc5965e3268ddc6443a421bcd5346c35,8192,float32,ca2386f24d445258fc1244651ef6164bedaed16011ff4e7a0eff25b7fba9a542
large,obqa,14-1501,2276,2,$DATA_DIR/P2_E1_DIRECTION_20260913T053456Z/features/large/obqa/02276.npz,108b8cfd7e81c4a8a3910b16bdc4da7b72294415bc90f912a302cad76827ed5f,8192,float32,ca2386f24d445258fc1244651ef6164bedaed16011ff4e7a0eff25b7fba9a542
large,obqa,14-151,2280,2,$DATA_DIR/P2_E1_DIRECTION_20260913T053456Z/features/large/obqa/02280.npz,d306f16904f24c6ce4721421b9acb18ee1579440ffa3dc30e2ce04e18988b2c8,8192,float32,ca2386f24d445258fc1244651ef6164bedaed16011ff4e7a0eff25b7fba9a542
large,obqa,14-162,2287,2,$DATA_DIR/P2_E1_DIRECTION_20260913T053456Z/features/large/obqa/02287.npz,cef6a8630434fc1a344bb88f860603dbe8de3d424555b3aa863d8de87cb394d7,8192,float32,ca2386f24d445258fc1244651ef6164bedaed16011ff4e7a0eff25b7fba9a542
large,obqa,14-171,2292,2,$DATA_DIR/P2_E1_DIRECTION_20260913T053456Z/features/large/obqa/02292.npz,804ab9c33b24d2bd39957343268135d5d964c17d4d8ab3e75e0f09b358393a92,8192,float32,ca2386f24d445258fc1244651ef6164bedaed16011ff4e7a0eff25b7fba9a542
large,obqa,14-180,2297,2,$DATA_DIR/P2_E1_DIRECTION_20260913T053456Z/features/large/obqa/02297.npz,8d8ff8c836621cf2146ebe88166737c2975b88da25b97bf3516377e2a7c4bea1,8192,float32,ca2386f24d445258fc1244651ef6164bedaed16011ff4e7a0eff25b7fba9a542
large,obqa,14-184,2299,2,$DATA_DIR/P2_E1_DIRECTION_20260913T053456Z/features/large/obqa/02299.npz,98f42874657a27dc42e5307ba06c9b73d0632e2f000c973175f449a92e8a53d0,8192,float32,ca2386f24d445258fc1244651ef6164bedaed16011ff4e7a0eff25b7fba9a542
large,obqa,14-188,2301,2,$DATA_DIR/P2_E1_DIRECTION_20260913T053456Z/features/large/obqa/02301.npz,25aac0e9b9bfcdc47bf928cd0d26983490b25e6e5992ba147848c28afc3cbc52,8192,float32,ca2386f24d445258fc1244651ef6164bedaed16011ff4e7a0eff25b7fba9a542
large,obqa,14-198,2304,2,$DATA_DIR/P2_E1_DIRECTION_20260913T053456Z/features/large/obqa/02304.npz,269a88dc8f9a3b08b9340f66c40c9d633c2c0ddbd12aea30a1718059f0c08038,8192,float32,ca2386f24d445258fc1244651ef6164bedaed16011ff4e7a0eff25b7fba9a542
large,obqa,14-21,2308,2,$DATA_DIR/P2_E1_DIRECTION_20260913T053456Z/features/large/obqa/02308.npz,1f9dc47a1b0c7af82e4a12780dbb271ef93abe18bf08855728b2e3adac034f07,8192,float32,ca2386f24d445258fc1244651ef6164bedaed16011ff4e7a0eff25b7fba9a542
large,obqa,14-24,2322,2,$DATA_DIR/P2_E1_DIRECTION_20260913T053456Z/features/large/obqa/02322.npz,920ff09a6b7b5877cbaa1c41c5261c984869e61ae736a14516992049899150d9,8192,float32,ca2386f24d445258fc1244651ef6164bedaed16011ff4e7a0eff25b7fba9a542
large,obqa,14-265,2329,2,$DATA_DIR/P2_E1_DIRECTION_20260913T053456Z/features/large/obqa/02329.npz,f20e30b9c2c1c3d1860eeb97bb9828231d902bba5c38c78814fd5d707935019e,8192,float32,ca2386f24d445258fc1244651ef6164bedaed16011ff4e7a0eff25b7fba9a542
large,obqa,14-27,2332,2,$DATA_DIR/P2_E1_DIRECTION_20260913T053456Z/features/large/obqa/02332.npz,d3e1a99626064d97771f535eb43ff632a6c656afdf061f29924d86aaab4ea063,8192,float32,ca2386f24d445258fc1244651ef6164bedaed16011ff4e7a0eff25b7fba9a542
large,obqa,14-284,2338,2,$DATA_DIR/P2_E1_DIRECTION_20260913T053456Z/features/large/obqa/02338.npz,2c412545a125bf1a71ffebdd41b2d6e79036258a522260b0753ba86800128e8c,8192,float32,ca2386f24d445258fc1244651ef6164bedaed16011ff4e7a0eff25b7fba9a542
large,obqa,14-295,2342,2,$DATA_DIR/P2_E1_DIRECTION_20260913T053456Z/features/large/obqa/02342.npz,d469d8e9f7c4ca75bc16002af60c8948214243fdfddbb4f1e6555e73ba0034ce,8192,float32,ca2386f24d445258fc1244651ef6164bedaed16011ff4e7a0eff25b7fba9a542
large,obqa,14-3,2343,2,$DATA_DIR/P2_E1_DIRECTION_20260913T053456Z/features/large/obqa/02343.npz,f641b4da4026e96a4c9ef4d15a313bcd1540d866573789e109e3217b577d63ec,8192,float32,ca2386f24d445258fc1244651ef6164bedaed16011ff4e7a0eff25b7fba9a542
large,obqa,14-308,2347,2,$DATA_DIR/P2_E1_DIRECTION_20260913T053456Z/features/large/obqa/02347.npz,750a54c3882fa0148598c19a354ec217387d0d4ca2e6d859f626e1b9069388f9,8192,float32,ca2386f24d445258fc1244651ef6164bedaed16011ff4e7a0eff25b7fba9a542
large,obqa,14-319,2351,2,$DATA_DIR/P2_E1_DIRECTION_20260913T053456Z/features/large/obqa/02351.npz,9cb834e34a8dea5485f8c61a06a8d2013711f2153c7993f6f56229ecbbcd8ada,8192,float32,ca2386f24d445258fc1244651ef6164bedaed16011ff4e7a0eff25b7fba9a542
large,obqa,14-324,2354,2,$DATA_DIR/P2_E1_DIRECTION_20260913T053456Z/features/large/obqa/02354.npz,a7c5606ea4a0cf945debf9a868962e243a807d67ba691b1e647c83428b272e14,8192,float32,ca2386f24d445258fc1244651ef6164bedaed16011ff4e7a0eff25b7fba9a542
large,obqa,14-330,2357,2,$DATA_DIR/P2_E1_DIRECTION_20260913T053456Z/features/large/obqa/02357.npz,8af13642f2cb4be25207a1c61efc1bc6e40b241e65646aee81920b2019737c27,8192,float32,ca2386f24d445258fc1244651ef6164bedaed16011ff4e7a0eff25b7fba9a542
large,obqa,14-345,2363,2,$DATA_DIR/P2_E1_DIRECTION_20260913T053456Z/features/large/obqa/02363.npz,d955988ace90c81dfac20efc0f9975ca3936b5475064a6f04871bfd9b382d440,8192,float32,ca2386f24d445258fc1244651ef6164bedaed16011ff4e7a0eff25b7fba9a542
large,obqa,14-356,2366,2,$DATA_DIR/P2_E1_DIRECTION_20260913T053456Z/features/large/obqa/02366.npz,b0d0901ddbaf2c80ff6c0775411052eddfb817c06359efeef07820e359007fd6,8192,float32,ca2386f24d445258fc1244651ef6164bedaed16011ff4e7a0eff25b7fba9a542
large,obqa,14-360,2368,2,$DATA_DIR/P2_E1_DIRECTION_20260913T053456Z/features/large/obqa/02368.npz,77305c2ab673f7cddeae2f38286b7035be07cbecd6a2bb8b9c239518367a406c,8192,float32,ca2386f24d445258fc1244651ef6164bedaed16011ff4e7a0eff25b7fba9a542
large,obqa,14-37,2372,2,$DATA_DIR/P2_E1_DIRECTION_20260913T053456Z/features/large/obqa/02372.npz,c7fe334572fe43f920dc501010185332f62e05188ebf55c9055b68dc8d6c7115,8192,float32,ca2386f24d445258fc1244651ef6164bedaed16011ff4e7a0eff25b7fba9a542
large,obqa,14-397,2383,2,$DATA_DIR/P2_E1_DIRECTION_20260913T053456Z/features/large/obqa/02383.npz,7f3d28fb754b1d2448a3ea683b0b91ae49bb8082b47cc7833180b3f9ce20193d,8192,float32,ca2386f24d445258fc1244651ef6164bedaed16011ff4e7a0eff25b7fba9a542
large,obqa,14-402,2386,2,$DATA_DIR/P2_E1_DIRECTION_20260913T053456Z/features/large/obqa/02386.npz,2e84e424b3ad550857e02e12d68443f40da7b763864e33ba8b11e37d03c9cd60,8192,float32,ca2386f24d445258fc1244651ef6164bedaed16011ff4e7a0eff25b7fba9a542
large,obqa,14-405,2388,2,$DATA_DIR/P2_E1_DIRECTION_20260913T053456Z/features/large/obqa/02388.npz,fbdf08280d845d3a32c0e27440f127de01db4fc328fd3330a4c84fd63621d47d,8192,float32,ca2386f24d445258fc1244651ef6164bedaed16011ff4e7a0eff25b7fba9a542
large,obqa,14-413,2393,2,$DATA_DIR/P2_E1_DIRECTION_20260913T053456Z/features/large/obqa/02393.npz,4ae58a7db88dced1d64877335a7ec6c08c5cbfb8df15c4a8450c29820cd115b1,8192,float32,ca2386f24d445258fc1244651ef6164bedaed16011ff4e7a0eff25b7fba9a542
large,obqa,14-423,2397,2,$DATA_DIR/P2_E1_DIRECTION_20260913T053456Z/features/large/obqa/02397.npz,86669354b83bf7bf5a8d53458e3950b5ba5f1f5e2217e61e1b2a7cf3673953bf,8192,float32,ca2386f24d445258fc1244651ef6164bedaed16011ff4e7a0eff25b7fba9a542
large,obqa,14-449,2407,2,$DATA_DIR/P2_E1_DIRECTION_20260913T053456Z/features/large/obqa/02407.npz,4fd84b9856b0541f87f743f8c198bfac8411129166508de7edefd15dfab47edf,8192,float32,ca2386f24d445258fc1244651ef6164bedaed16011ff4e7a0eff25b7fba9a542
large,obqa,14-452,2408,2,$DATA_DIR/P2_E1_DIRECTION_20260913T053456Z/features/large/obqa/02408.npz,e6359645f631da4e63f851a0daff5cd663204367e9ae517c497bfff8bc809bae,8192,float32,ca2386f24d445258fc1244651ef6164bedaed16011ff4e7a0eff25b7fba9a542
large,obqa,14-47,2414,2,$DATA_DIR/P2_E1_DIRECTION_20260913T053456Z/features/large/obqa/02414.npz,8b614255e9daec29c68bb61c347fcde9578ca39c8f22dfa6447778a69cbc8b21,8192,float32,ca2386f24d445258fc1244651ef6164bedaed16011ff4e7a0eff25b7fba9a542
large,obqa,14-488,2422,2,$DATA_DIR/P2_E1_DIRECTION_20260913T053456Z/features/large/obqa/02422.npz,0bb8f7b9af11bb3d7284f541601cbbb15cf51e6d88bcd380638a9d44510717c7,8192,float32,ca2386f24d445258fc1244651ef6164bedaed16011ff4e7a0eff25b7fba9a542
large,obqa,14-498,2426,2,$DATA_DIR/P2_E1_DIRECTION_20260913T053456Z/features/large/obqa/02426.npz,8b111344c091a32b179df6368857dc98ea557d096d337e72d2615fc7a5867aec,8192,float32,ca2386f24d445258fc1244651ef6164bedaed16011ff4e7a0eff25b7fba9a542
large,obqa,14-522,2435,2,$DATA_DIR/P2_E1_DIRECTION_20260913T053456Z/features/large/obqa/02435.npz,c9720f86d132a34194a3f4bf1a318320b6dfb9bc339177f7a7626439e856545c,8192,float32,ca2386f24d445258fc1244651ef6164bedaed16011ff4e7a0eff25b7fba9a542
large,obqa,14-553,2448,2,$DATA_DIR/P2_E1_DIRECTION_20260913T053456Z/features/large/obqa/02448.npz,9015c5f8e87f060f740ec30e0448019a20e0e696f33ebb46f0af3d45424dfa67,8192,float32,ca2386f24d445258fc1244651ef6164bedaed16011ff4e7a0eff25b7fba9a542
large,obqa,14-558,2451,2,$DATA_DIR/P2_E1_DIRECTION_20260913T053456Z/features/large/obqa/02451.npz,4f9da3cb1f32c794ecd71b38c78e53dc94d8961e48350a718f8f17f2acba1c68,8192,float32,ca2386f24d445258fc1244651ef6164bedaed16011ff4e7a0eff25b7fba9a542
large,obqa,14-57,2458,2,$DATA_DIR/P2_E1_DIRECTION_20260913T053456Z/features/large/obqa/02458.npz,934627ef387a2f7ce7cea560446acd6268154d5e271856450a04832598e1ba99,8192,float32,ca2386f24d445258fc1244651ef6164bedaed16011ff4e7a0eff25b7fba9a542
large,obqa,14-571,2459,2,$DATA_DIR/P2_E1_DIRECTION_20260913T053456Z/features/large/obqa/02459.npz,7dc0ba466b8b7c76efbcf108bad8f4c09a2b3c629b00853e1f83bb13e8fc5e21,8192,float32,ca2386f24d445258fc1244651ef6164bedaed16011ff4e7a0eff25b7fba9a542
large,obqa,14-573,2460,2,$DATA_DIR/P2_E1_DIRECTION_20260913T053456Z/features/large/obqa/02460.npz,306fbd0eadfc7885e0fab42af851ddd976fe9971364347714b7de32d0bbb434c,8192,float32,ca2386f24d445258fc1244651ef6164bedaed16011ff4e7a0eff25b7fba9a542
large,obqa,14-597,2470,2,$DATA_DIR/P2_E1_DIRECTION_20260913T053456Z/features/large/obqa/02470.npz,9495b5f6d995b4edb750ecbb14be904e02577de71777713ca3cb4539c594ed39,8192,float32,ca2386f24d445258fc1244651ef6164bedaed16011ff4e7a0eff25b7fba9a542
large,obqa,14-633,2486,2,$DATA_DIR/P2_E1_DIRECTION_20260913T053456Z/features/large/obqa/02486.npz,6b35db0b7dba7d44abef3c95e6f5a3c1650fbe0af5bb3d794ff406c795f0764f,8192,float32,ca2386f24d445258fc1244651ef6164bedaed16011ff4e7a0eff25b7fba9a542
large,obqa,14-661,2500,2,$DATA_DIR/P2_E1_DIRECTION_20260913T053456Z/features/large/obqa/02500.npz,a46c805f44e1a8e6166c697bb59eeb6fe0797e15c6d0b36a1c1ca90174894083,8192,float32,ca2386f24d445258fc1244651ef6164bedaed16011ff4e7a0eff25b7fba9a542
large,obqa,14-677,2508,2,$DATA_DIR/P2_E1_DIRECTION_20260913T053456Z/features/large/obqa/02508.npz,fc5053889b90e1291231acdaa7e5a776681bd88fcf42256f516567c9e9140973,8192,float32,ca2386f24d445258fc1244651ef6164bedaed16011ff4e7a0eff25b7fba9a542
large,obqa,14-681,2509,2,$DATA_DIR/P2_E1_DIRECTION_20260913T053456Z/features/large/obqa/02509.npz,08bf72bc8296dac6a499460fd120f738d214c166d60850affde23b892937ed96,8192,float32,ca2386f24d445258fc1244651ef6164bedaed16011ff4e7a0eff25b7fba9a542
large,obqa,14-692,2513,2,$DATA_DIR/P2_E1_DIRECTION_20260913T053456Z/features/large/obqa/02513.npz,06634bda9b3639309f80908bb2a47960585066ba58c7aa0c9204b07432435a04,8192,float32,ca2386f24d445258fc1244651ef6164bedaed16011ff4e7a0eff25b7fba9a542
large,obqa,14-695,2516,2,$DATA_DIR/P2_E1_DIRECTION_20260913T053456Z/features/large/obqa/02516.npz,1e9b27a0fd3a2a31b7bf304b05e8b962102ba3b946f37ad45449dd3440143739,8192,float32,ca2386f24d445258fc1244651ef6164bedaed16011ff4e7a0eff25b7fba9a542
large,obqa,14-702,2520,2,$DATA_DIR/P2_E1_DIRECTION_20260913T053456Z/features/large/obqa/02520.npz,8568aba658063000b875c6ce85e9c1de07985f042a2d815e95c7f42b1b94b0cc,8192,float32,ca2386f24d445258fc1244651ef6164bedaed16011ff4e7a0eff25b7fba9a542
large,obqa,14-704,2521,2,$DATA_DIR/P2_E1_DIRECTION_20260913T053456Z/features/large/obqa/02521.npz,a9e97e00320b2ed88ea6a5eb0e73788a0e1f43c4ab422dcbb6c70210515bc354,8192,float32,ca2386f24d445258fc1244651ef6164bedaed16011ff4e7a0eff25b7fba9a542
large,obqa,14-705,2522,2,$DATA_DIR/P2_E1_DIRECTION_20260913T053456Z/features/large/obqa/02522.npz,7c6deee643c3a6414ad538a0a4abab839299fd3ea584078b4272b8c1993b6b9f,8192,float32,ca2386f24d445258fc1244651ef6164bedaed16011ff4e7a0eff25b7fba9a542
large,obqa,14-726,2536,2,$DATA_DIR/P2_E1_DIRECTION_20260913T053456Z/features/large/obqa/02536.npz,f2d6e621b323177aef2a7571ff2952ccbdfb4cfa42efe3dff88202562e385016,8192,float32,ca2386f24d445258fc1244651ef6164bedaed16011ff4e7a0eff25b7fba9a542
large,obqa,14-731,2538,2,$DATA_DIR/P2_E1_DIRECTION_20260913T053456Z/features/large/obqa/02538.npz,f6d86c2ec47545446cc63440b3cb871ade848d94d8da545024aaa12dd3608aed,8192,float32,ca2386f24d445258fc1244651ef6164bedaed16011ff4e7a0eff25b7fba9a542
large,obqa,14-760,2545,2,$DATA_DIR/P2_E1_DIRECTION_20260913T053456Z/features/large/obqa/02545.npz,5e3884994c0e9fa4a1b1268e3558ed96fef11143e496212f2676d76a3e561d77,8192,float32,ca2386f24d445258fc1244651ef6164bedaed16011ff4e7a0eff25b7fba9a542
large,obqa,14-763,2548,2,$DATA_DIR/P2_E1_DIRECTION_20260913T053456Z/features/large/obqa/02548.npz,bd27f1c24a9441dc25795ca9051c901674fd522091a9dbba19b8a131bc86ec48,8192,float32,ca2386f24d445258fc1244651ef6164bedaed16011ff4e7a0eff25b7fba9a542
large,obqa,14-768,2550,2,$DATA_DIR/P2_E1_DIRECTION_20260913T053456Z/features/large/obqa/02550.npz,3673ffac0c6f1cfd5e9df111b924aa59845ea74f34cdeb768ddfb559d0fa0267,8192,float32,ca2386f24d445258fc1244651ef6164bedaed16011ff4e7a0eff25b7fba9a542
large,obqa,14-809,2564,2,$DATA_DIR/P2_E1_DIRECTION_20260913T053456Z/features/large/obqa/02564.npz,484337233eddb3f66cb70521553ed895b82283616d2338703fcab7652e83fbba,8192,float32,ca2386f24d445258fc1244651ef6164bedaed16011ff4e7a0eff25b7fba9a542
large,obqa,14-821,2570,2,$DATA_DIR/P2_E1_DIRECTION_20260913T053456Z/features/large/obqa/02570.npz,cd23e481aa3acb014aa6c094a424f762a9ea32c37dba59c8591f64e27faa11dc,8192,float32,ca2386f24d445258fc1244651ef6164bedaed16011ff4e7a0eff25b7fba9a542
large,obqa,14-848,2583,2,$DATA_DIR/P2_E1_DIRECTION_20260913T053456Z/features/large/obqa/02583.npz,fe1096f10e33878d947f718653dae9bacda5b7b04dd51828ed4ced19662ba499,8192,float32,ca2386f24d445258fc1244651ef6164bedaed16011ff4e7a0eff25b7fba9a542
large,obqa,14-850,2584,2,$DATA_DIR/P2_E1_DIRECTION_20260913T053456Z/features/large/obqa/02584.npz,345e147cf01d17b23f9413a4211988a6e737ca0ee0c637b0ba28fe1e715d8007,8192,float32,ca2386f24d445258fc1244651ef6164bedaed16011ff4e7a0eff25b7fba9a542
large,obqa,14-858,2587,2,$DATA_DIR/P2_E1_DIRECTION_20260913T053456Z/features/large/obqa/02587.npz,2eb84a8d021da3c1a17294637ee07362d38c22f7da544fabde8f79bdeccaf229,8192,float32,ca2386f24d445258fc1244651ef6164bedaed16011ff4e7a0eff25b7fba9a542
large,obqa,14-862,2589,2,$DATA_DIR/P2_E1_DIRECTION_20260913T053456Z/features/large/obqa/02589.npz,e9d9ca6c69d827f24eafe4a64b122dcd538887c378b7174ad92a4d593a3900c6,8192,float32,ca2386f24d445258fc1244651ef6164bedaed16011ff4e7a0eff25b7fba9a542
large,obqa,14-883,2599,2,$DATA_DIR/P2_E1_DIRECTION_20260913T053456Z/features/large/obqa/02599.npz,84b76ab8212740410eae0c162c9ccac562c64d619b3c29dc5a43bdbb021ae1a1,8192,float32,ca2386f24d445258fc1244651ef6164bedaed16011ff4e7a0eff25b7fba9a542
large,obqa,14-889,2603,2,$DATA_DIR/P2_E1_DIRECTION_20260913T053456Z/features/large/obqa/02603.npz,0643a859edcf39c07e92cf65ce43e716a8f51ab0b1921906fa135f8c1461ec2a,8192,float32,ca2386f24d445258fc1244651ef6164bedaed16011ff4e7a0eff25b7fba9a542
large,obqa,14-920,2615,2,$DATA_DIR/P2_E1_DIRECTION_20260913T053456Z/features/large/obqa/02615.npz,66ca6f0be950516ddb4373aa15f40f119ddcc370c74fe1b54a3a2093ef277086,8192,float32,ca2386f24d445258fc1244651ef6164bedaed16011ff4e7a0eff25b7fba9a542
large,obqa,14-928,2621,2,$DATA_DIR/P2_E1_DIRECTION_20260913T053456Z/features/large/obqa/02621.npz,a76d4eba43daea2fb540bd00792e980b6ea4393dfeed16dcc404fda0577bcb50,8192,float32,ca2386f24d445258fc1244651ef6164bedaed16011ff4e7a0eff25b7fba9a542
large,obqa,14-943,2630,2,$DATA_DIR/P2_E1_DIRECTION_20260913T053456Z/features/large/obqa/02630.npz,bc8e85643ce98376ad3235773536ec4c5294a8679e0bbe725a59c54d4a3115a6,8192,float32,ca2386f24d445258fc1244651ef6164bedaed16011ff4e7a0eff25b7fba9a542
large,obqa,14-944,2631,2,$DATA_DIR/P2_E1_DIRECTION_20260913T053456Z/features/large/obqa/02631.npz,c9fb6165aca841cc24088351b9d02e020d85255b9ec2eb1b8bb2a585077e9903,8192,float32,ca2386f24d445258fc1244651ef6164bedaed16011ff4e7a0eff25b7fba9a542
large,obqa,14-950,2633,2,$DATA_DIR/P2_E1_DIRECTION_20260913T053456Z/features/large/obqa/02633.npz,ff59c04b9dc6b622afcc944ba46f19daf9ec6a9f9d24ed72b19478427ebc267e,8192,float32,ca2386f24d445258fc1244651ef6164bedaed16011ff4e7a0eff25b7fba9a542
large,obqa,14-966,2643,2,$DATA_DIR/P2_E1_DIRECTION_20260913T053456Z/features/large/obqa/02643.npz,520fa1df2fbbfd937c9f5f5df130fac954c09cc04f2ad61b5a0c87810e110e24,8192,float32,ca2386f24d445258fc1244651ef6164bedaed16011ff4e7a0eff25b7fba9a542
large,obqa,14-987,2654,2,$DATA_DIR/P2_E1_DIRECTION_20260913T053456Z/features/large/obqa/02654.npz,808191a4d2a3f925079a78ab0de5fdb3185a315b5fe99098abb776980b2e2d86,8192,float32,ca2386f24d445258fc1244651ef6164bedaed16011ff4e7a0eff25b7fba9a542
large,obqa,14-99,2655,2,$DATA_DIR/P2_E1_DIRECTION_20260913T053456Z/features/large/obqa/02655.npz,e058b74ee97ff3c8327011309784ce8a5bde2c6ceb2196f1df681ab4304317ae,8192,float32,ca2386f24d445258fc1244651ef6164bedaed16011ff4e7a0eff25b7fba9a542
large,obqa,14-998,2659,2,$DATA_DIR/P2_E1_DIRECTION_20260913T053456Z/features/large/obqa/02659.npz,65050a014ff0f72c6aee9a4783efda2d32ceeb9e8b271bea1b04fc1f4760b935,8192,float32,ca2386f24d445258fc1244651ef6164bedaed16011ff4e7a0eff25b7fba9a542
large,obqa,1404,2661,2,$DATA_DIR/P2_E1_DIRECTION_20260913T053456Z/features/large/obqa/02661.npz,e0446e40c2db3982977f2bf93106253f153b6e2fc72879ddb88639b4506c83bc,8192,float32,ca2386f24d445258fc1244651ef6164bedaed16011ff4e7a0eff25b7fba9a542
large,obqa,1412,2662,2,$DATA_DIR/P2_E1_DIRECTION_20260913T053456Z/features/large/obqa/02662.npz,3f46d80417f93cf5b0b628b33e435ecbd1c41d3550cc29ce6eeb30e2252f41ea,8192,float32,ca2386f24d445258fc1244651ef6164bedaed16011ff4e7a0eff25b7fba9a542
large,obqa,1422,2664,2,$DATA_DIR/P2_E1_DIRECTION_20260913T053456Z/features/large/obqa/02664.npz,ca8fcffeccfa4af2d195353990e57ebf0740cb314ba2bf72eecfb42d82da0b9e,8192,float32,ca2386f24d445258fc1244651ef6164bedaed16011ff4e7a0eff25b7fba9a542
large,obqa,148,2674,2,$DATA_DIR/P2_E1_DIRECTION_20260913T053456Z/features/large/obqa/02674.npz,401af11d2b259af0e7fe9f0d5559588f55e49030ae382bd35eceefd2d562569a,8192,float32,ca2386f24d445258fc1244651ef6164bedaed16011ff4e7a0eff25b7fba9a542
large,obqa,1505,2677,2,$DATA_DIR/P2_E1_DIRECTION_20260913T053456Z/features/large/obqa/02677.npz,57ce920fe7f5ba3d6ca72735de5774dbbef4c60a339ee8adbd55693ef475cb2c,8192,float32,ca2386f24d445258fc1244651ef6164bedaed16011ff4e7a0eff25b7fba9a542
large,obqa,1509,2678,2,$DATA_DIR/P2_E1_DIRECTION_20260913T053456Z/features/large/obqa/02678.npz,d7dd6131079b2f9945f377749dd3ee4c0f25ca60f8d252add2e7fd4f44767a81,8192,float32,ca2386f24d445258fc1244651ef6164bedaed16011ff4e7a0eff25b7fba9a542
large,obqa,1529,2680,2,$DATA_DIR/P2_E1_DIRECTION_20260913T053456Z/features/large/obqa/02680.npz,c4be1caa45f95b3517c5871cd99d88dcee28587a169370870fc6e18aa0776be9,8192,float32,ca2386f24d445258fc1244651ef6164bedaed16011ff4e7a0eff25b7fba9a542
large,obqa,1542,2681,2,$DATA_DIR/P2_E1_DIRECTION_20260913T053456Z/features/large/obqa/02681.npz,fdd0a37c3771dfef5923132fac6a228376112dccffc1131624a71a7eb1f040b4,8192,float32,ca2386f24d445258fc1244651ef6164bedaed16011ff4e7a0eff25b7fba9a542
large,obqa,1570,2687,2,$DATA_DIR/P2_E1_DIRECTION_20260913T053456Z/features/large/obqa/02687.npz,fc49eb069fcc7a452a549a1cda0d22397ae6b377e34cc3840fa60dcb0cf7efbb,8192,float32,ca2386f24d445258fc1244651ef6164bedaed16011ff4e7a0eff25b7fba9a542
large,obqa,168,2700,2,$DATA_DIR/P2_E1_DIRECTION_20260913T053456Z/features/large/obqa/02700.npz,882cd63381afd3025cd82ee6f0780bf6edacffec7a9972661aee2284ce56ad1b,8192,float32,ca2386f24d445258fc1244651ef6164bedaed16011ff4e7a0eff25b7fba9a542
large,obqa,1681,2701,2,$DATA_DIR/P2_E1_DIRECTION_20260913T053456Z/features/large/obqa/02701.npz,6f21bfe8e2235dff1a1ce65e577acaf802793de9e3a6425e2b5dca551fcedd70,8192,float32,ca2386f24d445258fc1244651ef6164bedaed16011ff4e7a0eff25b7fba9a542
large,obqa,1695,2702,2,$DATA_DIR/P2_E1_DIRECTION_20260913T053456Z/features/large/obqa/02702.npz,cdac21ab865d7e3cd7351d488484b2294aeb87812e304c1129a96dd7d83dd217,8192,float32,ca2386f24d445258fc1244651ef6164bedaed16011ff4e7a0eff25b7fba9a542
large,obqa,1705,2705,2,$DATA_DIR/P2_E1_DIRECTION_20260913T053456Z/features/large/obqa/02705.npz,d4a4a67a71e55dc516e0a933f1980e99f5364d0352d537ecbd15ac66d81ec401,8192,float32,ca2386f24d445258fc1244651ef6164bedaed16011ff4e7a0eff25b7fba9a542
large,obqa,1757,2710,2,$DATA_DIR/P2_E1_DIRECTION_20260913T053456Z/features/large/obqa/02710.npz,b09b1764ef494be0b9bd1c6697c1049cb11d510ba4740dd3a1b6ce67fa7716bf,8192,float32,ca2386f24d445258fc1244651ef6164bedaed16011ff4e7a0eff25b7fba9a542
large,obqa,1784,2714,2,$DATA_DIR/P2_E1_DIRECTION_20260913T053456Z/features/large/obqa/02714.npz,8d694975d6a41d4ae7d380c090aae6dff0395e861b0e74fdf35a674f5344594a,8192,float32,ca2386f24d445258fc1244651ef6164bedaed16011ff4e7a0eff25b7fba9a542
large,obqa,183,2719,2,$DATA_DIR/P2_E1_DIRECTION_20260913T053456Z/features/large/obqa/02719.npz,0681fbfcc159dca5caa56a2b014d38c7e59ad53d0160832bf5d93a48ed1137d1,8192,float32,ca2386f24d445258fc1244651ef6164bedaed16011ff4e7a0eff25b7fba9a542
large,obqa,1844,2720,2,$DATA_DIR/P2_E1_DIRECTION_20260913T053456Z/features/large/obqa/02720.npz,89d5511f98604be6817b7b8dc431a0c8c0bc3e47f50d91aa57506086dbe4db8a,8192,float32,ca2386f24d445258fc1244651ef6164bedaed16011ff4e7a0eff25b7fba9a542
large,obqa,1878,2727,2,$DATA_DIR/P2_E1_DIRECTION_20260913T053456Z/features/large/obqa/02727.npz,c647167e10045c098e14cddc78065e4d4f1fae2890be898c76e067eb1d2268bb,8192,float32,ca2386f24d445258fc1244651ef6164bedaed16011ff4e7a0eff25b7fba9a542
large,obqa,1879,2728,2,$DATA_DIR/P2_E1_DIRECTION_20260913T053456Z/features/large/obqa/02728.npz,92834da8bac25b8507fda746384e9fc4aaea7aee8961af5ec9874fdbc42c8f92,8192,float32,ca2386f24d445258fc1244651ef6164bedaed16011ff4e7a0eff25b7fba9a542
large,obqa,1908,2733,2,$DATA_DIR/P2_E1_DIRECTION_20260913T053456Z/features/large/obqa/02733.npz,15bfd37fb5fafa2939bc08f1a6eb6d279656c5e490469d14f5fafd2ba629fc95,8192,float32,ca2386f24d445258fc1244651ef6164bedaed16011ff4e7a0eff25b7fba9a542
large,obqa,1936,2736,2,$DATA_DIR/P2_E1_DIRECTION_20260913T053456Z/features/large/obqa/02736.npz,61492ac7c42f71c79d81fc0635f6649ca0d0c6bcbafdca4e6c9f1ae851a58c3c,8192,float32,ca2386f24d445258fc1244651ef6164bedaed16011ff4e7a0eff25b7fba9a542
large,obqa,1944,2738,2,$DATA_DIR/P2_E1_DIRECTION_20260913T053456Z/features/large/obqa/02738.npz,e2ddfa07f09e3c20cde35978188fa8687f11b25cca9969f94995db8c8045ef4a,8192,float32,ca2386f24d445258fc1244651ef6164bedaed16011ff4e7a0eff25b7fba9a542
large,obqa,1946,2739,2,$DATA_DIR/P2_E1_DIRECTION_20260913T053456Z/features/large/obqa/02739.npz,0b6f6bab08217ac93d393cdb686b60b0a8e4c30919acb0a4c2cb00137b20ad87,8192,float32,ca2386f24d445258fc1244651ef6164bedaed16011ff4e7a0eff25b7fba9a542
large,obqa,21,2751,2,$DATA_DIR/P2_E1_DIRECTION_20260913T053456Z/features/large/obqa/02751.npz,fd446d227956124532386a47bdd1b38172f90b61043a0ef1c98226e5e44921ff,8192,float32,ca2386f24d445258fc1244651ef6164bedaed16011ff4e7a0eff25b7fba9a542
large,obqa,282,2761,2,$DATA_DIR/P2_E1_DIRECTION_20260913T053456Z/features/large/obqa/02761.npz,cc4c1049536a21bcd1467cc7d730805afbad656a7468d630d138f2f7e8ab4df0,8192,float32,ca2386f24d445258fc1244651ef6164bedaed16011ff4e7a0eff25b7fba9a542
large,obqa,287,2762,2,$DATA_DIR/P2_E1_DIRECTION_20260913T053456Z/features/large/obqa/02762.npz,78d464b88b252bcb6ab5ffccb4cfcf8a9d2509d3f468df28d3cb81610b23ac0e,8192,float32,ca2386f24d445258fc1244651ef6164bedaed16011ff4e7a0eff25b7fba9a542
large,obqa,302,2766,2,$DATA_DIR/P2_E1_DIRECTION_20260913T053456Z/features/large/obqa/02766.npz,c612f351f3068069f226402e9fb0f5cec4aa88ea5f95d0464d521389391b7619,8192,float32,ca2386f24d445258fc1244651ef6164bedaed16011ff4e7a0eff25b7fba9a542
large,obqa,332,2771,2,$DATA_DIR/P2_E1_DIRECTION_20260913T053456Z/features/large/obqa/02771.npz,e263ec566444f81c2a2206772c63f3848a782e54a57456fbd7d52121d3e4d0df,8192,float32,ca2386f24d445258fc1244651ef6164bedaed16011ff4e7a0eff25b7fba9a542
large,obqa,482,2785,2,$DATA_DIR/P2_E1_DIRECTION_20260913T053456Z/features/large/obqa/02785.npz,4f21279c9b4192f01803f5ca5d328fc48917c82c8b9c867c7e1dcfae34a5e821,8192,float32,ca2386f24d445258fc1244651ef6164bedaed16011ff4e7a0eff25b7fba9a542
large,obqa,558,2790,2,$DATA_DIR/P2_E1_DIRECTION_20260913T053456Z/features/large/obqa/02790.npz,df57cbee3dc5a4050da3c4f1833367e07d40c076379916ff52746932f32c5304,8192,float32,ca2386f24d445258fc1244651ef6164bedaed16011ff4e7a0eff25b7fba9a542
large,obqa,579,2794,2,$DATA_DIR/P2_E1_DIRECTION_20260913T053456Z/features/large/obqa/02794.npz,b9a25e44f2726dfd476193386357202733432f5c6447a0f17d0a4f98e6fff868,8192,float32,ca2386f24d445258fc1244651ef6164bedaed16011ff4e7a0eff25b7fba9a542
large,obqa,581,2795,2,$DATA_DIR/P2_E1_DIRECTION_20260913T053456Z/features/large/obqa/02795.npz,2da8afd08284603f0518756c80e7c3666aae81fe3cf8b503b7fd6f2a81451ca7,8192,float32,ca2386f24d445258fc1244651ef6164bedaed16011ff4e7a0eff25b7fba9a542
large,obqa,586,2797,2,$DATA_DIR/P2_E1_DIRECTION_20260913T053456Z/features/large/obqa/02797.npz,e2d3a9c6a31abdf335e4c03008aaf36b3a393ae5d3768264c624744f5e42dede,8192,float32,ca2386f24d445258fc1244651ef6164bedaed16011ff4e7a0eff25b7fba9a542
large,obqa,593,2799,2,$DATA_DIR/P2_E1_DIRECTION_20260913T053456Z/features/large/obqa/02799.npz,6238933fe860a31db4214ca61cbedf37437e8cf35e2af89e892e0b6c96b94ebc,8192,float32,ca2386f24d445258fc1244651ef6164bedaed16011ff4e7a0eff25b7fba9a542
large,obqa,623,2803,2,$DATA_DIR/P2_E1_DIRECTION_20260913T053456Z/features/large/obqa/02803.npz,4c841f17e5ea0f2dcaadb58f7eb4b10589da1452aaa25a9044b2817619dac41f,8192,float32,ca2386f24d445258fc1244651ef6164bedaed16011ff4e7a0eff25b7fba9a542
large,obqa,656,2805,2,$DATA_DIR/P2_E1_DIRECTION_20260913T053456Z/features/large/obqa/02805.npz,f724432ed1ca08693548ddc8801f5dc840d7c2f0de00586c7ae6e093de92a9c0,8192,float32,ca2386f24d445258fc1244651ef6164bedaed16011ff4e7a0eff25b7fba9a542
large,obqa,657,2806,2,$DATA_DIR/P2_E1_DIRECTION_20260913T053456Z/features/large/obqa/02806.npz,8ca30b7913d9a273e4127e8e95d3bf08c5c387b86f5a111626921707651053e8,8192,float32,ca2386f24d445258fc1244651ef6164bedaed16011ff4e7a0eff25b7fba9a542
large,obqa,699,2809,2,$DATA_DIR/P2_E1_DIRECTION_20260913T053456Z/features/large/obqa/02809.npz,1a727536c64d9642965aced67692c369f6e42560993e1a7ba4366976fab91783,8192,float32,ca2386f24d445258fc1244651ef6164bedaed16011ff4e7a0eff25b7fba9a542
large,obqa,7-1023,2814,2,$DATA_DIR/P2_E1_DIRECTION_20260913T053456Z/features/large/obqa/02814.npz,7a1c505a917349382758d26abb489d30f3bf694a446c7310333085d7c504da32,8192,float32,ca2386f24d445258fc1244651ef6164bedaed16011ff4e7a0eff25b7fba9a542
large,obqa,7-1082,2826,2,$DATA_DIR/P2_E1_DIRECTION_20260913T053456Z/features/large/obqa/02826.npz,5d0560f08b9c8cd3c883f08246ddbf3c626c88ebc75de23c45d191b98b295a8e,8192,float32,ca2386f24d445258fc1244651ef6164bedaed16011ff4e7a0eff25b7fba9a542
large,obqa,7-11,2834,2,$DATA_DIR/P2_E1_DIRECTION_20260913T053456Z/features/large/obqa/02834.npz,6f187485dfa15a5d4d51336c2d44a531da15066a8a5351dfd37e864a27fddea2,8192,float32,ca2386f24d445258fc1244651ef6164bedaed16011ff4e7a0eff25b7fba9a542
large,obqa,7-1142,2846,2,$DATA_DIR/P2_E1_DIRECTION_20260913T053456Z/features/large/obqa/02846.npz,cf70ad910b4050a0e7a2618ccf4665bbb9f3a846cf08c96c1890135f0c6619f5,8192,float32,ca2386f24d445258fc1244651ef6164bedaed16011ff4e7a0eff25b7fba9a542
large,obqa,7-1175,2852,2,$DATA_DIR/P2_E1_DIRECTION_20260913T053456Z/features/large/obqa/02852.npz,7a91121c6a35a2cffebc1cbc91b5e6ea027301e1b41c6e2b449cc8e0e4b1b89d,8192,float32,ca2386f24d445258fc1244651ef6164bedaed16011ff4e7a0eff25b7fba9a542
large,obqa,7-121,2859,2,$DATA_DIR/P2_E1_DIRECTION_20260913T053456Z/features/large/obqa/02859.npz,c80f06a1c14ba7cec82772b6290b2fa5c8ad43dd6bae7a845cc00775e047828d,8192,float32,ca2386f24d445258fc1244651ef6164bedaed16011ff4e7a0eff25b7fba9a542
large,obqa,7-138,2862,2,$DATA_DIR/P2_E1_DIRECTION_20260913T053456Z/features/large/obqa/02862.npz,7af8e8a1baaa910b4d7919b4fc604c32bc71707aa5a3f69082e4bcde997598a9,8192,float32,ca2386f24d445258fc1244651ef6164bedaed16011ff4e7a0eff25b7fba9a542
large,obqa,7-186,2871,2,$DATA_DIR/P2_E1_DIRECTION_20260913T053456Z/features/large/obqa/02871.npz,cdcd539679518404d07ee2c1a1031d40e469a43bb6163ed11904ff25528fed10,8192,float32,ca2386f24d445258fc1244651ef6164bedaed16011ff4e7a0eff25b7fba9a542
large,obqa,7-190,2873,2,$DATA_DIR/P2_E1_DIRECTION_20260913T053456Z/features/large/obqa/02873.npz,f32f646389a67f16be94cae47a69ce50d151183f5fc89f61f0eaa88cd7d15dae,8192,float32,ca2386f24d445258fc1244651ef6164bedaed16011ff4e7a0eff25b7fba9a542
large,obqa,7-24,2881,2,$DATA_DIR/P2_E1_DIRECTION_20260913T053456Z/features/large/obqa/02881.npz,dc653796843ee666151aa4ecfe023786c175afc4e38ff16114d4d461b736f45b,8192,float32,ca2386f24d445258fc1244651ef6164bedaed16011ff4e7a0eff25b7fba9a542
large,obqa,7-274,2889,2,$DATA_DIR/P2_E1_DIRECTION_20260913T053456Z/features/large/obqa/02889.npz,ddfa2d6d603a2d9c2d04750c2e176c5bf862876295bfa0315961d99beec9382b,8192,float32,ca2386f24d445258fc1244651ef6164bedaed16011ff4e7a0eff25b7fba9a542
large,obqa,7-282,2890,2,$DATA_DIR/P2_E1_DIRECTION_20260913T053456Z/features/large/obqa/02890.npz,15bb631a3a47ff3542745f968ef32c24b9cb93615b3be928491fd4393e01d07e,8192,float32,ca2386f24d445258fc1244651ef6164bedaed16011ff4e7a0eff25b7fba9a542
large,obqa,7-293,2894,2,$DATA_DIR/P2_E1_DIRECTION_20260913T053456Z/features/large/obqa/02894.npz,ed1fef5c7a81e9b4fff219e47056f650d0d92c6cc165db7f4dc1c203a1357260,8192,float32,ca2386f24d445258fc1244651ef6164bedaed16011ff4e7a0eff25b7fba9a542
large,obqa,7-296,2895,2,$DATA_DIR/P2_E1_DIRECTION_20260913T053456Z/features/large/obqa/02895.npz,fb2ada216470e0e231740073061ab2392695a531f315a1d7f47ae3662d7196e1,8192,float32,ca2386f24d445258fc1244651ef6164bedaed16011ff4e7a0eff25b7fba9a542
large,obqa,7-30,2897,2,$DATA_DIR/P2_E1_DIRECTION_20260913T053456Z/features/large/obqa/02897.npz,4948fabb94b99d3879e0d1bb1dae6c21b78a2cd4eb5856143e7e383ef714ff0e,8192,float32,ca2386f24d445258fc1244651ef6164bedaed16011ff4e7a0eff25b7fba9a542
large,obqa,7-340,2904,2,$DATA_DIR/P2_E1_DIRECTION_20260913T053456Z/features/large/obqa/02904.npz,0c5129cea17cb448633bbe3e4b94f7e3f5c3ee1e433fdb4b001e1458a8ea4c76,8192,float32,ca2386f24d445258fc1244651ef6164bedaed16011ff4e7a0eff25b7fba9a542
large,obqa,7-342,2905,2,$DATA_DIR/P2_E1_DIRECTION_20260913T053456Z/features/large/obqa/02905.npz,1b02cfeee64a4cdfb11287ed681c82ae3d3f8f9f179b4b13d16dc2081b8088a9,8192,float32,ca2386f24d445258fc1244651ef6164bedaed16011ff4e7a0eff25b7fba9a542
large,obqa,7-408,2916,2,$DATA_DIR/P2_E1_DIRECTION_20260913T053456Z/features/large/obqa/02916.npz,d2d0b67045700ad0ff11c74b518fc9166accd785f59fab94ac3a2b3b7c4f825c,8192,float32,ca2386f24d445258fc1244651ef6164bedaed16011ff4e7a0eff25b7fba9a542
large,obqa,7-423,2924,2,$DATA_DIR/P2_E1_DIRECTION_20260913T053456Z/features/large/obqa/02924.npz,bc907f2e5a14bf31557a8ad7b5a53069979ba9f00d595e4f9ee9c7a6537d6cc5,8192,float32,ca2386f24d445258fc1244651ef6164bedaed16011ff4e7a0eff25b7fba9a542
large,obqa,7-436,2925,2,$DATA_DIR/P2_E1_DIRECTION_20260913T053456Z/features/large/obqa/02925.npz,438b0850b3f5aef9ebf357de511342b07c46894d911ebdd169689fe740d51552,8192,float32,ca2386f24d445258fc1244651ef6164bedaed16011ff4e7a0eff25b7fba9a542
large,obqa,7-439,2926,2,$DATA_DIR/P2_E1_DIRECTION_20260913T053456Z/features/large/obqa/02926.npz,55884102987ea59372d080768d4b13890f44fdc13d0f6d07d1853296c3cdec35,8192,float32,ca2386f24d445258fc1244651ef6164bedaed16011ff4e7a0eff25b7fba9a542
large,obqa,7-443,2927,2,$DATA_DIR/P2_E1_DIRECTION_20260913T053456Z/features/large/obqa/02927.npz,34286a821bbe1e460d924f945065224bf7fa9f748725311c4295b8b50af6af7e,8192,float32,ca2386f24d445258fc1244651ef6164bedaed16011ff4e7a0eff25b7fba9a542
large,obqa,7-449,2930,2,$DATA_DIR/P2_E1_DIRECTION_20260913T053456Z/features/large/obqa/02930.npz,09c08a5676ae1832e0b2f60075d2b75ab6078c1d2d8279587eb7e9dcb708704d,8192,float32,ca2386f24d445258fc1244651ef6164bedaed16011ff4e7a0eff25b7fba9a542
large,obqa,7-466,2934,2,$DATA_DIR/P2_E1_DIRECTION_20260913T053456Z/features/large/obqa/02934.npz,3c2e329634b64bc0bfca2af97663583360dcca956bbf9d228d2b3da5362bb73c,8192,float32,ca2386f24d445258fc1244651ef6164bedaed16011ff4e7a0eff25b7fba9a542
large,obqa,7-467,2935,2,$DATA_DIR/P2_E1_DIRECTION_20260913T053456Z/features/large/obqa/02935.npz,b587c671d2dfed2f7c669e327d6f9558b2c3bf4ce245ce28981d4620e6f9d6eb,8192,float32,ca2386f24d445258fc1244651ef6164bedaed16011ff4e7a0eff25b7fba9a542
large,obqa,7-476,2939,2,$DATA_DIR/P2_E1_DIRECTION_20260913T053456Z/features/large/obqa/02939.npz,fe528876a38f121f026c0e4d78e79eb1d640eeadf775f670bb4da4ddf40d688e,8192,float32,ca2386f24d445258fc1244651ef6164bedaed16011ff4e7a0eff25b7fba9a542
large,obqa,7-507,2941,2,$DATA_DIR/P2_E1_DIRECTION_20260913T053456Z/features/large/obqa/02941.npz,11abb24764517b4db948d7a327952041ab9e3e0a399dc555de6d4eedad327756,8192,float32,ca2386f24d445258fc1244651ef6164bedaed16011ff4e7a0eff25b7fba9a542
large,obqa,7-529,2947,2,$DATA_DIR/P2_E1_DIRECTION_20260913T053456Z/features/large/obqa/02947.npz,7703cadaddfda65c0cd8d3ebe2c4b784288b4e38666cd6a1d71b8d69033d7a6a,8192,float32,ca2386f24d445258fc1244651ef6164bedaed16011ff4e7a0eff25b7fba9a542
large,obqa,7-546,2952,2,$DATA_DIR/P2_E1_DIRECTION_20260913T053456Z/features/large/obqa/02952.npz,5d12ab8679c1d32ebf05385574fb41c6ee67fbce491effcf5a406accbce64245,8192,float32,ca2386f24d445258fc1244651ef6164bedaed16011ff4e7a0eff25b7fba9a542
large,obqa,7-563,2957,2,$DATA_DIR/P2_E1_DIRECTION_20260913T053456Z/features/large/obqa/02957.npz,d20c207141d7ebc2060dbdec3ebea07decb6bc73d334f0633efbf2cf7b301b8c,8192,float32,ca2386f24d445258fc1244651ef6164bedaed16011ff4e7a0eff25b7fba9a542
large,obqa,7-584,2962,2,$DATA_DIR/P2_E1_DIRECTION_20260913T053456Z/features/large/obqa/02962.npz,7b2fdbb78d31624977bff9741ed9ada2579b0549a0ce30b8583549ebc3fe91d7,8192,float32,ca2386f24d445258fc1244651ef6164bedaed16011ff4e7a0eff25b7fba9a542
large,obqa,7-6,2967,2,$DATA_DIR/P2_E1_DIRECTION_20260913T053456Z/features/large/obqa/02967.npz,21c212e3c21af13f6770229f96f1724c479bc3d96ff21acfa75bb54172fca0a4,8192,float32,ca2386f24d445258fc1244651ef6164bedaed16011ff4e7a0eff25b7fba9a542
large,obqa,7-622,2970,2,$DATA_DIR/P2_E1_DIRECTION_20260913T053456Z/features/large/obqa/02970.npz,87740996aaa7ea695aafba7783b6f1ba19075e584fc9eb51332ed559cb6f7054,8192,float32,ca2386f24d445258fc1244651ef6164bedaed16011ff4e7a0eff25b7fba9a542
large,obqa,7-629,2971,2,$DATA_DIR/P2_E1_DIRECTION_20260913T053456Z/features/large/obqa/02971.npz,2e3a9d16567de4e2464925cd1c33cb58323bcf06ea16e9f0a169d1f4b7ce258c,8192,float32,ca2386f24d445258fc1244651ef6164bedaed16011ff4e7a0eff25b7fba9a542
large,obqa,7-675,2980,2,$DATA_DIR/P2_E1_DIRECTION_20260913T053456Z/features/large/obqa/02980.npz,8c185f0ad7bb820a4ef4347587e25c171cd2b0aa2b823568c7dab1c73f35b480,8192,float32,ca2386f24d445258fc1244651ef6164bedaed16011ff4e7a0eff25b7fba9a542
large,obqa,7-714,2987,2,$DATA_DIR/P2_E1_DIRECTION_20260913T053456Z/features/large/obqa/02987.npz,23f3c9a0c0d2637a346e762a3b598e597ec27893df455cfcaedc52a1eff9d2e7,8192,float32,ca2386f24d445258fc1244651ef6164bedaed16011ff4e7a0eff25b7fba9a542
large,obqa,7-786,3013,2,$DATA_DIR/P2_E1_DIRECTION_20260913T053456Z/features/large/obqa/03013.npz,0ca82ec6a8d33bb0abd2de92ab99441f1780394447ac25d122ec08e64874292e,8192,float32,ca2386f24d445258fc1244651ef6164bedaed16011ff4e7a0eff25b7fba9a542
large,obqa,7-812,3017,2,$DATA_DIR/P2_E1_DIRECTION_20260913T053456Z/features/large/obqa/03017.npz,fb121bd277e95f826e0c5ed018471370d81a5e90c97e58f8db46f77dad3ff9d6,8192,float32,ca2386f24d445258fc1244651ef6164bedaed16011ff4e7a0eff25b7fba9a542
large,obqa,7-824,3020,2,$DATA_DIR/P2_E1_DIRECTION_20260913T053456Z/features/large/obqa/03020.npz,24fd1a0a321c8d9f920e15fce0d6be64514d5aeeb72a8e1cfdce49c22b97688b,8192,float32,ca2386f24d445258fc1244651ef6164bedaed16011ff4e7a0eff25b7fba9a542
large,obqa,7-830,3022,2,$DATA_DIR/P2_E1_DIRECTION_20260913T053456Z/features/large/obqa/03022.npz,6590d8aa7ef62efd801fc1432ba103c9652e51b24d7027a0b18b3de82a67415d,8192,float32,ca2386f24d445258fc1244651ef6164bedaed16011ff4e7a0eff25b7fba9a542
large,obqa,7-926,3039,2,$DATA_DIR/P2_E1_DIRECTION_20260913T053456Z/features/large/obqa/03039.npz,ee45a8cf65638f65b86d42294cafafcca4006548b9a930dd883d6079c7f91c24,8192,float32,ca2386f24d445258fc1244651ef6164bedaed16011ff4e7a0eff25b7fba9a542
large,obqa,7-939,3042,2,$DATA_DIR/P2_E1_DIRECTION_20260913T053456Z/features/large/obqa/03042.npz,41e30d4c92181b1ffc9baffd57233413817dc5f5627d35ab69d732943a5a869a,8192,float32,ca2386f24d445258fc1244651ef6164bedaed16011ff4e7a0eff25b7fba9a542
large,obqa,7-943,3044,2,$DATA_DIR/P2_E1_DIRECTION_20260913T053456Z/features/large/obqa/03044.npz,68f54f2bdaf7b9c72302700b096c52b0c98d6a008e594c12a8f9a0430a978568,8192,float32,ca2386f24d445258fc1244651ef6164bedaed16011ff4e7a0eff25b7fba9a542
large,obqa,7-947,3045,2,$DATA_DIR/P2_E1_DIRECTION_20260913T053456Z/features/large/obqa/03045.npz,e473c5ed996ea35e31a7171538479d2709c62dceb23c5cd909c299e782bc615c,8192,float32,ca2386f24d445258fc1244651ef6164bedaed16011ff4e7a0eff25b7fba9a542
large,obqa,7-959,3050,2,$DATA_DIR/P2_E1_DIRECTION_20260913T053456Z/features/large/obqa/03050.npz,61f77a71f5cfd0c6665a2523d42a9c8883cc68f2fee4a1eb696172f7a6452cf7,8192,float32,ca2386f24d445258fc1244651ef6164bedaed16011ff4e7a0eff25b7fba9a542
large,obqa,7-975,3051,2,$DATA_DIR/P2_E1_DIRECTION_20260913T053456Z/features/large/obqa/03051.npz,e078cb88f15966084bbd0ec95153b0ffb3fbb589578a8d489d9ff6d41de27ac7,8192,float32,ca2386f24d445258fc1244651ef6164bedaed16011ff4e7a0eff25b7fba9a542
large,obqa,7-995,3055,2,$DATA_DIR/P2_E1_DIRECTION_20260913T053456Z/features/large/obqa/03055.npz,d40297401bd1a76a1eb22ab12954ad06af9077245ea9a1fa6f6379a286dc564f,8192,float32,ca2386f24d445258fc1244651ef6164bedaed16011ff4e7a0eff25b7fba9a542
large,obqa,723,3060,2,$DATA_DIR/P2_E1_DIRECTION_20260913T053456Z/features/large/obqa/03060.npz,ed641b2f96dcc3d80e43b389b5f6602bfffbd0ae0bc7a4a0a600f36ead9a2239,8192,float32,ca2386f24d445258fc1244651ef6164bedaed16011ff4e7a0eff25b7fba9a542
large,obqa,77,3068,2,$DATA_DIR/P2_E1_DIRECTION_20260913T053456Z/features/large/obqa/03068.npz,0bfe3337f344cc4805fd123b9542e2ec1eab51582ecae5253872023c4d0518c6,8192,float32,ca2386f24d445258fc1244651ef6164bedaed16011ff4e7a0eff25b7fba9a542
large,obqa,781,3072,2,$DATA_DIR/P2_E1_DIRECTION_20260913T053456Z/features/large/obqa/03072.npz,f8dee8d812493a343c33aaa019e5649e840fccafde7bb20daa0d18bc424e61ec,8192,float32,ca2386f24d445258fc1244651ef6164bedaed16011ff4e7a0eff25b7fba9a542
large,obqa,783,3073,2,$DATA_DIR/P2_E1_DIRECTION_20260913T053456Z/features/large/obqa/03073.npz,0e884e801fced092bbb3d53775680f655887d9c0fa0653916984ec08d51b98bd,8192,float32,ca2386f24d445258fc1244651ef6164bedaed16011ff4e7a0eff25b7fba9a542
large,obqa,799,3076,2,$DATA_DIR/P2_E1_DIRECTION_20260913T053456Z/features/large/obqa/03076.npz,aa19b5c99c4f6045d8f712b6c7b56874ca9bad7be0b7866ff260b15be86e8258,8192,float32,ca2386f24d445258fc1244651ef6164bedaed16011ff4e7a0eff25b7fba9a542
large,obqa,8-124,3082,2,$DATA_DIR/P2_E1_DIRECTION_20260913T053456Z/features/large/obqa/03082.npz,40270df011fb584b01eb96b5b191870a03c6aaa74cb2841565e9de72c336f7ff,8192,float32,ca2386f24d445258fc1244651ef6164bedaed16011ff4e7a0eff25b7fba9a542
large,obqa,8-14,3084,2,$DATA_DIR/P2_E1_DIRECTION_20260913T053456Z/features/large/obqa/03084.npz,6fe924b62342f54d2d526fb4ef71a33345f2aee98e174325f2cf7b0678c4e775,8192,float32,ca2386f24d445258fc1244651ef6164bedaed16011ff4e7a0eff25b7fba9a542
large,obqa,8-200,3099,2,$DATA_DIR/P2_E1_DIRECTION_20260913T053456Z/features/large/obqa/03099.npz,8d5a5336ab4d340cebe500a1e5a020341cd5c0fcb5f631ff23b85c8f3998fcf7,8192,float32,ca2386f24d445258fc1244651ef6164bedaed16011ff4e7a0eff25b7fba9a542
large,obqa,8-217,3106,2,$DATA_DIR/P2_E1_DIRECTION_20260913T053456Z/features/large/obqa/03106.npz,e20976ff31b555ea236f70f62cd9146e7a0dc66bafe8449a1b2cbb1f0cfdf8d3,8192,float32,ca2386f24d445258fc1244651ef6164bedaed16011ff4e7a0eff25b7fba9a542
large,obqa,8-229,3108,2,$DATA_DIR/P2_E1_DIRECTION_20260913T053456Z/features/large/obqa/03108.npz,680a2b08353bc6a33026fcfd7ac3c12dbb6a2b14505d64b12c462af8b794d99c,8192,float32,ca2386f24d445258fc1244651ef6164bedaed16011ff4e7a0eff25b7fba9a542
large,obqa,8-264,3116,2,$DATA_DIR/P2_E1_DIRECTION_20260913T053456Z/features/large/obqa/03116.npz,65e4d98a669bd2405426c7a9cf43e093439af25b6811d1293d90a93743b178d7,8192,float32,ca2386f24d445258fc1244651ef6164bedaed16011ff4e7a0eff25b7fba9a542
large,obqa,8-267,3117,2,$DATA_DIR/P2_E1_DIRECTION_20260913T053456Z/features/large/obqa/03117.npz,42b7244c31d8da0e52b6bf3e8f9b1eecc991279b121d48676fa58f35c512b0d8,8192,float32,ca2386f24d445258fc1244651ef6164bedaed16011ff4e7a0eff25b7fba9a542
large,obqa,8-285,3121,2,$DATA_DIR/P2_E1_DIRECTION_20260913T053456Z/features/large/obqa/03121.npz,226fa3933044bef881f845ab97759b360ffc07d2905fb08b5d77f4535c1ac218,8192,float32,ca2386f24d445258fc1244651ef6164bedaed16011ff4e7a0eff25b7fba9a542
large,obqa,8-295,3124,2,$DATA_DIR/P2_E1_DIRECTION_20260913T053456Z/features/large/obqa/03124.npz,f63539652efe8d59efa34f1ec2fb88024367eb3401e811e4a989f849d34b4a14,8192,float32,ca2386f24d445258fc1244651ef6164bedaed16011ff4e7a0eff25b7fba9a542
large,obqa,8-319,3132,2,$DATA_DIR/P2_E1_DIRECTION_20260913T053456Z/features/large/obqa/03132.npz,b18c6f696b0b495b5bc2889c42050de3a04626a433de003a9749400b322b0cbf,8192,float32,ca2386f24d445258fc1244651ef6164bedaed16011ff4e7a0eff25b7fba9a542
large,obqa,8-320,3133,2,$DATA_DIR/P2_E1_DIRECTION_20260913T053456Z/features/large/obqa/03133.npz,9c0153f7de11133e311119f889ed9f319e31d3739b25d64a22b959468e8b8d89,8192,float32,ca2386f24d445258fc1244651ef6164bedaed16011ff4e7a0eff25b7fba9a542
large,obqa,8-357,3140,2,$DATA_DIR/P2_E1_DIRECTION_20260913T053456Z/features/large/obqa/03140.npz,f164f6aee6c842482129d2a1522e7e65511822870d0af961b2a1ca5670098465,8192,float32,ca2386f24d445258fc1244651ef6164bedaed16011ff4e7a0eff25b7fba9a542
large,obqa,8-388,3145,2,$DATA_DIR/P2_E1_DIRECTION_20260913T053456Z/features/large/obqa/03145.npz,e84dc79d87cffd29243f364efbb649d7985f744f8fe73d81e7206cd1197ed11f,8192,float32,ca2386f24d445258fc1244651ef6164bedaed16011ff4e7a0eff25b7fba9a542
large,obqa,8-391,3146,2,$DATA_DIR/P2_E1_DIRECTION_20260913T053456Z/features/large/obqa/03146.npz,e3c62a052aa77d3638331876d5cfde59152915afbacd2efda5b4d557c128797a,8192,float32,ca2386f24d445258fc1244651ef6164bedaed16011ff4e7a0eff25b7fba9a542
large,obqa,8-397,3147,2,$DATA_DIR/P2_E1_DIRECTION_20260913T053456Z/features/large/obqa/03147.npz,674c79c6c5f6b20c115fdf5712a1aec80ce2ba020722d6755fc260bb4d5f1a98,8192,float32,ca2386f24d445258fc1244651ef6164bedaed16011ff4e7a0eff25b7fba9a542
large,obqa,8-4,3148,2,$DATA_DIR/P2_E1_DIRECTION_20260913T053456Z/features/large/obqa/03148.npz,67c5862e72ae738f43b9edf85a0edb1d51b0a7a538580773a5156be2996788fc,8192,float32,ca2386f24d445258fc1244651ef6164bedaed16011ff4e7a0eff25b7fba9a542
large,obqa,8-405,3150,2,$DATA_DIR/P2_E1_DIRECTION_20260913T053456Z/features/large/obqa/03150.npz,579be91403b4f5b5a95269650a429c3f87df9126b977dfa73395d03a0e1e7f4f,8192,float32,ca2386f24d445258fc1244651ef6164bedaed16011ff4e7a0eff25b7fba9a542
large,obqa,8-407,3151,2,$DATA_DIR/P2_E1_DIRECTION_20260913T053456Z/features/large/obqa/03151.npz,ad99fb1a0d0dac16845901cb60e3cc3bffb5d9c6ac179e1148db9955b697fb75,8192,float32,ca2386f24d445258fc1244651ef6164bedaed16011ff4e7a0eff25b7fba9a542
large,obqa,8-44,3162,2,$DATA_DIR/P2_E1_DIRECTION_20260913T053456Z/features/large/obqa/03162.npz,01f5a8b0477071d691e27ac26b551990ade1c28f3b252485667be3cde621db3a,8192,float32,ca2386f24d445258fc1244651ef6164bedaed16011ff4e7a0eff25b7fba9a542
large,obqa,8-472,3168,2,$DATA_DIR/P2_E1_DIRECTION_20260913T053456Z/features/large/obqa/03168.npz,16ddbe074602dac072dd4880277c7fa990e79474790eda903109d6abb6d4696e,8192,float32,ca2386f24d445258fc1244651ef6164bedaed16011ff4e7a0eff25b7fba9a542
large,obqa,8-6,3177,2,$DATA_DIR/P2_E1_DIRECTION_20260913T053456Z/features/large/obqa/03177.npz,6d7b0cb96565e89d29e63b9eadc2ea026e0e046f1d25ff44af95cdf42fc62b19,8192,float32,ca2386f24d445258fc1244651ef6164bedaed16011ff4e7a0eff25b7fba9a542
large,obqa,8-78,3180,2,$DATA_DIR/P2_E1_DIRECTION_20260913T053456Z/features/large/obqa/03180.npz,0eda021f816175aca189970c9f0a35d2d570878e84f724d8cbedb8a0efc379e7,8192,float32,ca2386f24d445258fc1244651ef6164bedaed16011ff4e7a0eff25b7fba9a542
large,obqa,8-8,3181,2,$DATA_DIR/P2_E1_DIRECTION_20260913T053456Z/features/large/obqa/03181.npz,83ffb7412ac1e9cc3c7904f688435ea23a3491b2002acd7f237a6bc0746c39d3,8192,float32,ca2386f24d445258fc1244651ef6164bedaed16011ff4e7a0eff25b7fba9a542
large,obqa,8-82,3184,2,$DATA_DIR/P2_E1_DIRECTION_20260913T053456Z/features/large/obqa/03184.npz,34cce97a02c9ced0eae281708cf34aa285fdadd4d05ff4754ee82061e412e379,8192,float32,ca2386f24d445258fc1244651ef6164bedaed16011ff4e7a0eff25b7fba9a542
large,obqa,8-83,3185,2,$DATA_DIR/P2_E1_DIRECTION_20260913T053456Z/features/large/obqa/03185.npz,1d15883d11f41031101e7d7bda091cee7c1948102c87d05da9b52ea89fe4ca0c,8192,float32,ca2386f24d445258fc1244651ef6164bedaed16011ff4e7a0eff25b7fba9a542
large,obqa,8-95,3188,2,$DATA_DIR/P2_E1_DIRECTION_20260913T053456Z/features/large/obqa/03188.npz,e06ddd77da93b0c9b2041a24c3422a7aa7648cfcb0cebe8528214f341fb6842f,8192,float32,ca2386f24d445258fc1244651ef6164bedaed16011ff4e7a0eff25b7fba9a542
large,obqa,822,3193,2,$DATA_DIR/P2_E1_DIRECTION_20260913T053456Z/features/large/obqa/03193.npz,1677114a6b742cedddfab9712cf5df69a47bd3c5284576c76ff9a112f9d75ce7,8192,float32,ca2386f24d445258fc1244651ef6164bedaed16011ff4e7a0eff25b7fba9a542
large,obqa,831,3197,2,$DATA_DIR/P2_E1_DIRECTION_20260913T053456Z/features/large/obqa/03197.npz,0d653edf3832a837c2e69a9a6d7af3add99093f3787c7125fcf40c7c62316935,8192,float32,ca2386f24d445258fc1244651ef6164bedaed16011ff4e7a0eff25b7fba9a542
large,obqa,837,3200,2,$DATA_DIR/P2_E1_DIRECTION_20260913T053456Z/features/large/obqa/03200.npz,7d6fc0e7f1d99650c9dde70e04437f5c86c30f33ffe30fa84f832a0376145eb8,8192,float32,ca2386f24d445258fc1244651ef6164bedaed16011ff4e7a0eff25b7fba9a542
large,obqa,84,3201,2,$DATA_DIR/P2_E1_DIRECTION_20260913T053456Z/features/large/obqa/03201.npz,52b4609c95c95546b197257d2e1618e3858c0e04b24a4036cb1045f3ff10523a,8192,float32,ca2386f24d445258fc1244651ef6164bedaed16011ff4e7a0eff25b7fba9a542
large,obqa,884,3208,2,$DATA_DIR/P2_E1_DIRECTION_20260913T053456Z/features/large/obqa/03208.npz,804791ae6fdb6a9ce3b16842c9ae284ebf5f8177a7ee177406384accf1799630,8192,float32,ca2386f24d445258fc1244651ef6164bedaed16011ff4e7a0eff25b7fba9a542
large,obqa,9-102,3215,2,$DATA_DIR/P2_E1_DIRECTION_20260913T053456Z/features/large/obqa/03215.npz,58620904c4b51cc6531a4249f36582db3c392ce9ae80fb49bd576cf7597bd4f9,8192,float32,ca2386f24d445258fc1244651ef6164bedaed16011ff4e7a0eff25b7fba9a542
large,obqa,9-1035,3217,2,$DATA_DIR/P2_E1_DIRECTION_20260913T053456Z/features/large/obqa/03217.npz,f38edd50467f7dfd7f8250c98e29c951306b3cbb032b768785fedd623f5caf51,8192,float32,ca2386f24d445258fc1244651ef6164bedaed16011ff4e7a0eff25b7fba9a542
large,obqa,9-1051,3221,2,$DATA_DIR/P2_E1_DIRECTION_20260913T053456Z/features/large/obqa/03221.npz,26cdc0537087305c2a12ad5a92894b51c64368fbfc918d7d1b12ea4de6b4f14b,8192,float32,ca2386f24d445258fc1244651ef6164bedaed16011ff4e7a0eff25b7fba9a542
large,obqa,9-1113,3236,2,$DATA_DIR/P2_E1_DIRECTION_20260913T053456Z/features/large/obqa/03236.npz,27b2f14d8bd88edeb35a381d54b5c37b8b617108d28f0352c79a64a035005269,8192,float32,ca2386f24d445258fc1244651ef6164bedaed16011ff4e7a0eff25b7fba9a542
large,obqa,9-1116,3237,2,$DATA_DIR/P2_E1_DIRECTION_20260913T053456Z/features/large/obqa/03237.npz,471033f4f8ad747e0f13a13f88f7b78f2f7217cef81eb18a2cad4598399d9b97,8192,float32,ca2386f24d445258fc1244651ef6164bedaed16011ff4e7a0eff25b7fba9a542
large,obqa,9-1148,3245,2,$DATA_DIR/P2_E1_DIRECTION_20260913T053456Z/features/large/obqa/03245.npz,4d3bafb76d9b868e0d049b07027b844cba4a7df9ed1697b22caea3f3b21ec634,8192,float32,ca2386f24d445258fc1244651ef6164bedaed16011ff4e7a0eff25b7fba9a542
large,obqa,9-1158,3249,2,$DATA_DIR/P2_E1_DIRECTION_20260913T053456Z/features/large/obqa/03249.npz,c0bd6952ecd261bcb8ea973ed236228d5ef0af130f506b86f48764ea2f6a76fe,8192,float32,ca2386f24d445258fc1244651ef6164bedaed16011ff4e7a0eff25b7fba9a542
large,obqa,9-1174,3252,2,$DATA_DIR/P2_E1_DIRECTION_20260913T053456Z/features/large/obqa/03252.npz,306c381d7d1640432562465740d9ccd8adf165d1a152fc994c73ef9c405ddbf3,8192,float32,ca2386f24d445258fc1244651ef6164bedaed16011ff4e7a0eff25b7fba9a542
large,obqa,9-1176,3253,2,$DATA_DIR/P2_E1_DIRECTION_20260913T053456Z/features/large/obqa/03253.npz,9eb2b33b535cc46affc376ccfcab0ecc921f90eca9c5b5dc8d5e0cf4ac32ddd2,8192,float32,ca2386f24d445258fc1244651ef6164bedaed16011ff4e7a0eff25b7fba9a542
large,obqa,9-1185,3255,2,$DATA_DIR/P2_E1_DIRECTION_20260913T053456Z/features/large/obqa/03255.npz,d61474e2bf940d686104e65a0d7e48eae85464a378c950c57924643f925fa7b0,8192,float32,ca2386f24d445258fc1244651ef6164bedaed16011ff4e7a0eff25b7fba9a542
large,obqa,9-1187,3256,2,$DATA_DIR/P2_E1_DIRECTION_20260913T053456Z/features/large/obqa/03256.npz,d7d544efd2b42e94bba8e32df97a268b2625a2d952fab131c89e4bfbae2b33f4,8192,float32,ca2386f24d445258fc1244651ef6164bedaed16011ff4e7a0eff25b7fba9a542
large,obqa,9-126,3259,2,$DATA_DIR/P2_E1_DIRECTION_20260913T053456Z/features/large/obqa/03259.npz,f99262282a17a9445f2d4b0ff602205523a9f2d3316244d53a7b1d0a515ecd42,8192,float32,ca2386f24d445258fc1244651ef6164bedaed16011ff4e7a0eff25b7fba9a542
large,obqa,9-129,3261,2,$DATA_DIR/P2_E1_DIRECTION_20260913T053456Z/features/large/obqa/03261.npz,2ca803540840539d6ea0215e3edff494edf7d8ecff4d4672d21f4692e11e453c,8192,float32,ca2386f24d445258fc1244651ef6164bedaed16011ff4e7a0eff25b7fba9a542
large,obqa,9-13,3262,2,$DATA_DIR/P2_E1_DIRECTION_20260913T053456Z/features/large/obqa/03262.npz,ae3bea516d607b4f2a3d5b58627a9320c8b29a60abebb427265c470931da4015,8192,float32,ca2386f24d445258fc1244651ef6164bedaed16011ff4e7a0eff25b7fba9a542
large,obqa,9-139,3264,2,$DATA_DIR/P2_E1_DIRECTION_20260913T053456Z/features/large/obqa/03264.npz,9bc49970082519a82f60ddc03a20bc599bb2a926b07020a2bdc1614f543c1448,8192,float32,ca2386f24d445258fc1244651ef6164bedaed16011ff4e7a0eff25b7fba9a542
large,obqa,9-157,3267,2,$DATA_DIR/P2_E1_DIRECTION_20260913T053456Z/features/large/obqa/03267.npz,5ad45c7baf22a437b1ad842edb6a48e0388049541b3d8f00ce0f340bc81f5496,8192,float32,ca2386f24d445258fc1244651ef6164bedaed16011ff4e7a0eff25b7fba9a542
large,obqa,9-171,3271,2,$DATA_DIR/P2_E1_DIRECTION_20260913T053456Z/features/large/obqa/03271.npz,7e28a0518c483559478445433d4d6747a99546775e5f6786b6f0d3dbb5264f06,8192,float32,ca2386f24d445258fc1244651ef6164bedaed16011ff4e7a0eff25b7fba9a542
large,obqa,9-178,3275,2,$DATA_DIR/P2_E1_DIRECTION_20260913T053456Z/features/large/obqa/03275.npz,0bcf597c49db07bc7cd4f9ce8be2405a42c0bd56ee4ae8e8a2c7609e19b2782a,8192,float32,ca2386f24d445258fc1244651ef6164bedaed16011ff4e7a0eff25b7fba9a542
large,obqa,9-184,3278,2,$DATA_DIR/P2_E1_DIRECTION_20260913T053456Z/features/large/obqa/03278.npz,d2815edd0f91f58f2775b5f55abea6c67e25d6ffe8f3e796d637e3e8b26ffb11,8192,float32,ca2386f24d445258fc1244651ef6164bedaed16011ff4e7a0eff25b7fba9a542
large,obqa,9-207,3282,2,$DATA_DIR/P2_E1_DIRECTION_20260913T053456Z/features/large/obqa/03282.npz,870b191e0fa68ab3cc02d2d045da98103e367cbb75f0290c9e168cb55a5f2b70,8192,float32,ca2386f24d445258fc1244651ef6164bedaed16011ff4e7a0eff25b7fba9a542
large,obqa,9-248,3294,2,$DATA_DIR/P2_E1_DIRECTION_20260913T053456Z/features/large/obqa/03294.npz,c251706f7e060305a2071940167fabd026dd654bf1f8090d617e68e768a9e922,8192,float32,ca2386f24d445258fc1244651ef6164bedaed16011ff4e7a0eff25b7fba9a542
large,obqa,9-269,3298,2,$DATA_DIR/P2_E1_DIRECTION_20260913T053456Z/features/large/obqa/03298.npz,38b80dc8f6d1e8fdc196bb078b5b53f8b85a668e2b73110c4e566d8f87db903d,8192,float32,ca2386f24d445258fc1244651ef6164bedaed16011ff4e7a0eff25b7fba9a542
large,obqa,9-319,3308,2,$DATA_DIR/P2_E1_DIRECTION_20260913T053456Z/features/large/obqa/03308.npz,4dfa76dd27fca425cc48c4ac154ef04e7b03ee37bd5f315e9868c7d2be7e6b0f,8192,float32,ca2386f24d445258fc1244651ef6164bedaed16011ff4e7a0eff25b7fba9a542
large,obqa,9-344,3313,2,$DATA_DIR/P2_E1_DIRECTION_20260913T053456Z/features/large/obqa/03313.npz,544dd209d8fbea32686923e3c98d3038eecca94f8a4ef249a3c551c10657d704,8192,float32,ca2386f24d445258fc1244651ef6164bedaed16011ff4e7a0eff25b7fba9a542
large,obqa,9-36,3317,2,$DATA_DIR/P2_E1_DIRECTION_20260913T053456Z/features/large/obqa/03317.npz,f4020e5d8aa81edcb99efc4ae980c154d7b18e19cc21e21526ef3d24b945f11b,8192,float32,ca2386f24d445258fc1244651ef6164bedaed16011ff4e7a0eff25b7fba9a542
large,obqa,9-373,3318,2,$DATA_DIR/P2_E1_DIRECTION_20260913T053456Z/features/large/obqa/03318.npz,c0c1a3f8e2a4d7936a99047fa2f1586280a3fb15774ed422c00c4575c57b870f,8192,float32,ca2386f24d445258fc1244651ef6164bedaed16011ff4e7a0eff25b7fba9a542
large,obqa,9-375,3319,2,$DATA_DIR/P2_E1_DIRECTION_20260913T053456Z/features/large/obqa/03319.npz,ad23f18df5e21a932db14641ba02dd7a6c80403cdbd136c12155fe09fdee11b0,8192,float32,ca2386f24d445258fc1244651ef6164bedaed16011ff4e7a0eff25b7fba9a542
large,obqa,9-379,3320,2,$DATA_DIR/P2_E1_DIRECTION_20260913T053456Z/features/large/obqa/03320.npz,dc3f41b6827ca9e51b002f7707d8584d74ca2e1745e2920a1dcf7f7c1c8e52c5,8192,float32,ca2386f24d445258fc1244651ef6164bedaed16011ff4e7a0eff25b7fba9a542
large,obqa,9-404,3326,2,$DATA_DIR/P2_E1_DIRECTION_20260913T053456Z/features/large/obqa/03326.npz,b6d80a7a21c9e71ade510d64bacfba032352789e1af371ac970829a1e7752af6,8192,float32,ca2386f24d445258fc1244651ef6164bedaed16011ff4e7a0eff25b7fba9a542
large,obqa,9-443,3335,2,$DATA_DIR/P2_E1_DIRECTION_20260913T053456Z/features/large/obqa/03335.npz,2b6353eaa005424d5b705c10968be30fba072eb67939707030c91b5dd83a9ac2,8192,float32,ca2386f24d445258fc1244651ef6164bedaed16011ff4e7a0eff25b7fba9a542
large,obqa,9-445,3337,2,$DATA_DIR/P2_E1_DIRECTION_20260913T053456Z/features/large/obqa/03337.npz,9112275dcc6191b2b07ccf1c32b17b786f6b8a870eb7430dcd17a3a9bf72641e,8192,float32,ca2386f24d445258fc1244651ef6164bedaed16011ff4e7a0eff25b7fba9a542
large,obqa,9-541,3358,2,$DATA_DIR/P2_E1_DIRECTION_20260913T053456Z/features/large/obqa/03358.npz,29b193e8c8d353e19420ee3a2e804e3e0c722d09d42cdb05661963cad8333a90,8192,float32,ca2386f24d445258fc1244651ef6164bedaed16011ff4e7a0eff25b7fba9a542
large,obqa,9-613,3367,2,$DATA_DIR/P2_E1_DIRECTION_20260913T053456Z/features/large/obqa/03367.npz,701ab3854ed09bd1162a67be7697f34a005db69869b1e2e7d265d40341bb1352,8192,float32,ca2386f24d445258fc1244651ef6164bedaed16011ff4e7a0eff25b7fba9a542
large,obqa,9-631,3373,2,$DATA_DIR/P2_E1_DIRECTION_20260913T053456Z/features/large/obqa/03373.npz,2b2386de537af42dad30453954fb07182eff34f16d0730123c00c9c5ba491e18,8192,float32,ca2386f24d445258fc1244651ef6164bedaed16011ff4e7a0eff25b7fba9a542
large,obqa,9-632,3374,2,$DATA_DIR/P2_E1_DIRECTION_20260913T053456Z/features/large/obqa/03374.npz,d263f8a5e20b0f6d5247d2584e7eb8a62afba0eba6ab440bae7dd78b05de6ad5,8192,float32,ca2386f24d445258fc1244651ef6164bedaed16011ff4e7a0eff25b7fba9a542
large,obqa,9-639,3376,2,$DATA_DIR/P2_E1_DIRECTION_20260913T053456Z/features/large/obqa/03376.npz,1ba912de3ff1f091634c6f852b3df85a53ab8f6522632a2628346d2541cdc419,8192,float32,ca2386f24d445258fc1244651ef6164bedaed16011ff4e7a0eff25b7fba9a542
large,obqa,9-660,3382,2,$DATA_DIR/P2_E1_DIRECTION_20260913T053456Z/features/large/obqa/03382.npz,3d68bf33544977a80e4c52ffda86137c0c5a4585d3467f25eb3e84db654a74c2,8192,float32,ca2386f24d445258fc1244651ef6164bedaed16011ff4e7a0eff25b7fba9a542
large,obqa,9-666,3383,2,$DATA_DIR/P2_E1_DIRECTION_20260913T053456Z/features/large/obqa/03383.npz,be6d445c2c9251f3598649f263ef7a77c024c26c63ee8abb9973160b16b4c2eb,8192,float32,ca2386f24d445258fc1244651ef6164bedaed16011ff4e7a0eff25b7fba9a542
large,obqa,9-678,3386,2,$DATA_DIR/P2_E1_DIRECTION_20260913T053456Z/features/large/obqa/03386.npz,3cc02e60db2dc6a78d31573d78cd67d5e88d325144c36b320e63f75aadea718e,8192,float32,ca2386f24d445258fc1244651ef6164bedaed16011ff4e7a0eff25b7fba9a542
large,obqa,9-702,3389,2,$DATA_DIR/P2_E1_DIRECTION_20260913T053456Z/features/large/obqa/03389.npz,9d1928ffeeb5ad7e4db70c7825629e3d84416241a2bb144df7b2a39d89984f1a,8192,float32,ca2386f24d445258fc1244651ef6164bedaed16011ff4e7a0eff25b7fba9a542
large,obqa,9-706,3390,2,$DATA_DIR/P2_E1_DIRECTION_20260913T053456Z/features/large/obqa/03390.npz,e8ea2c6ea433f87edd70a65e197b19a6d3fccf489826e1b141bab8748cdbfa7a,8192,float32,ca2386f24d445258fc1244651ef6164bedaed16011ff4e7a0eff25b7fba9a542
large,obqa,9-715,3392,2,$DATA_DIR/P2_E1_DIRECTION_20260913T053456Z/features/large/obqa/03392.npz,2678945e4f7a3ac145f40506ab250f3f14eb89d86dd27b20d8fd92671faab4a7,8192,float32,ca2386f24d445258fc1244651ef6164bedaed16011ff4e7a0eff25b7fba9a542
large,obqa,9-748,3400,2,$DATA_DIR/P2_E1_DIRECTION_20260913T053456Z/features/large/obqa/03400.npz,cf826899cc984973099b6a466d2a2afeda146a6c3db86e89471a80468b984ea2,8192,float32,ca2386f24d445258fc1244651ef6164bedaed16011ff4e7a0eff25b7fba9a542
large,obqa,9-762,3404,2,$DATA_DIR/P2_E1_DIRECTION_20260913T053456Z/features/large/obqa/03404.npz,278f82404ea0e71e379ac5abb1d951cb85774343ddcd46715d0c5ab88d89fc59,8192,float32,ca2386f24d445258fc1244651ef6164bedaed16011ff4e7a0eff25b7fba9a542
large,obqa,9-767,3405,2,$DATA_DIR/P2_E1_DIRECTION_20260913T053456Z/features/large/obqa/03405.npz,c452cf264f5fb72bc4c0cb276c0f334272f056b3b1caebc5934dd9d2b902c719,8192,float32,ca2386f24d445258fc1244651ef6164bedaed16011ff4e7a0eff25b7fba9a542
large,obqa,9-78,3409,2,$DATA_DIR/P2_E1_DIRECTION_20260913T053456Z/features/large/obqa/03409.npz,72c35a524b53cda66205bab7b0f3fed2640645255f54ed195fa1024863041421,8192,float32,ca2386f24d445258fc1244651ef6164bedaed16011ff4e7a0eff25b7fba9a542
large,obqa,9-781,3411,2,$DATA_DIR/P2_E1_DIRECTION_20260913T053456Z/features/large/obqa/03411.npz,837b12c6d8408425a49960cdb03d5b9096cbdd54a88491da875f49aded6415e2,8192,float32,ca2386f24d445258fc1244651ef6164bedaed16011ff4e7a0eff25b7fba9a542
large,obqa,9-827,3416,2,$DATA_DIR/P2_E1_DIRECTION_20260913T053456Z/features/large/obqa/03416.npz,f8e1e4adda1e29402ae0f7f963ba83f1ac06e1392ca558480662d357e1b6ffb1,8192,float32,ca2386f24d445258fc1244651ef6164bedaed16011ff4e7a0eff25b7fba9a542
large,obqa,9-83,3419,2,$DATA_DIR/P2_E1_DIRECTION_20260913T053456Z/features/large/obqa/03419.npz,b8792d40ae2304857b04734a7f1c66ed3997782d33b7d58294d8b40ec2f6dad3,8192,float32,ca2386f24d445258fc1244651ef6164bedaed16011ff4e7a0eff25b7fba9a542
large,obqa,9-845,3422,2,$DATA_DIR/P2_E1_DIRECTION_20260913T053456Z/features/large/obqa/03422.npz,40514be8a1467d21125375b75a15a00d6f5740a583cc3e82354ddf0106ae7bc8,8192,float32,ca2386f24d445258fc1244651ef6164bedaed16011ff4e7a0eff25b7fba9a542
large,obqa,9-848,3423,2,$DATA_DIR/P2_E1_DIRECTION_20260913T053456Z/features/large/obqa/03423.npz,d140e5ba5b7df2a22284d6c050c9b3167d8b9b1d7b3ab2ffe48e514f8d9bd3da,8192,float32,ca2386f24d445258fc1244651ef6164bedaed16011ff4e7a0eff25b7fba9a542
large,obqa,9-86,3427,2,$DATA_DIR/P2_E1_DIRECTION_20260913T053456Z/features/large/obqa/03427.npz,bb7c6d5e090076873dfac69815cda16862b7d8178edaad0821b9add7de131f6a,8192,float32,ca2386f24d445258fc1244651ef6164bedaed16011ff4e7a0eff25b7fba9a542
large,obqa,9-87,3429,2,$DATA_DIR/P2_E1_DIRECTION_20260913T053456Z/features/large/obqa/03429.npz,b538a74c747133d7b068859dd8ad521bfe2f45d3f1e5d0de6ba49c555eaa2478,8192,float32,ca2386f24d445258fc1244651ef6164bedaed16011ff4e7a0eff25b7fba9a542
large,obqa,9-923,3441,2,$DATA_DIR/P2_E1_DIRECTION_20260913T053456Z/features/large/obqa/03441.npz,ca563249208aa9a7a5cec3b6e23d773e166463854200e02d08b2ae4dfea51b5a,8192,float32,ca2386f24d445258fc1244651ef6164bedaed16011ff4e7a0eff25b7fba9a542
large,obqa,9-951,3447,2,$DATA_DIR/P2_E1_DIRECTION_20260913T053456Z/features/large/obqa/03447.npz,d14eea4946a110d65822f92ffc7e7f15c2f0004d263afe6c76816993084a4220,8192,float32,ca2386f24d445258fc1244651ef6164bedaed16011ff4e7a0eff25b7fba9a542
large,obqa,9-96,3450,2,$DATA_DIR/P2_E1_DIRECTION_20260913T053456Z/features/large/obqa/03450.npz,4203b7d4671414eff9bf693854429b9f5d7d09f87dd3a5e52d86210893656209,8192,float32,ca2386f24d445258fc1244651ef6164bedaed16011ff4e7a0eff25b7fba9a542
large,obqa,94,3461,2,$DATA_DIR/P2_E1_DIRECTION_20260913T053456Z/features/large/obqa/03461.npz,094eafbe68d930da0a43d7c3e558606d20f02a417741a807954d42d9f787fdb2,8192,float32,ca2386f24d445258fc1244651ef6164bedaed16011ff4e7a0eff25b7fba9a542
large,obqa,967,3464,2,$DATA_DIR/P2_E1_DIRECTION_20260913T053456Z/features/large/obqa/03464.npz,0bd1d56787756e8688a80bd92d25cf676ebffc36212daabfbd6d14be44d84437,8192,float32,ca2386f24d445258fc1244651ef6164bedaed16011ff4e7a0eff25b7fba9a542
large,obqa,10-1004,4,3,$DATA_DIR/P2_E1_DIRECTION_20260913T053456Z/features/large/obqa/00004.npz,674ca77c9127da5d363f82c46dd60f34ef9c9e6a4ce1dbe9522e823ca0f200c4,8192,float32,ca2386f24d445258fc1244651ef6164bedaed16011ff4e7a0eff25b7fba9a542
large,obqa,10-1008,5,3,$DATA_DIR/P2_E1_DIRECTION_20260913T053456Z/features/large/obqa/00005.npz,63505f99f0747e6f542432898e795fff485647410cd8eff6d0ae98a7ac091af5,8192,float32,ca2386f24d445258fc1244651ef6164bedaed16011ff4e7a0eff25b7fba9a542
large,obqa,10-1010,6,3,$DATA_DIR/P2_E1_DIRECTION_20260913T053456Z/features/large/obqa/00006.npz,127fc0864ffaaaa1e0a4c0e15d9bd9d7e8fae43ed1cafd28b73d36572b015c5d,8192,float32,ca2386f24d445258fc1244651ef6164bedaed16011ff4e7a0eff25b7fba9a542
large,obqa,10-1019,11,3,$DATA_DIR/P2_E1_DIRECTION_20260913T053456Z/features/large/obqa/00011.npz,9437a8686335d21d2976c8b80862867ded6b0b5aa41992c7c17d22c4fa1da2bc,8192,float32,ca2386f24d445258fc1244651ef6164bedaed16011ff4e7a0eff25b7fba9a542
large,obqa,10-1049,28,3,$DATA_DIR/P2_E1_DIRECTION_20260913T053456Z/features/large/obqa/00028.npz,694b1d905421fde89aaf2279151740c3435d6ac4107174960ea00c4a025f75c7,8192,float32,ca2386f24d445258fc1244651ef6164bedaed16011ff4e7a0eff25b7fba9a542
large,obqa,10-1055,33,3,$DATA_DIR/P2_E1_DIRECTION_20260913T053456Z/features/large/obqa/00033.npz,d4c650eae949780f9890e34a4c9a0ae6df720aeebe2aa0e36dd7758c6be87c61,8192,float32,ca2386f24d445258fc1244651ef6164bedaed16011ff4e7a0eff25b7fba9a542
large,obqa,10-1061,37,3,$DATA_DIR/P2_E1_DIRECTION_20260913T053456Z/features/large/obqa/00037.npz,9f3194957d26243243df110edc4ed78d029424f3e08688ef264ae16951b8240a,8192,float32,ca2386f24d445258fc1244651ef6164bedaed16011ff4e7a0eff25b7fba9a542
large,obqa,10-1067,39,3,$DATA_DIR/P2_E1_DIRECTION_20260913T053456Z/features/large/obqa/00039.npz,aec4251601e5f35fd80745de310d339d1cbf4bacca4cc598dbf0cb79be8e5671,8192,float32,ca2386f24d445258fc1244651ef6164bedaed16011ff4e7a0eff25b7fba9a542
large,obqa,10-1075,42,3,$DATA_DIR/P2_E1_DIRECTION_20260913T053456Z/features/large/obqa/00042.npz,31a4953bb48f3a8ba042118a8d38901421d3d07ae2604d8a7078334a87fab1a1,8192,float32,ca2386f24d445258fc1244651ef6164bedaed16011ff4e7a0eff25b7fba9a542
large,obqa,10-1076,43,3,$DATA_DIR/P2_E1_DIRECTION_20260913T053456Z/features/large/obqa/00043.npz,014bde67ef0b8206996b7502f620b819dd7575a2bc1098b9e73b0df1cda86a16,8192,float32,ca2386f24d445258fc1244651ef6164bedaed16011ff4e7a0eff25b7fba9a542
large,obqa,10-1089,48,3,$DATA_DIR/P2_E1_DIRECTION_20260913T053456Z/features/large/obqa/00048.npz,8dde877f3e2004c5122d65b22155f57f43f418a3c97a855d5f006bb6bcd97d2f,8192,float32,ca2386f24d445258fc1244651ef6164bedaed16011ff4e7a0eff25b7fba9a542
large,obqa,10-1090,49,3,$DATA_DIR/P2_E1_DIRECTION_20260913T053456Z/features/large/obqa/00049.npz,a2f6a8e52844d70e86189224de214e4bb324c15094196f0acd808f8e0759327c,8192,float32,ca2386f24d445258fc1244651ef6164bedaed16011ff4e7a0eff25b7fba9a542
large,obqa,10-1115,63,3,$DATA_DIR/P2_E1_DIRECTION_20260913T053456Z/features/large/obqa/00063.npz,db2dc524264baa6754494a321d21dbf6785a1b72d8da1f7e89c3fd144e207eae,8192,float32,ca2386f24d445258fc1244651ef6164bedaed16011ff4e7a0eff25b7fba9a542
large,obqa,10-1118,65,3,$DATA_DIR/P2_E1_DIRECTION_20260913T053456Z/features/large/obqa/00065.npz,c7d14dbfe62aa202f2940c90f42e90cdef3290cc8ff09361b0b0f3fa270ed5cc,8192,float32,ca2386f24d445258fc1244651ef6164bedaed16011ff4e7a0eff25b7fba9a542
large,obqa,10-1123,69,3,$DATA_DIR/P2_E1_DIRECTION_20260913T053456Z/features/large/obqa/00069.npz,d6dd50451aa7afe17a45365414c2def999cf0177e6fdc9e07aea353a18b2cee6,8192,float32,ca2386f24d445258fc1244651ef6164bedaed16011ff4e7a0eff25b7fba9a542
large,obqa,10-1124,70,3,$DATA_DIR/P2_E1_DIRECTION_20260913T053456Z/features/large/obqa/00070.npz,3f68f548880b12b36758b6f5b8e10fb77ed7007645bd0cdf5de991965bfa0023,8192,float32,ca2386f24d445258fc1244651ef6164bedaed16011ff4e7a0eff25b7fba9a542
large,obqa,10-1136,77,3,$DATA_DIR/P2_E1_DIRECTION_20260913T053456Z/features/large/obqa/00077.npz,ac5e77db66545b030fc754ea7204918937b3b695a15d99ee3ce1ece49f65a8d4,8192,float32,ca2386f24d445258fc1244651ef6164bedaed16011ff4e7a0eff25b7fba9a542
large,obqa,10-1154,86,3,$DATA_DIR/P2_E1_DIRECTION_20260913T053456Z/features/large/obqa/00086.npz,e191873b60c69090d3948be2219306430c2d66764ce580219360eb82d8f73bc0,8192,float32,ca2386f24d445258fc1244651ef6164bedaed16011ff4e7a0eff25b7fba9a542
large,obqa,10-1173,93,3,$DATA_DIR/P2_E1_DIRECTION_20260913T053456Z/features/large/obqa/00093.npz,cbff92122d1ab2e4d8d68e0ee19272c5e1555f5707d8a47c40cfd07d146aef30,8192,float32,ca2386f24d445258fc1244651ef6164bedaed16011ff4e7a0eff25b7fba9a542
large,obqa,10-1178,97,3,$DATA_DIR/P2_E1_DIRECTION_20260913T053456Z/features/large/obqa/00097.npz,2acf9d97c4fc9a7bdac39964223898432a2ab5dbab70f94fefa77d410370f4bc,8192,float32,ca2386f24d445258fc1244651ef6164bedaed16011ff4e7a0eff25b7fba9a542
large,obqa,10-1189,102,3,$DATA_DIR/P2_E1_DIRECTION_20260913T053456Z/features/large/obqa/00102.npz,6b474dcf7d39ff199166b7fe10db0ab8d4a4342c77118ba2cdb6e506baa7291c,8192,float32,ca2386f24d445258fc1244651ef6164bedaed16011ff4e7a0eff25b7fba9a542
large,obqa,10-1201,107,3,$DATA_DIR/P2_E1_DIRECTION_20260913T053456Z/features/large/obqa/00107.npz,b50763153cee2355cfb0f64de53d1ad34dc57fb83a3018870f37f52e8d1da57f,8192,float32,ca2386f24d445258fc1244651ef6164bedaed16011ff4e7a0eff25b7fba9a542
large,obqa,10-122,117,3,$DATA_DIR/P2_E1_DIRECTION_20260913T053456Z/features/large/obqa/00117.npz,3285b10d601e79bb10b6839682736402c774c7de69e22dcc2f331468898cbaae,8192,float32,ca2386f24d445258fc1244651ef6164bedaed16011ff4e7a0eff25b7fba9a542
large,obqa,10-1221,119,3,$DATA_DIR/P2_E1_DIRECTION_20260913T053456Z/features/large/obqa/00119.npz,7cd0e4e07f98f49e2bd8b0d5b6b070483dc101b6c1fb6eb729861abcf41e1a71,8192,float32,ca2386f24d445258fc1244651ef6164bedaed16011ff4e7a0eff25b7fba9a542
large,obqa,10-1226,120,3,$DATA_DIR/P2_E1_DIRECTION_20260913T053456Z/features/large/obqa/00120.npz,a133063c95f8ecb2ad0f9cae44abb283554ec8dddcccb414194df23b9a7ff53a,8192,float32,ca2386f24d445258fc1244651ef6164bedaed16011ff4e7a0eff25b7fba9a542
large,obqa,10-123,121,3,$DATA_DIR/P2_E1_DIRECTION_20260913T053456Z/features/large/obqa/00121.npz,b129bd576f7b559fd558c45b35c3e05d8bc3b865ed44ba084d24810559ab303b,8192,float32,ca2386f24d445258fc1244651ef6164bedaed16011ff4e7a0eff25b7fba9a542
large,obqa,10-13,124,3,$DATA_DIR/P2_E1_DIRECTION_20260913T053456Z/features/large/obqa/00124.npz,3049c25cd18fcf00df5c8169e6603e4a006c86686ccab5403322c912f3291358,8192,float32,ca2386f24d445258fc1244651ef6164bedaed16011ff4e7a0eff25b7fba9a542
large,obqa,10-135,127,3,$DATA_DIR/P2_E1_DIRECTION_20260913T053456Z/features/large/obqa/00127.npz,7325c7b19e3ddfaedf3c24d819f5501e570583ef87d334b288b54a20094cca98,8192,float32,ca2386f24d445258fc1244651ef6164bedaed16011ff4e7a0eff25b7fba9a542
large,obqa,10-140,133,3,$DATA_DIR/P2_E1_DIRECTION_20260913T053456Z/features/large/obqa/00133.npz,65c4fd120bc4862c39f6a5d9c9f29b94033e68257743f0824dd834f4f4a12ddd,8192,float32,ca2386f24d445258fc1244651ef6164bedaed16011ff4e7a0eff25b7fba9a542
large,obqa,10-145,138,3,$DATA_DIR/P2_E1_DIRECTION_20260913T053456Z/features/large/obqa/00138.npz,813adc75ce20e4dca0aeac0a7421ad0c769803636c0e871791ce9580bd5cfe0b,8192,float32,ca2386f24d445258fc1244651ef6164bedaed16011ff4e7a0eff25b7fba9a542
large,obqa,10-159,146,3,$DATA_DIR/P2_E1_DIRECTION_20260913T053456Z/features/large/obqa/00146.npz,75960f3c66bd82a819be58897c3ddf988ad0a0f4404336394e660f6d032c65cd,8192,float32,ca2386f24d445258fc1244651ef6164bedaed16011ff4e7a0eff25b7fba9a542
large,obqa,10-193,159,3,$DATA_DIR/P2_E1_DIRECTION_20260913T053456Z/features/large/obqa/00159.npz,f84ccd6de8025d3477934d545cb2a44bac5a56d8314c4c6db39a042caedc10e7,8192,float32,ca2386f24d445258fc1244651ef6164bedaed16011ff4e7a0eff25b7fba9a542
large,obqa,10-201,163,3,$DATA_DIR/P2_E1_DIRECTION_20260913T053456Z/features/large/obqa/00163.npz,9e627e0f09308087c23040f5d48cbc0bd972a80d7eb71e57cfd0ed092e2786b0,8192,float32,ca2386f24d445258fc1244651ef6164bedaed16011ff4e7a0eff25b7fba9a542
large,obqa,10-204,165,3,$DATA_DIR/P2_E1_DIRECTION_20260913T053456Z/features/large/obqa/00165.npz,599851ee600d789f394881177ba6e5aac7818aaf81fc5a71f9c70dd1738f5a9f,8192,float32,ca2386f24d445258fc1244651ef6164bedaed16011ff4e7a0eff25b7fba9a542
large,obqa,10-210,168,3,$DATA_DIR/P2_E1_DIRECTION_20260913T053456Z/features/large/obqa/00168.npz,56683bc003dcc72e0ca1a6a667d5dd3093be940d282f8b768917e4e5528797ec,8192,float32,ca2386f24d445258fc1244651ef6164bedaed16011ff4e7a0eff25b7fba9a542
large,obqa,10-212,169,3,$DATA_DIR/P2_E1_DIRECTION_20260913T053456Z/features/large/obqa/00169.npz,30f124f912ab2359d414ed38ff91ddc76a0fedb124de285e5c56aa48aa4b07d6,8192,float32,ca2386f24d445258fc1244651ef6164bedaed16011ff4e7a0eff25b7fba9a542
large,obqa,10-220,172,3,$DATA_DIR/P2_E1_DIRECTION_20260913T053456Z/features/large/obqa/00172.npz,b0b48bcf6690da4e82d4e62010614311ce33cd695c2b8a4a8465b8fab5d7c6f5,8192,float32,ca2386f24d445258fc1244651ef6164bedaed16011ff4e7a0eff25b7fba9a542
large,obqa,10-223,174,3,$DATA_DIR/P2_E1_DIRECTION_20260913T053456Z/features/large/obqa/00174.npz,d8613d2badf848a6596fe1dcf0fe185f38ba38202785251c1e76734a34f5a19a,8192,float32,ca2386f24d445258fc1244651ef6164bedaed16011ff4e7a0eff25b7fba9a542
large,obqa,10-247,185,3,$DATA_DIR/P2_E1_DIRECTION_20260913T053456Z/features/large/obqa/00185.npz,18b49701a60f0f86e6838f1e0c083093240eddc2e074463856a1840bb993496f,8192,float32,ca2386f24d445258fc1244651ef6164bedaed16011ff4e7a0eff25b7fba9a542
large,obqa,10-250,186,3,$DATA_DIR/P2_E1_DIRECTION_20260913T053456Z/features/large/obqa/00186.npz,9003450179a2b7127dd2f172a7bd0371381d65921fffd0fc673b724bd34afb81,8192,float32,ca2386f24d445258fc1244651ef6164bedaed16011ff4e7a0eff25b7fba9a542
large,obqa,10-253,188,3,$DATA_DIR/P2_E1_DIRECTION_20260913T053456Z/features/large/obqa/00188.npz,5e626e701adc8874e7427c0bb3f623caa6f59abf7ad9fa163e29594fe6de9597,8192,float32,ca2386f24d445258fc1244651ef6164bedaed16011ff4e7a0eff25b7fba9a542
large,obqa,10-278,200,3,$DATA_DIR/P2_E1_DIRECTION_20260913T053456Z/features/large/obqa/00200.npz,5b72029eac570011f91f3cb3f29141c1a204be98889d329d0909101ca718f263,8192,float32,ca2386f24d445258fc1244651ef6164bedaed16011ff4e7a0eff25b7fba9a542
large,obqa,10-292,207,3,$DATA_DIR/P2_E1_DIRECTION_20260913T053456Z/features/large/obqa/00207.npz,c5daa8267b81134664a773366af7e7dd2dfa51b18d608a586edfc57611fedce8,8192,float32,ca2386f24d445258fc1244651ef6164bedaed16011ff4e7a0eff25b7fba9a542
large,obqa,10-316,221,3,$DATA_DIR/P2_E1_DIRECTION_20260913T053456Z/features/large/obqa/00221.npz,d756c073066780285ac2441bbe369e57203eac3b59dfcd85dd95d7bd225a7c7f,8192,float32,ca2386f24d445258fc1244651ef6164bedaed16011ff4e7a0eff25b7fba9a542
large,obqa,10-322,223,3,$DATA_DIR/P2_E1_DIRECTION_20260913T053456Z/features/large/obqa/00223.npz,1b23cc64bb04a2c2f5163723b122db7c1d84acf66ab193c0ef88dbf2d54146f2,8192,float32,ca2386f24d445258fc1244651ef6164bedaed16011ff4e7a0eff25b7fba9a542
large,obqa,10-331,227,3,$DATA_DIR/P2_E1_DIRECTION_20260913T053456Z/features/large/obqa/00227.npz,8c33d78780ded6b1e2ee3f23d0c164e75002c91426d37fb1b4ec774691b55fb7,8192,float32,ca2386f24d445258fc1244651ef6164bedaed16011ff4e7a0eff25b7fba9a542
large,obqa,10-358,239,3,$DATA_DIR/P2_E1_DIRECTION_20260913T053456Z/features/large/obqa/00239.npz,d8293753917af9d8a9861e52834f1ce0f0ff8506680d0cdf8815f12bb2e5fab0,8192,float32,ca2386f24d445258fc1244651ef6164bedaed16011ff4e7a0eff25b7fba9a542
large,obqa,10-38,248,3,$DATA_DIR/P2_E1_DIRECTION_20260913T053456Z/features/large/obqa/00248.npz,3da94d07cc859e213bc551549b0af665e3d97941b6cbec2bff3929e5508d6bea,8192,float32,ca2386f24d445258fc1244651ef6164bedaed16011ff4e7a0eff25b7fba9a542
large,obqa,10-381,249,3,$DATA_DIR/P2_E1_DIRECTION_20260913T053456Z/features/large/obqa/00249.npz,a696114f50c46549e643d6846c626d7c3ea0dfaeae1400e5d5876d9d67815840,8192,float32,ca2386f24d445258fc1244651ef6164bedaed16011ff4e7a0eff25b7fba9a542
large,obqa,10-392,254,3,$DATA_DIR/P2_E1_DIRECTION_20260913T053456Z/features/large/obqa/00254.npz,8fe4cfe003a2ab4cbce4a3928e9247f40be9a48475fa5d4a1058c9833bde24ad,8192,float32,ca2386f24d445258fc1244651ef6164bedaed16011ff4e7a0eff25b7fba9a542
large,obqa,10-440,279,3,$DATA_DIR/P2_E1_DIRECTION_20260913T053456Z/features/large/obqa/00279.npz,9cad2b6bb26ba421391f71a646dd88b5787a435e26d917ac1c107d3eae1e5900,8192,float32,ca2386f24d445258fc1244651ef6164bedaed16011ff4e7a0eff25b7fba9a542
large,obqa,10-445,280,3,$DATA_DIR/P2_E1_DIRECTION_20260913T053456Z/features/large/obqa/00280.npz,2686c368d959c94b4b15eca60e40b9c00bb6f61b0574c025323103da291f2852,8192,float32,ca2386f24d445258fc1244651ef6164bedaed16011ff4e7a0eff25b7fba9a542
large,obqa,10-446,281,3,$DATA_DIR/P2_E1_DIRECTION_20260913T053456Z/features/large/obqa/00281.npz,b768423da1909f358f86fe880433909830ca06c1fb9d869503606eda5a3b6490,8192,float32,ca2386f24d445258fc1244651ef6164bedaed16011ff4e7a0eff25b7fba9a542
large,obqa,10-447,282,3,$DATA_DIR/P2_E1_DIRECTION_20260913T053456Z/features/large/obqa/00282.npz,c4a665dbfad4e774d2407d15bf152278984b2493f17de1e2379c556fa9042ff8,8192,float32,ca2386f24d445258fc1244651ef6164bedaed16011ff4e7a0eff25b7fba9a542
large,obqa,10-479,296,3,$DATA_DIR/P2_E1_DIRECTION_20260913T053456Z/features/large/obqa/00296.npz,dde2e3236c279689796099073f81d29f54e7d65fe30bd7c2a5be9b4402e788b3,8192,float32,ca2386f24d445258fc1244651ef6164bedaed16011ff4e7a0eff25b7fba9a542
large,obqa,10-480,297,3,$DATA_DIR/P2_E1_DIRECTION_20260913T053456Z/features/large/obqa/00297.npz,21444866586f8ba71859e04c5dce9838cc539dae9bc3911b2be3fa8df9ee28f2,8192,float32,ca2386f24d445258fc1244651ef6164bedaed16011ff4e7a0eff25b7fba9a542
large,obqa,10-487,302,3,$DATA_DIR/P2_E1_DIRECTION_20260913T053456Z/features/large/obqa/00302.npz,57b2d9387dfa6bdc7b58466b7e953b5795207f55d0b6973943caf6caa0fe4f22,8192,float32,ca2386f24d445258fc1244651ef6164bedaed16011ff4e7a0eff25b7fba9a542
large,obqa,10-509,313,3,$DATA_DIR/P2_E1_DIRECTION_20260913T053456Z/features/large/obqa/00313.npz,ceb1981722c86d221449e81dd5c19c7c9b997e83cb089597582c8f2e2948ba32,8192,float32,ca2386f24d445258fc1244651ef6164bedaed16011ff4e7a0eff25b7fba9a542
large,obqa,10-545,328,3,$DATA_DIR/P2_E1_DIRECTION_20260913T053456Z/features/large/obqa/00328.npz,66f2af86f4ae99edb1ee2a89a53a1033b1ba976eeb16093b7a9110dc69cbdfaf,8192,float32,ca2386f24d445258fc1244651ef6164bedaed16011ff4e7a0eff25b7fba9a542
large,obqa,10-566,342,3,$DATA_DIR/P2_E1_DIRECTION_20260913T053456Z/features/large/obqa/00342.npz,99ec4086597eec0aefc53199b32f11fb1b2650200290b32ee5997b5a0654cfa0,8192,float32,ca2386f24d445258fc1244651ef6164bedaed16011ff4e7a0eff25b7fba9a542
large,obqa,10-575,345,3,$DATA_DIR/P2_E1_DIRECTION_20260913T053456Z/features/large/obqa/00345.npz,3fa7f3cd0deb19992abf94104c96b3753740affdd2106967279a2a1ceeb47ef7,8192,float32,ca2386f24d445258fc1244651ef6164bedaed16011ff4e7a0eff25b7fba9a542
large,obqa,10-582,349,3,$DATA_DIR/P2_E1_DIRECTION_20260913T053456Z/features/large/obqa/00349.npz,7b0dfefaff8102099ab53bc4f20ae8bcfbae6d2ff5c605642c3bb1745b8cf1a6,8192,float32,ca2386f24d445258fc1244651ef6164bedaed16011ff4e7a0eff25b7fba9a542
large,obqa,10-590,356,3,$DATA_DIR/P2_E1_DIRECTION_20260913T053456Z/features/large/obqa/00356.npz,214229d1ab51e00a146384d8bca77dcf65c29640cb37b9282a142e563fb7b3a7,8192,float32,ca2386f24d445258fc1244651ef6164bedaed16011ff4e7a0eff25b7fba9a542
large,obqa,10-591,357,3,$DATA_DIR/P2_E1_DIRECTION_20260913T053456Z/features/large/obqa/00357.npz,fde3b167734ecfb50f2cbaa5fc9714a0b71cb04ccfd1cea783b37b2be66dab08,8192,float32,ca2386f24d445258fc1244651ef6164bedaed16011ff4e7a0eff25b7fba9a542
large,obqa,10-60,362,3,$DATA_DIR/P2_E1_DIRECTION_20260913T053456Z/features/large/obqa/00362.npz,ae46dbccfd6928253d69aff0c267de92a0e1b0dbeb75758000af6b805ccab24c,8192,float32,ca2386f24d445258fc1244651ef6164bedaed16011ff4e7a0eff25b7fba9a542
large,obqa,10-614,371,3,$DATA_DIR/P2_E1_DIRECTION_20260913T053456Z/features/large/obqa/00371.npz,a96a37558315d36213d9fe3a14de9c6c6c5439b1dc793a697f4913bb4928aa29,8192,float32,ca2386f24d445258fc1244651ef6164bedaed16011ff4e7a0eff25b7fba9a542
large,obqa,10-621,374,3,$DATA_DIR/P2_E1_DIRECTION_20260913T053456Z/features/large/obqa/00374.npz,f8499f5b3b5bf7d0f0456d79a2c486fb2543929d58713b8bc60fd732b5faebb1,8192,float32,ca2386f24d445258fc1244651ef6164bedaed16011ff4e7a0eff25b7fba9a542
large,obqa,10-628,379,3,$DATA_DIR/P2_E1_DIRECTION_20260913T053456Z/features/large/obqa/00379.npz,1ecc0dbd0dcc0c6492a7aa431061f7f813fca22233d7611144b903970dbdad62,8192,float32,ca2386f24d445258fc1244651ef6164bedaed16011ff4e7a0eff25b7fba9a542
large,obqa,10-647,391,3,$DATA_DIR/P2_E1_DIRECTION_20260913T053456Z/features/large/obqa/00391.npz,1b91bdfc9930c2336cbfc486b0906f790c3d9a61cc43a5a1f631f769b3232dca,8192,float32,ca2386f24d445258fc1244651ef6164bedaed16011ff4e7a0eff25b7fba9a542
large,obqa,10-655,396,3,$DATA_DIR/P2_E1_DIRECTION_20260913T053456Z/features/large/obqa/00396.npz,696ff77b0434a315ec96b513cc51cdee005aa3c495bafa49788bfe431da6a23f,8192,float32,ca2386f24d445258fc1244651ef6164bedaed16011ff4e7a0eff25b7fba9a542
large,obqa,10-668,405,3,$DATA_DIR/P2_E1_DIRECTION_20260913T053456Z/features/large/obqa/00405.npz,a4e5ed1f7e9d91f35a6a6c5d5615e7920b6b0fa48064d78390cbdc9ec3334c53,8192,float32,ca2386f24d445258fc1244651ef6164bedaed16011ff4e7a0eff25b7fba9a542
large,obqa,10-678,409,3,$DATA_DIR/P2_E1_DIRECTION_20260913T053456Z/features/large/obqa/00409.npz,08025c68f065c7c1771217c18fcc24d88a61464fc93bf45c3a2ca0d7edc2fc0a,8192,float32,ca2386f24d445258fc1244651ef6164bedaed16011ff4e7a0eff25b7fba9a542
large,obqa,10-690,415,3,$DATA_DIR/P2_E1_DIRECTION_20260913T053456Z/features/large/obqa/00415.npz,eb4c1ed00dfe06e69f6ea4cc22f25d3d910a55fe65c8589959f4f4c513cd0068,8192,float32,ca2386f24d445258fc1244651ef6164bedaed16011ff4e7a0eff25b7fba9a542
large,obqa,10-692,416,3,$DATA_DIR/P2_E1_DIRECTION_20260913T053456Z/features/large/obqa/00416.npz,5db04ebeeb768f4810a2ae5d1d72903c28824338e53efef2b86bf017e4d39efd,8192,float32,ca2386f24d445258fc1244651ef6164bedaed16011ff4e7a0eff25b7fba9a542
large,obqa,10-719,424,3,$DATA_DIR/P2_E1_DIRECTION_20260913T053456Z/features/large/obqa/00424.npz,2a9d9b11485acedb986770f4aa4f4a76bd22bf52a2734982c6847a8e59ac72cd,8192,float32,ca2386f24d445258fc1244651ef6164bedaed16011ff4e7a0eff25b7fba9a542
large,obqa,10-721,427,3,$DATA_DIR/P2_E1_DIRECTION_20260913T053456Z/features/large/obqa/00427.npz,aaaee7420a2dbbe1615f29c7802e3c37863558912734844b8515a454354daa60,8192,float32,ca2386f24d445258fc1244651ef6164bedaed16011ff4e7a0eff25b7fba9a542
large,obqa,10-767,449,3,$DATA_DIR/P2_E1_DIRECTION_20260913T053456Z/features/large/obqa/00449.npz,85b41911568e501ad3d6597549719aab93d843982ac57aeb3d7cf741264a5256,8192,float32,ca2386f24d445258fc1244651ef6164bedaed16011ff4e7a0eff25b7fba9a542
large,obqa,10-774,452,3,$DATA_DIR/P2_E1_DIRECTION_20260913T053456Z/features/large/obqa/00452.npz,7effc2f242ea5cbd40177206c515adc1ac3c73be51f163d017b4b9a216f3dfcd,8192,float32,ca2386f24d445258fc1244651ef6164bedaed16011ff4e7a0eff25b7fba9a542
large,obqa,10-79,461,3,$DATA_DIR/P2_E1_DIRECTION_20260913T053456Z/features/large/obqa/00461.npz,28f6e478456fa503244deb8292acfa74d35596eede3a24eaf78dd2d06e63f81e,8192,float32,ca2386f24d445258fc1244651ef6164bedaed16011ff4e7a0eff25b7fba9a542
large,obqa,10-791,463,3,$DATA_DIR/P2_E1_DIRECTION_20260913T053456Z/features/large/obqa/00463.npz,cc09007549ea36cab4ac728f23b7972008cbbe25a540bf777964d22e84ba81d7,8192,float32,ca2386f24d445258fc1244651ef6164bedaed16011ff4e7a0eff25b7fba9a542
large,obqa,10-796,466,3,$DATA_DIR/P2_E1_DIRECTION_20260913T053456Z/features/large/obqa/00466.npz,9120f7e355faa62053d2baab99259db1e600a06e0d42933b3b4064586aeaa642,8192,float32,ca2386f24d445258fc1244651ef6164bedaed16011ff4e7a0eff25b7fba9a542
large,obqa,10-799,467,3,$DATA_DIR/P2_E1_DIRECTION_20260913T053456Z/features/large/obqa/00467.npz,75c6546c912cdb9ba621db35b67759e370570511f6ad8328e546e26d993f53be,8192,float32,ca2386f24d445258fc1244651ef6164bedaed16011ff4e7a0eff25b7fba9a542
large,obqa,10-807,471,3,$DATA_DIR/P2_E1_DIRECTION_20260913T053456Z/features/large/obqa/00471.npz,0ba4c471b5b0f12cac154848b5bef34a5013237c8daec460e51e944c19a36767,8192,float32,ca2386f24d445258fc1244651ef6164bedaed16011ff4e7a0eff25b7fba9a542
large,obqa,10-81,473,3,$DATA_DIR/P2_E1_DIRECTION_20260913T053456Z/features/large/obqa/00473.npz,97008541137fe0aabf77694c126bcf9606a84065b52fb144d11b577a30d39562,8192,float32,ca2386f24d445258fc1244651ef6164bedaed16011ff4e7a0eff25b7fba9a542
large,obqa,10-861,498,3,$DATA_DIR/P2_E1_DIRECTION_20260913T053456Z/features/large/obqa/00498.npz,4ad2fb61a12ddb4037741b6aa714d01b9a54a4a8ea9a4ecf294c6d48044abdaf,8192,float32,ca2386f24d445258fc1244651ef6164bedaed16011ff4e7a0eff25b7fba9a542
large,obqa,10-874,503,3,$DATA_DIR/P2_E1_DIRECTION_20260913T053456Z/features/large/obqa/00503.npz,c7a3191e29277d798c3ed04cf1872f0ab38519ca2d9aed47458f4a34182bfc23,8192,float32,ca2386f24d445258fc1244651ef6164bedaed16011ff4e7a0eff25b7fba9a542
large,obqa,10-893,510,3,$DATA_DIR/P2_E1_DIRECTION_20260913T053456Z/features/large/obqa/00510.npz,28e669ae9a91d1f48af3325f5887cda2dec47dab36b9b0c1c415f944556bcc56,8192,float32,ca2386f24d445258fc1244651ef6164bedaed16011ff4e7a0eff25b7fba9a542
large,obqa,10-896,512,3,$DATA_DIR/P2_E1_DIRECTION_20260913T053456Z/features/large/obqa/00512.npz,99f2f3f59563692a71d0188175c3c5336a4dd78dfe3ba55ef44f263ad768b2df,8192,float32,ca2386f24d445258fc1244651ef6164bedaed16011ff4e7a0eff25b7fba9a542
large,obqa,10-900,515,3,$DATA_DIR/P2_E1_DIRECTION_20260913T053456Z/features/large/obqa/00515.npz,66467c17ebf2f390a1eb1aa415b0cc1b7f261c416aabd9dc312d3f771bcfc82e,8192,float32,ca2386f24d445258fc1244651ef6164bedaed16011ff4e7a0eff25b7fba9a542
large,obqa,10-908,518,3,$DATA_DIR/P2_E1_DIRECTION_20260913T053456Z/features/large/obqa/00518.npz,1ae3818ad8187370c588e5ee132bbf151c5d4f55a277b1b05fc1d7ede111e534,8192,float32,ca2386f24d445258fc1244651ef6164bedaed16011ff4e7a0eff25b7fba9a542
large,obqa,10-917,522,3,$DATA_DIR/P2_E1_DIRECTION_20260913T053456Z/features/large/obqa/00522.npz,7ab21e088a809704880329cf7ac39da28244ea7a7f4b759c0da6777811542c8a,8192,float32,ca2386f24d445258fc1244651ef6164bedaed16011ff4e7a0eff25b7fba9a542
large,obqa,10-946,540,3,$DATA_DIR/P2_E1_DIRECTION_20260913T053456Z/features/large/obqa/00540.npz,e02f36ce01859ed7038d83f251bd5b01b58e0758659b9bc8dbc2b75bcdfadde4,8192,float32,ca2386f24d445258fc1244651ef6164bedaed16011ff4e7a0eff25b7fba9a542
large,obqa,10-957,544,3,$DATA_DIR/P2_E1_DIRECTION_20260913T053456Z/features/large/obqa/00544.npz,974c114d98c96d773fb17bd1850584e0ba057e82039a3f5685b1be632dc667c1,8192,float32,ca2386f24d445258fc1244651ef6164bedaed16011ff4e7a0eff25b7fba9a542
large,obqa,10-965,546,3,$DATA_DIR/P2_E1_DIRECTION_20260913T053456Z/features/large/obqa/00546.npz,b8a54f1adf8ce80f2ce99e5fbb788bec9581ff32b462bb2e84ecfd72550daedd,8192,float32,ca2386f24d445258fc1244651ef6164bedaed16011ff4e7a0eff25b7fba9a542
large,obqa,10-985,553,3,$DATA_DIR/P2_E1_DIRECTION_20260913T053456Z/features/large/obqa/00553.npz,a68532b27c6f5e3c0bc1188b993f26e73fb1fa86ef30e737467a050be285667e,8192,float32,ca2386f24d445258fc1244651ef6164bedaed16011ff4e7a0eff25b7fba9a542
large,obqa,10-986,554,3,$DATA_DIR/P2_E1_DIRECTION_20260913T053456Z/features/large/obqa/00554.npz,6bb22fb60dc1d6e253b2d17330cad4610788206aa49ef0a587b985bc8b156eef,8192,float32,ca2386f24d445258fc1244651ef6164bedaed16011ff4e7a0eff25b7fba9a542
large,obqa,10-992,558,3,$DATA_DIR/P2_E1_DIRECTION_20260913T053456Z/features/large/obqa/00558.npz,453c2612128c808de008e9c63d097e803ba632d148533c5b225eef452607b980,8192,float32,ca2386f24d445258fc1244651ef6164bedaed16011ff4e7a0eff25b7fba9a542
large,obqa,10-995,559,3,$DATA_DIR/P2_E1_DIRECTION_20260913T053456Z/features/large/obqa/00559.npz,ce560fbf19c1e85d5e3ea1d67670170e7549233b6b2507ac05353ae5cf293bf1,8192,float32,ca2386f24d445258fc1244651ef6164bedaed16011ff4e7a0eff25b7fba9a542
large,obqa,1014,565,3,$DATA_DIR/P2_E1_DIRECTION_20260913T053456Z/features/large/obqa/00565.npz,c00abaf36a5fd888ca646ebcab7dcc87d04e23ad02c0a0d404017cc5c8935ee0,8192,float32,ca2386f24d445258fc1244651ef6164bedaed16011ff4e7a0eff25b7fba9a542
large,obqa,1045,569,3,$DATA_DIR/P2_E1_DIRECTION_20260913T053456Z/features/large/obqa/00569.npz,99dfe34b144d98752b3f01d259aaadcbf68eeb361fe174f4a894e23d704210f4,8192,float32,ca2386f24d445258fc1244651ef6164bedaed16011ff4e7a0eff25b7fba9a542
large,obqa,1093,576,3,$DATA_DIR/P2_E1_DIRECTION_20260913T053456Z/features/large/obqa/00576.npz,9c7b6b50c284caa9cc73f9c9a712472da773b6ac5b93463f36f8ae4f41291295,8192,float32,ca2386f24d445258fc1244651ef6164bedaed16011ff4e7a0eff25b7fba9a542
large,obqa,11-109,583,3,$DATA_DIR/P2_E1_DIRECTION_20260913T053456Z/features/large/obqa/00583.npz,bda1cddb6c4ed783a8e4fd5235538000352dd055b445a1b5ec635e064e6bb213,8192,float32,ca2386f24d445258fc1244651ef6164bedaed16011ff4e7a0eff25b7fba9a542
large,obqa,11-115,586,3,$DATA_DIR/P2_E1_DIRECTION_20260913T053456Z/features/large/obqa/00586.npz,63c01f860019918b8b0e21563efcb301d98986572b50314ae21b0a6285fc31a2,8192,float32,ca2386f24d445258fc1244651ef6164bedaed16011ff4e7a0eff25b7fba9a542
large,obqa,11-118,587,3,$DATA_DIR/P2_E1_DIRECTION_20260913T053456Z/features/large/obqa/00587.npz,1062c6db77c638d55e5a66e1e687eb5c429d1ee0ff24f9315ff7c1cd9175cf26,8192,float32,ca2386f24d445258fc1244651ef6164bedaed16011ff4e7a0eff25b7fba9a542
large,obqa,11-153,604,3,$DATA_DIR/P2_E1_DIRECTION_20260913T053456Z/features/large/obqa/00604.npz,5c10a77b647945b6b686ce7a651ff85d6618b816be952b1b2502e307c7c3b55d,8192,float32,ca2386f24d445258fc1244651ef6164bedaed16011ff4e7a0eff25b7fba9a542
large,obqa,11-157,607,3,$DATA_DIR/P2_E1_DIRECTION_20260913T053456Z/features/large/obqa/00607.npz,8acc3c721e900420571f5bc798ee5f6da123e7fe64632517fbda74865386f1a3,8192,float32,ca2386f24d445258fc1244651ef6164bedaed16011ff4e7a0eff25b7fba9a542
large,obqa,11-165,611,3,$DATA_DIR/P2_E1_DIRECTION_20260913T053456Z/features/large/obqa/00611.npz,12c8db150474a2cd72aede0fc244a00164f9cc9904750813f8e6c325203661a7,8192,float32,ca2386f24d445258fc1244651ef6164bedaed16011ff4e7a0eff25b7fba9a542
large,obqa,11-188,619,3,$DATA_DIR/P2_E1_DIRECTION_20260913T053456Z/features/large/obqa/00619.npz,21556d406aa4e6f68ef2994b5c73bf57f8f323a445373d86f3a05c0e77a8b96a,8192,float32,ca2386f24d445258fc1244651ef6164bedaed16011ff4e7a0eff25b7fba9a542
large,obqa,11-190,620,3,$DATA_DIR/P2_E1_DIRECTION_20260913T053456Z/features/large/obqa/00620.npz,3ed3d73823579c853a95d43d713fdf14b237db45d47286e55670a2878204074f,8192,float32,ca2386f24d445258fc1244651ef6164bedaed16011ff4e7a0eff25b7fba9a542
large,obqa,11-197,624,3,$DATA_DIR/P2_E1_DIRECTION_20260913T053456Z/features/large/obqa/00624.npz,9a1e9ecda2c9098bcf2e12002ffec794bdafe0496eae7c84b0811b7a7369f9d9,8192,float32,ca2386f24d445258fc1244651ef6164bedaed16011ff4e7a0eff25b7fba9a542
large,obqa,11-20,626,3,$DATA_DIR/P2_E1_DIRECTION_20260913T053456Z/features/large/obqa/00626.npz,737680fb011985c03e2b8bfafeec2d01539c8b3114720073dc08f5b6daa64015,8192,float32,ca2386f24d445258fc1244651ef6164bedaed16011ff4e7a0eff25b7fba9a542
large,obqa,11-214,635,3,$DATA_DIR/P2_E1_DIRECTION_20260913T053456Z/features/large/obqa/00635.npz,1e900dba6262019885b8beac0423a8fce2e83013cd288cd79943490253ecc7a7,8192,float32,ca2386f24d445258fc1244651ef6164bedaed16011ff4e7a0eff25b7fba9a542
large,obqa,11-217,637,3,$DATA_DIR/P2_E1_DIRECTION_20260913T053456Z/features/large/obqa/00637.npz,e1d5666b94bea0816ab8ea3c40b59711c4a4dc2492533b9375e07d0c0f9b82d4,8192,float32,ca2386f24d445258fc1244651ef6164bedaed16011ff4e7a0eff25b7fba9a542
large,obqa,11-234,650,3,$DATA_DIR/P2_E1_DIRECTION_20260913T053456Z/features/large/obqa/00650.npz,e1bc65ebd2471f6c5dbbceb16ff80fad50ffc35ea27490f37e30fea917db92d1,8192,float32,ca2386f24d445258fc1244651ef6164bedaed16011ff4e7a0eff25b7fba9a542
large,obqa,11-239,651,3,$DATA_DIR/P2_E1_DIRECTION_20260913T053456Z/features/large/obqa/00651.npz,2c2b68b3710ae22924c337768758a6a2d761aa2de4f8faa80484bc0cb5f04c0a,8192,float32,ca2386f24d445258fc1244651ef6164bedaed16011ff4e7a0eff25b7fba9a542
large,obqa,11-245,655,3,$DATA_DIR/P2_E1_DIRECTION_20260913T053456Z/features/large/obqa/00655.npz,096db6769e7f824ba03393f19fc95c4d89651776dd933f07356029b9d700ace9,8192,float32,ca2386f24d445258fc1244651ef6164bedaed16011ff4e7a0eff25b7fba9a542
large,obqa,11-249,657,3,$DATA_DIR/P2_E1_DIRECTION_20260913T053456Z/features/large/obqa/00657.npz,9a635ec33a0f30dcd826f9681b6e955b1a19ef27847fb9ccc9e4410617011204,8192,float32,ca2386f24d445258fc1244651ef6164bedaed16011ff4e7a0eff25b7fba9a542
large,obqa,11-264,665,3,$DATA_DIR/P2_E1_DIRECTION_20260913T053456Z/features/large/obqa/00665.npz,0e6f0b4d13b5b1d09f83fa5c1e0a6fb1ac7e21f9551494dadd6f95ab251de3ae,8192,float32,ca2386f24d445258fc1244651ef6164bedaed16011ff4e7a0eff25b7fba9a542
large,obqa,11-265,666,3,$DATA_DIR/P2_E1_DIRECTION_20260913T053456Z/features/large/obqa/00666.npz,e6f48f745983fdf6544775e4bdf61155441bb5029c19a550015612000a1b17b6,8192,float32,ca2386f24d445258fc1244651ef6164bedaed16011ff4e7a0eff25b7fba9a542
large,obqa,11-267,668,3,$DATA_DIR/P2_E1_DIRECTION_20260913T053456Z/features/large/obqa/00668.npz,c538e94e2bc3329f1eca94ab5cec44a6cb6679172f1ec36f45bd2d7bd9faeae1,8192,float32,ca2386f24d445258fc1244651ef6164bedaed16011ff4e7a0eff25b7fba9a542
large,obqa,11-271,671,3,$DATA_DIR/P2_E1_DIRECTION_20260913T053456Z/features/large/obqa/00671.npz,22bc8cdb5e36da78065580dc08d06a3dfd28185ecf8c06785e864b468bae597b,8192,float32,ca2386f24d445258fc1244651ef6164bedaed16011ff4e7a0eff25b7fba9a542
large,obqa,11-288,680,3,$DATA_DIR/P2_E1_DIRECTION_20260913T053456Z/features/large/obqa/00680.npz,64a9e47ca94d7cac2b806a09d38307e4fd2d185053588f30aab384dc86fc0981,8192,float32,ca2386f24d445258fc1244651ef6164bedaed16011ff4e7a0eff25b7fba9a542
large,obqa,11-29,681,3,$DATA_DIR/P2_E1_DIRECTION_20260913T053456Z/features/large/obqa/00681.npz,8fb15f1e80465e0559155fb020ea047da2bc1bcbf1006367a0f021a8be79313a,8192,float32,ca2386f24d445258fc1244651ef6164bedaed16011ff4e7a0eff25b7fba9a542
large,obqa,11-290,682,3,$DATA_DIR/P2_E1_DIRECTION_20260913T053456Z/features/large/obqa/00682.npz,744ac18f67b87a75d15fa631e8175cc3a500e91a196720a5e743da9d9bcb1327,8192,float32,ca2386f24d445258fc1244651ef6164bedaed16011ff4e7a0eff25b7fba9a542
large,obqa,11-304,687,3,$DATA_DIR/P2_E1_DIRECTION_20260913T053456Z/features/large/obqa/00687.npz,99ab3352afd8f6d222778a1261c48e1a687afda364fa35c519709ac869cba535,8192,float32,ca2386f24d445258fc1244651ef6164bedaed16011ff4e7a0eff25b7fba9a542
large,obqa,11-326,699,3,$DATA_DIR/P2_E1_DIRECTION_20260913T053456Z/features/large/obqa/00699.npz,f8adf2f036839a8e4103593b15ad0945c3c828dd0935957bd0a84d618ee91b89,8192,float32,ca2386f24d445258fc1244651ef6164bedaed16011ff4e7a0eff25b7fba9a542
large,obqa,11-332,706,3,$DATA_DIR/P2_E1_DIRECTION_20260913T053456Z/features/large/obqa/00706.npz,dbb6b6f07b2f8f3e76d52c5d95b6c431074e4963b2759069431c5a646f4b998c,8192,float32,ca2386f24d445258fc1244651ef6164bedaed16011ff4e7a0eff25b7fba9a542
large,obqa,11-357,715,3,$DATA_DIR/P2_E1_DIRECTION_20260913T053456Z/features/large/obqa/00715.npz,7ccb34d5fd7e468a98e2bab1f71176ff0fb468e124cb76c53a224e0090df57ad,8192,float32,ca2386f24d445258fc1244651ef6164bedaed16011ff4e7a0eff25b7fba9a542
large,obqa,11-360,717,3,$DATA_DIR/P2_E1_DIRECTION_20260913T053456Z/features/large/obqa/00717.npz,6f840299a07b88fe3d122f9badae7fd7ecc525214603349136f50db37945a95e,8192,float32,ca2386f24d445258fc1244651ef6164bedaed16011ff4e7a0eff25b7fba9a542
large,obqa,11-365,720,3,$DATA_DIR/P2_E1_DIRECTION_20260913T053456Z/features/large/obqa/00720.npz,704ee3e0c841d095cc4f49c5a10497cfc1708dbff1a6120543fa149c184a8ac3,8192,float32,ca2386f24d445258fc1244651ef6164bedaed16011ff4e7a0eff25b7fba9a542
large,obqa,11-385,728,3,$DATA_DIR/P2_E1_DIRECTION_20260913T053456Z/features/large/obqa/00728.npz,8b78ee02de77999333df1a5c2fff698e2fb3874183126daade648112d03014e4,8192,float32,ca2386f24d445258fc1244651ef6164bedaed16011ff4e7a0eff25b7fba9a542
large,obqa,11-400,734,3,$DATA_DIR/P2_E1_DIRECTION_20260913T053456Z/features/large/obqa/00734.npz,87cccae21d8106a5b9600c8cf1eab4755b40fcb30e67c6ec5c24e55c173ab274,8192,float32,ca2386f24d445258fc1244651ef6164bedaed16011ff4e7a0eff25b7fba9a542
large,obqa,11-414,740,3,$DATA_DIR/P2_E1_DIRECTION_20260913T053456Z/features/large/obqa/00740.npz,8fadf519e1b22f6e7a0aad22d4475bdabe6d3f5fb6a879f5dd5f565d55340123,8192,float32,ca2386f24d445258fc1244651ef6164bedaed16011ff4e7a0eff25b7fba9a542
large,obqa,11-421,743,3,$DATA_DIR/P2_E1_DIRECTION_20260913T053456Z/features/large/obqa/00743.npz,028a0f3e118cd8c0e5bf7319cdedba1e0ba25c4e28073b61b3add766c0f0388d,8192,float32,ca2386f24d445258fc1244651ef6164bedaed16011ff4e7a0eff25b7fba9a542
large,obqa,11-426,746,3,$DATA_DIR/P2_E1_DIRECTION_20260913T053456Z/features/large/obqa/00746.npz,7e58472f0ef39f649fbc7c897ea82df0fe9f4a6dc1b44a695b1272f11681c428,8192,float32,ca2386f24d445258fc1244651ef6164bedaed16011ff4e7a0eff25b7fba9a542
large,obqa,11-432,748,3,$DATA_DIR/P2_E1_DIRECTION_20260913T053456Z/features/large/obqa/00748.npz,fd659629b330304ec5abd9b11dd850851a45251f161f6aee765a30f153a58452,8192,float32,ca2386f24d445258fc1244651ef6164bedaed16011ff4e7a0eff25b7fba9a542
large,obqa,11-44,752,3,$DATA_DIR/P2_E1_DIRECTION_20260913T053456Z/features/large/obqa/00752.npz,cae8c045db5adecc928246d11a5e310788c51f1b39c7cc2df5ab227adf742767,8192,float32,ca2386f24d445258fc1244651ef6164bedaed16011ff4e7a0eff25b7fba9a542
large,obqa,11-440,753,3,$DATA_DIR/P2_E1_DIRECTION_20260913T053456Z/features/large/obqa/00753.npz,bc8a978ce654c8676ca30ffc62931c53a1e682c29924d46d497f1c2bbc3278ed,8192,float32,ca2386f24d445258fc1244651ef6164bedaed16011ff4e7a0eff25b7fba9a542
large,obqa,11-443,754,3,$DATA_DIR/P2_E1_DIRECTION_20260913T053456Z/features/large/obqa/00754.npz,5dac09e7bf4e38981ef850d9ed5ccc2afefb365cb8c8c1902605b571799008f2,8192,float32,ca2386f24d445258fc1244651ef6164bedaed16011ff4e7a0eff25b7fba9a542
large,obqa,11-469,766,3,$DATA_DIR/P2_E1_DIRECTION_20260913T053456Z/features/large/obqa/00766.npz,e12477324606fefcd0e246e236cf5d08296fc015cf67a639c18947ea3f6a3159,8192,float32,ca2386f24d445258fc1244651ef6164bedaed16011ff4e7a0eff25b7fba9a542
large,obqa,11-475,770,3,$DATA_DIR/P2_E1_DIRECTION_20260913T053456Z/features/large/obqa/00770.npz,24190d597043089da3c47aafc9b77e1fe15ef7792b30cc85b10467b0e88e33e6,8192,float32,ca2386f24d445258fc1244651ef6164bedaed16011ff4e7a0eff25b7fba9a542
large,obqa,11-492,779,3,$DATA_DIR/P2_E1_DIRECTION_20260913T053456Z/features/large/obqa/00779.npz,d4ff64fd5041694972bdfdd74351cda89d99d32e76dd3261bc822cdd75afae10,8192,float32,ca2386f24d445258fc1244651ef6164bedaed16011ff4e7a0eff25b7fba9a542
large,obqa,11-509,787,3,$DATA_DIR/P2_E1_DIRECTION_20260913T053456Z/features/large/obqa/00787.npz,51321b4999fa91d48aab5b88b77109c16c3716489424498e13c88f9319676721,8192,float32,ca2386f24d445258fc1244651ef6164bedaed16011ff4e7a0eff25b7fba9a542
large,obqa,11-510,788,3,$DATA_DIR/P2_E1_DIRECTION_20260913T053456Z/features/large/obqa/00788.npz,d9e7b9bbfee407fc321743568fa4a348004e0daa2ac909f26b9899e293b90ee9,8192,float32,ca2386f24d445258fc1244651ef6164bedaed16011ff4e7a0eff25b7fba9a542
large,obqa,11-517,791,3,$DATA_DIR/P2_E1_DIRECTION_20260913T053456Z/features/large/obqa/00791.npz,85ee2212c2ec150526119ff5ee131932530c323114a30a8f8ce55e9e4d7aaa11,8192,float32,ca2386f24d445258fc1244651ef6164bedaed16011ff4e7a0eff25b7fba9a542
large,obqa,11-527,794,3,$DATA_DIR/P2_E1_DIRECTION_20260913T053456Z/features/large/obqa/00794.npz,126dfd967b1cf2df584b9ea6bb6294c342a8ca90ee4c684dc699fff64008f8ce,8192,float32,ca2386f24d445258fc1244651ef6164bedaed16011ff4e7a0eff25b7fba9a542
large,obqa,11-544,803,3,$DATA_DIR/P2_E1_DIRECTION_20260913T053456Z/features/large/obqa/00803.npz,a2342c1b62ed33d037b235d1f42c18c053a2fce7aca44fd30fec9528d94f0bcb,8192,float32,ca2386f24d445258fc1244651ef6164bedaed16011ff4e7a0eff25b7fba9a542
large,obqa,11-545,804,3,$DATA_DIR/P2_E1_DIRECTION_20260913T053456Z/features/large/obqa/00804.npz,c41d13fcaea6d5e917b8dd69d9a982758ba00d159d069a3f108d1d512895e8c9,8192,float32,ca2386f24d445258fc1244651ef6164bedaed16011ff4e7a0eff25b7fba9a542
large,obqa,11-562,812,3,$DATA_DIR/P2_E1_DIRECTION_20260913T053456Z/features/large/obqa/00812.npz,a9a30f695fd1cea62405467f894cbc59bba5e1254231f49d7c2a0d9f53f7b06c,8192,float32,ca2386f24d445258fc1244651ef6164bedaed16011ff4e7a0eff25b7fba9a542
large,obqa,11-572,814,3,$DATA_DIR/P2_E1_DIRECTION_20260913T053456Z/features/large/obqa/00814.npz,5232a4ea9eeb37a45828d3c2d2f1d229de3f352935a06928ea286c5f92101ebd,8192,float32,ca2386f24d445258fc1244651ef6164bedaed16011ff4e7a0eff25b7fba9a542
large,obqa,11-577,818,3,$DATA_DIR/P2_E1_DIRECTION_20260913T053456Z/features/large/obqa/00818.npz,85baa269ee9b5dd0241ecfc8308a135bc4d0a8c6726f0aa979606ed566ae6e94,8192,float32,ca2386f24d445258fc1244651ef6164bedaed16011ff4e7a0eff25b7fba9a542
large,obqa,11-601,826,3,$DATA_DIR/P2_E1_DIRECTION_20260913T053456Z/features/large/obqa/00826.npz,acab860cdb942268039d86bb801edc8dc0b0a7d8ba015a6a4b410200fc0b972a,8192,float32,ca2386f24d445258fc1244651ef6164bedaed16011ff4e7a0eff25b7fba9a542
large,obqa,11-608,829,3,$DATA_DIR/P2_E1_DIRECTION_20260913T053456Z/features/large/obqa/00829.npz,da7ecd2755a03de25be58a7fd4c09ee75fd785bfb47e3f2c4dc565d195092382,8192,float32,ca2386f24d445258fc1244651ef6164bedaed16011ff4e7a0eff25b7fba9a542
large,obqa,11-621,836,3,$DATA_DIR/P2_E1_DIRECTION_20260913T053456Z/features/large/obqa/00836.npz,5be5f5e5a1ec9a585b2f47902a907edcfe4a1ce5315f77af47889816adfa04c0,8192,float32,ca2386f24d445258fc1244651ef6164bedaed16011ff4e7a0eff25b7fba9a542
large,obqa,11-625,839,3,$DATA_DIR/P2_E1_DIRECTION_20260913T053456Z/features/large/obqa/00839.npz,5ca473f71fc4ce8b999c86e07477d048ed829a7230bfc2436af6873894687f97,8192,float32,ca2386f24d445258fc1244651ef6164bedaed16011ff4e7a0eff25b7fba9a542
large,obqa,11-626,840,3,$DATA_DIR/P2_E1_DIRECTION_20260913T053456Z/features/large/obqa/00840.npz,e05ad73196c6b6af6aafdee5dceef2dcf4d9aebdebde72812b6013781f3ebd3e,8192,float32,ca2386f24d445258fc1244651ef6164bedaed16011ff4e7a0eff25b7fba9a542
large,obqa,11-632,844,3,$DATA_DIR/P2_E1_DIRECTION_20260913T053456Z/features/large/obqa/00844.npz,667bb900950b110802d8c9f3fda1963001b43f56500c66881ea14c54c5f3b967,8192,float32,ca2386f24d445258fc1244651ef6164bedaed16011ff4e7a0eff25b7fba9a542
large,obqa,11-651,849,3,$DATA_DIR/P2_E1_DIRECTION_20260913T053456Z/features/large/obqa/00849.npz,2092f52475d5e9e49431c2d89c705da095b1c9f1ed4da5f2974026b74aae371e,8192,float32,ca2386f24d445258fc1244651ef6164bedaed16011ff4e7a0eff25b7fba9a542
large,obqa,11-684,858,3,$DATA_DIR/P2_E1_DIRECTION_20260913T053456Z/features/large/obqa/00858.npz,9877d4aa236528275fa5464b825427030e3bb0441f3c286994d10666b7079731,8192,float32,ca2386f24d445258fc1244651ef6164bedaed16011ff4e7a0eff25b7fba9a542
large,obqa,11-7,866,3,$DATA_DIR/P2_E1_DIRECTION_20260913T053456Z/features/large/obqa/00866.npz,ea33d0921ca893e2bd2b80179e342edb877f0780a130ffec7597a8373f50668f,8192,float32,ca2386f24d445258fc1244651ef6164bedaed16011ff4e7a0eff25b7fba9a542
large,obqa,11-720,870,3,$DATA_DIR/P2_E1_DIRECTION_20260913T053456Z/features/large/obqa/00870.npz,746f97794d0c0142303aa7e6a7e397e57930891b361652fc4e4196285c3bedb2,8192,float32,ca2386f24d445258fc1244651ef6164bedaed16011ff4e7a0eff25b7fba9a542
large,obqa,11-724,871,3,$DATA_DIR/P2_E1_DIRECTION_20260913T053456Z/features/large/obqa/00871.npz,297e456ea1d52fb840ebe0d6e667026c464f4d562b1fa4a95c8892aa61debdb9,8192,float32,ca2386f24d445258fc1244651ef6164bedaed16011ff4e7a0eff25b7fba9a542
large,obqa,11-740,875,3,$DATA_DIR/P2_E1_DIRECTION_20260913T053456Z/features/large/obqa/00875.npz,87019b65241fec56557dd9370bf58add58a7d2df950e3cedec19e0d9836d8dbe,8192,float32,ca2386f24d445258fc1244651ef6164bedaed16011ff4e7a0eff25b7fba9a542
large,obqa,11-89,886,3,$DATA_DIR/P2_E1_DIRECTION_20260913T053456Z/features/large/obqa/00886.npz,7adc4b24b6e98d1880c0aedff67bc36aa81c4850b4e012d0fc3ad353fdf3d27c,8192,float32,ca2386f24d445258fc1244651ef6164bedaed16011ff4e7a0eff25b7fba9a542
large,obqa,110,893,3,$DATA_DIR/P2_E1_DIRECTION_20260913T053456Z/features/large/obqa/00893.npz,56d4fca7a2b16705ba90bb401129d7ab20b44c3d05510fe11ed2b19a61f2c459,8192,float32,ca2386f24d445258fc1244651ef6164bedaed16011ff4e7a0eff25b7fba9a542
large,obqa,114,898,3,$DATA_DIR/P2_E1_DIRECTION_20260913T053456Z/features/large/obqa/00898.npz,92154f2d5d0f4778918241247d4f51d5c7d9adc3dccfa49b3a122539627fa29c,8192,float32,ca2386f24d445258fc1244651ef6164bedaed16011ff4e7a0eff25b7fba9a542
large,obqa,1154,899,3,$DATA_DIR/P2_E1_DIRECTION_20260913T053456Z/features/large/obqa/00899.npz,0c7d23d954183a06d94ee734b5e17e8bd25ec7c2d543b95a92f25dc0c778cd4d,8192,float32,ca2386f24d445258fc1244651ef6164bedaed16011ff4e7a0eff25b7fba9a542
large,obqa,12-10,913,3,$DATA_DIR/P2_E1_DIRECTION_20260913T053456Z/features/large/obqa/00913.npz,9a478ebda6768f0bb568a5bc98cea6aa7c70e7485d25b1bca55d4d210de197a8,8192,float32,ca2386f24d445258fc1244651ef6164bedaed16011ff4e7a0eff25b7fba9a542
large,obqa,12-1005,918,3,$DATA_DIR/P2_E1_DIRECTION_20260913T053456Z/features/large/obqa/00918.npz,5624e2a4d104e47d7901031e4e760f6ca819d4251b2efb08ca8bb32c386de93c,8192,float32,ca2386f24d445258fc1244651ef6164bedaed16011ff4e7a0eff25b7fba9a542
large,obqa,12-1006,919,3,$DATA_DIR/P2_E1_DIRECTION_20260913T053456Z/features/large/obqa/00919.npz,d81ba3213123e84896d28642aba6af0305150e7b1caf56bbd6b2d4343f5ecf91,8192,float32,ca2386f24d445258fc1244651ef6164bedaed16011ff4e7a0eff25b7fba9a542
large,obqa,12-1023,924,3,$DATA_DIR/P2_E1_DIRECTION_20260913T053456Z/features/large/obqa/00924.npz,307c38d6910ec2c65dcc3abf486dcaefa48584e62ae4a451560f4022fbbeb480,8192,float32,ca2386f24d445258fc1244651ef6164bedaed16011ff4e7a0eff25b7fba9a542
large,obqa,12-1028,927,3,$DATA_DIR/P2_E1_DIRECTION_20260913T053456Z/features/large/obqa/00927.npz,fedadbb61d4a298f6ea410e7ca6ea8c84e5a547b4e0d9c83cb5b75c180270b89,8192,float32,ca2386f24d445258fc1244651ef6164bedaed16011ff4e7a0eff25b7fba9a542
large,obqa,12-1033,930,3,$DATA_DIR/P2_E1_DIRECTION_20260913T053456Z/features/large/obqa/00930.npz,75d10b5a2d57310290a3ef710e7cca11b767f3eaaa9071b68ed63293a94ff268,8192,float32,ca2386f24d445258fc1244651ef6164bedaed16011ff4e7a0eff25b7fba9a542
large,obqa,12-1039,934,3,$DATA_DIR/P2_E1_DIRECTION_20260913T053456Z/features/large/obqa/00934.npz,908837a4e39f9b40219cffe20cd5ecbfc604a96e3fccbaac30ad92d28a9c17e2,8192,float32,ca2386f24d445258fc1244651ef6164bedaed16011ff4e7a0eff25b7fba9a542
large,obqa,12-1044,936,3,$DATA_DIR/P2_E1_DIRECTION_20260913T053456Z/features/large/obqa/00936.npz,ccc9d08b67607ba6092539fa0240cebeab2c8aa58f2301c33e2c078a2da79735,8192,float32,ca2386f24d445258fc1244651ef6164bedaed16011ff4e7a0eff25b7fba9a542
large,obqa,12-1055,940,3,$DATA_DIR/P2_E1_DIRECTION_20260913T053456Z/features/large/obqa/00940.npz,bdd4f5ee72bb1b239d3aa9ca917bfd86e9fafd2c47e597948743129415896cee,8192,float32,ca2386f24d445258fc1244651ef6164bedaed16011ff4e7a0eff25b7fba9a542
large,obqa,12-1058,942,3,$DATA_DIR/P2_E1_DIRECTION_20260913T053456Z/features/large/obqa/00942.npz,9d35aabafcb20c679331cd961390de9ccac56f0f2fc7bb0e367a1de05ab614d8,8192,float32,ca2386f24d445258fc1244651ef6164bedaed16011ff4e7a0eff25b7fba9a542
large,obqa,12-1059,943,3,$DATA_DIR/P2_E1_DIRECTION_20260913T053456Z/features/large/obqa/00943.npz,0ec9619595e01b7812c82300091e504f0b6ec21f9781e4778ae46ac9f9d1c0b6,8192,float32,ca2386f24d445258fc1244651ef6164bedaed16011ff4e7a0eff25b7fba9a542
large,obqa,12-1068,948,3,$DATA_DIR/P2_E1_DIRECTION_20260913T053456Z/features/large/obqa/00948.npz,5efee96b8f09d790f8dffab5c58a742fa8c3ef1e0cbecf2a526d33f7e19b11bd,8192,float32,ca2386f24d445258fc1244651ef6164bedaed16011ff4e7a0eff25b7fba9a542
large,obqa,12-107,949,3,$DATA_DIR/P2_E1_DIRECTION_20260913T053456Z/features/large/obqa/00949.npz,8f9530ee93361b4413dc11bc7e06c1ae7896cf5cc6c85998d2883fbc1cd17622,8192,float32,ca2386f24d445258fc1244651ef6164bedaed16011ff4e7a0eff25b7fba9a542
large,obqa,12-1077,955,3,$DATA_DIR/P2_E1_DIRECTION_20260913T053456Z/features/large/obqa/00955.npz,c36e16910e8c27dabdb4f524563b8837fa2af56de5ea0fe6749b6b815eb44c21,8192,float32,ca2386f24d445258fc1244651ef6164bedaed16011ff4e7a0eff25b7fba9a542
large,obqa,12-1080,958,3,$DATA_DIR/P2_E1_DIRECTION_20260913T053456Z/features/large/obqa/00958.npz,ece9c5ff2f3529a7007fff54a00319b8de9cc162d74f00196aed6915ad625c63,8192,float32,ca2386f24d445258fc1244651ef6164bedaed16011ff4e7a0eff25b7fba9a542
large,obqa,12-109,964,3,$DATA_DIR/P2_E1_DIRECTION_20260913T053456Z/features/large/obqa/00964.npz,1e8b37a3495c0b08a0eba631567d9804662f58dbad618d9b313098585b2ed92c,8192,float32,ca2386f24d445258fc1244651ef6164bedaed16011ff4e7a0eff25b7fba9a542
large,obqa,12-1096,967,3,$DATA_DIR/P2_E1_DIRECTION_20260913T053456Z/features/large/obqa/00967.npz,2879e6d7e59ea9c21084361108e911cb24e3602f7631c1cd1d6ab54887c89009,8192,float32,ca2386f24d445258fc1244651ef6164bedaed16011ff4e7a0eff25b7fba9a542
large,obqa,12-1113,979,3,$DATA_DIR/P2_E1_DIRECTION_20260913T053456Z/features/large/obqa/00979.npz,89fd098a3133acc25ecf6d6812d9a6e7a1a09e400ff3f27a1c50e7523ecfec0c,8192,float32,ca2386f24d445258fc1244651ef6164bedaed16011ff4e7a0eff25b7fba9a542
large,obqa,12-1116,981,3,$DATA_DIR/P2_E1_DIRECTION_20260913T053456Z/features/large/obqa/00981.npz,7bb0ba4034adca2044f3a7c69917655a6ade68cd2c55e1046777eb159bed2404,8192,float32,ca2386f24d445258fc1244651ef6164bedaed16011ff4e7a0eff25b7fba9a542
large,obqa,12-1141,999,3,$DATA_DIR/P2_E1_DIRECTION_20260913T053456Z/features/large/obqa/00999.npz,4d96ddf871ed7cfe9fa6b6084d8b1014b5da99b9a8b5da33847802efda629c8b,8192,float32,ca2386f24d445258fc1244651ef6164bedaed16011ff4e7a0eff25b7fba9a542
large,obqa,12-1143,1000,3,$DATA_DIR/P2_E1_DIRECTION_20260913T053456Z/features/large/obqa/01000.npz,9a29320925857ebeafa3a6802add5f7315f66f7ffc460bd41da53f498882b0cb,8192,float32,ca2386f24d445258fc1244651ef6164bedaed16011ff4e7a0eff25b7fba9a542
large,obqa,12-1145,1002,3,$DATA_DIR/P2_E1_DIRECTION_20260913T053456Z/features/large/obqa/01002.npz,d30ef6735f7444a30cd1b3211cebe10e8cfa76c9dfb322a0eb28d6855cd04daa,8192,float32,ca2386f24d445258fc1244651ef6164bedaed16011ff4e7a0eff25b7fba9a542
large,obqa,12-1184,1021,3,$DATA_DIR/P2_E1_DIRECTION_20260913T053456Z/features/large/obqa/01021.npz,702a0b9ac7612fa7661bca171328f59e4e4e6cbd3b160dc5e7b55e840f218f80,8192,float32,ca2386f24d445258fc1244651ef6164bedaed16011ff4e7a0eff25b7fba9a542
large,obqa,12-1196,1026,3,$DATA_DIR/P2_E1_DIRECTION_20260913T053456Z/features/large/obqa/01026.npz,e82e88b370947f7e6f1a3138a7c6d8828aa28c4ea51d58c7abca62c69b4f345d,8192,float32,ca2386f24d445258fc1244651ef6164bedaed16011ff4e7a0eff25b7fba9a542
large,obqa,12-12,1027,3,$DATA_DIR/P2_E1_DIRECTION_20260913T053456Z/features/large/obqa/01027.npz,3613292a17205f2f34764b1caa1feec194ed7bd8559d886821658a2889fd784c,8192,float32,ca2386f24d445258fc1244651ef6164bedaed16011ff4e7a0eff25b7fba9a542
large,obqa,12-126,1035,3,$DATA_DIR/P2_E1_DIRECTION_20260913T053456Z/features/large/obqa/01035.npz,dc5bc1d094fcd2ccd635bfa83dfafd7d1cc59cdd109b770092e60b6e96ffa833,8192,float32,ca2386f24d445258fc1244651ef6164bedaed16011ff4e7a0eff25b7fba9a542
large,obqa,12-131,1036,3,$DATA_DIR/P2_E1_DIRECTION_20260913T053456Z/features/large/obqa/01036.npz,d9679faa7438779678a1b6768de8848617564482b3a93143b8a884afd0ef0a00,8192,float32,ca2386f24d445258fc1244651ef6164bedaed16011ff4e7a0eff25b7fba9a542
large,obqa,12-157,1049,3,$DATA_DIR/P2_E1_DIRECTION_20260913T053456Z/features/large/obqa/01049.npz,6ee4a1851687e7bbffe7c4bd49446c1c2b3a0fca85f7b0e183418f305f4561c5,8192,float32,ca2386f24d445258fc1244651ef6164bedaed16011ff4e7a0eff25b7fba9a542
large,obqa,12-168,1054,3,$DATA_DIR/P2_E1_DIRECTION_20260913T053456Z/features/large/obqa/01054.npz,817a3ca31376e8577ad28b99511e78f2dad683adac849cf968cf2d65c5182eec,8192,float32,ca2386f24d445258fc1244651ef6164bedaed16011ff4e7a0eff25b7fba9a542
large,obqa,12-169,1055,3,$DATA_DIR/P2_E1_DIRECTION_20260913T053456Z/features/large/obqa/01055.npz,66a21c765f7ee2033fb2f6ae837c1d5d55afb234e5963404709e222595c22af1,8192,float32,ca2386f24d445258fc1244651ef6164bedaed16011ff4e7a0eff25b7fba9a542
large,obqa,12-178,1060,3,$DATA_DIR/P2_E1_DIRECTION_20260913T053456Z/features/large/obqa/01060.npz,328b614783b84f18fb72b3093b03bafb525c9fbaec881e2181baf4fc9eaea747,8192,float32,ca2386f24d445258fc1244651ef6164bedaed16011ff4e7a0eff25b7fba9a542
large,obqa,12-18,1062,3,$DATA_DIR/P2_E1_DIRECTION_20260913T053456Z/features/large/obqa/01062.npz,c8eaf4bca750f6bf599a3f32456b1961abf1ca863d2259d3ee16bb7e6d292096,8192,float32,ca2386f24d445258fc1244651ef6164bedaed16011ff4e7a0eff25b7fba9a542
large,obqa,12-182,1064,3,$DATA_DIR/P2_E1_DIRECTION_20260913T053456Z/features/large/obqa/01064.npz,3f3150189f2a81c5eee1ed1e03aea012a5eb5ca4d51cdf5264ccc5d15c1f4812,8192,float32,ca2386f24d445258fc1244651ef6164bedaed16011ff4e7a0eff25b7fba9a542
large,obqa,12-196,1073,3,$DATA_DIR/P2_E1_DIRECTION_20260913T053456Z/features/large/obqa/01073.npz,e7f65187a5f576dd84f35ae260dcf376c805dd8cb505b1b0224a19fafce91ac2,8192,float32,ca2386f24d445258fc1244651ef6164bedaed16011ff4e7a0eff25b7fba9a542
large,obqa,12-210,1079,3,$DATA_DIR/P2_E1_DIRECTION_20260913T053456Z/features/large/obqa/01079.npz,8f8f1307443a49f0e43cfe5fa95c8aaf48eb0ecdf586dcdfb308a98d7e50c644,8192,float32,ca2386f24d445258fc1244651ef6164bedaed16011ff4e7a0eff25b7fba9a542
large,obqa,12-215,1082,3,$DATA_DIR/P2_E1_DIRECTION_20260913T053456Z/features/large/obqa/01082.npz,25480d9d4481d3c7b8510de64e2233d34e649f94fda37deea7a03c76d4428477,8192,float32,ca2386f24d445258fc1244651ef6164bedaed16011ff4e7a0eff25b7fba9a542
large,obqa,12-245,1098,3,$DATA_DIR/P2_E1_DIRECTION_20260913T053456Z/features/large/obqa/01098.npz,02bc8aff35d91bd872ca03b408877bfea2c005fde9e73d85be07ad284b6a6187,8192,float32,ca2386f24d445258fc1244651ef6164bedaed16011ff4e7a0eff25b7fba9a542
large,obqa,12-258,1106,3,$DATA_DIR/P2_E1_DIRECTION_20260913T053456Z/features/large/obqa/01106.npz,0f498b9ffa73fdd73494daf1fb7659c4168641ba3ef1777cbcd722d4d782720c,8192,float32,ca2386f24d445258fc1244651ef6164bedaed16011ff4e7a0eff25b7fba9a542
large,obqa,12-286,1120,3,$DATA_DIR/P2_E1_DIRECTION_20260913T053456Z/features/large/obqa/01120.npz,cff3847e7d58f0df3e0c02ce46c99f18348522cfe73f555f29d83408cfd4567c,8192,float32,ca2386f24d445258fc1244651ef6164bedaed16011ff4e7a0eff25b7fba9a542
large,obqa,12-296,1127,3,$DATA_DIR/P2_E1_DIRECTION_20260913T053456Z/features/large/obqa/01127.npz,809c070823acacd61dee7a0ff17d751f1ba16e00ca4ce570909d38ec82c9f6e2,8192,float32,ca2386f24d445258fc1244651ef6164bedaed16011ff4e7a0eff25b7fba9a542
large,obqa,12-297,1128,3,$DATA_DIR/P2_E1_DIRECTION_20260913T053456Z/features/large/obqa/01128.npz,e578da4e77877ddbb3ff84692b840567f291ba5fa20d5bfa380bed4241527049,8192,float32,ca2386f24d445258fc1244651ef6164bedaed16011ff4e7a0eff25b7fba9a542
large,obqa,12-302,1130,3,$DATA_DIR/P2_E1_DIRECTION_20260913T053456Z/features/large/obqa/01130.npz,774c955fe66f15349332c58872c6b6ee6d10d9a88517d263772d5649ff73b578,8192,float32,ca2386f24d445258fc1244651ef6164bedaed16011ff4e7a0eff25b7fba9a542
large,obqa,12-308,1134,3,$DATA_DIR/P2_E1_DIRECTION_20260913T053456Z/features/large/obqa/01134.npz,8cfd3d8d5a1fad3bd7e4055f37e68fcf0ece28236e51d576c0db3ed180a3ccc4,8192,float32,ca2386f24d445258fc1244651ef6164bedaed16011ff4e7a0eff25b7fba9a542
large,obqa,12-317,1140,3,$DATA_DIR/P2_E1_DIRECTION_20260913T053456Z/features/large/obqa/01140.npz,f340ecd3de77dc1d8137ee2a9fb77c4e03f97f94e855905446af5ba7d12476ad,8192,float32,ca2386f24d445258fc1244651ef6164bedaed16011ff4e7a0eff25b7fba9a542
large,obqa,12-329,1146,3,$DATA_DIR/P2_E1_DIRECTION_20260913T053456Z/features/large/obqa/01146.npz,02a31140c4347dfd62417086969a75f1302ba122c3d3f626156b422f62af2e21,8192,float32,ca2386f24d445258fc1244651ef6164bedaed16011ff4e7a0eff25b7fba9a542
large,obqa,12-332,1150,3,$DATA_DIR/P2_E1_DIRECTION_20260913T053456Z/features/large/obqa/01150.npz,82baa9950e1f92b3d8443a9273309b0805058f7b4de1719bba519893dfefbb83,8192,float32,ca2386f24d445258fc1244651ef6164bedaed16011ff4e7a0eff25b7fba9a542
large,obqa,12-335,1152,3,$DATA_DIR/P2_E1_DIRECTION_20260913T053456Z/features/large/obqa/01152.npz,2e46490ae7c4d391d68744116a24399e6e37785ac784780739265bcb12d891ec,8192,float32,ca2386f24d445258fc1244651ef6164bedaed16011ff4e7a0eff25b7fba9a542
large,obqa,12-345,1159,3,$DATA_DIR/P2_E1_DIRECTION_20260913T053456Z/features/large/obqa/01159.npz,bb4f4d5caf7d2be64546b1321dcceddf768798c9da904bc4f71edfe6daa7e68f,8192,float32,ca2386f24d445258fc1244651ef6164bedaed16011ff4e7a0eff25b7fba9a542
large,obqa,12-350,1163,3,$DATA_DIR/P2_E1_DIRECTION_20260913T053456Z/features/large/obqa/01163.npz,ccdb1b75265f0b08e4ba07a9560d9c96b3267c46341b94eefb4c0a3291587158,8192,float32,ca2386f24d445258fc1244651ef6164bedaed16011ff4e7a0eff25b7fba9a542
large,obqa,12-351,1164,3,$DATA_DIR/P2_E1_DIRECTION_20260913T053456Z/features/large/obqa/01164.npz,d6db2403620f0324598b5881ec772ab4cf657d5253a8d511bd050c204ab3dfb6,8192,float32,ca2386f24d445258fc1244651ef6164bedaed16011ff4e7a0eff25b7fba9a542
large,obqa,12-356,1168,3,$DATA_DIR/P2_E1_DIRECTION_20260913T053456Z/features/large/obqa/01168.npz,ff9d1ca4ff07ecf3403073cafdef475bc0a26b7d13aeb7a20fa75c9c82ed4420,8192,float32,ca2386f24d445258fc1244651ef6164bedaed16011ff4e7a0eff25b7fba9a542
large,obqa,12-364,1173,3,$DATA_DIR/P2_E1_DIRECTION_20260913T053456Z/features/large/obqa/01173.npz,b47051e7877c88c82836e8736896024e25f8ac24bcbd36e1fe8d1b1f4bc4016c,8192,float32,ca2386f24d445258fc1244651ef6164bedaed16011ff4e7a0eff25b7fba9a542
large,obqa,12-380,1182,3,$DATA_DIR/P2_E1_DIRECTION_20260913T053456Z/features/large/obqa/01182.npz,408162b6bff9398311e1873280ecd962e082b39dc2931fd1a1796da13e73f551,8192,float32,ca2386f24d445258fc1244651ef6164bedaed16011ff4e7a0eff25b7fba9a542
large,obqa,12-381,1183,3,$DATA_DIR/P2_E1_DIRECTION_20260913T053456Z/features/large/obqa/01183.npz,b0fe6540e740ec00e5af9e1a249d8df5f130163c3ccea75f1a35e0e5930e7ac0,8192,float32,ca2386f24d445258fc1244651ef6164bedaed16011ff4e7a0eff25b7fba9a542
large,obqa,12-382,1184,3,$DATA_DIR/P2_E1_DIRECTION_20260913T053456Z/features/large/obqa/01184.npz,484e7604844c249f3e7d2a8435b643eb55d152c5b7ec8f162f1e8fafe85e7f72,8192,float32,ca2386f24d445258fc1244651ef6164bedaed16011ff4e7a0eff25b7fba9a542
large,obqa,12-391,1189,3,$DATA_DIR/P2_E1_DIRECTION_20260913T053456Z/features/large/obqa/01189.npz,7d1cc5634c701da0d077f2ef9e8d183e7b145ca3e089d4c9c5b58020e5b7d6fc,8192,float32,ca2386f24d445258fc1244651ef6164bedaed16011ff4e7a0eff25b7fba9a542
large,obqa,12-396,1192,3,$DATA_DIR/P2_E1_DIRECTION_20260913T053456Z/features/large/obqa/01192.npz,6db27c6a29ff732ddd9548a2ea0de4d89b125e77670887586f9c1ff50c5f3409,8192,float32,ca2386f24d445258fc1244651ef6164bedaed16011ff4e7a0eff25b7fba9a542
large,obqa,12-403,1196,3,$DATA_DIR/P2_E1_DIRECTION_20260913T053456Z/features/large/obqa/01196.npz,d1cd34346a504b1b96a177054a0ec6d5d71b9bdd9e1de8fd6a39347ae1c928c8,8192,float32,ca2386f24d445258fc1244651ef6164bedaed16011ff4e7a0eff25b7fba9a542
large,obqa,12-44,1211,3,$DATA_DIR/P2_E1_DIRECTION_20260913T053456Z/features/large/obqa/01211.npz,29c37e0bf20d77191b2b6997cb2dccef35e8e3a89ba57486351f6a9364853f04,8192,float32,ca2386f24d445258fc1244651ef6164bedaed16011ff4e7a0eff25b7fba9a542
large,obqa,12-442,1213,3,$DATA_DIR/P2_E1_DIRECTION_20260913T053456Z/features/large/obqa/01213.npz,2598a39ab86af21823454df80b2fe957b5642c5d7aabd1305f10998b9809f9cb,8192,float32,ca2386f24d445258fc1244651ef6164bedaed16011ff4e7a0eff25b7fba9a542
large,obqa,12-452,1218,3,$DATA_DIR/P2_E1_DIRECTION_20260913T053456Z/features/large/obqa/01218.npz,6305d5bb25a77de4d288f319588f8f2772b5cba7057b8917ee87b378f3325b97,8192,float32,ca2386f24d445258fc1244651ef6164bedaed16011ff4e7a0eff25b7fba9a542
large,obqa,12-457,1222,3,$DATA_DIR/P2_E1_DIRECTION_20260913T053456Z/features/large/obqa/01222.npz,33d4667b35094954faed0d89b919feedf404eb6971d98439409b56d9e50626df,8192,float32,ca2386f24d445258fc1244651ef6164bedaed16011ff4e7a0eff25b7fba9a542
large,obqa,12-46,1224,3,$DATA_DIR/P2_E1_DIRECTION_20260913T053456Z/features/large/obqa/01224.npz,0e3e73b6276a11ac52132333dd6e0a31f464913e43addcdce99e2a1b356b00cd,8192,float32,ca2386f24d445258fc1244651ef6164bedaed16011ff4e7a0eff25b7fba9a542
large,obqa,12-466,1228,3,$DATA_DIR/P2_E1_DIRECTION_20260913T053456Z/features/large/obqa/01228.npz,124f79a825e49c5943cac4cd2cc9179dd533f37e1e37b91083913bf031676f89,8192,float32,ca2386f24d445258fc1244651ef6164bedaed16011ff4e7a0eff25b7fba9a542
large,obqa,12-481,1236,3,$DATA_DIR/P2_E1_DIRECTION_20260913T053456Z/features/large/obqa/01236.npz,c9404f0f11ca430f428deeb5b51172733c9d6958fa899923472f875dda5af046,8192,float32,ca2386f24d445258fc1244651ef6164bedaed16011ff4e7a0eff25b7fba9a542
large,obqa,12-486,1239,3,$DATA_DIR/P2_E1_DIRECTION_20260913T053456Z/features/large/obqa/01239.npz,616c378a7831ac7e6319ac3b17c7c681b27b301a30e666b060eb363409f0d998,8192,float32,ca2386f24d445258fc1244651ef6164bedaed16011ff4e7a0eff25b7fba9a542
large,obqa,12-487,1240,3,$DATA_DIR/P2_E1_DIRECTION_20260913T053456Z/features/large/obqa/01240.npz,aa708c43f5877e6978006845121b77be81bedc86a9c5a84a47424d91d5ecb6a2,8192,float32,ca2386f24d445258fc1244651ef6164bedaed16011ff4e7a0eff25b7fba9a542
large,obqa,12-501,1246,3,$DATA_DIR/P2_E1_DIRECTION_20260913T053456Z/features/large/obqa/01246.npz,e89f24c5c01e82a904f6a4af5273817676783ec41eed3639163b427382f05403,8192,float32,ca2386f24d445258fc1244651ef6164bedaed16011ff4e7a0eff25b7fba9a542
large,obqa,12-511,1252,3,$DATA_DIR/P2_E1_DIRECTION_20260913T053456Z/features/large/obqa/01252.npz,9812f687d220e9b1a0f10ce0d13a0a404295378e5b3850b8ac52a2d7bbffa709,8192,float32,ca2386f24d445258fc1244651ef6164bedaed16011ff4e7a0eff25b7fba9a542
large,obqa,12-526,1259,3,$DATA_DIR/P2_E1_DIRECTION_20260913T053456Z/features/large/obqa/01259.npz,ccd010e4c77dd2e383f523492611c576f7c5e7944ca56be546313ece3407bd36,8192,float32,ca2386f24d445258fc1244651ef6164bedaed16011ff4e7a0eff25b7fba9a542
large,obqa,12-56,1274,3,$DATA_DIR/P2_E1_DIRECTION_20260913T053456Z/features/large/obqa/01274.npz,7a0f5876b89d10da625e3d3f35d8dcff54f6b60f509d86acf5ddc018fc968757,8192,float32,ca2386f24d445258fc1244651ef6164bedaed16011ff4e7a0eff25b7fba9a542
large,obqa,12-566,1277,3,$DATA_DIR/P2_E1_DIRECTION_20260913T053456Z/features/large/obqa/01277.npz,8edf300504b45d9538cfb195721a69017e4d92bf4a2749a28754829846833574,8192,float32,ca2386f24d445258fc1244651ef6164bedaed16011ff4e7a0eff25b7fba9a542
large,obqa,12-583,1284,3,$DATA_DIR/P2_E1_DIRECTION_20260913T053456Z/features/large/obqa/01284.npz,2ed616234ce0a40763164d6d05c84686386dd494178a4a2b24dbcae89f150057,8192,float32,ca2386f24d445258fc1244651ef6164bedaed16011ff4e7a0eff25b7fba9a542
large,obqa,12-596,1292,3,$DATA_DIR/P2_E1_DIRECTION_20260913T053456Z/features/large/obqa/01292.npz,95ccafa6ce13bd580c4b84c31b6b15dfe714df29c8295f7664acadccc6003ab6,8192,float32,ca2386f24d445258fc1244651ef6164bedaed16011ff4e7a0eff25b7fba9a542
large,obqa,12-614,1302,3,$DATA_DIR/P2_E1_DIRECTION_20260913T053456Z/features/large/obqa/01302.npz,6da7bd186f5a966e983b4d23b850f10eea072ab76906c466d01b193a5987dc43,8192,float32,ca2386f24d445258fc1244651ef6164bedaed16011ff4e7a0eff25b7fba9a542
large,obqa,12-616,1303,3,$DATA_DIR/P2_E1_DIRECTION_20260913T053456Z/features/large/obqa/01303.npz,9af99eee30208c74472c3888fbe85e06d0b2b60b7913552eebb8381bcf683094,8192,float32,ca2386f24d445258fc1244651ef6164bedaed16011ff4e7a0eff25b7fba9a542
large,obqa,12-619,1304,3,$DATA_DIR/P2_E1_DIRECTION_20260913T053456Z/features/large/obqa/01304.npz,8c1d4e54b40b4300377bb26267479a901bd625338c799b671e64b99efa32f688,8192,float32,ca2386f24d445258fc1244651ef6164bedaed16011ff4e7a0eff25b7fba9a542
large,obqa,12-620,1305,3,$DATA_DIR/P2_E1_DIRECTION_20260913T053456Z/features/large/obqa/01305.npz,0ef6e457b6c062f6fbf26cf1d4fed6d4c45e987bf5dd77fd45fca92e3e7c2a78,8192,float32,ca2386f24d445258fc1244651ef6164bedaed16011ff4e7a0eff25b7fba9a542
large,obqa,12-646,1325,3,$DATA_DIR/P2_E1_DIRECTION_20260913T053456Z/features/large/obqa/01325.npz,7e7f33d81358cff67c0f7049fb67fdf3f9e6dc86f50353bc1056e6770942c488,8192,float32,ca2386f24d445258fc1244651ef6164bedaed16011ff4e7a0eff25b7fba9a542
large,obqa,12-649,1328,3,$DATA_DIR/P2_E1_DIRECTION_20260913T053456Z/features/large/obqa/01328.npz,573635f8248327840229a19ed5f4538a5e5a16ec98304984f8d0c35b17ab911d,8192,float32,ca2386f24d445258fc1244651ef6164bedaed16011ff4e7a0eff25b7fba9a542
large,obqa,12-651,1330,3,$DATA_DIR/P2_E1_DIRECTION_20260913T053456Z/features/large/obqa/01330.npz,0bf04b598d5005f1b373a0e6da6d234e9296b15db5402a95808ee3e33b066863,8192,float32,ca2386f24d445258fc1244651ef6164bedaed16011ff4e7a0eff25b7fba9a542
large,obqa,12-663,1339,3,$DATA_DIR/P2_E1_DIRECTION_20260913T053456Z/features/large/obqa/01339.npz,15484958e9a2f9f93fe2942de1fdf07baba651d566fa98d8a6e8fb33848003f6,8192,float32,ca2386f24d445258fc1244651ef6164bedaed16011ff4e7a0eff25b7fba9a542
large,obqa,12-666,1342,3,$DATA_DIR/P2_E1_DIRECTION_20260913T053456Z/features/large/obqa/01342.npz,5608b567de44091adaeea77bdca92cabc3d2f4cdc8becc9411325273d2d193de,8192,float32,ca2386f24d445258fc1244651ef6164bedaed16011ff4e7a0eff25b7fba9a542
large,obqa,12-667,1343,3,$DATA_DIR/P2_E1_DIRECTION_20260913T053456Z/features/large/obqa/01343.npz,92daf9733ea19bab4072da6100d1e1aaa0637d14f6f27ae315bda068844bf923,8192,float32,ca2386f24d445258fc1244651ef6164bedaed16011ff4e7a0eff25b7fba9a542
large,obqa,12-67,1345,3,$DATA_DIR/P2_E1_DIRECTION_20260913T053456Z/features/large/obqa/01345.npz,481ef78851bb7e9cfe385df238f2f5b188516a90a8b00237ab0f783ed5f60954,8192,float32,ca2386f24d445258fc1244651ef6164bedaed16011ff4e7a0eff25b7fba9a542
large,obqa,12-677,1350,3,$DATA_DIR/P2_E1_DIRECTION_20260913T053456Z/features/large/obqa/01350.npz,b49fcd66155d58015989ecda63cc3347fb804602beb38a8e451960ae1e8d8f7c,8192,float32,ca2386f24d445258fc1244651ef6164bedaed16011ff4e7a0eff25b7fba9a542
large,obqa,12-686,1355,3,$DATA_DIR/P2_E1_DIRECTION_20260913T053456Z/features/large/obqa/01355.npz,91a4fdeac17b73a2891ecce7d383cf22d4505c1f9a7961f9d6a4772339ab484b,8192,float32,ca2386f24d445258fc1244651ef6164bedaed16011ff4e7a0eff25b7fba9a542
large,obqa,12-687,1356,3,$DATA_DIR/P2_E1_DIRECTION_20260913T053456Z/features/large/obqa/01356.npz,ff9cc75f5b9358431637e8c492336c5f8f8a56caf3c77ba9ee90fc125b19671d,8192,float32,ca2386f24d445258fc1244651ef6164bedaed16011ff4e7a0eff25b7fba9a542
large,obqa,12-690,1358,3,$DATA_DIR/P2_E1_DIRECTION_20260913T053456Z/features/large/obqa/01358.npz,b88f144b20845a7a2f9544da85983e6ed9ff5b04ad8dd174d906419c464e3b36,8192,float32,ca2386f24d445258fc1244651ef6164bedaed16011ff4e7a0eff25b7fba9a542
large,obqa,12-692,1360,3,$DATA_DIR/P2_E1_DIRECTION_20260913T053456Z/features/large/obqa/01360.npz,f226488cdbb78d690c17a20f50b1b50eee04788ad5dad777e1146932f9f5d49e,8192,float32,ca2386f24d445258fc1244651ef6164bedaed16011ff4e7a0eff25b7fba9a542
large,obqa,12-703,1366,3,$DATA_DIR/P2_E1_DIRECTION_20260913T053456Z/features/large/obqa/01366.npz,cae434cbceb4bae4c91409702a3b42ad85f8bdccc664f0d28fe9838712ceb5c3,8192,float32,ca2386f24d445258fc1244651ef6164bedaed16011ff4e7a0eff25b7fba9a542
large,obqa,12-711,1369,3,$DATA_DIR/P2_E1_DIRECTION_20260913T053456Z/features/large/obqa/01369.npz,1a3500bbe32aa8cdde9c56ba24f391d737e6448b5f6a4d44dde7fbab8ccdaeb4,8192,float32,ca2386f24d445258fc1244651ef6164bedaed16011ff4e7a0eff25b7fba9a542
large,obqa,12-729,1375,3,$DATA_DIR/P2_E1_DIRECTION_20260913T053456Z/features/large/obqa/01375.npz,1f021ea098e7c8f73f5d7ea40fd3ef21434e0bf3cf2db64ca1df925c28adffa9,8192,float32,ca2386f24d445258fc1244651ef6164bedaed16011ff4e7a0eff25b7fba9a542
large,obqa,12-73,1376,3,$DATA_DIR/P2_E1_DIRECTION_20260913T053456Z/features/large/obqa/01376.npz,2975b533fbfe65b06e821cdf5e39cf365eaf03b2e4e842e066bb8313932774aa,8192,float32,ca2386f24d445258fc1244651ef6164bedaed16011ff4e7a0eff25b7fba9a542
large,obqa,12-744,1384,3,$DATA_DIR/P2_E1_DIRECTION_20260913T053456Z/features/large/obqa/01384.npz,145f79a0f379f7c5150643df7d2e3bd8c49916e5d4b33edb6ffccbad8f6e9c0e,8192,float32,ca2386f24d445258fc1244651ef6164bedaed16011ff4e7a0eff25b7fba9a542
large,obqa,12-753,1391,3,$DATA_DIR/P2_E1_DIRECTION_20260913T053456Z/features/large/obqa/01391.npz,58653ce80421e98d21b89d7205fae9cf49d51f02fc9e390458f217de6348cd62,8192,float32,ca2386f24d445258fc1244651ef6164bedaed16011ff4e7a0eff25b7fba9a542
large,obqa,12-772,1397,3,$DATA_DIR/P2_E1_DIRECTION_20260913T053456Z/features/large/obqa/01397.npz,688363dfdd800391ccce1b5d63e7f2318422d142bf67d465927b24099edf9412,8192,float32,ca2386f24d445258fc1244651ef6164bedaed16011ff4e7a0eff25b7fba9a542
large,obqa,12-775,1399,3,$DATA_DIR/P2_E1_DIRECTION_20260913T053456Z/features/large/obqa/01399.npz,d02502b13482d76911774e425b292112bde4be8e9627ea0d51493563bc0bdd3d,8192,float32,ca2386f24d445258fc1244651ef6164bedaed16011ff4e7a0eff25b7fba9a542
large,obqa,12-807,1417,3,$DATA_DIR/P2_E1_DIRECTION_20260913T053456Z/features/large/obqa/01417.npz,d25078d3d308c42202640756830278469ff260b67ece2367834cf84f639ce5a1,8192,float32,ca2386f24d445258fc1244651ef6164bedaed16011ff4e7a0eff25b7fba9a542
large,obqa,12-813,1420,3,$DATA_DIR/P2_E1_DIRECTION_20260913T053456Z/features/large/obqa/01420.npz,4e7b52a35f4e6c4c2e95c5279861377bb1160362b8613483a9bde22e5566328f,8192,float32,ca2386f24d445258fc1244651ef6164bedaed16011ff4e7a0eff25b7fba9a542
large,obqa,12-814,1421,3,$DATA_DIR/P2_E1_DIRECTION_20260913T053456Z/features/large/obqa/01421.npz,e2c122587fa2eaaf04f97ab358ec19bb6d5d18ba57b4c383323c68ea523b4757,8192,float32,ca2386f24d445258fc1244651ef6164bedaed16011ff4e7a0eff25b7fba9a542
large,obqa,12-825,1427,3,$DATA_DIR/P2_E1_DIRECTION_20260913T053456Z/features/large/obqa/01427.npz,d5c662c3b97e35525ff53cecc858534b56e2ea38191f30ce981efc2e97b08d6d,8192,float32,ca2386f24d445258fc1244651ef6164bedaed16011ff4e7a0eff25b7fba9a542
large,obqa,12-833,1428,3,$DATA_DIR/P2_E1_DIRECTION_20260913T053456Z/features/large/obqa/01428.npz,bd1b6964aa69a06387ae56c212c0075b22c7cbb1e503cc58d46d72bde91f5086,8192,float32,ca2386f24d445258fc1244651ef6164bedaed16011ff4e7a0eff25b7fba9a542
large,obqa,12-836,1429,3,$DATA_DIR/P2_E1_DIRECTION_20260913T053456Z/features/large/obqa/01429.npz,bdd60d2e7937ef99f1ac462fd0bbd667a609d37d849d7241fd2bc464f3e64e7f,8192,float32,ca2386f24d445258fc1244651ef6164bedaed16011ff4e7a0eff25b7fba9a542
large,obqa,12-853,1435,3,$DATA_DIR/P2_E1_DIRECTION_20260913T053456Z/features/large/obqa/01435.npz,b92318666443b10d1020607e4a82e1667705555b063486700c52790ca292242d,8192,float32,ca2386f24d445258fc1244651ef6164bedaed16011ff4e7a0eff25b7fba9a542
large,obqa,12-864,1439,3,$DATA_DIR/P2_E1_DIRECTION_20260913T053456Z/features/large/obqa/01439.npz,561b1ad53990ca97c0a3d72ec8f0e860daaed2d6585732ed8bc33b3b3cf3e7fe,8192,float32,ca2386f24d445258fc1244651ef6164bedaed16011ff4e7a0eff25b7fba9a542
large,obqa,12-866,1441,3,$DATA_DIR/P2_E1_DIRECTION_20260913T053456Z/features/large/obqa/01441.npz,75899d04fac3da02be137393c8a93b601b2a9d6b12a25271f456285ad51a7123,8192,float32,ca2386f24d445258fc1244651ef6164bedaed16011ff4e7a0eff25b7fba9a542
large,obqa,12-870,1444,3,$DATA_DIR/P2_E1_DIRECTION_20260913T053456Z/features/large/obqa/01444.npz,b16453da9312937573c0abf2f0efaf0f58785dd43426c5d3b0694139f99a3b9b,8192,float32,ca2386f24d445258fc1244651ef6164bedaed16011ff4e7a0eff25b7fba9a542
large,obqa,12-872,1445,3,$DATA_DIR/P2_E1_DIRECTION_20260913T053456Z/features/large/obqa/01445.npz,c14aa8c868ac92586cadd36a31f27830aae53762fe6286cc1fae81e71053a03d,8192,float32,ca2386f24d445258fc1244651ef6164bedaed16011ff4e7a0eff25b7fba9a542
large,obqa,12-875,1448,3,$DATA_DIR/P2_E1_DIRECTION_20260913T053456Z/features/large/obqa/01448.npz,8f9098a11ea2390ac844dfae5514230f07f57fb982d0d2fc1a297b8a2083a4d4,8192,float32,ca2386f24d445258fc1244651ef6164bedaed16011ff4e7a0eff25b7fba9a542
large,obqa,12-884,1453,3,$DATA_DIR/P2_E1_DIRECTION_20260913T053456Z/features/large/obqa/01453.npz,c73124c5f48ea4050758bac218916a5b96a5ad16e77d84b32859d806ef5838b6,8192,float32,ca2386f24d445258fc1244651ef6164bedaed16011ff4e7a0eff25b7fba9a542
large,obqa,12-887,1455,3,$DATA_DIR/P2_E1_DIRECTION_20260913T053456Z/features/large/obqa/01455.npz,e1383f772515a603c451b9dc9d4bd84e9e79ab9b7027ec1bac49790919c4291c,8192,float32,ca2386f24d445258fc1244651ef6164bedaed16011ff4e7a0eff25b7fba9a542
large,obqa,12-888,1456,3,$DATA_DIR/P2_E1_DIRECTION_20260913T053456Z/features/large/obqa/01456.npz,e9f2251a355abf47ca3d0395a00c8046a76e240cd508f84f73c0d96a372425bd,8192,float32,ca2386f24d445258fc1244651ef6164bedaed16011ff4e7a0eff25b7fba9a542
large,obqa,12-904,1470,3,$DATA_DIR/P2_E1_DIRECTION_20260913T053456Z/features/large/obqa/01470.npz,06f56f4e04384926d4c4c8d268b60d4d23f7f71ac827c1ac03da01f7c749cabd,8192,float32,ca2386f24d445258fc1244651ef6164bedaed16011ff4e7a0eff25b7fba9a542
large,obqa,12-91,1472,3,$DATA_DIR/P2_E1_DIRECTION_20260913T053456Z/features/large/obqa/01472.npz,f4be65443fcdf2bcf94e3bf628f5c1d65a0d0e31af85d8fef12929f5fbe0945f,8192,float32,ca2386f24d445258fc1244651ef6164bedaed16011ff4e7a0eff25b7fba9a542
large,obqa,12-934,1485,3,$DATA_DIR/P2_E1_DIRECTION_20260913T053456Z/features/large/obqa/01485.npz,bf217b728a06615442bb5638a17f12c332a4faecb3ab4e9cf79a8a1a963825de,8192,float32,ca2386f24d445258fc1244651ef6164bedaed16011ff4e7a0eff25b7fba9a542
large,obqa,12-941,1489,3,$DATA_DIR/P2_E1_DIRECTION_20260913T053456Z/features/large/obqa/01489.npz,0196b98ea7f0230f0b551ab0a411176e6e6cb6bd742dd7806f9a2b502b8aa976,8192,float32,ca2386f24d445258fc1244651ef6164bedaed16011ff4e7a0eff25b7fba9a542
large,obqa,12-945,1491,3,$DATA_DIR/P2_E1_DIRECTION_20260913T053456Z/features/large/obqa/01491.npz,e521943d48cb47481e37c777843cf6ef33fb46cde461535051662bc9fcfc8a9e,8192,float32,ca2386f24d445258fc1244651ef6164bedaed16011ff4e7a0eff25b7fba9a542
large,obqa,12-954,1496,3,$DATA_DIR/P2_E1_DIRECTION_20260913T053456Z/features/large/obqa/01496.npz,e87e23c2bd654019e1242cb39c348fea90d88114b08e0bcd6f6b1624c087717a,8192,float32,ca2386f24d445258fc1244651ef6164bedaed16011ff4e7a0eff25b7fba9a542
large,obqa,12-957,1498,3,$DATA_DIR/P2_E1_DIRECTION_20260913T053456Z/features/large/obqa/01498.npz,e98dd0bdcaa900c8ffa4af4a7491fd8d2209152150d20be5e46d774be3b0bb54,8192,float32,ca2386f24d445258fc1244651ef6164bedaed16011ff4e7a0eff25b7fba9a542
large,obqa,12-959,1499,3,$DATA_DIR/P2_E1_DIRECTION_20260913T053456Z/features/large/obqa/01499.npz,76dd9d21c86972cff147c998f54214ebe41eadd21a4e9a853ac29f7b90247e19,8192,float32,ca2386f24d445258fc1244651ef6164bedaed16011ff4e7a0eff25b7fba9a542
large,obqa,12-962,1501,3,$DATA_DIR/P2_E1_DIRECTION_20260913T053456Z/features/large/obqa/01501.npz,8ab17e6cb39c77ce3d51a1679e5e8169b19982299490ddd2a32977cf638fdfdc,8192,float32,ca2386f24d445258fc1244651ef6164bedaed16011ff4e7a0eff25b7fba9a542
large,obqa,12-966,1503,3,$DATA_DIR/P2_E1_DIRECTION_20260913T053456Z/features/large/obqa/01503.npz,44fced974c024c5c85367b6095ca7b67f017bc58f9b046df787acf5ac32805d8,8192,float32,ca2386f24d445258fc1244651ef6164bedaed16011ff4e7a0eff25b7fba9a542
large,obqa,12-967,1504,3,$DATA_DIR/P2_E1_DIRECTION_20260913T053456Z/features/large/obqa/01504.npz,96e436ba301fd58073fc879796ef2fe604975e40145d4fb87802e4e8095c1b3f,8192,float32,ca2386f24d445258fc1244651ef6164bedaed16011ff4e7a0eff25b7fba9a542
large,obqa,12-969,1505,3,$DATA_DIR/P2_E1_DIRECTION_20260913T053456Z/features/large/obqa/01505.npz,a86fa956a3769d8d2217d8c20e8d9f300e0e62fc9c14eb69a1b54571be1c1971,8192,float32,ca2386f24d445258fc1244651ef6164bedaed16011ff4e7a0eff25b7fba9a542
large,obqa,12-98,1509,3,$DATA_DIR/P2_E1_DIRECTION_20260913T053456Z/features/large/obqa/01509.npz,7a336fc5350646eaba80cfce9e7e1a05f0f8ca0e6d55d1bdb5b5aa94b1bf083c,8192,float32,ca2386f24d445258fc1244651ef6164bedaed16011ff4e7a0eff25b7fba9a542
large,obqa,12-984,1511,3,$DATA_DIR/P2_E1_DIRECTION_20260913T053456Z/features/large/obqa/01511.npz,e0296733edc0b4f656057c7a08df6a8a1c2a72c5ab9313b1ed9e2488d0bf4faf,8192,float32,ca2386f24d445258fc1244651ef6164bedaed16011ff4e7a0eff25b7fba9a542
large,obqa,12-987,1513,3,$DATA_DIR/P2_E1_DIRECTION_20260913T053456Z/features/large/obqa/01513.npz,917284722a82e6f906bc603c26f48b79110e698e85c2a6e45a401f842a97acee,8192,float32,ca2386f24d445258fc1244651ef6164bedaed16011ff4e7a0eff25b7fba9a542
large,obqa,1228,1528,3,$DATA_DIR/P2_E1_DIRECTION_20260913T053456Z/features/large/obqa/01528.npz,3ca111f86b73399d6a42619f8b8f7103268eb1cadaa9d2edfec100dd5e595fb2,8192,float32,ca2386f24d445258fc1244651ef6164bedaed16011ff4e7a0eff25b7fba9a542
large,obqa,1248,1530,3,$DATA_DIR/P2_E1_DIRECTION_20260913T053456Z/features/large/obqa/01530.npz,0501db0d57acf9759f640a13de760bdff4447f70de4aada5021befb58e42bd6f,8192,float32,ca2386f24d445258fc1244651ef6164bedaed16011ff4e7a0eff25b7fba9a542
large,obqa,1276,1534,3,$DATA_DIR/P2_E1_DIRECTION_20260913T053456Z/features/large/obqa/01534.npz,15708af438c8b74d046db16329166f3ed930468cc84482f3367ef93d0c1ea250,8192,float32,ca2386f24d445258fc1244651ef6164bedaed16011ff4e7a0eff25b7fba9a542
large,obqa,1299,1537,3,$DATA_DIR/P2_E1_DIRECTION_20260913T053456Z/features/large/obqa/01537.npz,6589fa1c1188cb445ed561d668ff374c07acda63efc1f5473c7728d21c0cab73,8192,float32,ca2386f24d445258fc1244651ef6164bedaed16011ff4e7a0eff25b7fba9a542
large,obqa,13-10,1539,3,$DATA_DIR/P2_E1_DIRECTION_20260913T053456Z/features/large/obqa/01539.npz,6707300dfb048935eacc934eee18a9ef489c4248dd08b4887039f95f0f279f15,8192,float32,ca2386f24d445258fc1244651ef6164bedaed16011ff4e7a0eff25b7fba9a542
large,obqa,13-1014,1545,3,$DATA_DIR/P2_E1_DIRECTION_20260913T053456Z/features/large/obqa/01545.npz,c5d16a223d7dccb2129ecec38f1c4be6486668ee87e375db4b366ee3a3010f9d,8192,float32,ca2386f24d445258fc1244651ef6164bedaed16011ff4e7a0eff25b7fba9a542
large,obqa,13-1022,1547,3,$DATA_DIR/P2_E1_DIRECTION_20260913T053456Z/features/large/obqa/01547.npz,1c6f36436b8285116c474977e5e90c1b066c285eaf77feacc232bb88b5f6be80,8192,float32,ca2386f24d445258fc1244651ef6164bedaed16011ff4e7a0eff25b7fba9a542
large,obqa,13-1024,1548,3,$DATA_DIR/P2_E1_DIRECTION_20260913T053456Z/features/large/obqa/01548.npz,fd964f03ff9e8dc985ff43ed30f5c8413300c7b921a873411d311852912c92fe,8192,float32,ca2386f24d445258fc1244651ef6164bedaed16011ff4e7a0eff25b7fba9a542
large,obqa,13-1025,1549,3,$DATA_DIR/P2_E1_DIRECTION_20260913T053456Z/features/large/obqa/01549.npz,6edabed5d1adf7beb71701809378039845539a41f28437e85c71478bb2eecc8f,8192,float32,ca2386f24d445258fc1244651ef6164bedaed16011ff4e7a0eff25b7fba9a542
large,obqa,13-1044,1561,3,$DATA_DIR/P2_E1_DIRECTION_20260913T053456Z/features/large/obqa/01561.npz,66b41236a1b4fd28116abdb1154812bb11dfa2194809fc6e0143dcdd349c523a,8192,float32,ca2386f24d445258fc1244651ef6164bedaed16011ff4e7a0eff25b7fba9a542
large,obqa,13-1058,1567,3,$DATA_DIR/P2_E1_DIRECTION_20260913T053456Z/features/large/obqa/01567.npz,18fd7da394957f90c3b8618a65a70a3fc957595bc17c7685eed00a7ea7c03f3c,8192,float32,ca2386f24d445258fc1244651ef6164bedaed16011ff4e7a0eff25b7fba9a542
large,obqa,13-114,1574,3,$DATA_DIR/P2_E1_DIRECTION_20260913T053456Z/features/large/obqa/01574.npz,8b457a75aee236a3043489b0ffe622e878cdb6ed19b6b0c97bd757a1d2a72013,8192,float32,ca2386f24d445258fc1244651ef6164bedaed16011ff4e7a0eff25b7fba9a542
large,obqa,13-118,1576,3,$DATA_DIR/P2_E1_DIRECTION_20260913T053456Z/features/large/obqa/01576.npz,e5943cb7e80b57751ea3a509aaf14a50f59bad01a063ef5e9c08c6c1a621121a,8192,float32,ca2386f24d445258fc1244651ef6164bedaed16011ff4e7a0eff25b7fba9a542
large,obqa,13-121,1579,3,$DATA_DIR/P2_E1_DIRECTION_20260913T053456Z/features/large/obqa/01579.npz,31f51c8d53f208ea572abb80d10bb3e941434a1bbf3d194fc0b5d945f6e224c3,8192,float32,ca2386f24d445258fc1244651ef6164bedaed16011ff4e7a0eff25b7fba9a542
large,obqa,13-124,1581,3,$DATA_DIR/P2_E1_DIRECTION_20260913T053456Z/features/large/obqa/01581.npz,0f7f09622776ba2c2c6e07375a4f417ad626a7ff7ee8aeb592a6e626a19900ec,8192,float32,ca2386f24d445258fc1244651ef6164bedaed16011ff4e7a0eff25b7fba9a542
large,obqa,13-134,1587,3,$DATA_DIR/P2_E1_DIRECTION_20260913T053456Z/features/large/obqa/01587.npz,543c8100352668c4c6d72695c38f5096f2319d33c3612168ebcbfbff9e309d2a,8192,float32,ca2386f24d445258fc1244651ef6164bedaed16011ff4e7a0eff25b7fba9a542
large,obqa,13-136,1588,3,$DATA_DIR/P2_E1_DIRECTION_20260913T053456Z/features/large/obqa/01588.npz,088187f5e23c1fc4f8ac8c3594be6611cd1c3f6f15fc868c0c1e2e20e07666a2,8192,float32,ca2386f24d445258fc1244651ef6164bedaed16011ff4e7a0eff25b7fba9a542
large,obqa,13-139,1590,3,$DATA_DIR/P2_E1_DIRECTION_20260913T053456Z/features/large/obqa/01590.npz,309fac5e8898b9f4e8bfa84853becd9b4d218b31955bcd7078be60e79b9dc80d,8192,float32,ca2386f24d445258fc1244651ef6164bedaed16011ff4e7a0eff25b7fba9a542
large,obqa,13-143,1592,3,$DATA_DIR/P2_E1_DIRECTION_20260913T053456Z/features/large/obqa/01592.npz,752330be3f663b35d790efed909732462ccc3a3e60f3b8a8996ff68e4f21832d,8192,float32,ca2386f24d445258fc1244651ef6164bedaed16011ff4e7a0eff25b7fba9a542
large,obqa,13-177,1607,3,$DATA_DIR/P2_E1_DIRECTION_20260913T053456Z/features/large/obqa/01607.npz,74793f88a4f33241a4e4910862e2a8f667cc63a1b3462358ac2b022699818313,8192,float32,ca2386f24d445258fc1244651ef6164bedaed16011ff4e7a0eff25b7fba9a542
large,obqa,13-204,1621,3,$DATA_DIR/P2_E1_DIRECTION_20260913T053456Z/features/large/obqa/01621.npz,c03132a84044ddc712bfabef9476942a1fa04a88b7cb53548632b7e34208dba1,8192,float32,ca2386f24d445258fc1244651ef6164bedaed16011ff4e7a0eff25b7fba9a542
large,obqa,13-221,1629,3,$DATA_DIR/P2_E1_DIRECTION_20260913T053456Z/features/large/obqa/01629.npz,00908e887f8b7dc96f185924a08e028e4c70661fb62a05c741e6085a937b9c23,8192,float32,ca2386f24d445258fc1244651ef6164bedaed16011ff4e7a0eff25b7fba9a542
large,obqa,13-247,1642,3,$DATA_DIR/P2_E1_DIRECTION_20260913T053456Z/features/large/obqa/01642.npz,15ae024bd42ef206410f9902e1f2164a47812ad02e898bd3c1ddbcd76d5a7852,8192,float32,ca2386f24d445258fc1244651ef6164bedaed16011ff4e7a0eff25b7fba9a542
large,obqa,13-249,1643,3,$DATA_DIR/P2_E1_DIRECTION_20260913T053456Z/features/large/obqa/01643.npz,22f96fd4428d85c56fab2679a8b112dafcaef5daede63166d0441ffa15053cc6,8192,float32,ca2386f24d445258fc1244651ef6164bedaed16011ff4e7a0eff25b7fba9a542
large,obqa,13-251,1646,3,$DATA_DIR/P2_E1_DIRECTION_20260913T053456Z/features/large/obqa/01646.npz,42b2bbc1a0c27784436e5e04db564eb5c35101958f55cb413fb03b9b3aec0130,8192,float32,ca2386f24d445258fc1244651ef6164bedaed16011ff4e7a0eff25b7fba9a542
large,obqa,13-255,1648,3,$DATA_DIR/P2_E1_DIRECTION_20260913T053456Z/features/large/obqa/01648.npz,0025fe5fc6b1c94ea8f2acb754645beaeef55eb296de08fa15773793d2351ba5,8192,float32,ca2386f24d445258fc1244651ef6164bedaed16011ff4e7a0eff25b7fba9a542
large,obqa,13-26,1649,3,$DATA_DIR/P2_E1_DIRECTION_20260913T053456Z/features/large/obqa/01649.npz,487fd7b1b8a6fbe0bb19f61fe1e3b33f25fa59df9fa2ed05d3d4a85a27402d33,8192,float32,ca2386f24d445258fc1244651ef6164bedaed16011ff4e7a0eff25b7fba9a542
large,obqa,13-261,1651,3,$DATA_DIR/P2_E1_DIRECTION_20260913T053456Z/features/large/obqa/01651.npz,ed575ab9e33c1ba02091fc29b60379c153c355347def4343fe4e3f767b31e021,8192,float32,ca2386f24d445258fc1244651ef6164bedaed16011ff4e7a0eff25b7fba9a542
large,obqa,13-268,1654,3,$DATA_DIR/P2_E1_DIRECTION_20260913T053456Z/features/large/obqa/01654.npz,60f240d6d836a4eb399224d1b7788bb6460b550d307f13ddd2deb97fd98516cd,8192,float32,ca2386f24d445258fc1244651ef6164bedaed16011ff4e7a0eff25b7fba9a542
large,obqa,13-284,1660,3,$DATA_DIR/P2_E1_DIRECTION_20260913T053456Z/features/large/obqa/01660.npz,e5b61b7ddcdd86c6fa00b3055e067b14f0ba8d5247923ca4abe0b96a35d7eff2,8192,float32,ca2386f24d445258fc1244651ef6164bedaed16011ff4e7a0eff25b7fba9a542
large,obqa,13-3,1666,3,$DATA_DIR/P2_E1_DIRECTION_20260913T053456Z/features/large/obqa/01666.npz,7189841a86773b1301c5677997c02e331334955edd2e6f7041b52a6309f0fe38,8192,float32,ca2386f24d445258fc1244651ef6164bedaed16011ff4e7a0eff25b7fba9a542
large,obqa,13-302,1668,3,$DATA_DIR/P2_E1_DIRECTION_20260913T053456Z/features/large/obqa/01668.npz,2eda3a2872fdcd8972e7ba786c8844c0881525b043614af2051df11f6fadb9fa,8192,float32,ca2386f24d445258fc1244651ef6164bedaed16011ff4e7a0eff25b7fba9a542
large,obqa,13-307,1672,3,$DATA_DIR/P2_E1_DIRECTION_20260913T053456Z/features/large/obqa/01672.npz,2c67ffd9dd69ae481a34482cd5b93a38b13593d0ed29a660ab91846fdb8f39b5,8192,float32,ca2386f24d445258fc1244651ef6164bedaed16011ff4e7a0eff25b7fba9a542
large,obqa,13-308,1673,3,$DATA_DIR/P2_E1_DIRECTION_20260913T053456Z/features/large/obqa/01673.npz,47bfef963f0ac03addec5b62b87200035644227b77b4376cf53ac3206f33f66f,8192,float32,ca2386f24d445258fc1244651ef6164bedaed16011ff4e7a0eff25b7fba9a542
large,obqa,13-313,1676,3,$DATA_DIR/P2_E1_DIRECTION_20260913T053456Z/features/large/obqa/01676.npz,d3644e2ba2a304bebea700a3d066c1f5a19c25ec4f360cdb6a94551a73eb56ae,8192,float32,ca2386f24d445258fc1244651ef6164bedaed16011ff4e7a0eff25b7fba9a542
large,obqa,13-319,1679,3,$DATA_DIR/P2_E1_DIRECTION_20260913T053456Z/features/large/obqa/01679.npz,7037a8d87e3fb5dea4748e86be9702c0f1b01a11450eda578a1548b2b9118cb2,8192,float32,ca2386f24d445258fc1244651ef6164bedaed16011ff4e7a0eff25b7fba9a542
large,obqa,13-326,1682,3,$DATA_DIR/P2_E1_DIRECTION_20260913T053456Z/features/large/obqa/01682.npz,42a0f4f9332f90cd02ad18b49352437eca836319e480950a43aa47603188a6e0,8192,float32,ca2386f24d445258fc1244651ef6164bedaed16011ff4e7a0eff25b7fba9a542
large,obqa,13-329,1684,3,$DATA_DIR/P2_E1_DIRECTION_20260913T053456Z/features/large/obqa/01684.npz,f63b16f8ac8cc755eff9fae4966c31d1978d0cd868482b98fe4d24bff83f82ab,8192,float32,ca2386f24d445258fc1244651ef6164bedaed16011ff4e7a0eff25b7fba9a542
large,obqa,13-34,1692,3,$DATA_DIR/P2_E1_DIRECTION_20260913T053456Z/features/large/obqa/01692.npz,131beae55226dbbd48d20866ef015cfe465c6724f2d54cd06b61c09584cfc36b,8192,float32,ca2386f24d445258fc1244651ef6164bedaed16011ff4e7a0eff25b7fba9a542
large,obqa,13-341,1694,3,$DATA_DIR/P2_E1_DIRECTION_20260913T053456Z/features/large/obqa/01694.npz,95f4f3a62c1d20b38ec4c538b6736762ac5a56e38267d974e5eb2a7138c8d5e3,8192,float32,ca2386f24d445258fc1244651ef6164bedaed16011ff4e7a0eff25b7fba9a542
large,obqa,13-350,1698,3,$DATA_DIR/P2_E1_DIRECTION_20260913T053456Z/features/large/obqa/01698.npz,1e8cc474425efd78ae9e536cf2fc08249c4f1bd0964b9c54c42463f333bc401b,8192,float32,ca2386f24d445258fc1244651ef6164bedaed16011ff4e7a0eff25b7fba9a542
large,obqa,13-366,1705,3,$DATA_DIR/P2_E1_DIRECTION_20260913T053456Z/features/large/obqa/01705.npz,cf34b2ea222beb41fa05bf76edcf786de1ff352a95b196bc354170ade6b63e24,8192,float32,ca2386f24d445258fc1244651ef6164bedaed16011ff4e7a0eff25b7fba9a542
large,obqa,13-377,1708,3,$DATA_DIR/P2_E1_DIRECTION_20260913T053456Z/features/large/obqa/01708.npz,02ec7317b71dede6b19b76cec65395e1cc4b7bae91f3facc8e05529ab460d3f6,8192,float32,ca2386f24d445258fc1244651ef6164bedaed16011ff4e7a0eff25b7fba9a542
large,obqa,13-38,1709,3,$DATA_DIR/P2_E1_DIRECTION_20260913T053456Z/features/large/obqa/01709.npz,31d5e92a70fca1066cdfea64c18717206443c40dd4d77ab9526c859f37b5bd67,8192,float32,ca2386f24d445258fc1244651ef6164bedaed16011ff4e7a0eff25b7fba9a542
large,obqa,13-387,1714,3,$DATA_DIR/P2_E1_DIRECTION_20260913T053456Z/features/large/obqa/01714.npz,47e8426e6901acd738f7a07c39d23b25ae0591507012fa3aa98344216cd2cfde,8192,float32,ca2386f24d445258fc1244651ef6164bedaed16011ff4e7a0eff25b7fba9a542
large,obqa,13-393,1718,3,$DATA_DIR/P2_E1_DIRECTION_20260913T053456Z/features/large/obqa/01718.npz,5769bf18b16400b6b3a2a2c640bdad6454f22bfe2cfb3ac915b259d2fa26ae20,8192,float32,ca2386f24d445258fc1244651ef6164bedaed16011ff4e7a0eff25b7fba9a542
large,obqa,13-398,1719,3,$DATA_DIR/P2_E1_DIRECTION_20260913T053456Z/features/large/obqa/01719.npz,a43f298ad277efd5b7c7e61d83dd369d6ea6a32ee2e6c4a4b721b8a180248168,8192,float32,ca2386f24d445258fc1244651ef6164bedaed16011ff4e7a0eff25b7fba9a542
large,obqa,13-40,1721,3,$DATA_DIR/P2_E1_DIRECTION_20260913T053456Z/features/large/obqa/01721.npz,5710119c9faa4ef4fe1125df50359d395a3c47743e841b2aeb0bfefcd0eba204,8192,float32,ca2386f24d445258fc1244651ef6164bedaed16011ff4e7a0eff25b7fba9a542
large,obqa,13-440,1739,3,$DATA_DIR/P2_E1_DIRECTION_20260913T053456Z/features/large/obqa/01739.npz,6ad4115c7fd3f563d686ab0660e25fcf31aeaf637f0fc83a96ef63636cc1016b,8192,float32,ca2386f24d445258fc1244651ef6164bedaed16011ff4e7a0eff25b7fba9a542
large,obqa,13-45,1743,3,$DATA_DIR/P2_E1_DIRECTION_20260913T053456Z/features/large/obqa/01743.npz,62f9600ab839e0907b97b70412ea3ece9864dd812885694a3e1fc06971a5c50c,8192,float32,ca2386f24d445258fc1244651ef6164bedaed16011ff4e7a0eff25b7fba9a542
large,obqa,13-453,1744,3,$DATA_DIR/P2_E1_DIRECTION_20260913T053456Z/features/large/obqa/01744.npz,2bfec7f339de931f67ff015bca1aa1661d79b832ce2f9f8a7d59a216f7078527,8192,float32,ca2386f24d445258fc1244651ef6164bedaed16011ff4e7a0eff25b7fba9a542
large,obqa,13-454,1745,3,$DATA_DIR/P2_E1_DIRECTION_20260913T053456Z/features/large/obqa/01745.npz,b43364a29eddff4f79b57c7d910ec7c9266a394fbb6679f85b1dc179c2a81938,8192,float32,ca2386f24d445258fc1244651ef6164bedaed16011ff4e7a0eff25b7fba9a542
large,obqa,13-48,1759,3,$DATA_DIR/P2_E1_DIRECTION_20260913T053456Z/features/large/obqa/01759.npz,fd1cc5a511f147d464f6b1732a0b8e5b0ade8fe7422f31949dfd893f13c65085,8192,float32,ca2386f24d445258fc1244651ef6164bedaed16011ff4e7a0eff25b7fba9a542
large,obqa,13-486,1763,3,$DATA_DIR/P2_E1_DIRECTION_20260913T053456Z/features/large/obqa/01763.npz,533cff3445ad9a9dc75e2a71afe19e5e12e3d2617fdaa021cb54b890cb4326f3,8192,float32,ca2386f24d445258fc1244651ef6164bedaed16011ff4e7a0eff25b7fba9a542
large,obqa,13-487,1764,3,$DATA_DIR/P2_E1_DIRECTION_20260913T053456Z/features/large/obqa/01764.npz,d9a0d5b704ed577a1a166803c9df3b04b49d1200c493fb7e3a52253036ee4702,8192,float32,ca2386f24d445258fc1244651ef6164bedaed16011ff4e7a0eff25b7fba9a542
large,obqa,13-49,1765,3,$DATA_DIR/P2_E1_DIRECTION_20260913T053456Z/features/large/obqa/01765.npz,f895ba3e97f2768953663638cd52d4dff9c8f2cf6c3966a16f932408007a8825,8192,float32,ca2386f24d445258fc1244651ef6164bedaed16011ff4e7a0eff25b7fba9a542
large,obqa,13-493,1766,3,$DATA_DIR/P2_E1_DIRECTION_20260913T053456Z/features/large/obqa/01766.npz,7a304b58f605fe29bb6335acd1d2511a35f96a7a14effc9772c30fd7bfc1a48e,8192,float32,ca2386f24d445258fc1244651ef6164bedaed16011ff4e7a0eff25b7fba9a542
large,obqa,13-502,1771,3,$DATA_DIR/P2_E1_DIRECTION_20260913T053456Z/features/large/obqa/01771.npz,125caac805927cbbce74bb9c8bd23ae732c6ba83cc5ef503da82dcbe7c68ca78,8192,float32,ca2386f24d445258fc1244651ef6164bedaed16011ff4e7a0eff25b7fba9a542
large,obqa,13-511,1778,3,$DATA_DIR/P2_E1_DIRECTION_20260913T053456Z/features/large/obqa/01778.npz,a26ed2796fd5403c1ae07f0a5b0722af2b4cc096d8b011c7ce10c61a6865ead9,8192,float32,ca2386f24d445258fc1244651ef6164bedaed16011ff4e7a0eff25b7fba9a542
large,obqa,13-517,1782,3,$DATA_DIR/P2_E1_DIRECTION_20260913T053456Z/features/large/obqa/01782.npz,205cffd3771080fb310583cd8ac1f6f766af828589e2a4f201bd28c4f357f063,8192,float32,ca2386f24d445258fc1244651ef6164bedaed16011ff4e7a0eff25b7fba9a542
large,obqa,13-519,1783,3,$DATA_DIR/P2_E1_DIRECTION_20260913T053456Z/features/large/obqa/01783.npz,95ac256788c4e5a6c8023ab362eef7d96bf72bb6f9a9da1fba93c0c8b55db17a,8192,float32,ca2386f24d445258fc1244651ef6164bedaed16011ff4e7a0eff25b7fba9a542
large,obqa,13-536,1788,3,$DATA_DIR/P2_E1_DIRECTION_20260913T053456Z/features/large/obqa/01788.npz,d1edd90591b77e20255b819cdaa863545b99319b3319a53dfedb4b4b3f82a977,8192,float32,ca2386f24d445258fc1244651ef6164bedaed16011ff4e7a0eff25b7fba9a542
large,obqa,13-541,1790,3,$DATA_DIR/P2_E1_DIRECTION_20260913T053456Z/features/large/obqa/01790.npz,f518233be3ce9744f10959db930f30d0d5e5550de5674a7ac197713bbd78e032,8192,float32,ca2386f24d445258fc1244651ef6164bedaed16011ff4e7a0eff25b7fba9a542
large,obqa,13-568,1803,3,$DATA_DIR/P2_E1_DIRECTION_20260913T053456Z/features/large/obqa/01803.npz,6d5cb8e28590576785bd034c3e17da03aba87043815c173f1f83f80b72e188df,8192,float32,ca2386f24d445258fc1244651ef6164bedaed16011ff4e7a0eff25b7fba9a542
large,obqa,13-572,1804,3,$DATA_DIR/P2_E1_DIRECTION_20260913T053456Z/features/large/obqa/01804.npz,1dce4a495845cea71b344098569b65b766e05ac2dd8aa647476e1b3b9cb47929,8192,float32,ca2386f24d445258fc1244651ef6164bedaed16011ff4e7a0eff25b7fba9a542
large,obqa,13-574,1805,3,$DATA_DIR/P2_E1_DIRECTION_20260913T053456Z/features/large/obqa/01805.npz,0a66a31e7c6cb1fedcca68e88d379b491e0924e86770a8c6c71c211abc7d2d34,8192,float32,ca2386f24d445258fc1244651ef6164bedaed16011ff4e7a0eff25b7fba9a542
large,obqa,13-575,1806,3,$DATA_DIR/P2_E1_DIRECTION_20260913T053456Z/features/large/obqa/01806.npz,4610795c76e81b5fec2819e766e2779d4b11a4e19b2ad71fa06d596d8f0c7661,8192,float32,ca2386f24d445258fc1244651ef6164bedaed16011ff4e7a0eff25b7fba9a542
large,obqa,13-581,1810,3,$DATA_DIR/P2_E1_DIRECTION_20260913T053456Z/features/large/obqa/01810.npz,4fe1d64e76542bfbad0ff0f4f49965707dc833c0349ce445b6ff91ae46041260,8192,float32,ca2386f24d445258fc1244651ef6164bedaed16011ff4e7a0eff25b7fba9a542
large,obqa,13-589,1816,3,$DATA_DIR/P2_E1_DIRECTION_20260913T053456Z/features/large/obqa/01816.npz,da08c534c612d958d486339c21ef66fa77c817c9a22e2b69e23e8d32d6539a97,8192,float32,ca2386f24d445258fc1244651ef6164bedaed16011ff4e7a0eff25b7fba9a542
large,obqa,13-591,1818,3,$DATA_DIR/P2_E1_DIRECTION_20260913T053456Z/features/large/obqa/01818.npz,583aedc933aa6b4c24632dffdd73c1ebc93d5fbdbd81a05e5ef0c77d389c1d6c,8192,float32,ca2386f24d445258fc1244651ef6164bedaed16011ff4e7a0eff25b7fba9a542
large,obqa,13-616,1830,3,$DATA_DIR/P2_E1_DIRECTION_20260913T053456Z/features/large/obqa/01830.npz,ad6b81dc2dd43fbd8cf9d634c4896b59141414a9923e94e874c64b4f24ae864c,8192,float32,ca2386f24d445258fc1244651ef6164bedaed16011ff4e7a0eff25b7fba9a542
large,obqa,13-628,1837,3,$DATA_DIR/P2_E1_DIRECTION_20260913T053456Z/features/large/obqa/01837.npz,fc654ed2c13817317ea03c164dfa2ba687e17a3b620b8874873dda873611c80c,8192,float32,ca2386f24d445258fc1244651ef6164bedaed16011ff4e7a0eff25b7fba9a542
large,obqa,13-63,1838,3,$DATA_DIR/P2_E1_DIRECTION_20260913T053456Z/features/large/obqa/01838.npz,4f6675f4be6017124b7cebc7a01208292eebd5c78a161f6f3c8184d9eb2f95bc,8192,float32,ca2386f24d445258fc1244651ef6164bedaed16011ff4e7a0eff25b7fba9a542
large,obqa,13-66,1853,3,$DATA_DIR/P2_E1_DIRECTION_20260913T053456Z/features/large/obqa/01853.npz,c902ae9a5d04e717a42d6c6a69b4ecc6886e2eb40bad1b9246e6aac6a2fb4097,8192,float32,ca2386f24d445258fc1244651ef6164bedaed16011ff4e7a0eff25b7fba9a542
large,obqa,13-661,1854,3,$DATA_DIR/P2_E1_DIRECTION_20260913T053456Z/features/large/obqa/01854.npz,f2dc7f2bce084ace6f1295cd32b33c7798589e8dabfbc9199230fb373e42e1af,8192,float32,ca2386f24d445258fc1244651ef6164bedaed16011ff4e7a0eff25b7fba9a542
large,obqa,13-666,1857,3,$DATA_DIR/P2_E1_DIRECTION_20260913T053456Z/features/large/obqa/01857.npz,cfae2aad9a14ece3631a6d41bbbdeeb9170c1b23f045c613e621bb0b6403d912,8192,float32,ca2386f24d445258fc1244651ef6164bedaed16011ff4e7a0eff25b7fba9a542
large,obqa,13-673,1859,3,$DATA_DIR/P2_E1_DIRECTION_20260913T053456Z/features/large/obqa/01859.npz,4d2a4f9f475f333b899eb87f726a45316d436c55257466d1d2a2001dfd06634d,8192,float32,ca2386f24d445258fc1244651ef6164bedaed16011ff4e7a0eff25b7fba9a542
large,obqa,13-691,1867,3,$DATA_DIR/P2_E1_DIRECTION_20260913T053456Z/features/large/obqa/01867.npz,02e90a7bfa5ba5f92bc83c03bb139b16c880646022cf3ec970c112ca6291e633,8192,float32,ca2386f24d445258fc1244651ef6164bedaed16011ff4e7a0eff25b7fba9a542
large,obqa,13-697,1870,3,$DATA_DIR/P2_E1_DIRECTION_20260913T053456Z/features/large/obqa/01870.npz,67b21a7187788b07969b2fc198f0e33c96fd1337bbf7c86d7c2ee196bec3ef9f,8192,float32,ca2386f24d445258fc1244651ef6164bedaed16011ff4e7a0eff25b7fba9a542
large,obqa,13-700,1874,3,$DATA_DIR/P2_E1_DIRECTION_20260913T053456Z/features/large/obqa/01874.npz,35a3ccdf0669473eee7c7b4a00530195a2eda627ea8539b05b1f73c10463bd67,8192,float32,ca2386f24d445258fc1244651ef6164bedaed16011ff4e7a0eff25b7fba9a542
large,obqa,13-705,1875,3,$DATA_DIR/P2_E1_DIRECTION_20260913T053456Z/features/large/obqa/01875.npz,d1984116de9da9ca29b606fcba00782e8263d61e2dacab7ed06196f1834173ab,8192,float32,ca2386f24d445258fc1244651ef6164bedaed16011ff4e7a0eff25b7fba9a542
large,obqa,13-722,1882,3,$DATA_DIR/P2_E1_DIRECTION_20260913T053456Z/features/large/obqa/01882.npz,22080c49a62e5100a603194baac91e45660d0248f3c43b24db8d18141de2da19,8192,float32,ca2386f24d445258fc1244651ef6164bedaed16011ff4e7a0eff25b7fba9a542
large,obqa,13-724,1884,3,$DATA_DIR/P2_E1_DIRECTION_20260913T053456Z/features/large/obqa/01884.npz,141dc4759455f396167ebf287f9c8a2abe4fc8cbc95e73ee1533f7c162658981,8192,float32,ca2386f24d445258fc1244651ef6164bedaed16011ff4e7a0eff25b7fba9a542
large,obqa,13-726,1885,3,$DATA_DIR/P2_E1_DIRECTION_20260913T053456Z/features/large/obqa/01885.npz,95b264e3baa02a4dead7222385538e1c84c29e49ea0bbe8b20223fbf6b77f989,8192,float32,ca2386f24d445258fc1244651ef6164bedaed16011ff4e7a0eff25b7fba9a542
large,obqa,13-735,1886,3,$DATA_DIR/P2_E1_DIRECTION_20260913T053456Z/features/large/obqa/01886.npz,a504568b204e0d5be9d722fa6577bc1508bf4b8434cc16c9e0dac2b48005f1b4,8192,float32,ca2386f24d445258fc1244651ef6164bedaed16011ff4e7a0eff25b7fba9a542
large,obqa,13-75,1893,3,$DATA_DIR/P2_E1_DIRECTION_20260913T053456Z/features/large/obqa/01893.npz,f988583b5fd129a005e93200a91ec2e96576e52ad95f380294deddbe22a39b32,8192,float32,ca2386f24d445258fc1244651ef6164bedaed16011ff4e7a0eff25b7fba9a542
large,obqa,13-750,1894,3,$DATA_DIR/P2_E1_DIRECTION_20260913T053456Z/features/large/obqa/01894.npz,0e55b5b611377a4965ad270f6ff6f040c98b89b4b78662645d2d05cd5b2b7b84,8192,float32,ca2386f24d445258fc1244651ef6164bedaed16011ff4e7a0eff25b7fba9a542
large,obqa,13-777,1904,3,$DATA_DIR/P2_E1_DIRECTION_20260913T053456Z/features/large/obqa/01904.npz,8f17552061a8e4c919f680bad464a8f56ac4525e5ecf06b78fac9f0183b7a250,8192,float32,ca2386f24d445258fc1244651ef6164bedaed16011ff4e7a0eff25b7fba9a542
large,obqa,13-782,1907,3,$DATA_DIR/P2_E1_DIRECTION_20260913T053456Z/features/large/obqa/01907.npz,95495c5b3442190a04b5eb82da1351e60ccd6fdd8c470f1769670b61a935b105,8192,float32,ca2386f24d445258fc1244651ef6164bedaed16011ff4e7a0eff25b7fba9a542
large,obqa,13-787,1910,3,$DATA_DIR/P2_E1_DIRECTION_20260913T053456Z/features/large/obqa/01910.npz,4ea2d8024e74e013c2e91fe574d2f4a09c51ee8e742b688091e45da99676c3fa,8192,float32,ca2386f24d445258fc1244651ef6164bedaed16011ff4e7a0eff25b7fba9a542
large,obqa,13-807,1924,3,$DATA_DIR/P2_E1_DIRECTION_20260913T053456Z/features/large/obqa/01924.npz,4bc7a1dae4c5f055b8c88ecc6bfd8a4f4a7f43a3c28a082f7986c45ed160189a,8192,float32,ca2386f24d445258fc1244651ef6164bedaed16011ff4e7a0eff25b7fba9a542
large,obqa,13-809,1925,3,$DATA_DIR/P2_E1_DIRECTION_20260913T053456Z/features/large/obqa/01925.npz,518137fd67277f8c02a75fcfb61e3aba58b33210fa2bdf402b6746e52df2993e,8192,float32,ca2386f24d445258fc1244651ef6164bedaed16011ff4e7a0eff25b7fba9a542
large,obqa,13-810,1926,3,$DATA_DIR/P2_E1_DIRECTION_20260913T053456Z/features/large/obqa/01926.npz,1d9e50408eebc90a47b2a910dc6de1e1c31468861ef57e6c20645a87c7c7120d,8192,float32,ca2386f24d445258fc1244651ef6164bedaed16011ff4e7a0eff25b7fba9a542
large,obqa,13-812,1927,3,$DATA_DIR/P2_E1_DIRECTION_20260913T053456Z/features/large/obqa/01927.npz,e164c66c56c01bbaed1249af8699d04c117f62bd7aeed3eb3ea6acde30f10c64,8192,float32,ca2386f24d445258fc1244651ef6164bedaed16011ff4e7a0eff25b7fba9a542
large,obqa,13-814,1928,3,$DATA_DIR/P2_E1_DIRECTION_20260913T053456Z/features/large/obqa/01928.npz,b0a9e135335d0ff631240f88cba04ff9013730283574fcd82e49dd3764b9b89c,8192,float32,ca2386f24d445258fc1244651ef6164bedaed16011ff4e7a0eff25b7fba9a542
large,obqa,13-82,1930,3,$DATA_DIR/P2_E1_DIRECTION_20260913T053456Z/features/large/obqa/01930.npz,a2d7ff58296acafeddb7267e7f17b87c1b1145429d8f4de8e8a26553f2eedbd9,8192,float32,ca2386f24d445258fc1244651ef6164bedaed16011ff4e7a0eff25b7fba9a542
large,obqa,13-825,1932,3,$DATA_DIR/P2_E1_DIRECTION_20260913T053456Z/features/large/obqa/01932.npz,dae2364fc8f6edbc3a53211e3025193056524e62578ad258f98a5769df3374f0,8192,float32,ca2386f24d445258fc1244651ef6164bedaed16011ff4e7a0eff25b7fba9a542
large,obqa,13-826,1933,3,$DATA_DIR/P2_E1_DIRECTION_20260913T053456Z/features/large/obqa/01933.npz,b355a0521bd6d5a00e3a7e7999c5179ef5aef8922842dd481a16f124b23da016,8192,float32,ca2386f24d445258fc1244651ef6164bedaed16011ff4e7a0eff25b7fba9a542
large,obqa,13-833,1935,3,$DATA_DIR/P2_E1_DIRECTION_20260913T053456Z/features/large/obqa/01935.npz,c217083185ab6d1f0b91741c5dbd9262f0d407a6811c58ab5dba8027b62c7e60,8192,float32,ca2386f24d445258fc1244651ef6164bedaed16011ff4e7a0eff25b7fba9a542
large,obqa,13-845,1943,3,$DATA_DIR/P2_E1_DIRECTION_20260913T053456Z/features/large/obqa/01943.npz,910fd1a45633c6d49e64bbad4bfdf9e92ebe283b304edd0264d27d9f90217705,8192,float32,ca2386f24d445258fc1244651ef6164bedaed16011ff4e7a0eff25b7fba9a542
large,obqa,13-854,1947,3,$DATA_DIR/P2_E1_DIRECTION_20260913T053456Z/features/large/obqa/01947.npz,4fef42daf8b3470c91a9a5ae724f420d351f8db43937a5c46dc7828601ae7f69,8192,float32,ca2386f24d445258fc1244651ef6164bedaed16011ff4e7a0eff25b7fba9a542
large,obqa,13-857,1948,3,$DATA_DIR/P2_E1_DIRECTION_20260913T053456Z/features/large/obqa/01948.npz,40f3a0094238566e76a9ed701912ba4bc231d4269d4320264d6cd974dc921182,8192,float32,ca2386f24d445258fc1244651ef6164bedaed16011ff4e7a0eff25b7fba9a542
large,obqa,13-86,1951,3,$DATA_DIR/P2_E1_DIRECTION_20260913T053456Z/features/large/obqa/01951.npz,1db513a699b4d2e9bb6be4d9d584e750c6a957dda62fd59d65ef6a7e95e3c1a8,8192,float32,ca2386f24d445258fc1244651ef6164bedaed16011ff4e7a0eff25b7fba9a542
large,obqa,13-861,1953,3,$DATA_DIR/P2_E1_DIRECTION_20260913T053456Z/features/large/obqa/01953.npz,a4281ccaac0dcd13a2c4580a9b7f48f7c6cc1fc1bb8e31a4d02db360139c3823,8192,float32,ca2386f24d445258fc1244651ef6164bedaed16011ff4e7a0eff25b7fba9a542
large,obqa,13-874,1958,3,$DATA_DIR/P2_E1_DIRECTION_20260913T053456Z/features/large/obqa/01958.npz,66b257a514c47e1e034299a43f6c4fa579b2707c7ae9d76d4b3a65c78da540b3,8192,float32,ca2386f24d445258fc1244651ef6164bedaed16011ff4e7a0eff25b7fba9a542
large,obqa,13-885,1964,3,$DATA_DIR/P2_E1_DIRECTION_20260913T053456Z/features/large/obqa/01964.npz,b819d96975a7d383e54465289fc3b2199e2f6e989565fd5905d3d5997a97c8f7,8192,float32,ca2386f24d445258fc1244651ef6164bedaed16011ff4e7a0eff25b7fba9a542
large,obqa,13-89,1966,3,$DATA_DIR/P2_E1_DIRECTION_20260913T053456Z/features/large/obqa/01966.npz,23131e7cd342fd5ae6205a4ae643224ac1b72edb30ba79d6b5e7606c0b91d8ad,8192,float32,ca2386f24d445258fc1244651ef6164bedaed16011ff4e7a0eff25b7fba9a542
large,obqa,13-900,1970,3,$DATA_DIR/P2_E1_DIRECTION_20260913T053456Z/features/large/obqa/01970.npz,0babfaa588604aeb6bcdf13f99924e05bd253fa4d6fa3bc689b9e9ba098ec343,8192,float32,ca2386f24d445258fc1244651ef6164bedaed16011ff4e7a0eff25b7fba9a542
large,obqa,13-901,1971,3,$DATA_DIR/P2_E1_DIRECTION_20260913T053456Z/features/large/obqa/01971.npz,0113a9d134507d1425e57f3551303f7c1feb8afb17bea9199cfd5524fe9744d3,8192,float32,ca2386f24d445258fc1244651ef6164bedaed16011ff4e7a0eff25b7fba9a542
large,obqa,13-902,1972,3,$DATA_DIR/P2_E1_DIRECTION_20260913T053456Z/features/large/obqa/01972.npz,8e47c35edaf0071401ae6db274131689069961c1983e0644baa9928127c1aa97,8192,float32,ca2386f24d445258fc1244651ef6164bedaed16011ff4e7a0eff25b7fba9a542
large,obqa,13-904,1974,3,$DATA_DIR/P2_E1_DIRECTION_20260913T053456Z/features/large/obqa/01974.npz,6c74df60eb79783175cf7d14154422d6f9eaf1a5d6e721ccef83fc75aa9be462,8192,float32,ca2386f24d445258fc1244651ef6164bedaed16011ff4e7a0eff25b7fba9a542
large,obqa,13-91,1975,3,$DATA_DIR/P2_E1_DIRECTION_20260913T053456Z/features/large/obqa/01975.npz,f8d89b179dd9f131d0b73d5fd85c02a0905f5800644aff0c47858963c5e0a5f0,8192,float32,ca2386f24d445258fc1244651ef6164bedaed16011ff4e7a0eff25b7fba9a542
large,obqa,13-92,1981,3,$DATA_DIR/P2_E1_DIRECTION_20260913T053456Z/features/large/obqa/01981.npz,5150a8d3c5ba534ba00d24cbc969583af42e7ad8b94196151c163db730ad8e83,8192,float32,ca2386f24d445258fc1244651ef6164bedaed16011ff4e7a0eff25b7fba9a542
large,obqa,13-926,1985,3,$DATA_DIR/P2_E1_DIRECTION_20260913T053456Z/features/large/obqa/01985.npz,ca77cf474949ecf1770181e026eb6c9796b2153b320e7071e9311dcfe2fd500e,8192,float32,ca2386f24d445258fc1244651ef6164bedaed16011ff4e7a0eff25b7fba9a542
large,obqa,13-930,1988,3,$DATA_DIR/P2_E1_DIRECTION_20260913T053456Z/features/large/obqa/01988.npz,bc0d962c75dec0e7618e0ac0b4a0ff7d8aac0da120d07e45a30693607a2d6fce,8192,float32,ca2386f24d445258fc1244651ef6164bedaed16011ff4e7a0eff25b7fba9a542
large,obqa,13-937,1993,3,$DATA_DIR/P2_E1_DIRECTION_20260913T053456Z/features/large/obqa/01993.npz,6ae206a020198f78e43eeb185c8f9727fc3055f965c68d008ad01de9cdbc8950,8192,float32,ca2386f24d445258fc1244651ef6164bedaed16011ff4e7a0eff25b7fba9a542
large,obqa,13-941,1996,3,$DATA_DIR/P2_E1_DIRECTION_20260913T053456Z/features/large/obqa/01996.npz,8c25a2085881a470026553dfedb9b4b4bf0a4fc6d9b96649b24ff6be7a58c1f2,8192,float32,ca2386f24d445258fc1244651ef6164bedaed16011ff4e7a0eff25b7fba9a542
large,obqa,13-948,1999,3,$DATA_DIR/P2_E1_DIRECTION_20260913T053456Z/features/large/obqa/01999.npz,1c8ba5ca9814e56e880eaee8d78492f850282e92efd73b406a362f34ebeff690,8192,float32,ca2386f24d445258fc1244651ef6164bedaed16011ff4e7a0eff25b7fba9a542
large,obqa,13-949,2000,3,$DATA_DIR/P2_E1_DIRECTION_20260913T053456Z/features/large/obqa/02000.npz,38a6bda0488520fdceb1ece2c75bbfac1b05114f909a7e97c02ba35d9925e87f,8192,float32,ca2386f24d445258fc1244651ef6164bedaed16011ff4e7a0eff25b7fba9a542
large,obqa,13-965,2010,3,$DATA_DIR/P2_E1_DIRECTION_20260913T053456Z/features/large/obqa/02010.npz,eac7d92b97356ec13fcc0d23b74e92cc4df0de3e2c20a4663abb04a3b1d61ad7,8192,float32,ca2386f24d445258fc1244651ef6164bedaed16011ff4e7a0eff25b7fba9a542
large,obqa,13-97,2014,3,$DATA_DIR/P2_E1_DIRECTION_20260913T053456Z/features/large/obqa/02014.npz,13be71e64e95536658c75fd9610592e6e847b0500196f765ed80a918d4e274c2,8192,float32,ca2386f24d445258fc1244651ef6164bedaed16011ff4e7a0eff25b7fba9a542
large,obqa,1364,2035,3,$DATA_DIR/P2_E1_DIRECTION_20260913T053456Z/features/large/obqa/02035.npz,44cbe67fa277b778f08031a92bbc6745430a7a9c24bcb627f8bc8d408fb28772,8192,float32,ca2386f24d445258fc1244651ef6164bedaed16011ff4e7a0eff25b7fba9a542
large,obqa,1365,2036,3,$DATA_DIR/P2_E1_DIRECTION_20260913T053456Z/features/large/obqa/02036.npz,9dd332f803c01ff5db78561f317f7ddd602db61c346accda321d474cf885bb33,8192,float32,ca2386f24d445258fc1244651ef6164bedaed16011ff4e7a0eff25b7fba9a542
large,obqa,14,2043,3,$DATA_DIR/P2_E1_DIRECTION_20260913T053456Z/features/large/obqa/02043.npz,c578cdf7c9db98148606ce6641a0e605386bcf4d967ef835bada1edf010af63d,8192,float32,ca2386f24d445258fc1244651ef6164bedaed16011ff4e7a0eff25b7fba9a542
large,obqa,14-1006,2047,3,$DATA_DIR/P2_E1_DIRECTION_20260913T053456Z/features/large/obqa/02047.npz,e4d6eee9e9ac599656af5cafcc1f779108434de89c64e4128ba328355971d726,8192,float32,ca2386f24d445258fc1244651ef6164bedaed16011ff4e7a0eff25b7fba9a542
large,obqa,14-1008,2048,3,$DATA_DIR/P2_E1_DIRECTION_20260913T053456Z/features/large/obqa/02048.npz,0c6b33801d096e3661ad053d8538d7c1af2ddfbf1552b923709dcb0c125e3fc6,8192,float32,ca2386f24d445258fc1244651ef6164bedaed16011ff4e7a0eff25b7fba9a542
large,obqa,14-1009,2049,3,$DATA_DIR/P2_E1_DIRECTION_20260913T053456Z/features/large/obqa/02049.npz,69fe62bdcb38e64c7da281fcca8b5131170fc61334a52b3e7794d26106c9c3ba,8192,float32,ca2386f24d445258fc1244651ef6164bedaed16011ff4e7a0eff25b7fba9a542
large,obqa,14-1020,2056,3,$DATA_DIR/P2_E1_DIRECTION_20260913T053456Z/features/large/obqa/02056.npz,9d2f68a511f85153f1c3d9e5d0c9cc004f4a46d0806e4de504f12acc5b486644,8192,float32,ca2386f24d445258fc1244651ef6164bedaed16011ff4e7a0eff25b7fba9a542
large,obqa,14-1032,2062,3,$DATA_DIR/P2_E1_DIRECTION_20260913T053456Z/features/large/obqa/02062.npz,1e7ef2ec8dc8570114098e626f228368f163badebc699d0750c08364282e9d71,8192,float32,ca2386f24d445258fc1244651ef6164bedaed16011ff4e7a0eff25b7fba9a542
large,obqa,14-1044,2068,3,$DATA_DIR/P2_E1_DIRECTION_20260913T053456Z/features/large/obqa/02068.npz,06c1b3611f902c4e8343867d51d595af58aa4fe6b19830db7a3e3fb9ae988d29,8192,float32,ca2386f24d445258fc1244651ef6164bedaed16011ff4e7a0eff25b7fba9a542
large,obqa,14-1045,2069,3,$DATA_DIR/P2_E1_DIRECTION_20260913T053456Z/features/large/obqa/02069.npz,e354abcce5580f2ecf9feb4b8d57f98f3f2227f34e222549edce3608d84e268f,8192,float32,ca2386f24d445258fc1244651ef6164bedaed16011ff4e7a0eff25b7fba9a542
large,obqa,14-1047,2070,3,$DATA_DIR/P2_E1_DIRECTION_20260913T053456Z/features/large/obqa/02070.npz,5efbc440dc3d2fdad2f27d391b7747f39cf6edc2eccb71051b378009b0477daa,8192,float32,ca2386f24d445258fc1244651ef6164bedaed16011ff4e7a0eff25b7fba9a542
large,obqa,14-105,2071,3,$DATA_DIR/P2_E1_DIRECTION_20260913T053456Z/features/large/obqa/02071.npz,1870ae9ae51b538a9eb70ce645e59295634687371427e50c19bfa755678ff897,8192,float32,ca2386f24d445258fc1244651ef6164bedaed16011ff4e7a0eff25b7fba9a542
large,obqa,14-1053,2075,3,$DATA_DIR/P2_E1_DIRECTION_20260913T053456Z/features/large/obqa/02075.npz,53c148d476a88dbfedb518936827e9abd7f565408a341f4ae530781da5319839,8192,float32,ca2386f24d445258fc1244651ef6164bedaed16011ff4e7a0eff25b7fba9a542
large,obqa,14-1060,2079,3,$DATA_DIR/P2_E1_DIRECTION_20260913T053456Z/features/large/obqa/02079.npz,5938b638c7bf592cc6c9a6e7f078a667cc7be4370e25137917ed821d1e12d9b7,8192,float32,ca2386f24d445258fc1244651ef6164bedaed16011ff4e7a0eff25b7fba9a542
large,obqa,14-1061,2080,3,$DATA_DIR/P2_E1_DIRECTION_20260913T053456Z/features/large/obqa/02080.npz,093898d1f39a7cd9828181c909649c5d0385cfcd47db92999356dc9b8f8de4fc,8192,float32,ca2386f24d445258fc1244651ef6164bedaed16011ff4e7a0eff25b7fba9a542
large,obqa,14-1087,2086,3,$DATA_DIR/P2_E1_DIRECTION_20260913T053456Z/features/large/obqa/02086.npz,c590f70d77682eeb52b6b9324176590a255184847c8d323bf70ad1450e2b7bcf,8192,float32,ca2386f24d445258fc1244651ef6164bedaed16011ff4e7a0eff25b7fba9a542
large,obqa,14-1088,2087,3,$DATA_DIR/P2_E1_DIRECTION_20260913T053456Z/features/large/obqa/02087.npz,39d404420eb27818ffe9c9c491ad4dbd4989c32942ecb9d6db03c550d891d8e5,8192,float32,ca2386f24d445258fc1244651ef6164bedaed16011ff4e7a0eff25b7fba9a542
large,obqa,14-1126,2098,3,$DATA_DIR/P2_E1_DIRECTION_20260913T053456Z/features/large/obqa/02098.npz,502e2e1d33c167bd3fff5878eab94ac63cb1ac4d196812f194643d513697e1bb,8192,float32,ca2386f24d445258fc1244651ef6164bedaed16011ff4e7a0eff25b7fba9a542
large,obqa,14-1156,2114,3,$DATA_DIR/P2_E1_DIRECTION_20260913T053456Z/features/large/obqa/02114.npz,83080093db088cc4dfe3c42db300a0a4f8afc84000b31b9dfb206d08173932cf,8192,float32,ca2386f24d445258fc1244651ef6164bedaed16011ff4e7a0eff25b7fba9a542
large,obqa,14-1158,2116,3,$DATA_DIR/P2_E1_DIRECTION_20260913T053456Z/features/large/obqa/02116.npz,dd70cb9e5cce36acbbe5e58c2f427dbde5bd2c46c2794d082c138741a3397b8f,8192,float32,ca2386f24d445258fc1244651ef6164bedaed16011ff4e7a0eff25b7fba9a542
large,obqa,14-1202,2134,3,$DATA_DIR/P2_E1_DIRECTION_20260913T053456Z/features/large/obqa/02134.npz,35ff3d1b32a63de6bb778b5dbcc96899719e9398fe2a96823ea51e72946c1113,8192,float32,ca2386f24d445258fc1244651ef6164bedaed16011ff4e7a0eff25b7fba9a542
large,obqa,14-1213,2136,3,$DATA_DIR/P2_E1_DIRECTION_20260913T053456Z/features/large/obqa/02136.npz,091ee9cedcba3a1f1ea49ab3ef8b412a36c5166be1697389557d400fed4be4e5,8192,float32,ca2386f24d445258fc1244651ef6164bedaed16011ff4e7a0eff25b7fba9a542
large,obqa,14-1241,2146,3,$DATA_DIR/P2_E1_DIRECTION_20260913T053456Z/features/large/obqa/02146.npz,721dfde97bda210a42aec2384d1b538345f98ed93790906edb13cbb1b82a7776,8192,float32,ca2386f24d445258fc1244651ef6164bedaed16011ff4e7a0eff25b7fba9a542
large,obqa,14-1265,2154,3,$DATA_DIR/P2_E1_DIRECTION_20260913T053456Z/features/large/obqa/02154.npz,c06d1a8bf2858182c7e418dd034d14aa2ba47eecc6c059c41278c6b4306a5f35,8192,float32,ca2386f24d445258fc1244651ef6164bedaed16011ff4e7a0eff25b7fba9a542
large,obqa,14-1268,2155,3,$DATA_DIR/P2_E1_DIRECTION_20260913T053456Z/features/large/obqa/02155.npz,72e8f3462c872006172eb3602cdf8ab7b4af2184fb372f941616a6ddd90e38d7,8192,float32,ca2386f24d445258fc1244651ef6164bedaed16011ff4e7a0eff25b7fba9a542
large,obqa,14-13,2173,3,$DATA_DIR/P2_E1_DIRECTION_20260913T053456Z/features/large/obqa/02173.npz,e3de9e042c845951db63ef6501f3650b36ae48d0c194cba7de65cb95cc2ab7e1,8192,float32,ca2386f24d445258fc1244651ef6164bedaed16011ff4e7a0eff25b7fba9a542
large,obqa,14-1309,2178,3,$DATA_DIR/P2_E1_DIRECTION_20260913T053456Z/features/large/obqa/02178.npz,fd0a8e33932f7cf766c574361e6212227163051f41d8bffec9a71fb128273035,8192,float32,ca2386f24d445258fc1244651ef6164bedaed16011ff4e7a0eff25b7fba9a542
large,obqa,14-1323,2185,3,$DATA_DIR/P2_E1_DIRECTION_20260913T053456Z/features/large/obqa/02185.npz,237f83ec3d567689295d879455b0951e646f7a5f7d43de91fae5af817de7876f,8192,float32,ca2386f24d445258fc1244651ef6164bedaed16011ff4e7a0eff25b7fba9a542
large,obqa,14-1324,2186,3,$DATA_DIR/P2_E1_DIRECTION_20260913T053456Z/features/large/obqa/02186.npz,e70411b84c5a2127090149b0f35b40b929b3664b962e74aee656d206ac52e7aa,8192,float32,ca2386f24d445258fc1244651ef6164bedaed16011ff4e7a0eff25b7fba9a542
large,obqa,14-1326,2187,3,$DATA_DIR/P2_E1_DIRECTION_20260913T053456Z/features/large/obqa/02187.npz,dfcd9b4621d0d5f3844066a79272e71fccc8477f7ca5f66d22350da448e9759f,8192,float32,ca2386f24d445258fc1244651ef6164bedaed16011ff4e7a0eff25b7fba9a542
large,obqa,14-1335,2191,3,$DATA_DIR/P2_E1_DIRECTION_20260913T053456Z/features/large/obqa/02191.npz,ab7f30ed3628ade2e379a5d66b2b71cf5eb76c9c4967d795df60a51919cff27a,8192,float32,ca2386f24d445258fc1244651ef6164bedaed16011ff4e7a0eff25b7fba9a542
large,obqa,14-1355,2200,3,$DATA_DIR/P2_E1_DIRECTION_20260913T053456Z/features/large/obqa/02200.npz,e8c04e1d394db2d3ee18e7341b2310a59a0b7cc645b3deba09f73adf79f528d1,8192,float32,ca2386f24d445258fc1244651ef6164bedaed16011ff4e7a0eff25b7fba9a542
large,obqa,14-1379,2214,3,$DATA_DIR/P2_E1_DIRECTION_20260913T053456Z/features/large/obqa/02214.npz,7c39de9f39e0bc4741c1e70664704dfbc2e4be28a5e0c97a48e5898751a71161,8192,float32,ca2386f24d445258fc1244651ef6164bedaed16011ff4e7a0eff25b7fba9a542
large,obqa,14-1381,2215,3,$DATA_DIR/P2_E1_DIRECTION_20260913T053456Z/features/large/obqa/02215.npz,bec27cf95556b09ecf9511bbbe204277db6b829ef8607016e45223e90f6316af,8192,float32,ca2386f24d445258fc1244651ef6164bedaed16011ff4e7a0eff25b7fba9a542
large,obqa,14-1391,2221,3,$DATA_DIR/P2_E1_DIRECTION_20260913T053456Z/features/large/obqa/02221.npz,19b145711bc4e1d03f41941bd9f8d705f01eab52efe7fd7ee04a182fb16fe526,8192,float32,ca2386f24d445258fc1244651ef6164bedaed16011ff4e7a0eff25b7fba9a542
large,obqa,14-1412,2230,3,$DATA_DIR/P2_E1_DIRECTION_20260913T053456Z/features/large/obqa/02230.npz,2245ddfd7448077db44ae65d77c8145bb73a4a2b0f4c6cbbd028c1e85d36d531,8192,float32,ca2386f24d445258fc1244651ef6164bedaed16011ff4e7a0eff25b7fba9a542
large,obqa,14-1413,2231,3,$DATA_DIR/P2_E1_DIRECTION_20260913T053456Z/features/large/obqa/02231.npz,d026ef5e58d6b32aaa7fd2f94e28714b7a9358d4b1fa6bc7ffaa52eb79ac9114,8192,float32,ca2386f24d445258fc1244651ef6164bedaed16011ff4e7a0eff25b7fba9a542
large,obqa,14-1414,2232,3,$DATA_DIR/P2_E1_DIRECTION_20260913T053456Z/features/large/obqa/02232.npz,33bb46e7de286f8102bdbc1b7f1a45bfa1c4bb2689e67ff50f76eac88ae35d8d,8192,float32,ca2386f24d445258fc1244651ef6164bedaed16011ff4e7a0eff25b7fba9a542
large,obqa,14-1419,2236,3,$DATA_DIR/P2_E1_DIRECTION_20260913T053456Z/features/large/obqa/02236.npz,e0560b8c7c827d6b8497d05140537fb69bd51b389836964b2d4d4bb454146204,8192,float32,ca2386f24d445258fc1244651ef6164bedaed16011ff4e7a0eff25b7fba9a542
large,obqa,14-1428,2242,3,$DATA_DIR/P2_E1_DIRECTION_20260913T053456Z/features/large/obqa/02242.npz,5fc105c55f8fd6d2b006bc652bdd22beb4d07e8a2a550015acf06e2c15ccfb50,8192,float32,ca2386f24d445258fc1244651ef6164bedaed16011ff4e7a0eff25b7fba9a542
large,obqa,14-1429,2243,3,$DATA_DIR/P2_E1_DIRECTION_20260913T053456Z/features/large/obqa/02243.npz,56d9da0cadbb8a9795beec052b1eee66394060053843ae44c31aea56526f164c,8192,float32,ca2386f24d445258fc1244651ef6164bedaed16011ff4e7a0eff25b7fba9a542
large,obqa,14-1463,2258,3,$DATA_DIR/P2_E1_DIRECTION_20260913T053456Z/features/large/obqa/02258.npz,5cee2428ab232d61c2a26777a5012000a2e542b277f5c28c9bb915cb6e50e1f0,8192,float32,ca2386f24d445258fc1244651ef6164bedaed16011ff4e7a0eff25b7fba9a542
large,obqa,14-1478,2265,3,$DATA_DIR/P2_E1_DIRECTION_20260913T053456Z/features/large/obqa/02265.npz,5709a6117936d47b8f76de073c49da16f0062b02847c8b87021e8012e1238c90,8192,float32,ca2386f24d445258fc1244651ef6164bedaed16011ff4e7a0eff25b7fba9a542
large,obqa,14-1480,2267,3,$DATA_DIR/P2_E1_DIRECTION_20260913T053456Z/features/large/obqa/02267.npz,e11881488c558fd9a5fca28f5d3c115cf5d5e222d53098ded210a07b63830c79,8192,float32,ca2386f24d445258fc1244651ef6164bedaed16011ff4e7a0eff25b7fba9a542
large,obqa,14-1485,2268,3,$DATA_DIR/P2_E1_DIRECTION_20260913T053456Z/features/large/obqa/02268.npz,903e8bd69885b2001745817a949e3d0402c2ecb480782e4c0ab5c41ea3b53d34,8192,float32,ca2386f24d445258fc1244651ef6164bedaed16011ff4e7a0eff25b7fba9a542
large,obqa,14-1492,2271,3,$DATA_DIR/P2_E1_DIRECTION_20260913T053456Z/features/large/obqa/02271.npz,f2afa1630ed9775807eff5a4bf0d5b630041536022ed6ac1717bdb9d2f5bb398,8192,float32,ca2386f24d445258fc1244651ef6164bedaed16011ff4e7a0eff25b7fba9a542
large,obqa,14-1494,2273,3,$DATA_DIR/P2_E1_DIRECTION_20260913T053456Z/features/large/obqa/02273.npz,8aad596c2b21ec9ea15fe954ae889b6abf37a9fca7a68241f2c488d1770412e1,8192,float32,ca2386f24d445258fc1244651ef6164bedaed16011ff4e7a0eff25b7fba9a542
large,obqa,14-1499,2274,3,$DATA_DIR/P2_E1_DIRECTION_20260913T053456Z/features/large/obqa/02274.npz,2b256f742988ba1d19f5fe8a148f46220338a9df27aeeb7a9d4ccaa9978e672d,8192,float32,ca2386f24d445258fc1244651ef6164bedaed16011ff4e7a0eff25b7fba9a542
large,obqa,14-15,2275,3,$DATA_DIR/P2_E1_DIRECTION_20260913T053456Z/features/large/obqa/02275.npz,a53d099bfb45d0f94ee3ffc5289445b12f0d19d68c89715b3d83bd40df90a442,8192,float32,ca2386f24d445258fc1244651ef6164bedaed16011ff4e7a0eff25b7fba9a542
large,obqa,14-169,2290,3,$DATA_DIR/P2_E1_DIRECTION_20260913T053456Z/features/large/obqa/02290.npz,1ba30cbc5e56e3008652eb75950e83a813bc71027c41e99d2bf9d061d54f31ab,8192,float32,ca2386f24d445258fc1244651ef6164bedaed16011ff4e7a0eff25b7fba9a542
large,obqa,14-176,2294,3,$DATA_DIR/P2_E1_DIRECTION_20260913T053456Z/features/large/obqa/02294.npz,3e33bb0f5b4020f2f9e12ee667e67da3741aa24410457c8c8f6beb5d0dce9bda,8192,float32,ca2386f24d445258fc1244651ef6164bedaed16011ff4e7a0eff25b7fba9a542
large,obqa,14-177,2295,3,$DATA_DIR/P2_E1_DIRECTION_20260913T053456Z/features/large/obqa/02295.npz,32c8c20b83b4bb5c78067ebc985e88fa9c01c3db192efc0f4a9063d6f723fb08,8192,float32,ca2386f24d445258fc1244651ef6164bedaed16011ff4e7a0eff25b7fba9a542
large,obqa,14-178,2296,3,$DATA_DIR/P2_E1_DIRECTION_20260913T053456Z/features/large/obqa/02296.npz,c6b62c668d6c7f5f6d919fd29227416d50d51f668b0b508cdbc7a94222c9112c,8192,float32,ca2386f24d445258fc1244651ef6164bedaed16011ff4e7a0eff25b7fba9a542
large,obqa,14-187,2300,3,$DATA_DIR/P2_E1_DIRECTION_20260913T053456Z/features/large/obqa/02300.npz,0d6d801ac706a03f6e3cc23017087fce5fbf27c36588ec29aa905121292a77f8,8192,float32,ca2386f24d445258fc1244651ef6164bedaed16011ff4e7a0eff25b7fba9a542
large,obqa,14-19,2302,3,$DATA_DIR/P2_E1_DIRECTION_20260913T053456Z/features/large/obqa/02302.npz,02d0920d8b0d545ec94f48d312cbc4e6481d0420577ad779edc303c554b20bc9,8192,float32,ca2386f24d445258fc1244651ef6164bedaed16011ff4e7a0eff25b7fba9a542
large,obqa,14-204,2307,3,$DATA_DIR/P2_E1_DIRECTION_20260913T053456Z/features/large/obqa/02307.npz,10ea5eb5cab5d34a4ebee9a7ebceaac666a299e9dec00b54e86948f1b31ee55e,8192,float32,ca2386f24d445258fc1244651ef6164bedaed16011ff4e7a0eff25b7fba9a542
large,obqa,14-217,2313,3,$DATA_DIR/P2_E1_DIRECTION_20260913T053456Z/features/large/obqa/02313.npz,f990b3eac9f79f7288e2489debf5b0a7496919cf030624f6d260fd12162d7c55,8192,float32,ca2386f24d445258fc1244651ef6164bedaed16011ff4e7a0eff25b7fba9a542
large,obqa,14-248,2323,3,$DATA_DIR/P2_E1_DIRECTION_20260913T053456Z/features/large/obqa/02323.npz,e0585f1442fa54355ec134c1d3fb66d39e4c723ac28603fd77a0964f8e17e2e6,8192,float32,ca2386f24d445258fc1244651ef6164bedaed16011ff4e7a0eff25b7fba9a542
large,obqa,14-25,2324,3,$DATA_DIR/P2_E1_DIRECTION_20260913T053456Z/features/large/obqa/02324.npz,6670b04bc3fdf810f5146113f7de6ffe3c0f043a391a02d996676497c663148e,8192,float32,ca2386f24d445258fc1244651ef6164bedaed16011ff4e7a0eff25b7fba9a542
large,obqa,14-281,2337,3,$DATA_DIR/P2_E1_DIRECTION_20260913T053456Z/features/large/obqa/02337.npz,79ff2a2a3c4134fd514eaabe424428853073d303b85b9db14ebce81945039ca3,8192,float32,ca2386f24d445258fc1244651ef6164bedaed16011ff4e7a0eff25b7fba9a542
large,obqa,14-285,2339,3,$DATA_DIR/P2_E1_DIRECTION_20260913T053456Z/features/large/obqa/02339.npz,c0699212fc65c7878d9b12b1a4d502bc571d909ba959a398517fcd3df2bec544,8192,float32,ca2386f24d445258fc1244651ef6164bedaed16011ff4e7a0eff25b7fba9a542
large,obqa,14-287,2340,3,$DATA_DIR/P2_E1_DIRECTION_20260913T053456Z/features/large/obqa/02340.npz,dfbd8b7fa19e3b2a90af8af9ab06513957298e15c5ca823cdf0c1a3fba19ad01,8192,float32,ca2386f24d445258fc1244651ef6164bedaed16011ff4e7a0eff25b7fba9a542
large,obqa,14-302,2345,3,$DATA_DIR/P2_E1_DIRECTION_20260913T053456Z/features/large/obqa/02345.npz,5cce6719c2e3067cdfdc2c2e57a0c4e594a1c6a7ff8787264020117fa022179a,8192,float32,ca2386f24d445258fc1244651ef6164bedaed16011ff4e7a0eff25b7fba9a542
large,obqa,14-31,2349,3,$DATA_DIR/P2_E1_DIRECTION_20260913T053456Z/features/large/obqa/02349.npz,42e71aa590bdb1291b8d52f422817fa0d686728d82b369f81dfddbccbfb73126,8192,float32,ca2386f24d445258fc1244651ef6164bedaed16011ff4e7a0eff25b7fba9a542
large,obqa,14-32,2352,3,$DATA_DIR/P2_E1_DIRECTION_20260913T053456Z/features/large/obqa/02352.npz,ee13eec8b81e7948d5436caabd9812ad09caf39887ad8a7a92fbb37f1a3c4b50,8192,float32,ca2386f24d445258fc1244651ef6164bedaed16011ff4e7a0eff25b7fba9a542
large,obqa,14-337,2359,3,$DATA_DIR/P2_E1_DIRECTION_20260913T053456Z/features/large/obqa/02359.npz,3fac480ff80ffa136863f9ce0d2b71c85270795d6092805a9482d6c15a3eb5ac,8192,float32,ca2386f24d445258fc1244651ef6164bedaed16011ff4e7a0eff25b7fba9a542
large,obqa,14-339,2360,3,$DATA_DIR/P2_E1_DIRECTION_20260913T053456Z/features/large/obqa/02360.npz,772941c29cca325cefbb27bfad03225cd323cce2a96a685a4d8efc0dc90c49cb,8192,float32,ca2386f24d445258fc1244651ef6164bedaed16011ff4e7a0eff25b7fba9a542
large,obqa,14-346,2364,3,$DATA_DIR/P2_E1_DIRECTION_20260913T053456Z/features/large/obqa/02364.npz,0face3eefbf268a5c015ebcad1326f307cbc3c6370bd6618148e72ad99b0922f,8192,float32,ca2386f24d445258fc1244651ef6164bedaed16011ff4e7a0eff25b7fba9a542
large,obqa,14-355,2365,3,$DATA_DIR/P2_E1_DIRECTION_20260913T053456Z/features/large/obqa/02365.npz,5296cd9bb2e7f7a63c54d54c94dc70823462f7a7edce928d9d78ce5c55dadc32,8192,float32,ca2386f24d445258fc1244651ef6164bedaed16011ff4e7a0eff25b7fba9a542
large,obqa,14-365,2369,3,$DATA_DIR/P2_E1_DIRECTION_20260913T053456Z/features/large/obqa/02369.npz,d4d38639acd8dd7db9ffb1b762b4eaa0982ee61b2773ae367348677f04cc6e24,8192,float32,ca2386f24d445258fc1244651ef6164bedaed16011ff4e7a0eff25b7fba9a542
large,obqa,14-377,2374,3,$DATA_DIR/P2_E1_DIRECTION_20260913T053456Z/features/large/obqa/02374.npz,1adfbfc94009be5bdf2432ce48596823ef7ee0d418ea2fe7dfbf6c3761ff0451,8192,float32,ca2386f24d445258fc1244651ef6164bedaed16011ff4e7a0eff25b7fba9a542
large,obqa,14-383,2377,3,$DATA_DIR/P2_E1_DIRECTION_20260913T053456Z/features/large/obqa/02377.npz,d5c37849fc4abfb0e04ed1b6154edec898f655a700d0c8b2ee6c90e8f2f1d9fb,8192,float32,ca2386f24d445258fc1244651ef6164bedaed16011ff4e7a0eff25b7fba9a542
large,obqa,14-387,2379,3,$DATA_DIR/P2_E1_DIRECTION_20260913T053456Z/features/large/obqa/02379.npz,22977a23ec286cd89209b42835d94a0a88f3e4ac34c5b4e45a5269c713404ad4,8192,float32,ca2386f24d445258fc1244651ef6164bedaed16011ff4e7a0eff25b7fba9a542
large,obqa,14-399,2384,3,$DATA_DIR/P2_E1_DIRECTION_20260913T053456Z/features/large/obqa/02384.npz,0ffa7e206991079f19ebf55d13d01374327d79a2ef904e06989c685c726196a7,8192,float32,ca2386f24d445258fc1244651ef6164bedaed16011ff4e7a0eff25b7fba9a542
large,obqa,14-408,2391,3,$DATA_DIR/P2_E1_DIRECTION_20260913T053456Z/features/large/obqa/02391.npz,f85a03d08a2270acf03ace198f949528e1256745e723832698b1c9766047509f,8192,float32,ca2386f24d445258fc1244651ef6164bedaed16011ff4e7a0eff25b7fba9a542
large,obqa,14-41,2392,3,$DATA_DIR/P2_E1_DIRECTION_20260913T053456Z/features/large/obqa/02392.npz,a19ce37ac34463a02bdbe6460370562b48d475b9dbcf9b5a614fcf4f22e9b768,8192,float32,ca2386f24d445258fc1244651ef6164bedaed16011ff4e7a0eff25b7fba9a542
large,obqa,14-414,2394,3,$DATA_DIR/P2_E1_DIRECTION_20260913T053456Z/features/large/obqa/02394.npz,d114fcb66a7aadf1f0a8a278b9b8e0ee96e1f01b1bf1484cc4a4f8897b5a8ac4,8192,float32,ca2386f24d445258fc1244651ef6164bedaed16011ff4e7a0eff25b7fba9a542
large,obqa,14-42,2396,3,$DATA_DIR/P2_E1_DIRECTION_20260913T053456Z/features/large/obqa/02396.npz,10ebe09ae915303506c05890ff9d7b7b24bb2fc27320c4e03a3282ecfcd1cd03,8192,float32,ca2386f24d445258fc1244651ef6164bedaed16011ff4e7a0eff25b7fba9a542
large,obqa,14-46,2409,3,$DATA_DIR/P2_E1_DIRECTION_20260913T053456Z/features/large/obqa/02409.npz,c9e16af9ed029fe68fa1a215824074037c5da9fe2bccd714516ac67efb094840,8192,float32,ca2386f24d445258fc1244651ef6164bedaed16011ff4e7a0eff25b7fba9a542
large,obqa,14-464,2411,3,$DATA_DIR/P2_E1_DIRECTION_20260913T053456Z/features/large/obqa/02411.npz,a09ff06bf6b79258d58d1689f30bea76136d61e59a336997de0efea98a4f908c,8192,float32,ca2386f24d445258fc1244651ef6164bedaed16011ff4e7a0eff25b7fba9a542
large,obqa,14-465,2412,3,$DATA_DIR/P2_E1_DIRECTION_20260913T053456Z/features/large/obqa/02412.npz,00a75399fbdb09493c2966a06c1ba2fab4f19dc2b8b571e3cf2888e585b0395d,8192,float32,ca2386f24d445258fc1244651ef6164bedaed16011ff4e7a0eff25b7fba9a542
large,obqa,14-475,2416,3,$DATA_DIR/P2_E1_DIRECTION_20260913T053456Z/features/large/obqa/02416.npz,eddff25452d5aff4b12a85266ebb7e831b12596f0825775e31cbc92009744f19,8192,float32,ca2386f24d445258fc1244651ef6164bedaed16011ff4e7a0eff25b7fba9a542
large,obqa,14-479,2417,3,$DATA_DIR/P2_E1_DIRECTION_20260913T053456Z/features/large/obqa/02417.npz,8c9d7b8d16ff077d30d92eb130513353b268b8c761f06f94e62abc409fb142a9,8192,float32,ca2386f24d445258fc1244651ef6164bedaed16011ff4e7a0eff25b7fba9a542
large,obqa,14-485,2421,3,$DATA_DIR/P2_E1_DIRECTION_20260913T053456Z/features/large/obqa/02421.npz,e5c6ae68a67b12cd8636802941c1599e72920fe6b778fd9c9c3656b4d5dd6bc7,8192,float32,ca2386f24d445258fc1244651ef6164bedaed16011ff4e7a0eff25b7fba9a542
large,obqa,14-516,2431,3,$DATA_DIR/P2_E1_DIRECTION_20260913T053456Z/features/large/obqa/02431.npz,55478adfd02ca80662f97f073d49528518991188dbee005c2bbbc8c34b3db827,8192,float32,ca2386f24d445258fc1244651ef6164bedaed16011ff4e7a0eff25b7fba9a542
large,obqa,14-517,2432,3,$DATA_DIR/P2_E1_DIRECTION_20260913T053456Z/features/large/obqa/02432.npz,aebe2d2afba50bc6fae8581682aea29ae666e30de6451f928d51b9fda3a10565,8192,float32,ca2386f24d445258fc1244651ef6164bedaed16011ff4e7a0eff25b7fba9a542
large,obqa,14-518,2433,3,$DATA_DIR/P2_E1_DIRECTION_20260913T053456Z/features/large/obqa/02433.npz,7443363ec1132740952c82335965b5a4e1ccb73b0688418bfce9f47484d02beb,8192,float32,ca2386f24d445258fc1244651ef6164bedaed16011ff4e7a0eff25b7fba9a542
large,obqa,14-539,2440,3,$DATA_DIR/P2_E1_DIRECTION_20260913T053456Z/features/large/obqa/02440.npz,9d2d1467a92b01f6e99e80ee261396f9a8fd23b02888e1598c05c282c0f2f21f,8192,float32,ca2386f24d445258fc1244651ef6164bedaed16011ff4e7a0eff25b7fba9a542
large,obqa,14-543,2443,3,$DATA_DIR/P2_E1_DIRECTION_20260913T053456Z/features/large/obqa/02443.npz,1039f0b18bc48a0a7b43ac6e94697d539f92531ea531ba38f81a4d7dfcf80abd,8192,float32,ca2386f24d445258fc1244651ef6164bedaed16011ff4e7a0eff25b7fba9a542
large,obqa,14-549,2444,3,$DATA_DIR/P2_E1_DIRECTION_20260913T053456Z/features/large/obqa/02444.npz,a34288b694ea92132be031bf238d06f9095ec563e54e11c8e8517202337f3d96,8192,float32,ca2386f24d445258fc1244651ef6164bedaed16011ff4e7a0eff25b7fba9a542
large,obqa,14-552,2447,3,$DATA_DIR/P2_E1_DIRECTION_20260913T053456Z/features/large/obqa/02447.npz,d440e84d513dda2045afc0a572657c875f1817d877808f97c04a81341a8a909c,8192,float32,ca2386f24d445258fc1244651ef6164bedaed16011ff4e7a0eff25b7fba9a542
large,obqa,14-554,2449,3,$DATA_DIR/P2_E1_DIRECTION_20260913T053456Z/features/large/obqa/02449.npz,9c8f4f057ff8573025854197cdde12ee71bfe532768b2ed239c1950bfab61df2,8192,float32,ca2386f24d445258fc1244651ef6164bedaed16011ff4e7a0eff25b7fba9a542
large,obqa,14-559,2452,3,$DATA_DIR/P2_E1_DIRECTION_20260913T053456Z/features/large/obqa/02452.npz,b41fd8209439c8e88b70c9d0b974580a95637548c16969e69204a8287543abca,8192,float32,ca2386f24d445258fc1244651ef6164bedaed16011ff4e7a0eff25b7fba9a542
large,obqa,14-564,2453,3,$DATA_DIR/P2_E1_DIRECTION_20260913T053456Z/features/large/obqa/02453.npz,b75d28e423db2150f70af999aa9b4a09e0ad3dce85e10bb5c044a785453170ff,8192,float32,ca2386f24d445258fc1244651ef6164bedaed16011ff4e7a0eff25b7fba9a542
large,obqa,14-566,2454,3,$DATA_DIR/P2_E1_DIRECTION_20260913T053456Z/features/large/obqa/02454.npz,c459d71a824360040686cfad4407497557a307cfe11edc8cc5fea44d9d0099e9,8192,float32,ca2386f24d445258fc1244651ef6164bedaed16011ff4e7a0eff25b7fba9a542
large,obqa,14-606,2474,3,$DATA_DIR/P2_E1_DIRECTION_20260913T053456Z/features/large/obqa/02474.npz,4f19aee422d7a2f52bd17bd552eb130d4cc8c80952aaa3d38faf7bea01c28618,8192,float32,ca2386f24d445258fc1244651ef6164bedaed16011ff4e7a0eff25b7fba9a542
large,obqa,14-614,2477,3,$DATA_DIR/P2_E1_DIRECTION_20260913T053456Z/features/large/obqa/02477.npz,ff1bab86269e80436da3710542f2ff9212c82a10abc64c1b3470abac707f444e,8192,float32,ca2386f24d445258fc1244651ef6164bedaed16011ff4e7a0eff25b7fba9a542
large,obqa,14-615,2478,3,$DATA_DIR/P2_E1_DIRECTION_20260913T053456Z/features/large/obqa/02478.npz,dff6380e722e0422536cdf498d063a7e6a90991b5e5b795e18d73a96b570dba2,8192,float32,ca2386f24d445258fc1244651ef6164bedaed16011ff4e7a0eff25b7fba9a542
large,obqa,14-616,2479,3,$DATA_DIR/P2_E1_DIRECTION_20260913T053456Z/features/large/obqa/02479.npz,839192e35e3447a4077014bc7ec8e1386690fcb9838adabeb55b0037fb67fedd,8192,float32,ca2386f24d445258fc1244651ef6164bedaed16011ff4e7a0eff25b7fba9a542
large,obqa,14-670,2504,3,$DATA_DIR/P2_E1_DIRECTION_20260913T053456Z/features/large/obqa/02504.npz,c5e4b9bf4a7756031ec04b85836ad3ab85046ad732e8a7024f8bc11412f06c32,8192,float32,ca2386f24d445258fc1244651ef6164bedaed16011ff4e7a0eff25b7fba9a542
large,obqa,14-672,2505,3,$DATA_DIR/P2_E1_DIRECTION_20260913T053456Z/features/large/obqa/02505.npz,a320bc7f9ce9665fde1b0ad9ecb58ac1a0b52835bb19baf4283f24dc4f517a34,8192,float32,ca2386f24d445258fc1244651ef6164bedaed16011ff4e7a0eff25b7fba9a542
large,obqa,14-674,2507,3,$DATA_DIR/P2_E1_DIRECTION_20260913T053456Z/features/large/obqa/02507.npz,e75cf7143d5ce0cedc96a37a396f10d4490a4a8fbffcc222e870bca9f870168e,8192,float32,ca2386f24d445258fc1244651ef6164bedaed16011ff4e7a0eff25b7fba9a542
large,obqa,14-711,2525,3,$DATA_DIR/P2_E1_DIRECTION_20260913T053456Z/features/large/obqa/02525.npz,75e8e139766e04da65ed06b454e6205657ff77ef131ea560f29549e2916e9926,8192,float32,ca2386f24d445258fc1244651ef6164bedaed16011ff4e7a0eff25b7fba9a542
large,obqa,14-718,2529,3,$DATA_DIR/P2_E1_DIRECTION_20260913T053456Z/features/large/obqa/02529.npz,47bd925a8b26b5b7a66514d85355f0cec18a43af7af478d7c0ac7877c5b92d13,8192,float32,ca2386f24d445258fc1244651ef6164bedaed16011ff4e7a0eff25b7fba9a542
large,obqa,14-724,2534,3,$DATA_DIR/P2_E1_DIRECTION_20260913T053456Z/features/large/obqa/02534.npz,0d773fb3bf2e9c51b0ea798f9556e08c07b96ca914bc51caaf0a6a78268f0b18,8192,float32,ca2386f24d445258fc1244651ef6164bedaed16011ff4e7a0eff25b7fba9a542
large,obqa,14-728,2537,3,$DATA_DIR/P2_E1_DIRECTION_20260913T053456Z/features/large/obqa/02537.npz,1f3f4feb6c06b0b91de5dc1ffb3dce2856463cde13ff3d0779e9998d0bf586ce,8192,float32,ca2386f24d445258fc1244651ef6164bedaed16011ff4e7a0eff25b7fba9a542
large,obqa,14-762,2547,3,$DATA_DIR/P2_E1_DIRECTION_20260913T053456Z/features/large/obqa/02547.npz,6ba0f19c08f4ceb33e1676eda61354fb8632a56865ef31aaaebc17a93e1011ab,8192,float32,ca2386f24d445258fc1244651ef6164bedaed16011ff4e7a0eff25b7fba9a542
large,obqa,14-770,2551,3,$DATA_DIR/P2_E1_DIRECTION_20260913T053456Z/features/large/obqa/02551.npz,8fe565f847cc7e3fcba0e644a7163f1f5b552f20724c52278e7d65dee0c84511,8192,float32,ca2386f24d445258fc1244651ef6164bedaed16011ff4e7a0eff25b7fba9a542
large,obqa,14-771,2552,3,$DATA_DIR/P2_E1_DIRECTION_20260913T053456Z/features/large/obqa/02552.npz,48ade931c7344066d02a0a2abf7f5817b83fdab5f2db8bd2c069be3c24af4b47,8192,float32,ca2386f24d445258fc1244651ef6164bedaed16011ff4e7a0eff25b7fba9a542
large,obqa,14-79,2556,3,$DATA_DIR/P2_E1_DIRECTION_20260913T053456Z/features/large/obqa/02556.npz,acfbd58950643889bf0a67be4cd2c21b645e7f9eb138eeecc19b0993579c8a6a,8192,float32,ca2386f24d445258fc1244651ef6164bedaed16011ff4e7a0eff25b7fba9a542
large,obqa,14-798,2558,3,$DATA_DIR/P2_E1_DIRECTION_20260913T053456Z/features/large/obqa/02558.npz,97c26cc673511f57071ec49ac9bbda0866c88dff6dfb806467e48615e5281835,8192,float32,ca2386f24d445258fc1244651ef6164bedaed16011ff4e7a0eff25b7fba9a542
large,obqa,14-820,2569,3,$DATA_DIR/P2_E1_DIRECTION_20260913T053456Z/features/large/obqa/02569.npz,fd3069f5f067b5fe0d6652032496c46d8b67823112802ccf09dee52c1ac12528,8192,float32,ca2386f24d445258fc1244651ef6164bedaed16011ff4e7a0eff25b7fba9a542
large,obqa,14-827,2574,3,$DATA_DIR/P2_E1_DIRECTION_20260913T053456Z/features/large/obqa/02574.npz,6561602bcc9e4ba42932bcf92841d5be2b2c268b40a66166975c8e46fb49b632,8192,float32,ca2386f24d445258fc1244651ef6164bedaed16011ff4e7a0eff25b7fba9a542
large,obqa,14-847,2582,3,$DATA_DIR/P2_E1_DIRECTION_20260913T053456Z/features/large/obqa/02582.npz,9e55e88da6918afaa05fe586e29a1a81790b3f9ad99dfdc4a0d9fce0b28ad0cd,8192,float32,ca2386f24d445258fc1244651ef6164bedaed16011ff4e7a0eff25b7fba9a542
large,obqa,14-86,2588,3,$DATA_DIR/P2_E1_DIRECTION_20260913T053456Z/features/large/obqa/02588.npz,273f59508d60e88acea46dce0674cfee9000cc1fb0e88e3e38c19dd326b8d90c,8192,float32,ca2386f24d445258fc1244651ef6164bedaed16011ff4e7a0eff25b7fba9a542
large,obqa,14-865,2591,3,$DATA_DIR/P2_E1_DIRECTION_20260913T053456Z/features/large/obqa/02591.npz,ea09b2ecaaf41408ac35965577c9a307a9d9792a8bb7b94f315b34ce0777ecda,8192,float32,ca2386f24d445258fc1244651ef6164bedaed16011ff4e7a0eff25b7fba9a542
large,obqa,14-879,2596,3,$DATA_DIR/P2_E1_DIRECTION_20260913T053456Z/features/large/obqa/02596.npz,f511ceccce3c9a1011f514e06f9efcdee0a6c39bcb3beeb7db8f5201f9baf563,8192,float32,ca2386f24d445258fc1244651ef6164bedaed16011ff4e7a0eff25b7fba9a542
large,obqa,14-88,2597,3,$DATA_DIR/P2_E1_DIRECTION_20260913T053456Z/features/large/obqa/02597.npz,426137cf0b1c4e6de2b1d2d96f7382f2bce1c4c41d59c3e17e2b9ec877b351c7,8192,float32,ca2386f24d445258fc1244651ef6164bedaed16011ff4e7a0eff25b7fba9a542
large,obqa,14-881,2598,3,$DATA_DIR/P2_E1_DIRECTION_20260913T053456Z/features/large/obqa/02598.npz,3ba9491e77609078554aa9902322d2146c7856f038125b4049f6a4e9cb2ab954,8192,float32,ca2386f24d445258fc1244651ef6164bedaed16011ff4e7a0eff25b7fba9a542
large,obqa,14-886,2601,3,$DATA_DIR/P2_E1_DIRECTION_20260913T053456Z/features/large/obqa/02601.npz,0da3fd61119935b6b2241370062a3c62420c6c42b5ec7344b5d8ac50e3459708,8192,float32,ca2386f24d445258fc1244651ef6164bedaed16011ff4e7a0eff25b7fba9a542
large,obqa,14-905,2611,3,$DATA_DIR/P2_E1_DIRECTION_20260913T053456Z/features/large/obqa/02611.npz,6fada8c1f62a52ae9e716bfd906c189138d0cca6318357513846184abfb8fc3a,8192,float32,ca2386f24d445258fc1244651ef6164bedaed16011ff4e7a0eff25b7fba9a542
large,obqa,14-938,2628,3,$DATA_DIR/P2_E1_DIRECTION_20260913T053456Z/features/large/obqa/02628.npz,ded8d4c95f8f92c909a4e42bdd9308fd4994ac2dc67d74fc87133beeab04767d,8192,float32,ca2386f24d445258fc1244651ef6164bedaed16011ff4e7a0eff25b7fba9a542
large,obqa,14-952,2635,3,$DATA_DIR/P2_E1_DIRECTION_20260913T053456Z/features/large/obqa/02635.npz,2bf500ba02cf700363a6352b7d7ff660e0bc32c3448ca644cd56729e9e6b3551,8192,float32,ca2386f24d445258fc1244651ef6164bedaed16011ff4e7a0eff25b7fba9a542
large,obqa,14-955,2637,3,$DATA_DIR/P2_E1_DIRECTION_20260913T053456Z/features/large/obqa/02637.npz,ef178fb779726cecf5d4827b67788739610a8279087657f3ea6f1473c8899c7c,8192,float32,ca2386f24d445258fc1244651ef6164bedaed16011ff4e7a0eff25b7fba9a542
large,obqa,14-972,2647,3,$DATA_DIR/P2_E1_DIRECTION_20260913T053456Z/features/large/obqa/02647.npz,383ef2e4e6fcf49864a909895c9e0dc51ae191b98ae4896c2d357d2d1180e4ff,8192,float32,ca2386f24d445258fc1244651ef6164bedaed16011ff4e7a0eff25b7fba9a542
large,obqa,14-997,2658,3,$DATA_DIR/P2_E1_DIRECTION_20260913T053456Z/features/large/obqa/02658.npz,416800e45f8c467a917ec3f782eb387c41b399739530240bdf204552a5878c9d,8192,float32,ca2386f24d445258fc1244651ef6164bedaed16011ff4e7a0eff25b7fba9a542
large,obqa,1427,2665,3,$DATA_DIR/P2_E1_DIRECTION_20260913T053456Z/features/large/obqa/02665.npz,8da419b346d1390c4ecc712f65ca4ec9d130314b97f935ae5e0580a539c4bb00,8192,float32,ca2386f24d445258fc1244651ef6164bedaed16011ff4e7a0eff25b7fba9a542
large,obqa,1440,2669,3,$DATA_DIR/P2_E1_DIRECTION_20260913T053456Z/features/large/obqa/02669.npz,58c8ed10cbbe7def7192d31fa1789f006274854d1171e9b02fab97013e882f1f,8192,float32,ca2386f24d445258fc1244651ef6164bedaed16011ff4e7a0eff25b7fba9a542
large,obqa,1489,2675,3,$DATA_DIR/P2_E1_DIRECTION_20260913T053456Z/features/large/obqa/02675.npz,c450b04a5f8b6f39d19c6d154c70f3242e972db6e619cc922ffdef5fe23dcd6e,8192,float32,ca2386f24d445258fc1244651ef6164bedaed16011ff4e7a0eff25b7fba9a542
large,obqa,1589,2691,3,$DATA_DIR/P2_E1_DIRECTION_20260913T053456Z/features/large/obqa/02691.npz,346a638dfc5eaa5a6aaa76e2671b1b671ac315e4850a931a57c6ff4785515cee,8192,float32,ca2386f24d445258fc1244651ef6164bedaed16011ff4e7a0eff25b7fba9a542
large,obqa,1644,2695,3,$DATA_DIR/P2_E1_DIRECTION_20260913T053456Z/features/large/obqa/02695.npz,53deee767c24200ed9d184b7a71a7eae29b6be767bfed3b1dd329defaca163ac,8192,float32,ca2386f24d445258fc1244651ef6164bedaed16011ff4e7a0eff25b7fba9a542
large,obqa,1656,2697,3,$DATA_DIR/P2_E1_DIRECTION_20260913T053456Z/features/large/obqa/02697.npz,5aed9cf572a09ad2d50740add25f706ef84aa13342cebf1aca86e5c002b07bbe,8192,float32,ca2386f24d445258fc1244651ef6164bedaed16011ff4e7a0eff25b7fba9a542
large,obqa,1658,2698,3,$DATA_DIR/P2_E1_DIRECTION_20260913T053456Z/features/large/obqa/02698.npz,fe2cef49fc9e7fd129f3c1426c540d10cf5d6f03116d85f568907f279932d392,8192,float32,ca2386f24d445258fc1244651ef6164bedaed16011ff4e7a0eff25b7fba9a542
large,obqa,1721,2707,3,$DATA_DIR/P2_E1_DIRECTION_20260913T053456Z/features/large/obqa/02707.npz,2ebacc1510791de7ea2cee5f8eb7bc37bd231eda8deed34830a3c9cc3b95f5d5,8192,float32,ca2386f24d445258fc1244651ef6164bedaed16011ff4e7a0eff25b7fba9a542
large,obqa,1738,2709,3,$DATA_DIR/P2_E1_DIRECTION_20260913T053456Z/features/large/obqa/02709.npz,496e7eaee92ac5a3241b7b2784e517f51ab3fbe8ae1632840475e4c7478f964f,8192,float32,ca2386f24d445258fc1244651ef6164bedaed16011ff4e7a0eff25b7fba9a542
large,obqa,1766,2711,3,$DATA_DIR/P2_E1_DIRECTION_20260913T053456Z/features/large/obqa/02711.npz,fe61650c804e91bea58acf0dfd45b2cedd246c7d575513939e6b16c34c4d4d8a,8192,float32,ca2386f24d445258fc1244651ef6164bedaed16011ff4e7a0eff25b7fba9a542
large,obqa,1770,2713,3,$DATA_DIR/P2_E1_DIRECTION_20260913T053456Z/features/large/obqa/02713.npz,16417c77b8768dadc3073aa077ff1833731680d7f47859d841570b20e52e1bfa,8192,float32,ca2386f24d445258fc1244651ef6164bedaed16011ff4e7a0eff25b7fba9a542
large,obqa,1792,2715,3,$DATA_DIR/P2_E1_DIRECTION_20260913T053456Z/features/large/obqa/02715.npz,a89586ebbd5cdc72c4a30d5fc980d3bbb299cfdf8fe2188bc358adaa916f225d,8192,float32,ca2386f24d445258fc1244651ef6164bedaed16011ff4e7a0eff25b7fba9a542
large,obqa,1826,2717,3,$DATA_DIR/P2_E1_DIRECTION_20260913T053456Z/features/large/obqa/02717.npz,342ef5ad999f49923ca28d376907a93d2092414b6c63a598a8ff8dc52033f062,8192,float32,ca2386f24d445258fc1244651ef6164bedaed16011ff4e7a0eff25b7fba9a542
large,obqa,1873,2724,3,$DATA_DIR/P2_E1_DIRECTION_20260913T053456Z/features/large/obqa/02724.npz,5c8e91db011a71ed1de6d1a7502520a97bd13ac07866dae4dd74f9aa94686a03,8192,float32,ca2386f24d445258fc1244651ef6164bedaed16011ff4e7a0eff25b7fba9a542
large,obqa,1921,2734,3,$DATA_DIR/P2_E1_DIRECTION_20260913T053456Z/features/large/obqa/02734.npz,090bf8092e5747bca2a90894ee293f74d034cd5be78647aa72ca2f719a181734,8192,float32,ca2386f24d445258fc1244651ef6164bedaed16011ff4e7a0eff25b7fba9a542
large,obqa,1962,2743,3,$DATA_DIR/P2_E1_DIRECTION_20260913T053456Z/features/large/obqa/02743.npz,449a7eed79ca10b97c8da3b8b83e865ee39677838a381333abe65e31ddf4299d,8192,float32,ca2386f24d445258fc1244651ef6164bedaed16011ff4e7a0eff25b7fba9a542
large,obqa,204,2747,3,$DATA_DIR/P2_E1_DIRECTION_20260913T053456Z/features/large/obqa/02747.npz,fc45896a21d700f5ae09ccbcd3c808822dca879d54160532a580b2cfeafa6d63,8192,float32,ca2386f24d445258fc1244651ef6164bedaed16011ff4e7a0eff25b7fba9a542
large,obqa,210,2752,3,$DATA_DIR/P2_E1_DIRECTION_20260913T053456Z/features/large/obqa/02752.npz,69c192a7f472f6beab796bb3265b8510acedc093151c8f1e3c599d8ce5899848,8192,float32,ca2386f24d445258fc1244651ef6164bedaed16011ff4e7a0eff25b7fba9a542
large,obqa,254,2757,3,$DATA_DIR/P2_E1_DIRECTION_20260913T053456Z/features/large/obqa/02757.npz,a20e7a314e6674787db31eeec7d5c79610df9865cdb164d0bb6580d31cefd121,8192,float32,ca2386f24d445258fc1244651ef6164bedaed16011ff4e7a0eff25b7fba9a542
large,obqa,272,2759,3,$DATA_DIR/P2_E1_DIRECTION_20260913T053456Z/features/large/obqa/02759.npz,2b00aa93afc06c50f65243c306a775dfff9eea60886bd1398acda5aa9f242684,8192,float32,ca2386f24d445258fc1244651ef6164bedaed16011ff4e7a0eff25b7fba9a542
large,obqa,274,2760,3,$DATA_DIR/P2_E1_DIRECTION_20260913T053456Z/features/large/obqa/02760.npz,abce20f06218ce1771b4f0e4a8a516d98b3d01fae6ec4275c0c4db8acff54c4a,8192,float32,ca2386f24d445258fc1244651ef6164bedaed16011ff4e7a0eff25b7fba9a542
large,obqa,323,2769,3,$DATA_DIR/P2_E1_DIRECTION_20260913T053456Z/features/large/obqa/02769.npz,1bdea0d59d8fe85266d0a7241b88da271523d5b7245a254c8b19607e9b5fbcb5,8192,float32,ca2386f24d445258fc1244651ef6164bedaed16011ff4e7a0eff25b7fba9a542
large,obqa,475,2784,3,$DATA_DIR/P2_E1_DIRECTION_20260913T053456Z/features/large/obqa/02784.npz,e89578687c415a1438320969fb123c57ac0a5b06de8f9ef6967d97935c3fc292,8192,float32,ca2386f24d445258fc1244651ef6164bedaed16011ff4e7a0eff25b7fba9a542
large,obqa,52,2789,3,$DATA_DIR/P2_E1_DIRECTION_20260913T053456Z/features/large/obqa/02789.npz,a4cedf53af940c780681671cd47ce2737d3a779a0ce375c98d5f38be144c0de9,8192,float32,ca2386f24d445258fc1244651ef6164bedaed16011ff4e7a0eff25b7fba9a542
large,obqa,571,2792,3,$DATA_DIR/P2_E1_DIRECTION_20260913T053456Z/features/large/obqa/02792.npz,bb51d487f797643ec93c285f8699d9003edbee30e1496eceab9b73f45cb8acea,8192,float32,ca2386f24d445258fc1244651ef6164bedaed16011ff4e7a0eff25b7fba9a542
large,obqa,634,2804,3,$DATA_DIR/P2_E1_DIRECTION_20260913T053456Z/features/large/obqa/02804.npz,1fb5991b102214d780749625c047ca6596f6193a9866374b8e358c572e35a7c5,8192,float32,ca2386f24d445258fc1244651ef6164bedaed16011ff4e7a0eff25b7fba9a542
large,obqa,7-1002,2810,3,$DATA_DIR/P2_E1_DIRECTION_20260913T053456Z/features/large/obqa/02810.npz,4f4cd58323183866f926f1fa6bd81f442b1f989ae8e197d1a539f131dc80161a,8192,float32,ca2386f24d445258fc1244651ef6164bedaed16011ff4e7a0eff25b7fba9a542
large,obqa,7-1014,2813,3,$DATA_DIR/P2_E1_DIRECTION_20260913T053456Z/features/large/obqa/02813.npz,41f95036f0e9171e6295931a939cdba369d7c04dcb2cf1be5b8256317b56f567,8192,float32,ca2386f24d445258fc1244651ef6164bedaed16011ff4e7a0eff25b7fba9a542
large,obqa,7-1081,2825,3,$DATA_DIR/P2_E1_DIRECTION_20260913T053456Z/features/large/obqa/02825.npz,9f28606198c3a0c9b58fb705235f471338335adb20371278cceaa8aaa21034f5,8192,float32,ca2386f24d445258fc1244651ef6164bedaed16011ff4e7a0eff25b7fba9a542
large,obqa,7-1083,2827,3,$DATA_DIR/P2_E1_DIRECTION_20260913T053456Z/features/large/obqa/02827.npz,d226ecb0c2f47f668791e4a5c31ea233feb2d166f58194023e37b9c67d1e77b5,8192,float32,ca2386f24d445258fc1244651ef6164bedaed16011ff4e7a0eff25b7fba9a542
large,obqa,7-1085,2829,3,$DATA_DIR/P2_E1_DIRECTION_20260913T053456Z/features/large/obqa/02829.npz,c41f7d13b5456247267ff8c85ba3e0cd702a9b51daff96d539c7f2dd7fd1a5a1,8192,float32,ca2386f24d445258fc1244651ef6164bedaed16011ff4e7a0eff25b7fba9a542
large,obqa,7-1107,2836,3,$DATA_DIR/P2_E1_DIRECTION_20260913T053456Z/features/large/obqa/02836.npz,3025270d1e655d9e2186af9b2cc4b1cfd52b0e7973d90a4f38913b1b380bbc40,8192,float32,ca2386f24d445258fc1244651ef6164bedaed16011ff4e7a0eff25b7fba9a542
large,obqa,7-1117,2840,3,$DATA_DIR/P2_E1_DIRECTION_20260913T053456Z/features/large/obqa/02840.npz,0eee2a413a8aa25833a43f4abadd25c9f80912346193a1c5072c634843d84ada,8192,float32,ca2386f24d445258fc1244651ef6164bedaed16011ff4e7a0eff25b7fba9a542
large,obqa,7-1143,2847,3,$DATA_DIR/P2_E1_DIRECTION_20260913T053456Z/features/large/obqa/02847.npz,1477ab46d525f957b64bac7f2d353e30657bbb820b36d81b63962d2eef8d53e7,8192,float32,ca2386f24d445258fc1244651ef6164bedaed16011ff4e7a0eff25b7fba9a542
large,obqa,7-1146,2848,3,$DATA_DIR/P2_E1_DIRECTION_20260913T053456Z/features/large/obqa/02848.npz,8c841b71419797a0e7ea51de5e501892fba415686d2af17d46ea6a006ede9f26,8192,float32,ca2386f24d445258fc1244651ef6164bedaed16011ff4e7a0eff25b7fba9a542
large,obqa,7-117,2851,3,$DATA_DIR/P2_E1_DIRECTION_20260913T053456Z/features/large/obqa/02851.npz,9917df73134cd75c3fb82d7cbf65e2029ebfdda502d77a7cc4873a7983da4c4a,8192,float32,ca2386f24d445258fc1244651ef6164bedaed16011ff4e7a0eff25b7fba9a542
large,obqa,7-1182,2854,3,$DATA_DIR/P2_E1_DIRECTION_20260913T053456Z/features/large/obqa/02854.npz,66808aa7014504187d240a948df08bd0a67d431df67b898449497a694b2eb308,8192,float32,ca2386f24d445258fc1244651ef6164bedaed16011ff4e7a0eff25b7fba9a542
large,obqa,7-1190,2856,3,$DATA_DIR/P2_E1_DIRECTION_20260913T053456Z/features/large/obqa/02856.npz,a9a293b656df0090ed229f7f8004266af44d44881ab45ccd9afffed9c827270d,8192,float32,ca2386f24d445258fc1244651ef6164bedaed16011ff4e7a0eff25b7fba9a542
large,obqa,7-12,2858,3,$DATA_DIR/P2_E1_DIRECTION_20260913T053456Z/features/large/obqa/02858.npz,961b1a82d4032f583cf0d3b7528a9c75ad5da07c74eeced36c0f7995e061a897,8192,float32,ca2386f24d445258fc1244651ef6164bedaed16011ff4e7a0eff25b7fba9a542
large,obqa,7-122,2860,3,$DATA_DIR/P2_E1_DIRECTION_20260913T053456Z/features/large/obqa/02860.npz,25c7e4e68bc99c64bed8c7575ef594ca925091c1b5c05f30838835fa38a5ea95,8192,float32,ca2386f24d445258fc1244651ef6164bedaed16011ff4e7a0eff25b7fba9a542
large,obqa,7-167,2868,3,$DATA_DIR/P2_E1_DIRECTION_20260913T053456Z/features/large/obqa/02868.npz,677999d8ba8f1820f367d729c504401c81dee23c27161755a9ae0c36a63b09e1,8192,float32,ca2386f24d445258fc1244651ef6164bedaed16011ff4e7a0eff25b7fba9a542
large,obqa,7-189,2872,3,$DATA_DIR/P2_E1_DIRECTION_20260913T053456Z/features/large/obqa/02872.npz,9ce149b5dfa4e829c8dd47eb869345470be20b96c2e3edca684bbc076b2b29e2,8192,float32,ca2386f24d445258fc1244651ef6164bedaed16011ff4e7a0eff25b7fba9a542
large,obqa,7-209,2875,3,$DATA_DIR/P2_E1_DIRECTION_20260913T053456Z/features/large/obqa/02875.npz,239f50a07e25ea24e59914eb6b432d9317bdaf996e7479a9ca719526dde9dc3a,8192,float32,ca2386f24d445258fc1244651ef6164bedaed16011ff4e7a0eff25b7fba9a542
large,obqa,7-248,2884,3,$DATA_DIR/P2_E1_DIRECTION_20260913T053456Z/features/large/obqa/02884.npz,4675e73d9d7e812e85d87a3fcf4002ab97f8e8d03bb3782abfb03ccff5694a15,8192,float32,ca2386f24d445258fc1244651ef6164bedaed16011ff4e7a0eff25b7fba9a542
large,obqa,7-285,2891,3,$DATA_DIR/P2_E1_DIRECTION_20260913T053456Z/features/large/obqa/02891.npz,1f1a6802ded8c2d4e1fce9432f3d091dc4e457134c64fe012bdd2009111cf9cc,8192,float32,ca2386f24d445258fc1244651ef6164bedaed16011ff4e7a0eff25b7fba9a542
large,obqa,7-3,2896,3,$DATA_DIR/P2_E1_DIRECTION_20260913T053456Z/features/large/obqa/02896.npz,cdbc5a2ea484a6a1e8a541c2e50dbfdce5e8cd34b827fc7492bcbb47b9857079,8192,float32,ca2386f24d445258fc1244651ef6164bedaed16011ff4e7a0eff25b7fba9a542
large,obqa,7-348,2906,3,$DATA_DIR/P2_E1_DIRECTION_20260913T053456Z/features/large/obqa/02906.npz,c75bb86e38756c711d045dfb3f8d89d5d5a719e4ac7cc3773ecd3e3b9fef1792,8192,float32,ca2386f24d445258fc1244651ef6164bedaed16011ff4e7a0eff25b7fba9a542
large,obqa,7-389,2911,3,$DATA_DIR/P2_E1_DIRECTION_20260913T053456Z/features/large/obqa/02911.npz,07df18ec3d69c80ff16e5773a0c0fb9939a8144b9e6b18eb27cc3a9243dc2a51,8192,float32,ca2386f24d445258fc1244651ef6164bedaed16011ff4e7a0eff25b7fba9a542
large,obqa,7-420,2922,3,$DATA_DIR/P2_E1_DIRECTION_20260913T053456Z/features/large/obqa/02922.npz,303d388a1bd28dc868d7cf0d704fd4080f8602030fe3bbd9ffa19b30c1affef3,8192,float32,ca2386f24d445258fc1244651ef6164bedaed16011ff4e7a0eff25b7fba9a542
large,obqa,7-446,2928,3,$DATA_DIR/P2_E1_DIRECTION_20260913T053456Z/features/large/obqa/02928.npz,254ddc9702bbe7f7e5d1a2d49ceeaf3604025cfacd261df96a083279a0c37fab,8192,float32,ca2386f24d445258fc1244651ef6164bedaed16011ff4e7a0eff25b7fba9a542
large,obqa,7-45,2931,3,$DATA_DIR/P2_E1_DIRECTION_20260913T053456Z/features/large/obqa/02931.npz,1d23598c35c8f5c65cb64c97a3c86e6789e85ff0cfdac369552d91fd82464228,8192,float32,ca2386f24d445258fc1244651ef6164bedaed16011ff4e7a0eff25b7fba9a542
large,obqa,7-451,2932,3,$DATA_DIR/P2_E1_DIRECTION_20260913T053456Z/features/large/obqa/02932.npz,9a5ae5480f95df44d60d5544055d1b7d758be567dbea33a1697b58320b6dac99,8192,float32,ca2386f24d445258fc1244651ef6164bedaed16011ff4e7a0eff25b7fba9a542
large,obqa,7-475,2938,3,$DATA_DIR/P2_E1_DIRECTION_20260913T053456Z/features/large/obqa/02938.npz,1c239e2853ed2b4e4eb00113e9528a4ed33e91d4989593694c64d5c06547f9ec,8192,float32,ca2386f24d445258fc1244651ef6164bedaed16011ff4e7a0eff25b7fba9a542
large,obqa,7-532,2950,3,$DATA_DIR/P2_E1_DIRECTION_20260913T053456Z/features/large/obqa/02950.npz,12c521ddcb06695e92c01277f9e3d8a719bf7943cca9594c444bcd6b1a9a2a4a,8192,float32,ca2386f24d445258fc1244651ef6164bedaed16011ff4e7a0eff25b7fba9a542
large,obqa,7-550,2953,3,$DATA_DIR/P2_E1_DIRECTION_20260913T053456Z/features/large/obqa/02953.npz,d6812dc2f6059c3ba2707795985c51ee888af72bffbe630a3571c20f0c76cd27,8192,float32,ca2386f24d445258fc1244651ef6164bedaed16011ff4e7a0eff25b7fba9a542
large,obqa,7-56,2955,3,$DATA_DIR/P2_E1_DIRECTION_20260913T053456Z/features/large/obqa/02955.npz,d8ab5413ebf7939fdff36f1df271bfe5611c4e8f666878ada7f88f783fc12473,8192,float32,ca2386f24d445258fc1244651ef6164bedaed16011ff4e7a0eff25b7fba9a542
large,obqa,7-568,2958,3,$DATA_DIR/P2_E1_DIRECTION_20260913T053456Z/features/large/obqa/02958.npz,6f382a863716914b22b9720bb1b32b06b0bd72bdf4957bacfc7c564d765feb55,8192,float32,ca2386f24d445258fc1244651ef6164bedaed16011ff4e7a0eff25b7fba9a542
large,obqa,7-574,2959,3,$DATA_DIR/P2_E1_DIRECTION_20260913T053456Z/features/large/obqa/02959.npz,60a0a207395b04d185607940b169e1196d514f894a204a3bd5ea9b1255597c66,8192,float32,ca2386f24d445258fc1244651ef6164bedaed16011ff4e7a0eff25b7fba9a542
large,obqa,7-579,2961,3,$DATA_DIR/P2_E1_DIRECTION_20260913T053456Z/features/large/obqa/02961.npz,dd5825cd4e6ed6d5e7e59d1fe8fca5aa2c67e2a975fc6f620414e09310896521,8192,float32,ca2386f24d445258fc1244651ef6164bedaed16011ff4e7a0eff25b7fba9a542
large,obqa,7-585,2963,3,$DATA_DIR/P2_E1_DIRECTION_20260913T053456Z/features/large/obqa/02963.npz,d25af3f8a24512f79d93f49f54c05c6a10df88d698910d573b85bf409552f647,8192,float32,ca2386f24d445258fc1244651ef6164bedaed16011ff4e7a0eff25b7fba9a542
large,obqa,7-592,2966,3,$DATA_DIR/P2_E1_DIRECTION_20260913T053456Z/features/large/obqa/02966.npz,a6d66e2562c5bb73bbe6656398ef62860515f2bd5b657f849e5573e23fa39981,8192,float32,ca2386f24d445258fc1244651ef6164bedaed16011ff4e7a0eff25b7fba9a542
large,obqa,7-612,2968,3,$DATA_DIR/P2_E1_DIRECTION_20260913T053456Z/features/large/obqa/02968.npz,b19d5cb54bdc1d49933a631e92d706d144708aa9f2174dc8c10568faaedcf36c,8192,float32,ca2386f24d445258fc1244651ef6164bedaed16011ff4e7a0eff25b7fba9a542
large,obqa,7-617,2969,3,$DATA_DIR/P2_E1_DIRECTION_20260913T053456Z/features/large/obqa/02969.npz,44f7cac934672e1b647702b49b1c89852365606070e18890007be637309b549a,8192,float32,ca2386f24d445258fc1244651ef6164bedaed16011ff4e7a0eff25b7fba9a542
large,obqa,7-700,2982,3,$DATA_DIR/P2_E1_DIRECTION_20260913T053456Z/features/large/obqa/02982.npz,2ed2bc6b10d1e5015e3ba3b2cd915a8f0dd390ee93e3df2aa107fabc7dd47126,8192,float32,ca2386f24d445258fc1244651ef6164bedaed16011ff4e7a0eff25b7fba9a542
large,obqa,7-729,2992,3,$DATA_DIR/P2_E1_DIRECTION_20260913T053456Z/features/large/obqa/02992.npz,d9556f9827800bcc757c0652992d621f668793ce4b95141125706d00511a08cc,8192,float32,ca2386f24d445258fc1244651ef6164bedaed16011ff4e7a0eff25b7fba9a542
large,obqa,7-733,2993,3,$DATA_DIR/P2_E1_DIRECTION_20260913T053456Z/features/large/obqa/02993.npz,f0420be375d391ed9dddad93bc4fa5cc72672738914ea3a567c2dce92dde8c5b,8192,float32,ca2386f24d445258fc1244651ef6164bedaed16011ff4e7a0eff25b7fba9a542
large,obqa,7-751,3002,3,$DATA_DIR/P2_E1_DIRECTION_20260913T053456Z/features/large/obqa/03002.npz,930a0d8357e09512fab5e8237a25494c6e886a8cf2eecad1c8b17174376b7e33,8192,float32,ca2386f24d445258fc1244651ef6164bedaed16011ff4e7a0eff25b7fba9a542
large,obqa,7-778,3009,3,$DATA_DIR/P2_E1_DIRECTION_20260913T053456Z/features/large/obqa/03009.npz,d6362deef130e33e9bcfbb97113ca744c2be91986e0e8420b582ad2e4836866d,8192,float32,ca2386f24d445258fc1244651ef6164bedaed16011ff4e7a0eff25b7fba9a542
large,obqa,7-78,3010,3,$DATA_DIR/P2_E1_DIRECTION_20260913T053456Z/features/large/obqa/03010.npz,9b1068a6b3942131fe85274b0dbab79d989af0d84dd10a4e05dc0ac5d8cd884f,8192,float32,ca2386f24d445258fc1244651ef6164bedaed16011ff4e7a0eff25b7fba9a542
large,obqa,7-795,3015,3,$DATA_DIR/P2_E1_DIRECTION_20260913T053456Z/features/large/obqa/03015.npz,def775fdca73b905bb5c181cdd8fbef7d63131de8179b73adf7de504b13daa41,8192,float32,ca2386f24d445258fc1244651ef6164bedaed16011ff4e7a0eff25b7fba9a542
large,obqa,7-872,3028,3,$DATA_DIR/P2_E1_DIRECTION_20260913T053456Z/features/large/obqa/03028.npz,22ad458a731ce6573916810160c25ea95c3bd15754d892144f2c0c2dc04e08a3,8192,float32,ca2386f24d445258fc1244651ef6164bedaed16011ff4e7a0eff25b7fba9a542
large,obqa,7-874,3029,3,$DATA_DIR/P2_E1_DIRECTION_20260913T053456Z/features/large/obqa/03029.npz,cd8c8addcdfa8596f49c4664b38281c43c2735eecf0790901af5f713506ce757,8192,float32,ca2386f24d445258fc1244651ef6164bedaed16011ff4e7a0eff25b7fba9a542
large,obqa,7-890,3034,3,$DATA_DIR/P2_E1_DIRECTION_20260913T053456Z/features/large/obqa/03034.npz,2f0b96808490d7fa17380b19b1064e4aa5567428f4859a88dd2b742a17ec8288,8192,float32,ca2386f24d445258fc1244651ef6164bedaed16011ff4e7a0eff25b7fba9a542
large,obqa,7-898,3036,3,$DATA_DIR/P2_E1_DIRECTION_20260913T053456Z/features/large/obqa/03036.npz,a050774aa0a0c6b56d9a54ae9d6d3cae34b68ff59a94709c2499448bed095095,8192,float32,ca2386f24d445258fc1244651ef6164bedaed16011ff4e7a0eff25b7fba9a542
large,obqa,7-94,3043,3,$DATA_DIR/P2_E1_DIRECTION_20260913T053456Z/features/large/obqa/03043.npz,629df17f2c9cf18bbe3d699fef826a97ed1939bbee98340c61fe82159cac49ea,8192,float32,ca2386f24d445258fc1244651ef6164bedaed16011ff4e7a0eff25b7fba9a542
large,obqa,7-948,3046,3,$DATA_DIR/P2_E1_DIRECTION_20260913T053456Z/features/large/obqa/03046.npz,74e39604a50af2ad29de2170e69618a30e9cdda16d99fb73742df78e7a083f4f,8192,float32,ca2386f24d445258fc1244651ef6164bedaed16011ff4e7a0eff25b7fba9a542
large,obqa,7-956,3048,3,$DATA_DIR/P2_E1_DIRECTION_20260913T053456Z/features/large/obqa/03048.npz,8fb32f5892f20f364f1065817c2462aee63096c56666df4ef7895d557ba3a5c3,8192,float32,ca2386f24d445258fc1244651ef6164bedaed16011ff4e7a0eff25b7fba9a542
large,obqa,7-994,3054,3,$DATA_DIR/P2_E1_DIRECTION_20260913T053456Z/features/large/obqa/03054.npz,99755e16cb70437d4669f622982c062b131853a78394921bced4a33ac532c44e,8192,float32,ca2386f24d445258fc1244651ef6164bedaed16011ff4e7a0eff25b7fba9a542
large,obqa,712,3057,3,$DATA_DIR/P2_E1_DIRECTION_20260913T053456Z/features/large/obqa/03057.npz,61db82e0aa1db704f018548c24af616c3a0b84f958b4c797360df5fef594eab1,8192,float32,ca2386f24d445258fc1244651ef6164bedaed16011ff4e7a0eff25b7fba9a542
large,obqa,714,3058,3,$DATA_DIR/P2_E1_DIRECTION_20260913T053456Z/features/large/obqa/03058.npz,3794584ae740d8df1f74e55f4991a5a701eae195abb83c53526f4efce5f284a9,8192,float32,ca2386f24d445258fc1244651ef6164bedaed16011ff4e7a0eff25b7fba9a542
large,obqa,731,3061,3,$DATA_DIR/P2_E1_DIRECTION_20260913T053456Z/features/large/obqa/03061.npz,1bebb74ae52c6773ab9a46dc260e7de1cd51edf1e2a404a208281b7d118199d2,8192,float32,ca2386f24d445258fc1244651ef6164bedaed16011ff4e7a0eff25b7fba9a542
large,obqa,8-146,3086,3,$DATA_DIR/P2_E1_DIRECTION_20260913T053456Z/features/large/obqa/03086.npz,3aa1ccd128c7f566e2655311ae3f0f138f847b63d90c3a67042a924a8af16f14,8192,float32,ca2386f24d445258fc1244651ef6164bedaed16011ff4e7a0eff25b7fba9a542
large,obqa,8-164,3090,3,$DATA_DIR/P2_E1_DIRECTION_20260913T053456Z/features/large/obqa/03090.npz,1f952072959dddee8de4e7024765c1dea5eb08f281672adad7726b1be6d6bf30,8192,float32,ca2386f24d445258fc1244651ef6164bedaed16011ff4e7a0eff25b7fba9a542
large,obqa,8-172,3092,3,$DATA_DIR/P2_E1_DIRECTION_20260913T053456Z/features/large/obqa/03092.npz,33104bb7606cd064d78fb7033a7ed55fc63cbde42a24ee5c1edc7096b7587efb,8192,float32,ca2386f24d445258fc1244651ef6164bedaed16011ff4e7a0eff25b7fba9a542
large,obqa,8-184,3096,3,$DATA_DIR/P2_E1_DIRECTION_20260913T053456Z/features/large/obqa/03096.npz,e56e1bfbf61be9d1e3d1ef783b90a276ee1c71d809617824197216e37d7202ca,8192,float32,ca2386f24d445258fc1244651ef6164bedaed16011ff4e7a0eff25b7fba9a542
large,obqa,8-21,3102,3,$DATA_DIR/P2_E1_DIRECTION_20260913T053456Z/features/large/obqa/03102.npz,8610994c5378d0fcee2f34ddc7301c673af76fa0cbf23530523dc26f25c41a9c,8192,float32,ca2386f24d445258fc1244651ef6164bedaed16011ff4e7a0eff25b7fba9a542
large,obqa,8-212,3104,3,$DATA_DIR/P2_E1_DIRECTION_20260913T053456Z/features/large/obqa/03104.npz,46032589d4b63f396db7644112a22a54d7fc34de523feb3153bbf6622fe65581,8192,float32,ca2386f24d445258fc1244651ef6164bedaed16011ff4e7a0eff25b7fba9a542
large,obqa,8-219,3107,3,$DATA_DIR/P2_E1_DIRECTION_20260913T053456Z/features/large/obqa/03107.npz,d29fa83b5e994eefb092c414e9ab13632ea31f1b541d1244e0604fee201672b0,8192,float32,ca2386f24d445258fc1244651ef6164bedaed16011ff4e7a0eff25b7fba9a542
large,obqa,8-245,3113,3,$DATA_DIR/P2_E1_DIRECTION_20260913T053456Z/features/large/obqa/03113.npz,8bf3d4afa23b893ec323b156692ad8a7089bbeef9bcdbca98d41aaa06a0d6395,8192,float32,ca2386f24d445258fc1244651ef6164bedaed16011ff4e7a0eff25b7fba9a542
large,obqa,8-254,3115,3,$DATA_DIR/P2_E1_DIRECTION_20260913T053456Z/features/large/obqa/03115.npz,49510c246686c98d8338aa31e50ea3b1de389e4777b04e338ff677e9c4c06c7c,8192,float32,ca2386f24d445258fc1244651ef6164bedaed16011ff4e7a0eff25b7fba9a542
large,obqa,8-286,3122,3,$DATA_DIR/P2_E1_DIRECTION_20260913T053456Z/features/large/obqa/03122.npz,91232cf71c625456cd66a5a43e71a9f3c1b28f505c4a144103a7676826d100d5,8192,float32,ca2386f24d445258fc1244651ef6164bedaed16011ff4e7a0eff25b7fba9a542
large,obqa,8-317,3131,3,$DATA_DIR/P2_E1_DIRECTION_20260913T053456Z/features/large/obqa/03131.npz,374c4e7986b35198e0a268189f305f3db46df0572b7cb218a56356e1e9516e19,8192,float32,ca2386f24d445258fc1244651ef6164bedaed16011ff4e7a0eff25b7fba9a542
large,obqa,8-339,3136,3,$DATA_DIR/P2_E1_DIRECTION_20260913T053456Z/features/large/obqa/03136.npz,cb61ea5ddd5f21badd3f3c47cc6aee7b3132379d6fa09e51303c63c796d48a90,8192,float32,ca2386f24d445258fc1244651ef6164bedaed16011ff4e7a0eff25b7fba9a542
large,obqa,8-415,3153,3,$DATA_DIR/P2_E1_DIRECTION_20260913T053456Z/features/large/obqa/03153.npz,b29a8bda25fdb3f645c5a11261cfad69ef46b94a2f55ee1482dc0bf3fdc7dbba,8192,float32,ca2386f24d445258fc1244651ef6164bedaed16011ff4e7a0eff25b7fba9a542
large,obqa,8-419,3154,3,$DATA_DIR/P2_E1_DIRECTION_20260913T053456Z/features/large/obqa/03154.npz,f50049d47ff88d05c01437fcd04e521154dcdefd0525e96779ebde8c8f245a20,8192,float32,ca2386f24d445258fc1244651ef6164bedaed16011ff4e7a0eff25b7fba9a542
large,obqa,8-421,3156,3,$DATA_DIR/P2_E1_DIRECTION_20260913T053456Z/features/large/obqa/03156.npz,2f54a1179d6cb00505a2c4400dfc463d80ad4f794e6926b9afd3b2b00ebf9f3b,8192,float32,ca2386f24d445258fc1244651ef6164bedaed16011ff4e7a0eff25b7fba9a542
large,obqa,8-436,3160,3,$DATA_DIR/P2_E1_DIRECTION_20260913T053456Z/features/large/obqa/03160.npz,f9ca76ddfd38b4ede8e9b12df74915aa9303f1c449bc8be03e42a1f682a53b95,8192,float32,ca2386f24d445258fc1244651ef6164bedaed16011ff4e7a0eff25b7fba9a542
large,obqa,8-451,3163,3,$DATA_DIR/P2_E1_DIRECTION_20260913T053456Z/features/large/obqa/03163.npz,c6111ceaa41870a2eaa229bd4a9c763b4aa9d51253db0e93fddc28ca72b79d60,8192,float32,ca2386f24d445258fc1244651ef6164bedaed16011ff4e7a0eff25b7fba9a542
large,obqa,8-458,3165,3,$DATA_DIR/P2_E1_DIRECTION_20260913T053456Z/features/large/obqa/03165.npz,bdba82417efdfee97169380fd706110e7962564d3ab90c3b46ee4f8987656cd3,8192,float32,ca2386f24d445258fc1244651ef6164bedaed16011ff4e7a0eff25b7fba9a542
large,obqa,8-476,3170,3,$DATA_DIR/P2_E1_DIRECTION_20260913T053456Z/features/large/obqa/03170.npz,fad359b99475285363f92439478577ebc13acf396ea63e793bdecd54780d7b99,8192,float32,ca2386f24d445258fc1244651ef6164bedaed16011ff4e7a0eff25b7fba9a542
large,obqa,8-484,3172,3,$DATA_DIR/P2_E1_DIRECTION_20260913T053456Z/features/large/obqa/03172.npz,425f65d91bec8f50a15c1332763f092dcd65fa8d0635dabed31990e88d54c163,8192,float32,ca2386f24d445258fc1244651ef6164bedaed16011ff4e7a0eff25b7fba9a542
large,obqa,8-492,3175,3,$DATA_DIR/P2_E1_DIRECTION_20260913T053456Z/features/large/obqa/03175.npz,83375501dbc03284f503887af972f8614159f9e5c5214c77d6ace2fdd7fb069d,8192,float32,ca2386f24d445258fc1244651ef6164bedaed16011ff4e7a0eff25b7fba9a542
large,obqa,8-81,3183,3,$DATA_DIR/P2_E1_DIRECTION_20260913T053456Z/features/large/obqa/03183.npz,316fc99ab6789ded4954fa87eb33bf0203dcc8f913bcaac559d9ea47bb049195,8192,float32,ca2386f24d445258fc1244651ef6164bedaed16011ff4e7a0eff25b7fba9a542
large,obqa,825,3194,3,$DATA_DIR/P2_E1_DIRECTION_20260913T053456Z/features/large/obqa/03194.npz,d763382cb01757a7c2c822a7068356d97c613757a98477374df58a8d21f3e215,8192,float32,ca2386f24d445258fc1244651ef6164bedaed16011ff4e7a0eff25b7fba9a542
large,obqa,826,3195,3,$DATA_DIR/P2_E1_DIRECTION_20260913T053456Z/features/large/obqa/03195.npz,ea82f2c136cb89bd4756eac3c68cecc0e38fcea6415a07365b4ce0161811d064,8192,float32,ca2386f24d445258fc1244651ef6164bedaed16011ff4e7a0eff25b7fba9a542
large,obqa,828,3196,3,$DATA_DIR/P2_E1_DIRECTION_20260913T053456Z/features/large/obqa/03196.npz,b4ac1c289daffa578e735efe104e5ce806182e59298a2c00f623dd58181e93ac,8192,float32,ca2386f24d445258fc1244651ef6164bedaed16011ff4e7a0eff25b7fba9a542
large,obqa,834,3199,3,$DATA_DIR/P2_E1_DIRECTION_20260913T053456Z/features/large/obqa/03199.npz,b4a82b15695cccf24144ee98878b204b4d86088660283436492e3bed521af354,8192,float32,ca2386f24d445258fc1244651ef6164bedaed16011ff4e7a0eff25b7fba9a542
large,obqa,848,3202,3,$DATA_DIR/P2_E1_DIRECTION_20260913T053456Z/features/large/obqa/03202.npz,edc8561cec19344a0804851b97ae6cbb29efaf23c6272f2b523be78d09ad76ab,8192,float32,ca2386f24d445258fc1244651ef6164bedaed16011ff4e7a0eff25b7fba9a542
large,obqa,888,3209,3,$DATA_DIR/P2_E1_DIRECTION_20260913T053456Z/features/large/obqa/03209.npz,8f37cd54044bc9385d9ad0d8b462597242eb3b6d7d74ebb77c38db058083890d,8192,float32,ca2386f24d445258fc1244651ef6164bedaed16011ff4e7a0eff25b7fba9a542
large,obqa,9-1050,3220,3,$DATA_DIR/P2_E1_DIRECTION_20260913T053456Z/features/large/obqa/03220.npz,3f2f5b4ec80231e07ba53de4d18e8869d6a5db668d5a68bd1b8541315fd8f965,8192,float32,ca2386f24d445258fc1244651ef6164bedaed16011ff4e7a0eff25b7fba9a542
large,obqa,9-1052,3222,3,$DATA_DIR/P2_E1_DIRECTION_20260913T053456Z/features/large/obqa/03222.npz,89945cb02216febe8113257a59cadd58a46cd594c526044f394084ccc54d06e2,8192,float32,ca2386f24d445258fc1244651ef6164bedaed16011ff4e7a0eff25b7fba9a542
large,obqa,9-1080,3228,3,$DATA_DIR/P2_E1_DIRECTION_20260913T053456Z/features/large/obqa/03228.npz,b4dc764bfecd9a2ff3fe207d89362ed956f1404b07e3b740624e56be48130aed,8192,float32,ca2386f24d445258fc1244651ef6164bedaed16011ff4e7a0eff25b7fba9a542
large,obqa,9-1088,3229,3,$DATA_DIR/P2_E1_DIRECTION_20260913T053456Z/features/large/obqa/03229.npz,58a8a8b13db7d58b0d38ff843b70261e05322067264cefd0cfde32f86e793e60,8192,float32,ca2386f24d445258fc1244651ef6164bedaed16011ff4e7a0eff25b7fba9a542
large,obqa,9-1109,3235,3,$DATA_DIR/P2_E1_DIRECTION_20260913T053456Z/features/large/obqa/03235.npz,b0e9b46f131a24414ca71e81fa679086d312722c2db0cc192ae58c16ec5306df,8192,float32,ca2386f24d445258fc1244651ef6164bedaed16011ff4e7a0eff25b7fba9a542
large,obqa,9-1131,3241,3,$DATA_DIR/P2_E1_DIRECTION_20260913T053456Z/features/large/obqa/03241.npz,91b446b051dcc43b852e2e3961421d15f147732bb0dccc4869eb03199a54dbae,8192,float32,ca2386f24d445258fc1244651ef6164bedaed16011ff4e7a0eff25b7fba9a542
large,obqa,9-1142,3243,3,$DATA_DIR/P2_E1_DIRECTION_20260913T053456Z/features/large/obqa/03243.npz,24ed064e7f7f823c3e3369aa4a7ba536c2bff6bdde518cfbaa1a8a6225b88964,8192,float32,ca2386f24d445258fc1244651ef6164bedaed16011ff4e7a0eff25b7fba9a542
large,obqa,9-1143,3244,3,$DATA_DIR/P2_E1_DIRECTION_20260913T053456Z/features/large/obqa/03244.npz,37a6e05190ae4737ef5990c9647e009aed3f4595289219fd498b8e25d6c5f6e3,8192,float32,ca2386f24d445258fc1244651ef6164bedaed16011ff4e7a0eff25b7fba9a542
large,obqa,9-1149,3246,3,$DATA_DIR/P2_E1_DIRECTION_20260913T053456Z/features/large/obqa/03246.npz,4de7d144dfc723c64bf9932774aca5b4f1b49c39359fe8988913a603418b6216,8192,float32,ca2386f24d445258fc1244651ef6164bedaed16011ff4e7a0eff25b7fba9a542
large,obqa,9-1165,3250,3,$DATA_DIR/P2_E1_DIRECTION_20260913T053456Z/features/large/obqa/03250.npz,c96fb6663fc16b8de4a4a330093d3f23bfeb57b6851d6e95481852536a614497,8192,float32,ca2386f24d445258fc1244651ef6164bedaed16011ff4e7a0eff25b7fba9a542
large,obqa,9-1177,3254,3,$DATA_DIR/P2_E1_DIRECTION_20260913T053456Z/features/large/obqa/03254.npz,642192e9e936dacd7ce42a42e034caccc42faeab32b5c6227564ac240fbf79a1,8192,float32,ca2386f24d445258fc1244651ef6164bedaed16011ff4e7a0eff25b7fba9a542
large,obqa,9-121,3258,3,$DATA_DIR/P2_E1_DIRECTION_20260913T053456Z/features/large/obqa/03258.npz,c73359208a9ed48aee4f5ff000c23ca055ea88db948948b6b317a1bc99a6e76c,8192,float32,ca2386f24d445258fc1244651ef6164bedaed16011ff4e7a0eff25b7fba9a542
large,obqa,9-166,3269,3,$DATA_DIR/P2_E1_DIRECTION_20260913T053456Z/features/large/obqa/03269.npz,ff0b0f092094b0f2c866a9cf1fb088cf21fd21164efef160326fd96c20cc7ecc,8192,float32,ca2386f24d445258fc1244651ef6164bedaed16011ff4e7a0eff25b7fba9a542
large,obqa,9-173,3273,3,$DATA_DIR/P2_E1_DIRECTION_20260913T053456Z/features/large/obqa/03273.npz,b608f47fbcc6f6602485e368195847a9da4a1621144de9020e84de6bc7c174e7,8192,float32,ca2386f24d445258fc1244651ef6164bedaed16011ff4e7a0eff25b7fba9a542
large,obqa,9-219,3287,3,$DATA_DIR/P2_E1_DIRECTION_20260913T053456Z/features/large/obqa/03287.npz,9c845eaf0e775b58fc5ee3384877f0c4c3a456350a83d5d3c486c173952e40e9,8192,float32,ca2386f24d445258fc1244651ef6164bedaed16011ff4e7a0eff25b7fba9a542
large,obqa,9-236,3292,3,$DATA_DIR/P2_E1_DIRECTION_20260913T053456Z/features/large/obqa/03292.npz,ba5c982144917e1ea7c9e46755cdf305d9c739c1ae8c7487da52fee39847e5a8,8192,float32,ca2386f24d445258fc1244651ef6164bedaed16011ff4e7a0eff25b7fba9a542
large,obqa,9-256,3295,3,$DATA_DIR/P2_E1_DIRECTION_20260913T053456Z/features/large/obqa/03295.npz,a183d83939238110fd91add2af9045c8399252e67c064dc53666d8a89821c9b7,8192,float32,ca2386f24d445258fc1244651ef6164bedaed16011ff4e7a0eff25b7fba9a542
large,obqa,9-261,3296,3,$DATA_DIR/P2_E1_DIRECTION_20260913T053456Z/features/large/obqa/03296.npz,67dc7fcc6356531b9d63b6a101b0b6e25321c23b32d153a558f94a2f8c4891cd,8192,float32,ca2386f24d445258fc1244651ef6164bedaed16011ff4e7a0eff25b7fba9a542
large,obqa,9-31,3306,3,$DATA_DIR/P2_E1_DIRECTION_20260913T053456Z/features/large/obqa/03306.npz,fee8ba50bc1c5f1b4a9a3133a3b5d70fc8546901f498a9d1ddee9ed9cc03c168,8192,float32,ca2386f24d445258fc1244651ef6164bedaed16011ff4e7a0eff25b7fba9a542
large,obqa,9-355,3315,3,$DATA_DIR/P2_E1_DIRECTION_20260913T053456Z/features/large/obqa/03315.npz,0286036aa003bbc52ce74b93c7ab8770bc457405a3f3f61611c71f451e300607,8192,float32,ca2386f24d445258fc1244651ef6164bedaed16011ff4e7a0eff25b7fba9a542
large,obqa,9-356,3316,3,$DATA_DIR/P2_E1_DIRECTION_20260913T053456Z/features/large/obqa/03316.npz,23b46d4a0b7735f29069be0959c7e9d167eddbd3195c7d1de7bf5a9b2bd96963,8192,float32,ca2386f24d445258fc1244651ef6164bedaed16011ff4e7a0eff25b7fba9a542
large,obqa,9-396,3324,3,$DATA_DIR/P2_E1_DIRECTION_20260913T053456Z/features/large/obqa/03324.npz,31ddbf68453c717689c730ec812fdb56fa74902841040261a4b6ad4a94263207,8192,float32,ca2386f24d445258fc1244651ef6164bedaed16011ff4e7a0eff25b7fba9a542
large,obqa,9-403,3325,3,$DATA_DIR/P2_E1_DIRECTION_20260913T053456Z/features/large/obqa/03325.npz,0aaa6fadcd3117eee391024d74c8cfdd4f686bcb51c5948e2021b3cd56c262b3,8192,float32,ca2386f24d445258fc1244651ef6164bedaed16011ff4e7a0eff25b7fba9a542
large,obqa,9-413,3329,3,$DATA_DIR/P2_E1_DIRECTION_20260913T053456Z/features/large/obqa/03329.npz,5af4bc262b455b9a8e4a769ea984f876304dca0d49c299a957be501bcf44c08e,8192,float32,ca2386f24d445258fc1244651ef6164bedaed16011ff4e7a0eff25b7fba9a542
large,obqa,9-446,3338,3,$DATA_DIR/P2_E1_DIRECTION_20260913T053456Z/features/large/obqa/03338.npz,edf2d1b673a6f0e68dad576c44b271d469e8ae999f1c0f723e7f0fc16423f685,8192,float32,ca2386f24d445258fc1244651ef6164bedaed16011ff4e7a0eff25b7fba9a542
large,obqa,9-494,3348,3,$DATA_DIR/P2_E1_DIRECTION_20260913T053456Z/features/large/obqa/03348.npz,1f95d34960ba2cd7b3bee55d9aec5752a4d79cf6cce6f6a2c7585b45d673b7e1,8192,float32,ca2386f24d445258fc1244651ef6164bedaed16011ff4e7a0eff25b7fba9a542
large,obqa,9-521,3355,3,$DATA_DIR/P2_E1_DIRECTION_20260913T053456Z/features/large/obqa/03355.npz,16d03154c033629f1f00e2a7277dbad984c9e44077a6eb5cd3bc033023d62211,8192,float32,ca2386f24d445258fc1244651ef6164bedaed16011ff4e7a0eff25b7fba9a542
large,obqa,9-527,3356,3,$DATA_DIR/P2_E1_DIRECTION_20260913T053456Z/features/large/obqa/03356.npz,67a5ecd149b9bb8f2b6ef73d821e800efec5f5d3c0d4125a4049c26342b8133e,8192,float32,ca2386f24d445258fc1244651ef6164bedaed16011ff4e7a0eff25b7fba9a542
large,obqa,9-616,3368,3,$DATA_DIR/P2_E1_DIRECTION_20260913T053456Z/features/large/obqa/03368.npz,8f479ee729a683f6508fafa214d72a28018cc19796903799eb91d4b330ddbd1b,8192,float32,ca2386f24d445258fc1244651ef6164bedaed16011ff4e7a0eff25b7fba9a542
large,obqa,9-635,3375,3,$DATA_DIR/P2_E1_DIRECTION_20260913T053456Z/features/large/obqa/03375.npz,3d0d57e097c56a933ccc8fc0792d6c60682bb1be9d421ee8523e44be1f9d22cb,8192,float32,ca2386f24d445258fc1244651ef6164bedaed16011ff4e7a0eff25b7fba9a542
large,obqa,9-723,3394,3,$DATA_DIR/P2_E1_DIRECTION_20260913T053456Z/features/large/obqa/03394.npz,1dc53288e0521c21cc63cde0d76b4bf5f02c4ba95280b46334d3f897f4796167,8192,float32,ca2386f24d445258fc1244651ef6164bedaed16011ff4e7a0eff25b7fba9a542
large,obqa,9-733,3396,3,$DATA_DIR/P2_E1_DIRECTION_20260913T053456Z/features/large/obqa/03396.npz,7ab27d3d3f7635ec74edadc6bbd759f851753b64f0c73ee51815895236540b60,8192,float32,ca2386f24d445258fc1244651ef6164bedaed16011ff4e7a0eff25b7fba9a542
large,obqa,9-761,3403,3,$DATA_DIR/P2_E1_DIRECTION_20260913T053456Z/features/large/obqa/03403.npz,994c59ecba60622f3961554529eeefb27aac291b868e0ae9e34b614291e68fc3,8192,float32,ca2386f24d445258fc1244651ef6164bedaed16011ff4e7a0eff25b7fba9a542
large,obqa,9-854,3425,3,$DATA_DIR/P2_E1_DIRECTION_20260913T053456Z/features/large/obqa/03425.npz,9c8afebfec864001f4192d726cd49977279be7e8d23038394a78ea9f5566b94e,8192,float32,ca2386f24d445258fc1244651ef6164bedaed16011ff4e7a0eff25b7fba9a542
large,obqa,9-857,3426,3,$DATA_DIR/P2_E1_DIRECTION_20260913T053456Z/features/large/obqa/03426.npz,9f164d9acf1e62fd9221afcdc201c98f78b839abd160589328abdf9580b43c91,8192,float32,ca2386f24d445258fc1244651ef6164bedaed16011ff4e7a0eff25b7fba9a542
large,obqa,9-899,3433,3,$DATA_DIR/P2_E1_DIRECTION_20260913T053456Z/features/large/obqa/03433.npz,c9214cb2f3b971682d29b2a2eda470ae26187c910e5da3c12a57a50976e8f4e2,8192,float32,ca2386f24d445258fc1244651ef6164bedaed16011ff4e7a0eff25b7fba9a542
large,obqa,9-912,3436,3,$DATA_DIR/P2_E1_DIRECTION_20260913T053456Z/features/large/obqa/03436.npz,1ac4d56e18ce8de228a1eac1b278bbe85fedf49ee08d48d88c9ad62d5df0d717,8192,float32,ca2386f24d445258fc1244651ef6164bedaed16011ff4e7a0eff25b7fba9a542
large,obqa,9-928,3442,3,$DATA_DIR/P2_E1_DIRECTION_20260913T053456Z/features/large/obqa/03442.npz,a138b8c917cd538f65fdeb0a12254b5597b7bc36ef6cf75b5e504c0d4ea51ba3,8192,float32,ca2386f24d445258fc1244651ef6164bedaed16011ff4e7a0eff25b7fba9a542
large,obqa,9-938,3444,3,$DATA_DIR/P2_E1_DIRECTION_20260913T053456Z/features/large/obqa/03444.npz,f6838f376b1c734734a30f223fc02ffed2497e8500667cc5cffc7fb08540fcfb,8192,float32,ca2386f24d445258fc1244651ef6164bedaed16011ff4e7a0eff25b7fba9a542
large,obqa,9-959,3449,3,$DATA_DIR/P2_E1_DIRECTION_20260913T053456Z/features/large/obqa/03449.npz,64813ab8315591a62b36c36cb1e24b1d46693c54be82670d6a4de48e9750fc84,8192,float32,ca2386f24d445258fc1244651ef6164bedaed16011ff4e7a0eff25b7fba9a542
large,obqa,930,3460,3,$DATA_DIR/P2_E1_DIRECTION_20260913T053456Z/features/large/obqa/03460.npz,c74fe1639781a098c6f23d6672f1e519f67cb939c339df9aad181c4b78963650,8192,float32,ca2386f24d445258fc1244651ef6164bedaed16011ff4e7a0eff25b7fba9a542
large,obqa,958,3462,3,$DATA_DIR/P2_E1_DIRECTION_20260913T053456Z/features/large/obqa/03462.npz,59b3da1a85b75ed017c23519384f52dd16103132af566d239ec0982404d30e6e,8192,float32,ca2386f24d445258fc1244651ef6164bedaed16011ff4e7a0eff25b7fba9a542
large,obqa,10-1016,9,4,$DATA_DIR/P2_E1_DIRECTION_20260913T053456Z/features/large/obqa/00009.npz,c206efa43e72ae841e2c0b2073ef1ed30f4e0cd13064147a0ea9cf7e6b0e4547,8192,float32,ca2386f24d445258fc1244651ef6164bedaed16011ff4e7a0eff25b7fba9a542
large,obqa,10-1020,12,4,$DATA_DIR/P2_E1_DIRECTION_20260913T053456Z/features/large/obqa/00012.npz,c74d75b45bc32d9022baa575c81f7603fdf72537abf974cd392f227b93ae482b,8192,float32,ca2386f24d445258fc1244651ef6164bedaed16011ff4e7a0eff25b7fba9a542
large,obqa,10-1022,14,4,$DATA_DIR/P2_E1_DIRECTION_20260913T053456Z/features/large/obqa/00014.npz,0133314ca363104f9b08f4ce124da99a04d2a427e0287a4921b44baa96cc19ef,8192,float32,ca2386f24d445258fc1244651ef6164bedaed16011ff4e7a0eff25b7fba9a542
large,obqa,10-1023,15,4,$DATA_DIR/P2_E1_DIRECTION_20260913T053456Z/features/large/obqa/00015.npz,c367ed723ccb2aa78c652f92d398fbb7f7b7b40a715954d5e3c5f08c6385be40,8192,float32,ca2386f24d445258fc1244651ef6164bedaed16011ff4e7a0eff25b7fba9a542
large,obqa,10-1033,17,4,$DATA_DIR/P2_E1_DIRECTION_20260913T053456Z/features/large/obqa/00017.npz,5b230b87a9ed28ea1587662034a45c67ee607b2f27262c4292a63378bc74d859,8192,float32,ca2386f24d445258fc1244651ef6164bedaed16011ff4e7a0eff25b7fba9a542
large,obqa,10-1034,18,4,$DATA_DIR/P2_E1_DIRECTION_20260913T053456Z/features/large/obqa/00018.npz,f4620b6454ae713aa31cc70fc4c820b8f75a5fe83dde5246ffed1f0a6566e0aa,8192,float32,ca2386f24d445258fc1244651ef6164bedaed16011ff4e7a0eff25b7fba9a542
large,obqa,10-1042,23,4,$DATA_DIR/P2_E1_DIRECTION_20260913T053456Z/features/large/obqa/00023.npz,f0332ea1d6bc71e4a786790988d703416f002e29f1f3912c118fb1f0cd7653a8,8192,float32,ca2386f24d445258fc1244651ef6164bedaed16011ff4e7a0eff25b7fba9a542
large,obqa,10-1046,25,4,$DATA_DIR/P2_E1_DIRECTION_20260913T053456Z/features/large/obqa/00025.npz,bf99428885a17b6395116e7c74aa7a5191b985af775bc4bd33be46fcb14c3557,8192,float32,ca2386f24d445258fc1244651ef6164bedaed16011ff4e7a0eff25b7fba9a542
large,obqa,10-1050,30,4,$DATA_DIR/P2_E1_DIRECTION_20260913T053456Z/features/large/obqa/00030.npz,a6a1fbd3a85b403315523f2b095d2967dffe53510cb94a311a44a6a4593620c1,8192,float32,ca2386f24d445258fc1244651ef6164bedaed16011ff4e7a0eff25b7fba9a542
large,obqa,10-1070,40,4,$DATA_DIR/P2_E1_DIRECTION_20260913T053456Z/features/large/obqa/00040.npz,e5085e02323d8dc3e7405ab4eca49d268803811ae05eeb06f58ce7f28df4bf85,8192,float32,ca2386f24d445258fc1244651ef6164bedaed16011ff4e7a0eff25b7fba9a542
large,obqa,10-1084,46,4,$DATA_DIR/P2_E1_DIRECTION_20260913T053456Z/features/large/obqa/00046.npz,998a142411463b0308bcd086417b5b650bf2857e1ada352a840b1f30c589c0cb,8192,float32,ca2386f24d445258fc1244651ef6164bedaed16011ff4e7a0eff25b7fba9a542
large,obqa,10-1092,50,4,$DATA_DIR/P2_E1_DIRECTION_20260913T053456Z/features/large/obqa/00050.npz,d654eaf4270b75faa60ef9e85adbf02ebde56f7407a4dc49cbd4b52a1053e4ff,8192,float32,ca2386f24d445258fc1244651ef6164bedaed16011ff4e7a0eff25b7fba9a542
large,obqa,10-1101,56,4,$DATA_DIR/P2_E1_DIRECTION_20260913T053456Z/features/large/obqa/00056.npz,881f0716cebce6f5b0f4f0f4cae1185f8a3132c9a154469544e4d0ad3a1099f6,8192,float32,ca2386f24d445258fc1244651ef6164bedaed16011ff4e7a0eff25b7fba9a542
large,obqa,10-1106,58,4,$DATA_DIR/P2_E1_DIRECTION_20260913T053456Z/features/large/obqa/00058.npz,464d03b6c56517b96f728e0e74618ecfdd90d8585e74dffc4c90af4f158281c8,8192,float32,ca2386f24d445258fc1244651ef6164bedaed16011ff4e7a0eff25b7fba9a542
large,obqa,10-112,66,4,$DATA_DIR/P2_E1_DIRECTION_20260913T053456Z/features/large/obqa/00066.npz,f49e97e31c2995af1cd989d2f5d223ed2aec98b08f77c18629ca3dd222d8f932,8192,float32,ca2386f24d445258fc1244651ef6164bedaed16011ff4e7a0eff25b7fba9a542
large,obqa,10-1126,72,4,$DATA_DIR/P2_E1_DIRECTION_20260913T053456Z/features/large/obqa/00072.npz,d14a26036d3e2e8abe8ec970c4863cbeba4d4041a0c66b28e4af2fcaa2145956,8192,float32,ca2386f24d445258fc1244651ef6164bedaed16011ff4e7a0eff25b7fba9a542
large,obqa,10-1130,75,4,$DATA_DIR/P2_E1_DIRECTION_20260913T053456Z/features/large/obqa/00075.npz,d1d2a43f0edb614b781ceaf212dda75340fffe36ce77acb723c4dd5aa9d738a9,8192,float32,ca2386f24d445258fc1244651ef6164bedaed16011ff4e7a0eff25b7fba9a542
large,obqa,10-1137,78,4,$DATA_DIR/P2_E1_DIRECTION_20260913T053456Z/features/large/obqa/00078.npz,6cbd13dcd96c8a871101a1d3592dae4fea87db4e5f31402e614a5f40bc0d675a,8192,float32,ca2386f24d445258fc1244651ef6164bedaed16011ff4e7a0eff25b7fba9a542
large,obqa,10-115,83,4,$DATA_DIR/P2_E1_DIRECTION_20260913T053456Z/features/large/obqa/00083.npz,58924dbe104b1aeefe5bd61b89415f07c855809354ca292c9fcdd55362c9fd06,8192,float32,ca2386f24d445258fc1244651ef6164bedaed16011ff4e7a0eff25b7fba9a542
large,obqa,10-1155,87,4,$DATA_DIR/P2_E1_DIRECTION_20260913T053456Z/features/large/obqa/00087.npz,02f10c77c169ed270c56cd4a6733317cfa5cf73c4bdf295a90bfe827dd82a0b2,8192,float32,ca2386f24d445258fc1244651ef6164bedaed16011ff4e7a0eff25b7fba9a542
large,obqa,10-1156,88,4,$DATA_DIR/P2_E1_DIRECTION_20260913T053456Z/features/large/obqa/00088.npz,4e6818aa9401baa5c34708ed23fa3be1933710eff828f575c045052a4b9d3e61,8192,float32,ca2386f24d445258fc1244651ef6164bedaed16011ff4e7a0eff25b7fba9a542
large,obqa,10-1163,89,4,$DATA_DIR/P2_E1_DIRECTION_20260913T053456Z/features/large/obqa/00089.npz,d592477439e71f5e678d5ad8ca7048584880f902ee6d96613fd67a77b5b46360,8192,float32,ca2386f24d445258fc1244651ef6164bedaed16011ff4e7a0eff25b7fba9a542
large,obqa,10-1199,104,4,$DATA_DIR/P2_E1_DIRECTION_20260913T053456Z/features/large/obqa/00104.npz,fedc458bf07d8863b7db74719bde1e9bc6cf31eb79bad45a560e5a83683001a5,8192,float32,ca2386f24d445258fc1244651ef6164bedaed16011ff4e7a0eff25b7fba9a542
large,obqa,10-1208,109,4,$DATA_DIR/P2_E1_DIRECTION_20260913T053456Z/features/large/obqa/00109.npz,35aa58f65fc7e469a1374c77cd60f11470fac025952fcfa7642361e7154df78a,8192,float32,ca2386f24d445258fc1244651ef6164bedaed16011ff4e7a0eff25b7fba9a542
large,obqa,10-1209,110,4,$DATA_DIR/P2_E1_DIRECTION_20260913T053456Z/features/large/obqa/00110.npz,feec3ef48692cc4f4b7df1a0b2e4b1ae0c1d6886ef85ccc404e8e77d9ebea787,8192,float32,ca2386f24d445258fc1244651ef6164bedaed16011ff4e7a0eff25b7fba9a542
large,obqa,10-1211,112,4,$DATA_DIR/P2_E1_DIRECTION_20260913T053456Z/features/large/obqa/00112.npz,ecfda2cdc19749842bdc91244b5f5e33322a16b4d9887adbe5552faeeadb93c8,8192,float32,ca2386f24d445258fc1244651ef6164bedaed16011ff4e7a0eff25b7fba9a542
large,obqa,10-1219,116,4,$DATA_DIR/P2_E1_DIRECTION_20260913T053456Z/features/large/obqa/00116.npz,e8f049543236aa3e8329ad986f3263a7803ffbb8b5c37b06a3a356a4d8c1cb05,8192,float32,ca2386f24d445258fc1244651ef6164bedaed16011ff4e7a0eff25b7fba9a542
large,obqa,10-129,123,4,$DATA_DIR/P2_E1_DIRECTION_20260913T053456Z/features/large/obqa/00123.npz,5d55056ac25e4cf4116f33ee30640926ba2d1fa6ad4d852150eff5da658455f8,8192,float32,ca2386f24d445258fc1244651ef6164bedaed16011ff4e7a0eff25b7fba9a542
large,obqa,10-132,126,4,$DATA_DIR/P2_E1_DIRECTION_20260913T053456Z/features/large/obqa/00126.npz,ba392eb219610460f1098a05b96ed4d2a9c9825101451367d2a3b8f7ee9be7c0,8192,float32,ca2386f24d445258fc1244651ef6164bedaed16011ff4e7a0eff25b7fba9a542
large,obqa,10-136,128,4,$DATA_DIR/P2_E1_DIRECTION_20260913T053456Z/features/large/obqa/00128.npz,092fcf22038f7c22509522565a9f597ed5717cec14380e6481085068d0282300,8192,float32,ca2386f24d445258fc1244651ef6164bedaed16011ff4e7a0eff25b7fba9a542
large,obqa,10-144,137,4,$DATA_DIR/P2_E1_DIRECTION_20260913T053456Z/features/large/obqa/00137.npz,6acdb244304ee728f5e513b1cc7284d35888698a4246f9f2f7ecbad3c562428e,8192,float32,ca2386f24d445258fc1244651ef6164bedaed16011ff4e7a0eff25b7fba9a542
large,obqa,10-153,142,4,$DATA_DIR/P2_E1_DIRECTION_20260913T053456Z/features/large/obqa/00142.npz,6d383dfbd81edb0335079fb0f2d02cacae7f044dfc7c9e9d5c996c5464493738,8192,float32,ca2386f24d445258fc1244651ef6164bedaed16011ff4e7a0eff25b7fba9a542
large,obqa,10-169,150,4,$DATA_DIR/P2_E1_DIRECTION_20260913T053456Z/features/large/obqa/00150.npz,3f34203a481968671fc32e1df8e99fb8c4c73f7f544ad326a0c455b9540bccc2,8192,float32,ca2386f24d445258fc1244651ef6164bedaed16011ff4e7a0eff25b7fba9a542
large,obqa,10-173,152,4,$DATA_DIR/P2_E1_DIRECTION_20260913T053456Z/features/large/obqa/00152.npz,5dd5c085ebea57e2a02a6c07f9c3075bf3c397315a986505f83e1346953ec4be,8192,float32,ca2386f24d445258fc1244651ef6164bedaed16011ff4e7a0eff25b7fba9a542
large,obqa,10-180,155,4,$DATA_DIR/P2_E1_DIRECTION_20260913T053456Z/features/large/obqa/00155.npz,7b5661f5e59996c5dd62af50316791d948771165ea5f7a16c9c69f5d78f5b9c0,8192,float32,ca2386f24d445258fc1244651ef6164bedaed16011ff4e7a0eff25b7fba9a542
large,obqa,10-181,156,4,$DATA_DIR/P2_E1_DIRECTION_20260913T053456Z/features/large/obqa/00156.npz,6ff0a1bdc1fe099f90dac6e2b851c9f1e25a1509071f61ef3a1017d57d023892,8192,float32,ca2386f24d445258fc1244651ef6164bedaed16011ff4e7a0eff25b7fba9a542
large,obqa,10-21,167,4,$DATA_DIR/P2_E1_DIRECTION_20260913T053456Z/features/large/obqa/00167.npz,ca35fb2e6e43e081097d148545998b09419bf5c35cbc36e182ea337bd5f6fec4,8192,float32,ca2386f24d445258fc1244651ef6164bedaed16011ff4e7a0eff25b7fba9a542
large,obqa,10-230,178,4,$DATA_DIR/P2_E1_DIRECTION_20260913T053456Z/features/large/obqa/00178.npz,966246cf8198da90ce87af644ff8e89953541be7f34bbb75a1f4de591ca4e7fd,8192,float32,ca2386f24d445258fc1244651ef6164bedaed16011ff4e7a0eff25b7fba9a542
large,obqa,10-238,183,4,$DATA_DIR/P2_E1_DIRECTION_20260913T053456Z/features/large/obqa/00183.npz,55e9505946312ed13dd3db79ba6f95e997aede2901a9272fe0d2c686c3ededd4,8192,float32,ca2386f24d445258fc1244651ef6164bedaed16011ff4e7a0eff25b7fba9a542
large,obqa,10-244,184,4,$DATA_DIR/P2_E1_DIRECTION_20260913T053456Z/features/large/obqa/00184.npz,cbd0aed6ab5456b85a9e81044f18f238cc2ead2e342fcac21b18412f42fa5500,8192,float32,ca2386f24d445258fc1244651ef6164bedaed16011ff4e7a0eff25b7fba9a542
large,obqa,10-258,190,4,$DATA_DIR/P2_E1_DIRECTION_20260913T053456Z/features/large/obqa/00190.npz,b164551cfe137b498ad2d04fd8ac0d83664db6946efaa996d50cfa1d671dc480,8192,float32,ca2386f24d445258fc1244651ef6164bedaed16011ff4e7a0eff25b7fba9a542
large,obqa,10-27,196,4,$DATA_DIR/P2_E1_DIRECTION_20260913T053456Z/features/large/obqa/00196.npz,d585d829506e1d244874cb9a8b5a51a9d7f5f59699ec49acd56e9efa038efe10,8192,float32,ca2386f24d445258fc1244651ef6164bedaed16011ff4e7a0eff25b7fba9a542
large,obqa,10-279,201,4,$DATA_DIR/P2_E1_DIRECTION_20260913T053456Z/features/large/obqa/00201.npz,91da38f6de0346e6fe40f2044389c9ada48533c86844c7a70d8449aa9c214537,8192,float32,ca2386f24d445258fc1244651ef6164bedaed16011ff4e7a0eff25b7fba9a542
large,obqa,10-283,203,4,$DATA_DIR/P2_E1_DIRECTION_20260913T053456Z/features/large/obqa/00203.npz,449d4d09214d2a783dc7dd4457c62056dcc3db168424e448c4f790cf434405e1,8192,float32,ca2386f24d445258fc1244651ef6164bedaed16011ff4e7a0eff25b7fba9a542
large,obqa,10-289,205,4,$DATA_DIR/P2_E1_DIRECTION_20260913T053456Z/features/large/obqa/00205.npz,ec216df2dc654e0b0149e8a6ec32b63502aade8404485d547bd98d393ac1a5d5,8192,float32,ca2386f24d445258fc1244651ef6164bedaed16011ff4e7a0eff25b7fba9a542
large,obqa,10-301,211,4,$DATA_DIR/P2_E1_DIRECTION_20260913T053456Z/features/large/obqa/00211.npz,99a845a35b6c8593bf725d26bacdbafa2c081102b73fc4f5fb28b23d1ac851ad,8192,float32,ca2386f24d445258fc1244651ef6164bedaed16011ff4e7a0eff25b7fba9a542
large,obqa,10-302,212,4,$DATA_DIR/P2_E1_DIRECTION_20260913T053456Z/features/large/obqa/00212.npz,c477610415171c738f1b1df23878884e8ff9cf699fd5467b50a7922d81554798,8192,float32,ca2386f24d445258fc1244651ef6164bedaed16011ff4e7a0eff25b7fba9a542
large,obqa,10-308,215,4,$DATA_DIR/P2_E1_DIRECTION_20260913T053456Z/features/large/obqa/00215.npz,b91a743ad584e4f7eb2965b39d41cc3588ab0200acf69dcae93dd69f9d044426,8192,float32,ca2386f24d445258fc1244651ef6164bedaed16011ff4e7a0eff25b7fba9a542
large,obqa,10-310,217,4,$DATA_DIR/P2_E1_DIRECTION_20260913T053456Z/features/large/obqa/00217.npz,87e980cb9aaa9fee994c82eb11691fe8300fb7e4a60b7bea347ef5b90a8cad90,8192,float32,ca2386f24d445258fc1244651ef6164bedaed16011ff4e7a0eff25b7fba9a542
large,obqa,10-325,225,4,$DATA_DIR/P2_E1_DIRECTION_20260913T053456Z/features/large/obqa/00225.npz,712be563f521a52d44ef901b8e3bc2fa86bfe28766ad91e6c32cbe9cc4534459,8192,float32,ca2386f24d445258fc1244651ef6164bedaed16011ff4e7a0eff25b7fba9a542
large,obqa,10-328,226,4,$DATA_DIR/P2_E1_DIRECTION_20260913T053456Z/features/large/obqa/00226.npz,2cb6256e9b2baa0c0c04004552886cbec03a2d418cc41d088f5a47c1d4c652f9,8192,float32,ca2386f24d445258fc1244651ef6164bedaed16011ff4e7a0eff25b7fba9a542
large,obqa,10-355,237,4,$DATA_DIR/P2_E1_DIRECTION_20260913T053456Z/features/large/obqa/00237.npz,2047f508d6542806122c15f43f0d0a4f876c6e4df8cc6e31224c4c7176aa96f9,8192,float32,ca2386f24d445258fc1244651ef6164bedaed16011ff4e7a0eff25b7fba9a542
large,obqa,10-357,238,4,$DATA_DIR/P2_E1_DIRECTION_20260913T053456Z/features/large/obqa/00238.npz,c9c4faee8365a9412ced85039dac575a17c243186fa7a27ed6f79c898caaf9ac,8192,float32,ca2386f24d445258fc1244651ef6164bedaed16011ff4e7a0eff25b7fba9a542
large,obqa,10-370,245,4,$DATA_DIR/P2_E1_DIRECTION_20260913T053456Z/features/large/obqa/00245.npz,f89560730432947c50739ac32d8509aad6db1983ad07e91479c439f248ce6a76,8192,float32,ca2386f24d445258fc1244651ef6164bedaed16011ff4e7a0eff25b7fba9a542
large,obqa,10-382,250,4,$DATA_DIR/P2_E1_DIRECTION_20260913T053456Z/features/large/obqa/00250.npz,8a1ffa3f003182fccf50928b386a54ebf5b060e593d3de503e8ce9b73402229d,8192,float32,ca2386f24d445258fc1244651ef6164bedaed16011ff4e7a0eff25b7fba9a542
large,obqa,10-387,252,4,$DATA_DIR/P2_E1_DIRECTION_20260913T053456Z/features/large/obqa/00252.npz,3a1ee2501e919c0317772595be1d531a0335b2e9df065d7630e686db78ce4464,8192,float32,ca2386f24d445258fc1244651ef6164bedaed16011ff4e7a0eff25b7fba9a542
large,obqa,10-400,260,4,$DATA_DIR/P2_E1_DIRECTION_20260913T053456Z/features/large/obqa/00260.npz,c744a72f4cb7995d1b6a47ba825a13b38b48a2a07c8be83ad6bff039d1877087,8192,float32,ca2386f24d445258fc1244651ef6164bedaed16011ff4e7a0eff25b7fba9a542
large,obqa,10-438,276,4,$DATA_DIR/P2_E1_DIRECTION_20260913T053456Z/features/large/obqa/00276.npz,85984c35afa3e500dd52412fa5f845eb6800986bc6c66356afe894f287e731a4,8192,float32,ca2386f24d445258fc1244651ef6164bedaed16011ff4e7a0eff25b7fba9a542
large,obqa,10-449,283,4,$DATA_DIR/P2_E1_DIRECTION_20260913T053456Z/features/large/obqa/00283.npz,3acd4449f9572d2626c691c69ef8b0969a8c6e68081f65263877b55b3257e81f,8192,float32,ca2386f24d445258fc1244651ef6164bedaed16011ff4e7a0eff25b7fba9a542
large,obqa,10-481,298,4,$DATA_DIR/P2_E1_DIRECTION_20260913T053456Z/features/large/obqa/00298.npz,f899ae9aadc417dcb80962619c5bc9cf6ac61126bb9b8cc148b34cf308170670,8192,float32,ca2386f24d445258fc1244651ef6164bedaed16011ff4e7a0eff25b7fba9a542
large,obqa,10-486,301,4,$DATA_DIR/P2_E1_DIRECTION_20260913T053456Z/features/large/obqa/00301.npz,2ac9981abd2a066d7d735d72ff14171cc08a367b5be724fb7a9801875091b179,8192,float32,ca2386f24d445258fc1244651ef6164bedaed16011ff4e7a0eff25b7fba9a542
large,obqa,10-505,312,4,$DATA_DIR/P2_E1_DIRECTION_20260913T053456Z/features/large/obqa/00312.npz,0917e355d224204538dbcf23cec85251a56c7edc1fdcc7667749ff0d57fe84ec,8192,float32,ca2386f24d445258fc1244651ef6164bedaed16011ff4e7a0eff25b7fba9a542
large,obqa,10-514,315,4,$DATA_DIR/P2_E1_DIRECTION_20260913T053456Z/features/large/obqa/00315.npz,cfe33b717e5a8bbb8a9f97ed37bc662677e12da7e87002987ae97ef56e629e8b,8192,float32,ca2386f24d445258fc1244651ef6164bedaed16011ff4e7a0eff25b7fba9a542
large,obqa,10-519,316,4,$DATA_DIR/P2_E1_DIRECTION_20260913T053456Z/features/large/obqa/00316.npz,20f6343f804cd5cf126d8b809a4806417fb5ad6eea3d0bf85fde8381213d8fcc,8192,float32,ca2386f24d445258fc1244651ef6164bedaed16011ff4e7a0eff25b7fba9a542
large,obqa,10-521,319,4,$DATA_DIR/P2_E1_DIRECTION_20260913T053456Z/features/large/obqa/00319.npz,4d007e11abf9827d3421d8adc88c59e04cd1707a6e98e78e3546219ab7b6cc08,8192,float32,ca2386f24d445258fc1244651ef6164bedaed16011ff4e7a0eff25b7fba9a542
large,obqa,10-534,322,4,$DATA_DIR/P2_E1_DIRECTION_20260913T053456Z/features/large/obqa/00322.npz,dc709f1ce48bdf6b24d83138b65fe3ae16fbd0fae19bc527207f1c5f98c69aaf,8192,float32,ca2386f24d445258fc1244651ef6164bedaed16011ff4e7a0eff25b7fba9a542
large,obqa,10-543,326,4,$DATA_DIR/P2_E1_DIRECTION_20260913T053456Z/features/large/obqa/00326.npz,a0c4ee9f36538613e529a0b1023c2f3a2bac653a27368321c632c3a60246ae3f,8192,float32,ca2386f24d445258fc1244651ef6164bedaed16011ff4e7a0eff25b7fba9a542
large,obqa,10-552,334,4,$DATA_DIR/P2_E1_DIRECTION_20260913T053456Z/features/large/obqa/00334.npz,781d943275f47f35b1983cf23a8c6bcf6c8cec83ff1d78ba74fcb816d9845499,8192,float32,ca2386f24d445258fc1244651ef6164bedaed16011ff4e7a0eff25b7fba9a542
large,obqa,10-560,340,4,$DATA_DIR/P2_E1_DIRECTION_20260913T053456Z/features/large/obqa/00340.npz,325854c7465318363fb6613cc09188e9261b204b761ab6f9c1ec8b58dfcaae44,8192,float32,ca2386f24d445258fc1244651ef6164bedaed16011ff4e7a0eff25b7fba9a542
large,obqa,10-564,341,4,$DATA_DIR/P2_E1_DIRECTION_20260913T053456Z/features/large/obqa/00341.npz,b7fa06e1d6a64d4b13d2f66e5ecff26d2c523a486ac3c196e8c46e962bb2e894,8192,float32,ca2386f24d445258fc1244651ef6164bedaed16011ff4e7a0eff25b7fba9a542
large,obqa,10-572,343,4,$DATA_DIR/P2_E1_DIRECTION_20260913T053456Z/features/large/obqa/00343.npz,7a33b66dd2776f692ed22d0e3a02ae2418538081803c63e2096d498c9ccd40a4,8192,float32,ca2386f24d445258fc1244651ef6164bedaed16011ff4e7a0eff25b7fba9a542
large,obqa,10-587,352,4,$DATA_DIR/P2_E1_DIRECTION_20260913T053456Z/features/large/obqa/00352.npz,ead561c401ebf32e1c720e17c538ee30f7d3dcc34736c3ecafcc45901fabd81a,8192,float32,ca2386f24d445258fc1244651ef6164bedaed16011ff4e7a0eff25b7fba9a542
large,obqa,10-59,355,4,$DATA_DIR/P2_E1_DIRECTION_20260913T053456Z/features/large/obqa/00355.npz,e82c59ac8f3f4f0cb6d1bc62b4ed6bd55eac0a097bea8da94b89bf4c53dfdb8f,8192,float32,ca2386f24d445258fc1244651ef6164bedaed16011ff4e7a0eff25b7fba9a542
large,obqa,10-599,360,4,$DATA_DIR/P2_E1_DIRECTION_20260913T053456Z/features/large/obqa/00360.npz,058c0fee2511679bb8477586dca8dbd8d1c58c57c2c92f7bb36875a21d4fffe7,8192,float32,ca2386f24d445258fc1244651ef6164bedaed16011ff4e7a0eff25b7fba9a542
large,obqa,10-603,363,4,$DATA_DIR/P2_E1_DIRECTION_20260913T053456Z/features/large/obqa/00363.npz,d1da1a92057a2c504800756e4c65b4d8928660230d2ad9037353412869a79313,8192,float32,ca2386f24d445258fc1244651ef6164bedaed16011ff4e7a0eff25b7fba9a542
large,obqa,10-61,367,4,$DATA_DIR/P2_E1_DIRECTION_20260913T053456Z/features/large/obqa/00367.npz,90a2a9c38f362727959cb8cd5ce60fdcb89407749fa5d1f257ba4471b3b82c33,8192,float32,ca2386f24d445258fc1244651ef6164bedaed16011ff4e7a0eff25b7fba9a542
large,obqa,10-613,370,4,$DATA_DIR/P2_E1_DIRECTION_20260913T053456Z/features/large/obqa/00370.npz,36e8b3f8ecbb7304a18f170ba29b78017317298ab8a4f74942123430939f8a9b,8192,float32,ca2386f24d445258fc1244651ef6164bedaed16011ff4e7a0eff25b7fba9a542
large,obqa,10-622,375,4,$DATA_DIR/P2_E1_DIRECTION_20260913T053456Z/features/large/obqa/00375.npz,9da9337b633709699d8e78e9a5c81839dd2b02dbfd8ac5b1ae436d78a8ec7de9,8192,float32,ca2386f24d445258fc1244651ef6164bedaed16011ff4e7a0eff25b7fba9a542
large,obqa,10-626,378,4,$DATA_DIR/P2_E1_DIRECTION_20260913T053456Z/features/large/obqa/00378.npz,4c04d213c741e6f5e304143f25dd08ae71277213cd776cc7b633df58de975bbe,8192,float32,ca2386f24d445258fc1244651ef6164bedaed16011ff4e7a0eff25b7fba9a542
large,obqa,10-653,395,4,$DATA_DIR/P2_E1_DIRECTION_20260913T053456Z/features/large/obqa/00395.npz,9d46ac0f23e68668f37c4550eb70d0a8983c8a2cf850b75dab8508eac70bb8e5,8192,float32,ca2386f24d445258fc1244651ef6164bedaed16011ff4e7a0eff25b7fba9a542
large,obqa,10-676,408,4,$DATA_DIR/P2_E1_DIRECTION_20260913T053456Z/features/large/obqa/00408.npz,a6aca14cdb7a3b417f0b00bb3d05869f4787a86c70e58433b9be499bc829afc6,8192,float32,ca2386f24d445258fc1244651ef6164bedaed16011ff4e7a0eff25b7fba9a542
large,obqa,10-687,414,4,$DATA_DIR/P2_E1_DIRECTION_20260913T053456Z/features/large/obqa/00414.npz,a76c0b50624075a2af8ce50794653581a11a47531d7cfe5e77c353652a7887b0,8192,float32,ca2386f24d445258fc1244651ef6164bedaed16011ff4e7a0eff25b7fba9a542
large,obqa,10-72,425,4,$DATA_DIR/P2_E1_DIRECTION_20260913T053456Z/features/large/obqa/00425.npz,4ac611b2dc97f8a04a4a76d63a24c999e9f561fdf382cf393db4e0d7d7b88c21,8192,float32,ca2386f24d445258fc1244651ef6164bedaed16011ff4e7a0eff25b7fba9a542
large,obqa,10-731,433,4,$DATA_DIR/P2_E1_DIRECTION_20260913T053456Z/features/large/obqa/00433.npz,fdf55872340133ec54295be22fb8f084814a63a85eecd25eecaaa6b0fff04f19,8192,float32,ca2386f24d445258fc1244651ef6164bedaed16011ff4e7a0eff25b7fba9a542
large,obqa,10-740,438,4,$DATA_DIR/P2_E1_DIRECTION_20260913T053456Z/features/large/obqa/00438.npz,be06ca4f84f25b7e768a36ba89d72d535c7f55c1eb98eead6fdea100a1a9bfe9,8192,float32,ca2386f24d445258fc1244651ef6164bedaed16011ff4e7a0eff25b7fba9a542
large,obqa,10-76,446,4,$DATA_DIR/P2_E1_DIRECTION_20260913T053456Z/features/large/obqa/00446.npz,5078ba78e0ca994705713586f60a4bb6e67dc85b0dbe0514fb7207d9e6d7a5a9,8192,float32,ca2386f24d445258fc1244651ef6164bedaed16011ff4e7a0eff25b7fba9a542
large,obqa,10-761,447,4,$DATA_DIR/P2_E1_DIRECTION_20260913T053456Z/features/large/obqa/00447.npz,6b8f5c4a055e1583d0985d4eaf7574b217bfa9d33dd3446baf2b34a2075570c2,8192,float32,ca2386f24d445258fc1244651ef6164bedaed16011ff4e7a0eff25b7fba9a542
large,obqa,10-771,450,4,$DATA_DIR/P2_E1_DIRECTION_20260913T053456Z/features/large/obqa/00450.npz,408e6f1f7b9a9e15731d2e75de5bd5ebb024396cc20480a37c1bae9becb7c30a,8192,float32,ca2386f24d445258fc1244651ef6164bedaed16011ff4e7a0eff25b7fba9a542
large,obqa,10-775,453,4,$DATA_DIR/P2_E1_DIRECTION_20260913T053456Z/features/large/obqa/00453.npz,72439cec6b61641cb5018883d6531870ec4bab3bc97621a58dabdf423d63c9ed,8192,float32,ca2386f24d445258fc1244651ef6164bedaed16011ff4e7a0eff25b7fba9a542
large,obqa,10-786,460,4,$DATA_DIR/P2_E1_DIRECTION_20260913T053456Z/features/large/obqa/00460.npz,eb1faae8c16d3200e778a657a86b2222738885f1d7dd7b19c8eeda104eb7a578,8192,float32,ca2386f24d445258fc1244651ef6164bedaed16011ff4e7a0eff25b7fba9a542
large,obqa,10-790,462,4,$DATA_DIR/P2_E1_DIRECTION_20260913T053456Z/features/large/obqa/00462.npz,ff639b63c441f2a49977b622e7c1aa72a2fc3c2894a3d34211e1f7c10c435efb,8192,float32,ca2386f24d445258fc1244651ef6164bedaed16011ff4e7a0eff25b7fba9a542
large,obqa,10-809,472,4,$DATA_DIR/P2_E1_DIRECTION_20260913T053456Z/features/large/obqa/00472.npz,a31c2aaddd7703a76c49eae01a75cfe939fa89b40f9cf41bf62ab29845168f64,8192,float32,ca2386f24d445258fc1244651ef6164bedaed16011ff4e7a0eff25b7fba9a542
large,obqa,10-811,475,4,$DATA_DIR/P2_E1_DIRECTION_20260913T053456Z/features/large/obqa/00475.npz,47b2dce3fb823f99bcd6cb0f79f209fabe86ca8ea42e22f67235f8494761d809,8192,float32,ca2386f24d445258fc1244651ef6164bedaed16011ff4e7a0eff25b7fba9a542
large,obqa,10-834,487,4,$DATA_DIR/P2_E1_DIRECTION_20260913T053456Z/features/large/obqa/00487.npz,960833ed3c6b1d9f3e1dc10d76103ac32d61dde1747f35583f84f301f70a7319,8192,float32,ca2386f24d445258fc1244651ef6164bedaed16011ff4e7a0eff25b7fba9a542
large,obqa,10-835,488,4,$DATA_DIR/P2_E1_DIRECTION_20260913T053456Z/features/large/obqa/00488.npz,d443e99193bf326bd872206f21fcfb910a205fbc55d4817ea054db8316d25de1,8192,float32,ca2386f24d445258fc1244651ef6164bedaed16011ff4e7a0eff25b7fba9a542
large,obqa,10-839,490,4,$DATA_DIR/P2_E1_DIRECTION_20260913T053456Z/features/large/obqa/00490.npz,d1fc3657263d7fed6c718475b7fd21ea7e661b1a99ceeeef7a7b2a10ef64f287,8192,float32,ca2386f24d445258fc1244651ef6164bedaed16011ff4e7a0eff25b7fba9a542
large,obqa,10-849,493,4,$DATA_DIR/P2_E1_DIRECTION_20260913T053456Z/features/large/obqa/00493.npz,42c4f18aa5dbf4e8863a81ac5daf496253b0a7d79711abc075f5cc8f71c7acb5,8192,float32,ca2386f24d445258fc1244651ef6164bedaed16011ff4e7a0eff25b7fba9a542
large,obqa,10-855,494,4,$DATA_DIR/P2_E1_DIRECTION_20260913T053456Z/features/large/obqa/00494.npz,cc9fa1bf4236e621698d0305cf1732f5bf64bc436c5b63e944c786d6561f21fc,8192,float32,ca2386f24d445258fc1244651ef6164bedaed16011ff4e7a0eff25b7fba9a542
large,obqa,10-863,499,4,$DATA_DIR/P2_E1_DIRECTION_20260913T053456Z/features/large/obqa/00499.npz,8a686706accd8d2fd1b3e2c7dbdd790a4a882c8686524a148731914a0d5406bd,8192,float32,ca2386f24d445258fc1244651ef6164bedaed16011ff4e7a0eff25b7fba9a542
large,obqa,10-868,501,4,$DATA_DIR/P2_E1_DIRECTION_20260913T053456Z/features/large/obqa/00501.npz,5b993655388a77d02d1dbc8e53029ff87b2a19dd205516a261bd86f28d1a6354,8192,float32,ca2386f24d445258fc1244651ef6164bedaed16011ff4e7a0eff25b7fba9a542
large,obqa,10-887,506,4,$DATA_DIR/P2_E1_DIRECTION_20260913T053456Z/features/large/obqa/00506.npz,c19a0c9d1989c73c86ef5e42a2d3ab5e6de5f14475fa6d132138e869783b3a93,8192,float32,ca2386f24d445258fc1244651ef6164bedaed16011ff4e7a0eff25b7fba9a542
large,obqa,10-892,509,4,$DATA_DIR/P2_E1_DIRECTION_20260913T053456Z/features/large/obqa/00509.npz,3beafcd4a69f6026ac301f76ed6deb1816679e648b9914b536579bc97d66867d,8192,float32,ca2386f24d445258fc1244651ef6164bedaed16011ff4e7a0eff25b7fba9a542
large,obqa,10-895,511,4,$DATA_DIR/P2_E1_DIRECTION_20260913T053456Z/features/large/obqa/00511.npz,8a2a6e6f9fbe2c50693d64b4ceddc1f33f9f5c16a2b52adefd6864ef53425f10,8192,float32,ca2386f24d445258fc1244651ef6164bedaed16011ff4e7a0eff25b7fba9a542
large,obqa,10-918,523,4,$DATA_DIR/P2_E1_DIRECTION_20260913T053456Z/features/large/obqa/00523.npz,0a0f6bd7f7b18622714cede8001a84db970869e2ad28b2f976eacbf8e1009108,8192,float32,ca2386f24d445258fc1244651ef6164bedaed16011ff4e7a0eff25b7fba9a542
large,obqa,10-932,532,4,$DATA_DIR/P2_E1_DIRECTION_20260913T053456Z/features/large/obqa/00532.npz,b3b9d1c587e01ec73ad3a1bfd953d88088402ffe3cc6f1c9955ab9600bcf56bb,8192,float32,ca2386f24d445258fc1244651ef6164bedaed16011ff4e7a0eff25b7fba9a542
large,obqa,10-933,533,4,$DATA_DIR/P2_E1_DIRECTION_20260913T053456Z/features/large/obqa/00533.npz,b0f801e3072fec48f3daf84e92752fe29a28bf74cf068f3297dc1d85d37bad49,8192,float32,ca2386f24d445258fc1244651ef6164bedaed16011ff4e7a0eff25b7fba9a542
large,obqa,10-934,534,4,$DATA_DIR/P2_E1_DIRECTION_20260913T053456Z/features/large/obqa/00534.npz,2e73bef9e65ff18d246d31e43a8f4beec582a2a212c219e0de3f53c1bddaa383,8192,float32,ca2386f24d445258fc1244651ef6164bedaed16011ff4e7a0eff25b7fba9a542
large,obqa,10-937,536,4,$DATA_DIR/P2_E1_DIRECTION_20260913T053456Z/features/large/obqa/00536.npz,7e8899a38ef192a965c87e35dc6185b668ac6673a625f81bd2eba3dc777e1e15,8192,float32,ca2386f24d445258fc1244651ef6164bedaed16011ff4e7a0eff25b7fba9a542
large,obqa,10-956,543,4,$DATA_DIR/P2_E1_DIRECTION_20260913T053456Z/features/large/obqa/00543.npz,a9ed0117e19a10d59f99d6142432129ba77378c90e046666149026b288269c84,8192,float32,ca2386f24d445258fc1244651ef6164bedaed16011ff4e7a0eff25b7fba9a542
large,obqa,1001,562,4,$DATA_DIR/P2_E1_DIRECTION_20260913T053456Z/features/large/obqa/00562.npz,f26f4ed2d52b3d4430240a666d95c2fee328c930e7800c6927bb9b1c3175b389,8192,float32,ca2386f24d445258fc1244651ef6164bedaed16011ff4e7a0eff25b7fba9a542
large,obqa,1011,564,4,$DATA_DIR/P2_E1_DIRECTION_20260913T053456Z/features/large/obqa/00564.npz,42f2d5367155df5bf6e285763fe10304e92c89297f680897ec2fcdd9b2c7e527,8192,float32,ca2386f24d445258fc1244651ef6164bedaed16011ff4e7a0eff25b7fba9a542
large,obqa,1030,567,4,$DATA_DIR/P2_E1_DIRECTION_20260913T053456Z/features/large/obqa/00567.npz,b4f363d76c1c5349421d65d2284d428794d33699d0351877d2449c54c7af5d75,8192,float32,ca2386f24d445258fc1244651ef6164bedaed16011ff4e7a0eff25b7fba9a542
large,obqa,105,570,4,$DATA_DIR/P2_E1_DIRECTION_20260913T053456Z/features/large/obqa/00570.npz,a4aaaaf0f91f2e6e4b57136108da142ad93a67ed824ca1a7e887e377e0d33f2e,8192,float32,ca2386f24d445258fc1244651ef6164bedaed16011ff4e7a0eff25b7fba9a542
large,obqa,1081,573,4,$DATA_DIR/P2_E1_DIRECTION_20260913T053456Z/features/large/obqa/00573.npz,778b07ecd00fe7bbedca691abb9fb644e526bac89e3d862a3084126f787f0416,8192,float32,ca2386f24d445258fc1244651ef6164bedaed16011ff4e7a0eff25b7fba9a542
large,obqa,1094,577,4,$DATA_DIR/P2_E1_DIRECTION_20260913T053456Z/features/large/obqa/00577.npz,bd96e626685aa6c20c82a4d0bbdc4f7a47648bef14cc8e4d07aa2222853b5ec0,8192,float32,ca2386f24d445258fc1244651ef6164bedaed16011ff4e7a0eff25b7fba9a542
large,obqa,11-100,579,4,$DATA_DIR/P2_E1_DIRECTION_20260913T053456Z/features/large/obqa/00579.npz,c23d7990a99a1f0bf71bbf5f35e63fce6b7c6f72cc084ea8419dc68285933b4c,8192,float32,ca2386f24d445258fc1244651ef6164bedaed16011ff4e7a0eff25b7fba9a542
large,obqa,11-105,580,4,$DATA_DIR/P2_E1_DIRECTION_20260913T053456Z/features/large/obqa/00580.npz,38210105b01c42b14d9c88c2bb54fe451123fe565c9b83b5ec580f9712509e14,8192,float32,ca2386f24d445258fc1244651ef6164bedaed16011ff4e7a0eff25b7fba9a542
large,obqa,11-11,584,4,$DATA_DIR/P2_E1_DIRECTION_20260913T053456Z/features/large/obqa/00584.npz,a2ac63a64a4120c210c7e532596104c6f0556e8ed6989ca2c9ec61b2ddf052ef,8192,float32,ca2386f24d445258fc1244651ef6164bedaed16011ff4e7a0eff25b7fba9a542
large,obqa,11-142,600,4,$DATA_DIR/P2_E1_DIRECTION_20260913T053456Z/features/large/obqa/00600.npz,9296161ef0674fc3e45c2c290603adc9d619627af24b2020444a6f57e3d50779,8192,float32,ca2386f24d445258fc1244651ef6164bedaed16011ff4e7a0eff25b7fba9a542
large,obqa,11-148,602,4,$DATA_DIR/P2_E1_DIRECTION_20260913T053456Z/features/large/obqa/00602.npz,9e5d64c0d2b1754a571923ba406b8cf906ebc96eb3ff39117ead757bcded1881,8192,float32,ca2386f24d445258fc1244651ef6164bedaed16011ff4e7a0eff25b7fba9a542
large,obqa,11-151,603,4,$DATA_DIR/P2_E1_DIRECTION_20260913T053456Z/features/large/obqa/00603.npz,aded672ee8507deebc9d5431e305d674eb7d8d8b6c48f146794648896e6d1ef5,8192,float32,ca2386f24d445258fc1244651ef6164bedaed16011ff4e7a0eff25b7fba9a542
large,obqa,11-177,614,4,$DATA_DIR/P2_E1_DIRECTION_20260913T053456Z/features/large/obqa/00614.npz,08d71ad371462515f148041c3207e51ccac50fda34a0a91b1028a21653eff9a6,8192,float32,ca2386f24d445258fc1244651ef6164bedaed16011ff4e7a0eff25b7fba9a542
large,obqa,11-2,625,4,$DATA_DIR/P2_E1_DIRECTION_20260913T053456Z/features/large/obqa/00625.npz,8b0dc09ee40e2589bf72abfd10051097c33ab18f823f6aae32a7c4ee35c0133b,8192,float32,ca2386f24d445258fc1244651ef6164bedaed16011ff4e7a0eff25b7fba9a542
large,obqa,11-204,629,4,$DATA_DIR/P2_E1_DIRECTION_20260913T053456Z/features/large/obqa/00629.npz,8a52b3d452e46845b372cc9ced81f578b5e3d911061609360893f3dc5a848835,8192,float32,ca2386f24d445258fc1244651ef6164bedaed16011ff4e7a0eff25b7fba9a542
large,obqa,11-21,630,4,$DATA_DIR/P2_E1_DIRECTION_20260913T053456Z/features/large/obqa/00630.npz,8eb8f8d3521947a4031d6b86b87d4900e608f8c75b671dd784081ef2348ce6b8,8192,float32,ca2386f24d445258fc1244651ef6164bedaed16011ff4e7a0eff25b7fba9a542
large,obqa,11-215,636,4,$DATA_DIR/P2_E1_DIRECTION_20260913T053456Z/features/large/obqa/00636.npz,53df6278381b18d257f0125a967a13b9487250a415fe48087f5c8f3ee8fff240,8192,float32,ca2386f24d445258fc1244651ef6164bedaed16011ff4e7a0eff25b7fba9a542
large,obqa,11-218,638,4,$DATA_DIR/P2_E1_DIRECTION_20260913T053456Z/features/large/obqa/00638.npz,bf8e3e12d6e96300635205530e9c18ea76cd6e3e2758000eb9891124eabaf4e5,8192,float32,ca2386f24d445258fc1244651ef6164bedaed16011ff4e7a0eff25b7fba9a542
large,obqa,11-227,643,4,$DATA_DIR/P2_E1_DIRECTION_20260913T053456Z/features/large/obqa/00643.npz,ab29f064a89d50159c9b38ac36e763fe5a3b51c1182f14761b7fdb817052b32a,8192,float32,ca2386f24d445258fc1244651ef6164bedaed16011ff4e7a0eff25b7fba9a542
large,obqa,11-229,644,4,$DATA_DIR/P2_E1_DIRECTION_20260913T053456Z/features/large/obqa/00644.npz,65ccaf596732b6560aec208afbd5973ecab411503c096121b81fbaf85d8da546,8192,float32,ca2386f24d445258fc1244651ef6164bedaed16011ff4e7a0eff25b7fba9a542
large,obqa,11-23,645,4,$DATA_DIR/P2_E1_DIRECTION_20260913T053456Z/features/large/obqa/00645.npz,03cd1bc83550d78833b4b99b01107b67c0e9325960286578b759d28f9b4f3fc9,8192,float32,ca2386f24d445258fc1244651ef6164bedaed16011ff4e7a0eff25b7fba9a542
large,obqa,11-233,649,4,$DATA_DIR/P2_E1_DIRECTION_20260913T053456Z/features/large/obqa/00649.npz,bd82eefe4e63484c53c1e337ddbc009da8ee1f9234ca43839474f065ba89551c,8192,float32,ca2386f24d445258fc1244651ef6164bedaed16011ff4e7a0eff25b7fba9a542
large,obqa,11-241,652,4,$DATA_DIR/P2_E1_DIRECTION_20260913T053456Z/features/large/obqa/00652.npz,db74321ad0febeb8ef46838ac466706b17ac511ac489c755f1172b0ee53cb046,8192,float32,ca2386f24d445258fc1244651ef6164bedaed16011ff4e7a0eff25b7fba9a542
large,obqa,11-248,656,4,$DATA_DIR/P2_E1_DIRECTION_20260913T053456Z/features/large/obqa/00656.npz,39b99d80cab98aa28926d0e8dee9ca7014e3a23fff43a51433ae1db17a17a6ac,8192,float32,ca2386f24d445258fc1244651ef6164bedaed16011ff4e7a0eff25b7fba9a542
large,obqa,11-253,659,4,$DATA_DIR/P2_E1_DIRECTION_20260913T053456Z/features/large/obqa/00659.npz,1ed0b76d2662cfc056f8ab4219b42cf4aead4a61ed3072d5ddb2e92ad358a471,8192,float32,ca2386f24d445258fc1244651ef6164bedaed16011ff4e7a0eff25b7fba9a542
large,obqa,11-258,662,4,$DATA_DIR/P2_E1_DIRECTION_20260913T053456Z/features/large/obqa/00662.npz,7ef05e8b90ec69f421c7569acd482a6a10ecbca4ae1bcd73921062640b77080b,8192,float32,ca2386f24d445258fc1244651ef6164bedaed16011ff4e7a0eff25b7fba9a542
large,obqa,11-263,664,4,$DATA_DIR/P2_E1_DIRECTION_20260913T053456Z/features/large/obqa/00664.npz,0dd7d8e6e80868627b147f7c7ef1b77dbd4a7ea8946414f9c935da556f6e22d5,8192,float32,ca2386f24d445258fc1244651ef6164bedaed16011ff4e7a0eff25b7fba9a542
large,obqa,11-266,667,4,$DATA_DIR/P2_E1_DIRECTION_20260913T053456Z/features/large/obqa/00667.npz,ca60b242d8a43e7555ad1d1a51e4310e53dbe0cb83391f9b4d4c4fb3359e6962,8192,float32,ca2386f24d445258fc1244651ef6164bedaed16011ff4e7a0eff25b7fba9a542
large,obqa,11-269,669,4,$DATA_DIR/P2_E1_DIRECTION_20260913T053456Z/features/large/obqa/00669.npz,d4daf0048cb93397b8a8a60ec2687906b1f27c82af101995e609d44f2eaac6e0,8192,float32,ca2386f24d445258fc1244651ef6164bedaed16011ff4e7a0eff25b7fba9a542
large,obqa,11-273,673,4,$DATA_DIR/P2_E1_DIRECTION_20260913T053456Z/features/large/obqa/00673.npz,107aab7d57df17169901b763d14aecbe0f3b66f4531d67a4e52a5b565b3d54f0,8192,float32,ca2386f24d445258fc1244651ef6164bedaed16011ff4e7a0eff25b7fba9a542
large,obqa,11-274,674,4,$DATA_DIR/P2_E1_DIRECTION_20260913T053456Z/features/large/obqa/00674.npz,1aa6415e323761bd97caf2a2a9ea6a655f19f198f27bd81387be5dbd3f65044d,8192,float32,ca2386f24d445258fc1244651ef6164bedaed16011ff4e7a0eff25b7fba9a542
large,obqa,11-278,676,4,$DATA_DIR/P2_E1_DIRECTION_20260913T053456Z/features/large/obqa/00676.npz,bb4c329a495a1dbb38e5cef6763e1b69eaf8829bf60ef77487673d817cd81870,8192,float32,ca2386f24d445258fc1244651ef6164bedaed16011ff4e7a0eff25b7fba9a542
large,obqa,11-287,679,4,$DATA_DIR/P2_E1_DIRECTION_20260913T053456Z/features/large/obqa/00679.npz,4e6daf54b0b33e9a0a16b626b7bf3a87c2e9af1b352ee194548fbacd9c59db9e,8192,float32,ca2386f24d445258fc1244651ef6164bedaed16011ff4e7a0eff25b7fba9a542
large,obqa,11-293,683,4,$DATA_DIR/P2_E1_DIRECTION_20260913T053456Z/features/large/obqa/00683.npz,b8b53f8498aa532bf0406901fa8503ae4710d2b0eeeb82c7087acb9fe72da881,8192,float32,ca2386f24d445258fc1244651ef6164bedaed16011ff4e7a0eff25b7fba9a542
large,obqa,11-298,685,4,$DATA_DIR/P2_E1_DIRECTION_20260913T053456Z/features/large/obqa/00685.npz,d22710822afa1a36c054749a29577ab969a092f5b085b1e900590e23d174dd47,8192,float32,ca2386f24d445258fc1244651ef6164bedaed16011ff4e7a0eff25b7fba9a542
large,obqa,11-315,695,4,$DATA_DIR/P2_E1_DIRECTION_20260913T053456Z/features/large/obqa/00695.npz,0858182da72c78995a3d1308e00a3f74382079dec4e1c018b9907b07ead9a8ce,8192,float32,ca2386f24d445258fc1244651ef6164bedaed16011ff4e7a0eff25b7fba9a542
large,obqa,11-323,697,4,$DATA_DIR/P2_E1_DIRECTION_20260913T053456Z/features/large/obqa/00697.npz,ced81dca3121f2b67b094627169abb6ce24de691eb53ac855dbef7c2fdaae364,8192,float32,ca2386f24d445258fc1244651ef6164bedaed16011ff4e7a0eff25b7fba9a542
large,obqa,11-328,701,4,$DATA_DIR/P2_E1_DIRECTION_20260913T053456Z/features/large/obqa/00701.npz,2bf5d1eaac6ac94a1eb55f06c1d4e6f9b43f0d509dc4ae298247fc44da883c59,8192,float32,ca2386f24d445258fc1244651ef6164bedaed16011ff4e7a0eff25b7fba9a542
large,obqa,11-337,709,4,$DATA_DIR/P2_E1_DIRECTION_20260913T053456Z/features/large/obqa/00709.npz,a0490fc2cc12ee3d873560f2fa91093b26ff52df6d0a818a62a62fcab8acc4c0,8192,float32,ca2386f24d445258fc1244651ef6164bedaed16011ff4e7a0eff25b7fba9a542
large,obqa,11-339,710,4,$DATA_DIR/P2_E1_DIRECTION_20260913T053456Z/features/large/obqa/00710.npz,e2db9c994221615eca941218372335f2cf5a13a0f9fede45eda993a00d9da745,8192,float32,ca2386f24d445258fc1244651ef6164bedaed16011ff4e7a0eff25b7fba9a542
large,obqa,11-367,721,4,$DATA_DIR/P2_E1_DIRECTION_20260913T053456Z/features/large/obqa/00721.npz,1d266164fd9d112b3cad8476aee958420d0b7dad840c38f198b646d0dec1b41b,8192,float32,ca2386f24d445258fc1244651ef6164bedaed16011ff4e7a0eff25b7fba9a542
large,obqa,11-408,736,4,$DATA_DIR/P2_E1_DIRECTION_20260913T053456Z/features/large/obqa/00736.npz,80ddebb6804fe6dcf144b45512d1b3e5da62574790577e7b4b2ae4f2c4e844a6,8192,float32,ca2386f24d445258fc1244651ef6164bedaed16011ff4e7a0eff25b7fba9a542
large,obqa,11-424,745,4,$DATA_DIR/P2_E1_DIRECTION_20260913T053456Z/features/large/obqa/00745.npz,eb01211506cc12a48648537a096926dc1b5f729b8b27a5457ffc2d5a3874c3a1,8192,float32,ca2386f24d445258fc1244651ef6164bedaed16011ff4e7a0eff25b7fba9a542
large,obqa,11-445,755,4,$DATA_DIR/P2_E1_DIRECTION_20260913T053456Z/features/large/obqa/00755.npz,5ff10f3eb63f89e33cf75ab50e71645ebb141ca91df7f6d3d34167a6f2491349,8192,float32,ca2386f24d445258fc1244651ef6164bedaed16011ff4e7a0eff25b7fba9a542
large,obqa,11-468,765,4,$DATA_DIR/P2_E1_DIRECTION_20260913T053456Z/features/large/obqa/00765.npz,0ed93e8f7b66ee83d01059eafc831dff5d78d129d22002f3d30bcdef11ef09e1,8192,float32,ca2386f24d445258fc1244651ef6164bedaed16011ff4e7a0eff25b7fba9a542
large,obqa,11-47,767,4,$DATA_DIR/P2_E1_DIRECTION_20260913T053456Z/features/large/obqa/00767.npz,1638513d9895e5e0b5dfe86548346fc6bc7d93ae00f6f1755faea51eb4fd1344,8192,float32,ca2386f24d445258fc1244651ef6164bedaed16011ff4e7a0eff25b7fba9a542
large,obqa,11-471,768,4,$DATA_DIR/P2_E1_DIRECTION_20260913T053456Z/features/large/obqa/00768.npz,cc9fc9ae12f9c319218a2e465a0adc901a6726ed895bad4acdc7efa42740689c,8192,float32,ca2386f24d445258fc1244651ef6164bedaed16011ff4e7a0eff25b7fba9a542
large,obqa,11-478,773,4,$DATA_DIR/P2_E1_DIRECTION_20260913T053456Z/features/large/obqa/00773.npz,22d8de41b36b6978a6f5236925c499af097e2e20c0161e84c3812f89181148f0,8192,float32,ca2386f24d445258fc1244651ef6164bedaed16011ff4e7a0eff25b7fba9a542
large,obqa,11-479,774,4,$DATA_DIR/P2_E1_DIRECTION_20260913T053456Z/features/large/obqa/00774.npz,a4bf3fe76935e63bf16792239e3f79274ca6e9221b18ce5229081a5351c95c21,8192,float32,ca2386f24d445258fc1244651ef6164bedaed16011ff4e7a0eff25b7fba9a542
large,obqa,11-48,775,4,$DATA_DIR/P2_E1_DIRECTION_20260913T053456Z/features/large/obqa/00775.npz,803e4ef61841c439027ecda95e874014b781229d63abbfb606076156186f68b0,8192,float32,ca2386f24d445258fc1244651ef6164bedaed16011ff4e7a0eff25b7fba9a542
large,obqa,11-490,778,4,$DATA_DIR/P2_E1_DIRECTION_20260913T053456Z/features/large/obqa/00778.npz,7c92a7a0e67e249094a263fa3e568b41886234069d90182302eee3c08c1ecdea,8192,float32,ca2386f24d445258fc1244651ef6164bedaed16011ff4e7a0eff25b7fba9a542
large,obqa,11-514,790,4,$DATA_DIR/P2_E1_DIRECTION_20260913T053456Z/features/large/obqa/00790.npz,54b6bf83539581f02db3d875ce6c7e1d58d42236d30d06ff8a31b5b02ea32c38,8192,float32,ca2386f24d445258fc1244651ef6164bedaed16011ff4e7a0eff25b7fba9a542
large,obqa,11-53,796,4,$DATA_DIR/P2_E1_DIRECTION_20260913T053456Z/features/large/obqa/00796.npz,6d2f330586a0d51306f107161c18f3afc5b87f17aa3235a5431addc529b0ed34,8192,float32,ca2386f24d445258fc1244651ef6164bedaed16011ff4e7a0eff25b7fba9a542
large,obqa,11-531,798,4,$DATA_DIR/P2_E1_DIRECTION_20260913T053456Z/features/large/obqa/00798.npz,a644e59502cb8cb0c867ed6118557a4fbb3fcc59fcec46285841a9725a4c6e19,8192,float32,ca2386f24d445258fc1244651ef6164bedaed16011ff4e7a0eff25b7fba9a542
large,obqa,11-540,801,4,$DATA_DIR/P2_E1_DIRECTION_20260913T053456Z/features/large/obqa/00801.npz,7adbd308ffceb174522c0bf22a0e886b612fe029b1af6febc76c7bc54eb64f2e,8192,float32,ca2386f24d445258fc1244651ef6164bedaed16011ff4e7a0eff25b7fba9a542
large,obqa,11-553,807,4,$DATA_DIR/P2_E1_DIRECTION_20260913T053456Z/features/large/obqa/00807.npz,50910e7726fbb2c978a72c65885ed71d37c150b6484bf3775320f3ece2e2857c,8192,float32,ca2386f24d445258fc1244651ef6164bedaed16011ff4e7a0eff25b7fba9a542
large,obqa,11-571,813,4,$DATA_DIR/P2_E1_DIRECTION_20260913T053456Z/features/large/obqa/00813.npz,488350bfcef15bb1e63b4d4a1ff93781344d7735a7313e5517b35ff8e3526ec1,8192,float32,ca2386f24d445258fc1244651ef6164bedaed16011ff4e7a0eff25b7fba9a542
large,obqa,11-574,815,4,$DATA_DIR/P2_E1_DIRECTION_20260913T053456Z/features/large/obqa/00815.npz,b9dc746146cbe1b6f2cb0b13c6e12b9e9508bf04a3b1956335a3adc489fe1541,8192,float32,ca2386f24d445258fc1244651ef6164bedaed16011ff4e7a0eff25b7fba9a542
large,obqa,11-602,827,4,$DATA_DIR/P2_E1_DIRECTION_20260913T053456Z/features/large/obqa/00827.npz,4759510a01c6966f4da415e4a351cd1b12e5b6b56860bc8d9a7c04a173504d8e,8192,float32,ca2386f24d445258fc1244651ef6164bedaed16011ff4e7a0eff25b7fba9a542
large,obqa,11-61,831,4,$DATA_DIR/P2_E1_DIRECTION_20260913T053456Z/features/large/obqa/00831.npz,f1f42d9f3035079bfb348de5d3e198e56d29c4b7d00abcbe7c2c447b3ea9de43,8192,float32,ca2386f24d445258fc1244651ef6164bedaed16011ff4e7a0eff25b7fba9a542
large,obqa,11-612,833,4,$DATA_DIR/P2_E1_DIRECTION_20260913T053456Z/features/large/obqa/00833.npz,f88092a2a99571b24b3d0a5ef0e66b9e940d3e6baf9a3f6c6f440585ac74664e,8192,float32,ca2386f24d445258fc1244651ef6164bedaed16011ff4e7a0eff25b7fba9a542
large,obqa,11-623,837,4,$DATA_DIR/P2_E1_DIRECTION_20260913T053456Z/features/large/obqa/00837.npz,90352c071df8e7c22eb3afa6b47b78296e53213628eb78372d6600e6ba3a2ea0,8192,float32,ca2386f24d445258fc1244651ef6164bedaed16011ff4e7a0eff25b7fba9a542
large,obqa,11-628,842,4,$DATA_DIR/P2_E1_DIRECTION_20260913T053456Z/features/large/obqa/00842.npz,795054943e4af999f1064128620ef4985d7eebd9baa1fad7339eb43a1260ff63,8192,float32,ca2386f24d445258fc1244651ef6164bedaed16011ff4e7a0eff25b7fba9a542
large,obqa,11-658,850,4,$DATA_DIR/P2_E1_DIRECTION_20260913T053456Z/features/large/obqa/00850.npz,dac454bc5e848a7158ed9ca233d52a3a15b8a4bd928019dadd5f4e3657b532d4,8192,float32,ca2386f24d445258fc1244651ef6164bedaed16011ff4e7a0eff25b7fba9a542
large,obqa,11-662,853,4,$DATA_DIR/P2_E1_DIRECTION_20260913T053456Z/features/large/obqa/00853.npz,c1a1d82fe68a663fee778795f9c8b112c931e8dfe5493e9c300890cf519b4a84,8192,float32,ca2386f24d445258fc1244651ef6164bedaed16011ff4e7a0eff25b7fba9a542
large,obqa,11-674,856,4,$DATA_DIR/P2_E1_DIRECTION_20260913T053456Z/features/large/obqa/00856.npz,82071a30d5eb3cd46ecee12270c7299e9fd5b5832a7db460e64e4834d428bbeb,8192,float32,ca2386f24d445258fc1244651ef6164bedaed16011ff4e7a0eff25b7fba9a542
large,obqa,11-718,868,4,$DATA_DIR/P2_E1_DIRECTION_20260913T053456Z/features/large/obqa/00868.npz,c72db309666a4f413d269eb61bdb3523fc0d8a5feb46be555bbbaacf9130e722,8192,float32,ca2386f24d445258fc1244651ef6164bedaed16011ff4e7a0eff25b7fba9a542
large,obqa,11-734,874,4,$DATA_DIR/P2_E1_DIRECTION_20260913T053456Z/features/large/obqa/00874.npz,5ddc5ea3b798935bc331e57892cba2ec9639c5377ccb42bdd8387c25049ce384,8192,float32,ca2386f24d445258fc1244651ef6164bedaed16011ff4e7a0eff25b7fba9a542
large,obqa,11-748,877,4,$DATA_DIR/P2_E1_DIRECTION_20260913T053456Z/features/large/obqa/00877.npz,85c7e87cfd38ffe2599ffaba87b3bcaeaa07bde2074e1ba08631b66ad2329e53,8192,float32,ca2386f24d445258fc1244651ef6164bedaed16011ff4e7a0eff25b7fba9a542
large,obqa,11-78,881,4,$DATA_DIR/P2_E1_DIRECTION_20260913T053456Z/features/large/obqa/00881.npz,80c7e95adcc69e92c731cf3b5a19b079a9668cf73e6528fabc25ef55f45b3936,8192,float32,ca2386f24d445258fc1244651ef6164bedaed16011ff4e7a0eff25b7fba9a542
large,obqa,11-88,885,4,$DATA_DIR/P2_E1_DIRECTION_20260913T053456Z/features/large/obqa/00885.npz,73142d1b25612dba97dd0e427c44605593051b72a8c30e5952f7dc1bf6218c15,8192,float32,ca2386f24d445258fc1244651ef6164bedaed16011ff4e7a0eff25b7fba9a542
large,obqa,11-93,889,4,$DATA_DIR/P2_E1_DIRECTION_20260913T053456Z/features/large/obqa/00889.npz,d8b21929760b494a2c65ff7311c725c7e25f1ac04aa603e53a9ec636bdfdba28,8192,float32,ca2386f24d445258fc1244651ef6164bedaed16011ff4e7a0eff25b7fba9a542
large,obqa,11-94,890,4,$DATA_DIR/P2_E1_DIRECTION_20260913T053456Z/features/large/obqa/00890.npz,8500a87b3dfcc1e3e162f9cc02730fa78cb932deae12e440ab86292a134598c3,8192,float32,ca2386f24d445258fc1244651ef6164bedaed16011ff4e7a0eff25b7fba9a542
large,obqa,1128,897,4,$DATA_DIR/P2_E1_DIRECTION_20260913T053456Z/features/large/obqa/00897.npz,7a19942a3ab5ae49c8018f11e7fa04aea8f3708414569bcb3e179247edb7c71d,8192,float32,ca2386f24d445258fc1244651ef6164bedaed16011ff4e7a0eff25b7fba9a542
large,obqa,116,903,4,$DATA_DIR/P2_E1_DIRECTION_20260913T053456Z/features/large/obqa/00903.npz,145f4715bdb53418b30b6cae80cb4a310e3c0b71a85923e829b4f32d6ec7c548,8192,float32,ca2386f24d445258fc1244651ef6164bedaed16011ff4e7a0eff25b7fba9a542
large,obqa,1172,906,4,$DATA_DIR/P2_E1_DIRECTION_20260913T053456Z/features/large/obqa/00906.npz,43db7041e0debf7898f04d8d6b9a9c4529961ea41649703c6a749251d353b3de,8192,float32,ca2386f24d445258fc1244651ef6164bedaed16011ff4e7a0eff25b7fba9a542
large,obqa,12-1004,917,4,$DATA_DIR/P2_E1_DIRECTION_20260913T053456Z/features/large/obqa/00917.npz,db229ede72e644948d11de198b2b55ff58d552c38e85251bc7e586ed8c0cdfde,8192,float32,ca2386f24d445258fc1244651ef6164bedaed16011ff4e7a0eff25b7fba9a542
large,obqa,12-103,928,4,$DATA_DIR/P2_E1_DIRECTION_20260913T053456Z/features/large/obqa/00928.npz,cd3c6ada9682c2f394df65038b34d85b6811d20d4ff07c60b6b4d39e503361d0,8192,float32,ca2386f24d445258fc1244651ef6164bedaed16011ff4e7a0eff25b7fba9a542
large,obqa,12-1036,932,4,$DATA_DIR/P2_E1_DIRECTION_20260913T053456Z/features/large/obqa/00932.npz,70490c73ad094ab45a36c5d4648a782d9633d91e20684dd93b614de00831569f,8192,float32,ca2386f24d445258fc1244651ef6164bedaed16011ff4e7a0eff25b7fba9a542
large,obqa,12-1037,933,4,$DATA_DIR/P2_E1_DIRECTION_20260913T053456Z/features/large/obqa/00933.npz,f3d2844911452cb6b8496a22f0988c332d18106e1e8988c66b554b6debe7a252,8192,float32,ca2386f24d445258fc1244651ef6164bedaed16011ff4e7a0eff25b7fba9a542
large,obqa,12-1043,935,4,$DATA_DIR/P2_E1_DIRECTION_20260913T053456Z/features/large/obqa/00935.npz,c0464567bab883a0c33e7035141d855d6ce91849fa4eefe29b00f185a484c3f3,8192,float32,ca2386f24d445258fc1244651ef6164bedaed16011ff4e7a0eff25b7fba9a542
large,obqa,12-1053,939,4,$DATA_DIR/P2_E1_DIRECTION_20260913T053456Z/features/large/obqa/00939.npz,2b8f940ab4a941bc0d474e8eb3b29a11368c79f4c272f821839b2b266d77fedb,8192,float32,ca2386f24d445258fc1244651ef6164bedaed16011ff4e7a0eff25b7fba9a542
large,obqa,12-1062,945,4,$DATA_DIR/P2_E1_DIRECTION_20260913T053456Z/features/large/obqa/00945.npz,3904b27f2d591b5b19f5de9f2f8e756f0a52ee219ea6ba10d850484b4ca00347,8192,float32,ca2386f24d445258fc1244651ef6164bedaed16011ff4e7a0eff25b7fba9a542
large,obqa,12-108,957,4,$DATA_DIR/P2_E1_DIRECTION_20260913T053456Z/features/large/obqa/00957.npz,8de4c2f5c7c8c6720bda32876d0826fabacba1cb998ffcbe9d094ec5d8eaf761,8192,float32,ca2386f24d445258fc1244651ef6164bedaed16011ff4e7a0eff25b7fba9a542
large,obqa,12-1104,973,4,$DATA_DIR/P2_E1_DIRECTION_20260913T053456Z/features/large/obqa/00973.npz,5ff1bb2eac716ea29e23ee70207c2f38f4e903ca7c1c6966d6909e925e89bef6,8192,float32,ca2386f24d445258fc1244651ef6164bedaed16011ff4e7a0eff25b7fba9a542
large,obqa,12-1109,976,4,$DATA_DIR/P2_E1_DIRECTION_20260913T053456Z/features/large/obqa/00976.npz,4516848614e86cb4b58ce7c9f007f5fdca6ff3eda28974ef53ceeeb691a7cefb,8192,float32,ca2386f24d445258fc1244651ef6164bedaed16011ff4e7a0eff25b7fba9a542
large,obqa,12-1114,980,4,$DATA_DIR/P2_E1_DIRECTION_20260913T053456Z/features/large/obqa/00980.npz,6306c6703b02d6f8c536fdd4ef31b40211643657834369bbbb41bc2c653f3afc,8192,float32,ca2386f24d445258fc1244651ef6164bedaed16011ff4e7a0eff25b7fba9a542
large,obqa,12-1125,986,4,$DATA_DIR/P2_E1_DIRECTION_20260913T053456Z/features/large/obqa/00986.npz,61b09181600a21e359bb29fdde49099045670aa2ab22824428256c5edfeacf08,8192,float32,ca2386f24d445258fc1244651ef6164bedaed16011ff4e7a0eff25b7fba9a542
large,obqa,12-1127,988,4,$DATA_DIR/P2_E1_DIRECTION_20260913T053456Z/features/large/obqa/00988.npz,a5a61480706d1f1b0a278da665cb42556415ee14b3b15c89b5545aaa973ec3f0,8192,float32,ca2386f24d445258fc1244651ef6164bedaed16011ff4e7a0eff25b7fba9a542
large,obqa,12-1131,991,4,$DATA_DIR/P2_E1_DIRECTION_20260913T053456Z/features/large/obqa/00991.npz,ffd505539ede0a03324c47f1e77988591543c026606b6ad84d25ebbdec77fb7a,8192,float32,ca2386f24d445258fc1244651ef6164bedaed16011ff4e7a0eff25b7fba9a542
large,obqa,12-1133,992,4,$DATA_DIR/P2_E1_DIRECTION_20260913T053456Z/features/large/obqa/00992.npz,5dbc97e7fead02d61986edc582c0fd67817097dc56e17fb37e1484ee73840f9d,8192,float32,ca2386f24d445258fc1244651ef6164bedaed16011ff4e7a0eff25b7fba9a542
large,obqa,12-1135,993,4,$DATA_DIR/P2_E1_DIRECTION_20260913T053456Z/features/large/obqa/00993.npz,b8021de9836f72a99056b89e7e96f3ae40aac4955b089bcf0cf9b9a3f7516953,8192,float32,ca2386f24d445258fc1244651ef6164bedaed16011ff4e7a0eff25b7fba9a542
large,obqa,12-1139,996,4,$DATA_DIR/P2_E1_DIRECTION_20260913T053456Z/features/large/obqa/00996.npz,991833baacd0eed2ac718e147de932dc5bae2499a7127baa9d0f8400d4f7f6d9,8192,float32,ca2386f24d445258fc1244651ef6164bedaed16011ff4e7a0eff25b7fba9a542
large,obqa,12-1157,1006,4,$DATA_DIR/P2_E1_DIRECTION_20260913T053456Z/features/large/obqa/01006.npz,bbeee73700f9e65997afa6690cb6a397b386a9ee4b97c858ed371e446038c311,8192,float32,ca2386f24d445258fc1244651ef6164bedaed16011ff4e7a0eff25b7fba9a542
large,obqa,12-1171,1016,4,$DATA_DIR/P2_E1_DIRECTION_20260913T053456Z/features/large/obqa/01016.npz,0aea927b65274b5598e73a9ab28534f73ee1b0f3f5ba3bb8089495b14e51f315,8192,float32,ca2386f24d445258fc1244651ef6164bedaed16011ff4e7a0eff25b7fba9a542
large,obqa,12-1186,1022,4,$DATA_DIR/P2_E1_DIRECTION_20260913T053456Z/features/large/obqa/01022.npz,746468f1368083f5d24f5aa3b8e7152801749e0ee808fc9b87c32dd5e26a6f0a,8192,float32,ca2386f24d445258fc1244651ef6164bedaed16011ff4e7a0eff25b7fba9a542
large,obqa,12-1188,1023,4,$DATA_DIR/P2_E1_DIRECTION_20260913T053456Z/features/large/obqa/01023.npz,4b07aaa2f779be97e4e301322a0ff555d2764a87bf42c9103335a2086e8ec30f,8192,float32,ca2386f24d445258fc1244651ef6164bedaed16011ff4e7a0eff25b7fba9a542
large,obqa,12-121,1032,4,$DATA_DIR/P2_E1_DIRECTION_20260913T053456Z/features/large/obqa/01032.npz,7fb303ac6f8106c16b4325874baccc5226fe3f67a28c933bc3d741d9c909e207,8192,float32,ca2386f24d445258fc1244651ef6164bedaed16011ff4e7a0eff25b7fba9a542
large,obqa,12-124,1034,4,$DATA_DIR/P2_E1_DIRECTION_20260913T053456Z/features/large/obqa/01034.npz,1bda2c2a243f08c58dada83ede513e894449488ca00238ff6d1cf10ec95caee9,8192,float32,ca2386f24d445258fc1244651ef6164bedaed16011ff4e7a0eff25b7fba9a542
large,obqa,12-136,1038,4,$DATA_DIR/P2_E1_DIRECTION_20260913T053456Z/features/large/obqa/01038.npz,9af6b7ecc05fb26b7f9e30ec71f8cff57553c6344502a44d301e98d5fbdec208,8192,float32,ca2386f24d445258fc1244651ef6164bedaed16011ff4e7a0eff25b7fba9a542
large,obqa,12-148,1044,4,$DATA_DIR/P2_E1_DIRECTION_20260913T053456Z/features/large/obqa/01044.npz,9ebaff8d7a87dfcb22397c740fc9989c2558e6d9cd2a006d75ef0c58b0e547f1,8192,float32,ca2386f24d445258fc1244651ef6164bedaed16011ff4e7a0eff25b7fba9a542
large,obqa,12-153,1047,4,$DATA_DIR/P2_E1_DIRECTION_20260913T053456Z/features/large/obqa/01047.npz,b9146a10232f0cf8b3c4950ec4e6cf2f9c6486d057b8d0fae78a0056db204a75,8192,float32,ca2386f24d445258fc1244651ef6164bedaed16011ff4e7a0eff25b7fba9a542
large,obqa,12-155,1048,4,$DATA_DIR/P2_E1_DIRECTION_20260913T053456Z/features/large/obqa/01048.npz,cf5551a895f4a37ae65f31e2dd6a05b6b91388ceb90c5af05e0a5e2199ec5251,8192,float32,ca2386f24d445258fc1244651ef6164bedaed16011ff4e7a0eff25b7fba9a542
large,obqa,12-16,1051,4,$DATA_DIR/P2_E1_DIRECTION_20260913T053456Z/features/large/obqa/01051.npz,ac82f756bfce15a32b851dbd05278302d4db2d97c9008c5c6f518cfd180db6ce,8192,float32,ca2386f24d445258fc1244651ef6164bedaed16011ff4e7a0eff25b7fba9a542
large,obqa,12-160,1052,4,$DATA_DIR/P2_E1_DIRECTION_20260913T053456Z/features/large/obqa/01052.npz,407eba240e0d01f63fd04c3fa456e0e9dfb8d477c32cf393d90d11d21812959e,8192,float32,ca2386f24d445258fc1244651ef6164bedaed16011ff4e7a0eff25b7fba9a542
large,obqa,12-172,1057,4,$DATA_DIR/P2_E1_DIRECTION_20260913T053456Z/features/large/obqa/01057.npz,5c47bc74d2b7785a1e0fc836ce5483a0aa82ae73e5bd9dbf585d4bd993b3d388,8192,float32,ca2386f24d445258fc1244651ef6164bedaed16011ff4e7a0eff25b7fba9a542
large,obqa,12-173,1058,4,$DATA_DIR/P2_E1_DIRECTION_20260913T053456Z/features/large/obqa/01058.npz,638281f16f565e384863b0aaa7bef0d653d1f2c2763d376d514e830b794b62a7,8192,float32,ca2386f24d445258fc1244651ef6164bedaed16011ff4e7a0eff25b7fba9a542
large,obqa,12-189,1069,4,$DATA_DIR/P2_E1_DIRECTION_20260913T053456Z/features/large/obqa/01069.npz,f60f4da5ffbb1e756a9ba5b5b9645a101fe3ac6e23122c085488406b978ac422,8192,float32,ca2386f24d445258fc1244651ef6164bedaed16011ff4e7a0eff25b7fba9a542
large,obqa,12-190,1070,4,$DATA_DIR/P2_E1_DIRECTION_20260913T053456Z/features/large/obqa/01070.npz,47e4d84dc15780696bf3adc2a43f751dbe50f1d0748e99fce1267a4c575813c5,8192,float32,ca2386f24d445258fc1244651ef6164bedaed16011ff4e7a0eff25b7fba9a542
large,obqa,12-194,1072,4,$DATA_DIR/P2_E1_DIRECTION_20260913T053456Z/features/large/obqa/01072.npz,db319044378900f52134c1089c9a4fc63e37a1c956bb9e4e77a75d9b9b83d4e5,8192,float32,ca2386f24d445258fc1244651ef6164bedaed16011ff4e7a0eff25b7fba9a542
large,obqa,12-209,1078,4,$DATA_DIR/P2_E1_DIRECTION_20260913T053456Z/features/large/obqa/01078.npz,65d3bbddd210cde47a0507c550c100cb54d377ca4f3e3e502223b119e24996a9,8192,float32,ca2386f24d445258fc1244651ef6164bedaed16011ff4e7a0eff25b7fba9a542
large,obqa,12-212,1080,4,$DATA_DIR/P2_E1_DIRECTION_20260913T053456Z/features/large/obqa/01080.npz,1295fd16f29d94feb6bec16b9fa7e6a8bfcfbedca70acf54aac66cc40e7d3636,8192,float32,ca2386f24d445258fc1244651ef6164bedaed16011ff4e7a0eff25b7fba9a542
large,obqa,12-223,1086,4,$DATA_DIR/P2_E1_DIRECTION_20260913T053456Z/features/large/obqa/01086.npz,5ee2777ce67ea2857e03062a1bdc4b3da597156895d8a5ef89579d06931fb5c8,8192,float32,ca2386f24d445258fc1244651ef6164bedaed16011ff4e7a0eff25b7fba9a542
large,obqa,12-232,1091,4,$DATA_DIR/P2_E1_DIRECTION_20260913T053456Z/features/large/obqa/01091.npz,f86789d150380536082769d01a19b01f91afcd2fd07967965dfa3655228ae0bd,8192,float32,ca2386f24d445258fc1244651ef6164bedaed16011ff4e7a0eff25b7fba9a542
large,obqa,12-235,1093,4,$DATA_DIR/P2_E1_DIRECTION_20260913T053456Z/features/large/obqa/01093.npz,99312b68a596742ddc0018ef669552142d12f48b172fd2043ab5e7eb2fb6869d,8192,float32,ca2386f24d445258fc1244651ef6164bedaed16011ff4e7a0eff25b7fba9a542
large,obqa,12-24,1096,4,$DATA_DIR/P2_E1_DIRECTION_20260913T053456Z/features/large/obqa/01096.npz,d88fa2e2f357bb47019be558c2486c32285f1477f325bbcef73584c2034bc7fc,8192,float32,ca2386f24d445258fc1244651ef6164bedaed16011ff4e7a0eff25b7fba9a542
large,obqa,12-249,1099,4,$DATA_DIR/P2_E1_DIRECTION_20260913T053456Z/features/large/obqa/01099.npz,aeedd9cf4d89b7616e09a0889ff945fd19f05fd71ada5bb804a445bbf97d2eb4,8192,float32,ca2386f24d445258fc1244651ef6164bedaed16011ff4e7a0eff25b7fba9a542
large,obqa,12-253,1102,4,$DATA_DIR/P2_E1_DIRECTION_20260913T053456Z/features/large/obqa/01102.npz,ff735758bb1af10c7b5b32bd3795588f5fad13c4eedeab6b4acdd542691661b8,8192,float32,ca2386f24d445258fc1244651ef6164bedaed16011ff4e7a0eff25b7fba9a542
large,obqa,12-266,1111,4,$DATA_DIR/P2_E1_DIRECTION_20260913T053456Z/features/large/obqa/01111.npz,55680fcfadce34d626b34fbf30dc67916ae37bb8ee395d5da15f0b8b12d5e7a1,8192,float32,ca2386f24d445258fc1244651ef6164bedaed16011ff4e7a0eff25b7fba9a542
large,obqa,12-267,1112,4,$DATA_DIR/P2_E1_DIRECTION_20260913T053456Z/features/large/obqa/01112.npz,c0de1e0775e1d7f7e7e6b0045704885e79beb34e8ddf77a0b936c99eda4b9f50,8192,float32,ca2386f24d445258fc1244651ef6164bedaed16011ff4e7a0eff25b7fba9a542
large,obqa,12-303,1131,4,$DATA_DIR/P2_E1_DIRECTION_20260913T053456Z/features/large/obqa/01131.npz,3bfb73094e97e7b08a4e0d3f52f6269177f6ec295f56e33f1c71fc65a52bd0e3,8192,float32,ca2386f24d445258fc1244651ef6164bedaed16011ff4e7a0eff25b7fba9a542
large,obqa,12-309,1135,4,$DATA_DIR/P2_E1_DIRECTION_20260913T053456Z/features/large/obqa/01135.npz,6d7383b04d57e7a70f0c3e9b152fde562ca614fc7d4a7db5c46f8d63551c7cc0,8192,float32,ca2386f24d445258fc1244651ef6164bedaed16011ff4e7a0eff25b7fba9a542
large,obqa,12-316,1139,4,$DATA_DIR/P2_E1_DIRECTION_20260913T053456Z/features/large/obqa/01139.npz,b1b0e081644def359c244f2dff199c875e4ea03f05ef1878197e14ffdb304335,8192,float32,ca2386f24d445258fc1244651ef6164bedaed16011ff4e7a0eff25b7fba9a542
large,obqa,12-331,1149,4,$DATA_DIR/P2_E1_DIRECTION_20260913T053456Z/features/large/obqa/01149.npz,cbdb4f074f404d7f5fba649f9c71eff392b97ff93b21f2644e7b6a5b701de065,8192,float32,ca2386f24d445258fc1244651ef6164bedaed16011ff4e7a0eff25b7fba9a542
large,obqa,12-334,1151,4,$DATA_DIR/P2_E1_DIRECTION_20260913T053456Z/features/large/obqa/01151.npz,cdd8a1f515df0e968cf1a12d356892480c940da467272f3281bd480d5d397d29,8192,float32,ca2386f24d445258fc1244651ef6164bedaed16011ff4e7a0eff25b7fba9a542
large,obqa,12-338,1155,4,$DATA_DIR/P2_E1_DIRECTION_20260913T053456Z/features/large/obqa/01155.npz,baf5423895dec15c1c28397cba15ba1f7caa7baa15f14960050ccf5960cb3055,8192,float32,ca2386f24d445258fc1244651ef6164bedaed16011ff4e7a0eff25b7fba9a542
large,obqa,12-346,1160,4,$DATA_DIR/P2_E1_DIRECTION_20260913T053456Z/features/large/obqa/01160.npz,61c96731e0d12b5ae2703b5484458ac0d5ac243d3091d475b04109118d5d7a24,8192,float32,ca2386f24d445258fc1244651ef6164bedaed16011ff4e7a0eff25b7fba9a542
large,obqa,12-35,1162,4,$DATA_DIR/P2_E1_DIRECTION_20260913T053456Z/features/large/obqa/01162.npz,d14a0044c979cee9104cbe66f8732aee3c5bf6c94fc490a2dae978ce6b1263bd,8192,float32,ca2386f24d445258fc1244651ef6164bedaed16011ff4e7a0eff25b7fba9a542
large,obqa,12-353,1165,4,$DATA_DIR/P2_E1_DIRECTION_20260913T053456Z/features/large/obqa/01165.npz,cd0d4402e1d7fd5acacb311c42e0b55470998eb9385303bd21b6dae91a9de9fa,8192,float32,ca2386f24d445258fc1244651ef6164bedaed16011ff4e7a0eff25b7fba9a542
large,obqa,12-361,1171,4,$DATA_DIR/P2_E1_DIRECTION_20260913T053456Z/features/large/obqa/01171.npz,bc6a536c63c4737093794091b2824b89614b6f349531c69278fa9c7638135025,8192,float32,ca2386f24d445258fc1244651ef6164bedaed16011ff4e7a0eff25b7fba9a542
large,obqa,12-370,1175,4,$DATA_DIR/P2_E1_DIRECTION_20260913T053456Z/features/large/obqa/01175.npz,caac71356ff06f6dc34548d3c0d02f49715d467c45be6eb173b9033b93759830,8192,float32,ca2386f24d445258fc1244651ef6164bedaed16011ff4e7a0eff25b7fba9a542
large,obqa,12-373,1177,4,$DATA_DIR/P2_E1_DIRECTION_20260913T053456Z/features/large/obqa/01177.npz,e6ae430d210276b27c654a1c0c3a06a2d39e37d31c97f1fe68281466e1bce0b2,8192,float32,ca2386f24d445258fc1244651ef6164bedaed16011ff4e7a0eff25b7fba9a542
large,obqa,12-386,1186,4,$DATA_DIR/P2_E1_DIRECTION_20260913T053456Z/features/large/obqa/01186.npz,347aee508d96804abbc8d025fd9bb03b9ba4b552699c912e72de65183557251b,8192,float32,ca2386f24d445258fc1244651ef6164bedaed16011ff4e7a0eff25b7fba9a542
large,obqa,12-399,1194,4,$DATA_DIR/P2_E1_DIRECTION_20260913T053456Z/features/large/obqa/01194.npz,156f00d6173833f3c944db0a6f69ada3ddcad2db0c5ed3cd57b1ad3ee5ddffbc,8192,float32,ca2386f24d445258fc1244651ef6164bedaed16011ff4e7a0eff25b7fba9a542
large,obqa,12-400,1195,4,$DATA_DIR/P2_E1_DIRECTION_20260913T053456Z/features/large/obqa/01195.npz,fdae90e9cf6b6b4b6fe64e2dde57dd49472ace16ca4280be3737a977a21d23a9,8192,float32,ca2386f24d445258fc1244651ef6164bedaed16011ff4e7a0eff25b7fba9a542
large,obqa,12-407,1200,4,$DATA_DIR/P2_E1_DIRECTION_20260913T053456Z/features/large/obqa/01200.npz,2a69658e18b7a9b984db8e89b051af65018c42b2b38aee55be323354225e3471,8192,float32,ca2386f24d445258fc1244651ef6164bedaed16011ff4e7a0eff25b7fba9a542
large,obqa,12-418,1204,4,$DATA_DIR/P2_E1_DIRECTION_20260913T053456Z/features/large/obqa/01204.npz,4f1473ded3c227b8500f378a84fabcce0bb69a9a27f1ec5ed97ece0ba35b1cdf,8192,float32,ca2386f24d445258fc1244651ef6164bedaed16011ff4e7a0eff25b7fba9a542
large,obqa,12-437,1209,4,$DATA_DIR/P2_E1_DIRECTION_20260913T053456Z/features/large/obqa/01209.npz,36f63886e38e58ee839778be72496413ed97bc08b2749459e0c2b683c1b5deba,8192,float32,ca2386f24d445258fc1244651ef6164bedaed16011ff4e7a0eff25b7fba9a542
large,obqa,12-441,1212,4,$DATA_DIR/P2_E1_DIRECTION_20260913T053456Z/features/large/obqa/01212.npz,4dc3b4c40fddb3942a3ed7ec137bda8fe0e1e10f192389ed2f1dacc23c763367,8192,float32,ca2386f24d445258fc1244651ef6164bedaed16011ff4e7a0eff25b7fba9a542
large,obqa,12-445,1215,4,$DATA_DIR/P2_E1_DIRECTION_20260913T053456Z/features/large/obqa/01215.npz,13f748410eed428065868b3e66a8bc58a990c9546d059fe86626dc1ac4f0ad5a,8192,float32,ca2386f24d445258fc1244651ef6164bedaed16011ff4e7a0eff25b7fba9a542
large,obqa,12-464,1227,4,$DATA_DIR/P2_E1_DIRECTION_20260913T053456Z/features/large/obqa/01227.npz,8d25fae3067d32c937e6cc0d292e1ada800b7daaec6ad672d1ab934f1d8f2f8c,8192,float32,ca2386f24d445258fc1244651ef6164bedaed16011ff4e7a0eff25b7fba9a542
large,obqa,12-467,1229,4,$DATA_DIR/P2_E1_DIRECTION_20260913T053456Z/features/large/obqa/01229.npz,0bcdf04acfb68fef6b27d82c64b48c83a3aff6d63b294324037c0c1a88237a31,8192,float32,ca2386f24d445258fc1244651ef6164bedaed16011ff4e7a0eff25b7fba9a542
large,obqa,12-485,1238,4,$DATA_DIR/P2_E1_DIRECTION_20260913T053456Z/features/large/obqa/01238.npz,f21d84fc723ebc16a198564aa76ba4a0ce90d76ac33a45d455e1a4e684a40639,8192,float32,ca2386f24d445258fc1244651ef6164bedaed16011ff4e7a0eff25b7fba9a542
large,obqa,12-506,1249,4,$DATA_DIR/P2_E1_DIRECTION_20260913T053456Z/features/large/obqa/01249.npz,a9cb2dc8154066dc44b3634eec1eb3001b4c5573e6f730cdcb66542afd7a7020,8192,float32,ca2386f24d445258fc1244651ef6164bedaed16011ff4e7a0eff25b7fba9a542
large,obqa,12-515,1254,4,$DATA_DIR/P2_E1_DIRECTION_20260913T053456Z/features/large/obqa/01254.npz,d8de72d8947ab9b80eaf025b4e3395964f671d5ee9d1c735185cbbcff4c0ff80,8192,float32,ca2386f24d445258fc1244651ef6164bedaed16011ff4e7a0eff25b7fba9a542
large,obqa,12-52,1256,4,$DATA_DIR/P2_E1_DIRECTION_20260913T053456Z/features/large/obqa/01256.npz,297d54c1d739f9f098820da3d95560fbce7586e7d2c303a478ed73d3e48e1b37,8192,float32,ca2386f24d445258fc1244651ef6164bedaed16011ff4e7a0eff25b7fba9a542
large,obqa,12-537,1265,4,$DATA_DIR/P2_E1_DIRECTION_20260913T053456Z/features/large/obqa/01265.npz,7b306426da1ef86b1597d0418ec3fb823e999f86f6f675c61271ea0b2df93cfd,8192,float32,ca2386f24d445258fc1244651ef6164bedaed16011ff4e7a0eff25b7fba9a542
large,obqa,12-540,1266,4,$DATA_DIR/P2_E1_DIRECTION_20260913T053456Z/features/large/obqa/01266.npz,4a349f9e7a38570d36c58c80869d3c98a132584936e883c5e7c159cf7286eb16,8192,float32,ca2386f24d445258fc1244651ef6164bedaed16011ff4e7a0eff25b7fba9a542
large,obqa,12-544,1267,4,$DATA_DIR/P2_E1_DIRECTION_20260913T053456Z/features/large/obqa/01267.npz,54083a092edd89fffc654f29e18cfd2883ba10b03af4cc9a48421621f895577b,8192,float32,ca2386f24d445258fc1244651ef6164bedaed16011ff4e7a0eff25b7fba9a542
large,obqa,12-546,1268,4,$DATA_DIR/P2_E1_DIRECTION_20260913T053456Z/features/large/obqa/01268.npz,54456ab487b732383553294b9420e51720697b866816177278060b09469b7edb,8192,float32,ca2386f24d445258fc1244651ef6164bedaed16011ff4e7a0eff25b7fba9a542
large,obqa,12-562,1275,4,$DATA_DIR/P2_E1_DIRECTION_20260913T053456Z/features/large/obqa/01275.npz,bc152b3d334dc1d984fdf1697739b0cca95e317c798227a043f9044aff8d4fc5,8192,float32,ca2386f24d445258fc1244651ef6164bedaed16011ff4e7a0eff25b7fba9a542
large,obqa,12-575,1280,4,$DATA_DIR/P2_E1_DIRECTION_20260913T053456Z/features/large/obqa/01280.npz,c2bd65c4a842e155ed56fa8fc34d30b143ff1c4d44fb36e1a641e5a4c127ec39,8192,float32,ca2386f24d445258fc1244651ef6164bedaed16011ff4e7a0eff25b7fba9a542
large,obqa,12-590,1288,4,$DATA_DIR/P2_E1_DIRECTION_20260913T053456Z/features/large/obqa/01288.npz,3f5ef3932a3bba29ce4506e4ecd8829b447fb13183d7bf7b2d6fd6ca82c893ef,8192,float32,ca2386f24d445258fc1244651ef6164bedaed16011ff4e7a0eff25b7fba9a542
large,obqa,12-597,1293,4,$DATA_DIR/P2_E1_DIRECTION_20260913T053456Z/features/large/obqa/01293.npz,68f3f69f753faea82d97967ba4d7f535a8bb12aedc477fe384f868571705673d,8192,float32,ca2386f24d445258fc1244651ef6164bedaed16011ff4e7a0eff25b7fba9a542
large,obqa,12-598,1294,4,$DATA_DIR/P2_E1_DIRECTION_20260913T053456Z/features/large/obqa/01294.npz,75a9e132fc2445a9136ca9b813c859ce1987208b3db72a4dabc31615a5b98a85,8192,float32,ca2386f24d445258fc1244651ef6164bedaed16011ff4e7a0eff25b7fba9a542
large,obqa,12-627,1310,4,$DATA_DIR/P2_E1_DIRECTION_20260913T053456Z/features/large/obqa/01310.npz,ca4983a777314b37965dc088bf8f66bb944cd90f77d314c63216d3ecc5c93a5d,8192,float32,ca2386f24d445258fc1244651ef6164bedaed16011ff4e7a0eff25b7fba9a542
large,obqa,12-653,1331,4,$DATA_DIR/P2_E1_DIRECTION_20260913T053456Z/features/large/obqa/01331.npz,b6bffbe5209d46f7d967962083263fb2d262838e5bd97b513d2d2b641e304a1e,8192,float32,ca2386f24d445258fc1244651ef6164bedaed16011ff4e7a0eff25b7fba9a542
large,obqa,12-656,1334,4,$DATA_DIR/P2_E1_DIRECTION_20260913T053456Z/features/large/obqa/01334.npz,c4b08813f68153f55b7bdddfb733a326c980a6c85008fcd396847d24ca17ac6f,8192,float32,ca2386f24d445258fc1244651ef6164bedaed16011ff4e7a0eff25b7fba9a542
large,obqa,12-660,1338,4,$DATA_DIR/P2_E1_DIRECTION_20260913T053456Z/features/large/obqa/01338.npz,aff5027ef13e8910f9d4188ed4f5e8306d9f4e1cbe82822445e9f0a9589ec51c,8192,float32,ca2386f24d445258fc1244651ef6164bedaed16011ff4e7a0eff25b7fba9a542
large,obqa,12-664,1340,4,$DATA_DIR/P2_E1_DIRECTION_20260913T053456Z/features/large/obqa/01340.npz,185ae084fe9f784d2b78635ccf6ecb3c8b24da6b9250c261206d590dcb0c73f5,8192,float32,ca2386f24d445258fc1244651ef6164bedaed16011ff4e7a0eff25b7fba9a542
large,obqa,12-665,1341,4,$DATA_DIR/P2_E1_DIRECTION_20260913T053456Z/features/large/obqa/01341.npz,80c0266822bac2a49378a55c4580869f5ba64704e5f4cf3e50c28f4e73667e10,8192,float32,ca2386f24d445258fc1244651ef6164bedaed16011ff4e7a0eff25b7fba9a542
large,obqa,12-668,1344,4,$DATA_DIR/P2_E1_DIRECTION_20260913T053456Z/features/large/obqa/01344.npz,fec048f03acaf7dd6ac9db95a662140f70cfe99cf676cf1d1b119ee5071892c1,8192,float32,ca2386f24d445258fc1244651ef6164bedaed16011ff4e7a0eff25b7fba9a542
large,obqa,12-673,1348,4,$DATA_DIR/P2_E1_DIRECTION_20260913T053456Z/features/large/obqa/01348.npz,438aff5d0bac076181cd64e701010341e060e99c6b57962eaeb9ab81fc44cb21,8192,float32,ca2386f24d445258fc1244651ef6164bedaed16011ff4e7a0eff25b7fba9a542
large,obqa,12-675,1349,4,$DATA_DIR/P2_E1_DIRECTION_20260913T053456Z/features/large/obqa/01349.npz,4ab5a5cdfd0770c4a24276f8b662b3de3d51b596872a6d3981a27a7be5395f0b,8192,float32,ca2386f24d445258fc1244651ef6164bedaed16011ff4e7a0eff25b7fba9a542
large,obqa,12-705,1367,4,$DATA_DIR/P2_E1_DIRECTION_20260913T053456Z/features/large/obqa/01367.npz,f41caf761c2850cce137a3dfb72f2e3596167cc47db0571b40a563b204e03cb5,8192,float32,ca2386f24d445258fc1244651ef6164bedaed16011ff4e7a0eff25b7fba9a542
large,obqa,12-719,1373,4,$DATA_DIR/P2_E1_DIRECTION_20260913T053456Z/features/large/obqa/01373.npz,84e83067453f722b3688b2285cb8becf798264e29d2a36b246604bb41f9b14c8,8192,float32,ca2386f24d445258fc1244651ef6164bedaed16011ff4e7a0eff25b7fba9a542
large,obqa,12-732,1378,4,$DATA_DIR/P2_E1_DIRECTION_20260913T053456Z/features/large/obqa/01378.npz,b3a44d4106572fd149a44fea64d2e513e66d71e0aeb19514d21fc52fe851a9a6,8192,float32,ca2386f24d445258fc1244651ef6164bedaed16011ff4e7a0eff25b7fba9a542
large,obqa,12-733,1379,4,$DATA_DIR/P2_E1_DIRECTION_20260913T053456Z/features/large/obqa/01379.npz,02f31a3a859ed31ceda3368a926fd3a3dfc83c9ea9649037dac9974d84e7c212,8192,float32,ca2386f24d445258fc1244651ef6164bedaed16011ff4e7a0eff25b7fba9a542
large,obqa,12-734,1380,4,$DATA_DIR/P2_E1_DIRECTION_20260913T053456Z/features/large/obqa/01380.npz,9d4f3a0a4225ff16bdbadca0c9442523105e19dc3c448dee84c3e4a31798c984,8192,float32,ca2386f24d445258fc1244651ef6164bedaed16011ff4e7a0eff25b7fba9a542
large,obqa,12-746,1385,4,$DATA_DIR/P2_E1_DIRECTION_20260913T053456Z/features/large/obqa/01385.npz,8d0dbfccecd279ff973ff1c47cbc06b63f6b9165969e76e13f16bdf4f91f9349,8192,float32,ca2386f24d445258fc1244651ef6164bedaed16011ff4e7a0eff25b7fba9a542
large,obqa,12-758,1393,4,$DATA_DIR/P2_E1_DIRECTION_20260913T053456Z/features/large/obqa/01393.npz,6a0027ed20ceb4eb8471b1b5cc01790c4b148bb57a5a7e90067759265cfeffc6,8192,float32,ca2386f24d445258fc1244651ef6164bedaed16011ff4e7a0eff25b7fba9a542
large,obqa,12-776,1400,4,$DATA_DIR/P2_E1_DIRECTION_20260913T053456Z/features/large/obqa/01400.npz,e74021340c39b78a46dfe30dcca366824c2357fcfa549364f27629115f955f3f,8192,float32,ca2386f24d445258fc1244651ef6164bedaed16011ff4e7a0eff25b7fba9a542
large,obqa,12-778,1401,4,$DATA_DIR/P2_E1_DIRECTION_20260913T053456Z/features/large/obqa/01401.npz,651f885b3ef85a9acbcb2931b1e3d3b91697b378275a74ee6aa382e5ccd5b468,8192,float32,ca2386f24d445258fc1244651ef6164bedaed16011ff4e7a0eff25b7fba9a542
large,obqa,12-780,1403,4,$DATA_DIR/P2_E1_DIRECTION_20260913T053456Z/features/large/obqa/01403.npz,c11bd9d7e74b98d0718c57407d2c7b1f2e5106e6c1ab13b89ebe5525811e0139,8192,float32,ca2386f24d445258fc1244651ef6164bedaed16011ff4e7a0eff25b7fba9a542
large,obqa,12-804,1416,4,$DATA_DIR/P2_E1_DIRECTION_20260913T053456Z/features/large/obqa/01416.npz,6900801ba932c1ed114c3205307334df93e2174ea0a3a233282dad20d0ead1e3,8192,float32,ca2386f24d445258fc1244651ef6164bedaed16011ff4e7a0eff25b7fba9a542
large,obqa,12-819,1422,4,$DATA_DIR/P2_E1_DIRECTION_20260913T053456Z/features/large/obqa/01422.npz,6dc1052c4eaadac2d0850b2c1bf3a183f72189b1884f631844f9699d951735fe,8192,float32,ca2386f24d445258fc1244651ef6164bedaed16011ff4e7a0eff25b7fba9a542
large,obqa,12-820,1423,4,$DATA_DIR/P2_E1_DIRECTION_20260913T053456Z/features/large/obqa/01423.npz,b0883a55dc881bea923f8fb55d0629ffbeebfd61b2fd204ba9c81cbda534f682,8192,float32,ca2386f24d445258fc1244651ef6164bedaed16011ff4e7a0eff25b7fba9a542
large,obqa,12-822,1425,4,$DATA_DIR/P2_E1_DIRECTION_20260913T053456Z/features/large/obqa/01425.npz,53ce27bf9813da4f8c02c480bda82d398fb5b09dfcbdcd23d5fd08476a66569a,8192,float32,ca2386f24d445258fc1244651ef6164bedaed16011ff4e7a0eff25b7fba9a542
large,obqa,12-837,1430,4,$DATA_DIR/P2_E1_DIRECTION_20260913T053456Z/features/large/obqa/01430.npz,f5da438a0a84e1509680e0d92e3459974a8d9c590ad5bc7a3e5f0da9577b79ff,8192,float32,ca2386f24d445258fc1244651ef6164bedaed16011ff4e7a0eff25b7fba9a542
large,obqa,12-839,1431,4,$DATA_DIR/P2_E1_DIRECTION_20260913T053456Z/features/large/obqa/01431.npz,dc51fc809f1a063395f5e0d6a91598eabde11b9da21719f5328cbef1719ece7d,8192,float32,ca2386f24d445258fc1244651ef6164bedaed16011ff4e7a0eff25b7fba9a542
large,obqa,12-841,1432,4,$DATA_DIR/P2_E1_DIRECTION_20260913T053456Z/features/large/obqa/01432.npz,2e34b193f194ed7507588a68adf91dc74727137a64534006150912303354f48d,8192,float32,ca2386f24d445258fc1244651ef6164bedaed16011ff4e7a0eff25b7fba9a542
large,obqa,12-861,1437,4,$DATA_DIR/P2_E1_DIRECTION_20260913T053456Z/features/large/obqa/01437.npz,0b6eaa74ef9f3e00516cfdfcffba89e11ac2b7d0a4db48f4a023fbc63933f527,8192,float32,ca2386f24d445258fc1244651ef6164bedaed16011ff4e7a0eff25b7fba9a542
large,obqa,12-869,1442,4,$DATA_DIR/P2_E1_DIRECTION_20260913T053456Z/features/large/obqa/01442.npz,b78617ad678fd3bac82b49bde9482159f273730386762daf6e6f9958ce3a4bf0,8192,float32,ca2386f24d445258fc1244651ef6164bedaed16011ff4e7a0eff25b7fba9a542
large,obqa,12-874,1447,4,$DATA_DIR/P2_E1_DIRECTION_20260913T053456Z/features/large/obqa/01447.npz,7efc0e7533e08e7eb3e8fee9232d446b302d7d2261134bea3e71a93def23339d,8192,float32,ca2386f24d445258fc1244651ef6164bedaed16011ff4e7a0eff25b7fba9a542
large,obqa,12-89,1458,4,$DATA_DIR/P2_E1_DIRECTION_20260913T053456Z/features/large/obqa/01458.npz,f6b181e0dfce6c514fb6bdd617a4110886585a751f9602dd97d0a31c7c9eaf25,8192,float32,ca2386f24d445258fc1244651ef6164bedaed16011ff4e7a0eff25b7fba9a542
large,obqa,12-906,1471,4,$DATA_DIR/P2_E1_DIRECTION_20260913T053456Z/features/large/obqa/01471.npz,115212112bd9a1e5b440b074ce6061cdd1a2778f1ef08f0458e338bbe56cc7ce,8192,float32,ca2386f24d445258fc1244651ef6164bedaed16011ff4e7a0eff25b7fba9a542
large,obqa,12-916,1476,4,$DATA_DIR/P2_E1_DIRECTION_20260913T053456Z/features/large/obqa/01476.npz,60ad9936444acd89438ef95a84198a34448a0b98829a6b1c17ac543ac718cbdc,8192,float32,ca2386f24d445258fc1244651ef6164bedaed16011ff4e7a0eff25b7fba9a542
large,obqa,12-918,1478,4,$DATA_DIR/P2_E1_DIRECTION_20260913T053456Z/features/large/obqa/01478.npz,3fe1d79115c038e37c96ff4bc1cca4e1527a00b4cd49bea7c92e3807734fb3c6,8192,float32,ca2386f24d445258fc1244651ef6164bedaed16011ff4e7a0eff25b7fba9a542
large,obqa,12-930,1483,4,$DATA_DIR/P2_E1_DIRECTION_20260913T053456Z/features/large/obqa/01483.npz,17b3da970b1a57048b8503e3ccfdeff623e33f7b0c6d560da36537ac1b2220eb,8192,float32,ca2386f24d445258fc1244651ef6164bedaed16011ff4e7a0eff25b7fba9a542
large,obqa,12-937,1487,4,$DATA_DIR/P2_E1_DIRECTION_20260913T053456Z/features/large/obqa/01487.npz,0bafbbead6182ddb30859d8b411ea68947f8f56907b51f2c4df2edf460e658b6,8192,float32,ca2386f24d445258fc1244651ef6164bedaed16011ff4e7a0eff25b7fba9a542
large,obqa,12-988,1514,4,$DATA_DIR/P2_E1_DIRECTION_20260913T053456Z/features/large/obqa/01514.npz,18291a112ffe5ff2078f6d3f3c7a06f5e4c4ef81d7fa275bcbd5e41361790fdb,8192,float32,ca2386f24d445258fc1244651ef6164bedaed16011ff4e7a0eff25b7fba9a542
large,obqa,12-992,1518,4,$DATA_DIR/P2_E1_DIRECTION_20260913T053456Z/features/large/obqa/01518.npz,279011e9c50e0db188a8b1379c24934ac70fec3400a69ee08a4d63ba0d19bed9,8192,float32,ca2386f24d445258fc1244651ef6164bedaed16011ff4e7a0eff25b7fba9a542
large,obqa,12-993,1519,4,$DATA_DIR/P2_E1_DIRECTION_20260913T053456Z/features/large/obqa/01519.npz,c5a9fcb77c62afc665046e9a4fa6e92a49564932adabc60bb566249b3102ada5,8192,float32,ca2386f24d445258fc1244651ef6164bedaed16011ff4e7a0eff25b7fba9a542
large,obqa,12-994,1520,4,$DATA_DIR/P2_E1_DIRECTION_20260913T053456Z/features/large/obqa/01520.npz,c8053a3875b323cfe700d9b6c512b7e48a489baa70d28dfe7f8931dd066cfd07,8192,float32,ca2386f24d445258fc1244651ef6164bedaed16011ff4e7a0eff25b7fba9a542
large,obqa,121,1524,4,$DATA_DIR/P2_E1_DIRECTION_20260913T053456Z/features/large/obqa/01524.npz,14fc6b275df967b97df6aba8115fa48664b433773184c81ab570e167e7a4b95e,8192,float32,ca2386f24d445258fc1244651ef6164bedaed16011ff4e7a0eff25b7fba9a542
large,obqa,1210,1525,4,$DATA_DIR/P2_E1_DIRECTION_20260913T053456Z/features/large/obqa/01525.npz,41d8f2dfae6e64b38ace3cde9f9ecbf75421ab9a6c0c4a2fd1c6a763169b6a9c,8192,float32,ca2386f24d445258fc1244651ef6164bedaed16011ff4e7a0eff25b7fba9a542
large,obqa,1217,1526,4,$DATA_DIR/P2_E1_DIRECTION_20260913T053456Z/features/large/obqa/01526.npz,35881ec50c7c5052722d4598c05bc41ed82edd0b8998bd5d52fc566ae37e468a,8192,float32,ca2386f24d445258fc1244651ef6164bedaed16011ff4e7a0eff25b7fba9a542
large,obqa,13-1016,1546,4,$DATA_DIR/P2_E1_DIRECTION_20260913T053456Z/features/large/obqa/01546.npz,0d8d483f3e79f99875c0ee84fee7acf30c848b04e9db22ebe5f0a0fd46c1ca60,8192,float32,ca2386f24d445258fc1244651ef6164bedaed16011ff4e7a0eff25b7fba9a542
large,obqa,13-1028,1552,4,$DATA_DIR/P2_E1_DIRECTION_20260913T053456Z/features/large/obqa/01552.npz,eeedfc7a9227d27b15e4327011e5b97254c8b123141087e12b606702c371d4c2,8192,float32,ca2386f24d445258fc1244651ef6164bedaed16011ff4e7a0eff25b7fba9a542
large,obqa,13-1031,1553,4,$DATA_DIR/P2_E1_DIRECTION_20260913T053456Z/features/large/obqa/01553.npz,25f79a8e0ce034a7cd510bb60ba451e5be1a7c643d2f12564bcb95949829aeed,8192,float32,ca2386f24d445258fc1244651ef6164bedaed16011ff4e7a0eff25b7fba9a542
large,obqa,13-1033,1554,4,$DATA_DIR/P2_E1_DIRECTION_20260913T053456Z/features/large/obqa/01554.npz,bf5fdab7a7a918f9b669cd39bb54ea5508bc12e2fa273aab29f952b474ef7ba9,8192,float32,ca2386f24d445258fc1244651ef6164bedaed16011ff4e7a0eff25b7fba9a542
large,obqa,13-1037,1558,4,$DATA_DIR/P2_E1_DIRECTION_20260913T053456Z/features/large/obqa/01558.npz,77656b37bc59679352e4544f8935bd0a53e74abe909f53e179b24338ed394f92,8192,float32,ca2386f24d445258fc1244651ef6164bedaed16011ff4e7a0eff25b7fba9a542
large,obqa,13-1039,1559,4,$DATA_DIR/P2_E1_DIRECTION_20260913T053456Z/features/large/obqa/01559.npz,368beb6149452c9ab62f4e33d39ec4ffea6c5a9e9787a37d71da7567e0f4218d,8192,float32,ca2386f24d445258fc1244651ef6164bedaed16011ff4e7a0eff25b7fba9a542
large,obqa,13-1048,1562,4,$DATA_DIR/P2_E1_DIRECTION_20260913T053456Z/features/large/obqa/01562.npz,e2f495c46eeb90020b0abcdb182bf2a2d9726bdc21b2eaca3a0d15fb4ae6abed,8192,float32,ca2386f24d445258fc1244651ef6164bedaed16011ff4e7a0eff25b7fba9a542
large,obqa,13-106,1568,4,$DATA_DIR/P2_E1_DIRECTION_20260913T053456Z/features/large/obqa/01568.npz,1205baa2f5c22c264a84b8372ac099e5515ba0d84bae6f1e5d7120dce5af45f0,8192,float32,ca2386f24d445258fc1244651ef6164bedaed16011ff4e7a0eff25b7fba9a542
large,obqa,13-109,1572,4,$DATA_DIR/P2_E1_DIRECTION_20260913T053456Z/features/large/obqa/01572.npz,35a7e3097365545d75e36924d35ac021e322458400cb49832af0ad5444d88b9c,8192,float32,ca2386f24d445258fc1244651ef6164bedaed16011ff4e7a0eff25b7fba9a542
large,obqa,13-12,1577,4,$DATA_DIR/P2_E1_DIRECTION_20260913T053456Z/features/large/obqa/01577.npz,5c3e86b730936c06977c671cad7764ae5b0552a4a2dbb4bb0ff1910e5b925399,8192,float32,ca2386f24d445258fc1244651ef6164bedaed16011ff4e7a0eff25b7fba9a542
large,obqa,13-120,1578,4,$DATA_DIR/P2_E1_DIRECTION_20260913T053456Z/features/large/obqa/01578.npz,f42847265f0153d1623b858925343838b61c192ae47dda227f31f7f11524fe87,8192,float32,ca2386f24d445258fc1244651ef6164bedaed16011ff4e7a0eff25b7fba9a542
large,obqa,13-131,1585,4,$DATA_DIR/P2_E1_DIRECTION_20260913T053456Z/features/large/obqa/01585.npz,1a266db32dcd813e7ddc2d1fe41fb3008c6dabf1097bf1894b7c97a7f2dc9beb,8192,float32,ca2386f24d445258fc1244651ef6164bedaed16011ff4e7a0eff25b7fba9a542
large,obqa,13-132,1586,4,$DATA_DIR/P2_E1_DIRECTION_20260913T053456Z/features/large/obqa/01586.npz,e80a2f3093be7c23c654dd09ab51b1a513c473129f0f295bdc6c33c84337cc20,8192,float32,ca2386f24d445258fc1244651ef6164bedaed16011ff4e7a0eff25b7fba9a542
large,obqa,13-145,1593,4,$DATA_DIR/P2_E1_DIRECTION_20260913T053456Z/features/large/obqa/01593.npz,3d018f0e9b0f5b6c521131ec13c25c502073f1eb41b836866105e50370fff914,8192,float32,ca2386f24d445258fc1244651ef6164bedaed16011ff4e7a0eff25b7fba9a542
large,obqa,13-146,1594,4,$DATA_DIR/P2_E1_DIRECTION_20260913T053456Z/features/large/obqa/01594.npz,0088167df880d3023d7c9a99bee18be983fcd74d13ec980f40a0c626f7bdf4c0,8192,float32,ca2386f24d445258fc1244651ef6164bedaed16011ff4e7a0eff25b7fba9a542
large,obqa,13-163,1599,4,$DATA_DIR/P2_E1_DIRECTION_20260913T053456Z/features/large/obqa/01599.npz,4b699f06a6f8d2382201aa0bd1dc4120667b8ee92903bbbc8a7fe44eed41a7aa,8192,float32,ca2386f24d445258fc1244651ef6164bedaed16011ff4e7a0eff25b7fba9a542
large,obqa,13-164,1600,4,$DATA_DIR/P2_E1_DIRECTION_20260913T053456Z/features/large/obqa/01600.npz,bd6a1cf0df0baba730e2dd5a575341782de6b1d69c56301a3428cd9350542284,8192,float32,ca2386f24d445258fc1244651ef6164bedaed16011ff4e7a0eff25b7fba9a542
large,obqa,13-182,1608,4,$DATA_DIR/P2_E1_DIRECTION_20260913T053456Z/features/large/obqa/01608.npz,b8794020d5d29c437d94514ae1c68c91ac7ad617dddddc5de29af409b14dbac5,8192,float32,ca2386f24d445258fc1244651ef6164bedaed16011ff4e7a0eff25b7fba9a542
large,obqa,13-193,1613,4,$DATA_DIR/P2_E1_DIRECTION_20260913T053456Z/features/large/obqa/01613.npz,96eadc296d4e06349ce3f710a627cf9fa5cf18eec9472b8312359b8d90b6f980,8192,float32,ca2386f24d445258fc1244651ef6164bedaed16011ff4e7a0eff25b7fba9a542
large,obqa,13-196,1615,4,$DATA_DIR/P2_E1_DIRECTION_20260913T053456Z/features/large/obqa/01615.npz,36e89b4b2b8d19f73cf1d23fea3eff5a567f6aadd9f5be1ee2b7cae59c2ae571,8192,float32,ca2386f24d445258fc1244651ef6164bedaed16011ff4e7a0eff25b7fba9a542
large,obqa,13-218,1627,4,$DATA_DIR/P2_E1_DIRECTION_20260913T053456Z/features/large/obqa/01627.npz,ca9b7ab7416d69f07447645874c89143346f7bdbf35d7e21847accd3ce4f236c,8192,float32,ca2386f24d445258fc1244651ef6164bedaed16011ff4e7a0eff25b7fba9a542
large,obqa,13-219,1628,4,$DATA_DIR/P2_E1_DIRECTION_20260913T053456Z/features/large/obqa/01628.npz,9283cf4010148fce842771c802fcc2ffbbc45bc638b4053290c316403d5aec06,8192,float32,ca2386f24d445258fc1244651ef6164bedaed16011ff4e7a0eff25b7fba9a542
large,obqa,13-229,1632,4,$DATA_DIR/P2_E1_DIRECTION_20260913T053456Z/features/large/obqa/01632.npz,8bc2b7a00e751c663fbe32cb10d57f292198f12f4f80dca932d9adc427d81f8c,8192,float32,ca2386f24d445258fc1244651ef6164bedaed16011ff4e7a0eff25b7fba9a542
large,obqa,13-23,1633,4,$DATA_DIR/P2_E1_DIRECTION_20260913T053456Z/features/large/obqa/01633.npz,edb6dc956552335e1d9fddbb4b5e63caaf353fdf888505cd972c17f8e70cefee,8192,float32,ca2386f24d445258fc1244651ef6164bedaed16011ff4e7a0eff25b7fba9a542
large,obqa,13-232,1635,4,$DATA_DIR/P2_E1_DIRECTION_20260913T053456Z/features/large/obqa/01635.npz,8262f7f42c6c9417333b1a6f8adc2c255c8ef56b37a057d1c9f1c690f2ead76c,8192,float32,ca2386f24d445258fc1244651ef6164bedaed16011ff4e7a0eff25b7fba9a542
large,obqa,13-275,1656,4,$DATA_DIR/P2_E1_DIRECTION_20260913T053456Z/features/large/obqa/01656.npz,60f3fdc9800b7fed6f65d4069f5eb0b6fccbf4375d69bdf32751039b496d5974,8192,float32,ca2386f24d445258fc1244651ef6164bedaed16011ff4e7a0eff25b7fba9a542
large,obqa,13-28,1657,4,$DATA_DIR/P2_E1_DIRECTION_20260913T053456Z/features/large/obqa/01657.npz,c82d8be514de2278742a86e1e9f710475bcd41d007bec0b41fec1d6a2e7c2daf,8192,float32,ca2386f24d445258fc1244651ef6164bedaed16011ff4e7a0eff25b7fba9a542
large,obqa,13-294,1661,4,$DATA_DIR/P2_E1_DIRECTION_20260913T053456Z/features/large/obqa/01661.npz,f62e0029bb8f01663ed9fd6fb03245827473d33b9ad1aab6fa7b5745bc058fa2,8192,float32,ca2386f24d445258fc1244651ef6164bedaed16011ff4e7a0eff25b7fba9a542
large,obqa,13-304,1670,4,$DATA_DIR/P2_E1_DIRECTION_20260913T053456Z/features/large/obqa/01670.npz,e6021699229d6617c21926be894241a2fb309e8d870198f4a9437d7cd80114c2,8192,float32,ca2386f24d445258fc1244651ef6164bedaed16011ff4e7a0eff25b7fba9a542
large,obqa,13-315,1677,4,$DATA_DIR/P2_E1_DIRECTION_20260913T053456Z/features/large/obqa/01677.npz,ddceb12abd04209f73ec6c89fb1ae9a303bc0ee9069417ccc925c00140675f32,8192,float32,ca2386f24d445258fc1244651ef6164bedaed16011ff4e7a0eff25b7fba9a542
large,obqa,13-339,1691,4,$DATA_DIR/P2_E1_DIRECTION_20260913T053456Z/features/large/obqa/01691.npz,3c341d98d82a34763022ed017813c9ac378103e05330a9b99589c9379d47e349,8192,float32,ca2386f24d445258fc1244651ef6164bedaed16011ff4e7a0eff25b7fba9a542
large,obqa,13-351,1699,4,$DATA_DIR/P2_E1_DIRECTION_20260913T053456Z/features/large/obqa/01699.npz,92ad07c2ca2666e5242b55250a4926e53f6979709021f045f0058e643138873b,8192,float32,ca2386f24d445258fc1244651ef6164bedaed16011ff4e7a0eff25b7fba9a542
large,obqa,13-352,1700,4,$DATA_DIR/P2_E1_DIRECTION_20260913T053456Z/features/large/obqa/01700.npz,b86e0ca1dfa87d468684bb872a8ea27c1b02dca66d3aa2fe5d21dfcf6dfa8c28,8192,float32,ca2386f24d445258fc1244651ef6164bedaed16011ff4e7a0eff25b7fba9a542
large,obqa,13-360,1703,4,$DATA_DIR/P2_E1_DIRECTION_20260913T053456Z/features/large/obqa/01703.npz,e7483b1c029d56a86477ea7a7ed3c6b8ce144c380ba2630cfc10c5637c9c69e5,8192,float32,ca2386f24d445258fc1244651ef6164bedaed16011ff4e7a0eff25b7fba9a542
large,obqa,13-362,1704,4,$DATA_DIR/P2_E1_DIRECTION_20260913T053456Z/features/large/obqa/01704.npz,b938fdc5400e8bef4e566e450329b60a3a7539a0a4083934cca2dacef91db0c5,8192,float32,ca2386f24d445258fc1244651ef6164bedaed16011ff4e7a0eff25b7fba9a542
large,obqa,13-419,1731,4,$DATA_DIR/P2_E1_DIRECTION_20260913T053456Z/features/large/obqa/01731.npz,50d81d4a01bfddd6b38de2bfab6abfc69bf5ae4a9f91751eaeed230415ba3b63,8192,float32,ca2386f24d445258fc1244651ef6164bedaed16011ff4e7a0eff25b7fba9a542
large,obqa,13-430,1734,4,$DATA_DIR/P2_E1_DIRECTION_20260913T053456Z/features/large/obqa/01734.npz,b734ad4b753d601e5c9a38d4bdc4655a749ae0228c1793bc0c454ef631aded16,8192,float32,ca2386f24d445258fc1244651ef6164bedaed16011ff4e7a0eff25b7fba9a542
large,obqa,13-434,1736,4,$DATA_DIR/P2_E1_DIRECTION_20260913T053456Z/features/large/obqa/01736.npz,7737d0c84fbfa459f40e3efdd5bb6453def813db426441852efcd39ee78fb47b,8192,float32,ca2386f24d445258fc1244651ef6164bedaed16011ff4e7a0eff25b7fba9a542
large,obqa,13-443,1740,4,$DATA_DIR/P2_E1_DIRECTION_20260913T053456Z/features/large/obqa/01740.npz,101fca429f2d1f8e838c2f98c7c0ef52c0e94b70bad787fbb1cd91ba6c7f715f,8192,float32,ca2386f24d445258fc1244651ef6164bedaed16011ff4e7a0eff25b7fba9a542
large,obqa,13-455,1746,4,$DATA_DIR/P2_E1_DIRECTION_20260913T053456Z/features/large/obqa/01746.npz,ba3745191f12eaa390a2f2e27b265e6f080c5225c5d1843fa97a7ac96aff0e83,8192,float32,ca2386f24d445258fc1244651ef6164bedaed16011ff4e7a0eff25b7fba9a542
large,obqa,13-461,1748,4,$DATA_DIR/P2_E1_DIRECTION_20260913T053456Z/features/large/obqa/01748.npz,3c51e297c33de5bb6071704a242b64b49e638b1dfa34ea70197aa74f3ba2fb7b,8192,float32,ca2386f24d445258fc1244651ef6164bedaed16011ff4e7a0eff25b7fba9a542
large,obqa,13-465,1749,4,$DATA_DIR/P2_E1_DIRECTION_20260913T053456Z/features/large/obqa/01749.npz,ea020465c765ac1b6db81a04c38f099a626adf690a063df475871c1bc5e690c7,8192,float32,ca2386f24d445258fc1244651ef6164bedaed16011ff4e7a0eff25b7fba9a542
large,obqa,13-472,1754,4,$DATA_DIR/P2_E1_DIRECTION_20260913T053456Z/features/large/obqa/01754.npz,6e231b04250907da7651a82e5baa3e9d534aef703f1fb052b25d0f99bb643d91,8192,float32,ca2386f24d445258fc1244651ef6164bedaed16011ff4e7a0eff25b7fba9a542
large,obqa,13-485,1762,4,$DATA_DIR/P2_E1_DIRECTION_20260913T053456Z/features/large/obqa/01762.npz,1899c7254c083af34f9c1f0863d73608545e12e579aab372f4e8122476fb0f9b,8192,float32,ca2386f24d445258fc1244651ef6164bedaed16011ff4e7a0eff25b7fba9a542
large,obqa,13-503,1772,4,$DATA_DIR/P2_E1_DIRECTION_20260913T053456Z/features/large/obqa/01772.npz,8575b0225ab3cfd0c2f3428308a62422f2103d93b3bb7f0a25112bdfc6b1b9b0,8192,float32,ca2386f24d445258fc1244651ef6164bedaed16011ff4e7a0eff25b7fba9a542
large,obqa,13-508,1775,4,$DATA_DIR/P2_E1_DIRECTION_20260913T053456Z/features/large/obqa/01775.npz,2864585dda796957c424aa9f9066f7c33ddf66c9124dc5625ad84606104685b6,8192,float32,ca2386f24d445258fc1244651ef6164bedaed16011ff4e7a0eff25b7fba9a542
large,obqa,13-535,1787,4,$DATA_DIR/P2_E1_DIRECTION_20260913T053456Z/features/large/obqa/01787.npz,5227ca026e86b4f4bdc9cbafb2f29d130d1141648f7cafaaa6da9fb09fdcc597,8192,float32,ca2386f24d445258fc1244651ef6164bedaed16011ff4e7a0eff25b7fba9a542
large,obqa,13-543,1791,4,$DATA_DIR/P2_E1_DIRECTION_20260913T053456Z/features/large/obqa/01791.npz,801c10cdac0dcee2f578689f185cbfb5df2f0e44f3a4c29d641307d92f0a64c1,8192,float32,ca2386f24d445258fc1244651ef6164bedaed16011ff4e7a0eff25b7fba9a542
large,obqa,13-547,1792,4,$DATA_DIR/P2_E1_DIRECTION_20260913T053456Z/features/large/obqa/01792.npz,abc4bbb6ba55610d1735b7bbca32ba565443599d939d1429c2c85e299ed2a164,8192,float32,ca2386f24d445258fc1244651ef6164bedaed16011ff4e7a0eff25b7fba9a542
large,obqa,13-549,1793,4,$DATA_DIR/P2_E1_DIRECTION_20260913T053456Z/features/large/obqa/01793.npz,c3dfd76c9b38c66a78aea618403d58bc6eac82a5a612f0c7266adf6e6fa2d9d3,8192,float32,ca2386f24d445258fc1244651ef6164bedaed16011ff4e7a0eff25b7fba9a542
large,obqa,13-552,1794,4,$DATA_DIR/P2_E1_DIRECTION_20260913T053456Z/features/large/obqa/01794.npz,db11ab12c6a07dbb9de2bb2aaf10efb2382f2adb133f2e58d823576b85d45a9a,8192,float32,ca2386f24d445258fc1244651ef6164bedaed16011ff4e7a0eff25b7fba9a542
large,obqa,13-559,1797,4,$DATA_DIR/P2_E1_DIRECTION_20260913T053456Z/features/large/obqa/01797.npz,93d43d77cad17a2c48daeb6773c547c243b88c4035228eabbf31736907300cad,8192,float32,ca2386f24d445258fc1244651ef6164bedaed16011ff4e7a0eff25b7fba9a542
large,obqa,13-560,1798,4,$DATA_DIR/P2_E1_DIRECTION_20260913T053456Z/features/large/obqa/01798.npz,7484511c2540ed050e70275ab5b3321818912136cb47e303d2529e80f9f27826,8192,float32,ca2386f24d445258fc1244651ef6164bedaed16011ff4e7a0eff25b7fba9a542
large,obqa,13-561,1799,4,$DATA_DIR/P2_E1_DIRECTION_20260913T053456Z/features/large/obqa/01799.npz,e80b4704ee67a06d046cab629dff95247b0e5aced377cfc94fb3a72160adf27d,8192,float32,ca2386f24d445258fc1244651ef6164bedaed16011ff4e7a0eff25b7fba9a542
large,obqa,13-566,1801,4,$DATA_DIR/P2_E1_DIRECTION_20260913T053456Z/features/large/obqa/01801.npz,55ac13786b7e55da2240658eee87758f09a045f9cccbd9827cc9bbd9fd3ab906,8192,float32,ca2386f24d445258fc1244651ef6164bedaed16011ff4e7a0eff25b7fba9a542
large,obqa,13-567,1802,4,$DATA_DIR/P2_E1_DIRECTION_20260913T053456Z/features/large/obqa/01802.npz,4f79759b804afaaff2ff7d10ed46ff700fa8581e280320702bd835d19fd2d578,8192,float32,ca2386f24d445258fc1244651ef6164bedaed16011ff4e7a0eff25b7fba9a542
large,obqa,13-577,1807,4,$DATA_DIR/P2_E1_DIRECTION_20260913T053456Z/features/large/obqa/01807.npz,48c44ab115a888e59ce10ed1cfbb430c25d9e548fd128e1932582c79ec7661c3,8192,float32,ca2386f24d445258fc1244651ef6164bedaed16011ff4e7a0eff25b7fba9a542
large,obqa,13-579,1808,4,$DATA_DIR/P2_E1_DIRECTION_20260913T053456Z/features/large/obqa/01808.npz,068efd0657c7d5c930d59d34f94ff0c8a4aa9fd3dc08304b22c099941b4c9201,8192,float32,ca2386f24d445258fc1244651ef6164bedaed16011ff4e7a0eff25b7fba9a542
large,obqa,13-584,1813,4,$DATA_DIR/P2_E1_DIRECTION_20260913T053456Z/features/large/obqa/01813.npz,997b0b7cbe3b0ab27e7a94f0d1c907b6fe22727f3c195b818c99664da7826b39,8192,float32,ca2386f24d445258fc1244651ef6164bedaed16011ff4e7a0eff25b7fba9a542
large,obqa,13-595,1820,4,$DATA_DIR/P2_E1_DIRECTION_20260913T053456Z/features/large/obqa/01820.npz,3680b85d21702e58bf62e0ce0ca2153cea4aceb015dc8abe291828a08ddaa93d,8192,float32,ca2386f24d445258fc1244651ef6164bedaed16011ff4e7a0eff25b7fba9a542
large,obqa,13-609,1824,4,$DATA_DIR/P2_E1_DIRECTION_20260913T053456Z/features/large/obqa/01824.npz,15521e964d7350a02172d9485f0f75a48c6fc371e480198a3df261dd7c4269ad,8192,float32,ca2386f24d445258fc1244651ef6164bedaed16011ff4e7a0eff25b7fba9a542
large,obqa,13-615,1829,4,$DATA_DIR/P2_E1_DIRECTION_20260913T053456Z/features/large/obqa/01829.npz,ebc54687a2e9ad8fb771ecd004db727fec7544a6a4420b078cd772d09244f0fe,8192,float32,ca2386f24d445258fc1244651ef6164bedaed16011ff4e7a0eff25b7fba9a542
large,obqa,13-617,1831,4,$DATA_DIR/P2_E1_DIRECTION_20260913T053456Z/features/large/obqa/01831.npz,733ad9ba5ec118e8aa443e1957381361de2efd9a6a7b9feb4c339371bd828f10,8192,float32,ca2386f24d445258fc1244651ef6164bedaed16011ff4e7a0eff25b7fba9a542
large,obqa,13-623,1833,4,$DATA_DIR/P2_E1_DIRECTION_20260913T053456Z/features/large/obqa/01833.npz,4555780fed52f1cba703b1806aa0a75dbada0b06ce95c5f581fc006456c71e79,8192,float32,ca2386f24d445258fc1244651ef6164bedaed16011ff4e7a0eff25b7fba9a542
large,obqa,13-626,1836,4,$DATA_DIR/P2_E1_DIRECTION_20260913T053456Z/features/large/obqa/01836.npz,1b209caac40898fc3751ff444dc7cd3e33e80e3057ef618d2213b0abd4785dc2,8192,float32,ca2386f24d445258fc1244651ef6164bedaed16011ff4e7a0eff25b7fba9a542
large,obqa,13-636,1841,4,$DATA_DIR/P2_E1_DIRECTION_20260913T053456Z/features/large/obqa/01841.npz,f276dcf09306e0ecb815ad441c79a9b5d352f1345c09fc09c8cdc88f5c0295ce,8192,float32,ca2386f24d445258fc1244651ef6164bedaed16011ff4e7a0eff25b7fba9a542
large,obqa,13-637,1842,4,$DATA_DIR/P2_E1_DIRECTION_20260913T053456Z/features/large/obqa/01842.npz,493f5f5af4e724320fe55de58d6681b7edae27ecea0da5ede7b6ec079b34d3f8,8192,float32,ca2386f24d445258fc1244651ef6164bedaed16011ff4e7a0eff25b7fba9a542
large,obqa,13-640,1843,4,$DATA_DIR/P2_E1_DIRECTION_20260913T053456Z/features/large/obqa/01843.npz,d47f9a77e3f1af85610ca41171eebd0b95bec9ef63ff6f8a54795640adbc99ca,8192,float32,ca2386f24d445258fc1244651ef6164bedaed16011ff4e7a0eff25b7fba9a542
large,obqa,13-647,1846,4,$DATA_DIR/P2_E1_DIRECTION_20260913T053456Z/features/large/obqa/01846.npz,faa31fa38352996eda9aef710f804d0633238b3796e27ac4483ae76891655eb5,8192,float32,ca2386f24d445258fc1244651ef6164bedaed16011ff4e7a0eff25b7fba9a542
large,obqa,13-653,1849,4,$DATA_DIR/P2_E1_DIRECTION_20260913T053456Z/features/large/obqa/01849.npz,dcf916c9e19b27b515b77c33acc4839a14b683231a80c513980332ad52b24afa,8192,float32,ca2386f24d445258fc1244651ef6164bedaed16011ff4e7a0eff25b7fba9a542
large,obqa,13-668,1858,4,$DATA_DIR/P2_E1_DIRECTION_20260913T053456Z/features/large/obqa/01858.npz,c0ea74f4942bcee091e9bf9a1fad4c64ab5bf9b7fe772f4eab230185a18bf4b4,8192,float32,ca2386f24d445258fc1244651ef6164bedaed16011ff4e7a0eff25b7fba9a542
large,obqa,13-679,1862,4,$DATA_DIR/P2_E1_DIRECTION_20260913T053456Z/features/large/obqa/01862.npz,d7f8243e2351714caecf0f6bacf91a6f66ce09cfbe5d0ab5a318f607de748a5f,8192,float32,ca2386f24d445258fc1244651ef6164bedaed16011ff4e7a0eff25b7fba9a542
large,obqa,13-699,1872,4,$DATA_DIR/P2_E1_DIRECTION_20260913T053456Z/features/large/obqa/01872.npz,251314764d2b1aac134fbcf731181742e76d56a432484cce926a23169f4bb9c9,8192,float32,ca2386f24d445258fc1244651ef6164bedaed16011ff4e7a0eff25b7fba9a542
large,obqa,13-716,1878,4,$DATA_DIR/P2_E1_DIRECTION_20260913T053456Z/features/large/obqa/01878.npz,e04ebc6ac39f13282b4297430b85d17eae1aefda4e9a08a14a879f8d5a71c825,8192,float32,ca2386f24d445258fc1244651ef6164bedaed16011ff4e7a0eff25b7fba9a542
large,obqa,13-717,1879,4,$DATA_DIR/P2_E1_DIRECTION_20260913T053456Z/features/large/obqa/01879.npz,652c6de9f4d43c091f6d42b9ce972d0c03bd034c93bbb1623f0538002b3b8fc8,8192,float32,ca2386f24d445258fc1244651ef6164bedaed16011ff4e7a0eff25b7fba9a542
large,obqa,13-744,1890,4,$DATA_DIR/P2_E1_DIRECTION_20260913T053456Z/features/large/obqa/01890.npz,96d9f44d86e306eef9f925a39de7fd70d661ed71ad735ea94648a137975e17e3,8192,float32,ca2386f24d445258fc1244651ef6164bedaed16011ff4e7a0eff25b7fba9a542
large,obqa,13-747,1892,4,$DATA_DIR/P2_E1_DIRECTION_20260913T053456Z/features/large/obqa/01892.npz,1f5b487d96f099d0c93297f72d35e92ae91823cbc52c3826404813474a91216e,8192,float32,ca2386f24d445258fc1244651ef6164bedaed16011ff4e7a0eff25b7fba9a542
large,obqa,13-754,1896,4,$DATA_DIR/P2_E1_DIRECTION_20260913T053456Z/features/large/obqa/01896.npz,7a8b2ef26b89c3ae99a1b32123812e404db231a35ebf2a138659983bc9945580,8192,float32,ca2386f24d445258fc1244651ef6164bedaed16011ff4e7a0eff25b7fba9a542
large,obqa,13-765,1899,4,$DATA_DIR/P2_E1_DIRECTION_20260913T053456Z/features/large/obqa/01899.npz,ba6fba3f17b782746698f6caa5449a5fc72e149472a09257a28fbb3035e52333,8192,float32,ca2386f24d445258fc1244651ef6164bedaed16011ff4e7a0eff25b7fba9a542
large,obqa,13-773,1903,4,$DATA_DIR/P2_E1_DIRECTION_20260913T053456Z/features/large/obqa/01903.npz,6cd58869ead5b37884b42f8d53ba45d4f72c17dd47a12cda04ebcd2e50e8598b,8192,float32,ca2386f24d445258fc1244651ef6164bedaed16011ff4e7a0eff25b7fba9a542
large,obqa,13-796,1917,4,$DATA_DIR/P2_E1_DIRECTION_20260913T053456Z/features/large/obqa/01917.npz,36e63490950f7dd1b94fcc8929e84c185cd41e30f527f74ef6d943d5f7813145,8192,float32,ca2386f24d445258fc1244651ef6164bedaed16011ff4e7a0eff25b7fba9a542
large,obqa,13-797,1918,4,$DATA_DIR/P2_E1_DIRECTION_20260913T053456Z/features/large/obqa/01918.npz,b243d0525834eaba26aaaa552b0d1ca5500a976eea3072363413eeb8ea7dc32f,8192,float32,ca2386f24d445258fc1244651ef6164bedaed16011ff4e7a0eff25b7fba9a542
large,obqa,13-818,1929,4,$DATA_DIR/P2_E1_DIRECTION_20260913T053456Z/features/large/obqa/01929.npz,449a6ed7b6103819f279bb7b5e400ecbd6081b20d005ef362effe33ece3d8da6,8192,float32,ca2386f24d445258fc1244651ef6164bedaed16011ff4e7a0eff25b7fba9a542
large,obqa,13-822,1931,4,$DATA_DIR/P2_E1_DIRECTION_20260913T053456Z/features/large/obqa/01931.npz,a1f9e1eeda9e75916c32adb238fdb30a88eac2d1bbecd9d145b7789b4a32acf9,8192,float32,ca2386f24d445258fc1244651ef6164bedaed16011ff4e7a0eff25b7fba9a542
large,obqa,13-841,1940,4,$DATA_DIR/P2_E1_DIRECTION_20260913T053456Z/features/large/obqa/01940.npz,171d95435b95ed2ba436db69432b2d320034bd5310a10449a6e6a46a6e4c0040,8192,float32,ca2386f24d445258fc1244651ef6164bedaed16011ff4e7a0eff25b7fba9a542
large,obqa,13-859,1950,4,$DATA_DIR/P2_E1_DIRECTION_20260913T053456Z/features/large/obqa/01950.npz,acf16c253c76560fe5e5bf3f7ecfb099c706620ef482340484cae68af4b6e620,8192,float32,ca2386f24d445258fc1244651ef6164bedaed16011ff4e7a0eff25b7fba9a542
large,obqa,13-892,1968,4,$DATA_DIR/P2_E1_DIRECTION_20260913T053456Z/features/large/obqa/01968.npz,c7335607ec2bd38ae394684bc067999ab258b037d1d2c9ba7fc641b289b4640c,8192,float32,ca2386f24d445258fc1244651ef6164bedaed16011ff4e7a0eff25b7fba9a542
large,obqa,13-894,1969,4,$DATA_DIR/P2_E1_DIRECTION_20260913T053456Z/features/large/obqa/01969.npz,584594837e5984d9144ff845608fe5a50ab106454180ffd29637d378d063d76d,8192,float32,ca2386f24d445258fc1244651ef6164bedaed16011ff4e7a0eff25b7fba9a542
large,obqa,13-903,1973,4,$DATA_DIR/P2_E1_DIRECTION_20260913T053456Z/features/large/obqa/01973.npz,6339648548b6322768407520c3d04f0fac6f209769a09ee84711b7e42f920d6d,8192,float32,ca2386f24d445258fc1244651ef6164bedaed16011ff4e7a0eff25b7fba9a542
large,obqa,13-914,1979,4,$DATA_DIR/P2_E1_DIRECTION_20260913T053456Z/features/large/obqa/01979.npz,f429721b00cd30274ffd6d3c52f9d292af868b7bf95a1bef3d019da702e169e0,8192,float32,ca2386f24d445258fc1244651ef6164bedaed16011ff4e7a0eff25b7fba9a542
large,obqa,13-922,1983,4,$DATA_DIR/P2_E1_DIRECTION_20260913T053456Z/features/large/obqa/01983.npz,a8e4f7e4924df97aa3978e32fac16609ef95a6e50bd40ec887cd7b02133b42c7,8192,float32,ca2386f24d445258fc1244651ef6164bedaed16011ff4e7a0eff25b7fba9a542
large,obqa,13-931,1989,4,$DATA_DIR/P2_E1_DIRECTION_20260913T053456Z/features/large/obqa/01989.npz,1dcf56068902ea9111c52fb53012b5144d6dd1369cc80d08dbe44d84f6bbeb6e,8192,float32,ca2386f24d445258fc1244651ef6164bedaed16011ff4e7a0eff25b7fba9a542
large,obqa,13-94,1995,4,$DATA_DIR/P2_E1_DIRECTION_20260913T053456Z/features/large/obqa/01995.npz,8cec1c1f92b1dee76e46e430beb4ca9c92bac4f57b9d1417f09224e5882fee08,8192,float32,ca2386f24d445258fc1244651ef6164bedaed16011ff4e7a0eff25b7fba9a542
large,obqa,13-956,2004,4,$DATA_DIR/P2_E1_DIRECTION_20260913T053456Z/features/large/obqa/02004.npz,3ebe78bb60312debd8f6426b5ddb613c3691394397f5187056b28b34d87cb848,8192,float32,ca2386f24d445258fc1244651ef6164bedaed16011ff4e7a0eff25b7fba9a542
large,obqa,13-96,2008,4,$DATA_DIR/P2_E1_DIRECTION_20260913T053456Z/features/large/obqa/02008.npz,94d47a10fe722aaadd37130117c0566d48ed4de83ce8485b5d7ab5790678fb68,8192,float32,ca2386f24d445258fc1244651ef6164bedaed16011ff4e7a0eff25b7fba9a542
large,obqa,13-978,2017,4,$DATA_DIR/P2_E1_DIRECTION_20260913T053456Z/features/large/obqa/02017.npz,d5c1559ec9e4bd2eab89e5f20d2a5fe8170ea6e3abab8755d64f50a7f375dfd1,8192,float32,ca2386f24d445258fc1244651ef6164bedaed16011ff4e7a0eff25b7fba9a542
large,obqa,13-984,2020,4,$DATA_DIR/P2_E1_DIRECTION_20260913T053456Z/features/large/obqa/02020.npz,6bf2b7e5e49677f080d70ce7b73cce90ce6b40c463e126f9d91730baa33eddcc,8192,float32,ca2386f24d445258fc1244651ef6164bedaed16011ff4e7a0eff25b7fba9a542
large,obqa,13-988,2023,4,$DATA_DIR/P2_E1_DIRECTION_20260913T053456Z/features/large/obqa/02023.npz,f62686f1749ac7a52cf6e4c7b0005d2b92f770e29b7189ba563dd61f9f37ea69,8192,float32,ca2386f24d445258fc1244651ef6164bedaed16011ff4e7a0eff25b7fba9a542
large,obqa,13-99,2025,4,$DATA_DIR/P2_E1_DIRECTION_20260913T053456Z/features/large/obqa/02025.npz,f921180a33d9027952808a9efaadb7395e180617458d8d29ad8bd5470a2e406a,8192,float32,ca2386f24d445258fc1244651ef6164bedaed16011ff4e7a0eff25b7fba9a542
large,obqa,1302,2030,4,$DATA_DIR/P2_E1_DIRECTION_20260913T053456Z/features/large/obqa/02030.npz,0d57fc97a3e4f66cc11084823dd0335e90c09f69e55249e8ecf5ae3189311577,8192,float32,ca2386f24d445258fc1244651ef6164bedaed16011ff4e7a0eff25b7fba9a542
large,obqa,1337,2033,4,$DATA_DIR/P2_E1_DIRECTION_20260913T053456Z/features/large/obqa/02033.npz,15d2ab5cb8b8f406330a0145bbcd36a6c5a5067457c2a4afc7f172d21f16846f,8192,float32,ca2386f24d445258fc1244651ef6164bedaed16011ff4e7a0eff25b7fba9a542
large,obqa,1351,2034,4,$DATA_DIR/P2_E1_DIRECTION_20260913T053456Z/features/large/obqa/02034.npz,da2fa7a0c5d67be3d22fb53db49aa87d287948cae640c808c0f2fd793c89b620,8192,float32,ca2386f24d445258fc1244651ef6164bedaed16011ff4e7a0eff25b7fba9a542
large,obqa,1380,2038,4,$DATA_DIR/P2_E1_DIRECTION_20260913T053456Z/features/large/obqa/02038.npz,6718c224b1ceac7edcf351ea0c0d9ff018457ebd65d1ef03992aac642c6ab705,8192,float32,ca2386f24d445258fc1244651ef6164bedaed16011ff4e7a0eff25b7fba9a542
large,obqa,14-1000,2046,4,$DATA_DIR/P2_E1_DIRECTION_20260913T053456Z/features/large/obqa/02046.npz,3ddf28b16fef100c0a683e3950309e53d8418c7a2a61bcd645a072e5cc90b1cf,8192,float32,ca2386f24d445258fc1244651ef6164bedaed16011ff4e7a0eff25b7fba9a542
large,obqa,14-101,2050,4,$DATA_DIR/P2_E1_DIRECTION_20260913T053456Z/features/large/obqa/02050.npz,1fa26e100346af908b8f73f7366f2faef5fc9edf741d519364165ff2307982aa,8192,float32,ca2386f24d445258fc1244651ef6164bedaed16011ff4e7a0eff25b7fba9a542
large,obqa,14-1024,2058,4,$DATA_DIR/P2_E1_DIRECTION_20260913T053456Z/features/large/obqa/02058.npz,1add54270aab8e1b2e46922a9dee45ae397cb17b56418f93fe90ec80c5571f61,8192,float32,ca2386f24d445258fc1244651ef6164bedaed16011ff4e7a0eff25b7fba9a542
large,obqa,14-1034,2063,4,$DATA_DIR/P2_E1_DIRECTION_20260913T053456Z/features/large/obqa/02063.npz,9204843a1b3eeae0999605ff9f91a9480bb30c9dec0776b1d02c6f2eff8697eb,8192,float32,ca2386f24d445258fc1244651ef6164bedaed16011ff4e7a0eff25b7fba9a542
large,obqa,14-104,2064,4,$DATA_DIR/P2_E1_DIRECTION_20260913T053456Z/features/large/obqa/02064.npz,68aae22473575d7afbb0ed48fe7ba181b8e3fea1ed256c803932019059abe094,8192,float32,ca2386f24d445258fc1244651ef6164bedaed16011ff4e7a0eff25b7fba9a542
large,obqa,14-1042,2066,4,$DATA_DIR/P2_E1_DIRECTION_20260913T053456Z/features/large/obqa/02066.npz,b145776cf3138c104a4a109215e3dc4a6aa584baffc810e6c8999c8e91b9e3ab,8192,float32,ca2386f24d445258fc1244651ef6164bedaed16011ff4e7a0eff25b7fba9a542
large,obqa,14-1054,2076,4,$DATA_DIR/P2_E1_DIRECTION_20260913T053456Z/features/large/obqa/02076.npz,85ceeff973b44fe7fbe4cd3ac6ee5ad94c73bb3145c68a3b3aa0d40f038a9a7f,8192,float32,ca2386f24d445258fc1244651ef6164bedaed16011ff4e7a0eff25b7fba9a542
large,obqa,14-1066,2083,4,$DATA_DIR/P2_E1_DIRECTION_20260913T053456Z/features/large/obqa/02083.npz,a7e6158bdb573dfae1019798534275019ae8454398c5fe3e0e13e341d4ec14db,8192,float32,ca2386f24d445258fc1244651ef6164bedaed16011ff4e7a0eff25b7fba9a542
large,obqa,14-1070,2084,4,$DATA_DIR/P2_E1_DIRECTION_20260913T053456Z/features/large/obqa/02084.npz,5f9639b266bdd5ab613f7eaa291ef598337acf63f488417fc8421a8c4e574bdd,8192,float32,ca2386f24d445258fc1244651ef6164bedaed16011ff4e7a0eff25b7fba9a542
large,obqa,14-1083,2085,4,$DATA_DIR/P2_E1_DIRECTION_20260913T053456Z/features/large/obqa/02085.npz,85b507a971866c9d7482db4c1a3ead7c4b3e79f7d9840e453ebfd90ef8831e4f,8192,float32,ca2386f24d445258fc1244651ef6164bedaed16011ff4e7a0eff25b7fba9a542
large,obqa,14-1102,2091,4,$DATA_DIR/P2_E1_DIRECTION_20260913T053456Z/features/large/obqa/02091.npz,fa4ec5af8f3985d49e8debc057f4c8789e28f2ec5e2fd1f0fcaf3826aa928312,8192,float32,ca2386f24d445258fc1244651ef6164bedaed16011ff4e7a0eff25b7fba9a542
large,obqa,14-1134,2099,4,$DATA_DIR/P2_E1_DIRECTION_20260913T053456Z/features/large/obqa/02099.npz,feed1ddddb20a54d255a64c5acca16164143137acac13b7e43e8c5ea509a6aca,8192,float32,ca2386f24d445258fc1244651ef6164bedaed16011ff4e7a0eff25b7fba9a542
large,obqa,14-1137,2100,4,$DATA_DIR/P2_E1_DIRECTION_20260913T053456Z/features/large/obqa/02100.npz,8c9ceb0027d0608725c4e06e9374422aeb11feae2abdaa59a2febfd1126d4c28,8192,float32,ca2386f24d445258fc1244651ef6164bedaed16011ff4e7a0eff25b7fba9a542
large,obqa,14-1138,2101,4,$DATA_DIR/P2_E1_DIRECTION_20260913T053456Z/features/large/obqa/02101.npz,e570ac16878c159da2c7232ad0664676211105a9a0793fcb84e28e55ea16588a,8192,float32,ca2386f24d445258fc1244651ef6164bedaed16011ff4e7a0eff25b7fba9a542
large,obqa,14-114,2102,4,$DATA_DIR/P2_E1_DIRECTION_20260913T053456Z/features/large/obqa/02102.npz,ced5a1168b5055ce937785961e0ea5f6c83c28c9f0dbb7ad4cdc16450de4f767,8192,float32,ca2386f24d445258fc1244651ef6164bedaed16011ff4e7a0eff25b7fba9a542
large,obqa,14-1141,2104,4,$DATA_DIR/P2_E1_DIRECTION_20260913T053456Z/features/large/obqa/02104.npz,b6e117229ad7906e7d3b6e771d27026597928fbaf1c7b32ae5ac003a4852753e,8192,float32,ca2386f24d445258fc1244651ef6164bedaed16011ff4e7a0eff25b7fba9a542
large,obqa,14-1151,2111,4,$DATA_DIR/P2_E1_DIRECTION_20260913T053456Z/features/large/obqa/02111.npz,2ed92712dd481ae6394ea52a28fdf36210cd7981c087c167bcf0d4c7a86b14c0,8192,float32,ca2386f24d445258fc1244651ef6164bedaed16011ff4e7a0eff25b7fba9a542
large,obqa,14-118,2125,4,$DATA_DIR/P2_E1_DIRECTION_20260913T053456Z/features/large/obqa/02125.npz,9225264d74dd4cf71f2fab3d781576ee5a20e6fc04d5d5144da66d33f853c5df,8192,float32,ca2386f24d445258fc1244651ef6164bedaed16011ff4e7a0eff25b7fba9a542
large,obqa,14-1184,2127,4,$DATA_DIR/P2_E1_DIRECTION_20260913T053456Z/features/large/obqa/02127.npz,03b17def3615c2753fa5ac0ca60621ca7e205d9e8b3312705bc7d995579d8f2a,8192,float32,ca2386f24d445258fc1244651ef6164bedaed16011ff4e7a0eff25b7fba9a542
large,obqa,14-1194,2129,4,$DATA_DIR/P2_E1_DIRECTION_20260913T053456Z/features/large/obqa/02129.npz,53cbe8f204e93e01ea83fabd623a8df6cd68a6422699511295e209673899f826,8192,float32,ca2386f24d445258fc1244651ef6164bedaed16011ff4e7a0eff25b7fba9a542
large,obqa,14-1225,2140,4,$DATA_DIR/P2_E1_DIRECTION_20260913T053456Z/features/large/obqa/02140.npz,70c12344d87f2fad9abdd5f688034ca86d40f9a0e43758a6d8ae3a3361f51657,8192,float32,ca2386f24d445258fc1244651ef6164bedaed16011ff4e7a0eff25b7fba9a542
large,obqa,14-1229,2142,4,$DATA_DIR/P2_E1_DIRECTION_20260913T053456Z/features/large/obqa/02142.npz,c64770845a2f528fac50e62678e76c79df53d309bd89d202b6fbf20c6cf5a97e,8192,float32,ca2386f24d445258fc1244651ef6164bedaed16011ff4e7a0eff25b7fba9a542
large,obqa,14-1231,2143,4,$DATA_DIR/P2_E1_DIRECTION_20260913T053456Z/features/large/obqa/02143.npz,c525c2b3221827cc4e4ee9066ae9decb69fdef1606c78cef0e306a04ca79fac8,8192,float32,ca2386f24d445258fc1244651ef6164bedaed16011ff4e7a0eff25b7fba9a542
large,obqa,14-1234,2144,4,$DATA_DIR/P2_E1_DIRECTION_20260913T053456Z/features/large/obqa/02144.npz,c8fc43526a2d6373a3ac8f82e9ce98a243901597e13c8afb0e2f1ba281078f8d,8192,float32,ca2386f24d445258fc1244651ef6164bedaed16011ff4e7a0eff25b7fba9a542
large,obqa,14-1252,2148,4,$DATA_DIR/P2_E1_DIRECTION_20260913T053456Z/features/large/obqa/02148.npz,8f438de49ac4484b9bc6247d221d5d4c46965de1bcacd6f93fa321ceef7932e0,8192,float32,ca2386f24d445258fc1244651ef6164bedaed16011ff4e7a0eff25b7fba9a542
large,obqa,14-1256,2149,4,$DATA_DIR/P2_E1_DIRECTION_20260913T053456Z/features/large/obqa/02149.npz,6a316d77cc9e6d49ee9d2e77434e7d4fb559a665a995127d82fa2a89454aac9c,8192,float32,ca2386f24d445258fc1244651ef6164bedaed16011ff4e7a0eff25b7fba9a542
large,obqa,14-1262,2152,4,$DATA_DIR/P2_E1_DIRECTION_20260913T053456Z/features/large/obqa/02152.npz,50cad0be7302b4706913b81bfd6ffa572b13fe916f51d102190882c1849b1d81,8192,float32,ca2386f24d445258fc1244651ef6164bedaed16011ff4e7a0eff25b7fba9a542
large,obqa,14-1274,2158,4,$DATA_DIR/P2_E1_DIRECTION_20260913T053456Z/features/large/obqa/02158.npz,75e6deaf43a1cfdb9cdd6f093366195518047edf03c570db031262bcdebbe3f0,8192,float32,ca2386f24d445258fc1244651ef6164bedaed16011ff4e7a0eff25b7fba9a542
large,obqa,14-1278,2161,4,$DATA_DIR/P2_E1_DIRECTION_20260913T053456Z/features/large/obqa/02161.npz,62249b446f0277880ce3c2025e48e0fcc701c4f21eee0c495a37abe3934fcc1d,8192,float32,ca2386f24d445258fc1244651ef6164bedaed16011ff4e7a0eff25b7fba9a542
large,obqa,14-1284,2164,4,$DATA_DIR/P2_E1_DIRECTION_20260913T053456Z/features/large/obqa/02164.npz,8bc0ffa19eea816a853fbe768acb267f034b2d7950dd1d025f0873a56a1a0dc9,8192,float32,ca2386f24d445258fc1244651ef6164bedaed16011ff4e7a0eff25b7fba9a542
large,obqa,14-1293,2168,4,$DATA_DIR/P2_E1_DIRECTION_20260913T053456Z/features/large/obqa/02168.npz,9cafca31fa7ed6f2a7f26c959f9aea7a5069cf6e5792df0c33a38eb6bcfde783,8192,float32,ca2386f24d445258fc1244651ef6164bedaed16011ff4e7a0eff25b7fba9a542
large,obqa,14-1294,2169,4,$DATA_DIR/P2_E1_DIRECTION_20260913T053456Z/features/large/obqa/02169.npz,54f71080de1e12a1a092e9acf3fbf5888663c1f986a8c1db5011f73091b3c35d,8192,float32,ca2386f24d445258fc1244651ef6164bedaed16011ff4e7a0eff25b7fba9a542
large,obqa,14-1322,2184,4,$DATA_DIR/P2_E1_DIRECTION_20260913T053456Z/features/large/obqa/02184.npz,8100e966459b57b90480cc1e34055e95dbf9832ec2002f17828421454ef3b857,8192,float32,ca2386f24d445258fc1244651ef6164bedaed16011ff4e7a0eff25b7fba9a542
large,obqa,14-1332,2189,4,$DATA_DIR/P2_E1_DIRECTION_20260913T053456Z/features/large/obqa/02189.npz,c967d35c00985b9c7dcf16033f4df1b9647d3565b158604c6f11a0b4063a4bae,8192,float32,ca2386f24d445258fc1244651ef6164bedaed16011ff4e7a0eff25b7fba9a542
large,obqa,14-1336,2192,4,$DATA_DIR/P2_E1_DIRECTION_20260913T053456Z/features/large/obqa/02192.npz,24fd232112e9d06ef4256adc30accdd8be41a3a6e8ad7f9ed6254894d9b017c0,8192,float32,ca2386f24d445258fc1244651ef6164bedaed16011ff4e7a0eff25b7fba9a542
large,obqa,14-135,2197,4,$DATA_DIR/P2_E1_DIRECTION_20260913T053456Z/features/large/obqa/02197.npz,16431ea14f15bfbc0250b9f9f5ea10a4debfb9a11e40118f32d52c80dc6e3de0,8192,float32,ca2386f24d445258fc1244651ef6164bedaed16011ff4e7a0eff25b7fba9a542
large,obqa,14-1356,2201,4,$DATA_DIR/P2_E1_DIRECTION_20260913T053456Z/features/large/obqa/02201.npz,b1678e8094f2b9be67b4775ae968c8b266dff9c40db2ae411d83d300310b1e52,8192,float32,ca2386f24d445258fc1244651ef6164bedaed16011ff4e7a0eff25b7fba9a542
large,obqa,14-1359,2204,4,$DATA_DIR/P2_E1_DIRECTION_20260913T053456Z/features/large/obqa/02204.npz,2e6cceecc61d06f9b6fb26c16a52b314abb6e80c18e8e624998735f2868b5ec0,8192,float32,ca2386f24d445258fc1244651ef6164bedaed16011ff4e7a0eff25b7fba9a542
large,obqa,14-1361,2205,4,$DATA_DIR/P2_E1_DIRECTION_20260913T053456Z/features/large/obqa/02205.npz,80af47d8dd48cc84bf9adb07b2eac7aeb2c6219bd9b51a1ed26cc57b000b69d4,8192,float32,ca2386f24d445258fc1244651ef6164bedaed16011ff4e7a0eff25b7fba9a542
large,obqa,14-1364,2207,4,$DATA_DIR/P2_E1_DIRECTION_20260913T053456Z/features/large/obqa/02207.npz,0c2aed2016ebed551f14d117de5ee8321610600b837cc347a19595cd363e603f,8192,float32,ca2386f24d445258fc1244651ef6164bedaed16011ff4e7a0eff25b7fba9a542
large,obqa,14-1367,2209,4,$DATA_DIR/P2_E1_DIRECTION_20260913T053456Z/features/large/obqa/02209.npz,bae946ae3eb1620625bfdb689c2f8c7df6c5700935604395061634d59a691631,8192,float32,ca2386f24d445258fc1244651ef6164bedaed16011ff4e7a0eff25b7fba9a542
large,obqa,14-1371,2212,4,$DATA_DIR/P2_E1_DIRECTION_20260913T053456Z/features/large/obqa/02212.npz,3e3ef4833ceb8bc8b439a3dc157386533c23bd0b3247535106132ec94aa85143,8192,float32,ca2386f24d445258fc1244651ef6164bedaed16011ff4e7a0eff25b7fba9a542
large,obqa,14-1372,2213,4,$DATA_DIR/P2_E1_DIRECTION_20260913T053456Z/features/large/obqa/02213.npz,e930a00e15a64abe1126cf53887b290b022adbaf2ddd858a5f40f9a7e75e08b2,8192,float32,ca2386f24d445258fc1244651ef6164bedaed16011ff4e7a0eff25b7fba9a542
large,obqa,14-1382,2216,4,$DATA_DIR/P2_E1_DIRECTION_20260913T053456Z/features/large/obqa/02216.npz,49941d2d76ccd26bf7f8b8e88c99065cf9631b38f1baa9cb1fef6f783117adb3,8192,float32,ca2386f24d445258fc1244651ef6164bedaed16011ff4e7a0eff25b7fba9a542
large,obqa,14-1385,2218,4,$DATA_DIR/P2_E1_DIRECTION_20260913T053456Z/features/large/obqa/02218.npz,4422cd80ea68bf6fc86d41d9519f4a73031619595974a5f8debf5b60d319f744,8192,float32,ca2386f24d445258fc1244651ef6164bedaed16011ff4e7a0eff25b7fba9a542
large,obqa,14-139,2220,4,$DATA_DIR/P2_E1_DIRECTION_20260913T053456Z/features/large/obqa/02220.npz,66e057173988e41562efce720d699f66b3e4ef077f8e46ca9917eacfa051cffc,8192,float32,ca2386f24d445258fc1244651ef6164bedaed16011ff4e7a0eff25b7fba9a542
large,obqa,14-1392,2222,4,$DATA_DIR/P2_E1_DIRECTION_20260913T053456Z/features/large/obqa/02222.npz,14c761987571d418c62524386d3f804311f817d599f017ac4f684bcc86a53d3e,8192,float32,ca2386f24d445258fc1244651ef6164bedaed16011ff4e7a0eff25b7fba9a542
large,obqa,14-1417,2234,4,$DATA_DIR/P2_E1_DIRECTION_20260913T053456Z/features/large/obqa/02234.npz,7b0b0d36e2d61e164ae0cc4847ff90b4b0236a8b0911b3b0f43bf0dfc40a1db6,8192,float32,ca2386f24d445258fc1244651ef6164bedaed16011ff4e7a0eff25b7fba9a542
large,obqa,14-1418,2235,4,$DATA_DIR/P2_E1_DIRECTION_20260913T053456Z/features/large/obqa/02235.npz,5c452663100a0b4feac99658a2ad5ca87bc24f98a0a96cb2575b8ad020dd1f27,8192,float32,ca2386f24d445258fc1244651ef6164bedaed16011ff4e7a0eff25b7fba9a542
large,obqa,14-1420,2237,4,$DATA_DIR/P2_E1_DIRECTION_20260913T053456Z/features/large/obqa/02237.npz,85eaf56d96b066426a03e67f8c3a2ccf43f46865df5a0238bcc44ea074ae5c39,8192,float32,ca2386f24d445258fc1244651ef6164bedaed16011ff4e7a0eff25b7fba9a542
large,obqa,14-1423,2239,4,$DATA_DIR/P2_E1_DIRECTION_20260913T053456Z/features/large/obqa/02239.npz,fff4e80123522db79e3ba596de591b94a918aeece12bd78546b76865e360077b,8192,float32,ca2386f24d445258fc1244651ef6164bedaed16011ff4e7a0eff25b7fba9a542
large,obqa,14-1449,2252,4,$DATA_DIR/P2_E1_DIRECTION_20260913T053456Z/features/large/obqa/02252.npz,0374124c168494c5d12b91a392c8c5bab565dd3404b02c03775d8135a9b7a8d2,8192,float32,ca2386f24d445258fc1244651ef6164bedaed16011ff4e7a0eff25b7fba9a542
large,obqa,14-1460,2257,4,$DATA_DIR/P2_E1_DIRECTION_20260913T053456Z/features/large/obqa/02257.npz,62dfbe0a08feba6ce7d5c12d15de559cc544bf2deb8dba5f6c668fe689f1b868,8192,float32,ca2386f24d445258fc1244651ef6164bedaed16011ff4e7a0eff25b7fba9a542
large,obqa,14-1468,2260,4,$DATA_DIR/P2_E1_DIRECTION_20260913T053456Z/features/large/obqa/02260.npz,4b27e7b557a0e41eca6ba8c384124546fd9f87148e18bd3dce132880aa1e8aa7,8192,float32,ca2386f24d445258fc1244651ef6164bedaed16011ff4e7a0eff25b7fba9a542
large,obqa,14-148,2266,4,$DATA_DIR/P2_E1_DIRECTION_20260913T053456Z/features/large/obqa/02266.npz,371eb8e9f2ef28fababe8833df96cf81b6df947130629b14676591e1c9d8afd1,8192,float32,ca2386f24d445258fc1244651ef6164bedaed16011ff4e7a0eff25b7fba9a542
large,obqa,14-1509,2279,4,$DATA_DIR/P2_E1_DIRECTION_20260913T053456Z/features/large/obqa/02279.npz,0241b30beb62a6144e62bf8c681749d49caf52d9220c53ac0ddcb7fe87228825,8192,float32,ca2386f24d445258fc1244651ef6164bedaed16011ff4e7a0eff25b7fba9a542
large,obqa,14-1510,2281,4,$DATA_DIR/P2_E1_DIRECTION_20260913T053456Z/features/large/obqa/02281.npz,23362d66979f1b72344aba13af11eacb2dc4dcea67076fc042c938a4f78522a9,8192,float32,ca2386f24d445258fc1244651ef6164bedaed16011ff4e7a0eff25b7fba9a542
large,obqa,14-1512,2283,4,$DATA_DIR/P2_E1_DIRECTION_20260913T053456Z/features/large/obqa/02283.npz,0228d7fc94f0ae70bb9f515083c36905494f857b3ac78365a070fe124b5b754e,8192,float32,ca2386f24d445258fc1244651ef6164bedaed16011ff4e7a0eff25b7fba9a542
large,obqa,14-152,2284,4,$DATA_DIR/P2_E1_DIRECTION_20260913T053456Z/features/large/obqa/02284.npz,2dbd85875c6db1a886ff7ef769f7d0ff9b13d05149bbf73e9ec382594f40e01f,8192,float32,ca2386f24d445258fc1244651ef6164bedaed16011ff4e7a0eff25b7fba9a542
large,obqa,14-165,2288,4,$DATA_DIR/P2_E1_DIRECTION_20260913T053456Z/features/large/obqa/02288.npz,359acd5099be335f3b93d9af8594b647d0a639ad5bbb390c4234997e04a2dc9f,8192,float32,ca2386f24d445258fc1244651ef6164bedaed16011ff4e7a0eff25b7fba9a542
large,obqa,14-17,2291,4,$DATA_DIR/P2_E1_DIRECTION_20260913T053456Z/features/large/obqa/02291.npz,b3d0a99f149976ad7d1cfac7853910b7d65b82173dbc90ee760feee2fdd1340b,8192,float32,ca2386f24d445258fc1244651ef6164bedaed16011ff4e7a0eff25b7fba9a542
large,obqa,14-172,2293,4,$DATA_DIR/P2_E1_DIRECTION_20260913T053456Z/features/large/obqa/02293.npz,19937a9e3766b986702fbe822c8ac921d2acea5eba62b8b0b7143319e39ecfff,8192,float32,ca2386f24d445258fc1244651ef6164bedaed16011ff4e7a0eff25b7fba9a542
large,obqa,14-196,2303,4,$DATA_DIR/P2_E1_DIRECTION_20260913T053456Z/features/large/obqa/02303.npz,4e53d0e18834f881af3bdb653305805abff450f01d5a460d7bd5f3a79b787383,8192,float32,ca2386f24d445258fc1244651ef6164bedaed16011ff4e7a0eff25b7fba9a542
large,obqa,14-220,2316,4,$DATA_DIR/P2_E1_DIRECTION_20260913T053456Z/features/large/obqa/02316.npz,76644402bb202feafce3ee5004cab1b9dc1a6436fc60c6f3442ef8d117bcbb45,8192,float32,ca2386f24d445258fc1244651ef6164bedaed16011ff4e7a0eff25b7fba9a542
large,obqa,14-234,2319,4,$DATA_DIR/P2_E1_DIRECTION_20260913T053456Z/features/large/obqa/02319.npz,afc5b7492ffd15ec4ad5bbb087a137fdae0b20b647351c31f2632e1365b2bcfa,8192,float32,ca2386f24d445258fc1244651ef6164bedaed16011ff4e7a0eff25b7fba9a542
large,obqa,14-238,2320,4,$DATA_DIR/P2_E1_DIRECTION_20260913T053456Z/features/large/obqa/02320.npz,f004f89e667d86cba2f5683fe87d3588d3841c895b656f9be021e81f498b6101,8192,float32,ca2386f24d445258fc1244651ef6164bedaed16011ff4e7a0eff25b7fba9a542
large,obqa,14-250,2325,4,$DATA_DIR/P2_E1_DIRECTION_20260913T053456Z/features/large/obqa/02325.npz,451f034cfa88cbe7a915cb08439d11b569ae7e0d58577e575826c1b848a2ec08,8192,float32,ca2386f24d445258fc1244651ef6164bedaed16011ff4e7a0eff25b7fba9a542
large,obqa,14-270,2333,4,$DATA_DIR/P2_E1_DIRECTION_20260913T053456Z/features/large/obqa/02333.npz,cdda81940a5d78e67e235a9cf3c96c9c8f7c5f154c2cb05ab0e64e6c49854940,8192,float32,ca2386f24d445258fc1244651ef6164bedaed16011ff4e7a0eff25b7fba9a542
large,obqa,14-323,2353,4,$DATA_DIR/P2_E1_DIRECTION_20260913T053456Z/features/large/obqa/02353.npz,f2fc74abcf582eab870c096067d35b9dc34c491a73b40d6fcd0a5ef2ec33ecc4,8192,float32,ca2386f24d445258fc1244651ef6164bedaed16011ff4e7a0eff25b7fba9a542
large,obqa,14-326,2356,4,$DATA_DIR/P2_E1_DIRECTION_20260913T053456Z/features/large/obqa/02356.npz,e7c918d31923fe2694d81b9e265583ed4952985ce2a77d24098519533ab50b1f,8192,float32,ca2386f24d445258fc1244651ef6164bedaed16011ff4e7a0eff25b7fba9a542
large,obqa,14-369,2371,4,$DATA_DIR/P2_E1_DIRECTION_20260913T053456Z/features/large/obqa/02371.npz,08e41e3553b724eea452e4b51db4f08b380e746eaf6424dc5d9842eb6f2760cf,8192,float32,ca2386f24d445258fc1244651ef6164bedaed16011ff4e7a0eff25b7fba9a542
large,obqa,14-381,2375,4,$DATA_DIR/P2_E1_DIRECTION_20260913T053456Z/features/large/obqa/02375.npz,b626367600eecd966e9e8cf29bd3eecfa39e9e18421c2d5df4f02c628a48db71,8192,float32,ca2386f24d445258fc1244651ef6164bedaed16011ff4e7a0eff25b7fba9a542
large,obqa,14-384,2378,4,$DATA_DIR/P2_E1_DIRECTION_20260913T053456Z/features/large/obqa/02378.npz,0501fc52a3515e44f14bab8e19bfa253ccb04ad119d8872c32934c5448cb2b0a,8192,float32,ca2386f24d445258fc1244651ef6164bedaed16011ff4e7a0eff25b7fba9a542
large,obqa,14-40,2385,4,$DATA_DIR/P2_E1_DIRECTION_20260913T053456Z/features/large/obqa/02385.npz,5a6c02d760b705a25bdc905a233b4391422f3f758f775f37db1ccf8f15cedc1f,8192,float32,ca2386f24d445258fc1244651ef6164bedaed16011ff4e7a0eff25b7fba9a542
large,obqa,14-404,2387,4,$DATA_DIR/P2_E1_DIRECTION_20260913T053456Z/features/large/obqa/02387.npz,79c252279631ab22761a65c458263fe6bf2e39be260f157a2e85201ce71f9ed9,8192,float32,ca2386f24d445258fc1244651ef6164bedaed16011ff4e7a0eff25b7fba9a542
large,obqa,14-428,2398,4,$DATA_DIR/P2_E1_DIRECTION_20260913T053456Z/features/large/obqa/02398.npz,08cfaf4081b49ab8c9ce2c9b18ba11b814b36ee0877061ec7add303caa8ac717,8192,float32,ca2386f24d445258fc1244651ef6164bedaed16011ff4e7a0eff25b7fba9a542
large,obqa,14-43,2399,4,$DATA_DIR/P2_E1_DIRECTION_20260913T053456Z/features/large/obqa/02399.npz,67b0b90fd258a57abad04b0afd4efa0324b6bd5c82704415e56fe8032e4e48d4,8192,float32,ca2386f24d445258fc1244651ef6164bedaed16011ff4e7a0eff25b7fba9a542
large,obqa,14-431,2400,4,$DATA_DIR/P2_E1_DIRECTION_20260913T053456Z/features/large/obqa/02400.npz,17f8f5867d2fc811c9b2d3aa7a055525408d137e3a13095d214ba2eedee3ba82,8192,float32,ca2386f24d445258fc1244651ef6164bedaed16011ff4e7a0eff25b7fba9a542
large,obqa,14-439,2403,4,$DATA_DIR/P2_E1_DIRECTION_20260913T053456Z/features/large/obqa/02403.npz,4bc124d7b4261c557e5fa561b73196be2fb6b760ff06f9f2836dc4c75af801df,8192,float32,ca2386f24d445258fc1244651ef6164bedaed16011ff4e7a0eff25b7fba9a542
large,obqa,14-44,2404,4,$DATA_DIR/P2_E1_DIRECTION_20260913T053456Z/features/large/obqa/02404.npz,dc5ceff459b7435de5099a082e14c13dce3f87c5e85f0c89f5ac62e55b5737bb,8192,float32,ca2386f24d445258fc1244651ef6164bedaed16011ff4e7a0eff25b7fba9a542
large,obqa,14-466,2413,4,$DATA_DIR/P2_E1_DIRECTION_20260913T053456Z/features/large/obqa/02413.npz,e3ec2aa547ea149e0e19bc04f21a0cb9493cf77cb5ffc203270af9e7f04628e0,8192,float32,ca2386f24d445258fc1244651ef6164bedaed16011ff4e7a0eff25b7fba9a542
large,obqa,14-473,2415,4,$DATA_DIR/P2_E1_DIRECTION_20260913T053456Z/features/large/obqa/02415.npz,1f22c09c7dc9f07339807fdfe316a0b5a175b29b8a929df78ca50fc598e8af04,8192,float32,ca2386f24d445258fc1244651ef6164bedaed16011ff4e7a0eff25b7fba9a542
large,obqa,14-480,2418,4,$DATA_DIR/P2_E1_DIRECTION_20260913T053456Z/features/large/obqa/02418.npz,1e4aac2e54a1e1b2c5860a2f33e2c29d58d479fb082284a6ebe3c8e15869b5c0,8192,float32,ca2386f24d445258fc1244651ef6164bedaed16011ff4e7a0eff25b7fba9a542
large,obqa,14-482,2419,4,$DATA_DIR/P2_E1_DIRECTION_20260913T053456Z/features/large/obqa/02419.npz,422cbb1f95bc3c1503d514437445b04438d97198d5ec8d79a0b3eeabe23aaf21,8192,float32,ca2386f24d445258fc1244651ef6164bedaed16011ff4e7a0eff25b7fba9a542
large,obqa,14-505,2428,4,$DATA_DIR/P2_E1_DIRECTION_20260913T053456Z/features/large/obqa/02428.npz,adb918e1eada4b2e276723c65326825423db6dfc0f28cf63f10e9ba591fca9e3,8192,float32,ca2386f24d445258fc1244651ef6164bedaed16011ff4e7a0eff25b7fba9a542
large,obqa,14-528,2436,4,$DATA_DIR/P2_E1_DIRECTION_20260913T053456Z/features/large/obqa/02436.npz,bea2f294589e4421e4552f54fe069a48b89a99b9948c0e9d39475d860fd91b22,8192,float32,ca2386f24d445258fc1244651ef6164bedaed16011ff4e7a0eff25b7fba9a542
large,obqa,14-53,2437,4,$DATA_DIR/P2_E1_DIRECTION_20260913T053456Z/features/large/obqa/02437.npz,6dcaf02790c0df8a3f4d2f3ae1cb895fb80da812a8bcb4adfd4fc4f693f047f3,8192,float32,ca2386f24d445258fc1244651ef6164bedaed16011ff4e7a0eff25b7fba9a542
large,obqa,14-538,2439,4,$DATA_DIR/P2_E1_DIRECTION_20260913T053456Z/features/large/obqa/02439.npz,fdd31f66ccef62ec6743a569a7386cba4068fde7f05b4bbdec61c303bf31ea02,8192,float32,ca2386f24d445258fc1244651ef6164bedaed16011ff4e7a0eff25b7fba9a542
large,obqa,14-540,2441,4,$DATA_DIR/P2_E1_DIRECTION_20260913T053456Z/features/large/obqa/02441.npz,6a45490535a7f7094a37fb3a3b3483a377443435c5c3f6fbbdb2d5750d72b49a,8192,float32,ca2386f24d445258fc1244651ef6164bedaed16011ff4e7a0eff25b7fba9a542
large,obqa,14-55,2445,4,$DATA_DIR/P2_E1_DIRECTION_20260913T053456Z/features/large/obqa/02445.npz,09b4f4e66c7ef21a97fd04ac7ecd8dacd139b0d1b859202e0b57e4d669adcc63,8192,float32,ca2386f24d445258fc1244651ef6164bedaed16011ff4e7a0eff25b7fba9a542
large,obqa,14-557,2450,4,$DATA_DIR/P2_E1_DIRECTION_20260913T053456Z/features/large/obqa/02450.npz,7a8913de99fb6a599f1d2b1529755d2e9b09beefa7e09a23876c3c6248aadd1c,8192,float32,ca2386f24d445258fc1244651ef6164bedaed16011ff4e7a0eff25b7fba9a542
large,obqa,14-568,2456,4,$DATA_DIR/P2_E1_DIRECTION_20260913T053456Z/features/large/obqa/02456.npz,1befe3d7b7996a96346c1da7b64edc9a63d215ea0aa155e8e45248ce9391359c,8192,float32,ca2386f24d445258fc1244651ef6164bedaed16011ff4e7a0eff25b7fba9a542
large,obqa,14-575,2461,4,$DATA_DIR/P2_E1_DIRECTION_20260913T053456Z/features/large/obqa/02461.npz,b645de809b0c8a8423d4e63655c3b54c5a219c4723fecd26b5a599f061d02e2a,8192,float32,ca2386f24d445258fc1244651ef6164bedaed16011ff4e7a0eff25b7fba9a542
large,obqa,14-581,2466,4,$DATA_DIR/P2_E1_DIRECTION_20260913T053456Z/features/large/obqa/02466.npz,90daefa4d13c2622efee3aaf1ddc743a258257e5012e3c79ea6821b33ec8a2d5,8192,float32,ca2386f24d445258fc1244651ef6164bedaed16011ff4e7a0eff25b7fba9a542
large,obqa,14-588,2467,4,$DATA_DIR/P2_E1_DIRECTION_20260913T053456Z/features/large/obqa/02467.npz,1d233b7b2978d4708fec3df64fcea8f985f84e0d7bc7918dc9dd906410f912aa,8192,float32,ca2386f24d445258fc1244651ef6164bedaed16011ff4e7a0eff25b7fba9a542
large,obqa,14-59,2468,4,$DATA_DIR/P2_E1_DIRECTION_20260913T053456Z/features/large/obqa/02468.npz,47731f0a0e1862c8e9e613e8a99e6d7a345d827d6e578beb22ca837c84cf33ee,8192,float32,ca2386f24d445258fc1244651ef6164bedaed16011ff4e7a0eff25b7fba9a542
large,obqa,14-619,2480,4,$DATA_DIR/P2_E1_DIRECTION_20260913T053456Z/features/large/obqa/02480.npz,110af66db00242d2db4c18ff1102cd9bcf94208d1a0f625c7091d7ae6b257480,8192,float32,ca2386f24d445258fc1244651ef6164bedaed16011ff4e7a0eff25b7fba9a542
large,obqa,14-625,2484,4,$DATA_DIR/P2_E1_DIRECTION_20260913T053456Z/features/large/obqa/02484.npz,e529dc3f11c55161c3289dd7025ac7c9cea670baebc50396fe8d9ca35c26b060,8192,float32,ca2386f24d445258fc1244651ef6164bedaed16011ff4e7a0eff25b7fba9a542
large,obqa,14-63,2485,4,$DATA_DIR/P2_E1_DIRECTION_20260913T053456Z/features/large/obqa/02485.npz,f9571e59aadc004e9a03bd5b35bdc9f7d06ec33b42d4e0c4201e2e8ca6d99314,8192,float32,ca2386f24d445258fc1244651ef6164bedaed16011ff4e7a0eff25b7fba9a542
large,obqa,14-636,2488,4,$DATA_DIR/P2_E1_DIRECTION_20260913T053456Z/features/large/obqa/02488.npz,92313d711048bdbea2235ff764fc0d61a965e585708bc80f674544c46b201d12,8192,float32,ca2386f24d445258fc1244651ef6164bedaed16011ff4e7a0eff25b7fba9a542
large,obqa,14-659,2498,4,$DATA_DIR/P2_E1_DIRECTION_20260913T053456Z/features/large/obqa/02498.npz,9c8eb79dadd99ddf401b7c7141a34f111c58e4a8ea12b6946151bbbc8146d237,8192,float32,ca2386f24d445258fc1244651ef6164bedaed16011ff4e7a0eff25b7fba9a542
large,obqa,14-667,2502,4,$DATA_DIR/P2_E1_DIRECTION_20260913T053456Z/features/large/obqa/02502.npz,0e05bb5baaa0ff1ce3624a885d9f1e948538fbf6b130e446c8ff3b8574f6a10f,8192,float32,ca2386f24d445258fc1244651ef6164bedaed16011ff4e7a0eff25b7fba9a542
large,obqa,14-699,2517,4,$DATA_DIR/P2_E1_DIRECTION_20260913T053456Z/features/large/obqa/02517.npz,b0f760b157c1dc3564135fdae22f06853e6d664c32d9ae434f42bc1941e3be3c,8192,float32,ca2386f24d445258fc1244651ef6164bedaed16011ff4e7a0eff25b7fba9a542
large,obqa,14-712,2526,4,$DATA_DIR/P2_E1_DIRECTION_20260913T053456Z/features/large/obqa/02526.npz,a9b80eb51e305d70f5d6cf477c767856f687a9f23663c8f24b7e2e85ce26de49,8192,float32,ca2386f24d445258fc1244651ef6164bedaed16011ff4e7a0eff25b7fba9a542
large,obqa,14-717,2528,4,$DATA_DIR/P2_E1_DIRECTION_20260913T053456Z/features/large/obqa/02528.npz,3c9be0e753e9510ebc013d6afc04b64db09a89f06b401562fa818a710cb433ee,8192,float32,ca2386f24d445258fc1244651ef6164bedaed16011ff4e7a0eff25b7fba9a542
large,obqa,14-719,2530,4,$DATA_DIR/P2_E1_DIRECTION_20260913T053456Z/features/large/obqa/02530.npz,4c0cc27f259935b9c7d3220314126384ad86398644e0855c48331608e4cad8d0,8192,float32,ca2386f24d445258fc1244651ef6164bedaed16011ff4e7a0eff25b7fba9a542
large,obqa,14-751,2543,4,$DATA_DIR/P2_E1_DIRECTION_20260913T053456Z/features/large/obqa/02543.npz,968d6150aef363e1816bdafad733f12a46ec3bd1f14b98215669e66a7bdb8554,8192,float32,ca2386f24d445258fc1244651ef6164bedaed16011ff4e7a0eff25b7fba9a542
large,obqa,14-787,2555,4,$DATA_DIR/P2_E1_DIRECTION_20260913T053456Z/features/large/obqa/02555.npz,002899fb4b5927959f3018e3ed0636100feedc51559c01fc4c6b8d18c9c51e9b,8192,float32,ca2386f24d445258fc1244651ef6164bedaed16011ff4e7a0eff25b7fba9a542
large,obqa,14-808,2563,4,$DATA_DIR/P2_E1_DIRECTION_20260913T053456Z/features/large/obqa/02563.npz,907b47ff272fd043bbc3229071053f66c24114b22807aa5f7406a29f56e7d125,8192,float32,ca2386f24d445258fc1244651ef6164bedaed16011ff4e7a0eff25b7fba9a542
large,obqa,14-819,2568,4,$DATA_DIR/P2_E1_DIRECTION_20260913T053456Z/features/large/obqa/02568.npz,e71b5ed9801960d5839da14257600951c57b099b7dde77534246914802ba8a43,8192,float32,ca2386f24d445258fc1244651ef6164bedaed16011ff4e7a0eff25b7fba9a542
large,obqa,14-828,2575,4,$DATA_DIR/P2_E1_DIRECTION_20260913T053456Z/features/large/obqa/02575.npz,d7484080f389885808a420c3987ddf053931f5b50bbd17cfe0f8cb533b0b050b,8192,float32,ca2386f24d445258fc1244651ef6164bedaed16011ff4e7a0eff25b7fba9a542
large,obqa,14-836,2577,4,$DATA_DIR/P2_E1_DIRECTION_20260913T053456Z/features/large/obqa/02577.npz,c7a7f5d6a7ff06990055bfa5e67f795c7b557129cec34094b257cb68724c425e,8192,float32,ca2386f24d445258fc1244651ef6164bedaed16011ff4e7a0eff25b7fba9a542
large,obqa,14-845,2581,4,$DATA_DIR/P2_E1_DIRECTION_20260913T053456Z/features/large/obqa/02581.npz,56ccfe9b30e389fef8fb3c5317784825d7802e29892673d49e107d19d066c756,8192,float32,ca2386f24d445258fc1244651ef6164bedaed16011ff4e7a0eff25b7fba9a542
large,obqa,14-892,2605,4,$DATA_DIR/P2_E1_DIRECTION_20260913T053456Z/features/large/obqa/02605.npz,a10ea7f82e88f315cba3109c4d9f3c38d6ab80e6e980c26e788d7c0a28fc6ad7,8192,float32,ca2386f24d445258fc1244651ef6164bedaed16011ff4e7a0eff25b7fba9a542
large,obqa,14-893,2606,4,$DATA_DIR/P2_E1_DIRECTION_20260913T053456Z/features/large/obqa/02606.npz,a227372fa0d6cf4acb33c601d8bb27cfbdd27e0911f574c3c2847fde43e9f7d3,8192,float32,ca2386f24d445258fc1244651ef6164bedaed16011ff4e7a0eff25b7fba9a542
large,obqa,14-90,2610,4,$DATA_DIR/P2_E1_DIRECTION_20260913T053456Z/features/large/obqa/02610.npz,ad7a9bcc6c992fff0673f12759ff1d3b6dbe1a660bc3cb7ea99b556b5f2d1ca4,8192,float32,ca2386f24d445258fc1244651ef6164bedaed16011ff4e7a0eff25b7fba9a542
large,obqa,14-918,2613,4,$DATA_DIR/P2_E1_DIRECTION_20260913T053456Z/features/large/obqa/02613.npz,bfdfd4a4ae99dc914eff29c87cc20b4905cdf89db166f1775a8789e48e35d901,8192,float32,ca2386f24d445258fc1244651ef6164bedaed16011ff4e7a0eff25b7fba9a542
large,obqa,14-922,2616,4,$DATA_DIR/P2_E1_DIRECTION_20260913T053456Z/features/large/obqa/02616.npz,f1e47da5f64a304da56aee1789a18d8cba0563b2811663ad95090a78a7a172b5,8192,float32,ca2386f24d445258fc1244651ef6164bedaed16011ff4e7a0eff25b7fba9a542
large,obqa,14-926,2620,4,$DATA_DIR/P2_E1_DIRECTION_20260913T053456Z/features/large/obqa/02620.npz,045e085942bdff883342e183f8e2506618b1e2ad274bcaa1c42e9e17e176ed60,8192,float32,ca2386f24d445258fc1244651ef6164bedaed16011ff4e7a0eff25b7fba9a542
large,obqa,14-93,2623,4,$DATA_DIR/P2_E1_DIRECTION_20260913T053456Z/features/large/obqa/02623.npz,26b5d5f53c5435fc38827c0c5556ab1b315a2c6f0d1d5eefab7efe2f6cffc0b1,8192,float32,ca2386f24d445258fc1244651ef6164bedaed16011ff4e7a0eff25b7fba9a542
large,obqa,14-936,2626,4,$DATA_DIR/P2_E1_DIRECTION_20260913T053456Z/features/large/obqa/02626.npz,9aba9c8512c0ea0e5d977a72c930a0e368bc7c02c17d0c1b8190ff388d3ad389,8192,float32,ca2386f24d445258fc1244651ef6164bedaed16011ff4e7a0eff25b7fba9a542
large,obqa,14-939,2629,4,$DATA_DIR/P2_E1_DIRECTION_20260913T053456Z/features/large/obqa/02629.npz,06c314622c959aa6558b1da888c6f2103b4944c678577079fe1ee23227889d2b,8192,float32,ca2386f24d445258fc1244651ef6164bedaed16011ff4e7a0eff25b7fba9a542
large,obqa,14-95,2632,4,$DATA_DIR/P2_E1_DIRECTION_20260913T053456Z/features/large/obqa/02632.npz,beb27d0ba8943237f36ae8c72896de8298a525769be6499e9a8c56d04e869875,8192,float32,ca2386f24d445258fc1244651ef6164bedaed16011ff4e7a0eff25b7fba9a542
large,obqa,14-951,2634,4,$DATA_DIR/P2_E1_DIRECTION_20260913T053456Z/features/large/obqa/02634.npz,6c42bd4a38ef49280507f4363b9c500f48ee7c16158e0ff308223058e8f9394e,8192,float32,ca2386f24d445258fc1244651ef6164bedaed16011ff4e7a0eff25b7fba9a542
large,obqa,14-965,2642,4,$DATA_DIR/P2_E1_DIRECTION_20260913T053456Z/features/large/obqa/02642.npz,4d774df606b0402acea1bea785a4d47350676c69f2f364fb5be789c711ce8d22,8192,float32,ca2386f24d445258fc1244651ef6164bedaed16011ff4e7a0eff25b7fba9a542
large,obqa,14-967,2644,4,$DATA_DIR/P2_E1_DIRECTION_20260913T053456Z/features/large/obqa/02644.npz,176ed2ea89a469c16ec83cf19e10b3dc72c6a38025eb6865abb8d4eedf1be836,8192,float32,ca2386f24d445258fc1244651ef6164bedaed16011ff4e7a0eff25b7fba9a542
large,obqa,14-974,2648,4,$DATA_DIR/P2_E1_DIRECTION_20260913T053456Z/features/large/obqa/02648.npz,5fb8243b765e580e03ebcee8a83e85bec55071fd9b3ca9a11dcaca39c1f67886,8192,float32,ca2386f24d445258fc1244651ef6164bedaed16011ff4e7a0eff25b7fba9a542
large,obqa,14-981,2650,4,$DATA_DIR/P2_E1_DIRECTION_20260913T053456Z/features/large/obqa/02650.npz,b3b4bb473d8a80815e2019f748a02f403ef4d8b1f5ff64ecbb633aa6993f750c,8192,float32,ca2386f24d445258fc1244651ef6164bedaed16011ff4e7a0eff25b7fba9a542
large,obqa,14-999,2660,4,$DATA_DIR/P2_E1_DIRECTION_20260913T053456Z/features/large/obqa/02660.npz,e36f065a6e37e4f710e737cde1f6afb5003f3b1eb29c1f0e7f21d2bd9e0a8f64,8192,float32,ca2386f24d445258fc1244651ef6164bedaed16011ff4e7a0eff25b7fba9a542
large,obqa,1442,2670,4,$DATA_DIR/P2_E1_DIRECTION_20260913T053456Z/features/large/obqa/02670.npz,787b36bf27bbfa0b08210209bec2fa8acb3a4ecc1d4a01517386659617b3f4bd,8192,float32,ca2386f24d445258fc1244651ef6164bedaed16011ff4e7a0eff25b7fba9a542
large,obqa,1466,2673,4,$DATA_DIR/P2_E1_DIRECTION_20260913T053456Z/features/large/obqa/02673.npz,a69efab7116960e7677608704c8504d4c0bd0362b4d38d60aa38c844cdc790f8,8192,float32,ca2386f24d445258fc1244651ef6164bedaed16011ff4e7a0eff25b7fba9a542
large,obqa,1573,2688,4,$DATA_DIR/P2_E1_DIRECTION_20260913T053456Z/features/large/obqa/02688.npz,df6f20dc2acb9039f7d6c306e7e7e34541322456173c78d6d3ecc6bcfee3f697,8192,float32,ca2386f24d445258fc1244651ef6164bedaed16011ff4e7a0eff25b7fba9a542
large,obqa,1591,2692,4,$DATA_DIR/P2_E1_DIRECTION_20260913T053456Z/features/large/obqa/02692.npz,84720f878ce9802bbd1a47dc43ca763d46cf515aa0c54ff4ca95153a8a177c84,8192,float32,ca2386f24d445258fc1244651ef6164bedaed16011ff4e7a0eff25b7fba9a542
large,obqa,161,2693,4,$DATA_DIR/P2_E1_DIRECTION_20260913T053456Z/features/large/obqa/02693.npz,7bab5d4c7c1b4987a9de2f1ffbd8da31fc4895d8eb882458266888d94083668e,8192,float32,ca2386f24d445258fc1244651ef6164bedaed16011ff4e7a0eff25b7fba9a542
large,obqa,1640,2694,4,$DATA_DIR/P2_E1_DIRECTION_20260913T053456Z/features/large/obqa/02694.npz,2bb882b9caebf06681198356dd47973f0c4dba059d8c00b743f9ad971b1d7f41,8192,float32,ca2386f24d445258fc1244651ef6164bedaed16011ff4e7a0eff25b7fba9a542
large,obqa,1646,2696,4,$DATA_DIR/P2_E1_DIRECTION_20260913T053456Z/features/large/obqa/02696.npz,48db85b78b614e096e7163bf0fc9172fdb47ec79ec81efb96441025c97acefe5,8192,float32,ca2386f24d445258fc1244651ef6164bedaed16011ff4e7a0eff25b7fba9a542
large,obqa,1703,2704,4,$DATA_DIR/P2_E1_DIRECTION_20260913T053456Z/features/large/obqa/02704.npz,b130524a7ec0ea1fc6e9cf5e2625e9582344330bd80ffb02b4e264ecc5f90b85,8192,float32,ca2386f24d445258fc1244651ef6164bedaed16011ff4e7a0eff25b7fba9a542
large,obqa,172,2706,4,$DATA_DIR/P2_E1_DIRECTION_20260913T053456Z/features/large/obqa/02706.npz,4f9d703dcf1468b2f3b86bbb084956c9ea8fe2492f5e89cb53f7161ef6879382,8192,float32,ca2386f24d445258fc1244651ef6164bedaed16011ff4e7a0eff25b7fba9a542
large,obqa,1875,2725,4,$DATA_DIR/P2_E1_DIRECTION_20260913T053456Z/features/large/obqa/02725.npz,475842ca189a553f9c44746bdbfb65eb184218b71f32aec2efb43a49966c6c18,8192,float32,ca2386f24d445258fc1244651ef6164bedaed16011ff4e7a0eff25b7fba9a542
large,obqa,1885,2729,4,$DATA_DIR/P2_E1_DIRECTION_20260913T053456Z/features/large/obqa/02729.npz,39111f8d56f9d3eda65027e97904c63b7be94647075dd64eff03d803e4d29018,8192,float32,ca2386f24d445258fc1244651ef6164bedaed16011ff4e7a0eff25b7fba9a542
large,obqa,1929,2735,4,$DATA_DIR/P2_E1_DIRECTION_20260913T053456Z/features/large/obqa/02735.npz,cade593ab601e6459edef585c0ffcdfe348cace11f39a5914fac9d5f6bc54508,8192,float32,ca2386f24d445258fc1244651ef6164bedaed16011ff4e7a0eff25b7fba9a542
large,obqa,1938,2737,4,$DATA_DIR/P2_E1_DIRECTION_20260913T053456Z/features/large/obqa/02737.npz,6791d868f6e229b84674bb9a338d80a6c9c872d539af5256a3dbc00bded25c8d,8192,float32,ca2386f24d445258fc1244651ef6164bedaed16011ff4e7a0eff25b7fba9a542
large,obqa,1989,2744,4,$DATA_DIR/P2_E1_DIRECTION_20260913T053456Z/features/large/obqa/02744.npz,24a790b3d626c811432713539ad1ada8f6b6cd18999d0ba488d9ee738084d09a,8192,float32,ca2386f24d445258fc1244651ef6164bedaed16011ff4e7a0eff25b7fba9a542
large,obqa,207,2750,4,$DATA_DIR/P2_E1_DIRECTION_20260913T053456Z/features/large/obqa/02750.npz,a00727ddc910356a3025cee80644d219450d25b89da970117d5eba09d10ac60e,8192,float32,ca2386f24d445258fc1244651ef6164bedaed16011ff4e7a0eff25b7fba9a542
large,obqa,252,2756,4,$DATA_DIR/P2_E1_DIRECTION_20260913T053456Z/features/large/obqa/02756.npz,06955468a5dcda16939c6ad14153043571451354cc976fd2494d85f8642c3c07,8192,float32,ca2386f24d445258fc1244651ef6164bedaed16011ff4e7a0eff25b7fba9a542
large,obqa,288,2763,4,$DATA_DIR/P2_E1_DIRECTION_20260913T053456Z/features/large/obqa/02763.npz,c30b20c980b7f1490a49a81297f86ae8a8448de4ce787a3c6a34e66c1a2520bb,8192,float32,ca2386f24d445258fc1244651ef6164bedaed16011ff4e7a0eff25b7fba9a542
large,obqa,299,2764,4,$DATA_DIR/P2_E1_DIRECTION_20260913T053456Z/features/large/obqa/02764.npz,9eb6db1f2133ddf13d043a16867c2d4930c071c7ca98fe104345e8af48dd0157,8192,float32,ca2386f24d445258fc1244651ef6164bedaed16011ff4e7a0eff25b7fba9a542
large,obqa,306,2767,4,$DATA_DIR/P2_E1_DIRECTION_20260913T053456Z/features/large/obqa/02767.npz,8adbdd3979375b9eb94a6ecb75c0a047346f5b7f748db054a58b95d58afed74d,8192,float32,ca2386f24d445258fc1244651ef6164bedaed16011ff4e7a0eff25b7fba9a542
large,obqa,334,2772,4,$DATA_DIR/P2_E1_DIRECTION_20260913T053456Z/features/large/obqa/02772.npz,c14360b64a88a8b88097ad5f9b757a2d77f6140aec3cc0df4f646360bfdcfce2,8192,float32,ca2386f24d445258fc1244651ef6164bedaed16011ff4e7a0eff25b7fba9a542
large,obqa,336,2773,4,$DATA_DIR/P2_E1_DIRECTION_20260913T053456Z/features/large/obqa/02773.npz,b45d47e83f6bf56d877173304ff5a0b6d4cf31d992002ee3f6768c67625b9c77,8192,float32,ca2386f24d445258fc1244651ef6164bedaed16011ff4e7a0eff25b7fba9a542
large,obqa,370,2777,4,$DATA_DIR/P2_E1_DIRECTION_20260913T053456Z/features/large/obqa/02777.npz,ea92b0522ff52b4fd858feee23bb70a4e61099e8fd1126b43602c1a3eb957d7b,8192,float32,ca2386f24d445258fc1244651ef6164bedaed16011ff4e7a0eff25b7fba9a542
large,obqa,384,2778,4,$DATA_DIR/P2_E1_DIRECTION_20260913T053456Z/features/large/obqa/02778.npz,e51ecdc858f2ccb54e4bd95f658d12d8ffb26bfd01cfe4962c15b41f57f6932c,8192,float32,ca2386f24d445258fc1244651ef6164bedaed16011ff4e7a0eff25b7fba9a542
large,obqa,396,2779,4,$DATA_DIR/P2_E1_DIRECTION_20260913T053456Z/features/large/obqa/02779.npz,276404c0cecffa23dfd7cadedecaa2f3fe879abf7607fd38b931a470d39e5871,8192,float32,ca2386f24d445258fc1244651ef6164bedaed16011ff4e7a0eff25b7fba9a542
large,obqa,506,2787,4,$DATA_DIR/P2_E1_DIRECTION_20260913T053456Z/features/large/obqa/02787.npz,a4065b0582c5bf0e97a087e072fa47c367e68e6588ecb8721fd357fd3f1fcffd,8192,float32,ca2386f24d445258fc1244651ef6164bedaed16011ff4e7a0eff25b7fba9a542
large,obqa,564,2791,4,$DATA_DIR/P2_E1_DIRECTION_20260913T053456Z/features/large/obqa/02791.npz,2da3ed33df7df277e22b670a555a46db7c727358d82ac7d0f81b50f7a61ad268,8192,float32,ca2386f24d445258fc1244651ef6164bedaed16011ff4e7a0eff25b7fba9a542
large,obqa,588,2798,4,$DATA_DIR/P2_E1_DIRECTION_20260913T053456Z/features/large/obqa/02798.npz,86bb60bcff2ea4ef7f39d415b34b2cf65cc8818e2abdfe7b7be3c20c83335291,8192,float32,ca2386f24d445258fc1244651ef6164bedaed16011ff4e7a0eff25b7fba9a542
large,obqa,595,2800,4,$DATA_DIR/P2_E1_DIRECTION_20260913T053456Z/features/large/obqa/02800.npz,a9f72953d306d0e08a7f4acf151ebbef60da68891bf8715d112a80694f631bc3,8192,float32,ca2386f24d445258fc1244651ef6164bedaed16011ff4e7a0eff25b7fba9a542
large,obqa,608,2801,4,$DATA_DIR/P2_E1_DIRECTION_20260913T053456Z/features/large/obqa/02801.npz,6e7f237bcaadc68d992a10ad24624ea10590e79bb646582a937931c6884d7e61,8192,float32,ca2386f24d445258fc1244651ef6164bedaed16011ff4e7a0eff25b7fba9a542
large,obqa,619,2802,4,$DATA_DIR/P2_E1_DIRECTION_20260913T053456Z/features/large/obqa/02802.npz,3ebd6d461ab00b65a908b0458fb45495a6b601d71fda786c3421f1186ad96dc2,8192,float32,ca2386f24d445258fc1244651ef6164bedaed16011ff4e7a0eff25b7fba9a542
large,obqa,7-1029,2816,4,$DATA_DIR/P2_E1_DIRECTION_20260913T053456Z/features/large/obqa/02816.npz,cd366da2e4c129e66117513963683f9f4908420308e440972bbb1c3dfc7b10ca,8192,float32,ca2386f24d445258fc1244651ef6164bedaed16011ff4e7a0eff25b7fba9a542
large,obqa,7-1037,2817,4,$DATA_DIR/P2_E1_DIRECTION_20260913T053456Z/features/large/obqa/02817.npz,56bc8bac44f8b6e99f6b11f667926ee58fb299fc2be1ac13a887199256dada01,8192,float32,ca2386f24d445258fc1244651ef6164bedaed16011ff4e7a0eff25b7fba9a542
large,obqa,7-1070,2822,4,$DATA_DIR/P2_E1_DIRECTION_20260913T053456Z/features/large/obqa/02822.npz,36cc8cf01ae3b4c5e5db4be09d6b61814bccbf600491d99510c876d6b94e3018,8192,float32,ca2386f24d445258fc1244651ef6164bedaed16011ff4e7a0eff25b7fba9a542
large,obqa,7-1073,2823,4,$DATA_DIR/P2_E1_DIRECTION_20260913T053456Z/features/large/obqa/02823.npz,e3ab900f8a36bd6442a8bdc70e53c6130b9b4812fa0cf1f2c77265550eabed5f,8192,float32,ca2386f24d445258fc1244651ef6164bedaed16011ff4e7a0eff25b7fba9a542
large,obqa,7-1079,2824,4,$DATA_DIR/P2_E1_DIRECTION_20260913T053456Z/features/large/obqa/02824.npz,3fc6b74211dd2dd0ddb2b3c469dee1d838bfdc84d970cfd7b9f36bb5352bf90e,8192,float32,ca2386f24d445258fc1244651ef6164bedaed16011ff4e7a0eff25b7fba9a542
large,obqa,7-110,2835,4,$DATA_DIR/P2_E1_DIRECTION_20260913T053456Z/features/large/obqa/02835.npz,89520e27226f6a4f83083090ed3b770db6e7299665d710227b3f8a72a9322c77,8192,float32,ca2386f24d445258fc1244651ef6164bedaed16011ff4e7a0eff25b7fba9a542
large,obqa,7-1136,2844,4,$DATA_DIR/P2_E1_DIRECTION_20260913T053456Z/features/large/obqa/02844.npz,8331512fbd366a71570a99c9f4748f65c7b673d9773e988c0c46414fc3b67d2a,8192,float32,ca2386f24d445258fc1244651ef6164bedaed16011ff4e7a0eff25b7fba9a542
large,obqa,7-145,2864,4,$DATA_DIR/P2_E1_DIRECTION_20260913T053456Z/features/large/obqa/02864.npz,1e1570df682d99250af62a862ad3ddec830a76ffab9583aad8e3f3797df1f34d,8192,float32,ca2386f24d445258fc1244651ef6164bedaed16011ff4e7a0eff25b7fba9a542
large,obqa,7-16,2866,4,$DATA_DIR/P2_E1_DIRECTION_20260913T053456Z/features/large/obqa/02866.npz,8cb7b8412bc69fe088687c795b6804d0cf77be40250a3ee87f420e08c5bd528a,8192,float32,ca2386f24d445258fc1244651ef6164bedaed16011ff4e7a0eff25b7fba9a542
large,obqa,7-192,2874,4,$DATA_DIR/P2_E1_DIRECTION_20260913T053456Z/features/large/obqa/02874.npz,995e7c3a3eb057683a06420dfdadca568e5d92ac16c56a32d249019d6412f6a6,8192,float32,ca2386f24d445258fc1244651ef6164bedaed16011ff4e7a0eff25b7fba9a542
large,obqa,7-21,2876,4,$DATA_DIR/P2_E1_DIRECTION_20260913T053456Z/features/large/obqa/02876.npz,dd9035d56033eb47656ace955aea54865dd90b5cfda78f471e87d98513056212,8192,float32,ca2386f24d445258fc1244651ef6164bedaed16011ff4e7a0eff25b7fba9a542
large,obqa,7-224,2878,4,$DATA_DIR/P2_E1_DIRECTION_20260913T053456Z/features/large/obqa/02878.npz,7be6b78f23c77c9f4ad1455cf15693bb6c17117f3d1ce57b0f017df1cda24201,8192,float32,ca2386f24d445258fc1244651ef6164bedaed16011ff4e7a0eff25b7fba9a542
large,obqa,7-233,2879,4,$DATA_DIR/P2_E1_DIRECTION_20260913T053456Z/features/large/obqa/02879.npz,7a5718f8defc4d8b8ba9b4c105d0d050e163941c86e95e807f027d29d24958a1,8192,float32,ca2386f24d445258fc1244651ef6164bedaed16011ff4e7a0eff25b7fba9a542
large,obqa,7-332,2901,4,$DATA_DIR/P2_E1_DIRECTION_20260913T053456Z/features/large/obqa/02901.npz,5f5f95d5fb082d8538cd0e2d329612e0ec6ff70587039da6d620313337b121c5,8192,float32,ca2386f24d445258fc1244651ef6164bedaed16011ff4e7a0eff25b7fba9a542
large,obqa,7-405,2914,4,$DATA_DIR/P2_E1_DIRECTION_20260913T053456Z/features/large/obqa/02914.npz,f5a7f0f68693a169286d1116752d2326b452c52cb6db417d13fdb01cfef008a9,8192,float32,ca2386f24d445258fc1244651ef6164bedaed16011ff4e7a0eff25b7fba9a542
large,obqa,7-412,2918,4,$DATA_DIR/P2_E1_DIRECTION_20260913T053456Z/features/large/obqa/02918.npz,68f3f8fec4ea8a965a27cf323eb0829dc23d8e3ac006ce5c2aa87d40732747be,8192,float32,ca2386f24d445258fc1244651ef6164bedaed16011ff4e7a0eff25b7fba9a542
large,obqa,7-421,2923,4,$DATA_DIR/P2_E1_DIRECTION_20260913T053456Z/features/large/obqa/02923.npz,3716f302b3ea846b574796a2b1f390dfcbce3cd8384d3716e1008bfda5ee9cee,8192,float32,ca2386f24d445258fc1244651ef6164bedaed16011ff4e7a0eff25b7fba9a542
large,obqa,7-447,2929,4,$DATA_DIR/P2_E1_DIRECTION_20260913T053456Z/features/large/obqa/02929.npz,09ab120c146f1598c36241ffc32d87cd75dbc00b110788dbe9ffa236ac757da7,8192,float32,ca2386f24d445258fc1244651ef6164bedaed16011ff4e7a0eff25b7fba9a542
large,obqa,7-513,2943,4,$DATA_DIR/P2_E1_DIRECTION_20260913T053456Z/features/large/obqa/02943.npz,5ad34892873a0eaadd5e37cc0a884ef77e89045851481573fe372b9618421f7b,8192,float32,ca2386f24d445258fc1244651ef6164bedaed16011ff4e7a0eff25b7fba9a542
large,obqa,7-514,2944,4,$DATA_DIR/P2_E1_DIRECTION_20260913T053456Z/features/large/obqa/02944.npz,dac00e6b1003b528b4eba414852d4511dce0ef61d6c3f470f515cdb45502d1d0,8192,float32,ca2386f24d445258fc1244651ef6164bedaed16011ff4e7a0eff25b7fba9a542
large,obqa,7-542,2951,4,$DATA_DIR/P2_E1_DIRECTION_20260913T053456Z/features/large/obqa/02951.npz,40864a5d76b66bc24e1d27f4562dc2cbb89e79fb4e39e2901bc46b6e15524f08,8192,float32,ca2386f24d445258fc1244651ef6164bedaed16011ff4e7a0eff25b7fba9a542
large,obqa,7-632,2972,4,$DATA_DIR/P2_E1_DIRECTION_20260913T053456Z/features/large/obqa/02972.npz,12f55c0f4554187d34002dbc568f74859d113d5b4843730ead741f4258dfb168,8192,float32,ca2386f24d445258fc1244651ef6164bedaed16011ff4e7a0eff25b7fba9a542
large,obqa,7-64,2973,4,$DATA_DIR/P2_E1_DIRECTION_20260913T053456Z/features/large/obqa/02973.npz,731ab02c08c5a3f1ef516e2565960698753a8fa92876dec73bc072ee570f68ae,8192,float32,ca2386f24d445258fc1244651ef6164bedaed16011ff4e7a0eff25b7fba9a542
large,obqa,7-666,2977,4,$DATA_DIR/P2_E1_DIRECTION_20260913T053456Z/features/large/obqa/02977.npz,7a852dcfb1343c24e235a21080f9309a2dd6c668085f60a17b4eefd6f575faed,8192,float32,ca2386f24d445258fc1244651ef6164bedaed16011ff4e7a0eff25b7fba9a542
large,obqa,7-670,2978,4,$DATA_DIR/P2_E1_DIRECTION_20260913T053456Z/features/large/obqa/02978.npz,fcbc631de6605e6f920b01b1cac1f46fb4d836581b0af06ebe7aedb1092889c9,8192,float32,ca2386f24d445258fc1244651ef6164bedaed16011ff4e7a0eff25b7fba9a542
large,obqa,7-74,2994,4,$DATA_DIR/P2_E1_DIRECTION_20260913T053456Z/features/large/obqa/02994.npz,384d1a4291210a36bf57c76ecbdc8b07bd76e103be64ebf3e295c3c6bce88726,8192,float32,ca2386f24d445258fc1244651ef6164bedaed16011ff4e7a0eff25b7fba9a542
large,obqa,7-741,2995,4,$DATA_DIR/P2_E1_DIRECTION_20260913T053456Z/features/large/obqa/02995.npz,19ccc1dcefff46dea0d8abbfba34cee143857b998bf3c1f2f4d36d31b3237fcd,8192,float32,ca2386f24d445258fc1244651ef6164bedaed16011ff4e7a0eff25b7fba9a542
large,obqa,7-745,2999,4,$DATA_DIR/P2_E1_DIRECTION_20260913T053456Z/features/large/obqa/02999.npz,ff59e6f27a69e6357c2cdfabffa3f86a6d1cbbcfbe5d913b8dc1fa5c1894b095,8192,float32,ca2386f24d445258fc1244651ef6164bedaed16011ff4e7a0eff25b7fba9a542
large,obqa,7-749,3001,4,$DATA_DIR/P2_E1_DIRECTION_20260913T053456Z/features/large/obqa/03001.npz,fd99a695bde22f1b01733e50f6ad318ba08ee47e48732158dc508a237d699396,8192,float32,ca2386f24d445258fc1244651ef6164bedaed16011ff4e7a0eff25b7fba9a542
large,obqa,7-752,3003,4,$DATA_DIR/P2_E1_DIRECTION_20260913T053456Z/features/large/obqa/03003.npz,e6bf768966ec7a8309962bc01681e6bd0539c8104fc6e7cebe0ac0e68f34ffb6,8192,float32,ca2386f24d445258fc1244651ef6164bedaed16011ff4e7a0eff25b7fba9a542
large,obqa,7-754,3004,4,$DATA_DIR/P2_E1_DIRECTION_20260913T053456Z/features/large/obqa/03004.npz,21a084d92f78bf4bc248a709e44338f1b0461eb284d7d1961a242e8fd73fc3ca,8192,float32,ca2386f24d445258fc1244651ef6164bedaed16011ff4e7a0eff25b7fba9a542
large,obqa,7-770,3007,4,$DATA_DIR/P2_E1_DIRECTION_20260913T053456Z/features/large/obqa/03007.npz,957b251bc6689b2e2353d57d4414f54bad871b2028cb1634a4e996a4caa24a58,8192,float32,ca2386f24d445258fc1244651ef6164bedaed16011ff4e7a0eff25b7fba9a542
large,obqa,7-774,3008,4,$DATA_DIR/P2_E1_DIRECTION_20260913T053456Z/features/large/obqa/03008.npz,55a6a805c33eeeee1b5c9a005c52924d445aba1437f97dd46d4637dc5a09b706,8192,float32,ca2386f24d445258fc1244651ef6164bedaed16011ff4e7a0eff25b7fba9a542
large,obqa,7-784,3012,4,$DATA_DIR/P2_E1_DIRECTION_20260913T053456Z/features/large/obqa/03012.npz,9cfd9a704cc33c964d1bc7826882142e05fbf323cfc99aa804651c7f2b5237b8,8192,float32,ca2386f24d445258fc1244651ef6164bedaed16011ff4e7a0eff25b7fba9a542
large,obqa,7-816,3018,4,$DATA_DIR/P2_E1_DIRECTION_20260913T053456Z/features/large/obqa/03018.npz,cc600dfa9b307c2c342e4aefc5aa72f50db616ac948017fd52b7b35cd58a3108,8192,float32,ca2386f24d445258fc1244651ef6164bedaed16011ff4e7a0eff25b7fba9a542
large,obqa,7-822,3019,4,$DATA_DIR/P2_E1_DIRECTION_20260913T053456Z/features/large/obqa/03019.npz,3e9be5644a6e8a6ddca76ce531c23dc0f7f4e9c0b29af5340c4445008d2b7b0e,8192,float32,ca2386f24d445258fc1244651ef6164bedaed16011ff4e7a0eff25b7fba9a542
large,obqa,7-883,3031,4,$DATA_DIR/P2_E1_DIRECTION_20260913T053456Z/features/large/obqa/03031.npz,195774b31c6d1b51059b192f6f20e113da41fae49c0dea5f0b140d8ad8eb264f,8192,float32,ca2386f24d445258fc1244651ef6164bedaed16011ff4e7a0eff25b7fba9a542
large,obqa,7-950,3047,4,$DATA_DIR/P2_E1_DIRECTION_20260913T053456Z/features/large/obqa/03047.npz,f62cb2c557f4b43f6aa666d80244a7204d98264a42a06981770e73811b3c1201,8192,float32,ca2386f24d445258fc1244651ef6164bedaed16011ff4e7a0eff25b7fba9a542
large,obqa,7-958,3049,4,$DATA_DIR/P2_E1_DIRECTION_20260913T053456Z/features/large/obqa/03049.npz,d66f3c62188f9ffccc9c0cc8875bab336c032632dcc53f6cf667fbf09dabbabe,8192,float32,ca2386f24d445258fc1244651ef6164bedaed16011ff4e7a0eff25b7fba9a542
large,obqa,7-980,3052,4,$DATA_DIR/P2_E1_DIRECTION_20260913T053456Z/features/large/obqa/03052.npz,04957a7beaa65d08c03f147b6a285ab18d67bd659a08b20f25c45f9832108205,8192,float32,ca2386f24d445258fc1244651ef6164bedaed16011ff4e7a0eff25b7fba9a542
large,obqa,707,3056,4,$DATA_DIR/P2_E1_DIRECTION_20260913T053456Z/features/large/obqa/03056.npz,0059a5dbdb991cfb68c88b71ff14b217eeeb020f1103816a362189489659d1da,8192,float32,ca2386f24d445258fc1244651ef6164bedaed16011ff4e7a0eff25b7fba9a542
large,obqa,752,3065,4,$DATA_DIR/P2_E1_DIRECTION_20260913T053456Z/features/large/obqa/03065.npz,11e8ba38d47d607dfcb654f30f9f31c8f9693c9bc1d5644c11db6588e03a6f27,8192,float32,ca2386f24d445258fc1244651ef6164bedaed16011ff4e7a0eff25b7fba9a542
large,obqa,76,3066,4,$DATA_DIR/P2_E1_DIRECTION_20260913T053456Z/features/large/obqa/03066.npz,03c9ac0210f0bf6b0d3b38e645f3ea7f12a7333ea73225946e426f75a21155fb,8192,float32,ca2386f24d445258fc1244651ef6164bedaed16011ff4e7a0eff25b7fba9a542
large,obqa,768,3067,4,$DATA_DIR/P2_E1_DIRECTION_20260913T053456Z/features/large/obqa/03067.npz,38a9394eb2aa1e96c0322d7e04daf7ce27e1e1427c6e75818cd75b0fc53e00e1,8192,float32,ca2386f24d445258fc1244651ef6164bedaed16011ff4e7a0eff25b7fba9a542
large,obqa,779,3071,4,$DATA_DIR/P2_E1_DIRECTION_20260913T053456Z/features/large/obqa/03071.npz,e737cbb85f97a629b555890f28d904f2e32182f13b936ba1c3424fe315c579da,8192,float32,ca2386f24d445258fc1244651ef6164bedaed16011ff4e7a0eff25b7fba9a542
large,obqa,8-105,3078,4,$DATA_DIR/P2_E1_DIRECTION_20260913T053456Z/features/large/obqa/03078.npz,3f0bfca6eafea80fc5e45f72e5c61e9785ffbc6ad3a2e88287515f94b8b82acf,8192,float32,ca2386f24d445258fc1244651ef6164bedaed16011ff4e7a0eff25b7fba9a542
large,obqa,8-137,3083,4,$DATA_DIR/P2_E1_DIRECTION_20260913T053456Z/features/large/obqa/03083.npz,652257647e7a212fc42b66f88556cb22358f3e429c319f4290c8aee77019dd17,8192,float32,ca2386f24d445258fc1244651ef6164bedaed16011ff4e7a0eff25b7fba9a542
large,obqa,8-178,3095,4,$DATA_DIR/P2_E1_DIRECTION_20260913T053456Z/features/large/obqa/03095.npz,b9d38afe8b7ea8a67c6b7321b332b9ca84c080b1f33d009c7ab81f9cdc33c5ed,8192,float32,ca2386f24d445258fc1244651ef6164bedaed16011ff4e7a0eff25b7fba9a542
large,obqa,8-187,3097,4,$DATA_DIR/P2_E1_DIRECTION_20260913T053456Z/features/large/obqa/03097.npz,9b0e362dc0eeefea20001cdbbc1c23c8aae81f9f4e9b58592952057d83fa5cfe,8192,float32,ca2386f24d445258fc1244651ef6164bedaed16011ff4e7a0eff25b7fba9a542
large,obqa,8-207,3100,4,$DATA_DIR/P2_E1_DIRECTION_20260913T053456Z/features/large/obqa/03100.npz,c6ab3b151eb1600c886c70a1f593bf1522d0391910ed01e988b458f4b5e08e36,8192,float32,ca2386f24d445258fc1244651ef6164bedaed16011ff4e7a0eff25b7fba9a542
large,obqa,8-215,3105,4,$DATA_DIR/P2_E1_DIRECTION_20260913T053456Z/features/large/obqa/03105.npz,5a7f1f1ab4b3bb507f659994da8640658bf2248169873b09171c8b9a1df51129,8192,float32,ca2386f24d445258fc1244651ef6164bedaed16011ff4e7a0eff25b7fba9a542
large,obqa,8-243,3112,4,$DATA_DIR/P2_E1_DIRECTION_20260913T053456Z/features/large/obqa/03112.npz,fdf454924c87f3b7be8bab160829488509198f8479f16bcf6d36cffd251e5ece,8192,float32,ca2386f24d445258fc1244651ef6164bedaed16011ff4e7a0eff25b7fba9a542
large,obqa,8-252,3114,4,$DATA_DIR/P2_E1_DIRECTION_20260913T053456Z/features/large/obqa/03114.npz,bcd00da9d6ca68d80a89a4cb69ff6420169982e5e9ce60b55baad93c078d8616,8192,float32,ca2386f24d445258fc1244651ef6164bedaed16011ff4e7a0eff25b7fba9a542
large,obqa,8-297,3125,4,$DATA_DIR/P2_E1_DIRECTION_20260913T053456Z/features/large/obqa/03125.npz,ad6a774209c93c3d9a0a4cef6eb9df4acf31e1ef21c3bd31eba71fbd59f7508d,8192,float32,ca2386f24d445258fc1244651ef6164bedaed16011ff4e7a0eff25b7fba9a542
large,obqa,8-300,3127,4,$DATA_DIR/P2_E1_DIRECTION_20260913T053456Z/features/large/obqa/03127.npz,0a3e67655586d2194eb7856fb1f923666e7e48c7af6c6864a8ba7cf03f7e185f,8192,float32,ca2386f24d445258fc1244651ef6164bedaed16011ff4e7a0eff25b7fba9a542
large,obqa,8-313,3130,4,$DATA_DIR/P2_E1_DIRECTION_20260913T053456Z/features/large/obqa/03130.npz,270b3cd0d4f15794152e4ee653d08787fa4a9003d5ca13880aa894cd4f632a4a,8192,float32,ca2386f24d445258fc1244651ef6164bedaed16011ff4e7a0eff25b7fba9a542
large,obqa,8-360,3141,4,$DATA_DIR/P2_E1_DIRECTION_20260913T053456Z/features/large/obqa/03141.npz,990613f28595b65f5bf07702355dffd8c314e65d739067eb1b76e0e54c2e3dc7,8192,float32,ca2386f24d445258fc1244651ef6164bedaed16011ff4e7a0eff25b7fba9a542
large,obqa,8-377,3143,4,$DATA_DIR/P2_E1_DIRECTION_20260913T053456Z/features/large/obqa/03143.npz,d058afa953f17324c2be491c6b72ebf7511dedf84ee0aa765de6f3edfd20094f,8192,float32,ca2386f24d445258fc1244651ef6164bedaed16011ff4e7a0eff25b7fba9a542
large,obqa,8-383,3144,4,$DATA_DIR/P2_E1_DIRECTION_20260913T053456Z/features/large/obqa/03144.npz,37a20e6e144583c5f19ab615620162a74b50436de9025bff04de394ff0df601f,8192,float32,ca2386f24d445258fc1244651ef6164bedaed16011ff4e7a0eff25b7fba9a542
large,obqa,8-40,3149,4,$DATA_DIR/P2_E1_DIRECTION_20260913T053456Z/features/large/obqa/03149.npz,4545b59f9f3d0b8f07a36ce451d12bd17be78619bf1a12e7d42b8b523b9e4f02,8192,float32,ca2386f24d445258fc1244651ef6164bedaed16011ff4e7a0eff25b7fba9a542
large,obqa,8-413,3152,4,$DATA_DIR/P2_E1_DIRECTION_20260913T053456Z/features/large/obqa/03152.npz,0276060ed658d9e3310043daeaa108fc6df4c15cf7be5e898cc65a9c4e767c65,8192,float32,ca2386f24d445258fc1244651ef6164bedaed16011ff4e7a0eff25b7fba9a542
large,obqa,8-432,3158,4,$DATA_DIR/P2_E1_DIRECTION_20260913T053456Z/features/large/obqa/03158.npz,d027c860956e0c7637731c81abc1a4b773699caa984742b7fed92cdd42e86d54,8192,float32,ca2386f24d445258fc1244651ef6164bedaed16011ff4e7a0eff25b7fba9a542
large,obqa,8-433,3159,4,$DATA_DIR/P2_E1_DIRECTION_20260913T053456Z/features/large/obqa/03159.npz,f592ebf93394cf2c3a6c7c0129fd08aacffee7dc7a982c7a46c9d5431fcd23bf,8192,float32,ca2386f24d445258fc1244651ef6164bedaed16011ff4e7a0eff25b7fba9a542
large,obqa,8-439,3161,4,$DATA_DIR/P2_E1_DIRECTION_20260913T053456Z/features/large/obqa/03161.npz,0af947438ef2db4c9ae257c6894a79c07c3b293a16fc40cd2b291f8b8958a896,8192,float32,ca2386f24d445258fc1244651ef6164bedaed16011ff4e7a0eff25b7fba9a542
large,obqa,8-462,3167,4,$DATA_DIR/P2_E1_DIRECTION_20260913T053456Z/features/large/obqa/03167.npz,e036cadf882f11820baa73869ca51d2301e13c4cf094e8b7aeb08c1776177ad3,8192,float32,ca2386f24d445258fc1244651ef6164bedaed16011ff4e7a0eff25b7fba9a542
large,obqa,8-480,3171,4,$DATA_DIR/P2_E1_DIRECTION_20260913T053456Z/features/large/obqa/03171.npz,af679ae0d807defee13b67ad5e5ae276f58340075de470eb032d743e4eea0a46,8192,float32,ca2386f24d445258fc1244651ef6164bedaed16011ff4e7a0eff25b7fba9a542
large,obqa,8-485,3173,4,$DATA_DIR/P2_E1_DIRECTION_20260913T053456Z/features/large/obqa/03173.npz,69126062a6a9cd7473970bbd6828dff1cd29526819517f567e008d6b00a21aad,8192,float32,ca2386f24d445258fc1244651ef6164bedaed16011ff4e7a0eff25b7fba9a542
large,obqa,8-99,3189,4,$DATA_DIR/P2_E1_DIRECTION_20260913T053456Z/features/large/obqa/03189.npz,a0060a8108eb050e23ca6c9699d14cecb83f0254550f763b0b5b9ea8531f56c1,8192,float32,ca2386f24d445258fc1244651ef6164bedaed16011ff4e7a0eff25b7fba9a542
large,obqa,800,3190,4,$DATA_DIR/P2_E1_DIRECTION_20260913T053456Z/features/large/obqa/03190.npz,feaf278f5173213f24dcd457b34eae73e308bbd8b0a105029bdc1bf954569ffa,8192,float32,ca2386f24d445258fc1244651ef6164bedaed16011ff4e7a0eff25b7fba9a542
large,obqa,814,3192,4,$DATA_DIR/P2_E1_DIRECTION_20260913T053456Z/features/large/obqa/03192.npz,6ca04168ba82cdda3d74accc27163a5eb79084eb46dcf2dcc1f638f6ac27ce2f,8192,float32,ca2386f24d445258fc1244651ef6164bedaed16011ff4e7a0eff25b7fba9a542
large,obqa,864,3204,4,$DATA_DIR/P2_E1_DIRECTION_20260913T053456Z/features/large/obqa/03204.npz,e8be61a166bead5bd109de19f324b60bd378049024870887df06f7391fed74ae,8192,float32,ca2386f24d445258fc1244651ef6164bedaed16011ff4e7a0eff25b7fba9a542
large,obqa,890,3210,4,$DATA_DIR/P2_E1_DIRECTION_20260913T053456Z/features/large/obqa/03210.npz,38c265c647e1e26699db1368e9fa85d51937be963b94f28010ed3ca1f71c8cd2,8192,float32,ca2386f24d445258fc1244651ef6164bedaed16011ff4e7a0eff25b7fba9a542
large,obqa,9-10,3213,4,$DATA_DIR/P2_E1_DIRECTION_20260913T053456Z/features/large/obqa/03213.npz,fa9471c6bce6c3294e4230fa3ada3f5c2c748da06c6cb999c0c10358f4104f0f,8192,float32,ca2386f24d445258fc1244651ef6164bedaed16011ff4e7a0eff25b7fba9a542
large,obqa,9-1006,3214,4,$DATA_DIR/P2_E1_DIRECTION_20260913T053456Z/features/large/obqa/03214.npz,e8b01594a1e3ef09b62055d8dc4daa688ba172e47550964947b1c3c67d55ae55,8192,float32,ca2386f24d445258fc1244651ef6164bedaed16011ff4e7a0eff25b7fba9a542
large,obqa,9-1095,3232,4,$DATA_DIR/P2_E1_DIRECTION_20260913T053456Z/features/large/obqa/03232.npz,14cfed6c9e304447776b26162f84b9554faef8c78d036d03e44b114c7338a633,8192,float32,ca2386f24d445258fc1244651ef6164bedaed16011ff4e7a0eff25b7fba9a542
large,obqa,9-1127,3239,4,$DATA_DIR/P2_E1_DIRECTION_20260913T053456Z/features/large/obqa/03239.npz,d4b10d174e2fc49ba9d3bca7dbb933d9250fb7c4f069f984fd180f00c338d8b6,8192,float32,ca2386f24d445258fc1244651ef6164bedaed16011ff4e7a0eff25b7fba9a542
large,obqa,9-1157,3248,4,$DATA_DIR/P2_E1_DIRECTION_20260913T053456Z/features/large/obqa/03248.npz,99176b9af6529f9f9693015f5cbcb4118abceb8222cebba5fb8fd5e4a443c426,8192,float32,ca2386f24d445258fc1244651ef6164bedaed16011ff4e7a0eff25b7fba9a542
large,obqa,9-1171,3251,4,$DATA_DIR/P2_E1_DIRECTION_20260913T053456Z/features/large/obqa/03251.npz,7495ab3144f113a963bece892ad76c51a05a7f3b2a70d28c8fe2a7e92ec402f9,8192,float32,ca2386f24d445258fc1244651ef6164bedaed16011ff4e7a0eff25b7fba9a542
large,obqa,9-128,3260,4,$DATA_DIR/P2_E1_DIRECTION_20260913T053456Z/features/large/obqa/03260.npz,5b455b1f07615c466c3a3e13e925be0607189acc18aee04a5eadb1936f7a6a7b,8192,float32,ca2386f24d445258fc1244651ef6164bedaed16011ff4e7a0eff25b7fba9a542
large,obqa,9-140,3265,4,$DATA_DIR/P2_E1_DIRECTION_20260913T053456Z/features/large/obqa/03265.npz,00edacb8879a9be1011f1d2f830f1dd0f10dbfe6f49f3f8425c5ec05a62c7e69,8192,float32,ca2386f24d445258fc1244651ef6164bedaed16011ff4e7a0eff25b7fba9a542
large,obqa,9-170,3270,4,$DATA_DIR/P2_E1_DIRECTION_20260913T053456Z/features/large/obqa/03270.npz,8dccdfb38efa36c78f2aa3107aec444b2fec4fdd1effc7840c2612901473a3c0,8192,float32,ca2386f24d445258fc1244651ef6164bedaed16011ff4e7a0eff25b7fba9a542
large,obqa,9-182,3277,4,$DATA_DIR/P2_E1_DIRECTION_20260913T053456Z/features/large/obqa/03277.npz,6554c375db6daadef9b77c56bfcb4c5cf28edae64022e817cb7f6cb6393e5e0d,8192,float32,ca2386f24d445258fc1244651ef6164bedaed16011ff4e7a0eff25b7fba9a542
large,obqa,9-200,3281,4,$DATA_DIR/P2_E1_DIRECTION_20260913T053456Z/features/large/obqa/03281.npz,67a609103d580dcd5f65105f7373366f25f4b61e8aaf43b0421ec01533ac2ee4,8192,float32,ca2386f24d445258fc1244651ef6164bedaed16011ff4e7a0eff25b7fba9a542
large,obqa,9-208,3283,4,$DATA_DIR/P2_E1_DIRECTION_20260913T053456Z/features/large/obqa/03283.npz,5a40bc1df91c074661814f0d738a0aa9b27210e4fc76ec63dcc510d066cc1190,8192,float32,ca2386f24d445258fc1244651ef6164bedaed16011ff4e7a0eff25b7fba9a542
large,obqa,9-209,3284,4,$DATA_DIR/P2_E1_DIRECTION_20260913T053456Z/features/large/obqa/03284.npz,2331ed3291607a91435d35d783cb109cec8e7af0ba5e0c99b9a25b630428a0bf,8192,float32,ca2386f24d445258fc1244651ef6164bedaed16011ff4e7a0eff25b7fba9a542
large,obqa,9-213,3286,4,$DATA_DIR/P2_E1_DIRECTION_20260913T053456Z/features/large/obqa/03286.npz,40aa5e2585bcb0beb97459e725563262fda06599430be50388d3f41bd9ec9266,8192,float32,ca2386f24d445258fc1244651ef6164bedaed16011ff4e7a0eff25b7fba9a542
large,obqa,9-232,3289,4,$DATA_DIR/P2_E1_DIRECTION_20260913T053456Z/features/large/obqa/03289.npz,21a1d4db2d46d7fba64b3b40e0e1d7a492c640f79f4f857f5b5dbd2cd01840ed,8192,float32,ca2386f24d445258fc1244651ef6164bedaed16011ff4e7a0eff25b7fba9a542
large,obqa,9-233,3290,4,$DATA_DIR/P2_E1_DIRECTION_20260913T053456Z/features/large/obqa/03290.npz,3715c29a01cddee934e19a0c8acddd31e7fceec23206c536775578f0eb9dc966,8192,float32,ca2386f24d445258fc1244651ef6164bedaed16011ff4e7a0eff25b7fba9a542
large,obqa,9-243,3293,4,$DATA_DIR/P2_E1_DIRECTION_20260913T053456Z/features/large/obqa/03293.npz,78a01a7f84425193426955ab8272a331e594c316f59c396ecb7bda9f8ac75852,8192,float32,ca2386f24d445258fc1244651ef6164bedaed16011ff4e7a0eff25b7fba9a542
large,obqa,9-293,3302,4,$DATA_DIR/P2_E1_DIRECTION_20260913T053456Z/features/large/obqa/03302.npz,be5b0dba8ba20bf5a977b443304bbbbe67bdfdd710d98d19d8ef9ba8678e5367,8192,float32,ca2386f24d445258fc1244651ef6164bedaed16011ff4e7a0eff25b7fba9a542
large,obqa,9-314,3307,4,$DATA_DIR/P2_E1_DIRECTION_20260913T053456Z/features/large/obqa/03307.npz,8bd63cf2555b01575abd6f7635c1a6e9a1042d7a1f0fc69e0c6402b810b7436c,8192,float32,ca2386f24d445258fc1244651ef6164bedaed16011ff4e7a0eff25b7fba9a542
large,obqa,9-343,3312,4,$DATA_DIR/P2_E1_DIRECTION_20260913T053456Z/features/large/obqa/03312.npz,8508e52f9787920ae967acb89b0bed5070c7a1cdfc77ec7f767ec6de4f1f284f,8192,float32,ca2386f24d445258fc1244651ef6164bedaed16011ff4e7a0eff25b7fba9a542
large,obqa,9-388,3322,4,$DATA_DIR/P2_E1_DIRECTION_20260913T053456Z/features/large/obqa/03322.npz,e59a2e78cad6ac71af52cacd55ac231cbbf089b764b0fa97fb00bf666118bfc7,8192,float32,ca2386f24d445258fc1244651ef6164bedaed16011ff4e7a0eff25b7fba9a542
large,obqa,9-412,3328,4,$DATA_DIR/P2_E1_DIRECTION_20260913T053456Z/features/large/obqa/03328.npz,65e469eef0661233909c039417d18315fede2058137ea58dc9dc0952a263b402,8192,float32,ca2386f24d445258fc1244651ef6164bedaed16011ff4e7a0eff25b7fba9a542
large,obqa,9-439,3332,4,$DATA_DIR/P2_E1_DIRECTION_20260913T053456Z/features/large/obqa/03332.npz,9d0acf36aa836708f2a21bd8f948d98cc5d6145303d84e5fe5403e881436130a,8192,float32,ca2386f24d445258fc1244651ef6164bedaed16011ff4e7a0eff25b7fba9a542
large,obqa,9-444,3336,4,$DATA_DIR/P2_E1_DIRECTION_20260913T053456Z/features/large/obqa/03336.npz,b7d61b27d7abb32a3fdb5fcd35ebbc9185a0bf053e784091f3fb9db84cd97bde,8192,float32,ca2386f24d445258fc1244651ef6164bedaed16011ff4e7a0eff25b7fba9a542
large,obqa,9-45,3339,4,$DATA_DIR/P2_E1_DIRECTION_20260913T053456Z/features/large/obqa/03339.npz,d8123507149333620a51ebe99e91755a16d449545b478f4f2fcb38f0faf688ee,8192,float32,ca2386f24d445258fc1244651ef6164bedaed16011ff4e7a0eff25b7fba9a542
large,obqa,9-465,3342,4,$DATA_DIR/P2_E1_DIRECTION_20260913T053456Z/features/large/obqa/03342.npz,19da38e0a6980f68a8c806c3b70a47da2ff8cf26549dbd8310e3caf3521f41df,8192,float32,ca2386f24d445258fc1244651ef6164bedaed16011ff4e7a0eff25b7fba9a542
large,obqa,9-486,3346,4,$DATA_DIR/P2_E1_DIRECTION_20260913T053456Z/features/large/obqa/03346.npz,3b3adcc81ef98a1ce078035619bb4e5193835a66028e44dd9eca7d7008341053,8192,float32,ca2386f24d445258fc1244651ef6164bedaed16011ff4e7a0eff25b7fba9a542
large,obqa,9-495,3349,4,$DATA_DIR/P2_E1_DIRECTION_20260913T053456Z/features/large/obqa/03349.npz,6dc9fa900dc9551338fa9bd5d71399b2054fa5a8d06c65497bff9529a06fb956,8192,float32,ca2386f24d445258fc1244651ef6164bedaed16011ff4e7a0eff25b7fba9a542
large,obqa,9-5,3352,4,$DATA_DIR/P2_E1_DIRECTION_20260913T053456Z/features/large/obqa/03352.npz,2a9aaa80dba62f4dc2c395a118d3678412b2eaa95c29ad0a3522b74be3df27de,8192,float32,ca2386f24d445258fc1244651ef6164bedaed16011ff4e7a0eff25b7fba9a542
large,obqa,9-512,3353,4,$DATA_DIR/P2_E1_DIRECTION_20260913T053456Z/features/large/obqa/03353.npz,4b71179fcaea743580d9cffc4fe3efaf6098bdaea274ad68ef78ee836b62c99d,8192,float32,ca2386f24d445258fc1244651ef6164bedaed16011ff4e7a0eff25b7fba9a542
large,obqa,9-536,3357,4,$DATA_DIR/P2_E1_DIRECTION_20260913T053456Z/features/large/obqa/03357.npz,634f96c887d7845f5b30fdf6ea90fc8f3f741023f42c77f64f42e59d31806b40,8192,float32,ca2386f24d445258fc1244651ef6164bedaed16011ff4e7a0eff25b7fba9a542
large,obqa,9-546,3359,4,$DATA_DIR/P2_E1_DIRECTION_20260913T053456Z/features/large/obqa/03359.npz,93f254d344c233837080e2aa4fa7339d2510d8de094bfd58def24e76d680c023,8192,float32,ca2386f24d445258fc1244651ef6164bedaed16011ff4e7a0eff25b7fba9a542
large,obqa,9-568,3362,4,$DATA_DIR/P2_E1_DIRECTION_20260913T053456Z/features/large/obqa/03362.npz,b57e0c7346529cf68beb3d2f6323ef960b6f7140532c7d5e0d3c1e5391eceeaf,8192,float32,ca2386f24d445258fc1244651ef6164bedaed16011ff4e7a0eff25b7fba9a542
large,obqa,9-599,3364,4,$DATA_DIR/P2_E1_DIRECTION_20260913T053456Z/features/large/obqa/03364.npz,075d26fd83f6654331dcae093735d9e3d59a2eea60cd31f00094c1c4a6e71810,8192,float32,ca2386f24d445258fc1244651ef6164bedaed16011ff4e7a0eff25b7fba9a542
large,obqa,9-601,3365,4,$DATA_DIR/P2_E1_DIRECTION_20260913T053456Z/features/large/obqa/03365.npz,782dbd521429ca7482c71f8009196fabca287a9a97b26eb63e6a5dd03d90e89a,8192,float32,ca2386f24d445258fc1244651ef6164bedaed16011ff4e7a0eff25b7fba9a542
large,obqa,9-651,3380,4,$DATA_DIR/P2_E1_DIRECTION_20260913T053456Z/features/large/obqa/03380.npz,94740ce43e18e4cc2289b98ee8599c5526902fc9bfb2ff7694ecb64a583a07a6,8192,float32,ca2386f24d445258fc1244651ef6164bedaed16011ff4e7a0eff25b7fba9a542
large,obqa,9-672,3385,4,$DATA_DIR/P2_E1_DIRECTION_20260913T053456Z/features/large/obqa/03385.npz,b789c478509a6496d634acd274d5329673ce570e4d0f95f092eec98d8e53c3fb,8192,float32,ca2386f24d445258fc1244651ef6164bedaed16011ff4e7a0eff25b7fba9a542
large,obqa,9-721,3393,4,$DATA_DIR/P2_E1_DIRECTION_20260913T053456Z/features/large/obqa/03393.npz,2e28dff3bc2913fbbe69449a35675452f748d41752e48c2d0281ef014e23d87e,8192,float32,ca2386f24d445258fc1244651ef6164bedaed16011ff4e7a0eff25b7fba9a542
large,obqa,9-734,3397,4,$DATA_DIR/P2_E1_DIRECTION_20260913T053456Z/features/large/obqa/03397.npz,b1752b852cff1c324a4182df88e53f47a88d272e7aa4f78f166ea6ca762ee55f,8192,float32,ca2386f24d445258fc1244651ef6164bedaed16011ff4e7a0eff25b7fba9a542
large,obqa,9-742,3399,4,$DATA_DIR/P2_E1_DIRECTION_20260913T053456Z/features/large/obqa/03399.npz,411e57f0c56a995228afe17c600420e9ec77ee689401853257e70e86de64fad1,8192,float32,ca2386f24d445258fc1244651ef6164bedaed16011ff4e7a0eff25b7fba9a542
large,obqa,9-769,3406,4,$DATA_DIR/P2_E1_DIRECTION_20260913T053456Z/features/large/obqa/03406.npz,600d738452ad08661bfff18e74ad340b4aadf31942d67a7f7811e0e00586e4f7,8192,float32,ca2386f24d445258fc1244651ef6164bedaed16011ff4e7a0eff25b7fba9a542
large,obqa,9-773,3408,4,$DATA_DIR/P2_E1_DIRECTION_20260913T053456Z/features/large/obqa/03408.npz,d1f11b3ea3eb579fd7431d5b1ee5f0137013bd8da075cafc42c1945eb1b5a274,8192,float32,ca2386f24d445258fc1244651ef6164bedaed16011ff4e7a0eff25b7fba9a542
large,obqa,9-829,3418,4,$DATA_DIR/P2_E1_DIRECTION_20260913T053456Z/features/large/obqa/03418.npz,249476beffbc984fafef8e0700f036eeec61b14fbd08579e04df12439a14d9c7,8192,float32,ca2386f24d445258fc1244651ef6164bedaed16011ff4e7a0eff25b7fba9a542
large,obqa,9-836,3420,4,$DATA_DIR/P2_E1_DIRECTION_20260913T053456Z/features/large/obqa/03420.npz,056dbc61f689ac0c8d5876c768d9258ac1091b21a3402efbeaadaeafb4e568f8,8192,float32,ca2386f24d445258fc1244651ef6164bedaed16011ff4e7a0eff25b7fba9a542
large,obqa,9-880,3431,4,$DATA_DIR/P2_E1_DIRECTION_20260913T053456Z/features/large/obqa/03431.npz,c33ace8018ba930858b4c1f9ed68f51c8c20d5eecb97316142dd5059660a1344,8192,float32,ca2386f24d445258fc1244651ef6164bedaed16011ff4e7a0eff25b7fba9a542
large,obqa,9-90,3435,4,$DATA_DIR/P2_E1_DIRECTION_20260913T053456Z/features/large/obqa/03435.npz,f235ac0752f84389fa9ad07f6b4b4691350ae47f99f93cf6d7413bac10ca7350,8192,float32,ca2386f24d445258fc1244651ef6164bedaed16011ff4e7a0eff25b7fba9a542
large,obqa,9-936,3443,4,$DATA_DIR/P2_E1_DIRECTION_20260913T053456Z/features/large/obqa/03443.npz,b75609bb9a5d5c0b60f237023cdf953b44ca5b5accc312afd9fe5e41df542848,8192,float32,ca2386f24d445258fc1244651ef6164bedaed16011ff4e7a0eff25b7fba9a542
large,obqa,9-939,3445,4,$DATA_DIR/P2_E1_DIRECTION_20260913T053456Z/features/large/obqa/03445.npz,e4b2a951113c6a638a13526b8086db8bab7de5a16b4f676d5dd6f1ed831b7057,8192,float32,ca2386f24d445258fc1244651ef6164bedaed16011ff4e7a0eff25b7fba9a542
large,obqa,9-946,3446,4,$DATA_DIR/P2_E1_DIRECTION_20260913T053456Z/features/large/obqa/03446.npz,bcc4cb517a5227ee1d6d6b91c0e1ec5f50f104c387ea36fbc98f2ca5ccba543e,8192,float32,ca2386f24d445258fc1244651ef6164bedaed16011ff4e7a0eff25b7fba9a542
large,obqa,9-98,3455,4,$DATA_DIR/P2_E1_DIRECTION_20260913T053456Z/features/large/obqa/03455.npz,35b0b0e7b40f3bf0e23d4d3d0c011db51458a2b811a78a36db912e02067a0c2e,8192,float32,ca2386f24d445258fc1244651ef6164bedaed16011ff4e7a0eff25b7fba9a542
large,obqa,9-997,3457,4,$DATA_DIR/P2_E1_DIRECTION_20260913T053456Z/features/large/obqa/03457.npz,f87613ce2d6ce4678670019338c5c1c6cdfa1535c15ff8f8b3ebc523153b85ee,8192,float32,ca2386f24d445258fc1244651ef6164bedaed16011ff4e7a0eff25b7fba9a542
large,obqa,911,3458,4,$DATA_DIR/P2_E1_DIRECTION_20260913T053456Z/features/large/obqa/03458.npz,2ffb2c4a1fc0e531e7eb484cb146e3c02d1ddf6adf222a7ddae9ccc6fc1656e8,8192,float32,ca2386f24d445258fc1244651ef6164bedaed16011ff4e7a0eff25b7fba9a542
large,obqa,96,3463,4,$DATA_DIR/P2_E1_DIRECTION_20260913T053456Z/features/large/obqa/03463.npz,cf1d02a9fd449979e39bebf760fdb2c4c146614a7e8cb1a14ab863b303736572,8192,float32,ca2386f24d445258fc1244651ef6164bedaed16011ff4e7a0eff25b7fba9a542
