pair,task,reference,score,q,threshold,N,n,k,p,CP,accepted,label
small,OBQA,Text,Entropy,0.05,0.00149237287871042,1366,66,5,0.8881799080533435,0.22851988743024795,False,POST-HOC sensitivity analysis (reviewer R1); does not change any primary decision
small,OBQA,Text,Entropy,0.1,0.004429051787645452,1366,141,18,0.9999159110399056,0.23543980153776348,False,POST-HOC sensitivity analysis (reviewer R1); does not change any primary decision
small,OBQA,Text,Entropy,0.15,0.007945230286909619,1366,212,35,0.9999999998506668,0.25642602718783924,False,POST-HOC sensitivity analysis (reviewer R1); does not change any primary decision
small,OBQA,Text,Entropy,0.2,0.014487636271676797,1366,286,56,1.0,0.2768237088520379,False,POST-HOC sensitivity analysis (reviewer R1); does not change any primary decision
small,OBQA,Text,Entropy,0.25,0.023136128587885427,1366,372,91,1.0,0.3190966283202937,False,POST-HOC sensitivity analysis (reviewer R1); does not change any primary decision
small,OBQA,Text,Entropy,0.3,0.0339940988096534,1366,444,121,1.0,0.3420833133993995,False,POST-HOC sensitivity analysis (reviewer R1); does not change any primary decision
small,OBQA,Text,Entropy,0.35,0.04778374237388279,1366,512,158,1.0,0.37488711543809505,False,POST-HOC sensitivity analysis (reviewer R1); does not change any primary decision
small,OBQA,Text,Entropy,0.4,0.06743355607960563,1366,571,190,1.0,0.3962785827549866,False,POST-HOC sensitivity analysis (reviewer R1); does not change any primary decision
small,OBQA,Text,Entropy,0.45,0.09343550805431246,1366,645,213,1.0,0.3897937831185013,False,POST-HOC sensitivity analysis (reviewer R1); does not change any primary decision
small,OBQA,Text,Entropy,0.5,0.11965484715436726,1366,709,251,1.0,0.4114192469472344,False,POST-HOC sensitivity analysis (reviewer R1); does not change any primary decision
small,OBQA,Text,Entropy,0.55,0.15924856466109646,1366,781,286,1.0,0.4210937420441578,False,POST-HOC sensitivity analysis (reviewer R1); does not change any primary decision
small,OBQA,Text,Entropy,0.6,0.20710612609398754,1366,867,322,1.0,0.42353463598575847,False,POST-HOC sensitivity analysis (reviewer R1); does not change any primary decision
small,OBQA,Text,Entropy,0.65,0.27133441240935646,1366,942,360,1.0,0.4323324351563648,False,POST-HOC sensitivity analysis (reviewer R1); does not change any primary decision
small,OBQA,Text,Entropy,0.7,0.3434215438986771,1366,1003,390,1.0,0.43752473449949986,False,POST-HOC sensitivity analysis (reviewer R1); does not change any primary decision
small,OBQA,Text,Entropy,0.75,0.4223403830337634,1366,1058,424,1.0,0.4483052895212044,False,POST-HOC sensitivity analysis (reviewer R1); does not change any primary decision
small,OBQA,Text,Entropy,0.8,0.4874473080759437,1366,1114,452,1.0,0.45212214526358474,False,POST-HOC sensitivity analysis (reviewer R1); does not change any primary decision
small,OBQA,Text,Entropy,0.85,0.5878779009122796,1366,1181,485,1.0,0.4557426932617318,False,POST-HOC sensitivity analysis (reviewer R1); does not change any primary decision
small,OBQA,Text,Entropy,0.9,0.666751286896777,1366,1248,522,1.0,0.46217047559406055,False,POST-HOC sensitivity analysis (reviewer R1); does not change any primary decision
small,OBQA,Text,Entropy,0.95,0.7187983329184602,1366,1302,557,1.0,0.4708480916050762,False,POST-HOC sensitivity analysis (reviewer R1); does not change any primary decision
small,OBQA,Text,Entropy,1.0,Infinity,1366,1366,598,1.0,0.4798483993108848,False,POST-HOC sensitivity analysis (reviewer R1); does not change any primary decision
small,OBQA,Text,Margin,0.05,0.000257146151852794,1366,63,5,0.9055092689802093,0.2384070173288321,False,POST-HOC sensitivity analysis (reviewer R1); does not change any primary decision
small,OBQA,Text,Margin,0.1,0.0009078509465325624,1366,149,21,0.9999944391462147,0.24806618371961028,False,POST-HOC sensitivity analysis (reviewer R1); does not change any primary decision
small,OBQA,Text,Margin,0.15,0.0016945607494562864,1366,220,35,0.9999999995691269,0.24761038236991728,False,POST-HOC sensitivity analysis (reviewer R1); does not change any primary decision
small,OBQA,Text,Margin,0.2,0.0034137386828660965,1366,290,60,1.0,0.2885037576244345,False,POST-HOC sensitivity analysis (reviewer R1); does not change any primary decision
small,OBQA,Text,Margin,0.25,0.00584918656386435,1366,383,97,1.0,0.3272109378347863,False,POST-HOC sensitivity analysis (reviewer R1); does not change any primary decision
small,OBQA,Text,Margin,0.3,0.009361959993839264,1366,445,126,1.0,0.35322328305596334,False,POST-HOC sensitivity analysis (reviewer R1); does not change any primary decision
small,OBQA,Text,Margin,0.35,0.013591409660875797,1366,505,156,1.0,0.37569593560444314,False,POST-HOC sensitivity analysis (reviewer R1); does not change any primary decision
small,OBQA,Text,Margin,0.4,0.020673134829849005,1366,576,188,1.0,0.38941251443263225,False,POST-HOC sensitivity analysis (reviewer R1); does not change any primary decision
small,OBQA,Text,Margin,0.45,0.03190315142273903,1366,639,211,1.0,0.3900526435006235,False,POST-HOC sensitivity analysis (reviewer R1); does not change any primary decision
small,OBQA,Text,Margin,0.5,0.043399155139923096,1366,703,245,1.0,0.4060122222256515,False,POST-HOC sensitivity analysis (reviewer R1); does not change any primary decision
small,OBQA,Text,Margin,0.55,0.06350678950548172,1366,789,294,1.0,0.42736847161675795,False,POST-HOC sensitivity analysis (reviewer R1); does not change any primary decision
small,OBQA,Text,Margin,0.6,0.09090811014175415,1366,866,321,1.0,0.4228250640451822,False,POST-HOC sensitivity analysis (reviewer R1); does not change any primary decision
small,OBQA,Text,Margin,0.65,0.12663913890719414,1366,938,354,1.0,0.4275907777689007,False,POST-HOC sensitivity analysis (reviewer R1); does not change any primary decision
small,OBQA,Text,Margin,0.7,0.1914561316370964,1366,1012,397,1.0,0.44081408070380784,False,POST-HOC sensitivity analysis (reviewer R1); does not change any primary decision
small,OBQA,Text,Margin,0.75,0.24534784257411957,1366,1064,426,1.0,0.44778350630752384,False,POST-HOC sensitivity analysis (reviewer R1); does not change any primary decision
small,OBQA,Text,Margin,0.8,0.3648597300052643,1366,1116,449,1.0,0.44862377759082267,False,POST-HOC sensitivity analysis (reviewer R1); does not change any primary decision
small,OBQA,Text,Margin,0.85,0.44874875247478485,1366,1185,492,1.0,0.4602318693031459,False,POST-HOC sensitivity analysis (reviewer R1); does not change any primary decision
small,OBQA,Text,Margin,0.9,0.6417191922664642,1366,1247,525,1.0,0.4649535460982828,False,POST-HOC sensitivity analysis (reviewer R1); does not change any primary decision
small,OBQA,Text,Margin,0.95,0.7766683399677277,1366,1310,560,1.0,0.47038985827193974,False,POST-HOC sensitivity analysis (reviewer R1); does not change any primary decision
small,OBQA,Text,Margin,1.0,Infinity,1366,1366,598,1.0,0.4798483993108848,False,POST-HOC sensitivity analysis (reviewer R1); does not change any primary decision
small,OBQA,C2C,Entropy,0.05,0.00149237287871042,1366,66,2,0.35272690858449063,0.15869732436903766,False,POST-HOC sensitivity analysis (reviewer R1); does not change any primary decision
small,OBQA,C2C,Entropy,0.1,0.004429051787645452,1366,141,10,0.9033913023813809,0.162722983845716,False,POST-HOC sensitivity analysis (reviewer R1); does not change any primary decision
small,OBQA,C2C,Entropy,0.15,0.007945230286909619,1366,212,22,0.9995578192200476,0.18354733414419208,False,POST-HOC sensitivity analysis (reviewer R1); does not change any primary decision
small,OBQA,C2C,Entropy,0.2,0.014487636271676797,1366,286,37,0.9999999479760737,0.2010832399957053,False,POST-HOC sensitivity analysis (reviewer R1); does not change any primary decision
small,OBQA,C2C,Entropy,0.25,0.023136128587885427,1366,372,64,1.0,0.23959522197056193,False,POST-HOC sensitivity analysis (reviewer R1); does not change any primary decision
small,OBQA,C2C,Entropy,0.3,0.0339940988096534,1366,444,101,1.0,0.29396190218233925,False,POST-HOC sensitivity analysis (reviewer R1); does not change any primary decision
small,OBQA,C2C,Entropy,0.35,0.04778374237388279,1366,512,133,1.0,0.3235483319489609,False,POST-HOC sensitivity analysis (reviewer R1); does not change any primary decision
small,OBQA,C2C,Entropy,0.4,0.06743355607960563,1366,571,169,1.0,0.3580545363762888,False,POST-HOC sensitivity analysis (reviewer R1); does not change any primary decision
small,OBQA,C2C,Entropy,0.45,0.09343550805431246,1366,645,201,1.0,0.370524270406315,False,POST-HOC sensitivity analysis (reviewer R1); does not change any primary decision
small,OBQA,C2C,Entropy,0.5,0.11965484715436726,1366,709,226,1.0,0.3750891321811975,False,POST-HOC sensitivity analysis (reviewer R1); does not change any primary decision
small,OBQA,C2C,Entropy,0.55,0.15924856466109646,1366,781,267,1.0,0.39616181643713266,False,POST-HOC sensitivity analysis (reviewer R1); does not change any primary decision
small,OBQA,C2C,Entropy,0.6,0.20710612609398754,1366,867,317,1.0,0.41764881160828365,False,POST-HOC sensitivity analysis (reviewer R1); does not change any primary decision
small,OBQA,C2C,Entropy,0.65,0.27133441240935646,1366,942,365,1.0,0.4377278743173986,False,POST-HOC sensitivity analysis (reviewer R1); does not change any primary decision
small,OBQA,C2C,Entropy,0.7,0.3434215438986771,1366,1003,406,1.0,0.45369567516988374,False,POST-HOC sensitivity analysis (reviewer R1); does not change any primary decision
small,OBQA,C2C,Entropy,0.75,0.4223403830337634,1366,1058,443,1.0,0.46646032125735504,False,POST-HOC sensitivity analysis (reviewer R1); does not change any primary decision
small,OBQA,C2C,Entropy,0.8,0.4874473080759437,1366,1114,477,1.0,0.4747756732305933,False,POST-HOC sensitivity analysis (reviewer R1); does not change any primary decision
small,OBQA,C2C,Entropy,0.85,0.5878779009122796,1366,1181,519,1.0,0.48475760334937984,False,POST-HOC sensitivity analysis (reviewer R1); does not change any primary decision
small,OBQA,C2C,Entropy,0.9,0.666751286896777,1366,1248,558,1.0,0.49120163626392715,False,POST-HOC sensitivity analysis (reviewer R1); does not change any primary decision
small,OBQA,C2C,Entropy,0.95,0.7187983329184602,1366,1302,594,1.0,0.4994013140373874,False,POST-HOC sensitivity analysis (reviewer R1); does not change any primary decision
small,OBQA,C2C,Entropy,1.0,Infinity,1366,1366,640,1.0,0.5106839286209499,False,POST-HOC sensitivity analysis (reviewer R1); does not change any primary decision
small,OBQA,C2C,Margin,0.05,0.000257146151852794,1366,63,2,0.3841587775775722,0.16570702755747643,False,POST-HOC sensitivity analysis (reviewer R1); does not change any primary decision
small,OBQA,C2C,Margin,0.1,0.0009078509465325624,1366,149,13,0.9822649745105646,0.18114955842165803,False,POST-HOC sensitivity analysis (reviewer R1); does not change any primary decision
small,OBQA,C2C,Margin,0.15,0.0016945607494562864,1366,220,22,0.999259184121543,0.1771674959701786,False,POST-HOC sensitivity analysis (reviewer R1); does not change any primary decision
small,OBQA,C2C,Margin,0.2,0.0034137386828660965,1366,290,37,0.9999999248624326,0.19842531767147403,False,POST-HOC sensitivity analysis (reviewer R1); does not change any primary decision
small,OBQA,C2C,Margin,0.25,0.00584918656386435,1366,383,72,1.0,0.25624227387988346,False,POST-HOC sensitivity analysis (reviewer R1); does not change any primary decision
small,OBQA,C2C,Margin,0.3,0.009361959993839264,1366,445,101,1.0,0.29333045350900755,False,POST-HOC sensitivity analysis (reviewer R1); does not change any primary decision
small,OBQA,C2C,Margin,0.35,0.013591409660875797,1366,505,135,1.0,0.3320246969626938,False,POST-HOC sensitivity analysis (reviewer R1); does not change any primary decision
small,OBQA,C2C,Margin,0.4,0.020673134829849005,1366,576,176,1.0,0.36777349500364687,False,POST-HOC sensitivity analysis (reviewer R1); does not change any primary decision
small,OBQA,C2C,Margin,0.45,0.03190315142273903,1366,639,197,1.0,0.3673469041109911,False,POST-HOC sensitivity analysis (reviewer R1); does not change any primary decision
small,OBQA,C2C,Margin,0.5,0.043399155139923096,1366,703,224,1.0,0.3752090515680415,False,POST-HOC sensitivity analysis (reviewer R1); does not change any primary decision
small,OBQA,C2C,Margin,0.55,0.06350678950548172,1366,789,276,1.0,0.4040307112373955,False,POST-HOC sensitivity analysis (reviewer R1); does not change any primary decision
small,OBQA,C2C,Margin,0.6,0.09090811014175415,1366,866,321,1.0,0.4228250640451822,False,POST-HOC sensitivity analysis (reviewer R1); does not change any primary decision
small,OBQA,C2C,Margin,0.65,0.12663913890719414,1366,938,365,1.0,0.4395155810031687,False,POST-HOC sensitivity analysis (reviewer R1); does not change any primary decision
small,OBQA,C2C,Margin,0.7,0.1914561316370964,1366,1012,413,1.0,0.4568297130045981,False,POST-HOC sensitivity analysis (reviewer R1); does not change any primary decision
small,OBQA,C2C,Margin,0.75,0.24534784257411957,1366,1064,449,1.0,0.46963028355898956,False,POST-HOC sensitivity analysis (reviewer R1); does not change any primary decision
small,OBQA,C2C,Margin,0.8,0.3648597300052643,1366,1116,485,1.0,0.48117720470873787,False,POST-HOC sensitivity analysis (reviewer R1); does not change any primary decision
small,OBQA,C2C,Margin,0.85,0.44874875247478485,1366,1185,525,1.0,0.48827741355055704,False,POST-HOC sensitivity analysis (reviewer R1); does not change any primary decision
small,OBQA,C2C,Margin,0.9,0.6417191922664642,1366,1247,565,1.0,0.49721131263161433,False,POST-HOC sensitivity analysis (reviewer R1); does not change any primary decision
small,OBQA,C2C,Margin,0.95,0.7766683399677277,1366,1310,600,1.0,0.5010658678084349,False,POST-HOC sensitivity analysis (reviewer R1); does not change any primary decision
small,OBQA,C2C,Margin,1.0,Infinity,1366,1366,640,1.0,0.5106839286209499,False,POST-HOC sensitivity analysis (reviewer R1); does not change any primary decision
small,ARC,Text,Entropy,0.05,0.0011402562796200065,448,16,3,0.9929960923437927,0.5977323125029945,False,POST-HOC sensitivity analysis (reviewer R1); does not change any primary decision
small,ARC,Text,Entropy,0.1,0.003995525277724613,448,34,5,0.993730595431045,0.40842254168144215,False,POST-HOC sensitivity analysis (reviewer R1); does not change any primary decision
small,ARC,Text,Entropy,0.15,0.010105779187237079,448,49,8,0.9993515511596262,0.37660031327845667,False,POST-HOC sensitivity analysis (reviewer R1); does not change any primary decision
small,ARC,Text,Entropy,0.2,0.019154349649099223,448,78,23,0.999999999999667,0.4733713401708328,False,POST-HOC sensitivity analysis (reviewer R1); does not change any primary decision
small,ARC,Text,Entropy,0.25,0.03205167737303819,448,108,33,1.0,0.45612446978806176,False,POST-HOC sensitivity analysis (reviewer R1); does not change any primary decision
small,ARC,Text,Entropy,0.3,0.04262064554556387,448,126,42,1.0,0.47336110894046524,False,POST-HOC sensitivity analysis (reviewer R1); does not change any primary decision
small,ARC,Text,Entropy,0.35,0.059778377364417226,448,140,50,1.0,0.49040947038186383,False,POST-HOC sensitivity analysis (reviewer R1); does not change any primary decision
small,ARC,Text,Entropy,0.4,0.0845964803569408,448,163,61,1.0,0.49775000595219765,False,POST-HOC sensitivity analysis (reviewer R1); does not change any primary decision
small,ARC,Text,Entropy,0.45,0.11295412032146242,448,181,71,1.0,0.5095508030811537,False,POST-HOC sensitivity analysis (reviewer R1); does not change any primary decision
small,ARC,Text,Entropy,0.5,0.1510000241021795,448,212,87,1.0,0.5186746874506634,False,POST-HOC sensitivity analysis (reviewer R1); does not change any primary decision
small,ARC,Text,Entropy,0.55,0.1911072491452776,448,232,94,1.0,0.5085471421824874,False,POST-HOC sensitivity analysis (reviewer R1); does not change any primary decision
small,ARC,Text,Entropy,0.6,0.2485614260164847,448,260,113,1.0,0.5322540496053322,False,POST-HOC sensitivity analysis (reviewer R1); does not change any primary decision
small,ARC,Text,Entropy,0.65,0.3200923094801072,448,289,134,1.0,0.5560433895166048,False,POST-HOC sensitivity analysis (reviewer R1); does not change any primary decision
small,ARC,Text,Entropy,0.7,0.3840532690170065,448,309,147,1.0,0.5648975493006121,False,POST-HOC sensitivity analysis (reviewer R1); does not change any primary decision
small,ARC,Text,Entropy,0.75,0.4778189446796396,448,341,167,1.0,0.5743908814109844,False,POST-HOC sensitivity analysis (reviewer R1); does not change any primary decision
small,ARC,Text,Entropy,0.8,0.5578502192621294,448,359,177,1.0,0.5754800069758456,False,POST-HOC sensitivity analysis (reviewer R1); does not change any primary decision
small,ARC,Text,Entropy,0.85,0.6465373383636828,448,376,187,1.0,0.5778213494490467,False,POST-HOC sensitivity analysis (reviewer R1); does not change any primary decision
small,ARC,Text,Entropy,0.9,0.6941908121641023,448,393,197,1.0,0.5799214736814935,False,POST-HOC sensitivity analysis (reviewer R1); does not change any primary decision
small,ARC,Text,Entropy,0.95,0.7876370330758637,448,419,211,1.0,0.579705621880125,False,POST-HOC sensitivity analysis (reviewer R1); does not change any primary decision
small,ARC,Text,Entropy,1.0,Infinity,448,448,233,1.0,0.5933981303092569,False,POST-HOC sensitivity analysis (reviewer R1); does not change any primary decision
small,ARC,Text,Margin,0.05,0.00022047651873435825,448,18,4,0.998453560366658,0.6083440994691967,False,POST-HOC sensitivity analysis (reviewer R1); does not change any primary decision
small,ARC,Text,Margin,0.1,0.0008672776457387954,448,34,5,0.993730595431045,0.40842254168144215,False,POST-HOC sensitivity analysis (reviewer R1); does not change any primary decision
small,ARC,Text,Margin,0.15,0.002203468233346939,448,51,10,0.9999639080880637,0.410467667325636,False,POST-HOC sensitivity analysis (reviewer R1); does not change any primary decision
small,ARC,Text,Margin,0.2,0.004550581332296133,448,77,22,0.9999999999979404,0.46487622656246963,False,POST-HOC sensitivity analysis (reviewer R1); does not change any primary decision
small,ARC,Text,Margin,0.25,0.008209812454879284,448,106,34,1.0,0.4735981970364464,False,POST-HOC sensitivity analysis (reviewer R1); does not change any primary decision
small,ARC,Text,Margin,0.3,0.013306907843798399,448,131,45,1.0,0.48107220141895035,False,POST-HOC sensitivity analysis (reviewer R1); does not change any primary decision
small,ARC,Text,Margin,0.35,0.018089897464960814,448,142,50,1.0,0.48425807395454024,False,POST-HOC sensitivity analysis (reviewer R1); does not change any primary decision
small,ARC,Text,Margin,0.4,0.02812828216701746,448,165,64,1.0,0.5108335869507998,False,POST-HOC sensitivity analysis (reviewer R1); does not change any primary decision
small,ARC,Text,Margin,0.45,0.03710990399122238,448,184,73,1.0,0.5130852389814484,False,POST-HOC sensitivity analysis (reviewer R1); does not change any primary decision
small,ARC,Text,Margin,0.5,0.05477328225970268,448,206,83,1.0,0.5127613073494841,False,POST-HOC sensitivity analysis (reviewer R1); does not change any primary decision
small,ARC,Text,Margin,0.55,0.07756541296839714,448,232,96,1.0,0.5172295358355872,False,POST-HOC sensitivity analysis (reviewer R1); does not change any primary decision
small,ARC,Text,Margin,0.6,0.11253461241722107,448,264,117,1.0,0.5400416150217755,False,POST-HOC sensitivity analysis (reviewer R1); does not change any primary decision
small,ARC,Text,Margin,0.65,0.15243199467658997,448,286,131,1.0,0.5509596940687618,False,POST-HOC sensitivity analysis (reviewer R1); does not change any primary decision
small,ARC,Text,Margin,0.7,0.22026191651821136,448,315,150,1.0,0.5644948601867515,False,POST-HOC sensitivity analysis (reviewer R1); does not change any primary decision
small,ARC,Text,Margin,0.75,0.29712583124637604,448,341,163,1.0,0.5628321510058745,False,POST-HOC sensitivity analysis (reviewer R1); does not change any primary decision
small,ARC,Text,Margin,0.8,0.41511911898851395,448,364,179,1.0,0.573652760342451,False,POST-HOC sensitivity analysis (reviewer R1); does not change any primary decision
small,ARC,Text,Margin,0.85,0.5383673906326294,448,377,189,1.0,0.5816290768743279,False,POST-HOC sensitivity analysis (reviewer R1); does not change any primary decision
small,ARC,Text,Margin,0.9,0.6431096196174622,448,393,196,1.0,0.5774209475978647,False,POST-HOC sensitivity analysis (reviewer R1); does not change any primary decision
small,ARC,Text,Margin,0.95,0.7753746509552002,448,424,216,1.0,0.585003506718936,False,POST-HOC sensitivity analysis (reviewer R1); does not change any primary decision
small,ARC,Text,Margin,1.0,Infinity,448,448,233,1.0,0.5933981303092569,False,POST-HOC sensitivity analysis (reviewer R1); does not change any primary decision
small,ARC,C2C,Entropy,0.05,0.0011402562796200065,448,16,1,0.8107596527795686,0.44952192981607364,False,POST-HOC sensitivity analysis (reviewer R1); does not change any primary decision
small,ARC,C2C,Entropy,0.1,0.003995525277724613,448,34,2,0.759349019077325,0.2887034107158019,False,POST-HOC sensitivity analysis (reviewer R1); does not change any primary decision
small,ARC,C2C,Entropy,0.15,0.010105779187237079,448,49,7,0.9972008341426746,0.351500756647974,False,POST-HOC sensitivity analysis (reviewer R1); does not change any primary decision
small,ARC,C2C,Entropy,0.2,0.019154349649099223,448,78,15,0.9999986547298927,0.35974359963088226,False,POST-HOC sensitivity analysis (reviewer R1); does not change any primary decision
small,ARC,C2C,Entropy,0.25,0.03205167737303819,448,108,32,1.0,0.44631556909506354,False,POST-HOC sensitivity analysis (reviewer R1); does not change any primary decision
small,ARC,C2C,Entropy,0.3,0.04262064554556387,448,126,43,1.0,0.4815882664916642,False,POST-HOC sensitivity analysis (reviewer R1); does not change any primary decision
small,ARC,C2C,Entropy,0.35,0.059778377364417226,448,140,52,1.0,0.5050127335513663,False,POST-HOC sensitivity analysis (reviewer R1); does not change any primary decision
small,ARC,C2C,Entropy,0.4,0.0845964803569408,448,163,58,1.0,0.47890610939714395,False,POST-HOC sensitivity analysis (reviewer R1); does not change any primary decision
small,ARC,C2C,Entropy,0.45,0.11295412032146242,448,181,66,1.0,0.4814219074111937,False,POST-HOC sensitivity analysis (reviewer R1); does not change any primary decision
small,ARC,C2C,Entropy,0.5,0.1510000241021795,448,212,88,1.0,0.5234132696160856,False,POST-HOC sensitivity analysis (reviewer R1); does not change any primary decision
small,ARC,C2C,Entropy,0.55,0.1911072491452776,448,232,99,1.0,0.5301954999393834,False,POST-HOC sensitivity analysis (reviewer R1); does not change any primary decision
small,ARC,C2C,Entropy,0.6,0.2485614260164847,448,260,116,1.0,0.5437508108990301,False,POST-HOC sensitivity analysis (reviewer R1); does not change any primary decision
small,ARC,C2C,Entropy,0.65,0.3200923094801072,448,289,133,1.0,0.5526174581970176,False,POST-HOC sensitivity analysis (reviewer R1); does not change any primary decision
small,ARC,C2C,Entropy,0.7,0.3840532690170065,448,309,147,1.0,0.5648975493006121,False,POST-HOC sensitivity analysis (reviewer R1); does not change any primary decision
small,ARC,C2C,Entropy,0.75,0.4778189446796396,448,341,174,1.0,0.5945094731727893,False,POST-HOC sensitivity analysis (reviewer R1); does not change any primary decision
small,ARC,C2C,Entropy,0.8,0.5578502192621294,448,359,187,1.0,0.6027453142299639,False,POST-HOC sensitivity analysis (reviewer R1); does not change any primary decision
small,ARC,C2C,Entropy,0.85,0.6465373383636828,448,376,202,1.0,0.6167766721651546,False,POST-HOC sensitivity analysis (reviewer R1); does not change any primary decision
small,ARC,C2C,Entropy,0.9,0.6941908121641023,448,393,213,1.0,0.6196584529773862,False,POST-HOC sensitivity analysis (reviewer R1); does not change any primary decision
small,ARC,C2C,Entropy,0.95,0.7876370330758637,448,419,229,1.0,0.6216465657097328,False,POST-HOC sensitivity analysis (reviewer R1); does not change any primary decision
small,ARC,C2C,Entropy,1.0,Infinity,448,448,254,1.0,0.6389703440678307,False,POST-HOC sensitivity analysis (reviewer R1); does not change any primary decision
small,ARC,C2C,Margin,0.05,0.00022047651873435825,448,18,1,0.7735226201554786,0.41051258816456404,False,POST-HOC sensitivity analysis (reviewer R1); does not change any primary decision
small,ARC,C2C,Margin,0.1,0.0008672776457387954,448,34,3,0.9118713247351762,0.3315383878466298,False,POST-HOC sensitivity analysis (reviewer R1); does not change any primary decision
small,ARC,C2C,Margin,0.15,0.002203468233346939,448,51,8,0.9991223973822247,0.3638131872416261,False,POST-HOC sensitivity analysis (reviewer R1); does not change any primary decision
small,ARC,C2C,Margin,0.2,0.004550581332296133,448,77,13,0.9999741515002444,0.33330072991619764,False,POST-HOC sensitivity analysis (reviewer R1); does not change any primary decision
small,ARC,C2C,Margin,0.25,0.008209812454879284,448,106,30,0.9999999999999993,0.4336502838994153,False,POST-HOC sensitivity analysis (reviewer R1); does not change any primary decision
small,ARC,C2C,Margin,0.3,0.013306907843798399,448,131,46,1.0,0.4889427545439706,False,POST-HOC sensitivity analysis (reviewer R1); does not change any primary decision
small,ARC,C2C,Margin,0.35,0.018089897464960814,448,142,51,1.0,0.4914925467610436,False,POST-HOC sensitivity analysis (reviewer R1); does not change any primary decision
small,ARC,C2C,Margin,0.4,0.02812828216701746,448,165,62,1.0,0.4985259564618851,False,POST-HOC sensitivity analysis (reviewer R1); does not change any primary decision
small,ARC,C2C,Margin,0.45,0.03710990399122238,448,184,70,1.0,0.49655958277597284,False,POST-HOC sensitivity analysis (reviewer R1); does not change any primary decision
small,ARC,C2C,Margin,0.5,0.05477328225970268,448,206,85,1.0,0.5225315464971367,False,POST-HOC sensitivity analysis (reviewer R1); does not change any primary decision
small,ARC,C2C,Margin,0.55,0.07756541296839714,448,232,101,1.0,0.5388014228037523,False,POST-HOC sensitivity analysis (reviewer R1); does not change any primary decision
small,ARC,C2C,Margin,0.6,0.11253461241722107,448,264,121,1.0,0.555082297950227,False,POST-HOC sensitivity analysis (reviewer R1); does not change any primary decision
small,ARC,C2C,Margin,0.65,0.15243199467658997,448,286,134,1.0,0.5613383139994745,False,POST-HOC sensitivity analysis (reviewer R1); does not change any primary decision
small,ARC,C2C,Margin,0.7,0.22026191651821136,448,315,152,1.0,0.570751919069385,False,POST-HOC sensitivity analysis (reviewer R1); does not change any primary decision
small,ARC,C2C,Margin,0.75,0.29712583124637604,448,341,173,1.0,0.591643894325043,False,POST-HOC sensitivity analysis (reviewer R1); does not change any primary decision
small,ARC,C2C,Margin,0.8,0.41511911898851395,448,364,192,1.0,0.6085903255054654,False,POST-HOC sensitivity analysis (reviewer R1); does not change any primary decision
small,ARC,C2C,Margin,0.85,0.5383673906326294,448,377,202,1.0,0.6152888444765697,False,POST-HOC sensitivity analysis (reviewer R1); does not change any primary decision
small,ARC,C2C,Margin,0.9,0.6431096196174622,448,393,214,1.0,0.6221249785921856,False,POST-HOC sensitivity analysis (reviewer R1); does not change any primary decision
small,ARC,C2C,Margin,0.95,0.7753746509552002,448,424,236,1.0,0.6309539855260184,False,POST-HOC sensitivity analysis (reviewer R1); does not change any primary decision
small,ARC,C2C,Margin,1.0,Infinity,448,448,254,1.0,0.6389703440678307,False,POST-HOC sensitivity analysis (reviewer R1); does not change any primary decision
medium,OBQA,Text,Entropy,0.05,1.0488859174034276e-09,1366,65,0,0.03564793225056034,0.10082100353398794,False,POST-HOC sensitivity analysis (reviewer R1); does not change any primary decision
medium,OBQA,Text,Entropy,0.1,3.828417022713003e-09,1366,171,1,0.00155144542973795,0.052715555691929504,False,POST-HOC sensitivity analysis (reviewer R1); does not change any primary decision
medium,OBQA,Text,Entropy,0.15,8.156018086354671e-09,1366,213,3,0.005511061961115809,0.05989444840273646,False,POST-HOC sensitivity analysis (reviewer R1); does not change any primary decision
medium,OBQA,Text,Entropy,0.2,1.6519723838168515e-08,1366,263,5,0.008470914522272045,0.06121665631098111,False,POST-HOC sensitivity analysis (reviewer R1); does not change any primary decision
medium,OBQA,Text,Entropy,0.25,3.582667064640089e-08,1366,332,7,0.005966431384264845,0.05799948274657449,False,POST-HOC sensitivity analysis (reviewer R1); does not change any primary decision
medium,OBQA,Text,Entropy,0.3,7.408431740233869e-08,1366,395,12,0.03988677741498033,0.06712582707739656,False,POST-HOC sensitivity analysis (reviewer R1); does not change any primary decision
medium,OBQA,Text,Entropy,0.35,1.5172555016133122e-07,1366,456,17,0.12480455302023699,0.07316092279258882,False,POST-HOC sensitivity analysis (reviewer R1); does not change any primary decision
medium,OBQA,Text,Entropy,0.4,3.532803493341193e-07,1366,519,23,0.3191125673255955,0.0794793641814075,False,POST-HOC sensitivity analysis (reviewer R1); does not change any primary decision
medium,OBQA,Text,Entropy,0.45,1.0455750739407829e-06,1366,595,34,0.8159099036823907,0.09262364491551484,False,POST-HOC sensitivity analysis (reviewer R1); does not change any primary decision
medium,OBQA,Text,Entropy,0.5,4.794432194824169e-06,1366,665,50,0.9980465746726621,0.11195823873596993,False,POST-HOC sensitivity analysis (reviewer R1); does not change any primary decision
medium,OBQA,Text,Entropy,0.55,1.957186097508436e-05,1366,739,66,0.9999970502343264,0.1262116117353548,False,POST-HOC sensitivity analysis (reviewer R1); does not change any primary decision
medium,OBQA,Text,Entropy,0.6,8.000838162336028e-05,1366,798,89,0.9999999999987288,0.14988466160787106,False,POST-HOC sensitivity analysis (reviewer R1); does not change any primary decision
medium,OBQA,Text,Entropy,0.65,0.00039846324714900227,1366,879,104,0.9999999999999996,0.15547853891577998,False,POST-HOC sensitivity analysis (reviewer R1); does not change any primary decision
medium,OBQA,Text,Entropy,0.7,0.002416047751262736,1366,955,135,1.0,0.17923248261413108,False,POST-HOC sensitivity analysis (reviewer R1); does not change any primary decision
medium,OBQA,Text,Entropy,0.75,0.009663162434285206,1366,1018,161,1.0,0.19621502246671352,False,POST-HOC sensitivity analysis (reviewer R1); does not change any primary decision
medium,OBQA,Text,Entropy,0.8,0.040184359250438936,1366,1089,190,1.0,0.21244474335405597,False,POST-HOC sensitivity analysis (reviewer R1); does not change any primary decision
medium,OBQA,Text,Entropy,0.85,0.11740832313978872,1366,1155,224,1.0,0.23206326198394422,False,POST-HOC sensitivity analysis (reviewer R1); does not change any primary decision
medium,OBQA,Text,Entropy,0.9,0.31481666963026983,1366,1219,261,1.0,0.2523566219988101,False,POST-HOC sensitivity analysis (reviewer R1); does not change any primary decision
medium,OBQA,Text,Entropy,0.95,0.5822077207916831,1366,1294,302,1.0,0.27144403965587105,False,POST-HOC sensitivity analysis (reviewer R1); does not change any primary decision
medium,OBQA,Text,Entropy,1.0,Infinity,1366,1366,348,1.0,0.2927117503619878,False,POST-HOC sensitivity analysis (reviewer R1); does not change any primary decision
medium,OBQA,Text,Margin,0.05,2.940081511582093e-11,1366,84,0,0.01345187565768352,0.07894468231051828,False,POST-HOC sensitivity analysis (reviewer R1); does not change any primary decision
medium,OBQA,Text,Margin,0.1,1.0261880234452292e-10,1366,175,1,0.001290265409561927,0.05153883119743818,False,POST-HOC sensitivity analysis (reviewer R1); does not change any primary decision
medium,OBQA,Text,Margin,0.15,2.7894686560614446e-10,1366,231,4,0.009072331536261424,0.06256470439337944,False,POST-HOC sensitivity analysis (reviewer R1); does not change any primary decision
medium,OBQA,Text,Margin,0.2,5.905304023556823e-10,1366,278,7,0.030276694982177006,0.0690091572888315,False,POST-HOC sensitivity analysis (reviewer R1); does not change any primary decision
medium,OBQA,Text,Margin,0.25,1.2501528701136522e-09,1366,334,8,0.013140578770916924,0.06210362096305029,False,POST-HOC sensitivity analysis (reviewer R1); does not change any primary decision
medium,OBQA,Text,Margin,0.3,2.646573848963385e-09,1366,390,14,0.11946921739872837,0.07499446051178965,False,POST-HOC sensitivity analysis (reviewer R1); does not change any primary decision
medium,OBQA,Text,Margin,0.35,7.194133289090132e-09,1366,472,20,0.26225830455685817,0.07906060116094761,False,POST-HOC sensitivity analysis (reviewer R1); does not change any primary decision
medium,OBQA,Text,Margin,0.4,1.5229980832032197e-08,1366,527,24,0.3656306018918974,0.0807146614758667,False,POST-HOC sensitivity analysis (reviewer R1); does not change any primary decision
medium,OBQA,Text,Margin,0.45,5.315785500670245e-08,1366,601,36,0.8842951640164337,0.09578028400420299,False,POST-HOC sensitivity analysis (reviewer R1); does not change any primary decision
medium,OBQA,Text,Margin,0.5,4.766555434798647e-07,1366,665,50,0.9980465746726621,0.11195823873596993,False,POST-HOC sensitivity analysis (reviewer R1); does not change any primary decision
medium,OBQA,Text,Margin,0.55,2.3790051955074887e-06,1366,739,66,0.9999970502343264,0.1262116117353548,False,POST-HOC sensitivity analysis (reviewer R1); does not change any primary decision
medium,OBQA,Text,Margin,0.6,1.2283455816941569e-05,1366,802,90,0.999999999999316,0.15055561875065301,False,POST-HOC sensitivity analysis (reviewer R1); does not change any primary decision
medium,OBQA,Text,Margin,0.65,7.076141264406033e-05,1366,881,106,0.9999999999999999,0.1576607534711705,False,POST-HOC sensitivity analysis (reviewer R1); does not change any primary decision
medium,OBQA,Text,Margin,0.7,0.0004651391936931759,1366,957,136,1.0,0.18001018819961373,False,POST-HOC sensitivity analysis (reviewer R1); does not change any primary decision
medium,OBQA,Text,Margin,0.75,0.002345502143725753,1366,1019,161,1.0,0.1960268758458672,False,POST-HOC sensitivity analysis (reviewer R1); does not change any primary decision
medium,OBQA,Text,Margin,0.8,0.012918879743665457,1366,1088,192,1.0,0.214608102072145,False,POST-HOC sensitivity analysis (reviewer R1); does not change any primary decision
medium,OBQA,Text,Margin,0.85,0.046108147129416466,1366,1153,223,1.0,0.2315331632420078,False,POST-HOC sensitivity analysis (reviewer R1); does not change any primary decision
medium,OBQA,Text,Margin,0.9,0.19069895148277283,1366,1220,262,1.0,0.25302019702854706,False,POST-HOC sensitivity analysis (reviewer R1); does not change any primary decision
medium,OBQA,Text,Margin,0.95,0.4474131166934967,1366,1295,306,1.0,0.27447751655547425,False,POST-HOC sensitivity analysis (reviewer R1); does not change any primary decision
medium,OBQA,Text,Margin,1.0,Infinity,1366,1366,348,1.0,0.2927117503619878,False,POST-HOC sensitivity analysis (reviewer R1); does not change any primary decision
medium,OBQA,C2C,Entropy,0.05,1.0488859174034276e-09,1366,65,0,0.03564793225056034,0.10082100353398794,False,POST-HOC sensitivity analysis (reviewer R1); does not change any primary decision
medium,OBQA,C2C,Entropy,0.1,3.828417022713003e-09,1366,171,0,0.0001551445429737962,0.03959117874946199,True,POST-HOC sensitivity analysis (reviewer R1); does not change any primary decision
medium,OBQA,C2C,Entropy,0.15,8.156018086354671e-09,1366,213,0,1.7994008716675094e-05,0.031910537422223446,True,POST-HOC sensitivity analysis (reviewer R1); does not change any primary decision
medium,OBQA,C2C,Entropy,0.2,1.6519723838168515e-08,1366,263,1,2.0549615407634225e-05,0.0345637127589206,True,POST-HOC sensitivity analysis (reviewer R1); does not change any primary decision
medium,OBQA,C2C,Entropy,0.25,3.582667064640089e-08,1366,332,1,7.426607492707588e-07,0.02746922963686956,True,POST-HOC sensitivity analysis (reviewer R1); does not change any primary decision
medium,OBQA,C2C,Entropy,0.3,7.408431740233869e-08,1366,395,1,3.459958018203276e-08,0.023133651368329622,True,POST-HOC sensitivity analysis (reviewer R1); does not change any primary decision
medium,OBQA,C2C,Entropy,0.35,1.5172555016133122e-07,1366,456,1,1.7374168150692097e-09,0.020066915208020775,True,POST-HOC sensitivity analysis (reviewer R1); does not change any primary decision
medium,OBQA,C2C,Entropy,0.4,3.532803493341193e-07,1366,519,2,1.0998700187351955e-09,0.021444194477002156,True,POST-HOC sensitivity analysis (reviewer R1); does not change any primary decision
medium,OBQA,C2C,Entropy,0.45,1.0455750739407829e-06,1366,595,6,8.734689817583739e-08,0.030049353718322316,True,POST-HOC sensitivity analysis (reviewer R1); does not change any primary decision
medium,OBQA,C2C,Entropy,0.5,4.794432194824169e-06,1366,665,10,1.5120047013892325e-06,0.035907357568422664,True,POST-HOC sensitivity analysis (reviewer R1); does not change any primary decision
medium,OBQA,C2C,Entropy,0.55,1.957186097508436e-05,1366,739,19,0.0006941865963785939,0.0490693013388247,True,POST-HOC sensitivity analysis (reviewer R1); does not change any primary decision
medium,OBQA,C2C,Entropy,0.6,8.000838162336028e-05,1366,798,34,0.19163410022506586,0.06939581520593899,False,POST-HOC sensitivity analysis (reviewer R1); does not change any primary decision
medium,OBQA,C2C,Entropy,0.65,0.00039846324714900227,1366,879,50,0.8446793189591475,0.08511550069931816,False,POST-HOC sensitivity analysis (reviewer R1); does not change any primary decision
medium,OBQA,C2C,Entropy,0.7,0.002416047751262736,1366,955,71,0.9995432319616269,0.10417420388632483,False,POST-HOC sensitivity analysis (reviewer R1); does not change any primary decision
medium,OBQA,C2C,Entropy,0.75,0.009663162434285206,1366,1018,89,0.9999997877059732,0.11804666595031232,False,POST-HOC sensitivity analysis (reviewer R1); does not change any primary decision
medium,OBQA,C2C,Entropy,0.8,0.040184359250438936,1366,1089,113,0.9999999999997655,0.13524979742493337,False,POST-HOC sensitivity analysis (reviewer R1); does not change any primary decision
medium,OBQA,C2C,Entropy,0.85,0.11740832313978872,1366,1155,143,1.0,0.15638284914584985,False,POST-HOC sensitivity analysis (reviewer R1); does not change any primary decision
medium,OBQA,C2C,Entropy,0.9,0.31481666963026983,1366,1219,172,1.0,0.17429076553789433,False,POST-HOC sensitivity analysis (reviewer R1); does not change any primary decision
medium,OBQA,C2C,Entropy,0.95,0.5822077207916831,1366,1294,207,1.0,0.193593472887612,False,POST-HOC sensitivity analysis (reviewer R1); does not change any primary decision
medium,OBQA,C2C,Entropy,1.0,Infinity,1366,1366,242,1.0,0.2110117239507509,False,POST-HOC sensitivity analysis (reviewer R1); does not change any primary decision
medium,OBQA,C2C,Margin,0.05,2.940081511582093e-11,1366,84,0,0.01345187565768352,0.07894468231051828,False,POST-HOC sensitivity analysis (reviewer R1); does not change any primary decision
medium,OBQA,C2C,Margin,0.1,1.0261880234452292e-10,1366,175,0,0.00012636619990555057,0.03870398304034453,True,POST-HOC sensitivity analysis (reviewer R1); does not change any primary decision
medium,OBQA,C2C,Margin,0.15,2.7894686560614446e-10,1366,231,0,7.14747790872534e-06,0.029461010479235758,True,POST-HOC sensitivity analysis (reviewer R1); does not change any primary decision
medium,OBQA,C2C,Margin,0.2,5.905304023556823e-10,1366,278,1,1.0026863867550585e-05,0.032726299108164325,True,POST-HOC sensitivity analysis (reviewer R1); does not change any primary decision
medium,OBQA,C2C,Margin,0.25,1.2501528701136522e-09,1366,334,1,6.740704220927392e-07,0.027306765114020786,True,POST-HOC sensitivity analysis (reviewer R1); does not change any primary decision
medium,OBQA,C2C,Margin,0.3,2.646573848963385e-09,1366,390,1,4.417491979913604e-08,0.023427113486799357,True,POST-HOC sensitivity analysis (reviewer R1); does not change any primary decision
medium,OBQA,C2C,Margin,0.35,7.194133289090132e-09,1366,472,1,7.904412340296884e-10,0.019392602905865506,True,POST-HOC sensitivity analysis (reviewer R1); does not change any primary decision
medium,OBQA,C2C,Margin,0.4,1.5229980832032197e-08,1366,527,2,7.515297538106639e-10,0.0211215131119287,True,POST-HOC sensitivity analysis (reviewer R1); does not change any primary decision
medium,OBQA,C2C,Margin,0.45,5.315785500670245e-08,1366,601,7,3.164140331277832e-07,0.0323142927729575,True,POST-HOC sensitivity analysis (reviewer R1); does not change any primary decision
medium,OBQA,C2C,Margin,0.5,4.766555434798647e-07,1366,665,10,1.5120047013892325e-06,0.035907357568422664,True,POST-HOC sensitivity analysis (reviewer R1); does not change any primary decision
medium,OBQA,C2C,Margin,0.55,2.3790051955074887e-06,1366,739,19,0.0006941865963785939,0.0490693013388247,True,POST-HOC sensitivity analysis (reviewer R1); does not change any primary decision
medium,OBQA,C2C,Margin,0.6,1.2283455816941569e-05,1366,802,35,0.23130653408607804,0.07059100625963438,False,POST-HOC sensitivity analysis (reviewer R1); does not change any primary decision
medium,OBQA,C2C,Margin,0.65,7.076141264406033e-05,1366,881,50,0.8408566473129562,0.0849251885574629,False,POST-HOC sensitivity analysis (reviewer R1); does not change any primary decision
medium,OBQA,C2C,Margin,0.7,0.0004651391936931759,1366,957,71,0.9995162041210875,0.10396002956331561,False,POST-HOC sensitivity analysis (reviewer R1); does not change any primary decision
medium,OBQA,C2C,Margin,0.75,0.002345502143725753,1366,1019,89,0.9999997785199007,0.1179327822554593,False,POST-HOC sensitivity analysis (reviewer R1); does not change any primary decision
medium,OBQA,C2C,Margin,0.8,0.012918879743665457,1366,1088,112,0.9999999999995058,0.13434734161386946,False,POST-HOC sensitivity analysis (reviewer R1); does not change any primary decision
medium,OBQA,C2C,Margin,0.85,0.046108147129416466,1366,1153,142,1.0,0.1556972108076556,False,POST-HOC sensitivity analysis (reviewer R1); does not change any primary decision
medium,OBQA,C2C,Margin,0.9,0.19069895148277283,1366,1220,173,1.0,0.17503995090693641,False,POST-HOC sensitivity analysis (reviewer R1); does not change any primary decision
medium,OBQA,C2C,Margin,0.95,0.4474131166934967,1366,1295,209,1.0,0.19510518167200094,False,POST-HOC sensitivity analysis (reviewer R1); does not change any primary decision
medium,OBQA,C2C,Margin,1.0,Infinity,1366,1366,242,1.0,0.2110117239507509,False,POST-HOC sensitivity analysis (reviewer R1); does not change any primary decision
medium,ARC,Text,Entropy,0.05,3.47791332467569e-10,448,16,0,0.44012666865176575,0.35061836842378863,False,POST-HOC sensitivity analysis (reviewer R1); does not change any primary decision
medium,ARC,Text,Entropy,0.1,9.091955654315214e-10,448,57,0,0.05373354598274044,0.11413320958991735,False,POST-HOC sensitivity analysis (reviewer R1); does not change any primary decision
medium,ARC,Text,Entropy,0.15,1.807402114452434e-09,448,68,0,0.030563645913324174,0.09659528486664244,False,POST-HOC sensitivity analysis (reviewer R1); does not change any primary decision
medium,ARC,Text,Entropy,0.2,4.80258329823468e-09,448,103,0,0.005076113740283888,0.06486613164695948,False,POST-HOC sensitivity analysis (reviewer R1); does not change any primary decision
medium,ARC,Text,Entropy,0.25,9.137687842736457e-09,448,122,1,0.014214950671330918,0.07318175137359656,False,POST-HOC sensitivity analysis (reviewer R1); does not change any primary decision
medium,ARC,Text,Entropy,0.3,1.7457659218419946e-08,448,142,2,0.024861099784804074,0.07655355799159402,False,POST-HOC sensitivity analysis (reviewer R1); does not change any primary decision
medium,ARC,Text,Entropy,0.35,2.814271787607903e-08,448,154,3,0.04777838933523311,0.0820958947621836,False,POST-HOC sensitivity analysis (reviewer R1); does not change any primary decision
medium,ARC,Text,Entropy,0.4,6.758639900339671e-08,448,187,4,0.04055467395853194,0.07686193517973144,False,POST-HOC sensitivity analysis (reviewer R1); does not change any primary decision
medium,ARC,Text,Entropy,0.45,1.1428446817820617e-07,448,212,6,0.0909164546310614,0.08280227461260495,False,POST-HOC sensitivity analysis (reviewer R1); does not change any primary decision
medium,ARC,Text,Entropy,0.5,2.469272541809819e-07,448,227,8,0.1954972857074545,0.09052763177220503,False,POST-HOC sensitivity analysis (reviewer R1); does not change any primary decision
medium,ARC,Text,Entropy,0.55,7.202737889155326e-07,448,253,12,0.5001746525030882,0.10367636941654332,False,POST-HOC sensitivity analysis (reviewer R1); does not change any primary decision
medium,ARC,Text,Entropy,0.6,5.046082614253306e-06,448,282,15,0.6617841578763639,0.10762215816642391,False,POST-HOC sensitivity analysis (reviewer R1); does not change any primary decision
medium,ARC,Text,Entropy,0.65,3.986700593988456e-05,448,319,22,0.9479479815646966,0.12385711076788637,False,POST-HOC sensitivity analysis (reviewer R1); does not change any primary decision
medium,ARC,Text,Entropy,0.7,0.00018002361563982525,448,340,29,0.9979058313339529,0.1419970322938119,False,POST-HOC sensitivity analysis (reviewer R1); does not change any primary decision
medium,ARC,Text,Entropy,0.75,0.0010900605400325793,448,363,33,0.9996061176942638,0.14665587704737384,False,POST-HOC sensitivity analysis (reviewer R1); does not change any primary decision
medium,ARC,Text,Entropy,0.8,0.005894834240713676,448,377,37,0.9999591266009998,0.1540999316218367,False,POST-HOC sensitivity analysis (reviewer R1); does not change any primary decision
medium,ARC,Text,Entropy,0.85,0.040183158572436976,448,399,45,0.9999998279597505,0.1695328955341437,False,POST-HOC sensitivity analysis (reviewer R1); does not change any primary decision
medium,ARC,Text,Entropy,0.9,0.17796155415586096,448,417,55,0.9999999999704784,0.19019663861374772,False,POST-HOC sensitivity analysis (reviewer R1); does not change any primary decision
medium,ARC,Text,Entropy,0.95,0.42536898676026536,448,427,60,0.9999999999997254,0.19925306064340825,False,POST-HOC sensitivity analysis (reviewer R1); does not change any primary decision
medium,ARC,Text,Entropy,1.0,Infinity,448,448,67,0.9999999999999994,0.20791361841253944,False,POST-HOC sensitivity analysis (reviewer R1); does not change any primary decision
medium,ARC,Text,Margin,0.05,8.423484132435988e-12,448,29,0,0.22593554099256588,0.21195371843300875,False,POST-HOC sensitivity analysis (reviewer R1); does not change any primary decision
medium,ARC,Text,Margin,0.1,2.289735068217169e-11,448,58,0,0.05104686868360342,0.11228029110141347,False,POST-HOC sensitivity analysis (reviewer R1); does not change any primary decision
medium,ARC,Text,Margin,0.15,4.8473669522763885e-11,448,75,0,0.021343733845877597,0.08798916064409024,False,POST-HOC sensitivity analysis (reviewer R1); does not change any primary decision
medium,ARC,Text,Margin,0.2,1.3176515434309977e-10,448,108,1,0.026254242431542712,0.08231034039508225,False,POST-HOC sensitivity analysis (reviewer R1); does not change any primary decision
medium,ARC,Text,Margin,0.25,2.7894686560614446e-10,448,124,1,0.013010964512519783,0.0720403058830951,False,POST-HOC sensitivity analysis (reviewer R1); does not change any primary decision
medium,ARC,Text,Margin,0.3,5.905304023556823e-10,448,142,2,0.024861099784804074,0.07655355799159402,False,POST-HOC sensitivity analysis (reviewer R1); does not change any primary decision
medium,ARC,Text,Margin,0.35,1.2501528701136522e-09,448,160,3,0.03882069438748457,0.07911399271748226,False,POST-HOC sensitivity analysis (reviewer R1); does not change any primary decision
medium,ARC,Text,Margin,0.4,2.646573848963385e-09,448,192,5,0.07848638179264256,0.08318011732877673,False,POST-HOC sensitivity analysis (reviewer R1); does not change any primary decision
medium,ARC,Text,Margin,0.45,4.363462480228009e-09,448,209,6,0.09833411434531147,0.08395639641852937,False,POST-HOC sensitivity analysis (reviewer R1); does not change any primary decision
medium,ARC,Text,Margin,0.5,1.1861120086109622e-08,448,234,8,0.16886541315437237,0.08789624951090755,False,POST-HOC sensitivity analysis (reviewer R1); does not change any primary decision
medium,ARC,Text,Margin,0.55,4.139937814784389e-08,448,254,12,0.4944194925619144,0.10328042880339813,False,POST-HOC sensitivity analysis (reviewer R1); does not change any primary decision
medium,ARC,Text,Margin,0.6,6.635301872393029e-07,448,286,16,0.733407601569746,0.11077269709743,False,POST-HOC sensitivity analysis (reviewer R1); does not change any primary decision
medium,ARC,Text,Margin,0.65,5.763335138908587e-06,448,319,22,0.9479479815646966,0.12385711076788637,False,POST-HOC sensitivity analysis (reviewer R1); does not change any primary decision
medium,ARC,Text,Margin,0.7,2.743143522820901e-05,448,340,29,0.9979058313339529,0.1419970322938119,False,POST-HOC sensitivity analysis (reviewer R1); does not change any primary decision
medium,ARC,Text,Margin,0.75,0.00019290034106234089,448,363,33,0.9996061176942638,0.14665587704737384,False,POST-HOC sensitivity analysis (reviewer R1); does not change any primary decision
medium,ARC,Text,Margin,0.8,0.0014197402051649988,448,378,38,0.999980566689948,0.15685243815207808,False,POST-HOC sensitivity analysis (reviewer R1); does not change any primary decision
medium,ARC,Text,Margin,0.85,0.013385972939431667,448,399,45,0.9999998279597505,0.1695328955341437,False,POST-HOC sensitivity analysis (reviewer R1); does not change any primary decision
medium,ARC,Text,Margin,0.9,0.07607647031545639,448,418,56,0.9999999999892647,0.19249415005091547,False,POST-HOC sensitivity analysis (reviewer R1); does not change any primary decision
medium,ARC,Text,Margin,0.95,0.2874781861901283,448,426,59,0.9999999999992099,0.19703610700405885,False,POST-HOC sensitivity analysis (reviewer R1); does not change any primary decision
medium,ARC,Text,Margin,1.0,Infinity,448,448,67,0.9999999999999994,0.20791361841253944,False,POST-HOC sensitivity analysis (reviewer R1); does not change any primary decision
medium,ARC,C2C,Entropy,0.05,3.47791332467569e-10,448,16,0,0.44012666865176575,0.35061836842378863,False,POST-HOC sensitivity analysis (reviewer R1); does not change any primary decision
medium,ARC,C2C,Entropy,0.1,9.091955654315214e-10,448,57,0,0.05373354598274044,0.11413320958991735,False,POST-HOC sensitivity analysis (reviewer R1); does not change any primary decision
medium,ARC,C2C,Entropy,0.15,1.807402114452434e-09,448,68,0,0.030563645913324174,0.09659528486664244,False,POST-HOC sensitivity analysis (reviewer R1); does not change any primary decision
medium,ARC,C2C,Entropy,0.2,4.80258329823468e-09,448,103,0,0.005076113740283888,0.06486613164695948,False,POST-HOC sensitivity analysis (reviewer R1); does not change any primary decision
medium,ARC,C2C,Entropy,0.25,9.137687842736457e-09,448,122,0,0.0019154898067751005,0.05504780957368895,False,POST-HOC sensitivity analysis (reviewer R1); does not change any primary decision
medium,ARC,C2C,Entropy,0.3,1.7457659218419946e-08,448,142,0,0.0006866761302459321,0.04748189466526732,True,POST-HOC sensitivity analysis (reviewer R1); does not change any primary decision
medium,ARC,C2C,Entropy,0.35,2.814271787607903e-08,448,154,0,0.00037105237393553225,0.043864417951052254,True,POST-HOC sensitivity analysis (reviewer R1); does not change any primary decision
medium,ARC,C2C,Entropy,0.4,6.758639900339671e-08,448,187,0,6.828325085855769e-05,0.03626591494450565,True,POST-HOC sensitivity analysis (reviewer R1); does not change any primary decision
medium,ARC,C2C,Entropy,0.45,1.1428446817820617e-07,448,212,1,0.00023028343565384516,0.04271803703587198,True,POST-HOC sensitivity analysis (reviewer R1); does not change any primary decision
medium,ARC,C2C,Entropy,0.5,2.469272541809819e-07,448,227,1,0.00011361610763035984,0.03994627010834074,True,POST-HOC sensitivity analysis (reviewer R1); does not change any primary decision
medium,ARC,C2C,Entropy,0.55,7.202737889155326e-07,448,253,1,3.310453112617234e-05,0.03590772357685094,True,POST-HOC sensitivity analysis (reviewer R1); does not change any primary decision
medium,ARC,C2C,Entropy,0.6,5.046082614253306e-06,448,282,1,8.276935790214666e-06,0.03226885141199822,True,POST-HOC sensitivity analysis (reviewer R1); does not change any primary decision
medium,ARC,C2C,Entropy,0.65,3.986700593988456e-05,448,319,8,0.020188857534198048,0.06496336115460545,False,POST-HOC sensitivity analysis (reviewer R1); does not change any primary decision
medium,ARC,C2C,Entropy,0.7,0.00018002361563982525,448,340,12,0.1286232192539417,0.07774266996115403,False,POST-HOC sensitivity analysis (reviewer R1); does not change any primary decision
medium,ARC,C2C,Entropy,0.75,0.0010900605400325793,448,363,15,0.2688096704715765,0.08415428350736072,False,POST-HOC sensitivity analysis (reviewer R1); does not change any primary decision
medium,ARC,C2C,Entropy,0.8,0.005894834240713676,448,377,21,0.741460774364075,0.10190392674183768,False,POST-HOC sensitivity analysis (reviewer R1); does not change any primary decision
medium,ARC,C2C,Entropy,0.85,0.040183158572436976,448,399,28,0.9701412162837652,0.1184754419829088,False,POST-HOC sensitivity analysis (reviewer R1); does not change any primary decision
medium,ARC,C2C,Entropy,0.9,0.17796155415586096,448,417,40,0.9999629592471685,0.14831428165065705,False,POST-HOC sensitivity analysis (reviewer R1); does not change any primary decision
medium,ARC,C2C,Entropy,0.95,0.42536898676026536,448,427,43,0.9999938030646686,0.15325118271855118,False,POST-HOC sensitivity analysis (reviewer R1); does not change any primary decision
medium,ARC,C2C,Entropy,1.0,Infinity,448,448,55,0.9999999995391669,0.17745547922795235,False,POST-HOC sensitivity analysis (reviewer R1); does not change any primary decision
medium,ARC,C2C,Margin,0.05,8.423484132435988e-12,448,29,0,0.22593554099256588,0.21195371843300875,False,POST-HOC sensitivity analysis (reviewer R1); does not change any primary decision
medium,ARC,C2C,Margin,0.1,2.289735068217169e-11,448,58,0,0.05104686868360342,0.11228029110141347,False,POST-HOC sensitivity analysis (reviewer R1); does not change any primary decision
medium,ARC,C2C,Margin,0.15,4.8473669522763885e-11,448,75,0,0.021343733845877597,0.08798916064409024,False,POST-HOC sensitivity analysis (reviewer R1); does not change any primary decision
medium,ARC,C2C,Margin,0.2,1.3176515434309977e-10,448,108,0,0.003927800048813499,0.06195813336018575,False,POST-HOC sensitivity analysis (reviewer R1); does not change any primary decision
medium,ARC,C2C,Margin,0.25,2.7894686560614446e-10,448,124,0,0.001728729550614528,0.05418444627660853,False,POST-HOC sensitivity analysis (reviewer R1); does not change any primary decision
medium,ARC,C2C,Margin,0.3,5.905304023556823e-10,448,142,0,0.0006866761302459321,0.04748189466526732,True,POST-HOC sensitivity analysis (reviewer R1); does not change any primary decision
medium,ARC,C2C,Margin,0.35,1.2501528701136522e-09,448,160,0,0.000272757591077165,0.04225476488275881,True,POST-HOC sensitivity analysis (reviewer R1); does not change any primary decision
medium,ARC,C2C,Margin,0.4,2.646573848963385e-09,448,192,0,5.283627786488246e-05,0.03533838008880079,True,POST-HOC sensitivity analysis (reviewer R1); does not change any primary decision
medium,ARC,C2C,Margin,0.45,4.363462480228009e-09,448,209,1,0.0002651030665511762,0.043319190902229174,True,POST-HOC sensitivity analysis (reviewer R1); does not change any primary decision
medium,ARC,C2C,Margin,0.5,1.1861120086109622e-08,448,234,1,8.160007497970054e-05,0.03877224133166437,True,POST-HOC sensitivity analysis (reviewer R1); does not change any primary decision
medium,ARC,C2C,Margin,0.55,4.139937814784389e-08,448,254,1,3.156492701313528e-05,0.03576863763306275,True,POST-HOC sensitivity analysis (reviewer R1); does not change any primary decision
medium,ARC,C2C,Margin,0.6,6.635301872393029e-07,448,286,1,6.831205512469943e-06,0.03182401477969328,True,POST-HOC sensitivity analysis (reviewer R1); does not change any primary decision
medium,ARC,C2C,Margin,0.65,5.763335138908587e-06,448,319,8,0.020188857534198048,0.06496336115460545,False,POST-HOC sensitivity analysis (reviewer R1); does not change any primary decision
medium,ARC,C2C,Margin,0.7,2.743143522820901e-05,448,340,12,0.1286232192539417,0.07774266996115403,False,POST-HOC sensitivity analysis (reviewer R1); does not change any primary decision
medium,ARC,C2C,Margin,0.75,0.00019290034106234089,448,363,15,0.2688096704715765,0.08415428350736072,False,POST-HOC sensitivity analysis (reviewer R1); does not change any primary decision
medium,ARC,C2C,Margin,0.8,0.0014197402051649988,448,378,21,0.7375221432334713,0.10164102032395052,False,POST-HOC sensitivity analysis (reviewer R1); does not change any primary decision
medium,ARC,C2C,Margin,0.85,0.013385972939431667,448,399,28,0.9701412162837652,0.1184754419829088,False,POST-HOC sensitivity analysis (reviewer R1); does not change any primary decision
medium,ARC,C2C,Margin,0.9,0.07607647031545639,448,418,40,0.999960898242062,0.14796990837769233,False,POST-HOC sensitivity analysis (reviewer R1); does not change any primary decision
medium,ARC,C2C,Margin,0.95,0.2874781861901283,448,426,43,0.9999941607213033,0.1536001958271609,False,POST-HOC sensitivity analysis (reviewer R1); does not change any primary decision
medium,ARC,C2C,Margin,1.0,Infinity,448,448,55,0.9999999995391669,0.17745547922795235,False,POST-HOC sensitivity analysis (reviewer R1); does not change any primary decision
large,OBQA,Text,Entropy,0.05,4.6967484865207135e-11,1366,58,0,0.05104686868360342,0.11228029110141347,False,POST-HOC sensitivity analysis (reviewer R1); does not change any primary decision
large,OBQA,Text,Entropy,0.1,2.2051650423871094e-10,1366,120,0,0.0021224263786981707,0.05593912371407661,False,POST-HOC sensitivity analysis (reviewer R1); does not change any primary decision
large,OBQA,Text,Entropy,0.15,7.982691282228817e-10,1366,213,0,1.7994008716675094e-05,0.031910537422223446,True,POST-HOC sensitivity analysis (reviewer R1); does not change any primary decision
large,OBQA,Text,Entropy,0.2,2.1394011018564876e-09,1366,272,0,8.726109100491435e-07,0.025076389358739307,True,POST-HOC sensitivity analysis (reviewer R1); does not change any primary decision
large,OBQA,Text,Entropy,0.25,5.4167726669184526e-09,1366,323,0,6.378587365492559e-08,0.021159175201824407,True,POST-HOC sensitivity analysis (reviewer R1); does not change any primary decision
large,OBQA,Text,Entropy,0.3,1.692018910651406e-08,1366,395,0,1.5879034383058823e-09,0.017335960692602157,True,POST-HOC sensitivity analysis (reviewer R1); does not change any primary decision
large,OBQA,Text,Entropy,0.35,4.6045548651826716e-08,1366,459,0,5.958470967279988e-11,0.014936896870501433,True,POST-HOC sensitivity analysis (reviewer R1); does not change any primary decision
large,OBQA,Text,Entropy,0.4,1.0858436572255714e-07,1366,512,0,3.93084489784042e-12,0.013401104346898111,True,POST-HOC sensitivity analysis (reviewer R1); does not change any primary decision
large,OBQA,Text,Entropy,0.45,3.521618235707534e-07,1366,577,0,1.4012649260567628e-13,0.011900468810044307,True,POST-HOC sensitivity analysis (reviewer R1); does not change any primary decision
large,OBQA,Text,Entropy,0.5,1.246494033764808e-06,1366,639,0,5.8261784107488395e-15,0.010752037789540491,True,POST-HOC sensitivity analysis (reviewer R1); does not change any primary decision
large,OBQA,Text,Entropy,0.55,5.4474377354076404e-06,1366,720,1,3.555385078549332e-15,0.012751116655711199,True,POST-HOC sensitivity analysis (reviewer R1); does not change any primary decision
large,OBQA,Text,Entropy,0.6,2.517484379913934e-05,1366,801,2,1.3347934296218961e-15,0.013938071098765853,True,POST-HOC sensitivity analysis (reviewer R1); does not change any primary decision
large,OBQA,Text,Entropy,0.65,0.00010181216451529773,1366,867,3,8.192641052623266e-16,0.014978861963065413,True,POST-HOC sensitivity analysis (reviewer R1); does not change any primary decision
large,OBQA,Text,Entropy,0.7,0.0005001098370225241,1366,932,8,1.6636519116978745e-12,0.022539993733984718,True,POST-HOC sensitivity analysis (reviewer R1); does not change any primary decision
large,OBQA,Text,Entropy,0.75,0.0024163180174223446,1366,996,12,7.059657232788388e-11,0.026930277653457697,True,POST-HOC sensitivity analysis (reviewer R1); does not change any primary decision
large,OBQA,Text,Entropy,0.8,0.009175721715173002,1366,1065,18,1.1156795150097025e-08,0.03292380584106124,True,POST-HOC sensitivity analysis (reviewer R1); does not change any primary decision
large,OBQA,Text,Entropy,0.85,0.04940119913218145,1366,1134,42,0.022795060786781465,0.05770135620522985,False,POST-HOC sensitivity analysis (reviewer R1); does not change any primary decision
large,OBQA,Text,Entropy,0.9,0.2160441173246272,1366,1221,68,0.8363636321237149,0.07891354904228623,False,POST-HOC sensitivity analysis (reviewer R1); does not change any primary decision
large,OBQA,Text,Entropy,0.95,0.5375351591068881,1366,1297,102,0.9999958419210573,0.10435341341322,False,POST-HOC sensitivity analysis (reviewer R1); does not change any primary decision
large,OBQA,Text,Entropy,1.0,Infinity,1366,1366,143,0.9999999999999999,0.1326098138082249,False,POST-HOC sensitivity analysis (reviewer R1); does not change any primary decision
large,OBQA,Text,Margin,0.05,1.1399770016851107e-12,1366,58,0,0.05104686868360342,0.11228029110141347,False,POST-HOC sensitivity analysis (reviewer R1); does not change any primary decision
large,OBQA,Text,Margin,0.1,6.5601968302075875e-12,1366,133,0,0.0010895307788482953,0.05061228207241714,False,POST-HOC sensitivity analysis (reviewer R1); does not change any primary decision
large,OBQA,Text,Margin,0.15,2.940081511582093e-11,1366,223,0,1.077367770365076e-05,0.030501625629322047,True,POST-HOC sensitivity analysis (reviewer R1); does not change any primary decision
large,OBQA,Text,Margin,0.2,7.991962647224682e-11,1366,279,0,6.093767434656248e-07,0.024454989953125717,True,POST-HOC sensitivity analysis (reviewer R1); does not change any primary decision
large,OBQA,Text,Margin,0.25,1.6918977330249163e-10,1366,317,0,8.677265314502725e-08,0.02155531692663015,True,POST-HOC sensitivity analysis (reviewer R1); does not change any primary decision
large,OBQA,Text,Margin,0.3,5.905304023556823e-10,1366,396,0,1.508508266390586e-09,0.017292563731908635,True,POST-HOC sensitivity analysis (reviewer R1); does not change any primary decision
large,OBQA,Text,Margin,0.35,2.061153470123145e-09,1366,475,0,2.6224819770872025e-11,0.014437409206294823,True,POST-HOC sensitivity analysis (reviewer R1); does not change any primary decision
large,OBQA,Text,Margin,0.4,5.602796449011294e-09,1366,523,0,2.23586494061608e-12,0.01312110293332758,True,POST-HOC sensitivity analysis (reviewer R1); does not change any primary decision
large,OBQA,Text,Margin,0.45,1.5229980832032197e-08,1366,576,0,1.4750157116386946e-13,0.011921005707131015,True,POST-HOC sensitivity analysis (reviewer R1); does not change any primary decision
large,OBQA,Text,Margin,0.5,1.6060866769862514e-07,1366,642,1,1.7378106481890661e-13,0.014290400585786074,True,POST-HOC sensitivity analysis (reviewer R1); does not change any primary decision
large,OBQA,Text,Margin,0.55,6.635301872393029e-07,1366,724,1,2.911557973143345e-15,0.012681068569366166,True,POST-HOC sensitivity analysis (reviewer R1); does not change any primary decision
large,OBQA,Text,Margin,0.6,3.0942599096306367e-06,1366,799,2,1.4717893597085361e-15,0.013972758550841024,True,POST-HOC sensitivity analysis (reviewer R1); does not change any primary decision
large,OBQA,Text,Margin,0.65,1.569747291796375e-05,1366,869,4,8.681541361901266e-15,0.01691892775359042,True,POST-HOC sensitivity analysis (reviewer R1); does not change any primary decision
large,OBQA,Text,Margin,0.7,9.081658936338499e-05,1366,932,8,1.6636519116978745e-12,0.022539993733984718,True,POST-HOC sensitivity analysis (reviewer R1); does not change any primary decision
large,OBQA,Text,Margin,0.75,0.00047372051631100476,1366,1001,13,2.3779647609254187e-10,0.02819891678449037,True,POST-HOC sensitivity analysis (reviewer R1); does not change any primary decision
large,OBQA,Text,Margin,0.8,0.002339548896998167,1366,1067,19,3.105263403305868e-08,0.03411146051992816,True,POST-HOC sensitivity analysis (reviewer R1); does not change any primary decision
large,OBQA,Text,Margin,0.85,0.017155010253190994,1366,1135,42,0.022446629250218845,0.05765106665201144,False,POST-HOC sensitivity analysis (reviewer R1); does not change any primary decision
large,OBQA,Text,Margin,0.9,0.09501740336418152,1366,1219,68,0.839659326011794,0.07904141487908362,False,POST-HOC sensitivity analysis (reviewer R1); does not change any primary decision
large,OBQA,Text,Margin,0.95,0.4454007148742676,1366,1294,99,0.9999830800259235,0.10197417022632634,False,POST-HOC sensitivity analysis (reviewer R1); does not change any primary decision
large,OBQA,Text,Margin,1.0,Infinity,1366,1366,143,0.9999999999999999,0.1326098138082249,False,POST-HOC sensitivity analysis (reviewer R1); does not change any primary decision
large,OBQA,C2C,Entropy,0.05,4.6967484865207135e-11,1366,58,0,0.05104686868360342,0.11228029110141347,False,POST-HOC sensitivity analysis (reviewer R1); does not change any primary decision
large,OBQA,C2C,Entropy,0.1,2.2051650423871094e-10,1366,120,0,0.0021224263786981707,0.05593912371407661,False,POST-HOC sensitivity analysis (reviewer R1); does not change any primary decision
large,OBQA,C2C,Entropy,0.15,7.982691282228817e-10,1366,213,0,1.7994008716675094e-05,0.031910537422223446,True,POST-HOC sensitivity analysis (reviewer R1); does not change any primary decision
large,OBQA,C2C,Entropy,0.2,2.1394011018564876e-09,1366,272,1,1.3364724990752478e-05,0.033437314891021426,True,POST-HOC sensitivity analysis (reviewer R1); does not change any primary decision
large,OBQA,C2C,Entropy,0.25,5.4167726669184526e-09,1366,323,1,1.148145725788641e-06,0.028224899887266407,True,POST-HOC sensitivity analysis (reviewer R1); does not change any primary decision
large,OBQA,C2C,Entropy,0.3,1.692018910651406e-08,1366,395,1,3.459958018203276e-08,0.023133651368329622,True,POST-HOC sensitivity analysis (reviewer R1); does not change any primary decision
large,OBQA,C2C,Entropy,0.35,4.6045548651826716e-08,1366,459,1,1.4990258538735634e-09,0.019936932907355476,True,POST-HOC sensitivity analysis (reviewer R1); does not change any primary decision
large,OBQA,C2C,Entropy,0.4,1.0858436572255714e-07,1366,512,1,1.0985677056595838e-10,0.01788971893141986,True,POST-HOC sensitivity analysis (reviewer R1); does not change any primary decision
large,OBQA,C2C,Entropy,0.45,3.521618235707534e-07,1366,577,1,4.395546820683184e-12,0.015888773474491774,True,POST-HOC sensitivity analysis (reviewer R1); does not change any primary decision
large,OBQA,C2C,Entropy,0.5,1.246494033764808e-06,1366,639,2,3.4915593238686836e-12,0.01744618981861069,True,POST-HOC sensitivity analysis (reviewer R1); does not change any primary decision
large,OBQA,C2C,Entropy,0.55,5.4474377354076404e-06,1366,720,2,6.909743149488072e-14,0.015496066015966828,True,POST-HOC sensitivity analysis (reviewer R1); does not change any primary decision
large,OBQA,C2C,Entropy,0.6,2.517484379913934e-05,1366,801,4,2.0652796578622037e-13,0.018345565089300665,True,POST-HOC sensitivity analysis (reviewer R1); does not change any primary decision
large,OBQA,C2C,Entropy,0.65,0.00010181216451529773,1366,867,4,9.533051898194384e-15,0.016957713448216165,True,POST-HOC sensitivity analysis (reviewer R1); does not change any primary decision
large,OBQA,C2C,Entropy,0.7,0.0005001098370225241,1366,932,8,1.6636519116978745e-12,0.022539993733984718,True,POST-HOC sensitivity analysis (reviewer R1); does not change any primary decision
large,OBQA,C2C,Entropy,0.75,0.0024163180174223446,1366,996,12,7.059657232788388e-11,0.026930277653457697,True,POST-HOC sensitivity analysis (reviewer R1); does not change any primary decision
large,OBQA,C2C,Entropy,0.8,0.009175721715173002,1366,1065,22,6.503706280823109e-07,0.037880886104462864,True,POST-HOC sensitivity analysis (reviewer R1); does not change any primary decision
large,OBQA,C2C,Entropy,0.85,0.04940119913218145,1366,1134,37,0.002901255946979501,0.052309253850913826,False,POST-HOC sensitivity analysis (reviewer R1); does not change any primary decision
large,OBQA,C2C,Entropy,0.9,0.2160441173246272,1366,1221,65,0.7248379001713876,0.07604854956747376,False,POST-HOC sensitivity analysis (reviewer R1); does not change any primary decision
large,OBQA,C2C,Entropy,0.95,0.5375351591068881,1366,1297,89,0.9986282916856062,0.09299043637015872,False,POST-HOC sensitivity analysis (reviewer R1); does not change any primary decision
large,OBQA,C2C,Entropy,1.0,Infinity,1366,1366,127,0.9999999999811713,0.11964723548538636,False,POST-HOC sensitivity analysis (reviewer R1); does not change any primary decision
large,OBQA,C2C,Margin,0.05,1.1399770016851107e-12,1366,58,0,0.05104686868360342,0.11228029110141347,False,POST-HOC sensitivity analysis (reviewer R1); does not change any primary decision
large,OBQA,C2C,Margin,0.1,6.5601968302075875e-12,1366,133,0,0.0010895307788482953,0.05061228207241714,False,POST-HOC sensitivity analysis (reviewer R1); does not change any primary decision
large,OBQA,C2C,Margin,0.15,2.940081511582093e-11,1366,223,0,1.077367770365076e-05,0.030501625629322047,True,POST-HOC sensitivity analysis (reviewer R1); does not change any primary decision
large,OBQA,C2C,Margin,0.2,7.991962647224682e-11,1366,279,1,9.557593134355457e-06,0.032610725675031794,True,POST-HOC sensitivity analysis (reviewer R1); does not change any primary decision
large,OBQA,C2C,Margin,0.25,1.6918977330249163e-10,1366,317,1,1.5345058661436178e-06,0.028752208080105146,True,POST-HOC sensitivity analysis (reviewer R1); does not change any primary decision
large,OBQA,C2C,Margin,0.3,5.905304023556823e-10,1366,396,1,3.294899634484641e-08,0.023075838962200595,True,POST-HOC sensitivity analysis (reviewer R1); does not change any primary decision
large,OBQA,C2C,Margin,0.35,2.061153470123145e-09,1366,475,1,6.818453140426573e-10,0.019271182789634897,True,POST-HOC sensitivity analysis (reviewer R1); does not change any primary decision
large,OBQA,C2C,Margin,0.4,5.602796449011294e-09,1366,523,1,6.378098935862552e-11,0.017516410064559597,True,POST-HOC sensitivity analysis (reviewer R1); does not change any primary decision
large,OBQA,C2C,Margin,0.45,1.5229980832032197e-08,1366,576,1,4.619128149605253e-12,0.0159161613149226,True,POST-HOC sensitivity analysis (reviewer R1); does not change any primary decision
large,OBQA,C2C,Margin,0.5,1.6060866769862514e-07,1366,642,2,3.0209317677572816e-12,0.017365250981299454,True,POST-HOC sensitivity analysis (reviewer R1); does not change any primary decision
large,OBQA,C2C,Margin,0.55,6.635301872393029e-07,1366,724,2,5.689118693672734e-14,0.015410997600519739,True,POST-HOC sensitivity analysis (reviewer R1); does not change any primary decision
large,OBQA,C2C,Margin,0.6,3.0942599096306367e-06,1366,799,4,2.2661531220523655e-13,0.018391176186968516,True,POST-HOC sensitivity analysis (reviewer R1); does not change any primary decision
large,OBQA,C2C,Margin,0.65,1.569747291796375e-05,1366,869,4,8.681541361901266e-15,0.01691892775359042,True,POST-HOC sensitivity analysis (reviewer R1); does not change any primary decision
large,OBQA,C2C,Margin,0.7,9.081658936338499e-05,1366,932,8,1.6636519116978745e-12,0.022539993733984718,True,POST-HOC sensitivity analysis (reviewer R1); does not change any primary decision
large,OBQA,C2C,Margin,0.75,0.00047372051631100476,1366,1001,13,2.3779647609254187e-10,0.02819891678449037,True,POST-HOC sensitivity analysis (reviewer R1); does not change any primary decision
large,OBQA,C2C,Margin,0.8,0.002339548896998167,1366,1067,22,6.112337485724994e-07,0.03781050829106079,True,POST-HOC sensitivity analysis (reviewer R1); does not change any primary decision
large,OBQA,C2C,Margin,0.85,0.017155010253190994,1366,1135,37,0.002845311366930047,0.052263637801804055,False,POST-HOC sensitivity analysis (reviewer R1); does not change any primary decision
large,OBQA,C2C,Margin,0.9,0.09501740336418152,1366,1219,64,0.6850556634294855,0.07521274423761887,False,POST-HOC sensitivity analysis (reviewer R1); does not change any primary decision
large,OBQA,C2C,Margin,0.95,0.4454007148742676,1366,1294,89,0.9987172512149547,0.09320317459244007,False,POST-HOC sensitivity analysis (reviewer R1); does not change any primary decision
large,OBQA,C2C,Margin,1.0,Infinity,1366,1366,127,0.9999999999811713,0.11964723548538636,False,POST-HOC sensitivity analysis (reviewer R1); does not change any primary decision
large,ARC,Text,Entropy,0.05,6.850492417615762e-12,448,18,0,0.3972143184582186,0.3187079309420387,False,POST-HOC sensitivity analysis (reviewer R1); does not change any primary decision
large,ARC,Text,Entropy,0.1,2.1072695342398037e-11,448,38,0,0.14239574134637495,0.1662177765282108,False,POST-HOC sensitivity analysis (reviewer R1); does not change any primary decision
large,ARC,Text,Entropy,0.15,5.147060436088516e-11,448,53,0,0.06597069817787209,0.12219868640275156,False,POST-HOC sensitivity analysis (reviewer R1); does not change any primary decision
large,ARC,Text,Entropy,0.2,1.0675255718808222e-10,448,84,0,0.01345187565768352,0.07894468231051828,False,POST-HOC sensitivity analysis (reviewer R1); does not change any primary decision
large,ARC,Text,Entropy,0.25,2.1820325902204758e-10,448,109,0,0.0037314100463728224,0.06140753319234596,False,POST-HOC sensitivity analysis (reviewer R1); does not change any primary decision
large,ARC,Text,Entropy,0.3,3.6436460597310826e-10,448,130,0,0.0012707750737405395,0.05174950753189057,False,POST-HOC sensitivity analysis (reviewer R1); does not change any primary decision
large,ARC,Text,Entropy,0.35,7.057048436906697e-10,448,148,0,0.0005047700548295407,0.045601540359178426,True,POST-HOC sensitivity analysis (reviewer R1); does not change any primary decision
large,ARC,Text,Entropy,0.4,1.1920835953108777e-09,448,173,0,0.0001400179500338512,0.03914255498067764,True,POST-HOC sensitivity analysis (reviewer R1); does not change any primary decision
large,ARC,Text,Entropy,0.45,2.7495050979339833e-09,448,204,0,2.855061573883531e-05,0.033294659908957996,True,POST-HOC sensitivity analysis (reviewer R1); does not change any primary decision
large,ARC,Text,Entropy,0.5,6.5033887562942235e-09,448,236,0,5.530582156974034e-06,0.028845927748983504,True,POST-HOC sensitivity analysis (reviewer R1); does not change any primary decision
large,ARC,Text,Entropy,0.55,1.332455443255927e-08,448,257,0,1.8835040536991103e-06,0.026520415093536562,True,POST-HOC sensitivity analysis (reviewer R1); does not change any primary decision
large,ARC,Text,Entropy,0.6,3.2672980523376216e-08,448,276,0,7.107470400532149e-07,0.024717492660782624,True,POST-HOC sensitivity analysis (reviewer R1); does not change any primary decision
large,ARC,Text,Entropy,0.65,1.2535255838424044e-07,448,298,0,2.2995050944798753e-07,0.022913785621375034,True,POST-HOC sensitivity analysis (reviewer R1); does not change any primary decision
large,ARC,Text,Entropy,0.7,4.395220003734348e-07,448,313,0,1.0653405439802019e-07,0.02182775584219601,True,POST-HOC sensitivity analysis (reviewer R1); does not change any primary decision
large,ARC,Text,Entropy,0.75,1.5847271552269159e-06,448,329,0,4.6888478460166566e-08,0.020777330698832305,True,POST-HOC sensitivity analysis (reviewer R1); does not change any primary decision
large,ARC,Text,Entropy,0.8,1.3041152106387211e-05,448,359,0,1.0064085059855213e-08,0.019057719107777083,True,POST-HOC sensitivity analysis (reviewer R1); does not change any primary decision
large,ARC,Text,Entropy,0.85,0.00039808579907945366,448,387,2,5.463634121190288e-07,0.02867153252988167,True,POST-HOC sensitivity analysis (reviewer R1); does not change any primary decision
large,ARC,Text,Entropy,0.9,0.005854976548206017,448,404,3,1.8395676690471413e-06,0.03193226928210504,True,POST-HOC sensitivity analysis (reviewer R1); does not change any primary decision
large,ARC,Text,Entropy,0.95,0.09034306867699536,448,422,4,4.801495832619201e-06,0.034611682349104694,True,POST-HOC sensitivity analysis (reviewer R1); does not change any primary decision
large,ARC,Text,Entropy,1.0,Infinity,448,448,12,0.010802134398183727,0.059318978439679634,False,POST-HOC sensitivity analysis (reviewer R1); does not change any primary decision
large,ARC,Text,Margin,0.05,1.9806378759312793e-13,448,21,0,0.34056162628811515,0.28031432699884795,False,POST-HOC sensitivity analysis (reviewer R1); does not change any primary decision
large,ARC,Text,Margin,0.1,5.384581669432009e-13,448,39,0,0.13527595427905617,0.16232235993170807,False,POST-HOC sensitivity analysis (reviewer R1); does not change any primary decision
large,ARC,Text,Margin,0.15,1.4638290579682689e-12,448,59,0,0.04849452524942324,0.1104865026891766,False,POST-HOC sensitivity analysis (reviewer R1); does not change any primary decision
large,ARC,Text,Margin,0.2,3.098854506333737e-12,448,87,0,0.011533301892006412,0.07632914281261377,False,POST-HOC sensitivity analysis (reviewer R1); does not change any primary decision
large,ARC,Text,Margin,0.25,6.5601968302075875e-12,448,109,0,0.0037314100463728224,0.06140753319234596,False,POST-HOC sensitivity analysis (reviewer R1); does not change any primary decision
large,ARC,Text,Margin,0.3,1.0815903728200738e-11,448,129,0,0.0013376579723584634,0.052140022347761564,False,POST-HOC sensitivity analysis (reviewer R1); does not change any primary decision
large,ARC,Text,Margin,0.35,2.289735068217169e-11,448,153,0,0.0003905814462479285,0.04414469053147085,True,POST-HOC sensitivity analysis (reviewer R1); does not change any primary decision
large,ARC,Text,Margin,0.4,4.8473669522763885e-11,448,188,0,6.486908831562983e-05,0.0360765335219201,True,POST-HOC sensitivity analysis (reviewer R1); does not change any primary decision
large,ARC,Text,Margin,0.45,7.991962647224682e-11,448,203,0,3.0053279725089786e-05,0.03345589836647873,True,POST-HOC sensitivity analysis (reviewer R1); does not change any primary decision
large,ARC,Text,Margin,0.5,2.1724400056655213e-10,448,237,0,5.254053049125334e-06,0.028725980152883076,True,POST-HOC sensitivity analysis (reviewer R1); does not change any primary decision
large,ARC,Text,Margin,0.55,5.905304023556823e-10,448,263,0,1.3845485558335288e-06,0.025923298237795194,True,POST-HOC sensitivity analysis (reviewer R1); does not change any primary decision
large,ARC,Text,Margin,0.6,1.6052279505629485e-09,448,281,0,5.499625109777268e-07,0.024283063780915423,True,POST-HOC sensitivity analysis (reviewer R1); does not change any primary decision
large,ARC,Text,Margin,0.65,5.602796449011294e-09,448,298,0,2.2995050944798753e-07,0.022913785621375034,True,POST-HOC sensitivity analysis (reviewer R1); does not change any primary decision
large,ARC,Text,Margin,0.7,1.9555681518568235e-08,448,313,0,1.0653405439802019e-07,0.02182775584219601,True,POST-HOC sensitivity analysis (reviewer R1); does not change any primary decision
large,ARC,Text,Margin,0.75,2.068517730435815e-07,448,330,0,4.4544054537158334e-08,0.020715025773397365,True,POST-HOC sensitivity analysis (reviewer R1); does not change any primary decision
large,ARC,Text,Margin,0.8,1.7255975990337902e-06,448,359,0,1.0064085059855213e-08,0.019057719107777083,True,POST-HOC sensitivity analysis (reviewer R1); does not change any primary decision
large,ARC,Text,Margin,0.85,6.210619721969124e-05,448,385,1,5.6391779624023226e-08,0.023728116359650362,True,POST-HOC sensitivity analysis (reviewer R1); does not change any primary decision
large,ARC,Text,Margin,0.9,0.0014192636590451002,448,405,3,1.7599871161534078e-06,0.03185440297413444,True,POST-HOC sensitivity analysis (reviewer R1); does not change any primary decision
large,ARC,Text,Margin,0.95,0.03260473534464836,448,421,4,5.008654866234748e-06,0.03469284124377662,True,POST-HOC sensitivity analysis (reviewer R1); does not change any primary decision
large,ARC,Text,Margin,1.0,Infinity,448,448,12,0.010802134398183727,0.059318978439679634,False,POST-HOC sensitivity analysis (reviewer R1); does not change any primary decision
large,ARC,C2C,Entropy,0.05,6.850492417615762e-12,448,18,0,0.3972143184582186,0.3187079309420387,False,POST-HOC sensitivity analysis (reviewer R1); does not change any primary decision
large,ARC,C2C,Entropy,0.1,2.1072695342398037e-11,448,38,0,0.14239574134637495,0.1662177765282108,False,POST-HOC sensitivity analysis (reviewer R1); does not change any primary decision
large,ARC,C2C,Entropy,0.15,5.147060436088516e-11,448,53,0,0.06597069817787209,0.12219868640275156,False,POST-HOC sensitivity analysis (reviewer R1); does not change any primary decision
large,ARC,C2C,Entropy,0.2,1.0675255718808222e-10,448,84,0,0.01345187565768352,0.07894468231051828,False,POST-HOC sensitivity analysis (reviewer R1); does not change any primary decision
large,ARC,C2C,Entropy,0.25,2.1820325902204758e-10,448,109,0,0.0037314100463728224,0.06140753319234596,False,POST-HOC sensitivity analysis (reviewer R1); does not change any primary decision
large,ARC,C2C,Entropy,0.3,3.6436460597310826e-10,448,130,0,0.0012707750737405395,0.05174950753189057,False,POST-HOC sensitivity analysis (reviewer R1); does not change any primary decision
large,ARC,C2C,Entropy,0.35,7.057048436906697e-10,448,148,0,0.0005047700548295407,0.045601540359178426,True,POST-HOC sensitivity analysis (reviewer R1); does not change any primary decision
large,ARC,C2C,Entropy,0.4,1.1920835953108777e-09,448,173,0,0.0001400179500338512,0.03914255498067764,True,POST-HOC sensitivity analysis (reviewer R1); does not change any primary decision
large,ARC,C2C,Entropy,0.45,2.7495050979339833e-09,448,204,0,2.855061573883531e-05,0.033294659908957996,True,POST-HOC sensitivity analysis (reviewer R1); does not change any primary decision
large,ARC,C2C,Entropy,0.5,6.5033887562942235e-09,448,236,0,5.530582156974034e-06,0.028845927748983504,True,POST-HOC sensitivity analysis (reviewer R1); does not change any primary decision
large,ARC,C2C,Entropy,0.55,1.332455443255927e-08,448,257,0,1.8835040536991103e-06,0.026520415093536562,True,POST-HOC sensitivity analysis (reviewer R1); does not change any primary decision
large,ARC,C2C,Entropy,0.6,3.2672980523376216e-08,448,276,1,1.1035282990299758e-05,0.03295992087478783,True,POST-HOC sensitivity analysis (reviewer R1); does not change any primary decision
large,ARC,C2C,Entropy,0.65,1.2535255838424044e-07,448,298,1,3.8365427102637345e-06,0.03056016375359564,True,POST-HOC sensitivity analysis (reviewer R1); does not change any primary decision
large,ARC,C2C,Entropy,0.7,4.395220003734348e-07,448,313,2,1.627108482905581e-05,0.0353504887002706,True,POST-HOC sensitivity analysis (reviewer R1); does not change any primary decision
large,ARC,C2C,Entropy,0.75,1.5847271552269159e-06,448,329,2,7.866873582757128e-06,0.03365539113425281,True,POST-HOC sensitivity analysis (reviewer R1); does not change any primary decision
large,ARC,C2C,Entropy,0.8,1.3041152106387211e-05,448,359,2,1.9917130995324734e-06,0.0308790694080494,True,POST-HOC sensitivity analysis (reviewer R1); does not change any primary decision
large,ARC,C2C,Entropy,0.85,0.00039808579907945366,448,387,3,3.8912561278382925e-06,0.03331676084199606,True,POST-HOC sensitivity analysis (reviewer R1); does not change any primary decision
large,ARC,C2C,Entropy,0.9,0.005854976548206017,448,404,7,0.0005396969574823307,0.04782528727380111,True,POST-HOC sensitivity analysis (reviewer R1); does not change any primary decision
large,ARC,C2C,Entropy,0.95,0.09034306867699536,448,422,11,0.010694973881189,0.05959548203093573,False,POST-HOC sensitivity analysis (reviewer R1); does not change any primary decision
large,ARC,C2C,Entropy,1.0,Infinity,448,448,21,0.43509867343301667,0.0860917822721633,False,POST-HOC sensitivity analysis (reviewer R1); does not change any primary decision
large,ARC,C2C,Margin,0.05,1.9806378759312793e-13,448,21,0,0.34056162628811515,0.28031432699884795,False,POST-HOC sensitivity analysis (reviewer R1); does not change any primary decision
large,ARC,C2C,Margin,0.1,5.384581669432009e-13,448,39,0,0.13527595427905617,0.16232235993170807,False,POST-HOC sensitivity analysis (reviewer R1); does not change any primary decision
large,ARC,C2C,Margin,0.15,1.4638290579682689e-12,448,59,0,0.04849452524942324,0.1104865026891766,False,POST-HOC sensitivity analysis (reviewer R1); does not change any primary decision
large,ARC,C2C,Margin,0.2,3.098854506333737e-12,448,87,0,0.011533301892006412,0.07632914281261377,False,POST-HOC sensitivity analysis (reviewer R1); does not change any primary decision
large,ARC,C2C,Margin,0.25,6.5601968302075875e-12,448,109,0,0.0037314100463728224,0.06140753319234596,False,POST-HOC sensitivity analysis (reviewer R1); does not change any primary decision
large,ARC,C2C,Margin,0.3,1.0815903728200738e-11,448,129,0,0.0013376579723584634,0.052140022347761564,False,POST-HOC sensitivity analysis (reviewer R1); does not change any primary decision
large,ARC,C2C,Margin,0.35,2.289735068217169e-11,448,153,0,0.0003905814462479285,0.04414469053147085,True,POST-HOC sensitivity analysis (reviewer R1); does not change any primary decision
large,ARC,C2C,Margin,0.4,4.8473669522763885e-11,448,188,0,6.486908831562983e-05,0.0360765335219201,True,POST-HOC sensitivity analysis (reviewer R1); does not change any primary decision
large,ARC,C2C,Margin,0.45,7.991962647224682e-11,448,203,0,3.0053279725089786e-05,0.03345589836647873,True,POST-HOC sensitivity analysis (reviewer R1); does not change any primary decision
large,ARC,C2C,Margin,0.5,2.1724400056655213e-10,448,237,0,5.254053049125334e-06,0.028725980152883076,True,POST-HOC sensitivity analysis (reviewer R1); does not change any primary decision
large,ARC,C2C,Margin,0.55,5.905304023556823e-10,448,263,0,1.3845485558335288e-06,0.025923298237795194,True,POST-HOC sensitivity analysis (reviewer R1); does not change any primary decision
large,ARC,C2C,Margin,0.6,1.6052279505629485e-09,448,281,1,8.68361859438503e-06,0.03238201032240303,True,POST-HOC sensitivity analysis (reviewer R1); does not change any primary decision
large,ARC,C2C,Margin,0.65,5.602796449011294e-09,448,298,1,3.8365427102637345e-06,0.03056016375359564,True,POST-HOC sensitivity analysis (reviewer R1); does not change any primary decision
large,ARC,C2C,Margin,0.7,1.9555681518568235e-08,448,313,2,1.627108482905581e-05,0.0353504887002706,True,POST-HOC sensitivity analysis (reviewer R1); does not change any primary decision
large,ARC,C2C,Margin,0.75,2.068517730435815e-07,448,330,2,7.516469878630158e-06,0.033554828568410036,True,POST-HOC sensitivity analysis (reviewer R1); does not change any primary decision
large,ARC,C2C,Margin,0.8,1.7255975990337902e-06,448,359,2,1.9917130995324734e-06,0.0308790694080494,True,POST-HOC sensitivity analysis (reviewer R1); does not change any primary decision
large,ARC,C2C,Margin,0.85,6.210619721969124e-05,448,385,3,4.248385402754289e-06,0.033487574913000445,True,POST-HOC sensitivity analysis (reviewer R1); does not change any primary decision
large,ARC,C2C,Margin,0.9,0.0014192636590451002,448,405,7,0.0005211798309613595,0.047709046510073704,True,POST-HOC sensitivity analysis (reviewer R1); does not change any primary decision
large,ARC,C2C,Margin,0.95,0.03260473534464836,448,421,11,0.010985410322264851,0.059734569535317354,False,POST-HOC sensitivity analysis (reviewer R1); does not change any primary decision
large,ARC,C2C,Margin,1.0,Infinity,448,448,21,0.43509867343301667,0.0860917822721633,False,POST-HOC sensitivity analysis (reviewer R1); does not change any primary decision
large,MMLU-Pro,Text,Entropy,0.05,6.072056197805297e-11,6000,256,0,1.982635845999063e-06,0.026622619096079773,True,POST-HOC sensitivity analysis (reviewer R1); does not change any primary decision
large,MMLU-Pro,Text,Entropy,0.1,1.1306969401056763e-09,6000,595,1,1.7987048970840926e-12,0.015411425537506771,True,POST-HOC sensitivity analysis (reviewer R1); does not change any primary decision
large,MMLU-Pro,Text,Entropy,0.15,1.6493751490693034e-08,6000,897,1,5.025922839632382e-19,0.010246550785996497,True,POST-HOC sensitivity analysis (reviewer R1); does not change any primary decision
large,MMLU-Pro,Text,Entropy,0.2,1.8306512059809752e-07,6000,1203,9,8.092561730733215e-17,0.018727363895368214,True,POST-HOC sensitivity analysis (reviewer R1); does not change any primary decision
large,MMLU-Pro,Text,Entropy,0.25,2.2705611574172014e-06,6000,1504,16,4.114001400430945e-17,0.021571488359801248,True,POST-HOC sensitivity analysis (reviewer R1); does not change any primary decision
large,MMLU-Pro,Text,Entropy,0.3,1.675327105425836e-05,6000,1809,26,4.0015029195791707e-16,0.025253098538744693,True,POST-HOC sensitivity analysis (reviewer R1); does not change any primary decision
large,MMLU-Pro,Text,Entropy,0.35,0.00010067597406117145,6000,2090,43,2.9438892883504038e-12,0.032047586410254174,True,POST-HOC sensitivity analysis (reviewer R1); does not change any primary decision
large,MMLU-Pro,Text,Entropy,0.4,0.0004563647329891047,6000,2358,68,2.4118326259763227e-07,0.041105765374055775,True,POST-HOC sensitivity analysis (reviewer R1); does not change any primary decision
large,MMLU-Pro,Text,Entropy,0.45,0.0017508962533201657,6000,2654,105,0.006303337056370551,0.05264981078174013,False,POST-HOC sensitivity analysis (reviewer R1); does not change any primary decision
large,MMLU-Pro,Text,Entropy,0.5,0.006805028687286379,6000,2955,154,0.7184608066706781,0.06596272600077575,False,POST-HOC sensitivity analysis (reviewer R1); does not change any primary decision
large,MMLU-Pro,Text,Entropy,0.55,0.01791268330994204,6000,3263,204,0.9993421400192147,0.07668708279236991,False,POST-HOC sensitivity analysis (reviewer R1); does not change any primary decision
large,MMLU-Pro,Text,Entropy,0.6,0.040675190599752026,6000,3561,276,0.9999999999990296,0.0923009791257447,False,POST-HOC sensitivity analysis (reviewer R1); does not change any primary decision
large,MMLU-Pro,Text,Entropy,0.65,0.0901642603292893,6000,3875,365,1.0,0.10953199904185693,False,POST-HOC sensitivity analysis (reviewer R1); does not change any primary decision
large,MMLU-Pro,Text,Entropy,0.7,0.16382804438791204,6000,4166,460,1.0,0.12617343903805212,False,POST-HOC sensitivity analysis (reviewer R1); does not change any primary decision
large,MMLU-Pro,Text,Entropy,0.75,0.26910459585700736,6000,4450,558,1.0,0.14141241453388423,False,POST-HOC sensitivity analysis (reviewer R1); does not change any primary decision
large,MMLU-Pro,Text,Entropy,0.8,0.41744247938717405,6000,4760,673,1.0,0.15760239480108335,False,POST-HOC sensitivity analysis (reviewer R1); does not change any primary decision
large,MMLU-Pro,Text,Entropy,0.85,0.5735787373125796,6000,5068,793,1.0,0.1727940412149838,False,POST-HOC sensitivity analysis (reviewer R1); does not change any primary decision
large,MMLU-Pro,Text,Entropy,0.9,0.7001913640129249,6000,5377,941,1.0,0.1915134354794217,False,POST-HOC sensitivity analysis (reviewer R1); does not change any primary decision
large,MMLU-Pro,Text,Entropy,0.95,0.9408197499580229,6000,5664,1092,1.0,0.20944377582239312,False,POST-HOC sensitivity analysis (reviewer R1); does not change any primary decision
large,MMLU-Pro,Text,Entropy,1.0,Infinity,6000,6000,1295,1.0,0.2326431035048787,False,POST-HOC sensitivity analysis (reviewer R1); does not change any primary decision
large,MMLU-Pro,Text,Margin,0.05,1.4638290579682689e-12,6000,282,0,5.224643854288397e-07,0.024198003994453876,True,POST-HOC sensitivity analysis (reviewer R1); does not change any primary decision
large,MMLU-Pro,Text,Margin,0.1,2.940081511582093e-11,6000,597,1,1.6286188932979322e-12,0.015360151449418599,True,POST-HOC sensitivity analysis (reviewer R1); does not change any primary decision
large,MMLU-Pro,Text,Margin,0.15,5.905304023556823e-10,6000,916,1,1.9358890106722446e-19,0.010034967434670227,True,POST-HOC sensitivity analysis (reviewer R1); does not change any primary decision
large,MMLU-Pro,Text,Margin,0.2,7.194133289090132e-09,6000,1218,9,4.184794465913644e-17,0.01849802657097253,True,POST-HOC sensitivity analysis (reviewer R1); does not change any primary decision
large,MMLU-Pro,Text,Margin,0.25,2.317444653954226e-07,6000,1521,16,2.0551784561595786e-17,0.02133170881190503,True,POST-HOC sensitivity analysis (reviewer R1); does not change any primary decision
large,MMLU-Pro,Text,Margin,0.3,2.140586616405926e-06,6000,1826,27,7.582570693014449e-16,0.025722162155583272,True,POST-HOC sensitivity analysis (reviewer R1); does not change any primary decision
large,MMLU-Pro,Text,Margin,0.35,1.5442478343175026e-05,6000,2107,44,4.363805350758037e-12,0.03236978351998036,True,POST-HOC sensitivity analysis (reviewer R1); does not change any primary decision
large,MMLU-Pro,Text,Margin,0.4,7.076141264406033e-05,6000,2348,63,1.3802070377481317e-08,0.03877091343835407,True,POST-HOC sensitivity analysis (reviewer R1); does not change any primary decision
large,MMLU-Pro,Text,Margin,0.45,0.0003168057737639174,6000,2651,104,0.004972979020751976,0.05227951232528659,False,POST-HOC sensitivity analysis (reviewer R1); does not change any primary decision
large,MMLU-Pro,Text,Margin,0.5,0.0014241478638723493,6000,2956,153,0.6881917539743044,0.0655644216067721,False,POST-HOC sensitivity analysis (reviewer R1); does not change any primary decision
large,MMLU-Pro,Text,Margin,0.55,0.00472348986659199,6000,3279,207,0.9996228599469014,0.07731747014122775,False,POST-HOC sensitivity analysis (reviewer R1); does not change any primary decision
large,MMLU-Pro,Text,Margin,0.6,0.012246542610228062,6000,3573,280,0.9999999999997988,0.0932017925679806,False,POST-HOC sensitivity analysis (reviewer R1); does not change any primary decision
large,MMLU-Pro,Text,Margin,0.65,0.028398554772138596,6000,3876,359,1.0,0.10785160806333265,False,POST-HOC sensitivity analysis (reviewer R1); does not change any primary decision
large,MMLU-Pro,Text,Margin,0.7,0.05979123339056969,6000,4148,452,1.0,0.12467542774305676,False,POST-HOC sensitivity analysis (reviewer R1); does not change any primary decision
large,MMLU-Pro,Text,Margin,0.75,0.12126917392015457,6000,4458,556,1.0,0.14068952038463592,False,POST-HOC sensitivity analysis (reviewer R1); does not change any primary decision
large,MMLU-Pro,Text,Margin,0.8,0.2030682936310768,6000,4741,667,1.0,0.15690584158124454,False,POST-HOC sensitivity analysis (reviewer R1); does not change any primary decision
large,MMLU-Pro,Text,Margin,0.85,0.34203290939331055,6000,5023,784,1.0,0.17246395655645907,False,POST-HOC sensitivity analysis (reviewer R1); does not change any primary decision
large,MMLU-Pro,Text,Margin,0.9,0.5385749340057373,6000,5374,940,1.0,0.19142672234785937,False,POST-HOC sensitivity analysis (reviewer R1); does not change any primary decision
large,MMLU-Pro,Text,Margin,0.95,0.7678400427103043,6000,5694,1108,1.0,0.21124763373546526,False,POST-HOC sensitivity analysis (reviewer R1); does not change any primary decision
large,MMLU-Pro,Text,Margin,1.0,Infinity,6000,6000,1295,1.0,0.2326431035048787,False,POST-HOC sensitivity analysis (reviewer R1); does not change any primary decision
large,MMLU-Pro,C2C,Entropy,0.05,6.072056197805297e-11,6000,256,2,0.00020795708118768297,0.04308015975364931,True,POST-HOC sensitivity analysis (reviewer R1); does not change any primary decision
large,MMLU-Pro,C2C,Entropy,0.1,1.1306969401056763e-09,6000,595,4,2.520506098886105e-09,0.024639586052358217,True,POST-HOC sensitivity analysis (reviewer R1); does not change any primary decision
large,MMLU-Pro,C2C,Entropy,0.15,1.6493751490693034e-08,6000,897,6,1.8013715180435607e-13,0.02000061796910637,True,POST-HOC sensitivity analysis (reviewer R1); does not change any primary decision
large,MMLU-Pro,C2C,Entropy,0.2,1.8306512059809752e-07,6000,1203,8,1.1372707150402404e-17,0.017490235303631786,True,POST-HOC sensitivity analysis (reviewer R1); does not change any primary decision
large,MMLU-Pro,C2C,Entropy,0.25,2.2705611574172014e-06,6000,1504,9,1.1601282036138389e-22,0.014996453203179981,True,POST-HOC sensitivity analysis (reviewer R1); does not change any primary decision
large,MMLU-Pro,C2C,Entropy,0.3,1.675327105425836e-05,6000,1809,23,7.213288233769942e-18,0.023105464221088882,True,POST-HOC sensitivity analysis (reviewer R1); does not change any primary decision
large,MMLU-Pro,C2C,Entropy,0.35,0.00010067597406117145,6000,2090,44,7.319717714158804e-12,0.03263151566210729,True,POST-HOC sensitivity analysis (reviewer R1); does not change any primary decision
large,MMLU-Pro,C2C,Entropy,0.4,0.0004563647329891047,6000,2358,74,6.188307541576372e-06,0.0440841191891765,True,POST-HOC sensitivity analysis (reviewer R1); does not change any primary decision
large,MMLU-Pro,C2C,Entropy,0.45,0.0017508962533201657,6000,2654,118,0.10142845539277462,0.058202250684871976,False,POST-HOC sensitivity analysis (reviewer R1); does not change any primary decision
large,MMLU-Pro,C2C,Entropy,0.5,0.006805028687286379,6000,2955,190,0.9997426597027094,0.07942025763712535,False,POST-HOC sensitivity analysis (reviewer R1); does not change any primary decision
large,MMLU-Pro,C2C,Entropy,0.55,0.01791268330994204,6000,3263,276,1.0,0.10065631568886993,False,POST-HOC sensitivity analysis (reviewer R1); does not change any primary decision
large,MMLU-Pro,C2C,Entropy,0.6,0.040675190599752026,6000,3561,384,1.0,0.1247808077421832,False,POST-HOC sensitivity analysis (reviewer R1); does not change any primary decision
large,MMLU-Pro,C2C,Entropy,0.65,0.0901642603292893,6000,3875,508,1.0,0.14861967937406642,False,POST-HOC sensitivity analysis (reviewer R1); does not change any primary decision
large,MMLU-Pro,C2C,Entropy,0.7,0.16382804438791204,6000,4166,637,1.0,0.17081242943863897,False,POST-HOC sensitivity analysis (reviewer R1); does not change any primary decision
large,MMLU-Pro,C2C,Entropy,0.75,0.26910459585700736,6000,4450,778,1.0,0.19302566240749774,False,POST-HOC sensitivity analysis (reviewer R1); does not change any primary decision
large,MMLU-Pro,C2C,Entropy,0.8,0.41744247938717405,6000,4760,952,1.0,0.21843940966036302,False,POST-HOC sensitivity analysis (reviewer R1); does not change any primary decision
large,MMLU-Pro,C2C,Entropy,0.85,0.5735787373125796,6000,5068,1115,1.0,0.23845387422834496,False,POST-HOC sensitivity analysis (reviewer R1); does not change any primary decision
large,MMLU-Pro,C2C,Entropy,0.9,0.7001913640129249,6000,5377,1312,1.0,0.26250884512201517,False,POST-HOC sensitivity analysis (reviewer R1); does not change any primary decision
large,MMLU-Pro,C2C,Entropy,0.95,0.9408197499580229,6000,5664,1507,1.0,0.28457054745883326,False,POST-HOC sensitivity analysis (reviewer R1); does not change any primary decision
large,MMLU-Pro,C2C,Entropy,1.0,Infinity,6000,6000,1748,1.0,0.30977105278548656,False,POST-HOC sensitivity analysis (reviewer R1); does not change any primary decision
large,MMLU-Pro,C2C,Margin,0.05,1.4638290579682689e-12,6000,282,2,6.561921117823622e-05,0.03917312939296317,True,POST-HOC sensitivity analysis (reviewer R1); does not change any primary decision
large,MMLU-Pro,C2C,Margin,0.1,2.940081511582093e-11,6000,597,4,2.304517329345278e-09,0.024557787717163115,True,POST-HOC sensitivity analysis (reviewer R1); does not change any primary decision
large,MMLU-Pro,C2C,Margin,0.15,5.905304023556823e-10,6000,916,6,7.68889355925583e-14,0.01958849206164044,True,POST-HOC sensitivity analysis (reviewer R1); does not change any primary decision
large,MMLU-Pro,C2C,Margin,0.2,7.194133289090132e-09,6000,1218,8,5.809574587810139e-18,0.017276003210514066,True,POST-HOC sensitivity analysis (reviewer R1); does not change any primary decision
large,MMLU-Pro,C2C,Margin,0.25,2.317444653954226e-07,6000,1521,9,5.361007149478701e-23,0.014829593523620555,True,POST-HOC sensitivity analysis (reviewer R1); does not change any primary decision
large,MMLU-Pro,C2C,Margin,0.3,2.140586616405926e-06,6000,1826,24,1.4969637649700507e-17,0.02360412658159019,True,POST-HOC sensitivity analysis (reviewer R1); does not change any primary decision
large,MMLU-Pro,C2C,Margin,0.35,1.5442478343175026e-05,6000,2107,45,1.0692380899701695e-11,0.032947793212220515,True,POST-HOC sensitivity analysis (reviewer R1); does not change any primary decision
large,MMLU-Pro,C2C,Margin,0.4,7.076141264406033e-05,6000,2348,75,1.2315578879356252e-05,0.044767195738180283,True,POST-HOC sensitivity analysis (reviewer R1); does not change any primary decision
large,MMLU-Pro,C2C,Margin,0.45,0.0003168057737639174,6000,2651,119,0.12136677586819247,0.058693461536228494,False,POST-HOC sensitivity analysis (reviewer R1); does not change any primary decision
large,MMLU-Pro,C2C,Margin,0.5,0.0014241478638723493,6000,2956,188,0.9995378535491561,0.07865032186314569,False,POST-HOC sensitivity analysis (reviewer R1); does not change any primary decision
large,MMLU-Pro,C2C,Margin,0.55,0.00472348986659199,6000,3279,288,1.0,0.10411227092433638,False,POST-HOC sensitivity analysis (reviewer R1); does not change any primary decision
large,MMLU-Pro,C2C,Margin,0.6,0.012246542610228062,6000,3573,400,1.0,0.12912364611948932,False,POST-HOC sensitivity analysis (reviewer R1); does not change any primary decision
large,MMLU-Pro,C2C,Margin,0.65,0.028398554772138596,6000,3876,514,1.0,0.15021044841473571,False,POST-HOC sensitivity analysis (reviewer R1); does not change any primary decision
large,MMLU-Pro,C2C,Margin,0.7,0.05979123339056969,6000,4148,633,1.0,0.17053849383068753,False,POST-HOC sensitivity analysis (reviewer R1); does not change any primary decision
large,MMLU-Pro,C2C,Margin,0.75,0.12126917392015457,6000,4458,794,1.0,0.19640759301013902,False,POST-HOC sensitivity analysis (reviewer R1); does not change any primary decision
large,MMLU-Pro,C2C,Margin,0.8,0.2030682936310768,6000,4741,949,1.0,0.21865153125296058,False,POST-HOC sensitivity analysis (reviewer R1); does not change any primary decision
large,MMLU-Pro,C2C,Margin,0.85,0.34203290939331055,6000,5023,1110,1.0,0.23954129033274638,False,POST-HOC sensitivity analysis (reviewer R1); does not change any primary decision
large,MMLU-Pro,C2C,Margin,0.9,0.5385749340057373,6000,5374,1333,1.0,0.26665337072356143,False,POST-HOC sensitivity analysis (reviewer R1); does not change any primary decision
large,MMLU-Pro,C2C,Margin,0.95,0.7678400427103043,6000,5694,1537,1.0,0.2884659675224822,False,POST-HOC sensitivity analysis (reviewer R1); does not change any primary decision
large,MMLU-Pro,C2C,Margin,1.0,Infinity,6000,6000,1748,1.0,0.30977105278548656,False,POST-HOC sensitivity analysis (reviewer R1); does not change any primary decision
