benchmark,question_id,split,reviewed_pairs,reviewed_actions,n_review_records,diagnostic_reasons,selection_rule,source,label
ARC,ACTAAP_2008_7_15,calibration,large,c2c,1,explicit_single,"saved-vs-diagnostic parser disagreement or ambiguous diagnostic parse (content-selected, NOT random)",P2_SCORE_SENSITIVITY_20260912T055929Z/case_review.jsonl,POST-HOC re-analysis (reviewer R2/E5); does not change any primary decision
ARC,ACTAAP_2009_7_17,calibration,small,acw;receiver_only;text,5,explicit_multiple_options,"saved-vs-diagnostic parser disagreement or ambiguous diagnostic parse (content-selected, NOT random)",P2_SCORE_SENSITIVITY_20260912T055929Z/case_review.jsonl,POST-HOC re-analysis (reviewer R2/E5); does not change any primary decision
ARC,ACTAAP_2010_7_1,calibration,small,text,1,explicit_multiple_options,"saved-vs-diagnostic parser disagreement or ambiguous diagnostic parse (content-selected, NOT random)",P2_SCORE_SENSITIVITY_20260912T055929Z/case_review.jsonl,POST-HOC re-analysis (reviewer R2/E5); does not change any primary decision
ARC,ACTAAP_2014_7_11,calibration,small,acw;receiver_only,2,explicit_multiple_options,"saved-vs-diagnostic parser disagreement or ambiguous diagnostic parse (content-selected, NOT random)",P2_SCORE_SENSITIVITY_20260912T055929Z/case_review.jsonl,POST-HOC re-analysis (reviewer R2/E5); does not change any primary decision
ARC,AIMS_2008_4_2,calibration,small,acw;receiver_only;text,3,explicit_multiple_options,"saved-vs-diagnostic parser disagreement or ambiguous diagnostic parse (content-selected, NOT random)",P2_SCORE_SENSITIVITY_20260912T055929Z/case_review.jsonl,POST-HOC re-analysis (reviewer R2/E5); does not change any primary decision
ARC,AIMS_2008_8_5,calibration,small,acw;receiver_only,2,explicit_multiple_options,"saved-vs-diagnostic parser disagreement or ambiguous diagnostic parse (content-selected, NOT random)",P2_SCORE_SENSITIVITY_20260912T055929Z/case_review.jsonl,POST-HOC re-analysis (reviewer R2/E5); does not change any primary decision
ARC,AIMS_2009_4_11,calibration,small,acw;receiver_only;text,5,explicit_multiple_options,"saved-vs-diagnostic parser disagreement or ambiguous diagnostic parse (content-selected, NOT random)",P2_SCORE_SENSITIVITY_20260912T055929Z/case_review.jsonl,POST-HOC re-analysis (reviewer R2/E5); does not change any primary decision
ARC,AIMS_2009_4_24,calibration,small,acw,1,explicit_multiple_options,"saved-vs-diagnostic parser disagreement or ambiguous diagnostic parse (content-selected, NOT random)",P2_SCORE_SENSITIVITY_20260912T055929Z/case_review.jsonl,POST-HOC re-analysis (reviewer R2/E5); does not change any primary decision
ARC,AKDE&ED_2008_8_16,calibration,small,text,1,explicit_multiple_options,"saved-vs-diagnostic parser disagreement or ambiguous diagnostic parse (content-selected, NOT random)",P2_SCORE_SENSITIVITY_20260912T055929Z/case_review.jsonl,POST-HOC re-analysis (reviewer R2/E5); does not change any primary decision
ARC,AKDE&ED_2012_8_14,calibration,small,c2c,1,explicit_multiple_options,"saved-vs-diagnostic parser disagreement or ambiguous diagnostic parse (content-selected, NOT random)",P2_SCORE_SENSITIVITY_20260912T055929Z/case_review.jsonl,POST-HOC re-analysis (reviewer R2/E5); does not change any primary decision
ARC,AKDE&ED_2012_8_42,calibration,small,text,2,explicit_multiple_options,"saved-vs-diagnostic parser disagreement or ambiguous diagnostic parse (content-selected, NOT random)",P2_SCORE_SENSITIVITY_20260912T055929Z/case_review.jsonl,POST-HOC re-analysis (reviewer R2/E5); does not change any primary decision
ARC,CSZ_2004_5_CSZ10003,calibration,small,acw;receiver_only;text,3,explicit_multiple_options,"saved-vs-diagnostic parser disagreement or ambiguous diagnostic parse (content-selected, NOT random)",P2_SCORE_SENSITIVITY_20260912T055929Z/case_review.jsonl,POST-HOC re-analysis (reviewer R2/E5); does not change any primary decision
ARC,LEAP_2001_4_10241,calibration,small,text,1,explicit_multiple_options,"saved-vs-diagnostic parser disagreement or ambiguous diagnostic parse (content-selected, NOT random)",P2_SCORE_SENSITIVITY_20260912T055929Z/case_review.jsonl,POST-HOC re-analysis (reviewer R2/E5); does not change any primary decision
ARC,LEAP_2004_4_10259,calibration,small,acw;receiver_only,3,explicit_multiple_options,"saved-vs-diagnostic parser disagreement or ambiguous diagnostic parse (content-selected, NOT random)",P2_SCORE_SENSITIVITY_20260912T055929Z/case_review.jsonl,POST-HOC re-analysis (reviewer R2/E5); does not change any primary decision
ARC,LEAP_2008_4_10288,calibration,small,acw;text,3,explicit_multiple_options,"saved-vs-diagnostic parser disagreement or ambiguous diagnostic parse (content-selected, NOT random)",P2_SCORE_SENSITIVITY_20260912T055929Z/case_review.jsonl,POST-HOC re-analysis (reviewer R2/E5); does not change any primary decision
ARC,LEAP_2008_8_10423,calibration,small,acw,1,explicit_multiple_options,"saved-vs-diagnostic parser disagreement or ambiguous diagnostic parse (content-selected, NOT random)",P2_SCORE_SENSITIVITY_20260912T055929Z/case_review.jsonl,POST-HOC re-analysis (reviewer R2/E5); does not change any primary decision
ARC,LEAP__5_10318,calibration,small,text,1,explicit_multiple_options,"saved-vs-diagnostic parser disagreement or ambiguous diagnostic parse (content-selected, NOT random)",P2_SCORE_SENSITIVITY_20260912T055929Z/case_review.jsonl,POST-HOC re-analysis (reviewer R2/E5); does not change any primary decision
ARC,MCAS_1998_4_3,calibration,small,text,1,explicit_multiple_options,"saved-vs-diagnostic parser disagreement or ambiguous diagnostic parse (content-selected, NOT random)",P2_SCORE_SENSITIVITY_20260912T055929Z/case_review.jsonl,POST-HOC re-analysis (reviewer R2/E5); does not change any primary decision
ARC,MCAS_1998_8_7,calibration,large,c2c,1,explicit_single,"saved-vs-diagnostic parser disagreement or ambiguous diagnostic parse (content-selected, NOT random)",P2_SCORE_SENSITIVITY_20260912T055929Z/case_review.jsonl,POST-HOC re-analysis (reviewer R2/E5); does not change any primary decision
ARC,MCAS_1999_4_17,calibration,small,text,1,explicit_multiple_options,"saved-vs-diagnostic parser disagreement or ambiguous diagnostic parse (content-selected, NOT random)",P2_SCORE_SENSITIVITY_20260912T055929Z/case_review.jsonl,POST-HOC re-analysis (reviewer R2/E5); does not change any primary decision
ARC,MCAS_2003_5_21,calibration,small,text,1,explicit_multiple_options,"saved-vs-diagnostic parser disagreement or ambiguous diagnostic parse (content-selected, NOT random)",P2_SCORE_SENSITIVITY_20260912T055929Z/case_review.jsonl,POST-HOC re-analysis (reviewer R2/E5); does not change any primary decision
ARC,MCAS_2003_8_8,calibration,small,acw;receiver_only;text,3,explicit_multiple_options,"saved-vs-diagnostic parser disagreement or ambiguous diagnostic parse (content-selected, NOT random)",P2_SCORE_SENSITIVITY_20260912T055929Z/case_review.jsonl,POST-HOC re-analysis (reviewer R2/E5); does not change any primary decision
ARC,MCAS_2004_8_17,calibration,small,text,2,explicit_multiple_options,"saved-vs-diagnostic parser disagreement or ambiguous diagnostic parse (content-selected, NOT random)",P2_SCORE_SENSITIVITY_20260912T055929Z/case_review.jsonl,POST-HOC re-analysis (reviewer R2/E5); does not change any primary decision
ARC,MCAS_2004_9_20-v1,calibration,large,c2c,1,explicit_single,"saved-vs-diagnostic parser disagreement or ambiguous diagnostic parse (content-selected, NOT random)",P2_SCORE_SENSITIVITY_20260912T055929Z/case_review.jsonl,POST-HOC re-analysis (reviewer R2/E5); does not change any primary decision
ARC,MCAS_2006_8_34,calibration,small,receiver_only,1,explicit_multiple_options,"saved-vs-diagnostic parser disagreement or ambiguous diagnostic parse (content-selected, NOT random)",P2_SCORE_SENSITIVITY_20260912T055929Z/case_review.jsonl,POST-HOC re-analysis (reviewer R2/E5); does not change any primary decision
ARC,MCAS_2006_9_13,calibration,small,acw;receiver_only;text,3,explicit_multiple_options,"saved-vs-diagnostic parser disagreement or ambiguous diagnostic parse (content-selected, NOT random)",P2_SCORE_SENSITIVITY_20260912T055929Z/case_review.jsonl,POST-HOC re-analysis (reviewer R2/E5); does not change any primary decision
ARC,MCAS_2007_8_5169,calibration,small,acw;receiver_only,2,explicit_multiple_options,"saved-vs-diagnostic parser disagreement or ambiguous diagnostic parse (content-selected, NOT random)",P2_SCORE_SENSITIVITY_20260912T055929Z/case_review.jsonl,POST-HOC re-analysis (reviewer R2/E5); does not change any primary decision
ARC,MCAS_2008_5_5625,calibration,small,acw,1,explicit_multiple_options,"saved-vs-diagnostic parser disagreement or ambiguous diagnostic parse (content-selected, NOT random)",P2_SCORE_SENSITIVITY_20260912T055929Z/case_review.jsonl,POST-HOC re-analysis (reviewer R2/E5); does not change any primary decision
ARC,MCAS_2008_8_5711,calibration,large,c2c,1,explicit_single,"saved-vs-diagnostic parser disagreement or ambiguous diagnostic parse (content-selected, NOT random)",P2_SCORE_SENSITIVITY_20260912T055929Z/case_review.jsonl,POST-HOC re-analysis (reviewer R2/E5); does not change any primary decision
ARC,MCAS_2008_8_5716,calibration,small,text,2,explicit_multiple_options,"saved-vs-diagnostic parser disagreement or ambiguous diagnostic parse (content-selected, NOT random)",P2_SCORE_SENSITIVITY_20260912T055929Z/case_review.jsonl,POST-HOC re-analysis (reviewer R2/E5); does not change any primary decision
ARC,MCAS_2011_5_17664,calibration,small,text,2,explicit_multiple_options,"saved-vs-diagnostic parser disagreement or ambiguous diagnostic parse (content-selected, NOT random)",P2_SCORE_SENSITIVITY_20260912T055929Z/case_review.jsonl,POST-HOC re-analysis (reviewer R2/E5); does not change any primary decision
ARC,MDSA_2007_4_35,calibration,small,acw,1,explicit_multiple_options,"saved-vs-diagnostic parser disagreement or ambiguous diagnostic parse (content-selected, NOT random)",P2_SCORE_SENSITIVITY_20260912T055929Z/case_review.jsonl,POST-HOC re-analysis (reviewer R2/E5); does not change any primary decision
ARC,MDSA_2007_5_9,calibration,small,acw;receiver_only,2,explicit_multiple_options,"saved-vs-diagnostic parser disagreement or ambiguous diagnostic parse (content-selected, NOT random)",P2_SCORE_SENSITIVITY_20260912T055929Z/case_review.jsonl,POST-HOC re-analysis (reviewer R2/E5); does not change any primary decision
ARC,MDSA_2008_5_18,calibration,small,acw;receiver_only,2,explicit_multiple_options,"saved-vs-diagnostic parser disagreement or ambiguous diagnostic parse (content-selected, NOT random)",P2_SCORE_SENSITIVITY_20260912T055929Z/case_review.jsonl,POST-HOC re-analysis (reviewer R2/E5); does not change any primary decision
ARC,MDSA_2009_5_17,calibration,small,text,1,explicit_multiple_options,"saved-vs-diagnostic parser disagreement or ambiguous diagnostic parse (content-selected, NOT random)",P2_SCORE_SENSITIVITY_20260912T055929Z/case_review.jsonl,POST-HOC re-analysis (reviewer R2/E5); does not change any primary decision
ARC,MDSA_2009_8_44,calibration,small,acw,1,explicit_multiple_options,"saved-vs-diagnostic parser disagreement or ambiguous diagnostic parse (content-selected, NOT random)",P2_SCORE_SENSITIVITY_20260912T055929Z/case_review.jsonl,POST-HOC re-analysis (reviewer R2/E5); does not change any primary decision
ARC,MDSA_2011_8_25,calibration,large,c2c,2,explicit_single,"saved-vs-diagnostic parser disagreement or ambiguous diagnostic parse (content-selected, NOT random)",P2_SCORE_SENSITIVITY_20260912T055929Z/case_review.jsonl,POST-HOC re-analysis (reviewer R2/E5); does not change any primary decision
ARC,MEAP_2005_8_8,calibration,small,acw;receiver_only,2,explicit_multiple_options,"saved-vs-diagnostic parser disagreement or ambiguous diagnostic parse (content-selected, NOT random)",P2_SCORE_SENSITIVITY_20260912T055929Z/case_review.jsonl,POST-HOC re-analysis (reviewer R2/E5); does not change any primary decision
ARC,MEA_2014_5_6,calibration,small,acw,1,explicit_multiple_options,"saved-vs-diagnostic parser disagreement or ambiguous diagnostic parse (content-selected, NOT random)",P2_SCORE_SENSITIVITY_20260912T055929Z/case_review.jsonl,POST-HOC re-analysis (reviewer R2/E5); does not change any primary decision
ARC,MSA_2012_5_24,calibration,small,acw;receiver_only,2,explicit_multiple_options,"saved-vs-diagnostic parser disagreement or ambiguous diagnostic parse (content-selected, NOT random)",P2_SCORE_SENSITIVITY_20260912T055929Z/case_review.jsonl,POST-HOC re-analysis (reviewer R2/E5); does not change any primary decision
ARC,MSA_2015_8_31,calibration,large;small,acw;c2c;receiver_only;text,4,explicit_multiple_options;explicit_single,"saved-vs-diagnostic parser disagreement or ambiguous diagnostic parse (content-selected, NOT random)",P2_SCORE_SENSITIVITY_20260912T055929Z/case_review.jsonl,POST-HOC re-analysis (reviewer R2/E5); does not change any primary decision
ARC,MSA_2015_8_37,calibration,small,text,1,explicit_multiple_options,"saved-vs-diagnostic parser disagreement or ambiguous diagnostic parse (content-selected, NOT random)",P2_SCORE_SENSITIVITY_20260912T055929Z/case_review.jsonl,POST-HOC re-analysis (reviewer R2/E5); does not change any primary decision
ARC,Mercury_182718,calibration,small,acw;receiver_only,2,explicit_multiple_options,"saved-vs-diagnostic parser disagreement or ambiguous diagnostic parse (content-selected, NOT random)",P2_SCORE_SENSITIVITY_20260912T055929Z/case_review.jsonl,POST-HOC re-analysis (reviewer R2/E5); does not change any primary decision
ARC,Mercury_400350,calibration,small,acw,1,explicit_multiple_options,"saved-vs-diagnostic parser disagreement or ambiguous diagnostic parse (content-selected, NOT random)",P2_SCORE_SENSITIVITY_20260912T055929Z/case_review.jsonl,POST-HOC re-analysis (reviewer R2/E5); does not change any primary decision
ARC,Mercury_401790,calibration,small,acw;receiver_only;text,3,explicit_multiple_options,"saved-vs-diagnostic parser disagreement or ambiguous diagnostic parse (content-selected, NOT random)",P2_SCORE_SENSITIVITY_20260912T055929Z/case_review.jsonl,POST-HOC re-analysis (reviewer R2/E5); does not change any primary decision
ARC,Mercury_404786,calibration,small,acw;receiver_only,2,explicit_multiple_options,"saved-vs-diagnostic parser disagreement or ambiguous diagnostic parse (content-selected, NOT random)",P2_SCORE_SENSITIVITY_20260912T055929Z/case_review.jsonl,POST-HOC re-analysis (reviewer R2/E5); does not change any primary decision
ARC,Mercury_404903,calibration,small,acw;receiver_only,2,explicit_multiple_options,"saved-vs-diagnostic parser disagreement or ambiguous diagnostic parse (content-selected, NOT random)",P2_SCORE_SENSITIVITY_20260912T055929Z/case_review.jsonl,POST-HOC re-analysis (reviewer R2/E5); does not change any primary decision
ARC,Mercury_406808,calibration,small,acw,1,explicit_multiple_options,"saved-vs-diagnostic parser disagreement or ambiguous diagnostic parse (content-selected, NOT random)",P2_SCORE_SENSITIVITY_20260912T055929Z/case_review.jsonl,POST-HOC re-analysis (reviewer R2/E5); does not change any primary decision
ARC,Mercury_406888,calibration,large,c2c,1,explicit_single,"saved-vs-diagnostic parser disagreement or ambiguous diagnostic parse (content-selected, NOT random)",P2_SCORE_SENSITIVITY_20260912T055929Z/case_review.jsonl,POST-HOC re-analysis (reviewer R2/E5); does not change any primary decision
ARC,Mercury_408090,calibration,small,text,1,explicit_multiple_options,"saved-vs-diagnostic parser disagreement or ambiguous diagnostic parse (content-selected, NOT random)",P2_SCORE_SENSITIVITY_20260912T055929Z/case_review.jsonl,POST-HOC re-analysis (reviewer R2/E5); does not change any primary decision
ARC,Mercury_415080,calibration,large,c2c,2,explicit_single,"saved-vs-diagnostic parser disagreement or ambiguous diagnostic parse (content-selected, NOT random)",P2_SCORE_SENSITIVITY_20260912T055929Z/case_review.jsonl,POST-HOC re-analysis (reviewer R2/E5); does not change any primary decision
ARC,Mercury_415092,calibration,large;small,acw;c2c;receiver_only,3,explicit_multiple_options;explicit_single,"saved-vs-diagnostic parser disagreement or ambiguous diagnostic parse (content-selected, NOT random)",P2_SCORE_SENSITIVITY_20260912T055929Z/case_review.jsonl,POST-HOC re-analysis (reviewer R2/E5); does not change any primary decision
ARC,Mercury_415261,calibration,small,text,1,explicit_multiple_options,"saved-vs-diagnostic parser disagreement or ambiguous diagnostic parse (content-selected, NOT random)",P2_SCORE_SENSITIVITY_20260912T055929Z/case_review.jsonl,POST-HOC re-analysis (reviewer R2/E5); does not change any primary decision
ARC,Mercury_416635,calibration,small,text,1,explicit_multiple_options,"saved-vs-diagnostic parser disagreement or ambiguous diagnostic parse (content-selected, NOT random)",P2_SCORE_SENSITIVITY_20260912T055929Z/case_review.jsonl,POST-HOC re-analysis (reviewer R2/E5); does not change any primary decision
ARC,Mercury_417136,calibration,small,acw;receiver_only,2,explicit_multiple_options,"saved-vs-diagnostic parser disagreement or ambiguous diagnostic parse (content-selected, NOT random)",P2_SCORE_SENSITIVITY_20260912T055929Z/case_review.jsonl,POST-HOC re-analysis (reviewer R2/E5); does not change any primary decision
ARC,Mercury_417154,calibration,small,acw,1,explicit_multiple_options,"saved-vs-diagnostic parser disagreement or ambiguous diagnostic parse (content-selected, NOT random)",P2_SCORE_SENSITIVITY_20260912T055929Z/case_review.jsonl,POST-HOC re-analysis (reviewer R2/E5); does not change any primary decision
ARC,Mercury_7009590,calibration,small,acw;text,2,explicit_multiple_options,"saved-vs-diagnostic parser disagreement or ambiguous diagnostic parse (content-selected, NOT random)",P2_SCORE_SENSITIVITY_20260912T055929Z/case_review.jsonl,POST-HOC re-analysis (reviewer R2/E5); does not change any primary decision
ARC,Mercury_7012670,calibration,small,acw;receiver_only;text,3,explicit_multiple_options,"saved-vs-diagnostic parser disagreement or ambiguous diagnostic parse (content-selected, NOT random)",P2_SCORE_SENSITIVITY_20260912T055929Z/case_review.jsonl,POST-HOC re-analysis (reviewer R2/E5); does not change any primary decision
ARC,Mercury_7017168,calibration,large,c2c,1,explicit_single,"saved-vs-diagnostic parser disagreement or ambiguous diagnostic parse (content-selected, NOT random)",P2_SCORE_SENSITIVITY_20260912T055929Z/case_review.jsonl,POST-HOC re-analysis (reviewer R2/E5); does not change any primary decision
ARC,Mercury_7024185,calibration,small,acw;receiver_only,2,explicit_multiple_options,"saved-vs-diagnostic parser disagreement or ambiguous diagnostic parse (content-selected, NOT random)",P2_SCORE_SENSITIVITY_20260912T055929Z/case_review.jsonl,POST-HOC re-analysis (reviewer R2/E5); does not change any primary decision
ARC,Mercury_7030083,calibration,small,acw;receiver_only,2,explicit_multiple_options,"saved-vs-diagnostic parser disagreement or ambiguous diagnostic parse (content-selected, NOT random)",P2_SCORE_SENSITIVITY_20260912T055929Z/case_review.jsonl,POST-HOC re-analysis (reviewer R2/E5); does not change any primary decision
ARC,Mercury_7038150,calibration,small,acw;receiver_only,3,explicit_multiple_options,"saved-vs-diagnostic parser disagreement or ambiguous diagnostic parse (content-selected, NOT random)",P2_SCORE_SENSITIVITY_20260912T055929Z/case_review.jsonl,POST-HOC re-analysis (reviewer R2/E5); does not change any primary decision
ARC,Mercury_7038570,calibration,small,acw;receiver_only;text,3,explicit_multiple_options,"saved-vs-diagnostic parser disagreement or ambiguous diagnostic parse (content-selected, NOT random)",P2_SCORE_SENSITIVITY_20260912T055929Z/case_review.jsonl,POST-HOC re-analysis (reviewer R2/E5); does not change any primary decision
ARC,Mercury_7056175,calibration,small,text,1,explicit_multiple_options,"saved-vs-diagnostic parser disagreement or ambiguous diagnostic parse (content-selected, NOT random)",P2_SCORE_SENSITIVITY_20260912T055929Z/case_review.jsonl,POST-HOC re-analysis (reviewer R2/E5); does not change any primary decision
ARC,Mercury_7064278,calibration,small,text,1,explicit_multiple_options,"saved-vs-diagnostic parser disagreement or ambiguous diagnostic parse (content-selected, NOT random)",P2_SCORE_SENSITIVITY_20260912T055929Z/case_review.jsonl,POST-HOC re-analysis (reviewer R2/E5); does not change any primary decision
ARC,Mercury_7084000,calibration,small,receiver_only,1,explicit_multiple_options,"saved-vs-diagnostic parser disagreement or ambiguous diagnostic parse (content-selected, NOT random)",P2_SCORE_SENSITIVITY_20260912T055929Z/case_review.jsonl,POST-HOC re-analysis (reviewer R2/E5); does not change any primary decision
ARC,Mercury_7084280,calibration,small,acw;receiver_only,3,explicit_multiple_options,"saved-vs-diagnostic parser disagreement or ambiguous diagnostic parse (content-selected, NOT random)",P2_SCORE_SENSITIVITY_20260912T055929Z/case_review.jsonl,POST-HOC re-analysis (reviewer R2/E5); does not change any primary decision
ARC,Mercury_7090825,calibration,small,text,2,explicit_multiple_options,"saved-vs-diagnostic parser disagreement or ambiguous diagnostic parse (content-selected, NOT random)",P2_SCORE_SENSITIVITY_20260912T055929Z/case_review.jsonl,POST-HOC re-analysis (reviewer R2/E5); does not change any primary decision
ARC,Mercury_7092260,calibration,small,acw;receiver_only,2,explicit_multiple_options,"saved-vs-diagnostic parser disagreement or ambiguous diagnostic parse (content-selected, NOT random)",P2_SCORE_SENSITIVITY_20260912T055929Z/case_review.jsonl,POST-HOC re-analysis (reviewer R2/E5); does not change any primary decision
ARC,Mercury_7093993,calibration,small,acw;receiver_only,2,explicit_multiple_options,"saved-vs-diagnostic parser disagreement or ambiguous diagnostic parse (content-selected, NOT random)",P2_SCORE_SENSITIVITY_20260912T055929Z/case_review.jsonl,POST-HOC re-analysis (reviewer R2/E5); does not change any primary decision
ARC,Mercury_7102340,calibration,small,acw;receiver_only,2,explicit_multiple_options,"saved-vs-diagnostic parser disagreement or ambiguous diagnostic parse (content-selected, NOT random)",P2_SCORE_SENSITIVITY_20260912T055929Z/case_review.jsonl,POST-HOC re-analysis (reviewer R2/E5); does not change any primary decision
ARC,Mercury_7132038,calibration,large,c2c,1,explicit_single,"saved-vs-diagnostic parser disagreement or ambiguous diagnostic parse (content-selected, NOT random)",P2_SCORE_SENSITIVITY_20260912T055929Z/case_review.jsonl,POST-HOC re-analysis (reviewer R2/E5); does not change any primary decision
ARC,Mercury_7133700,calibration,small,acw,1,explicit_multiple_options,"saved-vs-diagnostic parser disagreement or ambiguous diagnostic parse (content-selected, NOT random)",P2_SCORE_SENSITIVITY_20260912T055929Z/case_review.jsonl,POST-HOC re-analysis (reviewer R2/E5); does not change any primary decision
ARC,Mercury_7142853,calibration,small,acw,1,explicit_multiple_options,"saved-vs-diagnostic parser disagreement or ambiguous diagnostic parse (content-selected, NOT random)",P2_SCORE_SENSITIVITY_20260912T055929Z/case_review.jsonl,POST-HOC re-analysis (reviewer R2/E5); does not change any primary decision
ARC,Mercury_7154350,calibration,small,acw;receiver_only;text,3,explicit_multiple_options,"saved-vs-diagnostic parser disagreement or ambiguous diagnostic parse (content-selected, NOT random)",P2_SCORE_SENSITIVITY_20260912T055929Z/case_review.jsonl,POST-HOC re-analysis (reviewer R2/E5); does not change any primary decision
ARC,Mercury_7159670,calibration,small,acw,1,explicit_multiple_options,"saved-vs-diagnostic parser disagreement or ambiguous diagnostic parse (content-selected, NOT random)",P2_SCORE_SENSITIVITY_20260912T055929Z/case_review.jsonl,POST-HOC re-analysis (reviewer R2/E5); does not change any primary decision
ARC,Mercury_7163258,calibration,small,acw;text,2,explicit_multiple_options,"saved-vs-diagnostic parser disagreement or ambiguous diagnostic parse (content-selected, NOT random)",P2_SCORE_SENSITIVITY_20260912T055929Z/case_review.jsonl,POST-HOC re-analysis (reviewer R2/E5); does not change any primary decision
ARC,Mercury_7165060,calibration,small,acw;receiver_only;text,3,explicit_multiple_options,"saved-vs-diagnostic parser disagreement or ambiguous diagnostic parse (content-selected, NOT random)",P2_SCORE_SENSITIVITY_20260912T055929Z/case_review.jsonl,POST-HOC re-analysis (reviewer R2/E5); does not change any primary decision
ARC,Mercury_7166600,calibration,small,acw,1,explicit_multiple_options,"saved-vs-diagnostic parser disagreement or ambiguous diagnostic parse (content-selected, NOT random)",P2_SCORE_SENSITIVITY_20260912T055929Z/case_review.jsonl,POST-HOC re-analysis (reviewer R2/E5); does not change any primary decision
ARC,Mercury_7171920,calibration,small,text,1,explicit_multiple_options,"saved-vs-diagnostic parser disagreement or ambiguous diagnostic parse (content-selected, NOT random)",P2_SCORE_SENSITIVITY_20260912T055929Z/case_review.jsonl,POST-HOC re-analysis (reviewer R2/E5); does not change any primary decision
ARC,Mercury_7179778,calibration,small,acw;receiver_only,2,explicit_multiple_options,"saved-vs-diagnostic parser disagreement or ambiguous diagnostic parse (content-selected, NOT random)",P2_SCORE_SENSITIVITY_20260912T055929Z/case_review.jsonl,POST-HOC re-analysis (reviewer R2/E5); does not change any primary decision
ARC,Mercury_7185448,calibration,large;small,c2c,2,explicit_single,"saved-vs-diagnostic parser disagreement or ambiguous diagnostic parse (content-selected, NOT random)",P2_SCORE_SENSITIVITY_20260912T055929Z/case_review.jsonl,POST-HOC re-analysis (reviewer R2/E5); does not change any primary decision
ARC,Mercury_7188878,calibration,small,acw;receiver_only,2,explicit_multiple_options,"saved-vs-diagnostic parser disagreement or ambiguous diagnostic parse (content-selected, NOT random)",P2_SCORE_SENSITIVITY_20260912T055929Z/case_review.jsonl,POST-HOC re-analysis (reviewer R2/E5); does not change any primary decision
ARC,Mercury_7193113,calibration,small,acw;receiver_only;text,3,explicit_multiple_options,"saved-vs-diagnostic parser disagreement or ambiguous diagnostic parse (content-selected, NOT random)",P2_SCORE_SENSITIVITY_20260912T055929Z/case_review.jsonl,POST-HOC re-analysis (reviewer R2/E5); does not change any primary decision
ARC,Mercury_7199150,calibration,small,text,1,explicit_multiple_options,"saved-vs-diagnostic parser disagreement or ambiguous diagnostic parse (content-selected, NOT random)",P2_SCORE_SENSITIVITY_20260912T055929Z/case_review.jsonl,POST-HOC re-analysis (reviewer R2/E5); does not change any primary decision
ARC,Mercury_7202160,calibration,small,acw,1,explicit_multiple_options,"saved-vs-diagnostic parser disagreement or ambiguous diagnostic parse (content-selected, NOT random)",P2_SCORE_SENSITIVITY_20260912T055929Z/case_review.jsonl,POST-HOC re-analysis (reviewer R2/E5); does not change any primary decision
ARC,Mercury_7205818,calibration,small,text,1,explicit_multiple_options,"saved-vs-diagnostic parser disagreement or ambiguous diagnostic parse (content-selected, NOT random)",P2_SCORE_SENSITIVITY_20260912T055929Z/case_review.jsonl,POST-HOC re-analysis (reviewer R2/E5); does not change any primary decision
ARC,Mercury_7210263,calibration,large,c2c,2,explicit_single,"saved-vs-diagnostic parser disagreement or ambiguous diagnostic parse (content-selected, NOT random)",P2_SCORE_SENSITIVITY_20260912T055929Z/case_review.jsonl,POST-HOC re-analysis (reviewer R2/E5); does not change any primary decision
ARC,Mercury_7211873,calibration,large,c2c,2,explicit_single,"saved-vs-diagnostic parser disagreement or ambiguous diagnostic parse (content-selected, NOT random)",P2_SCORE_SENSITIVITY_20260912T055929Z/case_review.jsonl,POST-HOC re-analysis (reviewer R2/E5); does not change any primary decision
ARC,Mercury_7213290,calibration,small,receiver_only,1,explicit_multiple_options,"saved-vs-diagnostic parser disagreement or ambiguous diagnostic parse (content-selected, NOT random)",P2_SCORE_SENSITIVITY_20260912T055929Z/case_review.jsonl,POST-HOC re-analysis (reviewer R2/E5); does not change any primary decision
ARC,Mercury_7216125,calibration,small,receiver_only,1,explicit_multiple_options,"saved-vs-diagnostic parser disagreement or ambiguous diagnostic parse (content-selected, NOT random)",P2_SCORE_SENSITIVITY_20260912T055929Z/case_review.jsonl,POST-HOC re-analysis (reviewer R2/E5); does not change any primary decision
ARC,Mercury_7216843,calibration,large,c2c,1,explicit_single,"saved-vs-diagnostic parser disagreement or ambiguous diagnostic parse (content-selected, NOT random)",P2_SCORE_SENSITIVITY_20260912T055929Z/case_review.jsonl,POST-HOC re-analysis (reviewer R2/E5); does not change any primary decision
ARC,Mercury_7220273,calibration,large,c2c,2,explicit_single,"saved-vs-diagnostic parser disagreement or ambiguous diagnostic parse (content-selected, NOT random)",P2_SCORE_SENSITIVITY_20260912T055929Z/case_review.jsonl,POST-HOC re-analysis (reviewer R2/E5); does not change any primary decision
ARC,Mercury_7221008,calibration,small,acw;receiver_only;text,3,explicit_multiple_options,"saved-vs-diagnostic parser disagreement or ambiguous diagnostic parse (content-selected, NOT random)",P2_SCORE_SENSITIVITY_20260912T055929Z/case_review.jsonl,POST-HOC re-analysis (reviewer R2/E5); does not change any primary decision
ARC,Mercury_7222355,calibration,small,acw;receiver_only;text,3,explicit_multiple_options,"saved-vs-diagnostic parser disagreement or ambiguous diagnostic parse (content-selected, NOT random)",P2_SCORE_SENSITIVITY_20260912T055929Z/case_review.jsonl,POST-HOC re-analysis (reviewer R2/E5); does not change any primary decision
ARC,Mercury_7228025,calibration,small,acw,1,explicit_multiple_options,"saved-vs-diagnostic parser disagreement or ambiguous diagnostic parse (content-selected, NOT random)",P2_SCORE_SENSITIVITY_20260912T055929Z/case_review.jsonl,POST-HOC re-analysis (reviewer R2/E5); does not change any primary decision
ARC,Mercury_7228095,calibration,small,c2c,1,explicit_single,"saved-vs-diagnostic parser disagreement or ambiguous diagnostic parse (content-selected, NOT random)",P2_SCORE_SENSITIVITY_20260912T055929Z/case_review.jsonl,POST-HOC re-analysis (reviewer R2/E5); does not change any primary decision
ARC,Mercury_7263393,calibration,small,acw;text,3,explicit_multiple_options,"saved-vs-diagnostic parser disagreement or ambiguous diagnostic parse (content-selected, NOT random)",P2_SCORE_SENSITIVITY_20260912T055929Z/case_review.jsonl,POST-HOC re-analysis (reviewer R2/E5); does not change any primary decision
ARC,Mercury_7268223,calibration,small,acw,1,explicit_multiple_options,"saved-vs-diagnostic parser disagreement or ambiguous diagnostic parse (content-selected, NOT random)",P2_SCORE_SENSITIVITY_20260912T055929Z/case_review.jsonl,POST-HOC re-analysis (reviewer R2/E5); does not change any primary decision
ARC,Mercury_7270305,calibration,large;small,c2c;receiver_only,4,explicit_multiple_options;explicit_single,"saved-vs-diagnostic parser disagreement or ambiguous diagnostic parse (content-selected, NOT random)",P2_SCORE_SENSITIVITY_20260912T055929Z/case_review.jsonl,POST-HOC re-analysis (reviewer R2/E5); does not change any primary decision
ARC,Mercury_7271268,calibration,small,acw;receiver_only,3,explicit_multiple_options,"saved-vs-diagnostic parser disagreement or ambiguous diagnostic parse (content-selected, NOT random)",P2_SCORE_SENSITIVITY_20260912T055929Z/case_review.jsonl,POST-HOC re-analysis (reviewer R2/E5); does not change any primary decision
ARC,Mercury_7283955,calibration,small,acw;receiver_only;text,3,explicit_multiple_options,"saved-vs-diagnostic parser disagreement or ambiguous diagnostic parse (content-selected, NOT random)",P2_SCORE_SENSITIVITY_20260912T055929Z/case_review.jsonl,POST-HOC re-analysis (reviewer R2/E5); does not change any primary decision
ARC,Mercury_LBS10252,calibration,small,text,2,explicit_multiple_options,"saved-vs-diagnostic parser disagreement or ambiguous diagnostic parse (content-selected, NOT random)",P2_SCORE_SENSITIVITY_20260912T055929Z/case_review.jsonl,POST-HOC re-analysis (reviewer R2/E5); does not change any primary decision
ARC,Mercury_SC_400200,calibration,large,c2c,1,explicit_single,"saved-vs-diagnostic parser disagreement or ambiguous diagnostic parse (content-selected, NOT random)",P2_SCORE_SENSITIVITY_20260912T055929Z/case_review.jsonl,POST-HOC re-analysis (reviewer R2/E5); does not change any primary decision
ARC,Mercury_SC_400673,calibration,large;small,acw;c2c;receiver_only,3,explicit_multiple_options;explicit_single,"saved-vs-diagnostic parser disagreement or ambiguous diagnostic parse (content-selected, NOT random)",P2_SCORE_SENSITIVITY_20260912T055929Z/case_review.jsonl,POST-HOC re-analysis (reviewer R2/E5); does not change any primary decision
ARC,Mercury_SC_400698,calibration,small,text,1,explicit_multiple_options,"saved-vs-diagnostic parser disagreement or ambiguous diagnostic parse (content-selected, NOT random)",P2_SCORE_SENSITIVITY_20260912T055929Z/case_review.jsonl,POST-HOC re-analysis (reviewer R2/E5); does not change any primary decision
ARC,Mercury_SC_401180,calibration,large,c2c,1,explicit_single,"saved-vs-diagnostic parser disagreement or ambiguous diagnostic parse (content-selected, NOT random)",P2_SCORE_SENSITIVITY_20260912T055929Z/case_review.jsonl,POST-HOC re-analysis (reviewer R2/E5); does not change any primary decision
ARC,Mercury_SC_401606,calibration,small,acw;receiver_only;text,3,explicit_multiple_options,"saved-vs-diagnostic parser disagreement or ambiguous diagnostic parse (content-selected, NOT random)",P2_SCORE_SENSITIVITY_20260912T055929Z/case_review.jsonl,POST-HOC re-analysis (reviewer R2/E5); does not change any primary decision
ARC,Mercury_SC_401645,calibration,small,acw,1,explicit_multiple_options,"saved-vs-diagnostic parser disagreement or ambiguous diagnostic parse (content-selected, NOT random)",P2_SCORE_SENSITIVITY_20260912T055929Z/case_review.jsonl,POST-HOC re-analysis (reviewer R2/E5); does not change any primary decision
ARC,Mercury_SC_401653,calibration,large,c2c,1,explicit_single,"saved-vs-diagnostic parser disagreement or ambiguous diagnostic parse (content-selected, NOT random)",P2_SCORE_SENSITIVITY_20260912T055929Z/case_review.jsonl,POST-HOC re-analysis (reviewer R2/E5); does not change any primary decision
ARC,Mercury_SC_402088,calibration,small,acw,1,explicit_multiple_options,"saved-vs-diagnostic parser disagreement or ambiguous diagnostic parse (content-selected, NOT random)",P2_SCORE_SENSITIVITY_20260912T055929Z/case_review.jsonl,POST-HOC re-analysis (reviewer R2/E5); does not change any primary decision
ARC,Mercury_SC_406048,calibration,small,acw,1,explicit_multiple_options,"saved-vs-diagnostic parser disagreement or ambiguous diagnostic parse (content-selected, NOT random)",P2_SCORE_SENSITIVITY_20260912T055929Z/case_review.jsonl,POST-HOC re-analysis (reviewer R2/E5); does not change any primary decision
ARC,Mercury_SC_406766,calibration,small,acw,1,explicit_multiple_options,"saved-vs-diagnostic parser disagreement or ambiguous diagnostic parse (content-selected, NOT random)",P2_SCORE_SENSITIVITY_20260912T055929Z/case_review.jsonl,POST-HOC re-analysis (reviewer R2/E5); does not change any primary decision
ARC,Mercury_SC_407397,calibration,small,acw;receiver_only;text,3,explicit_multiple_options,"saved-vs-diagnostic parser disagreement or ambiguous diagnostic parse (content-selected, NOT random)",P2_SCORE_SENSITIVITY_20260912T055929Z/case_review.jsonl,POST-HOC re-analysis (reviewer R2/E5); does not change any primary decision
ARC,Mercury_SC_407674,calibration,small,acw;text,2,explicit_multiple_options,"saved-vs-diagnostic parser disagreement or ambiguous diagnostic parse (content-selected, NOT random)",P2_SCORE_SENSITIVITY_20260912T055929Z/case_review.jsonl,POST-HOC re-analysis (reviewer R2/E5); does not change any primary decision
ARC,Mercury_SC_408742,calibration,small,acw;receiver_only,2,explicit_multiple_options,"saved-vs-diagnostic parser disagreement or ambiguous diagnostic parse (content-selected, NOT random)",P2_SCORE_SENSITIVITY_20260912T055929Z/case_review.jsonl,POST-HOC re-analysis (reviewer R2/E5); does not change any primary decision
ARC,Mercury_SC_408743,calibration,small,acw,1,explicit_multiple_options,"saved-vs-diagnostic parser disagreement or ambiguous diagnostic parse (content-selected, NOT random)",P2_SCORE_SENSITIVITY_20260912T055929Z/case_review.jsonl,POST-HOC re-analysis (reviewer R2/E5); does not change any primary decision
ARC,Mercury_SC_415468,calibration,small,acw,1,explicit_multiple_options,"saved-vs-diagnostic parser disagreement or ambiguous diagnostic parse (content-selected, NOT random)",P2_SCORE_SENSITIVITY_20260912T055929Z/case_review.jsonl,POST-HOC re-analysis (reviewer R2/E5); does not change any primary decision
ARC,Mercury_SC_415737,calibration,large,c2c,1,explicit_single,"saved-vs-diagnostic parser disagreement or ambiguous diagnostic parse (content-selected, NOT random)",P2_SCORE_SENSITIVITY_20260912T055929Z/case_review.jsonl,POST-HOC re-analysis (reviewer R2/E5); does not change any primary decision
ARC,Mercury_SC_LBS10656,calibration,small,acw,1,explicit_multiple_options,"saved-vs-diagnostic parser disagreement or ambiguous diagnostic parse (content-selected, NOT random)",P2_SCORE_SENSITIVITY_20260912T055929Z/case_review.jsonl,POST-HOC re-analysis (reviewer R2/E5); does not change any primary decision
ARC,Mercury_SC_LBS10951,calibration,small,acw;text,2,explicit_multiple_options,"saved-vs-diagnostic parser disagreement or ambiguous diagnostic parse (content-selected, NOT random)",P2_SCORE_SENSITIVITY_20260912T055929Z/case_review.jsonl,POST-HOC re-analysis (reviewer R2/E5); does not change any primary decision
ARC,NCEOGA_2013_8_55,calibration,large,c2c,1,explicit_single,"saved-vs-diagnostic parser disagreement or ambiguous diagnostic parse (content-selected, NOT random)",P2_SCORE_SENSITIVITY_20260912T055929Z/case_review.jsonl,POST-HOC re-analysis (reviewer R2/E5); does not change any primary decision
ARC,NYSEDREGENTS_2004_8_31,calibration,small,acw;receiver_only,2,explicit_multiple_options,"saved-vs-diagnostic parser disagreement or ambiguous diagnostic parse (content-selected, NOT random)",P2_SCORE_SENSITIVITY_20260912T055929Z/case_review.jsonl,POST-HOC re-analysis (reviewer R2/E5); does not change any primary decision
ARC,NYSEDREGENTS_2007_8_6,calibration,large,c2c,1,explicit_single,"saved-vs-diagnostic parser disagreement or ambiguous diagnostic parse (content-selected, NOT random)",P2_SCORE_SENSITIVITY_20260912T055929Z/case_review.jsonl,POST-HOC re-analysis (reviewer R2/E5); does not change any primary decision
ARC,NYSEDREGENTS_2009_8_41,calibration,large;small,c2c;text,4,explicit_multiple_options;explicit_single,"saved-vs-diagnostic parser disagreement or ambiguous diagnostic parse (content-selected, NOT random)",P2_SCORE_SENSITIVITY_20260912T055929Z/case_review.jsonl,POST-HOC re-analysis (reviewer R2/E5); does not change any primary decision
ARC,OHAT_2010_5_20,calibration,small,acw;receiver_only,2,explicit_multiple_options,"saved-vs-diagnostic parser disagreement or ambiguous diagnostic parse (content-selected, NOT random)",P2_SCORE_SENSITIVITY_20260912T055929Z/case_review.jsonl,POST-HOC re-analysis (reviewer R2/E5); does not change any primary decision
ARC,TAKS_2009_8_19,calibration,small,acw,1,explicit_multiple_options,"saved-vs-diagnostic parser disagreement or ambiguous diagnostic parse (content-selected, NOT random)",P2_SCORE_SENSITIVITY_20260912T055929Z/case_review.jsonl,POST-HOC re-analysis (reviewer R2/E5); does not change any primary decision
ARC,TIMSS_1995_8_N5,calibration,small,acw,1,explicit_multiple_options,"saved-vs-diagnostic parser disagreement or ambiguous diagnostic parse (content-selected, NOT random)",P2_SCORE_SENSITIVITY_20260912T055929Z/case_review.jsonl,POST-HOC re-analysis (reviewer R2/E5); does not change any primary decision
ARC,TIMSS_2007_4_pg48,calibration,small,acw,1,explicit_multiple_options,"saved-vs-diagnostic parser disagreement or ambiguous diagnostic parse (content-selected, NOT random)",P2_SCORE_SENSITIVITY_20260912T055929Z/case_review.jsonl,POST-HOC re-analysis (reviewer R2/E5); does not change any primary decision
ARC,TIMSS_2011_4_pg67,calibration,large,c2c,1,explicit_multiple_options,"saved-vs-diagnostic parser disagreement or ambiguous diagnostic parse (content-selected, NOT random)",P2_SCORE_SENSITIVITY_20260912T055929Z/case_review.jsonl,POST-HOC re-analysis (reviewer R2/E5); does not change any primary decision
ARC,TIMSS_2011_8_pg136,calibration,small,text,1,explicit_multiple_options,"saved-vs-diagnostic parser disagreement or ambiguous diagnostic parse (content-selected, NOT random)",P2_SCORE_SENSITIVITY_20260912T055929Z/case_review.jsonl,POST-HOC re-analysis (reviewer R2/E5); does not change any primary decision
ARC,VASoL_2007_5_39,calibration,small,acw,1,explicit_multiple_options,"saved-vs-diagnostic parser disagreement or ambiguous diagnostic parse (content-selected, NOT random)",P2_SCORE_SENSITIVITY_20260912T055929Z/case_review.jsonl,POST-HOC re-analysis (reviewer R2/E5); does not change any primary decision
ARC,WASL_2005_8_11,calibration,small,text,1,explicit_multiple_options,"saved-vs-diagnostic parser disagreement or ambiguous diagnostic parse (content-selected, NOT random)",P2_SCORE_SENSITIVITY_20260912T055929Z/case_review.jsonl,POST-HOC re-analysis (reviewer R2/E5); does not change any primary decision
OBQA,10-1047,calibration,small,text,1,explicit_multiple_options,"saved-vs-diagnostic parser disagreement or ambiguous diagnostic parse (content-selected, NOT random)",P2_SCORE_SENSITIVITY_20260912T055929Z/case_review.jsonl,POST-HOC re-analysis (reviewer R2/E5); does not change any primary decision
OBQA,10-1054,calibration,small,acw;receiver_only,2,explicit_multiple_options,"saved-vs-diagnostic parser disagreement or ambiguous diagnostic parse (content-selected, NOT random)",P2_SCORE_SENSITIVITY_20260912T055929Z/case_review.jsonl,POST-HOC re-analysis (reviewer R2/E5); does not change any primary decision
OBQA,10-1061,calibration,small,acw;receiver_only,2,explicit_multiple_options,"saved-vs-diagnostic parser disagreement or ambiguous diagnostic parse (content-selected, NOT random)",P2_SCORE_SENSITIVITY_20260912T055929Z/case_review.jsonl,POST-HOC re-analysis (reviewer R2/E5); does not change any primary decision
OBQA,10-1108,calibration,small,acw,1,explicit_multiple_options,"saved-vs-diagnostic parser disagreement or ambiguous diagnostic parse (content-selected, NOT random)",P2_SCORE_SENSITIVITY_20260912T055929Z/case_review.jsonl,POST-HOC re-analysis (reviewer R2/E5); does not change any primary decision
OBQA,10-1146,calibration,large,c2c,1,explicit_single,"saved-vs-diagnostic parser disagreement or ambiguous diagnostic parse (content-selected, NOT random)",P2_SCORE_SENSITIVITY_20260912T055929Z/case_review.jsonl,POST-HOC re-analysis (reviewer R2/E5); does not change any primary decision
OBQA,10-1208,calibration,small,text,1,explicit_multiple_options,"saved-vs-diagnostic parser disagreement or ambiguous diagnostic parse (content-selected, NOT random)",P2_SCORE_SENSITIVITY_20260912T055929Z/case_review.jsonl,POST-HOC re-analysis (reviewer R2/E5); does not change any primary decision
OBQA,10-15,calibration,small,acw,1,explicit_multiple_options,"saved-vs-diagnostic parser disagreement or ambiguous diagnostic parse (content-selected, NOT random)",P2_SCORE_SENSITIVITY_20260912T055929Z/case_review.jsonl,POST-HOC re-analysis (reviewer R2/E5); does not change any primary decision
OBQA,10-177,calibration,small,text,1,explicit_multiple_options,"saved-vs-diagnostic parser disagreement or ambiguous diagnostic parse (content-selected, NOT random)",P2_SCORE_SENSITIVITY_20260912T055929Z/case_review.jsonl,POST-HOC re-analysis (reviewer R2/E5); does not change any primary decision
OBQA,10-206,calibration,small,acw;receiver_only,2,explicit_multiple_options,"saved-vs-diagnostic parser disagreement or ambiguous diagnostic parse (content-selected, NOT random)",P2_SCORE_SENSITIVITY_20260912T055929Z/case_review.jsonl,POST-HOC re-analysis (reviewer R2/E5); does not change any primary decision
OBQA,10-262,calibration,large,acw;receiver_only,2,explicit_multiple_options,"saved-vs-diagnostic parser disagreement or ambiguous diagnostic parse (content-selected, NOT random)",P2_SCORE_SENSITIVITY_20260912T055929Z/case_review.jsonl,POST-HOC re-analysis (reviewer R2/E5); does not change any primary decision
OBQA,10-308,calibration,small,acw;receiver_only,2,explicit_multiple_options,"saved-vs-diagnostic parser disagreement or ambiguous diagnostic parse (content-selected, NOT random)",P2_SCORE_SENSITIVITY_20260912T055929Z/case_review.jsonl,POST-HOC re-analysis (reviewer R2/E5); does not change any primary decision
OBQA,10-344,calibration,small,acw;text,2,explicit_multiple_options,"saved-vs-diagnostic parser disagreement or ambiguous diagnostic parse (content-selected, NOT random)",P2_SCORE_SENSITIVITY_20260912T055929Z/case_review.jsonl,POST-HOC re-analysis (reviewer R2/E5); does not change any primary decision
OBQA,10-357,calibration,small,acw;receiver_only,3,explicit_multiple_options,"saved-vs-diagnostic parser disagreement or ambiguous diagnostic parse (content-selected, NOT random)",P2_SCORE_SENSITIVITY_20260912T055929Z/case_review.jsonl,POST-HOC re-analysis (reviewer R2/E5); does not change any primary decision
OBQA,10-383,calibration,large,c2c,1,explicit_single,"saved-vs-diagnostic parser disagreement or ambiguous diagnostic parse (content-selected, NOT random)",P2_SCORE_SENSITIVITY_20260912T055929Z/case_review.jsonl,POST-HOC re-analysis (reviewer R2/E5); does not change any primary decision
OBQA,10-393,calibration,small,acw,1,explicit_multiple_options,"saved-vs-diagnostic parser disagreement or ambiguous diagnostic parse (content-selected, NOT random)",P2_SCORE_SENSITIVITY_20260912T055929Z/case_review.jsonl,POST-HOC re-analysis (reviewer R2/E5); does not change any primary decision
OBQA,10-396,calibration,small,acw,1,explicit_multiple_options,"saved-vs-diagnostic parser disagreement or ambiguous diagnostic parse (content-selected, NOT random)",P2_SCORE_SENSITIVITY_20260912T055929Z/case_review.jsonl,POST-HOC re-analysis (reviewer R2/E5); does not change any primary decision
OBQA,10-482,calibration,small,acw,1,explicit_multiple_options,"saved-vs-diagnostic parser disagreement or ambiguous diagnostic parse (content-selected, NOT random)",P2_SCORE_SENSITIVITY_20260912T055929Z/case_review.jsonl,POST-HOC re-analysis (reviewer R2/E5); does not change any primary decision
OBQA,10-521,calibration,large,acw;c2c,2,explicit_multiple_options,"saved-vs-diagnostic parser disagreement or ambiguous diagnostic parse (content-selected, NOT random)",P2_SCORE_SENSITIVITY_20260912T055929Z/case_review.jsonl,POST-HOC re-analysis (reviewer R2/E5); does not change any primary decision
OBQA,10-547,calibration,small,acw,1,explicit_multiple_options,"saved-vs-diagnostic parser disagreement or ambiguous diagnostic parse (content-selected, NOT random)",P2_SCORE_SENSITIVITY_20260912T055929Z/case_review.jsonl,POST-HOC re-analysis (reviewer R2/E5); does not change any primary decision
OBQA,10-614,calibration,small,acw;receiver_only;text,3,explicit_multiple_options,"saved-vs-diagnostic parser disagreement or ambiguous diagnostic parse (content-selected, NOT random)",P2_SCORE_SENSITIVITY_20260912T055929Z/case_review.jsonl,POST-HOC re-analysis (reviewer R2/E5); does not change any primary decision
OBQA,10-622,calibration,large;small,acw;c2c;receiver_only,3,explicit_multiple_options;explicit_single,"saved-vs-diagnostic parser disagreement or ambiguous diagnostic parse (content-selected, NOT random)",P2_SCORE_SENSITIVITY_20260912T055929Z/case_review.jsonl,POST-HOC re-analysis (reviewer R2/E5); does not change any primary decision
OBQA,10-667,calibration,small,text,1,explicit_multiple_options,"saved-vs-diagnostic parser disagreement or ambiguous diagnostic parse (content-selected, NOT random)",P2_SCORE_SENSITIVITY_20260912T055929Z/case_review.jsonl,POST-HOC re-analysis (reviewer R2/E5); does not change any primary decision
OBQA,10-690,calibration,small,acw,1,explicit_multiple_options,"saved-vs-diagnostic parser disagreement or ambiguous diagnostic parse (content-selected, NOT random)",P2_SCORE_SENSITIVITY_20260912T055929Z/case_review.jsonl,POST-HOC re-analysis (reviewer R2/E5); does not change any primary decision
OBQA,10-727,calibration,small,acw;receiver_only,2,explicit_multiple_options,"saved-vs-diagnostic parser disagreement or ambiguous diagnostic parse (content-selected, NOT random)",P2_SCORE_SENSITIVITY_20260912T055929Z/case_review.jsonl,POST-HOC re-analysis (reviewer R2/E5); does not change any primary decision
OBQA,10-782,calibration,small,text,1,explicit_multiple_options,"saved-vs-diagnostic parser disagreement or ambiguous diagnostic parse (content-selected, NOT random)",P2_SCORE_SENSITIVITY_20260912T055929Z/case_review.jsonl,POST-HOC re-analysis (reviewer R2/E5); does not change any primary decision
OBQA,10-855,calibration,small,acw;receiver_only,2,explicit_multiple_options,"saved-vs-diagnostic parser disagreement or ambiguous diagnostic parse (content-selected, NOT random)",P2_SCORE_SENSITIVITY_20260912T055929Z/case_review.jsonl,POST-HOC re-analysis (reviewer R2/E5); does not change any primary decision
OBQA,10-861,calibration,large;small,c2c;text,3,explicit_multiple_options;explicit_single,"saved-vs-diagnostic parser disagreement or ambiguous diagnostic parse (content-selected, NOT random)",P2_SCORE_SENSITIVITY_20260912T055929Z/case_review.jsonl,POST-HOC re-analysis (reviewer R2/E5); does not change any primary decision
OBQA,10-895,calibration,large;small,c2c;text,2,explicit_multiple_options;explicit_single,"saved-vs-diagnostic parser disagreement or ambiguous diagnostic parse (content-selected, NOT random)",P2_SCORE_SENSITIVITY_20260912T055929Z/case_review.jsonl,POST-HOC re-analysis (reviewer R2/E5); does not change any primary decision
OBQA,10-896,calibration,small,acw,1,explicit_multiple_options,"saved-vs-diagnostic parser disagreement or ambiguous diagnostic parse (content-selected, NOT random)",P2_SCORE_SENSITIVITY_20260912T055929Z/case_review.jsonl,POST-HOC re-analysis (reviewer R2/E5); does not change any primary decision
OBQA,10-919,calibration,small,acw,1,explicit_multiple_options,"saved-vs-diagnostic parser disagreement or ambiguous diagnostic parse (content-selected, NOT random)",P2_SCORE_SENSITIVITY_20260912T055929Z/case_review.jsonl,POST-HOC re-analysis (reviewer R2/E5); does not change any primary decision
OBQA,10-956,calibration,small,text,1,explicit_multiple_options,"saved-vs-diagnostic parser disagreement or ambiguous diagnostic parse (content-selected, NOT random)",P2_SCORE_SENSITIVITY_20260912T055929Z/case_review.jsonl,POST-HOC re-analysis (reviewer R2/E5); does not change any primary decision
OBQA,10-965,calibration,small,acw,1,explicit_multiple_options,"saved-vs-diagnostic parser disagreement or ambiguous diagnostic parse (content-selected, NOT random)",P2_SCORE_SENSITIVITY_20260912T055929Z/case_review.jsonl,POST-HOC re-analysis (reviewer R2/E5); does not change any primary decision
OBQA,1001,calibration,small,acw,1,explicit_multiple_options,"saved-vs-diagnostic parser disagreement or ambiguous diagnostic parse (content-selected, NOT random)",P2_SCORE_SENSITIVITY_20260912T055929Z/case_review.jsonl,POST-HOC re-analysis (reviewer R2/E5); does not change any primary decision
OBQA,11-106,calibration,small,acw,1,explicit_multiple_options,"saved-vs-diagnostic parser disagreement or ambiguous diagnostic parse (content-selected, NOT random)",P2_SCORE_SENSITIVITY_20260912T055929Z/case_review.jsonl,POST-HOC re-analysis (reviewer R2/E5); does not change any primary decision
OBQA,11-109,calibration,small,acw;receiver_only,2,explicit_multiple_options,"saved-vs-diagnostic parser disagreement or ambiguous diagnostic parse (content-selected, NOT random)",P2_SCORE_SENSITIVITY_20260912T055929Z/case_review.jsonl,POST-HOC re-analysis (reviewer R2/E5); does not change any primary decision
OBQA,11-11,calibration,small,acw,1,explicit_multiple_options,"saved-vs-diagnostic parser disagreement or ambiguous diagnostic parse (content-selected, NOT random)",P2_SCORE_SENSITIVITY_20260912T055929Z/case_review.jsonl,POST-HOC re-analysis (reviewer R2/E5); does not change any primary decision
OBQA,11-144,calibration,small,acw;text,2,explicit_multiple_options,"saved-vs-diagnostic parser disagreement or ambiguous diagnostic parse (content-selected, NOT random)",P2_SCORE_SENSITIVITY_20260912T055929Z/case_review.jsonl,POST-HOC re-analysis (reviewer R2/E5); does not change any primary decision
OBQA,11-204,calibration,large,c2c,1,explicit_single,"saved-vs-diagnostic parser disagreement or ambiguous diagnostic parse (content-selected, NOT random)",P2_SCORE_SENSITIVITY_20260912T055929Z/case_review.jsonl,POST-HOC re-analysis (reviewer R2/E5); does not change any primary decision
OBQA,11-211,calibration,small,acw;text,2,explicit_multiple_options,"saved-vs-diagnostic parser disagreement or ambiguous diagnostic parse (content-selected, NOT random)",P2_SCORE_SENSITIVITY_20260912T055929Z/case_review.jsonl,POST-HOC re-analysis (reviewer R2/E5); does not change any primary decision
OBQA,11-219,calibration,small,acw;receiver_only,3,explicit_multiple_options,"saved-vs-diagnostic parser disagreement or ambiguous diagnostic parse (content-selected, NOT random)",P2_SCORE_SENSITIVITY_20260912T055929Z/case_review.jsonl,POST-HOC re-analysis (reviewer R2/E5); does not change any primary decision
OBQA,11-245,calibration,small,acw,1,explicit_multiple_options,"saved-vs-diagnostic parser disagreement or ambiguous diagnostic parse (content-selected, NOT random)",P2_SCORE_SENSITIVITY_20260912T055929Z/case_review.jsonl,POST-HOC re-analysis (reviewer R2/E5); does not change any primary decision
OBQA,11-27,calibration,small,receiver_only,1,explicit_multiple_options,"saved-vs-diagnostic parser disagreement or ambiguous diagnostic parse (content-selected, NOT random)",P2_SCORE_SENSITIVITY_20260912T055929Z/case_review.jsonl,POST-HOC re-analysis (reviewer R2/E5); does not change any primary decision
OBQA,11-306,calibration,small,acw,1,explicit_multiple_options,"saved-vs-diagnostic parser disagreement or ambiguous diagnostic parse (content-selected, NOT random)",P2_SCORE_SENSITIVITY_20260912T055929Z/case_review.jsonl,POST-HOC re-analysis (reviewer R2/E5); does not change any primary decision
OBQA,11-315,calibration,large,c2c,1,explicit_single,"saved-vs-diagnostic parser disagreement or ambiguous diagnostic parse (content-selected, NOT random)",P2_SCORE_SENSITIVITY_20260912T055929Z/case_review.jsonl,POST-HOC re-analysis (reviewer R2/E5); does not change any primary decision
OBQA,11-325,calibration,small,text,1,explicit_multiple_options,"saved-vs-diagnostic parser disagreement or ambiguous diagnostic parse (content-selected, NOT random)",P2_SCORE_SENSITIVITY_20260912T055929Z/case_review.jsonl,POST-HOC re-analysis (reviewer R2/E5); does not change any primary decision
OBQA,11-332,calibration,small,acw;receiver_only;text,3,explicit_multiple_options,"saved-vs-diagnostic parser disagreement or ambiguous diagnostic parse (content-selected, NOT random)",P2_SCORE_SENSITIVITY_20260912T055929Z/case_review.jsonl,POST-HOC re-analysis (reviewer R2/E5); does not change any primary decision
OBQA,11-440,calibration,small,text,1,explicit_multiple_options,"saved-vs-diagnostic parser disagreement or ambiguous diagnostic parse (content-selected, NOT random)",P2_SCORE_SENSITIVITY_20260912T055929Z/case_review.jsonl,POST-HOC re-analysis (reviewer R2/E5); does not change any primary decision
OBQA,11-477,calibration,small,receiver_only,1,explicit_multiple_options,"saved-vs-diagnostic parser disagreement or ambiguous diagnostic parse (content-selected, NOT random)",P2_SCORE_SENSITIVITY_20260912T055929Z/case_review.jsonl,POST-HOC re-analysis (reviewer R2/E5); does not change any primary decision
OBQA,11-490,calibration,small,acw;receiver_only;text,3,explicit_multiple_options,"saved-vs-diagnostic parser disagreement or ambiguous diagnostic parse (content-selected, NOT random)",P2_SCORE_SENSITIVITY_20260912T055929Z/case_review.jsonl,POST-HOC re-analysis (reviewer R2/E5); does not change any primary decision
OBQA,11-509,calibration,small,text,1,explicit_multiple_options,"saved-vs-diagnostic parser disagreement or ambiguous diagnostic parse (content-selected, NOT random)",P2_SCORE_SENSITIVITY_20260912T055929Z/case_review.jsonl,POST-HOC re-analysis (reviewer R2/E5); does not change any primary decision
OBQA,11-56,calibration,small,acw;receiver_only;text,3,explicit_multiple_options,"saved-vs-diagnostic parser disagreement or ambiguous diagnostic parse (content-selected, NOT random)",P2_SCORE_SENSITIVITY_20260912T055929Z/case_review.jsonl,POST-HOC re-analysis (reviewer R2/E5); does not change any primary decision
OBQA,11-575,calibration,large,acw,1,explicit_multiple_options,"saved-vs-diagnostic parser disagreement or ambiguous diagnostic parse (content-selected, NOT random)",P2_SCORE_SENSITIVITY_20260912T055929Z/case_review.jsonl,POST-HOC re-analysis (reviewer R2/E5); does not change any primary decision
OBQA,11-595,calibration,small,text,1,explicit_multiple_options,"saved-vs-diagnostic parser disagreement or ambiguous diagnostic parse (content-selected, NOT random)",P2_SCORE_SENSITIVITY_20260912T055929Z/case_review.jsonl,POST-HOC re-analysis (reviewer R2/E5); does not change any primary decision
OBQA,11-67,calibration,small,acw;receiver_only,2,explicit_multiple_options,"saved-vs-diagnostic parser disagreement or ambiguous diagnostic parse (content-selected, NOT random)",P2_SCORE_SENSITIVITY_20260912T055929Z/case_review.jsonl,POST-HOC re-analysis (reviewer R2/E5); does not change any primary decision
OBQA,11-78,calibration,small,acw;text,2,explicit_multiple_options,"saved-vs-diagnostic parser disagreement or ambiguous diagnostic parse (content-selected, NOT random)",P2_SCORE_SENSITIVITY_20260912T055929Z/case_review.jsonl,POST-HOC re-analysis (reviewer R2/E5); does not change any primary decision
OBQA,11-93,calibration,large,c2c,1,explicit_multiple_options,"saved-vs-diagnostic parser disagreement or ambiguous diagnostic parse (content-selected, NOT random)",P2_SCORE_SENSITIVITY_20260912T055929Z/case_review.jsonl,POST-HOC re-analysis (reviewer R2/E5); does not change any primary decision
OBQA,110,calibration,small,text,1,explicit_multiple_options,"saved-vs-diagnostic parser disagreement or ambiguous diagnostic parse (content-selected, NOT random)",P2_SCORE_SENSITIVITY_20260912T055929Z/case_review.jsonl,POST-HOC re-analysis (reviewer R2/E5); does not change any primary decision
OBQA,1115,calibration,small,c2c,1,no_explicit_answer,"saved-vs-diagnostic parser disagreement or ambiguous diagnostic parse (content-selected, NOT random)",P2_SCORE_SENSITIVITY_20260912T055929Z/case_review.jsonl,POST-HOC re-analysis (reviewer R2/E5); does not change any primary decision
OBQA,12-103,calibration,small,acw,1,explicit_multiple_options,"saved-vs-diagnostic parser disagreement or ambiguous diagnostic parse (content-selected, NOT random)",P2_SCORE_SENSITIVITY_20260912T055929Z/case_review.jsonl,POST-HOC re-analysis (reviewer R2/E5); does not change any primary decision
OBQA,12-1055,calibration,small,acw,1,explicit_multiple_options,"saved-vs-diagnostic parser disagreement or ambiguous diagnostic parse (content-selected, NOT random)",P2_SCORE_SENSITIVITY_20260912T055929Z/case_review.jsonl,POST-HOC re-analysis (reviewer R2/E5); does not change any primary decision
OBQA,12-1103,calibration,small,text,1,explicit_multiple_options,"saved-vs-diagnostic parser disagreement or ambiguous diagnostic parse (content-selected, NOT random)",P2_SCORE_SENSITIVITY_20260912T055929Z/case_review.jsonl,POST-HOC re-analysis (reviewer R2/E5); does not change any primary decision
OBQA,12-1137,calibration,small,acw;receiver_only,2,explicit_multiple_options,"saved-vs-diagnostic parser disagreement or ambiguous diagnostic parse (content-selected, NOT random)",P2_SCORE_SENSITIVITY_20260912T055929Z/case_review.jsonl,POST-HOC re-analysis (reviewer R2/E5); does not change any primary decision
OBQA,12-1141,calibration,small,acw;receiver_only;text,3,explicit_multiple_options,"saved-vs-diagnostic parser disagreement or ambiguous diagnostic parse (content-selected, NOT random)",P2_SCORE_SENSITIVITY_20260912T055929Z/case_review.jsonl,POST-HOC re-analysis (reviewer R2/E5); does not change any primary decision
OBQA,12-142,calibration,small,acw;receiver_only,2,explicit_multiple_options,"saved-vs-diagnostic parser disagreement or ambiguous diagnostic parse (content-selected, NOT random)",P2_SCORE_SENSITIVITY_20260912T055929Z/case_review.jsonl,POST-HOC re-analysis (reviewer R2/E5); does not change any primary decision
OBQA,12-145,calibration,small,acw,1,explicit_multiple_options,"saved-vs-diagnostic parser disagreement or ambiguous diagnostic parse (content-selected, NOT random)",P2_SCORE_SENSITIVITY_20260912T055929Z/case_review.jsonl,POST-HOC re-analysis (reviewer R2/E5); does not change any primary decision
OBQA,12-182,calibration,small,acw;text,2,explicit_multiple_options,"saved-vs-diagnostic parser disagreement or ambiguous diagnostic parse (content-selected, NOT random)",P2_SCORE_SENSITIVITY_20260912T055929Z/case_review.jsonl,POST-HOC re-analysis (reviewer R2/E5); does not change any primary decision
OBQA,12-259,calibration,small,text,1,explicit_multiple_options,"saved-vs-diagnostic parser disagreement or ambiguous diagnostic parse (content-selected, NOT random)",P2_SCORE_SENSITIVITY_20260912T055929Z/case_review.jsonl,POST-HOC re-analysis (reviewer R2/E5); does not change any primary decision
OBQA,12-332,calibration,small,text,1,explicit_multiple_options,"saved-vs-diagnostic parser disagreement or ambiguous diagnostic parse (content-selected, NOT random)",P2_SCORE_SENSITIVITY_20260912T055929Z/case_review.jsonl,POST-HOC re-analysis (reviewer R2/E5); does not change any primary decision
OBQA,12-344,calibration,small,acw;text,3,explicit_multiple_options,"saved-vs-diagnostic parser disagreement or ambiguous diagnostic parse (content-selected, NOT random)",P2_SCORE_SENSITIVITY_20260912T055929Z/case_review.jsonl,POST-HOC re-analysis (reviewer R2/E5); does not change any primary decision
OBQA,12-457,calibration,small,text,1,explicit_multiple_options,"saved-vs-diagnostic parser disagreement or ambiguous diagnostic parse (content-selected, NOT random)",P2_SCORE_SENSITIVITY_20260912T055929Z/case_review.jsonl,POST-HOC re-analysis (reviewer R2/E5); does not change any primary decision
OBQA,12-472,calibration,small,text,1,explicit_multiple_options,"saved-vs-diagnostic parser disagreement or ambiguous diagnostic parse (content-selected, NOT random)",P2_SCORE_SENSITIVITY_20260912T055929Z/case_review.jsonl,POST-HOC re-analysis (reviewer R2/E5); does not change any primary decision
OBQA,12-491,calibration,small,acw,1,explicit_multiple_options,"saved-vs-diagnostic parser disagreement or ambiguous diagnostic parse (content-selected, NOT random)",P2_SCORE_SENSITIVITY_20260912T055929Z/case_review.jsonl,POST-HOC re-analysis (reviewer R2/E5); does not change any primary decision
OBQA,12-548,calibration,small,acw;receiver_only,2,explicit_multiple_options,"saved-vs-diagnostic parser disagreement or ambiguous diagnostic parse (content-selected, NOT random)",P2_SCORE_SENSITIVITY_20260912T055929Z/case_review.jsonl,POST-HOC re-analysis (reviewer R2/E5); does not change any primary decision
OBQA,12-600,calibration,small,text,1,explicit_multiple_options,"saved-vs-diagnostic parser disagreement or ambiguous diagnostic parse (content-selected, NOT random)",P2_SCORE_SENSITIVITY_20260912T055929Z/case_review.jsonl,POST-HOC re-analysis (reviewer R2/E5); does not change any primary decision
OBQA,12-64,calibration,small,acw,1,explicit_multiple_options,"saved-vs-diagnostic parser disagreement or ambiguous diagnostic parse (content-selected, NOT random)",P2_SCORE_SENSITIVITY_20260912T055929Z/case_review.jsonl,POST-HOC re-analysis (reviewer R2/E5); does not change any primary decision
OBQA,12-647,calibration,small,text,1,explicit_multiple_options,"saved-vs-diagnostic parser disagreement or ambiguous diagnostic parse (content-selected, NOT random)",P2_SCORE_SENSITIVITY_20260912T055929Z/case_review.jsonl,POST-HOC re-analysis (reviewer R2/E5); does not change any primary decision
OBQA,12-667,calibration,small,acw,1,explicit_multiple_options,"saved-vs-diagnostic parser disagreement or ambiguous diagnostic parse (content-selected, NOT random)",P2_SCORE_SENSITIVITY_20260912T055929Z/case_review.jsonl,POST-HOC re-analysis (reviewer R2/E5); does not change any primary decision
OBQA,12-734,calibration,small,text,1,explicit_multiple_options,"saved-vs-diagnostic parser disagreement or ambiguous diagnostic parse (content-selected, NOT random)",P2_SCORE_SENSITIVITY_20260912T055929Z/case_review.jsonl,POST-HOC re-analysis (reviewer R2/E5); does not change any primary decision
OBQA,12-735,calibration,small,text,1,explicit_multiple_options,"saved-vs-diagnostic parser disagreement or ambiguous diagnostic parse (content-selected, NOT random)",P2_SCORE_SENSITIVITY_20260912T055929Z/case_review.jsonl,POST-HOC re-analysis (reviewer R2/E5); does not change any primary decision
OBQA,12-742,calibration,small,text,1,explicit_multiple_options,"saved-vs-diagnostic parser disagreement or ambiguous diagnostic parse (content-selected, NOT random)",P2_SCORE_SENSITIVITY_20260912T055929Z/case_review.jsonl,POST-HOC re-analysis (reviewer R2/E5); does not change any primary decision
OBQA,12-752,calibration,small,text,1,explicit_multiple_options,"saved-vs-diagnostic parser disagreement or ambiguous diagnostic parse (content-selected, NOT random)",P2_SCORE_SENSITIVITY_20260912T055929Z/case_review.jsonl,POST-HOC re-analysis (reviewer R2/E5); does not change any primary decision
OBQA,12-796,calibration,small,acw,1,explicit_multiple_options,"saved-vs-diagnostic parser disagreement or ambiguous diagnostic parse (content-selected, NOT random)",P2_SCORE_SENSITIVITY_20260912T055929Z/case_review.jsonl,POST-HOC re-analysis (reviewer R2/E5); does not change any primary decision
OBQA,12-797,calibration,small,text,1,explicit_multiple_options,"saved-vs-diagnostic parser disagreement or ambiguous diagnostic parse (content-selected, NOT random)",P2_SCORE_SENSITIVITY_20260912T055929Z/case_review.jsonl,POST-HOC re-analysis (reviewer R2/E5); does not change any primary decision
OBQA,12-799,calibration,small,text,1,explicit_multiple_options,"saved-vs-diagnostic parser disagreement or ambiguous diagnostic parse (content-selected, NOT random)",P2_SCORE_SENSITIVITY_20260912T055929Z/case_review.jsonl,POST-HOC re-analysis (reviewer R2/E5); does not change any primary decision
OBQA,12-841,calibration,large,c2c,2,explicit_single,"saved-vs-diagnostic parser disagreement or ambiguous diagnostic parse (content-selected, NOT random)",P2_SCORE_SENSITIVITY_20260912T055929Z/case_review.jsonl,POST-HOC re-analysis (reviewer R2/E5); does not change any primary decision
OBQA,12-930,calibration,small,text,1,explicit_multiple_options,"saved-vs-diagnostic parser disagreement or ambiguous diagnostic parse (content-selected, NOT random)",P2_SCORE_SENSITIVITY_20260912T055929Z/case_review.jsonl,POST-HOC re-analysis (reviewer R2/E5); does not change any primary decision
OBQA,12-937,calibration,small,acw;receiver_only,2,explicit_multiple_options,"saved-vs-diagnostic parser disagreement or ambiguous diagnostic parse (content-selected, NOT random)",P2_SCORE_SENSITIVITY_20260912T055929Z/case_review.jsonl,POST-HOC re-analysis (reviewer R2/E5); does not change any primary decision
OBQA,12-957,calibration,small,acw;receiver_only,2,explicit_multiple_options,"saved-vs-diagnostic parser disagreement or ambiguous diagnostic parse (content-selected, NOT random)",P2_SCORE_SENSITIVITY_20260912T055929Z/case_review.jsonl,POST-HOC re-analysis (reviewer R2/E5); does not change any primary decision
OBQA,12-982,calibration,small,text,1,explicit_multiple_options,"saved-vs-diagnostic parser disagreement or ambiguous diagnostic parse (content-selected, NOT random)",P2_SCORE_SENSITIVITY_20260912T055929Z/case_review.jsonl,POST-HOC re-analysis (reviewer R2/E5); does not change any primary decision
OBQA,13-1006,calibration,small,acw;text,2,explicit_multiple_options,"saved-vs-diagnostic parser disagreement or ambiguous diagnostic parse (content-selected, NOT random)",P2_SCORE_SENSITIVITY_20260912T055929Z/case_review.jsonl,POST-HOC re-analysis (reviewer R2/E5); does not change any primary decision
OBQA,13-108,calibration,small,acw,1,explicit_multiple_options,"saved-vs-diagnostic parser disagreement or ambiguous diagnostic parse (content-selected, NOT random)",P2_SCORE_SENSITIVITY_20260912T055929Z/case_review.jsonl,POST-HOC re-analysis (reviewer R2/E5); does not change any primary decision
OBQA,13-12,calibration,small,acw,1,explicit_multiple_options,"saved-vs-diagnostic parser disagreement or ambiguous diagnostic parse (content-selected, NOT random)",P2_SCORE_SENSITIVITY_20260912T055929Z/case_review.jsonl,POST-HOC re-analysis (reviewer R2/E5); does not change any primary decision
OBQA,13-166,calibration,small,acw;receiver_only,2,explicit_multiple_options,"saved-vs-diagnostic parser disagreement or ambiguous diagnostic parse (content-selected, NOT random)",P2_SCORE_SENSITIVITY_20260912T055929Z/case_review.jsonl,POST-HOC re-analysis (reviewer R2/E5); does not change any primary decision
OBQA,13-173,calibration,small,acw,1,explicit_multiple_options,"saved-vs-diagnostic parser disagreement or ambiguous diagnostic parse (content-selected, NOT random)",P2_SCORE_SENSITIVITY_20260912T055929Z/case_review.jsonl,POST-HOC re-analysis (reviewer R2/E5); does not change any primary decision
OBQA,13-380,calibration,small,text,1,explicit_multiple_options,"saved-vs-diagnostic parser disagreement or ambiguous diagnostic parse (content-selected, NOT random)",P2_SCORE_SENSITIVITY_20260912T055929Z/case_review.jsonl,POST-HOC re-analysis (reviewer R2/E5); does not change any primary decision
OBQA,13-382,calibration,small,acw,1,explicit_multiple_options,"saved-vs-diagnostic parser disagreement or ambiguous diagnostic parse (content-selected, NOT random)",P2_SCORE_SENSITIVITY_20260912T055929Z/case_review.jsonl,POST-HOC re-analysis (reviewer R2/E5); does not change any primary decision
OBQA,13-391,calibration,small,acw;receiver_only,2,explicit_multiple_options,"saved-vs-diagnostic parser disagreement or ambiguous diagnostic parse (content-selected, NOT random)",P2_SCORE_SENSITIVITY_20260912T055929Z/case_review.jsonl,POST-HOC re-analysis (reviewer R2/E5); does not change any primary decision
OBQA,13-419,calibration,small,acw,1,explicit_multiple_options,"saved-vs-diagnostic parser disagreement or ambiguous diagnostic parse (content-selected, NOT random)",P2_SCORE_SENSITIVITY_20260912T055929Z/case_review.jsonl,POST-HOC re-analysis (reviewer R2/E5); does not change any primary decision
OBQA,13-529,calibration,small,acw;text,2,explicit_multiple_options,"saved-vs-diagnostic parser disagreement or ambiguous diagnostic parse (content-selected, NOT random)",P2_SCORE_SENSITIVITY_20260912T055929Z/case_review.jsonl,POST-HOC re-analysis (reviewer R2/E5); does not change any primary decision
OBQA,13-577,calibration,large,acw;receiver_only,2,explicit_multiple_options,"saved-vs-diagnostic parser disagreement or ambiguous diagnostic parse (content-selected, NOT random)",P2_SCORE_SENSITIVITY_20260912T055929Z/case_review.jsonl,POST-HOC re-analysis (reviewer R2/E5); does not change any primary decision
OBQA,13-604,calibration,small,text,1,explicit_multiple_options,"saved-vs-diagnostic parser disagreement or ambiguous diagnostic parse (content-selected, NOT random)",P2_SCORE_SENSITIVITY_20260912T055929Z/case_review.jsonl,POST-HOC re-analysis (reviewer R2/E5); does not change any primary decision
OBQA,13-621,calibration,small,text,1,explicit_multiple_options,"saved-vs-diagnostic parser disagreement or ambiguous diagnostic parse (content-selected, NOT random)",P2_SCORE_SENSITIVITY_20260912T055929Z/case_review.jsonl,POST-HOC re-analysis (reviewer R2/E5); does not change any primary decision
OBQA,13-646,calibration,small,acw,1,explicit_multiple_options,"saved-vs-diagnostic parser disagreement or ambiguous diagnostic parse (content-selected, NOT random)",P2_SCORE_SENSITIVITY_20260912T055929Z/case_review.jsonl,POST-HOC re-analysis (reviewer R2/E5); does not change any primary decision
OBQA,13-662,calibration,small,text,1,explicit_multiple_options,"saved-vs-diagnostic parser disagreement or ambiguous diagnostic parse (content-selected, NOT random)",P2_SCORE_SENSITIVITY_20260912T055929Z/case_review.jsonl,POST-HOC re-analysis (reviewer R2/E5); does not change any primary decision
OBQA,13-666,calibration,small,acw;receiver_only,2,explicit_multiple_options,"saved-vs-diagnostic parser disagreement or ambiguous diagnostic parse (content-selected, NOT random)",P2_SCORE_SENSITIVITY_20260912T055929Z/case_review.jsonl,POST-HOC re-analysis (reviewer R2/E5); does not change any primary decision
OBQA,13-679,calibration,small,text,1,explicit_multiple_options,"saved-vs-diagnostic parser disagreement or ambiguous diagnostic parse (content-selected, NOT random)",P2_SCORE_SENSITIVITY_20260912T055929Z/case_review.jsonl,POST-HOC re-analysis (reviewer R2/E5); does not change any primary decision
OBQA,13-686,calibration,large,c2c,1,explicit_multiple_options,"saved-vs-diagnostic parser disagreement or ambiguous diagnostic parse (content-selected, NOT random)",P2_SCORE_SENSITIVITY_20260912T055929Z/case_review.jsonl,POST-HOC re-analysis (reviewer R2/E5); does not change any primary decision
OBQA,13-750,calibration,small,acw,1,explicit_multiple_options,"saved-vs-diagnostic parser disagreement or ambiguous diagnostic parse (content-selected, NOT random)",P2_SCORE_SENSITIVITY_20260912T055929Z/case_review.jsonl,POST-HOC re-analysis (reviewer R2/E5); does not change any primary decision
OBQA,13-861,calibration,small,acw,1,explicit_multiple_options,"saved-vs-diagnostic parser disagreement or ambiguous diagnostic parse (content-selected, NOT random)",P2_SCORE_SENSITIVITY_20260912T055929Z/case_review.jsonl,POST-HOC re-analysis (reviewer R2/E5); does not change any primary decision
OBQA,13-874,calibration,small,acw;text,2,explicit_multiple_options,"saved-vs-diagnostic parser disagreement or ambiguous diagnostic parse (content-selected, NOT random)",P2_SCORE_SENSITIVITY_20260912T055929Z/case_review.jsonl,POST-HOC re-analysis (reviewer R2/E5); does not change any primary decision
OBQA,13-891,calibration,small,text,1,explicit_multiple_options,"saved-vs-diagnostic parser disagreement or ambiguous diagnostic parse (content-selected, NOT random)",P2_SCORE_SENSITIVITY_20260912T055929Z/case_review.jsonl,POST-HOC re-analysis (reviewer R2/E5); does not change any primary decision
OBQA,13-901,calibration,small,acw;receiver_only,2,explicit_multiple_options,"saved-vs-diagnostic parser disagreement or ambiguous diagnostic parse (content-selected, NOT random)",P2_SCORE_SENSITIVITY_20260912T055929Z/case_review.jsonl,POST-HOC re-analysis (reviewer R2/E5); does not change any primary decision
OBQA,13-904,calibration,small,acw;receiver_only,2,explicit_multiple_options,"saved-vs-diagnostic parser disagreement or ambiguous diagnostic parse (content-selected, NOT random)",P2_SCORE_SENSITIVITY_20260912T055929Z/case_review.jsonl,POST-HOC re-analysis (reviewer R2/E5); does not change any primary decision
OBQA,13-933,calibration,large,c2c,1,explicit_single,"saved-vs-diagnostic parser disagreement or ambiguous diagnostic parse (content-selected, NOT random)",P2_SCORE_SENSITIVITY_20260912T055929Z/case_review.jsonl,POST-HOC re-analysis (reviewer R2/E5); does not change any primary decision
OBQA,13-99,calibration,large,acw,1,explicit_multiple_options,"saved-vs-diagnostic parser disagreement or ambiguous diagnostic parse (content-selected, NOT random)",P2_SCORE_SENSITIVITY_20260912T055929Z/case_review.jsonl,POST-HOC re-analysis (reviewer R2/E5); does not change any primary decision
OBQA,13-991,calibration,small,acw;receiver_only,2,explicit_multiple_options,"saved-vs-diagnostic parser disagreement or ambiguous diagnostic parse (content-selected, NOT random)",P2_SCORE_SENSITIVITY_20260912T055929Z/case_review.jsonl,POST-HOC re-analysis (reviewer R2/E5); does not change any primary decision
OBQA,1337,calibration,small,acw,1,explicit_multiple_options,"saved-vs-diagnostic parser disagreement or ambiguous diagnostic parse (content-selected, NOT random)",P2_SCORE_SENSITIVITY_20260912T055929Z/case_review.jsonl,POST-HOC re-analysis (reviewer R2/E5); does not change any primary decision
OBQA,1365,calibration,small,acw;receiver_only;text,3,explicit_multiple_options,"saved-vs-diagnostic parser disagreement or ambiguous diagnostic parse (content-selected, NOT random)",P2_SCORE_SENSITIVITY_20260912T055929Z/case_review.jsonl,POST-HOC re-analysis (reviewer R2/E5); does not change any primary decision
OBQA,1380,calibration,small,acw,1,explicit_multiple_options,"saved-vs-diagnostic parser disagreement or ambiguous diagnostic parse (content-selected, NOT random)",P2_SCORE_SENSITIVITY_20260912T055929Z/case_review.jsonl,POST-HOC re-analysis (reviewer R2/E5); does not change any primary decision
OBQA,14-101,calibration,small,acw,1,explicit_multiple_options,"saved-vs-diagnostic parser disagreement or ambiguous diagnostic parse (content-selected, NOT random)",P2_SCORE_SENSITIVITY_20260912T055929Z/case_review.jsonl,POST-HOC re-analysis (reviewer R2/E5); does not change any primary decision
OBQA,14-1015,calibration,small,acw,1,explicit_multiple_options,"saved-vs-diagnostic parser disagreement or ambiguous diagnostic parse (content-selected, NOT random)",P2_SCORE_SENSITIVITY_20260912T055929Z/case_review.jsonl,POST-HOC re-analysis (reviewer R2/E5); does not change any primary decision
OBQA,14-1044,calibration,small,acw,1,explicit_multiple_options,"saved-vs-diagnostic parser disagreement or ambiguous diagnostic parse (content-selected, NOT random)",P2_SCORE_SENSITIVITY_20260912T055929Z/case_review.jsonl,POST-HOC re-analysis (reviewer R2/E5); does not change any primary decision
OBQA,14-1061,calibration,large;small,c2c,2,explicit_single,"saved-vs-diagnostic parser disagreement or ambiguous diagnostic parse (content-selected, NOT random)",P2_SCORE_SENSITIVITY_20260912T055929Z/case_review.jsonl,POST-HOC re-analysis (reviewer R2/E5); does not change any primary decision
OBQA,14-1157,calibration,small,acw,1,explicit_multiple_options,"saved-vs-diagnostic parser disagreement or ambiguous diagnostic parse (content-selected, NOT random)",P2_SCORE_SENSITIVITY_20260912T055929Z/case_review.jsonl,POST-HOC re-analysis (reviewer R2/E5); does not change any primary decision
OBQA,14-1265,calibration,small,text,1,explicit_multiple_options,"saved-vs-diagnostic parser disagreement or ambiguous diagnostic parse (content-selected, NOT random)",P2_SCORE_SENSITIVITY_20260912T055929Z/case_review.jsonl,POST-HOC re-analysis (reviewer R2/E5); does not change any primary decision
OBQA,14-1275,calibration,large,c2c,1,explicit_multiple_options,"saved-vs-diagnostic parser disagreement or ambiguous diagnostic parse (content-selected, NOT random)",P2_SCORE_SENSITIVITY_20260912T055929Z/case_review.jsonl,POST-HOC re-analysis (reviewer R2/E5); does not change any primary decision
OBQA,14-1323,calibration,small,acw,1,explicit_multiple_options,"saved-vs-diagnostic parser disagreement or ambiguous diagnostic parse (content-selected, NOT random)",P2_SCORE_SENSITIVITY_20260912T055929Z/case_review.jsonl,POST-HOC re-analysis (reviewer R2/E5); does not change any primary decision
OBQA,14-1367,calibration,large,c2c,1,explicit_single,"saved-vs-diagnostic parser disagreement or ambiguous diagnostic parse (content-selected, NOT random)",P2_SCORE_SENSITIVITY_20260912T055929Z/case_review.jsonl,POST-HOC re-analysis (reviewer R2/E5); does not change any primary decision
OBQA,14-1382,calibration,large,c2c,2,explicit_single,"saved-vs-diagnostic parser disagreement or ambiguous diagnostic parse (content-selected, NOT random)",P2_SCORE_SENSITIVITY_20260912T055929Z/case_review.jsonl,POST-HOC re-analysis (reviewer R2/E5); does not change any primary decision
OBQA,14-1406,calibration,small,text,1,explicit_multiple_options,"saved-vs-diagnostic parser disagreement or ambiguous diagnostic parse (content-selected, NOT random)",P2_SCORE_SENSITIVITY_20260912T055929Z/case_review.jsonl,POST-HOC re-analysis (reviewer R2/E5); does not change any primary decision
OBQA,14-141,calibration,small,acw,1,explicit_multiple_options,"saved-vs-diagnostic parser disagreement or ambiguous diagnostic parse (content-selected, NOT random)",P2_SCORE_SENSITIVITY_20260912T055929Z/case_review.jsonl,POST-HOC re-analysis (reviewer R2/E5); does not change any primary decision
OBQA,14-1416,calibration,small,acw;receiver_only;text,3,explicit_multiple_options,"saved-vs-diagnostic parser disagreement or ambiguous diagnostic parse (content-selected, NOT random)",P2_SCORE_SENSITIVITY_20260912T055929Z/case_review.jsonl,POST-HOC re-analysis (reviewer R2/E5); does not change any primary decision
OBQA,14-1436,calibration,small,acw;receiver_only;text,3,explicit_multiple_options,"saved-vs-diagnostic parser disagreement or ambiguous diagnostic parse (content-selected, NOT random)",P2_SCORE_SENSITIVITY_20260912T055929Z/case_review.jsonl,POST-HOC re-analysis (reviewer R2/E5); does not change any primary decision
OBQA,14-1442,calibration,small,text,1,explicit_multiple_options,"saved-vs-diagnostic parser disagreement or ambiguous diagnostic parse (content-selected, NOT random)",P2_SCORE_SENSITIVITY_20260912T055929Z/case_review.jsonl,POST-HOC re-analysis (reviewer R2/E5); does not change any primary decision
OBQA,14-162,calibration,large,c2c,1,explicit_single,"saved-vs-diagnostic parser disagreement or ambiguous diagnostic parse (content-selected, NOT random)",P2_SCORE_SENSITIVITY_20260912T055929Z/case_review.jsonl,POST-HOC re-analysis (reviewer R2/E5); does not change any primary decision
OBQA,14-268,calibration,large,c2c,1,explicit_single,"saved-vs-diagnostic parser disagreement or ambiguous diagnostic parse (content-selected, NOT random)",P2_SCORE_SENSITIVITY_20260912T055929Z/case_review.jsonl,POST-HOC re-analysis (reviewer R2/E5); does not change any primary decision
OBQA,14-3,calibration,large;small,acw;c2c,2,explicit_multiple_options;explicit_single,"saved-vs-diagnostic parser disagreement or ambiguous diagnostic parse (content-selected, NOT random)",P2_SCORE_SENSITIVITY_20260912T055929Z/case_review.jsonl,POST-HOC re-analysis (reviewer R2/E5); does not change any primary decision
OBQA,14-339,calibration,small,text,1,explicit_multiple_options,"saved-vs-diagnostic parser disagreement or ambiguous diagnostic parse (content-selected, NOT random)",P2_SCORE_SENSITIVITY_20260912T055929Z/case_review.jsonl,POST-HOC re-analysis (reviewer R2/E5); does not change any primary decision
OBQA,14-377,calibration,small,acw,1,explicit_multiple_options,"saved-vs-diagnostic parser disagreement or ambiguous diagnostic parse (content-selected, NOT random)",P2_SCORE_SENSITIVITY_20260912T055929Z/case_review.jsonl,POST-HOC re-analysis (reviewer R2/E5); does not change any primary decision
OBQA,14-396,calibration,small,acw;receiver_only,2,explicit_multiple_options,"saved-vs-diagnostic parser disagreement or ambiguous diagnostic parse (content-selected, NOT random)",P2_SCORE_SENSITIVITY_20260912T055929Z/case_review.jsonl,POST-HOC re-analysis (reviewer R2/E5); does not change any primary decision
OBQA,14-402,calibration,small,text,1,explicit_multiple_options,"saved-vs-diagnostic parser disagreement or ambiguous diagnostic parse (content-selected, NOT random)",P2_SCORE_SENSITIVITY_20260912T055929Z/case_review.jsonl,POST-HOC re-analysis (reviewer R2/E5); does not change any primary decision
OBQA,14-559,calibration,small,text,1,explicit_multiple_options,"saved-vs-diagnostic parser disagreement or ambiguous diagnostic parse (content-selected, NOT random)",P2_SCORE_SENSITIVITY_20260912T055929Z/case_review.jsonl,POST-HOC re-analysis (reviewer R2/E5); does not change any primary decision
OBQA,14-635,calibration,small,text,1,explicit_multiple_options,"saved-vs-diagnostic parser disagreement or ambiguous diagnostic parse (content-selected, NOT random)",P2_SCORE_SENSITIVITY_20260912T055929Z/case_review.jsonl,POST-HOC re-analysis (reviewer R2/E5); does not change any primary decision
OBQA,14-638,calibration,small,acw;receiver_only,2,explicit_multiple_options,"saved-vs-diagnostic parser disagreement or ambiguous diagnostic parse (content-selected, NOT random)",P2_SCORE_SENSITIVITY_20260912T055929Z/case_review.jsonl,POST-HOC re-analysis (reviewer R2/E5); does not change any primary decision
OBQA,14-643,calibration,small,text,2,explicit_multiple_options,"saved-vs-diagnostic parser disagreement or ambiguous diagnostic parse (content-selected, NOT random)",P2_SCORE_SENSITIVITY_20260912T055929Z/case_review.jsonl,POST-HOC re-analysis (reviewer R2/E5); does not change any primary decision
OBQA,14-667,calibration,small,acw,1,explicit_multiple_options,"saved-vs-diagnostic parser disagreement or ambiguous diagnostic parse (content-selected, NOT random)",P2_SCORE_SENSITIVITY_20260912T055929Z/case_review.jsonl,POST-HOC re-analysis (reviewer R2/E5); does not change any primary decision
OBQA,14-674,calibration,small,acw;receiver_only,2,explicit_multiple_options,"saved-vs-diagnostic parser disagreement or ambiguous diagnostic parse (content-selected, NOT random)",P2_SCORE_SENSITIVITY_20260912T055929Z/case_review.jsonl,POST-HOC re-analysis (reviewer R2/E5); does not change any primary decision
OBQA,14-742,calibration,large,c2c,1,explicit_single,"saved-vs-diagnostic parser disagreement or ambiguous diagnostic parse (content-selected, NOT random)",P2_SCORE_SENSITIVITY_20260912T055929Z/case_review.jsonl,POST-HOC re-analysis (reviewer R2/E5); does not change any primary decision
OBQA,14-798,calibration,small,acw;receiver_only;text,3,explicit_multiple_options,"saved-vs-diagnostic parser disagreement or ambiguous diagnostic parse (content-selected, NOT random)",P2_SCORE_SENSITIVITY_20260912T055929Z/case_review.jsonl,POST-HOC re-analysis (reviewer R2/E5); does not change any primary decision
OBQA,14-820,calibration,small,acw,1,explicit_multiple_options,"saved-vs-diagnostic parser disagreement or ambiguous diagnostic parse (content-selected, NOT random)",P2_SCORE_SENSITIVITY_20260912T055929Z/case_review.jsonl,POST-HOC re-analysis (reviewer R2/E5); does not change any primary decision
OBQA,14-93,calibration,small,acw;receiver_only,2,explicit_multiple_options,"saved-vs-diagnostic parser disagreement or ambiguous diagnostic parse (content-selected, NOT random)",P2_SCORE_SENSITIVITY_20260912T055929Z/case_review.jsonl,POST-HOC re-analysis (reviewer R2/E5); does not change any primary decision
OBQA,14-980,calibration,small,acw;receiver_only,2,explicit_multiple_options,"saved-vs-diagnostic parser disagreement or ambiguous diagnostic parse (content-selected, NOT random)",P2_SCORE_SENSITIVITY_20260912T055929Z/case_review.jsonl,POST-HOC re-analysis (reviewer R2/E5); does not change any primary decision
OBQA,1427,calibration,small,receiver_only;text,2,explicit_multiple_options,"saved-vs-diagnostic parser disagreement or ambiguous diagnostic parse (content-selected, NOT random)",P2_SCORE_SENSITIVITY_20260912T055929Z/case_review.jsonl,POST-HOC re-analysis (reviewer R2/E5); does not change any primary decision
OBQA,1442,calibration,small,acw;receiver_only,2,explicit_multiple_options,"saved-vs-diagnostic parser disagreement or ambiguous diagnostic parse (content-selected, NOT random)",P2_SCORE_SENSITIVITY_20260912T055929Z/case_review.jsonl,POST-HOC re-analysis (reviewer R2/E5); does not change any primary decision
OBQA,1453,calibration,small,acw,1,explicit_multiple_options,"saved-vs-diagnostic parser disagreement or ambiguous diagnostic parse (content-selected, NOT random)",P2_SCORE_SENSITIVITY_20260912T055929Z/case_review.jsonl,POST-HOC re-analysis (reviewer R2/E5); does not change any primary decision
OBQA,1494,calibration,small,acw;receiver_only;text,3,explicit_multiple_options,"saved-vs-diagnostic parser disagreement or ambiguous diagnostic parse (content-selected, NOT random)",P2_SCORE_SENSITIVITY_20260912T055929Z/case_review.jsonl,POST-HOC re-analysis (reviewer R2/E5); does not change any primary decision
OBQA,1505,calibration,small,text,1,explicit_multiple_options,"saved-vs-diagnostic parser disagreement or ambiguous diagnostic parse (content-selected, NOT random)",P2_SCORE_SENSITIVITY_20260912T055929Z/case_review.jsonl,POST-HOC re-analysis (reviewer R2/E5); does not change any primary decision
OBQA,1721,calibration,large;small,acw;c2c;receiver_only;text,4,explicit_multiple_options;explicit_single,"saved-vs-diagnostic parser disagreement or ambiguous diagnostic parse (content-selected, NOT random)",P2_SCORE_SENSITIVITY_20260912T055929Z/case_review.jsonl,POST-HOC re-analysis (reviewer R2/E5); does not change any primary decision
OBQA,1766,calibration,small,acw;receiver_only,2,explicit_multiple_options,"saved-vs-diagnostic parser disagreement or ambiguous diagnostic parse (content-selected, NOT random)",P2_SCORE_SENSITIVITY_20260912T055929Z/case_review.jsonl,POST-HOC re-analysis (reviewer R2/E5); does not change any primary decision
OBQA,1826,calibration,small,acw;receiver_only,2,explicit_multiple_options,"saved-vs-diagnostic parser disagreement or ambiguous diagnostic parse (content-selected, NOT random)",P2_SCORE_SENSITIVITY_20260912T055929Z/case_review.jsonl,POST-HOC re-analysis (reviewer R2/E5); does not change any primary decision
OBQA,1944,calibration,small,acw;receiver_only;text,3,explicit_multiple_options,"saved-vs-diagnostic parser disagreement or ambiguous diagnostic parse (content-selected, NOT random)",P2_SCORE_SENSITIVITY_20260912T055929Z/case_review.jsonl,POST-HOC re-analysis (reviewer R2/E5); does not change any primary decision
OBQA,1950,calibration,small,acw,1,explicit_multiple_options,"saved-vs-diagnostic parser disagreement or ambiguous diagnostic parse (content-selected, NOT random)",P2_SCORE_SENSITIVITY_20260912T055929Z/case_review.jsonl,POST-HOC re-analysis (reviewer R2/E5); does not change any primary decision
OBQA,1962,calibration,small,acw;receiver_only,2,explicit_multiple_options,"saved-vs-diagnostic parser disagreement or ambiguous diagnostic parse (content-selected, NOT random)",P2_SCORE_SENSITIVITY_20260912T055929Z/case_review.jsonl,POST-HOC re-analysis (reviewer R2/E5); does not change any primary decision
OBQA,370,calibration,small,acw;receiver_only,2,explicit_multiple_options,"saved-vs-diagnostic parser disagreement or ambiguous diagnostic parse (content-selected, NOT random)",P2_SCORE_SENSITIVITY_20260912T055929Z/case_review.jsonl,POST-HOC re-analysis (reviewer R2/E5); does not change any primary decision
OBQA,475,calibration,small,acw;receiver_only,2,explicit_multiple_options,"saved-vs-diagnostic parser disagreement or ambiguous diagnostic parse (content-selected, NOT random)",P2_SCORE_SENSITIVITY_20260912T055929Z/case_review.jsonl,POST-HOC re-analysis (reviewer R2/E5); does not change any primary decision
OBQA,608,calibration,large,c2c,1,explicit_single,"saved-vs-diagnostic parser disagreement or ambiguous diagnostic parse (content-selected, NOT random)",P2_SCORE_SENSITIVITY_20260912T055929Z/case_review.jsonl,POST-HOC re-analysis (reviewer R2/E5); does not change any primary decision
OBQA,656,calibration,small,text,1,explicit_multiple_options,"saved-vs-diagnostic parser disagreement or ambiguous diagnostic parse (content-selected, NOT random)",P2_SCORE_SENSITIVITY_20260912T055929Z/case_review.jsonl,POST-HOC re-analysis (reviewer R2/E5); does not change any primary decision
OBQA,7-109,calibration,small,acw,1,explicit_multiple_options,"saved-vs-diagnostic parser disagreement or ambiguous diagnostic parse (content-selected, NOT random)",P2_SCORE_SENSITIVITY_20260912T055929Z/case_review.jsonl,POST-HOC re-analysis (reviewer R2/E5); does not change any primary decision
OBQA,7-190,calibration,small,acw;receiver_only;text,3,explicit_multiple_options,"saved-vs-diagnostic parser disagreement or ambiguous diagnostic parse (content-selected, NOT random)",P2_SCORE_SENSITIVITY_20260912T055929Z/case_review.jsonl,POST-HOC re-analysis (reviewer R2/E5); does not change any primary decision
OBQA,7-224,calibration,small,text,1,explicit_multiple_options,"saved-vs-diagnostic parser disagreement or ambiguous diagnostic parse (content-selected, NOT random)",P2_SCORE_SENSITIVITY_20260912T055929Z/case_review.jsonl,POST-HOC re-analysis (reviewer R2/E5); does not change any primary decision
OBQA,7-243,calibration,small,acw,1,explicit_multiple_options,"saved-vs-diagnostic parser disagreement or ambiguous diagnostic parse (content-selected, NOT random)",P2_SCORE_SENSITIVITY_20260912T055929Z/case_review.jsonl,POST-HOC re-analysis (reviewer R2/E5); does not change any primary decision
OBQA,7-274,calibration,large;small,acw;text,2,explicit_multiple_options,"saved-vs-diagnostic parser disagreement or ambiguous diagnostic parse (content-selected, NOT random)",P2_SCORE_SENSITIVITY_20260912T055929Z/case_review.jsonl,POST-HOC re-analysis (reviewer R2/E5); does not change any primary decision
OBQA,7-296,calibration,small,acw,1,explicit_multiple_options,"saved-vs-diagnostic parser disagreement or ambiguous diagnostic parse (content-selected, NOT random)",P2_SCORE_SENSITIVITY_20260912T055929Z/case_review.jsonl,POST-HOC re-analysis (reviewer R2/E5); does not change any primary decision
OBQA,7-389,calibration,small,text,1,explicit_multiple_options,"saved-vs-diagnostic parser disagreement or ambiguous diagnostic parse (content-selected, NOT random)",P2_SCORE_SENSITIVITY_20260912T055929Z/case_review.jsonl,POST-HOC re-analysis (reviewer R2/E5); does not change any primary decision
OBQA,7-401,calibration,small,acw,1,explicit_multiple_options,"saved-vs-diagnostic parser disagreement or ambiguous diagnostic parse (content-selected, NOT random)",P2_SCORE_SENSITIVITY_20260912T055929Z/case_review.jsonl,POST-HOC re-analysis (reviewer R2/E5); does not change any primary decision
OBQA,7-408,calibration,small,acw,1,explicit_multiple_options,"saved-vs-diagnostic parser disagreement or ambiguous diagnostic parse (content-selected, NOT random)",P2_SCORE_SENSITIVITY_20260912T055929Z/case_review.jsonl,POST-HOC re-analysis (reviewer R2/E5); does not change any primary decision
OBQA,7-47,calibration,large,c2c,1,explicit_single,"saved-vs-diagnostic parser disagreement or ambiguous diagnostic parse (content-selected, NOT random)",P2_SCORE_SENSITIVITY_20260912T055929Z/case_review.jsonl,POST-HOC re-analysis (reviewer R2/E5); does not change any primary decision
OBQA,7-51,calibration,small,acw;receiver_only;text,3,explicit_multiple_options,"saved-vs-diagnostic parser disagreement or ambiguous diagnostic parse (content-selected, NOT random)",P2_SCORE_SENSITIVITY_20260912T055929Z/case_review.jsonl,POST-HOC re-analysis (reviewer R2/E5); does not change any primary decision
OBQA,7-525,calibration,small,acw;receiver_only;text,3,explicit_multiple_options,"saved-vs-diagnostic parser disagreement or ambiguous diagnostic parse (content-selected, NOT random)",P2_SCORE_SENSITIVITY_20260912T055929Z/case_review.jsonl,POST-HOC re-analysis (reviewer R2/E5); does not change any primary decision
OBQA,7-579,calibration,small,acw,1,explicit_multiple_options,"saved-vs-diagnostic parser disagreement or ambiguous diagnostic parse (content-selected, NOT random)",P2_SCORE_SENSITIVITY_20260912T055929Z/case_review.jsonl,POST-HOC re-analysis (reviewer R2/E5); does not change any primary decision
OBQA,7-641,calibration,small,acw,1,explicit_multiple_options,"saved-vs-diagnostic parser disagreement or ambiguous diagnostic parse (content-selected, NOT random)",P2_SCORE_SENSITIVITY_20260912T055929Z/case_review.jsonl,POST-HOC re-analysis (reviewer R2/E5); does not change any primary decision
OBQA,7-662,calibration,small,text,1,explicit_multiple_options,"saved-vs-diagnostic parser disagreement or ambiguous diagnostic parse (content-selected, NOT random)",P2_SCORE_SENSITIVITY_20260912T055929Z/case_review.jsonl,POST-HOC re-analysis (reviewer R2/E5); does not change any primary decision
OBQA,7-751,calibration,small,acw,1,explicit_multiple_options,"saved-vs-diagnostic parser disagreement or ambiguous diagnostic parse (content-selected, NOT random)",P2_SCORE_SENSITIVITY_20260912T055929Z/case_review.jsonl,POST-HOC re-analysis (reviewer R2/E5); does not change any primary decision
OBQA,7-752,calibration,small,acw,1,explicit_multiple_options,"saved-vs-diagnostic parser disagreement or ambiguous diagnostic parse (content-selected, NOT random)",P2_SCORE_SENSITIVITY_20260912T055929Z/case_review.jsonl,POST-HOC re-analysis (reviewer R2/E5); does not change any primary decision
OBQA,7-836,calibration,small,acw,1,explicit_multiple_options,"saved-vs-diagnostic parser disagreement or ambiguous diagnostic parse (content-selected, NOT random)",P2_SCORE_SENSITIVITY_20260912T055929Z/case_review.jsonl,POST-HOC re-analysis (reviewer R2/E5); does not change any primary decision
OBQA,7-947,calibration,small,acw,1,explicit_multiple_options,"saved-vs-diagnostic parser disagreement or ambiguous diagnostic parse (content-selected, NOT random)",P2_SCORE_SENSITIVITY_20260912T055929Z/case_review.jsonl,POST-HOC re-analysis (reviewer R2/E5); does not change any primary decision
OBQA,7-975,calibration,large;small,acw;c2c;receiver_only;text,4,explicit_multiple_options;explicit_single,"saved-vs-diagnostic parser disagreement or ambiguous diagnostic parse (content-selected, NOT random)",P2_SCORE_SENSITIVITY_20260912T055929Z/case_review.jsonl,POST-HOC re-analysis (reviewer R2/E5); does not change any primary decision
OBQA,712,calibration,small,receiver_only;text,2,explicit_multiple_options,"saved-vs-diagnostic parser disagreement or ambiguous diagnostic parse (content-selected, NOT random)",P2_SCORE_SENSITIVITY_20260912T055929Z/case_review.jsonl,POST-HOC re-analysis (reviewer R2/E5); does not change any primary decision
OBQA,8-172,calibration,small,acw;receiver_only,2,explicit_multiple_options,"saved-vs-diagnostic parser disagreement or ambiguous diagnostic parse (content-selected, NOT random)",P2_SCORE_SENSITIVITY_20260912T055929Z/case_review.jsonl,POST-HOC re-analysis (reviewer R2/E5); does not change any primary decision
OBQA,8-207,calibration,small,acw,1,explicit_multiple_options,"saved-vs-diagnostic parser disagreement or ambiguous diagnostic parse (content-selected, NOT random)",P2_SCORE_SENSITIVITY_20260912T055929Z/case_review.jsonl,POST-HOC re-analysis (reviewer R2/E5); does not change any primary decision
OBQA,8-219,calibration,small,acw;receiver_only,2,explicit_multiple_options,"saved-vs-diagnostic parser disagreement or ambiguous diagnostic parse (content-selected, NOT random)",P2_SCORE_SENSITIVITY_20260912T055929Z/case_review.jsonl,POST-HOC re-analysis (reviewer R2/E5); does not change any primary decision
OBQA,8-254,calibration,small,acw,1,explicit_multiple_options,"saved-vs-diagnostic parser disagreement or ambiguous diagnostic parse (content-selected, NOT random)",P2_SCORE_SENSITIVITY_20260912T055929Z/case_review.jsonl,POST-HOC re-analysis (reviewer R2/E5); does not change any primary decision
OBQA,8-285,calibration,small,text,1,explicit_multiple_options,"saved-vs-diagnostic parser disagreement or ambiguous diagnostic parse (content-selected, NOT random)",P2_SCORE_SENSITIVITY_20260912T055929Z/case_review.jsonl,POST-HOC re-analysis (reviewer R2/E5); does not change any primary decision
OBQA,8-297,calibration,small,acw;receiver_only,2,explicit_multiple_options,"saved-vs-diagnostic parser disagreement or ambiguous diagnostic parse (content-selected, NOT random)",P2_SCORE_SENSITIVITY_20260912T055929Z/case_review.jsonl,POST-HOC re-analysis (reviewer R2/E5); does not change any primary decision
OBQA,8-335,calibration,small,acw,1,explicit_multiple_options,"saved-vs-diagnostic parser disagreement or ambiguous diagnostic parse (content-selected, NOT random)",P2_SCORE_SENSITIVITY_20260912T055929Z/case_review.jsonl,POST-HOC re-analysis (reviewer R2/E5); does not change any primary decision
OBQA,8-432,calibration,small,text,1,explicit_multiple_options,"saved-vs-diagnostic parser disagreement or ambiguous diagnostic parse (content-selected, NOT random)",P2_SCORE_SENSITIVITY_20260912T055929Z/case_review.jsonl,POST-HOC re-analysis (reviewer R2/E5); does not change any primary decision
OBQA,8-439,calibration,small,acw;receiver_only,2,explicit_multiple_options,"saved-vs-diagnostic parser disagreement or ambiguous diagnostic parse (content-selected, NOT random)",P2_SCORE_SENSITIVITY_20260912T055929Z/case_review.jsonl,POST-HOC re-analysis (reviewer R2/E5); does not change any primary decision
OBQA,8-480,calibration,small,text,1,explicit_multiple_options,"saved-vs-diagnostic parser disagreement or ambiguous diagnostic parse (content-selected, NOT random)",P2_SCORE_SENSITIVITY_20260912T055929Z/case_review.jsonl,POST-HOC re-analysis (reviewer R2/E5); does not change any primary decision
OBQA,9-1148,calibration,small,acw,1,explicit_multiple_options,"saved-vs-diagnostic parser disagreement or ambiguous diagnostic parse (content-selected, NOT random)",P2_SCORE_SENSITIVITY_20260912T055929Z/case_review.jsonl,POST-HOC re-analysis (reviewer R2/E5); does not change any primary decision
OBQA,9-136,calibration,small,acw,1,explicit_multiple_options,"saved-vs-diagnostic parser disagreement or ambiguous diagnostic parse (content-selected, NOT random)",P2_SCORE_SENSITIVITY_20260912T055929Z/case_review.jsonl,POST-HOC re-analysis (reviewer R2/E5); does not change any primary decision
OBQA,9-174,calibration,small,acw,1,explicit_multiple_options,"saved-vs-diagnostic parser disagreement or ambiguous diagnostic parse (content-selected, NOT random)",P2_SCORE_SENSITIVITY_20260912T055929Z/case_review.jsonl,POST-HOC re-analysis (reviewer R2/E5); does not change any primary decision
OBQA,9-232,calibration,small,acw;receiver_only,2,explicit_multiple_options,"saved-vs-diagnostic parser disagreement or ambiguous diagnostic parse (content-selected, NOT random)",P2_SCORE_SENSITIVITY_20260912T055929Z/case_review.jsonl,POST-HOC re-analysis (reviewer R2/E5); does not change any primary decision
OBQA,9-494,calibration,small,acw;receiver_only,2,explicit_multiple_options,"saved-vs-diagnostic parser disagreement or ambiguous diagnostic parse (content-selected, NOT random)",P2_SCORE_SENSITIVITY_20260912T055929Z/case_review.jsonl,POST-HOC re-analysis (reviewer R2/E5); does not change any primary decision
OBQA,9-613,calibration,large,acw,1,explicit_multiple_options,"saved-vs-diagnostic parser disagreement or ambiguous diagnostic parse (content-selected, NOT random)",P2_SCORE_SENSITIVITY_20260912T055929Z/case_review.jsonl,POST-HOC re-analysis (reviewer R2/E5); does not change any primary decision
OBQA,9-616,calibration,small,acw;receiver_only,2,explicit_multiple_options,"saved-vs-diagnostic parser disagreement or ambiguous diagnostic parse (content-selected, NOT random)",P2_SCORE_SENSITIVITY_20260912T055929Z/case_review.jsonl,POST-HOC re-analysis (reviewer R2/E5); does not change any primary decision
OBQA,9-914,calibration,small,acw,1,explicit_multiple_options,"saved-vs-diagnostic parser disagreement or ambiguous diagnostic parse (content-selected, NOT random)",P2_SCORE_SENSITIVITY_20260912T055929Z/case_review.jsonl,POST-HOC re-analysis (reviewer R2/E5); does not change any primary decision
OBQA,9-928,calibration,small,acw,1,explicit_multiple_options,"saved-vs-diagnostic parser disagreement or ambiguous diagnostic parse (content-selected, NOT random)",P2_SCORE_SENSITIVITY_20260912T055929Z/case_review.jsonl,POST-HOC re-analysis (reviewer R2/E5); does not change any primary decision
OBQA,96,calibration,small,acw;receiver_only,2,explicit_multiple_options,"saved-vs-diagnostic parser disagreement or ambiguous diagnostic parse (content-selected, NOT random)",P2_SCORE_SENSITIVITY_20260912T055929Z/case_review.jsonl,POST-HOC re-analysis (reviewer R2/E5); does not change any primary decision
