population,pair,dataset,split,n,training_labels,refitted_V2,evaluation_role,timing_source,policy,is_original_primary,selection_source,probabilities,selection_counts_RTCA,old_to_V2_selected_correctness_up,old_to_V2_selected_correctness_down,D1_to_V2_selected_correctness_up,D1_to_V2_selected_correctness_down,old_correct,old_accuracy,old_valid,old_invalid,old_gain_over_R,old_harm_vs_R,old_flips,old_zero_gain_flips,old_INVALID_flips,D1_correct,D1_accuracy,D1_valid,D1_invalid,D1_gain_over_R,D1_harm_vs_R,D1_flips,D1_zero_gain_flips,D1_INVALID_flips,V2_correct,V2_accuracy,V2_valid,V2_invalid,V2_gain_over_R,V2_harm_vs_R,V2_flips,V2_zero_gain_flips,V2_INVALID_flips,mean_ms,median_ms,p95_ms,mean_original_router_overhead_ms
full,large,obqa,train,3466,old_scoring,False,train_in_sample_diagnostic,accuracy_only,R,False,fixed_action,,"[3466, 0, 0, 0]",0.0,0.0,0.0,0.0,2830.0,0.8165031736872476,3462.0,4.0,0.0,0.0,0.0,0.0,0.0,2830.0,0.8165031736872476,3462.0,4.0,0.0,0.0,0.0,0.0,0.0,2830.0,0.8165031736872476,3462.0,4.0,0.0,0.0,0.0,0.0,0.0,,,,
full,large,obqa,train,3466,old_scoring,False,train_in_sample_diagnostic,accuracy_only,T,False,fixed_action,,"[0, 3466, 0, 0]",0.0,0.0,0.0,0.0,2978.0,0.859203693017888,3465.0,1.0,219.0,71.0,346.0,56.0,5.0,2978.0,0.859203693017888,3465.0,1.0,219.0,71.0,346.0,56.0,5.0,2978.0,0.859203693017888,3465.0,1.0,219.0,71.0,346.0,56.0,5.0,,,,
full,large,obqa,train,3466,old_scoring,False,train_in_sample_diagnostic,accuracy_only,C,False,fixed_action,,"[0, 0, 3466, 0]",44.0,0.0,0.0,0.0,2716.0,0.7836122331217542,3404.0,62.0,73.0,187.0,338.0,78.0,66.0,2760.0,0.7963069821119446,3459.0,7.0,74.0,144.0,287.0,69.0,11.0,2760.0,0.7963069821119446,3459.0,7.0,74.0,144.0,287.0,69.0,11.0,,,,
full,large,obqa,train,3466,old_scoring,False,train_in_sample_diagnostic,accuracy_only,A,False,fixed_action,,"[0, 0, 0, 3466]",0.0,0.0,0.0,0.0,2832.0,0.8170802077322562,3445.0,21.0,12.0,10.0,38.0,16.0,17.0,2832.0,0.8170802077322562,3445.0,21.0,12.0,10.0,38.0,16.0,17.0,2832.0,0.8170802077322562,3445.0,21.0,12.0,10.0,38.0,16.0,17.0,,,,
full,large,obqa,train,3466,old_scoring,False,train_in_sample_diagnostic,accuracy_only,word_lambda0_actions3,False,$DATA_DIR/P2_10_20260911T122423Z/results/large/obqa/train_predictions_word.npz,,"[231, 3184, 51, 0]",0.0,0.0,0.0,0.0,3074.0,0.8869013271783035,3465.0,1.0,248.0,4.0,300.0,48.0,5.0,3074.0,0.8869013271783035,3465.0,1.0,248.0,4.0,300.0,48.0,5.0,3074.0,0.8869013271783035,3465.0,1.0,248.0,4.0,300.0,48.0,5.0,,,,
full,large,obqa,train,3466,old_scoring,False,train_in_sample_diagnostic,accuracy_only,word_lambda0.01_actions3,False,$DATA_DIR/P2_10_20260911T122423Z/results/large/obqa/train_predictions_word.npz,,"[1242, 2089, 135, 0]",0.0,0.0,0.0,0.0,3078.0,0.8880553952683208,3466.0,0.0,250.0,2.0,289.0,37.0,4.0,3078.0,0.8880553952683208,3466.0,0.0,250.0,2.0,289.0,37.0,4.0,3078.0,0.8880553952683208,3466.0,0.0,250.0,2.0,289.0,37.0,4.0,,,,
full,large,obqa,train,3466,old_scoring,False,train_in_sample_diagnostic,accuracy_only,word_lambda0.03_actions3,False,$DATA_DIR/P2_10_20260911T122423Z/results/large/obqa/train_predictions_word.npz,,"[2879, 351, 236, 0]",0.0,0.0,0.0,0.0,3082.0,0.8892094633583382,3466.0,0.0,252.0,0.0,260.0,8.0,4.0,3082.0,0.8892094633583382,3466.0,0.0,252.0,0.0,260.0,8.0,4.0,3082.0,0.8892094633583382,3466.0,0.0,252.0,0.0,260.0,8.0,4.0,,,,
full,large,obqa,train,3466,old_scoring,False,train_in_sample_diagnostic,accuracy_only,word_lambda0.1_actions3,False,$DATA_DIR/P2_10_20260911T122423Z/results/large/obqa/train_predictions_word.npz,,"[3340, 1, 125, 0]",0.0,0.0,0.0,0.0,2903.0,0.8375649163300635,3465.0,1.0,73.0,0.0,74.0,1.0,3.0,2903.0,0.8375649163300635,3465.0,1.0,73.0,0.0,74.0,1.0,3.0,2903.0,0.8375649163300635,3465.0,1.0,73.0,0.0,74.0,1.0,3.0,,,,
full,large,obqa,train,3466,old_scoring,False,train_in_sample_diagnostic,accuracy_only,word_lambda0.3_actions3,False,$DATA_DIR/P2_10_20260911T122423Z/results/large/obqa/train_predictions_word.npz,,"[3415, 0, 51, 0]",0.0,0.0,0.0,0.0,2877.0,0.8300634737449509,3463.0,3.0,47.0,0.0,47.0,0.0,1.0,2877.0,0.8300634737449509,3463.0,3.0,47.0,0.0,47.0,0.0,1.0,2877.0,0.8300634737449509,3463.0,3.0,47.0,0.0,47.0,0.0,1.0,,,,
full,large,obqa,train,3466,old_scoring,False,train_in_sample_diagnostic,accuracy_only,word_lambda1_actions3,False,$DATA_DIR/P2_10_20260911T122423Z/results/large/obqa/train_predictions_word.npz,,"[3466, 0, 0, 0]",0.0,0.0,0.0,0.0,2830.0,0.8165031736872476,3462.0,4.0,0.0,0.0,0.0,0.0,0.0,2830.0,0.8165031736872476,3462.0,4.0,0.0,0.0,0.0,0.0,0.0,2830.0,0.8165031736872476,3462.0,4.0,0.0,0.0,0.0,0.0,0.0,,,,
full,large,obqa,train,3466,old_scoring,False,train_in_sample_diagnostic,accuracy_only,word_lambda3_actions3,False,$DATA_DIR/P2_10_20260911T122423Z/results/large/obqa/train_predictions_word.npz,,"[3466, 0, 0, 0]",0.0,0.0,0.0,0.0,2830.0,0.8165031736872476,3462.0,4.0,0.0,0.0,0.0,0.0,0.0,2830.0,0.8165031736872476,3462.0,4.0,0.0,0.0,0.0,0.0,0.0,2830.0,0.8165031736872476,3462.0,4.0,0.0,0.0,0.0,0.0,0.0,,,,
full,large,obqa,train,3466,old_scoring,False,train_in_sample_diagnostic,accuracy_only,word_lambda0_actions4,False,$DATA_DIR/P2_10_20260911T122423Z/results/large/obqa/train_predictions_word.npz,,"[134, 3151, 51, 130]",0.0,0.0,0.0,0.0,3077.0,0.8877668782458165,3465.0,1.0,250.0,3.0,298.0,45.0,5.0,3077.0,0.8877668782458165,3465.0,1.0,250.0,3.0,298.0,45.0,5.0,3077.0,0.8877668782458165,3465.0,1.0,250.0,3.0,298.0,45.0,5.0,,,,
full,large,obqa,train,3466,old_scoring,False,train_in_sample_diagnostic,accuracy_only,word_lambda0.01_actions4,True,$DATA_DIR/P2_10_20260911T122423Z/results/large/obqa/train_predictions_word.npz,,"[841, 2001, 130, 494]",0.0,0.0,0.0,0.0,3081.0,0.8889209463358339,3465.0,1.0,252.0,1.0,290.0,37.0,5.0,3081.0,0.8889209463358339,3465.0,1.0,252.0,1.0,290.0,37.0,5.0,3081.0,0.8889209463358339,3465.0,1.0,252.0,1.0,290.0,37.0,5.0,,,,
full,large,obqa,train,3466,old_scoring,False,train_in_sample_diagnostic,accuracy_only,word_lambda0.03_actions4,False,$DATA_DIR/P2_10_20260911T122423Z/results/large/obqa/train_predictions_word.npz,,"[2211, 322, 212, 721]",0.0,0.0,0.0,0.0,3083.0,0.8894979803808425,3464.0,2.0,253.0,0.0,263.0,10.0,6.0,3083.0,0.8894979803808425,3464.0,2.0,253.0,0.0,263.0,10.0,6.0,3083.0,0.8894979803808425,3464.0,2.0,253.0,0.0,263.0,10.0,6.0,,,,
full,large,obqa,train,3466,old_scoring,False,train_in_sample_diagnostic,accuracy_only,word_lambda0.1_actions4,False,$DATA_DIR/P2_10_20260911T122423Z/results/large/obqa/train_predictions_word.npz,,"[3201, 0, 118, 147]",0.0,0.0,0.0,0.0,2910.0,0.8395845354875938,3464.0,2.0,80.0,0.0,82.0,2.0,4.0,2910.0,0.8395845354875938,3464.0,2.0,80.0,0.0,82.0,2.0,4.0,2910.0,0.8395845354875938,3464.0,2.0,80.0,0.0,82.0,2.0,4.0,,,,
full,large,obqa,train,3466,old_scoring,False,train_in_sample_diagnostic,accuracy_only,word_lambda0.3_actions4,False,$DATA_DIR/P2_10_20260911T122423Z/results/large/obqa/train_predictions_word.npz,,"[3400, 0, 49, 17]",0.0,0.0,0.0,0.0,2887.0,0.8329486439699942,3463.0,3.0,57.0,0.0,57.0,0.0,1.0,2887.0,0.8329486439699942,3463.0,3.0,57.0,0.0,57.0,0.0,1.0,2887.0,0.8329486439699942,3463.0,3.0,57.0,0.0,57.0,0.0,1.0,,,,
full,large,obqa,train,3466,old_scoring,False,train_in_sample_diagnostic,accuracy_only,word_lambda1_actions4,False,$DATA_DIR/P2_10_20260911T122423Z/results/large/obqa/train_predictions_word.npz,,"[3458, 0, 0, 8]",0.0,0.0,0.0,0.0,2838.0,0.8188113098672821,3462.0,4.0,8.0,0.0,8.0,0.0,0.0,2838.0,0.8188113098672821,3462.0,4.0,8.0,0.0,8.0,0.0,0.0,2838.0,0.8188113098672821,3462.0,4.0,8.0,0.0,8.0,0.0,0.0,,,,
full,large,obqa,train,3466,old_scoring,False,train_in_sample_diagnostic,accuracy_only,word_lambda3_actions4,False,$DATA_DIR/P2_10_20260911T122423Z/results/large/obqa/train_predictions_word.npz,,"[3466, 0, 0, 0]",0.0,0.0,0.0,0.0,2830.0,0.8165031736872476,3462.0,4.0,0.0,0.0,0.0,0.0,0.0,2830.0,0.8165031736872476,3462.0,4.0,0.0,0.0,0.0,0.0,0.0,2830.0,0.8165031736872476,3462.0,4.0,0.0,0.0,0.0,0.0,0.0,,,,
full,large,obqa,train,3466,old_scoring,False,train_in_sample_diagnostic,accuracy_only,semantic_lambda0_actions3,False,$DATA_DIR/P2_10_20260911T122423Z/results/large/obqa/train_predictions_semantic.npz,,"[140, 3312, 14, 0]",0.0,0.0,0.0,0.0,2994.0,0.8638199653779572,3465.0,1.0,220.0,56.0,328.0,52.0,5.0,2994.0,0.8638199653779572,3465.0,1.0,220.0,56.0,328.0,52.0,5.0,2994.0,0.8638199653779572,3465.0,1.0,220.0,56.0,328.0,52.0,5.0,,,,
full,large,obqa,train,3466,old_scoring,False,train_in_sample_diagnostic,accuracy_only,semantic_lambda0.01_actions3,False,$DATA_DIR/P2_10_20260911T122423Z/results/large/obqa/train_predictions_semantic.npz,,"[929, 2473, 64, 0]",0.0,0.0,0.0,0.0,3028.0,0.8736295441431045,3466.0,0.0,219.0,21.0,278.0,38.0,4.0,3028.0,0.8736295441431045,3466.0,0.0,219.0,21.0,278.0,38.0,4.0,3028.0,0.8736295441431045,3466.0,0.0,219.0,21.0,278.0,38.0,4.0,,,,
full,large,obqa,train,3466,old_scoring,False,train_in_sample_diagnostic,accuracy_only,semantic_lambda0.03_actions3,False,$DATA_DIR/P2_10_20260911T122423Z/results/large/obqa/train_predictions_semantic.npz,,"[3131, 211, 124, 0]",0.0,0.0,0.0,0.0,2913.0,0.8404500865551068,3463.0,3.0,85.0,2.0,94.0,7.0,1.0,2913.0,0.8404500865551068,3463.0,3.0,85.0,2.0,94.0,7.0,1.0,2913.0,0.8404500865551068,3463.0,3.0,85.0,2.0,94.0,7.0,1.0,,,,
full,large,obqa,train,3466,old_scoring,False,train_in_sample_diagnostic,accuracy_only,semantic_lambda0.1_actions3,False,$DATA_DIR/P2_10_20260911T122423Z/results/large/obqa/train_predictions_semantic.npz,,"[3436, 0, 30, 0]",0.0,0.0,0.0,0.0,2834.0,0.8176572417772648,3462.0,4.0,4.0,0.0,5.0,1.0,0.0,2834.0,0.8176572417772648,3462.0,4.0,4.0,0.0,5.0,1.0,0.0,2834.0,0.8176572417772648,3462.0,4.0,4.0,0.0,5.0,1.0,0.0,,,,
full,large,obqa,train,3466,old_scoring,False,train_in_sample_diagnostic,accuracy_only,semantic_lambda0.3_actions3,False,$DATA_DIR/P2_10_20260911T122423Z/results/large/obqa/train_predictions_semantic.npz,,"[3465, 0, 1, 0]",0.0,0.0,0.0,0.0,2830.0,0.8165031736872476,3462.0,4.0,0.0,0.0,0.0,0.0,0.0,2830.0,0.8165031736872476,3462.0,4.0,0.0,0.0,0.0,0.0,0.0,2830.0,0.8165031736872476,3462.0,4.0,0.0,0.0,0.0,0.0,0.0,,,,
full,large,obqa,train,3466,old_scoring,False,train_in_sample_diagnostic,accuracy_only,semantic_lambda1_actions3,False,$DATA_DIR/P2_10_20260911T122423Z/results/large/obqa/train_predictions_semantic.npz,,"[3466, 0, 0, 0]",0.0,0.0,0.0,0.0,2830.0,0.8165031736872476,3462.0,4.0,0.0,0.0,0.0,0.0,0.0,2830.0,0.8165031736872476,3462.0,4.0,0.0,0.0,0.0,0.0,0.0,2830.0,0.8165031736872476,3462.0,4.0,0.0,0.0,0.0,0.0,0.0,,,,
full,large,obqa,train,3466,old_scoring,False,train_in_sample_diagnostic,accuracy_only,semantic_lambda3_actions3,False,$DATA_DIR/P2_10_20260911T122423Z/results/large/obqa/train_predictions_semantic.npz,,"[3466, 0, 0, 0]",0.0,0.0,0.0,0.0,2830.0,0.8165031736872476,3462.0,4.0,0.0,0.0,0.0,0.0,0.0,2830.0,0.8165031736872476,3462.0,4.0,0.0,0.0,0.0,0.0,0.0,2830.0,0.8165031736872476,3462.0,4.0,0.0,0.0,0.0,0.0,0.0,,,,
full,large,obqa,train,3466,old_scoring,False,train_in_sample_diagnostic,accuracy_only,semantic_lambda0_actions4,False,$DATA_DIR/P2_10_20260911T122423Z/results/large/obqa/train_predictions_semantic.npz,,"[93, 3294, 12, 67]",0.0,0.0,0.0,0.0,2996.0,0.864396999422966,3466.0,0.0,220.0,54.0,324.0,50.0,4.0,2996.0,0.864396999422966,3466.0,0.0,220.0,54.0,324.0,50.0,4.0,2996.0,0.864396999422966,3466.0,0.0,220.0,54.0,324.0,50.0,4.0,,,,
full,large,obqa,train,3466,old_scoring,False,train_in_sample_diagnostic,accuracy_only,semantic_lambda0.01_actions4,False,$DATA_DIR/P2_10_20260911T122423Z/results/large/obqa/train_predictions_semantic.npz,,"[623, 2375, 53, 415]",0.0,0.0,0.0,0.0,3031.0,0.8744950952106174,3462.0,4.0,219.0,18.0,273.0,36.0,4.0,3031.0,0.8744950952106174,3462.0,4.0,219.0,18.0,273.0,36.0,4.0,3031.0,0.8744950952106174,3462.0,4.0,219.0,18.0,273.0,36.0,4.0,,,,
full,large,obqa,train,3466,old_scoring,False,train_in_sample_diagnostic,accuracy_only,semantic_lambda0.03_actions4,False,$DATA_DIR/P2_10_20260911T122423Z/results/large/obqa/train_predictions_semantic.npz,,"[2208, 185, 107, 966]",0.0,0.0,0.0,0.0,2915.0,0.8410271206001154,3460.0,6.0,87.0,2.0,99.0,10.0,4.0,2915.0,0.8410271206001154,3460.0,6.0,87.0,2.0,99.0,10.0,4.0,2915.0,0.8410271206001154,3460.0,6.0,87.0,2.0,99.0,10.0,4.0,,,,
full,large,obqa,train,3466,old_scoring,False,train_in_sample_diagnostic,accuracy_only,semantic_lambda0.1_actions4,False,$DATA_DIR/P2_10_20260911T122423Z/results/large/obqa/train_predictions_semantic.npz,,"[3295, 0, 29, 142]",0.0,0.0,0.0,0.0,2846.0,0.8211194460473168,3460.0,6.0,16.0,0.0,19.0,3.0,2.0,2846.0,0.8211194460473168,3460.0,6.0,16.0,0.0,19.0,3.0,2.0,2846.0,0.8211194460473168,3460.0,6.0,16.0,0.0,19.0,3.0,2.0,,,,
full,large,obqa,train,3466,old_scoring,False,train_in_sample_diagnostic,accuracy_only,semantic_lambda0.3_actions4,False,$DATA_DIR/P2_10_20260911T122423Z/results/large/obqa/train_predictions_semantic.npz,,"[3462, 0, 1, 3]",0.0,0.0,0.0,0.0,2833.0,0.8173687247547605,3462.0,4.0,3.0,0.0,3.0,0.0,0.0,2833.0,0.8173687247547605,3462.0,4.0,3.0,0.0,3.0,0.0,0.0,2833.0,0.8173687247547605,3462.0,4.0,3.0,0.0,3.0,0.0,0.0,,,,
full,large,obqa,train,3466,old_scoring,False,train_in_sample_diagnostic,accuracy_only,semantic_lambda1_actions4,False,$DATA_DIR/P2_10_20260911T122423Z/results/large/obqa/train_predictions_semantic.npz,,"[3466, 0, 0, 0]",0.0,0.0,0.0,0.0,2830.0,0.8165031736872476,3462.0,4.0,0.0,0.0,0.0,0.0,0.0,2830.0,0.8165031736872476,3462.0,4.0,0.0,0.0,0.0,0.0,0.0,2830.0,0.8165031736872476,3462.0,4.0,0.0,0.0,0.0,0.0,0.0,,,,
full,large,obqa,train,3466,old_scoring,False,train_in_sample_diagnostic,accuracy_only,semantic_lambda3_actions4,False,$DATA_DIR/P2_10_20260911T122423Z/results/large/obqa/train_predictions_semantic.npz,,"[3466, 0, 0, 0]",0.0,0.0,0.0,0.0,2830.0,0.8165031736872476,3462.0,4.0,0.0,0.0,0.0,0.0,0.0,2830.0,0.8165031736872476,3462.0,4.0,0.0,0.0,0.0,0.0,0.0,2830.0,0.8165031736872476,3462.0,4.0,0.0,0.0,0.0,0.0,0.0,,,,
full,large,obqa,train,3466,old_scoring,False,train_in_sample_diagnostic,accuracy_only,train_frozen_mixture,False,$DATA_DIR/P2_10_20260911T122423Z/results/large/obqa/train_mixture_receipt.json,"[0.44713415433316944, 0.5528658456668305, 0.0, 0.0]",,0.0,0.0,0.0,0.0,2911.824145158691,0.8401108324173949,3463.6585975370003,2.3414024629995085,121.07762020103587,39.25347504234497,191.29158260072336,30.960487357342505,2.7643292283341525,2911.824145158691,0.8401108324173949,3463.6585975370003,2.3414024629995085,121.07762020103587,39.25347504234497,191.29158260072336,30.960487357342505,2.7643292283341525,2911.824145158691,0.8401108324173949,3463.6585975370003,2.3414024629995085,121.07762020103587,39.25347504234497,191.29158260072336,30.960487357342505,2.7643292283341525,,,,
panel,large,obqa,train,256,old_scoring,False,train_in_sample_diagnostic,original_P2_10_same_job,R,False,fixed_action,,"[256, 0, 0, 0]",0.0,0.0,0.0,0.0,213.0,0.83203125,256.0,0.0,0.0,0.0,0.0,0.0,0.0,213.0,0.83203125,256.0,0.0,0.0,0.0,0.0,0.0,0.0,213.0,0.83203125,256.0,0.0,0.0,0.0,0.0,0.0,0.0,252.35370575390624,245.39324,286.109621,0.0
panel,large,obqa,train,256,old_scoring,False,train_in_sample_diagnostic,original_P2_10_same_job,T,False,fixed_action,,"[0, 256, 0, 0]",0.0,0.0,0.0,0.0,218.0,0.8515625,256.0,0.0,13.0,8.0,23.0,2.0,0.0,218.0,0.8515625,256.0,0.0,13.0,8.0,23.0,2.0,0.0,218.0,0.8515625,256.0,0.0,13.0,8.0,23.0,2.0,0.0,961.4887538164063,959.7279695,1198.0413454999998,0.0
panel,large,obqa,train,256,old_scoring,False,train_in_sample_diagnostic,original_P2_10_same_job,C,False,fixed_action,,"[0, 0, 256, 0]",3.0,0.0,0.0,0.0,206.0,0.8046875,252.0,4.0,6.0,13.0,24.0,5.0,4.0,209.0,0.81640625,255.0,1.0,6.0,10.0,21.0,5.0,1.0,209.0,0.81640625,255.0,1.0,6.0,10.0,21.0,5.0,1.0,332.3768760546875,322.2508115,503.26803525,0.0
panel,large,obqa,train,256,old_scoring,False,train_in_sample_diagnostic,original_P2_10_same_job,A,False,fixed_action,,"[0, 0, 0, 256]",0.0,0.0,0.0,0.0,212.0,0.828125,255.0,1.0,0.0,1.0,1.0,0.0,1.0,212.0,0.828125,255.0,1.0,0.0,1.0,1.0,0.0,1.0,212.0,0.828125,255.0,1.0,0.0,1.0,1.0,0.0,1.0,285.15058312499997,268.043142,308.67125025,0.0
panel,large,obqa,train,256,old_scoring,False,train_in_sample_diagnostic,original_P2_10_same_job,word_lambda0_actions3,False,$DATA_DIR/P2_10_20260911T122423Z/results/large/obqa/train_predictions_word.npz,,"[24, 228, 4, 0]",0.0,0.0,0.0,0.0,229.0,0.89453125,256.0,0.0,16.0,0.0,18.0,2.0,0.0,229.0,0.89453125,256.0,0.0,16.0,0.0,18.0,2.0,0.0,229.0,0.89453125,256.0,0.0,16.0,0.0,18.0,2.0,0.0,890.610502796875,946.3641540000001,1191.0676019999999,0.9316864140625001
panel,large,obqa,train,256,old_scoring,False,train_in_sample_diagnostic,original_P2_10_same_job,word_lambda0.01_actions3,False,$DATA_DIR/P2_10_20260911T122423Z/results/large/obqa/train_predictions_word.npz,,"[102, 146, 8, 0]",0.0,0.0,0.0,0.0,229.0,0.89453125,256.0,0.0,16.0,0.0,18.0,2.0,0.0,229.0,0.89453125,256.0,0.0,16.0,0.0,18.0,2.0,0.0,229.0,0.89453125,256.0,0.0,16.0,0.0,18.0,2.0,0.0,658.8699610546875,816.673257,1137.16386025,0.9316864140625001
panel,large,obqa,train,256,old_scoring,False,train_in_sample_diagnostic,original_P2_10_same_job,word_lambda0.03_actions3,False,$DATA_DIR/P2_10_20260911T122423Z/results/large/obqa/train_predictions_word.npz,,"[210, 24, 22, 0]",0.0,0.0,0.0,0.0,230.0,0.8984375,256.0,0.0,17.0,0.0,17.0,0.0,0.0,230.0,0.8984375,256.0,0.0,17.0,0.0,17.0,0.0,0.0,230.0,0.8984375,256.0,0.0,17.0,0.0,17.0,0.0,0.0,322.1218693242188,246.56631199999998,919.0972215,0.9316864140625001
panel,large,obqa,train,256,old_scoring,False,train_in_sample_diagnostic,original_P2_10_same_job,word_lambda0.1_actions3,False,$DATA_DIR/P2_10_20260911T122423Z/results/large/obqa/train_predictions_word.npz,,"[242, 0, 14, 0]",0.0,0.0,0.0,0.0,219.0,0.85546875,256.0,0.0,6.0,0.0,6.0,0.0,0.0,219.0,0.85546875,256.0,0.0,6.0,0.0,6.0,0.0,0.0,219.0,0.85546875,256.0,0.0,6.0,0.0,6.0,0.0,0.0,253.57180260937503,246.32021050000003,287.306557,0.9316864140625001
panel,large,obqa,train,256,old_scoring,False,train_in_sample_diagnostic,original_P2_10_same_job,word_lambda0.3_actions3,False,$DATA_DIR/P2_10_20260911T122423Z/results/large/obqa/train_predictions_word.npz,,"[247, 0, 9, 0]",0.0,0.0,0.0,0.0,219.0,0.85546875,256.0,0.0,6.0,0.0,6.0,0.0,0.0,219.0,0.85546875,256.0,0.0,6.0,0.0,6.0,0.0,0.0,219.0,0.85546875,256.0,0.0,6.0,0.0,6.0,0.0,0.0,253.71084443750001,246.332941,287.23808899999995,0.9316864140625001
panel,large,obqa,train,256,old_scoring,False,train_in_sample_diagnostic,original_P2_10_same_job,word_lambda1_actions3,False,$DATA_DIR/P2_10_20260911T122423Z/results/large/obqa/train_predictions_word.npz,,"[256, 0, 0, 0]",0.0,0.0,0.0,0.0,213.0,0.83203125,256.0,0.0,0.0,0.0,0.0,0.0,0.0,213.0,0.83203125,256.0,0.0,0.0,0.0,0.0,0.0,0.0,213.0,0.83203125,256.0,0.0,0.0,0.0,0.0,0.0,0.0,253.28539216796875,246.3126795,287.03429524999996,0.9316864140625001
panel,large,obqa,train,256,old_scoring,False,train_in_sample_diagnostic,original_P2_10_same_job,word_lambda3_actions3,False,$DATA_DIR/P2_10_20260911T122423Z/results/large/obqa/train_predictions_word.npz,,"[256, 0, 0, 0]",0.0,0.0,0.0,0.0,213.0,0.83203125,256.0,0.0,0.0,0.0,0.0,0.0,0.0,213.0,0.83203125,256.0,0.0,0.0,0.0,0.0,0.0,0.0,213.0,0.83203125,256.0,0.0,0.0,0.0,0.0,0.0,0.0,253.28539216796875,246.3126795,287.03429524999996,0.9316864140625001
panel,large,obqa,train,256,old_scoring,False,train_in_sample_diagnostic,original_P2_10_same_job,word_lambda0_actions4,False,$DATA_DIR/P2_10_20260911T122423Z/results/large/obqa/train_predictions_word.npz,,"[17, 227, 4, 8]",0.0,0.0,0.0,0.0,229.0,0.89453125,256.0,0.0,16.0,0.0,18.0,2.0,0.0,229.0,0.89453125,256.0,0.0,16.0,0.0,18.0,2.0,0.0,229.0,0.89453125,256.0,0.0,16.0,0.0,18.0,2.0,0.0,888.1893384414062,946.0677459999999,1191.1326722499998,0.98761065234375
panel,large,obqa,train,256,old_scoring,False,train_in_sample_diagnostic,original_P2_10_same_job,word_lambda0.01_actions4,True,$DATA_DIR/P2_10_20260911T122423Z/results/large/obqa/train_predictions_word.npz,,"[67, 140, 8, 41]",0.0,0.0,0.0,0.0,229.0,0.89453125,256.0,0.0,16.0,0.0,18.0,2.0,0.0,229.0,0.89453125,256.0,0.0,16.0,0.0,18.0,2.0,0.0,229.0,0.89453125,256.0,0.0,16.0,0.0,18.0,2.0,0.0,644.4102537929687,785.6848805000001,1135.70123475,0.98761065234375
panel,large,obqa,train,256,old_scoring,False,train_in_sample_diagnostic,original_P2_10_same_job,word_lambda0.03_actions4,False,$DATA_DIR/P2_10_20260911T122423Z/results/large/obqa/train_predictions_word.npz,,"[161, 23, 20, 52]",0.0,0.0,0.0,0.0,230.0,0.8984375,256.0,0.0,17.0,0.0,17.0,0.0,0.0,230.0,0.8984375,256.0,0.0,17.0,0.0,17.0,0.0,0.0,230.0,0.8984375,256.0,0.0,17.0,0.0,17.0,0.0,0.0,325.37181099218753,247.4493545,919.14504975,0.98761065234375
panel,large,obqa,train,256,old_scoring,False,train_in_sample_diagnostic,original_P2_10_same_job,word_lambda0.1_actions4,False,$DATA_DIR/P2_10_20260911T122423Z/results/large/obqa/train_predictions_word.npz,,"[229, 0, 14, 13]",0.0,0.0,0.0,0.0,219.0,0.85546875,256.0,0.0,6.0,0.0,6.0,0.0,0.0,219.0,0.85546875,256.0,0.0,6.0,0.0,6.0,0.0,0.0,219.0,0.85546875,256.0,0.0,6.0,0.0,6.0,0.0,0.0,255.02214102734376,246.401669,287.66341675,0.98761065234375
panel,large,obqa,train,256,old_scoring,False,train_in_sample_diagnostic,original_P2_10_same_job,word_lambda0.3_actions4,False,$DATA_DIR/P2_10_20260911T122423Z/results/large/obqa/train_predictions_word.npz,,"[245, 0, 9, 2]",0.0,0.0,0.0,0.0,219.0,0.85546875,256.0,0.0,6.0,0.0,6.0,0.0,0.0,219.0,0.85546875,256.0,0.0,6.0,0.0,6.0,0.0,0.0,219.0,0.85546875,256.0,0.0,6.0,0.0,6.0,0.0,0.0,253.93017901562501,246.3778795,287.29648775,0.98761065234375
panel,large,obqa,train,256,old_scoring,False,train_in_sample_diagnostic,original_P2_10_same_job,word_lambda1_actions4,False,$DATA_DIR/P2_10_20260911T122423Z/results/large/obqa/train_predictions_word.npz,,"[256, 0, 0, 0]",0.0,0.0,0.0,0.0,213.0,0.83203125,256.0,0.0,0.0,0.0,0.0,0.0,0.0,213.0,0.83203125,256.0,0.0,0.0,0.0,0.0,0.0,0.0,213.0,0.83203125,256.0,0.0,0.0,0.0,0.0,0.0,0.0,253.34131640624997,246.3748405,287.0978745,0.98761065234375
panel,large,obqa,train,256,old_scoring,False,train_in_sample_diagnostic,original_P2_10_same_job,word_lambda3_actions4,False,$DATA_DIR/P2_10_20260911T122423Z/results/large/obqa/train_predictions_word.npz,,"[256, 0, 0, 0]",0.0,0.0,0.0,0.0,213.0,0.83203125,256.0,0.0,0.0,0.0,0.0,0.0,0.0,213.0,0.83203125,256.0,0.0,0.0,0.0,0.0,0.0,0.0,213.0,0.83203125,256.0,0.0,0.0,0.0,0.0,0.0,0.0,253.34131640624997,246.3748405,287.0978745,0.98761065234375
panel,large,obqa,train,256,old_scoring,False,train_in_sample_diagnostic,original_P2_10_same_job,semantic_lambda0_actions3,False,$DATA_DIR/P2_10_20260911T122423Z/results/large/obqa/train_predictions_semantic.npz,,"[8, 246, 2, 0]",0.0,0.0,0.0,0.0,222.0,0.8671875,256.0,0.0,13.0,4.0,19.0,2.0,0.0,222.0,0.8671875,256.0,0.0,13.0,4.0,19.0,2.0,0.0,222.0,0.8671875,256.0,0.0,13.0,4.0,19.0,2.0,0.0,960.2155924374999,973.6225185,1213.4507254999999,29.3507540546875
panel,large,obqa,train,256,old_scoring,False,train_in_sample_diagnostic,original_P2_10_same_job,semantic_lambda0.01_actions3,False,$DATA_DIR/P2_10_20260911T122423Z/results/large/obqa/train_predictions_semantic.npz,,"[73, 177, 6, 0]",0.0,0.0,0.0,0.0,225.0,0.87890625,256.0,0.0,13.0,1.0,16.0,2.0,0.0,225.0,0.87890625,256.0,0.0,13.0,1.0,16.0,2.0,0.0,225.0,0.87890625,256.0,0.0,13.0,1.0,16.0,2.0,0.0,764.1914240234375,914.8590295,1164.56837,29.3507540546875
panel,large,obqa,train,256,old_scoring,False,train_in_sample_diagnostic,original_P2_10_same_job,semantic_lambda0.03_actions3,False,$DATA_DIR/P2_10_20260911T122423Z/results/large/obqa/train_predictions_semantic.npz,,"[228, 14, 14, 0]",0.0,0.0,0.0,0.0,218.0,0.8515625,256.0,0.0,5.0,0.0,5.0,0.0,0.0,218.0,0.8515625,256.0,0.0,5.0,0.0,5.0,0.0,0.0,218.0,0.8515625,256.0,0.0,5.0,0.0,5.0,0.0,0.0,323.4537243242188,273.5331685,820.9915022499999,29.3507540546875
panel,large,obqa,train,256,old_scoring,False,train_in_sample_diagnostic,original_P2_10_same_job,semantic_lambda0.1_actions3,False,$DATA_DIR/P2_10_20260911T122423Z/results/large/obqa/train_predictions_semantic.npz,,"[254, 0, 2, 0]",0.0,0.0,0.0,0.0,213.0,0.83203125,256.0,0.0,0.0,0.0,0.0,0.0,0.0,213.0,0.83203125,256.0,0.0,0.0,0.0,0.0,0.0,0.0,213.0,0.83203125,256.0,0.0,0.0,0.0,0.0,0.0,0.0,281.67168933203124,273.412097,314.08139825,29.3507540546875
panel,large,obqa,train,256,old_scoring,False,train_in_sample_diagnostic,original_P2_10_same_job,semantic_lambda0.3_actions3,False,$DATA_DIR/P2_10_20260911T122423Z/results/large/obqa/train_predictions_semantic.npz,,"[256, 0, 0, 0]",0.0,0.0,0.0,0.0,213.0,0.83203125,256.0,0.0,0.0,0.0,0.0,0.0,0.0,213.0,0.83203125,256.0,0.0,0.0,0.0,0.0,0.0,0.0,213.0,0.83203125,256.0,0.0,0.0,0.0,0.0,0.0,0.0,281.70445980859375,273.412097,314.08139825,29.3507540546875
panel,large,obqa,train,256,old_scoring,False,train_in_sample_diagnostic,original_P2_10_same_job,semantic_lambda1_actions3,False,$DATA_DIR/P2_10_20260911T122423Z/results/large/obqa/train_predictions_semantic.npz,,"[256, 0, 0, 0]",0.0,0.0,0.0,0.0,213.0,0.83203125,256.0,0.0,0.0,0.0,0.0,0.0,0.0,213.0,0.83203125,256.0,0.0,0.0,0.0,0.0,0.0,0.0,213.0,0.83203125,256.0,0.0,0.0,0.0,0.0,0.0,0.0,281.70445980859375,273.412097,314.08139825,29.3507540546875
panel,large,obqa,train,256,old_scoring,False,train_in_sample_diagnostic,original_P2_10_same_job,semantic_lambda3_actions3,False,$DATA_DIR/P2_10_20260911T122423Z/results/large/obqa/train_predictions_semantic.npz,,"[256, 0, 0, 0]",0.0,0.0,0.0,0.0,213.0,0.83203125,256.0,0.0,0.0,0.0,0.0,0.0,0.0,213.0,0.83203125,256.0,0.0,0.0,0.0,0.0,0.0,0.0,213.0,0.83203125,256.0,0.0,0.0,0.0,0.0,0.0,0.0,281.70445980859375,273.412097,314.08139825,29.3507540546875
panel,large,obqa,train,256,old_scoring,False,train_in_sample_diagnostic,original_P2_10_same_job,semantic_lambda0_actions4,False,$DATA_DIR/P2_10_20260911T122423Z/results/large/obqa/train_predictions_semantic.npz,,"[6, 245, 1, 4]",0.0,0.0,0.0,0.0,222.0,0.8671875,256.0,0.0,13.0,4.0,19.0,2.0,0.0,222.0,0.8671875,256.0,0.0,13.0,4.0,19.0,2.0,0.0,222.0,0.8671875,256.0,0.0,13.0,4.0,19.0,2.0,0.0,955.6134058164063,973.4598245,1213.32024725,27.8516041875
panel,large,obqa,train,256,old_scoring,False,train_in_sample_diagnostic,original_P2_10_same_job,semantic_lambda0.01_actions4,False,$DATA_DIR/P2_10_20260911T122423Z/results/large/obqa/train_predictions_semantic.npz,,"[48, 171, 5, 32]",0.0,0.0,0.0,0.0,225.0,0.87890625,256.0,0.0,13.0,1.0,16.0,2.0,0.0,225.0,0.87890625,256.0,0.0,13.0,1.0,16.0,2.0,0.0,225.0,0.87890625,256.0,0.0,13.0,1.0,16.0,2.0,0.0,747.6582051835937,899.2664864999999,1163.404254,27.8516041875
panel,large,obqa,train,256,old_scoring,False,train_in_sample_diagnostic,original_P2_10_same_job,semantic_lambda0.03_actions4,False,$DATA_DIR/P2_10_20260911T122423Z/results/large/obqa/train_predictions_semantic.npz,,"[167, 12, 12, 65]",0.0,0.0,0.0,0.0,216.0,0.84375,256.0,0.0,3.0,0.0,3.0,0.0,0.0,216.0,0.84375,256.0,0.0,3.0,0.0,3.0,0.0,0.0,216.0,0.84375,256.0,0.0,3.0,0.0,3.0,0.0,0.0,322.90742954687505,274.475099,449.73671299999995,27.8516041875
panel,large,obqa,train,256,old_scoring,False,train_in_sample_diagnostic,original_P2_10_same_job,semantic_lambda0.1_actions4,False,$DATA_DIR/P2_10_20260911T122423Z/results/large/obqa/train_predictions_semantic.npz,,"[246, 0, 2, 8]",0.0,0.0,0.0,0.0,213.0,0.83203125,256.0,0.0,0.0,0.0,0.0,0.0,0.0,213.0,0.83203125,256.0,0.0,0.0,0.0,0.0,0.0,0.0,213.0,0.83203125,256.0,0.0,0.0,0.0,0.0,0.0,0.0,280.83680228125,273.27761050000004,313.88740025,27.8516041875
panel,large,obqa,train,256,old_scoring,False,train_in_sample_diagnostic,original_P2_10_same_job,semantic_lambda0.3_actions4,False,$DATA_DIR/P2_10_20260911T122423Z/results/large/obqa/train_predictions_semantic.npz,,"[256, 0, 0, 0]",0.0,0.0,0.0,0.0,213.0,0.83203125,256.0,0.0,0.0,0.0,0.0,0.0,0.0,213.0,0.83203125,256.0,0.0,0.0,0.0,0.0,0.0,0.0,213.0,0.83203125,256.0,0.0,0.0,0.0,0.0,0.0,0.0,280.2053099414063,273.2489905,313.88740025,27.8516041875
panel,large,obqa,train,256,old_scoring,False,train_in_sample_diagnostic,original_P2_10_same_job,semantic_lambda1_actions4,False,$DATA_DIR/P2_10_20260911T122423Z/results/large/obqa/train_predictions_semantic.npz,,"[256, 0, 0, 0]",0.0,0.0,0.0,0.0,213.0,0.83203125,256.0,0.0,0.0,0.0,0.0,0.0,0.0,213.0,0.83203125,256.0,0.0,0.0,0.0,0.0,0.0,0.0,213.0,0.83203125,256.0,0.0,0.0,0.0,0.0,0.0,0.0,280.2053099414063,273.2489905,313.88740025,27.8516041875
panel,large,obqa,train,256,old_scoring,False,train_in_sample_diagnostic,original_P2_10_same_job,semantic_lambda3_actions4,False,$DATA_DIR/P2_10_20260911T122423Z/results/large/obqa/train_predictions_semantic.npz,,"[256, 0, 0, 0]",0.0,0.0,0.0,0.0,213.0,0.83203125,256.0,0.0,0.0,0.0,0.0,0.0,0.0,213.0,0.83203125,256.0,0.0,0.0,0.0,0.0,0.0,0.0,213.0,0.83203125,256.0,0.0,0.0,0.0,0.0,0.0,0.0,280.2053099414063,273.2489905,313.88740025,27.8516041875
panel,large,obqa,train,256,old_scoring,False,train_in_sample_diagnostic,original_P2_10_same_job,train_frozen_mixture,False,$DATA_DIR/P2_10_20260911T122423Z/results/large/obqa/train_mixture_receipt.json,"[0.44713415433316944, 0.5528658456668305, 0.0, 0.0]",,0.0,0.0,0.0,0.0,215.76432922833413,0.8428294110481802,256.0,0.0,7.1872559936687965,4.422926765334644,12.715914450337102,1.105731691333661,0.0,215.76432922833413,0.8428294110481802,256.0,0.0,7.1872559936687965,4.422926765334644,12.715914450337102,1.105731691333661,0.0,215.76432922833413,0.8428294110481802,256.0,0.0,7.1872559936687965,4.422926765334644,12.715914450337102,1.105731691333661,0.0,644.4102537929689,641.135705030325,784.7204485742031,0.0
full,large,obqa,dev,742,old_scoring,False,previously_exposed_development,accuracy_only,R,False,fixed_action,,"[742, 0, 0, 0]",0.0,0.0,0.0,0.0,617.0,0.8315363881401617,742.0,0.0,0.0,0.0,0.0,0.0,0.0,617.0,0.8315363881401617,742.0,0.0,0.0,0.0,0.0,0.0,0.0,617.0,0.8315363881401617,742.0,0.0,0.0,0.0,0.0,0.0,0.0,,,,
full,large,obqa,dev,742,old_scoring,False,previously_exposed_development,accuracy_only,T,False,fixed_action,,"[0, 742, 0, 0]",0.0,0.0,0.0,0.0,645.0,0.8692722371967655,742.0,0.0,46.0,18.0,72.0,8.0,0.0,645.0,0.8692722371967655,742.0,0.0,46.0,18.0,72.0,8.0,0.0,645.0,0.8692722371967655,742.0,0.0,46.0,18.0,72.0,8.0,0.0,,,,
full,large,obqa,dev,742,old_scoring,False,previously_exposed_development,accuracy_only,C,False,fixed_action,,"[0, 0, 742, 0]",11.0,0.0,0.0,0.0,587.0,0.7911051212938005,731.0,11.0,16.0,46.0,71.0,9.0,11.0,598.0,0.8059299191374663,742.0,0.0,16.0,35.0,60.0,9.0,0.0,598.0,0.8059299191374663,742.0,0.0,16.0,35.0,60.0,9.0,0.0,,,,
full,large,obqa,dev,742,old_scoring,False,previously_exposed_development,accuracy_only,A,False,fixed_action,,"[0, 0, 0, 742]",0.0,0.0,0.0,0.0,617.0,0.8315363881401617,739.0,3.0,3.0,3.0,10.0,4.0,3.0,617.0,0.8315363881401617,739.0,3.0,3.0,3.0,10.0,4.0,3.0,617.0,0.8315363881401617,739.0,3.0,3.0,3.0,10.0,4.0,3.0,,,,
full,large,obqa,dev,742,old_scoring,False,previously_exposed_development,accuracy_only,word_lambda0_actions3,False,$DATA_DIR/P2_10_20260911T122423Z/results/large/obqa/dev_predictions_word.npz,,"[44, 692, 6, 0]",0.0,0.0,0.0,0.0,646.0,0.8706199460916442,742.0,0.0,45.0,16.0,69.0,8.0,0.0,646.0,0.8706199460916442,742.0,0.0,45.0,16.0,69.0,8.0,0.0,646.0,0.8706199460916442,742.0,0.0,45.0,16.0,69.0,8.0,0.0,,,,
full,large,obqa,dev,742,old_scoring,False,previously_exposed_development,accuracy_only,word_lambda0.01_actions3,False,$DATA_DIR/P2_10_20260911T122423Z/results/large/obqa/dev_predictions_word.npz,,"[227, 490, 25, 0]",0.0,0.0,0.0,0.0,643.0,0.866576819407008,742.0,0.0,35.0,9.0,50.0,6.0,0.0,643.0,0.866576819407008,742.0,0.0,35.0,9.0,50.0,6.0,0.0,643.0,0.866576819407008,742.0,0.0,35.0,9.0,50.0,6.0,0.0,,,,
full,large,obqa,dev,742,old_scoring,False,previously_exposed_development,accuracy_only,word_lambda0.03_actions3,False,$DATA_DIR/P2_10_20260911T122423Z/results/large/obqa/dev_predictions_word.npz,,"[592, 82, 68, 0]",0.0,0.0,0.0,0.0,617.0,0.8315363881401617,742.0,0.0,6.0,6.0,16.0,4.0,0.0,617.0,0.8315363881401617,742.0,0.0,6.0,6.0,16.0,4.0,0.0,617.0,0.8315363881401617,742.0,0.0,6.0,6.0,16.0,4.0,0.0,,,,
full,large,obqa,dev,742,old_scoring,False,previously_exposed_development,accuracy_only,word_lambda0.1_actions3,False,$DATA_DIR/P2_10_20260911T122423Z/results/large/obqa/dev_predictions_word.npz,,"[722, 0, 20, 0]",0.0,0.0,0.0,0.0,616.0,0.8301886792452831,742.0,0.0,0.0,1.0,1.0,0.0,0.0,616.0,0.8301886792452831,742.0,0.0,0.0,1.0,1.0,0.0,0.0,616.0,0.8301886792452831,742.0,0.0,0.0,1.0,1.0,0.0,0.0,,,,
full,large,obqa,dev,742,old_scoring,False,previously_exposed_development,accuracy_only,word_lambda0.3_actions3,False,$DATA_DIR/P2_10_20260911T122423Z/results/large/obqa/dev_predictions_word.npz,,"[741, 0, 1, 0]",0.0,0.0,0.0,0.0,616.0,0.8301886792452831,742.0,0.0,0.0,1.0,1.0,0.0,0.0,616.0,0.8301886792452831,742.0,0.0,0.0,1.0,1.0,0.0,0.0,616.0,0.8301886792452831,742.0,0.0,0.0,1.0,1.0,0.0,0.0,,,,
full,large,obqa,dev,742,old_scoring,False,previously_exposed_development,accuracy_only,word_lambda1_actions3,False,$DATA_DIR/P2_10_20260911T122423Z/results/large/obqa/dev_predictions_word.npz,,"[742, 0, 0, 0]",0.0,0.0,0.0,0.0,617.0,0.8315363881401617,742.0,0.0,0.0,0.0,0.0,0.0,0.0,617.0,0.8315363881401617,742.0,0.0,0.0,0.0,0.0,0.0,0.0,617.0,0.8315363881401617,742.0,0.0,0.0,0.0,0.0,0.0,0.0,,,,
full,large,obqa,dev,742,old_scoring,False,previously_exposed_development,accuracy_only,word_lambda3_actions3,False,$DATA_DIR/P2_10_20260911T122423Z/results/large/obqa/dev_predictions_word.npz,,"[742, 0, 0, 0]",0.0,0.0,0.0,0.0,617.0,0.8315363881401617,742.0,0.0,0.0,0.0,0.0,0.0,0.0,617.0,0.8315363881401617,742.0,0.0,0.0,0.0,0.0,0.0,0.0,617.0,0.8315363881401617,742.0,0.0,0.0,0.0,0.0,0.0,0.0,,,,
full,large,obqa,dev,742,old_scoring,False,previously_exposed_development,accuracy_only,word_lambda0_actions4,False,$DATA_DIR/P2_10_20260911T122423Z/results/large/obqa/dev_predictions_word.npz,,"[24, 680, 6, 32]",0.0,0.0,0.0,0.0,645.0,0.8692722371967655,742.0,0.0,44.0,16.0,68.0,8.0,0.0,645.0,0.8692722371967655,742.0,0.0,44.0,16.0,68.0,8.0,0.0,645.0,0.8692722371967655,742.0,0.0,44.0,16.0,68.0,8.0,0.0,,,,
full,large,obqa,dev,742,old_scoring,False,previously_exposed_development,accuracy_only,word_lambda0.01_actions4,True,$DATA_DIR/P2_10_20260911T122423Z/results/large/obqa/dev_predictions_word.npz,,"[154, 468, 24, 96]",0.0,0.0,0.0,0.0,641.0,0.8638814016172507,742.0,0.0,34.0,10.0,50.0,6.0,0.0,641.0,0.8638814016172507,742.0,0.0,34.0,10.0,50.0,6.0,0.0,641.0,0.8638814016172507,742.0,0.0,34.0,10.0,50.0,6.0,0.0,,,,
full,large,obqa,dev,742,old_scoring,False,previously_exposed_development,accuracy_only,word_lambda0.03_actions4,False,$DATA_DIR/P2_10_20260911T122423Z/results/large/obqa/dev_predictions_word.npz,,"[439, 75, 59, 169]",0.0,0.0,0.0,0.0,617.0,0.8315363881401617,742.0,0.0,7.0,7.0,18.0,4.0,0.0,617.0,0.8315363881401617,742.0,0.0,7.0,7.0,18.0,4.0,0.0,617.0,0.8315363881401617,742.0,0.0,7.0,7.0,18.0,4.0,0.0,,,,
full,large,obqa,dev,742,old_scoring,False,previously_exposed_development,accuracy_only,word_lambda0.1_actions4,False,$DATA_DIR/P2_10_20260911T122423Z/results/large/obqa/dev_predictions_word.npz,,"[679, 0, 19, 44]",0.0,0.0,0.0,0.0,617.0,0.8315363881401617,742.0,0.0,1.0,1.0,2.0,0.0,0.0,617.0,0.8315363881401617,742.0,0.0,1.0,1.0,2.0,0.0,0.0,617.0,0.8315363881401617,742.0,0.0,1.0,1.0,2.0,0.0,0.0,,,,
full,large,obqa,dev,742,old_scoring,False,previously_exposed_development,accuracy_only,word_lambda0.3_actions4,False,$DATA_DIR/P2_10_20260911T122423Z/results/large/obqa/dev_predictions_word.npz,,"[741, 0, 1, 0]",0.0,0.0,0.0,0.0,616.0,0.8301886792452831,742.0,0.0,0.0,1.0,1.0,0.0,0.0,616.0,0.8301886792452831,742.0,0.0,0.0,1.0,1.0,0.0,0.0,616.0,0.8301886792452831,742.0,0.0,0.0,1.0,1.0,0.0,0.0,,,,
full,large,obqa,dev,742,old_scoring,False,previously_exposed_development,accuracy_only,word_lambda1_actions4,False,$DATA_DIR/P2_10_20260911T122423Z/results/large/obqa/dev_predictions_word.npz,,"[742, 0, 0, 0]",0.0,0.0,0.0,0.0,617.0,0.8315363881401617,742.0,0.0,0.0,0.0,0.0,0.0,0.0,617.0,0.8315363881401617,742.0,0.0,0.0,0.0,0.0,0.0,0.0,617.0,0.8315363881401617,742.0,0.0,0.0,0.0,0.0,0.0,0.0,,,,
full,large,obqa,dev,742,old_scoring,False,previously_exposed_development,accuracy_only,word_lambda3_actions4,False,$DATA_DIR/P2_10_20260911T122423Z/results/large/obqa/dev_predictions_word.npz,,"[742, 0, 0, 0]",0.0,0.0,0.0,0.0,617.0,0.8315363881401617,742.0,0.0,0.0,0.0,0.0,0.0,0.0,617.0,0.8315363881401617,742.0,0.0,0.0,0.0,0.0,0.0,0.0,617.0,0.8315363881401617,742.0,0.0,0.0,0.0,0.0,0.0,0.0,,,,
full,large,obqa,dev,742,old_scoring,False,previously_exposed_development,accuracy_only,semantic_lambda0_actions3,False,$DATA_DIR/P2_10_20260911T122423Z/results/large/obqa/dev_predictions_semantic.npz,,"[26, 712, 4, 0]",0.0,0.0,0.0,0.0,646.0,0.8706199460916442,742.0,0.0,46.0,17.0,70.0,7.0,0.0,646.0,0.8706199460916442,742.0,0.0,46.0,17.0,70.0,7.0,0.0,646.0,0.8706199460916442,742.0,0.0,46.0,17.0,70.0,7.0,0.0,,,,
full,large,obqa,dev,742,old_scoring,False,previously_exposed_development,accuracy_only,semantic_lambda0.01_actions3,False,$DATA_DIR/P2_10_20260911T122423Z/results/large/obqa/dev_predictions_semantic.npz,,"[185, 539, 18, 0]",0.0,0.0,0.0,0.0,644.0,0.8679245283018868,742.0,0.0,40.0,13.0,59.0,6.0,0.0,644.0,0.8679245283018868,742.0,0.0,40.0,13.0,59.0,6.0,0.0,644.0,0.8679245283018868,742.0,0.0,40.0,13.0,59.0,6.0,0.0,,,,
full,large,obqa,dev,742,old_scoring,False,previously_exposed_development,accuracy_only,semantic_lambda0.03_actions3,False,$DATA_DIR/P2_10_20260911T122423Z/results/large/obqa/dev_predictions_semantic.npz,,"[674, 44, 24, 0]",0.0,0.0,0.0,0.0,616.0,0.8301886792452831,742.0,0.0,3.0,4.0,7.0,0.0,0.0,616.0,0.8301886792452831,742.0,0.0,3.0,4.0,7.0,0.0,0.0,616.0,0.8301886792452831,742.0,0.0,3.0,4.0,7.0,0.0,0.0,,,,
full,large,obqa,dev,742,old_scoring,False,previously_exposed_development,accuracy_only,semantic_lambda0.1_actions3,False,$DATA_DIR/P2_10_20260911T122423Z/results/large/obqa/dev_predictions_semantic.npz,,"[735, 0, 7, 0]",0.0,0.0,0.0,0.0,616.0,0.8301886792452831,742.0,0.0,0.0,1.0,1.0,0.0,0.0,616.0,0.8301886792452831,742.0,0.0,0.0,1.0,1.0,0.0,0.0,616.0,0.8301886792452831,742.0,0.0,0.0,1.0,1.0,0.0,0.0,,,,
full,large,obqa,dev,742,old_scoring,False,previously_exposed_development,accuracy_only,semantic_lambda0.3_actions3,False,$DATA_DIR/P2_10_20260911T122423Z/results/large/obqa/dev_predictions_semantic.npz,,"[740, 0, 2, 0]",0.0,0.0,0.0,0.0,617.0,0.8315363881401617,742.0,0.0,0.0,0.0,0.0,0.0,0.0,617.0,0.8315363881401617,742.0,0.0,0.0,0.0,0.0,0.0,0.0,617.0,0.8315363881401617,742.0,0.0,0.0,0.0,0.0,0.0,0.0,,,,
full,large,obqa,dev,742,old_scoring,False,previously_exposed_development,accuracy_only,semantic_lambda1_actions3,False,$DATA_DIR/P2_10_20260911T122423Z/results/large/obqa/dev_predictions_semantic.npz,,"[742, 0, 0, 0]",0.0,0.0,0.0,0.0,617.0,0.8315363881401617,742.0,0.0,0.0,0.0,0.0,0.0,0.0,617.0,0.8315363881401617,742.0,0.0,0.0,0.0,0.0,0.0,0.0,617.0,0.8315363881401617,742.0,0.0,0.0,0.0,0.0,0.0,0.0,,,,
full,large,obqa,dev,742,old_scoring,False,previously_exposed_development,accuracy_only,semantic_lambda3_actions3,False,$DATA_DIR/P2_10_20260911T122423Z/results/large/obqa/dev_predictions_semantic.npz,,"[742, 0, 0, 0]",0.0,0.0,0.0,0.0,617.0,0.8315363881401617,742.0,0.0,0.0,0.0,0.0,0.0,0.0,617.0,0.8315363881401617,742.0,0.0,0.0,0.0,0.0,0.0,0.0,617.0,0.8315363881401617,742.0,0.0,0.0,0.0,0.0,0.0,0.0,,,,
full,large,obqa,dev,742,old_scoring,False,previously_exposed_development,accuracy_only,semantic_lambda0_actions4,False,$DATA_DIR/P2_10_20260911T122423Z/results/large/obqa/dev_predictions_semantic.npz,,"[22, 708, 3, 9]",0.0,0.0,0.0,0.0,646.0,0.8706199460916442,742.0,0.0,46.0,17.0,70.0,7.0,0.0,646.0,0.8706199460916442,742.0,0.0,46.0,17.0,70.0,7.0,0.0,646.0,0.8706199460916442,742.0,0.0,46.0,17.0,70.0,7.0,0.0,,,,
full,large,obqa,dev,742,old_scoring,False,previously_exposed_development,accuracy_only,semantic_lambda0.01_actions4,False,$DATA_DIR/P2_10_20260911T122423Z/results/large/obqa/dev_predictions_semantic.npz,,"[131, 523, 14, 74]",0.0,0.0,0.0,0.0,644.0,0.8679245283018868,742.0,0.0,40.0,13.0,59.0,6.0,0.0,644.0,0.8679245283018868,742.0,0.0,40.0,13.0,59.0,6.0,0.0,644.0,0.8679245283018868,742.0,0.0,40.0,13.0,59.0,6.0,0.0,,,,
full,large,obqa,dev,742,old_scoring,False,previously_exposed_development,accuracy_only,semantic_lambda0.03_actions4,False,$DATA_DIR/P2_10_20260911T122423Z/results/large/obqa/dev_predictions_semantic.npz,,"[480, 34, 21, 207]",0.0,0.0,0.0,0.0,620.0,0.8355795148247979,742.0,0.0,6.0,3.0,10.0,1.0,0.0,620.0,0.8355795148247979,742.0,0.0,6.0,3.0,10.0,1.0,0.0,620.0,0.8355795148247979,742.0,0.0,6.0,3.0,10.0,1.0,0.0,,,,
full,large,obqa,dev,742,old_scoring,False,previously_exposed_development,accuracy_only,semantic_lambda0.1_actions4,False,$DATA_DIR/P2_10_20260911T122423Z/results/large/obqa/dev_predictions_semantic.npz,,"[707, 0, 7, 28]",0.0,0.0,0.0,0.0,616.0,0.8301886792452831,742.0,0.0,0.0,1.0,1.0,0.0,0.0,616.0,0.8301886792452831,742.0,0.0,0.0,1.0,1.0,0.0,0.0,616.0,0.8301886792452831,742.0,0.0,0.0,1.0,1.0,0.0,0.0,,,,
full,large,obqa,dev,742,old_scoring,False,previously_exposed_development,accuracy_only,semantic_lambda0.3_actions4,False,$DATA_DIR/P2_10_20260911T122423Z/results/large/obqa/dev_predictions_semantic.npz,,"[740, 0, 2, 0]",0.0,0.0,0.0,0.0,617.0,0.8315363881401617,742.0,0.0,0.0,0.0,0.0,0.0,0.0,617.0,0.8315363881401617,742.0,0.0,0.0,0.0,0.0,0.0,0.0,617.0,0.8315363881401617,742.0,0.0,0.0,0.0,0.0,0.0,0.0,,,,
full,large,obqa,dev,742,old_scoring,False,previously_exposed_development,accuracy_only,semantic_lambda1_actions4,False,$DATA_DIR/P2_10_20260911T122423Z/results/large/obqa/dev_predictions_semantic.npz,,"[742, 0, 0, 0]",0.0,0.0,0.0,0.0,617.0,0.8315363881401617,742.0,0.0,0.0,0.0,0.0,0.0,0.0,617.0,0.8315363881401617,742.0,0.0,0.0,0.0,0.0,0.0,0.0,617.0,0.8315363881401617,742.0,0.0,0.0,0.0,0.0,0.0,0.0,,,,
full,large,obqa,dev,742,old_scoring,False,previously_exposed_development,accuracy_only,semantic_lambda3_actions4,False,$DATA_DIR/P2_10_20260911T122423Z/results/large/obqa/dev_predictions_semantic.npz,,"[742, 0, 0, 0]",0.0,0.0,0.0,0.0,617.0,0.8315363881401617,742.0,0.0,0.0,0.0,0.0,0.0,0.0,617.0,0.8315363881401617,742.0,0.0,0.0,0.0,0.0,0.0,0.0,617.0,0.8315363881401617,742.0,0.0,0.0,0.0,0.0,0.0,0.0,,,,
full,large,obqa,dev,742,old_scoring,False,previously_exposed_development,accuracy_only,train_frozen_mixture,False,$DATA_DIR/P2_10_20260911T122423Z/results/large/obqa/train_mixture_receipt.json,"[0.44713415433316944, 0.5528658456668305, 0.0, 0.0]",,0.0,0.0,0.0,0.0,632.4802436786713,0.8523992502407969,742.0,0.0,25.431828900674205,9.951585222002949,39.806340888011796,4.422926765334644,0.0,632.4802436786713,0.8523992502407969,742.0,0.0,25.431828900674205,9.951585222002949,39.806340888011796,4.422926765334644,0.0,632.4802436786713,0.8523992502407969,742.0,0.0,25.431828900674205,9.951585222002949,39.806340888011796,4.422926765334644,0.0,,,,
panel,large,obqa,dev,128,old_scoring,False,previously_exposed_development,original_P2_10_same_job,R,False,fixed_action,,"[128, 0, 0, 0]",0.0,0.0,0.0,0.0,104.0,0.8125,128.0,0.0,0.0,0.0,0.0,0.0,0.0,104.0,0.8125,128.0,0.0,0.0,0.0,0.0,0.0,0.0,104.0,0.8125,128.0,0.0,0.0,0.0,0.0,0.0,0.0,254.514272515625,245.951994,287.5016241,0.0
panel,large,obqa,dev,128,old_scoring,False,previously_exposed_development,original_P2_10_same_job,T,False,fixed_action,,"[0, 128, 0, 0]",0.0,0.0,0.0,0.0,113.0,0.8828125,128.0,0.0,10.0,1.0,12.0,1.0,0.0,113.0,0.8828125,128.0,0.0,10.0,1.0,12.0,1.0,0.0,113.0,0.8828125,128.0,0.0,10.0,1.0,12.0,1.0,0.0,993.8901472421874,988.473315,1238.8497183,0.0
panel,large,obqa,dev,128,old_scoring,False,previously_exposed_development,original_P2_10_same_job,C,False,fixed_action,,"[0, 0, 128, 0]",3.0,0.0,0.0,0.0,98.0,0.765625,125.0,3.0,3.0,9.0,16.0,4.0,3.0,101.0,0.7890625,128.0,0.0,3.0,6.0,13.0,4.0,0.0,101.0,0.7890625,128.0,0.0,3.0,6.0,13.0,4.0,0.0,347.017202890625,341.888379,545.57958015,0.0
panel,large,obqa,dev,128,old_scoring,False,previously_exposed_development,original_P2_10_same_job,A,False,fixed_action,,"[0, 0, 0, 128]",0.0,0.0,0.0,0.0,105.0,0.8203125,128.0,0.0,1.0,0.0,2.0,1.0,0.0,105.0,0.8203125,128.0,0.0,1.0,0.0,2.0,1.0,0.0,105.0,0.8203125,128.0,0.0,1.0,0.0,2.0,1.0,0.0,286.6951911015625,270.444475,308.53722730000004,0.0
panel,large,obqa,dev,128,old_scoring,False,previously_exposed_development,original_P2_10_same_job,word_lambda0_actions3,False,$DATA_DIR/P2_10_20260911T122423Z/results/large/obqa/dev_predictions_word.npz,,"[2, 126, 0, 0]",0.0,0.0,0.0,0.0,113.0,0.8828125,128.0,0.0,10.0,1.0,12.0,1.0,0.0,113.0,0.8828125,128.0,0.0,10.0,1.0,12.0,1.0,0.0,113.0,0.8828125,128.0,0.0,10.0,1.0,12.0,1.0,0.0,985.7853637890623,989.671783,1240.10662,1.225883359375
panel,large,obqa,dev,128,old_scoring,False,previously_exposed_development,original_P2_10_same_job,word_lambda0.01_actions3,False,$DATA_DIR/P2_10_20260911T122423Z/results/large/obqa/dev_predictions_word.npz,,"[37, 91, 0, 0]",0.0,0.0,0.0,0.0,111.0,0.8671875,128.0,0.0,7.0,0.0,8.0,1.0,0.0,111.0,0.8671875,128.0,0.0,7.0,0.0,8.0,1.0,0.0,111.0,0.8671875,128.0,0.0,7.0,0.0,8.0,1.0,0.0,782.2594894609374,938.2514195,1220.6806500499997,1.225883359375
panel,large,obqa,dev,128,old_scoring,False,previously_exposed_development,original_P2_10_same_job,word_lambda0.03_actions3,False,$DATA_DIR/P2_10_20260911T122423Z/results/large/obqa/dev_predictions_word.npz,,"[105, 16, 7, 0]",0.0,0.0,0.0,0.0,103.0,0.8046875,128.0,0.0,0.0,1.0,1.0,0.0,0.0,103.0,0.8046875,128.0,0.0,0.0,1.0,1.0,0.0,0.0,103.0,0.8046875,128.0,0.0,0.0,1.0,1.0,0.0,0.0,354.71407396875003,247.48292,985.5675364999997,1.225883359375
panel,large,obqa,dev,128,old_scoring,False,previously_exposed_development,original_P2_10_same_job,word_lambda0.1_actions3,False,$DATA_DIR/P2_10_20260911T122423Z/results/large/obqa/dev_predictions_word.npz,,"[126, 0, 2, 0]",0.0,0.0,0.0,0.0,103.0,0.8046875,128.0,0.0,0.0,1.0,1.0,0.0,0.0,103.0,0.8046875,128.0,0.0,0.0,1.0,1.0,0.0,0.0,103.0,0.8046875,128.0,0.0,0.0,1.0,1.0,0.0,0.0,257.556103984375,247.1584325,288.8291046,1.225883359375
panel,large,obqa,dev,128,old_scoring,False,previously_exposed_development,original_P2_10_same_job,word_lambda0.3_actions3,False,$DATA_DIR/P2_10_20260911T122423Z/results/large/obqa/dev_predictions_word.npz,,"[127, 0, 1, 0]",0.0,0.0,0.0,0.0,103.0,0.8046875,128.0,0.0,0.0,1.0,1.0,0.0,0.0,103.0,0.8046875,128.0,0.0,0.0,1.0,1.0,0.0,0.0,103.0,0.8046875,128.0,0.0,0.0,1.0,1.0,0.0,0.0,256.49312105468755,247.1584325,288.8007831,1.225883359375
panel,large,obqa,dev,128,old_scoring,False,previously_exposed_development,original_P2_10_same_job,word_lambda1_actions3,False,$DATA_DIR/P2_10_20260911T122423Z/results/large/obqa/dev_predictions_word.npz,,"[128, 0, 0, 0]",0.0,0.0,0.0,0.0,104.0,0.8125,128.0,0.0,0.0,0.0,0.0,0.0,0.0,104.0,0.8125,128.0,0.0,0.0,0.0,0.0,0.0,0.0,104.0,0.8125,128.0,0.0,0.0,0.0,0.0,0.0,0.0,255.74015587500003,247.14845250000002,288.7418583,1.225883359375
panel,large,obqa,dev,128,old_scoring,False,previously_exposed_development,original_P2_10_same_job,word_lambda3_actions3,False,$DATA_DIR/P2_10_20260911T122423Z/results/large/obqa/dev_predictions_word.npz,,"[128, 0, 0, 0]",0.0,0.0,0.0,0.0,104.0,0.8125,128.0,0.0,0.0,0.0,0.0,0.0,0.0,104.0,0.8125,128.0,0.0,0.0,0.0,0.0,0.0,0.0,104.0,0.8125,128.0,0.0,0.0,0.0,0.0,0.0,0.0,255.74015587500003,247.14845250000002,288.7418583,1.225883359375
panel,large,obqa,dev,128,old_scoring,False,previously_exposed_development,original_P2_10_same_job,word_lambda0_actions4,False,$DATA_DIR/P2_10_20260911T122423Z/results/large/obqa/dev_predictions_word.npz,,"[1, 123, 0, 4]",0.0,0.0,0.0,0.0,112.0,0.875,128.0,0.0,9.0,1.0,11.0,1.0,0.0,112.0,0.875,128.0,0.0,9.0,1.0,11.0,1.0,0.0,112.0,0.875,128.0,0.0,9.0,1.0,11.0,1.0,0.0,965.9863167343751,973.9608499999999,1239.2220558000001,1.0004337265625
panel,large,obqa,dev,128,old_scoring,False,previously_exposed_development,original_P2_10_same_job,word_lambda0.01_actions4,True,$DATA_DIR/P2_10_20260911T122423Z/results/large/obqa/dev_predictions_word.npz,,"[26, 89, 0, 13]",0.0,0.0,0.0,0.0,111.0,0.8671875,128.0,0.0,7.0,0.0,8.0,1.0,0.0,111.0,0.8671875,128.0,0.0,7.0,0.0,8.0,1.0,0.0,111.0,0.8671875,128.0,0.0,7.0,0.0,8.0,1.0,0.0,776.92146234375,938.038713,1220.4839158499997,1.0004337265625
panel,large,obqa,dev,128,old_scoring,False,previously_exposed_development,original_P2_10_same_job,word_lambda0.03_actions4,False,$DATA_DIR/P2_10_20260911T122423Z/results/large/obqa/dev_predictions_word.npz,,"[78, 13, 7, 30]",0.0,0.0,0.0,0.0,104.0,0.8125,128.0,0.0,1.0,1.0,2.0,0.0,0.0,104.0,0.8125,128.0,0.0,1.0,1.0,2.0,0.0,0.0,104.0,0.8125,128.0,0.0,1.0,1.0,2.0,0.0,0.0,339.5516809921875,267.08147099999996,953.6401680999999,1.0004337265625
panel,large,obqa,dev,128,old_scoring,False,previously_exposed_development,original_P2_10_same_job,word_lambda0.1_actions4,False,$DATA_DIR/P2_10_20260911T122423Z/results/large/obqa/dev_predictions_word.npz,,"[120, 0, 2, 6]",0.0,0.0,0.0,0.0,103.0,0.8046875,128.0,0.0,0.0,1.0,1.0,0.0,0.0,103.0,0.8046875,128.0,0.0,0.0,1.0,1.0,0.0,0.0,103.0,0.8046875,128.0,0.0,0.0,1.0,1.0,0.0,0.0,258.3497139296875,247.006609,288.6033736,1.0004337265625
panel,large,obqa,dev,128,old_scoring,False,previously_exposed_development,original_P2_10_same_job,word_lambda0.3_actions4,False,$DATA_DIR/P2_10_20260911T122423Z/results/large/obqa/dev_predictions_word.npz,,"[127, 0, 1, 0]",0.0,0.0,0.0,0.0,103.0,0.8046875,128.0,0.0,0.0,1.0,1.0,0.0,0.0,103.0,0.8046875,128.0,0.0,0.0,1.0,1.0,0.0,0.0,103.0,0.8046875,128.0,0.0,0.0,1.0,1.0,0.0,0.0,256.267671421875,246.943586,288.56888024999995,1.0004337265625
panel,large,obqa,dev,128,old_scoring,False,previously_exposed_development,original_P2_10_same_job,word_lambda1_actions4,False,$DATA_DIR/P2_10_20260911T122423Z/results/large/obqa/dev_predictions_word.npz,,"[128, 0, 0, 0]",0.0,0.0,0.0,0.0,104.0,0.8125,128.0,0.0,0.0,0.0,0.0,0.0,0.0,104.0,0.8125,128.0,0.0,0.0,0.0,0.0,0.0,0.0,104.0,0.8125,128.0,0.0,0.0,0.0,0.0,0.0,0.0,255.5147062421875,246.9394235,288.49144815,1.0004337265625
panel,large,obqa,dev,128,old_scoring,False,previously_exposed_development,original_P2_10_same_job,word_lambda3_actions4,False,$DATA_DIR/P2_10_20260911T122423Z/results/large/obqa/dev_predictions_word.npz,,"[128, 0, 0, 0]",0.0,0.0,0.0,0.0,104.0,0.8125,128.0,0.0,0.0,0.0,0.0,0.0,0.0,104.0,0.8125,128.0,0.0,0.0,0.0,0.0,0.0,0.0,104.0,0.8125,128.0,0.0,0.0,0.0,0.0,0.0,0.0,255.5147062421875,246.9394235,288.49144815,1.0004337265625
panel,large,obqa,dev,128,old_scoring,False,previously_exposed_development,original_P2_10_same_job,semantic_lambda0_actions3,False,$DATA_DIR/P2_10_20260911T122423Z/results/large/obqa/dev_predictions_semantic.npz,,"[5, 122, 1, 0]",0.0,0.0,0.0,0.0,113.0,0.8828125,128.0,0.0,10.0,1.0,12.0,1.0,0.0,113.0,0.8828125,128.0,0.0,10.0,1.0,12.0,1.0,0.0,113.0,0.8828125,128.0,0.0,10.0,1.0,12.0,1.0,0.0,988.2148203828126,1008.6366679999999,1267.4144936500002,28.561925382812497
panel,large,obqa,dev,128,old_scoring,False,previously_exposed_development,original_P2_10_same_job,semantic_lambda0.01_actions3,False,$DATA_DIR/P2_10_20260911T122423Z/results/large/obqa/dev_predictions_semantic.npz,,"[40, 84, 4, 0]",0.0,0.0,0.0,0.0,112.0,0.875,128.0,0.0,8.0,0.0,9.0,1.0,0.0,112.0,0.875,128.0,0.0,8.0,0.0,9.0,1.0,0.0,112.0,0.875,128.0,0.0,8.0,0.0,9.0,1.0,0.0,761.231518734375,940.9047815,1215.85583845,28.561925382812497
panel,large,obqa,dev,128,old_scoring,False,previously_exposed_development,original_P2_10_same_job,semantic_lambda0.03_actions3,False,$DATA_DIR/P2_10_20260911T122423Z/results/large/obqa/dev_predictions_semantic.npz,,"[120, 5, 3, 0]",0.0,0.0,0.0,0.0,104.0,0.8125,128.0,0.0,0.0,0.0,0.0,0.0,0.0,104.0,0.8125,128.0,0.0,0.0,0.0,0.0,0.0,0.0,104.0,0.8125,128.0,0.0,0.0,0.0,0.0,0.0,0.0,312.6316656171875,274.623162,357.43498114999966,28.561925382812497
panel,large,obqa,dev,128,old_scoring,False,previously_exposed_development,original_P2_10_same_job,semantic_lambda0.1_actions3,False,$DATA_DIR/P2_10_20260911T122423Z/results/large/obqa/dev_predictions_semantic.npz,,"[127, 0, 1, 0]",0.0,0.0,0.0,0.0,104.0,0.8125,128.0,0.0,0.0,0.0,0.0,0.0,0.0,104.0,0.8125,128.0,0.0,0.0,0.0,0.0,0.0,0.0,104.0,0.8125,128.0,0.0,0.0,0.0,0.0,0.0,0.0,284.461861671875,274.515789,316.13204695,28.561925382812497
panel,large,obqa,dev,128,old_scoring,False,previously_exposed_development,original_P2_10_same_job,semantic_lambda0.3_actions3,False,$DATA_DIR/P2_10_20260911T122423Z/results/large/obqa/dev_predictions_semantic.npz,,"[128, 0, 0, 0]",0.0,0.0,0.0,0.0,104.0,0.8125,128.0,0.0,0.0,0.0,0.0,0.0,0.0,104.0,0.8125,128.0,0.0,0.0,0.0,0.0,0.0,0.0,104.0,0.8125,128.0,0.0,0.0,0.0,0.0,0.0,0.0,283.0761978984375,274.496624,316.08498995,28.561925382812497
panel,large,obqa,dev,128,old_scoring,False,previously_exposed_development,original_P2_10_same_job,semantic_lambda1_actions3,False,$DATA_DIR/P2_10_20260911T122423Z/results/large/obqa/dev_predictions_semantic.npz,,"[128, 0, 0, 0]",0.0,0.0,0.0,0.0,104.0,0.8125,128.0,0.0,0.0,0.0,0.0,0.0,0.0,104.0,0.8125,128.0,0.0,0.0,0.0,0.0,0.0,0.0,104.0,0.8125,128.0,0.0,0.0,0.0,0.0,0.0,0.0,283.0761978984375,274.496624,316.08498995,28.561925382812497
panel,large,obqa,dev,128,old_scoring,False,previously_exposed_development,original_P2_10_same_job,semantic_lambda3_actions3,False,$DATA_DIR/P2_10_20260911T122423Z/results/large/obqa/dev_predictions_semantic.npz,,"[128, 0, 0, 0]",0.0,0.0,0.0,0.0,104.0,0.8125,128.0,0.0,0.0,0.0,0.0,0.0,0.0,104.0,0.8125,128.0,0.0,0.0,0.0,0.0,0.0,0.0,104.0,0.8125,128.0,0.0,0.0,0.0,0.0,0.0,0.0,283.0761978984375,274.496624,316.08498995,28.561925382812497
panel,large,obqa,dev,128,old_scoring,False,previously_exposed_development,original_P2_10_same_job,semantic_lambda0_actions4,False,$DATA_DIR/P2_10_20260911T122423Z/results/large/obqa/dev_predictions_semantic.npz,,"[3, 121, 0, 4]",0.0,0.0,0.0,0.0,113.0,0.8828125,128.0,0.0,10.0,1.0,12.0,1.0,0.0,113.0,0.8828125,128.0,0.0,10.0,1.0,12.0,1.0,0.0,113.0,0.8828125,128.0,0.0,10.0,1.0,12.0,1.0,0.0,981.5763391640626,1000.0596654999999,1266.78127715,27.9663248984375
panel,large,obqa,dev,128,old_scoring,False,previously_exposed_development,original_P2_10_same_job,semantic_lambda0.01_actions4,False,$DATA_DIR/P2_10_20260911T122423Z/results/large/obqa/dev_predictions_semantic.npz,,"[25, 84, 3, 16]",0.0,0.0,0.0,0.0,112.0,0.875,128.0,0.0,8.0,0.0,9.0,1.0,0.0,112.0,0.875,128.0,0.0,8.0,0.0,9.0,1.0,0.0,112.0,0.875,128.0,0.0,8.0,0.0,9.0,1.0,0.0,763.1449207656251,940.133971,1215.3906401999998,27.9663248984375
panel,large,obqa,dev,128,old_scoring,False,previously_exposed_development,original_P2_10_same_job,semantic_lambda0.03_actions4,False,$DATA_DIR/P2_10_20260911T122423Z/results/large/obqa/dev_predictions_semantic.npz,,"[84, 4, 3, 37]",0.0,0.0,0.0,0.0,105.0,0.8203125,128.0,0.0,1.0,0.0,1.0,0.0,0.0,105.0,0.8203125,128.0,0.0,1.0,0.0,1.0,0.0,0.0,105.0,0.8203125,128.0,0.0,1.0,0.0,1.0,0.0,0.0,315.9004898359375,274.637338,338.18303905,27.9663248984375
panel,large,obqa,dev,128,old_scoring,False,previously_exposed_development,original_P2_10_same_job,semantic_lambda0.1_actions4,False,$DATA_DIR/P2_10_20260911T122423Z/results/large/obqa/dev_predictions_semantic.npz,,"[123, 0, 1, 4]",0.0,0.0,0.0,0.0,104.0,0.8125,128.0,0.0,0.0,0.0,0.0,0.0,0.0,104.0,0.8125,128.0,0.0,0.0,0.0,0.0,0.0,0.0,104.0,0.8125,128.0,0.0,0.0,0.0,0.0,0.0,0.0,285.126665046875,273.94060549999995,315.69990475000003,27.9663248984375
panel,large,obqa,dev,128,old_scoring,False,previously_exposed_development,original_P2_10_same_job,semantic_lambda0.3_actions4,False,$DATA_DIR/P2_10_20260911T122423Z/results/large/obqa/dev_predictions_semantic.npz,,"[128, 0, 0, 0]",0.0,0.0,0.0,0.0,104.0,0.8125,128.0,0.0,0.0,0.0,0.0,0.0,0.0,104.0,0.8125,128.0,0.0,0.0,0.0,0.0,0.0,0.0,104.0,0.8125,128.0,0.0,0.0,0.0,0.0,0.0,0.0,282.4805974140625,273.926338,315.54606835,27.9663248984375
panel,large,obqa,dev,128,old_scoring,False,previously_exposed_development,original_P2_10_same_job,semantic_lambda1_actions4,False,$DATA_DIR/P2_10_20260911T122423Z/results/large/obqa/dev_predictions_semantic.npz,,"[128, 0, 0, 0]",0.0,0.0,0.0,0.0,104.0,0.8125,128.0,0.0,0.0,0.0,0.0,0.0,0.0,104.0,0.8125,128.0,0.0,0.0,0.0,0.0,0.0,0.0,104.0,0.8125,128.0,0.0,0.0,0.0,0.0,0.0,0.0,282.4805974140625,273.926338,315.54606835,27.9663248984375
panel,large,obqa,dev,128,old_scoring,False,previously_exposed_development,original_P2_10_same_job,semantic_lambda3_actions4,False,$DATA_DIR/P2_10_20260911T122423Z/results/large/obqa/dev_predictions_semantic.npz,,"[128, 0, 0, 0]",0.0,0.0,0.0,0.0,104.0,0.8125,128.0,0.0,0.0,0.0,0.0,0.0,0.0,104.0,0.8125,128.0,0.0,0.0,0.0,0.0,0.0,0.0,104.0,0.8125,128.0,0.0,0.0,0.0,0.0,0.0,0.0,282.4805974140625,273.926338,315.54606835,27.9663248984375
panel,large,obqa,dev,128,old_scoring,False,previously_exposed_development,original_P2_10_same_job,train_frozen_mixture,False,$DATA_DIR/P2_10_20260911T122423Z/results/large/obqa/train_mixture_receipt.json,"[0.44713415433316944, 0.5528658456668305, 0.0, 0.0]",,0.0,0.0,0.0,0.0,108.97579261100147,0.851373379773449,128.0,0.0,5.528658456668305,0.5528658456668305,6.634390148001966,0.5528658456668305,0.0,108.97579261100147,0.851373379773449,128.0,0.0,5.528658456668305,0.5528658456668305,6.634390148001966,0.5528658456668305,0.0,108.97579261100147,0.851373379773449,128.0,0.0,5.528658456668305,0.5528658456668305,6.634390148001966,0.5528658456668305,0.0,663.2899407619784,660.7878495975701,796.4005212606503,0.0
full,large,arc,train,1119,old_scoring,False,train_in_sample_diagnostic,accuracy_only,R,False,fixed_action,,"[1119, 0, 0, 0]",0.0,0.0,0.0,0.0,1021.0,0.9124218051831993,1119.0,0.0,0.0,0.0,0.0,0.0,0.0,1021.0,0.9124218051831993,1119.0,0.0,0.0,0.0,0.0,0.0,0.0,1021.0,0.9124218051831993,1119.0,0.0,0.0,0.0,0.0,0.0,0.0,,,,
full,large,arc,train,1119,old_scoring,False,train_in_sample_diagnostic,accuracy_only,T,False,fixed_action,,"[0, 1119, 0, 0]",0.0,0.0,0.0,0.0,1036.0,0.9258266309204647,1119.0,0.0,28.0,13.0,44.0,3.0,0.0,1036.0,0.9258266309204647,1119.0,0.0,28.0,13.0,44.0,3.0,0.0,1036.0,0.9258266309204647,1119.0,0.0,28.0,13.0,44.0,3.0,0.0,,,,
full,large,arc,train,1119,old_scoring,False,train_in_sample_diagnostic,accuracy_only,C,False,fixed_action,,"[0, 0, 1119, 0]",56.0,0.0,0.0,0.0,957.0,0.8552278820375335,1053.0,66.0,15.0,79.0,112.0,18.0,66.0,1013.0,0.9052725647899911,1116.0,3.0,16.0,24.0,52.0,12.0,3.0,1013.0,0.9052725647899911,1116.0,3.0,16.0,24.0,52.0,12.0,3.0,,,,
full,large,arc,train,1119,old_scoring,False,train_in_sample_diagnostic,accuracy_only,A,False,fixed_action,,"[0, 0, 0, 1119]",0.0,0.0,0.0,0.0,1018.0,0.9097408400357462,1117.0,2.0,1.0,4.0,8.0,3.0,2.0,1018.0,0.9097408400357462,1116.0,3.0,1.0,4.0,8.0,3.0,3.0,1018.0,0.9097408400357462,1116.0,3.0,1.0,4.0,8.0,3.0,3.0,,,,
full,large,arc,train,1119,old_scoring,False,train_in_sample_diagnostic,accuracy_only,word_lambda0_actions3,False,$DATA_DIR/P2_10_20260911T122423Z/results/large/arc/train_predictions_word.npz,,"[78, 1036, 5, 0]",0.0,0.0,0.0,0.0,1054.0,0.9419124218051832,1119.0,0.0,33.0,0.0,36.0,3.0,0.0,1054.0,0.9419124218051832,1119.0,0.0,33.0,0.0,36.0,3.0,0.0,1054.0,0.9419124218051832,1119.0,0.0,33.0,0.0,36.0,3.0,0.0,,,,
full,large,arc,train,1119,old_scoring,False,train_in_sample_diagnostic,accuracy_only,word_lambda0.01_actions3,False,$DATA_DIR/P2_10_20260911T122423Z/results/large/arc/train_predictions_word.npz,,"[1024, 89, 6, 0]",0.0,0.0,0.0,0.0,1055.0,0.9428060768543343,1119.0,0.0,34.0,0.0,34.0,0.0,0.0,1055.0,0.9428060768543343,1119.0,0.0,34.0,0.0,34.0,0.0,0.0,1055.0,0.9428060768543343,1119.0,0.0,34.0,0.0,34.0,0.0,0.0,,,,
full,large,arc,train,1119,old_scoring,False,train_in_sample_diagnostic,accuracy_only,word_lambda0.03_actions3,False,$DATA_DIR/P2_10_20260911T122423Z/results/large/arc/train_predictions_word.npz,,"[1090, 17, 12, 0]",0.0,0.0,0.0,0.0,1050.0,0.938337801608579,1119.0,0.0,29.0,0.0,29.0,0.0,0.0,1050.0,0.938337801608579,1119.0,0.0,29.0,0.0,29.0,0.0,0.0,1050.0,0.938337801608579,1119.0,0.0,29.0,0.0,29.0,0.0,0.0,,,,
full,large,arc,train,1119,old_scoring,False,train_in_sample_diagnostic,accuracy_only,word_lambda0.1_actions3,False,$DATA_DIR/P2_10_20260911T122423Z/results/large/arc/train_predictions_word.npz,,"[1111, 0, 8, 0]",0.0,0.0,0.0,0.0,1029.0,0.9195710455764075,1119.0,0.0,8.0,0.0,8.0,0.0,0.0,1029.0,0.9195710455764075,1119.0,0.0,8.0,0.0,8.0,0.0,0.0,1029.0,0.9195710455764075,1119.0,0.0,8.0,0.0,8.0,0.0,0.0,,,,
full,large,arc,train,1119,old_scoring,False,train_in_sample_diagnostic,accuracy_only,word_lambda0.3_actions3,False,$DATA_DIR/P2_10_20260911T122423Z/results/large/arc/train_predictions_word.npz,,"[1118, 0, 1, 0]",0.0,0.0,0.0,0.0,1022.0,0.9133154602323503,1119.0,0.0,1.0,0.0,1.0,0.0,0.0,1022.0,0.9133154602323503,1119.0,0.0,1.0,0.0,1.0,0.0,0.0,1022.0,0.9133154602323503,1119.0,0.0,1.0,0.0,1.0,0.0,0.0,,,,
full,large,arc,train,1119,old_scoring,False,train_in_sample_diagnostic,accuracy_only,word_lambda1_actions3,False,$DATA_DIR/P2_10_20260911T122423Z/results/large/arc/train_predictions_word.npz,,"[1119, 0, 0, 0]",0.0,0.0,0.0,0.0,1021.0,0.9124218051831993,1119.0,0.0,0.0,0.0,0.0,0.0,0.0,1021.0,0.9124218051831993,1119.0,0.0,0.0,0.0,0.0,0.0,0.0,1021.0,0.9124218051831993,1119.0,0.0,0.0,0.0,0.0,0.0,0.0,,,,
full,large,arc,train,1119,old_scoring,False,train_in_sample_diagnostic,accuracy_only,word_lambda3_actions3,False,$DATA_DIR/P2_10_20260911T122423Z/results/large/arc/train_predictions_word.npz,,"[1119, 0, 0, 0]",0.0,0.0,0.0,0.0,1021.0,0.9124218051831993,1119.0,0.0,0.0,0.0,0.0,0.0,0.0,1021.0,0.9124218051831993,1119.0,0.0,0.0,0.0,0.0,0.0,0.0,1021.0,0.9124218051831993,1119.0,0.0,0.0,0.0,0.0,0.0,0.0,,,,
full,large,arc,train,1119,old_scoring,False,train_in_sample_diagnostic,accuracy_only,word_lambda0_actions4,False,$DATA_DIR/P2_10_20260911T122423Z/results/large/arc/train_predictions_word.npz,,"[72, 1036, 5, 6]",0.0,0.0,0.0,0.0,1054.0,0.9419124218051832,1119.0,0.0,33.0,0.0,36.0,3.0,0.0,1054.0,0.9419124218051832,1119.0,0.0,33.0,0.0,36.0,3.0,0.0,1054.0,0.9419124218051832,1119.0,0.0,33.0,0.0,36.0,3.0,0.0,,,,
full,large,arc,train,1119,old_scoring,False,train_in_sample_diagnostic,accuracy_only,word_lambda0.01_actions4,True,$DATA_DIR/P2_10_20260911T122423Z/results/large/arc/train_predictions_word.npz,,"[996, 87, 6, 30]",0.0,0.0,0.0,0.0,1055.0,0.9428060768543343,1119.0,0.0,34.0,0.0,34.0,0.0,0.0,1055.0,0.9428060768543343,1119.0,0.0,34.0,0.0,34.0,0.0,0.0,1055.0,0.9428060768543343,1119.0,0.0,34.0,0.0,34.0,0.0,0.0,,,,
full,large,arc,train,1119,old_scoring,False,train_in_sample_diagnostic,accuracy_only,word_lambda0.03_actions4,False,$DATA_DIR/P2_10_20260911T122423Z/results/large/arc/train_predictions_word.npz,,"[1082, 17, 11, 9]",0.0,0.0,0.0,0.0,1050.0,0.938337801608579,1119.0,0.0,29.0,0.0,29.0,0.0,0.0,1050.0,0.938337801608579,1119.0,0.0,29.0,0.0,29.0,0.0,0.0,1050.0,0.938337801608579,1119.0,0.0,29.0,0.0,29.0,0.0,0.0,,,,
full,large,arc,train,1119,old_scoring,False,train_in_sample_diagnostic,accuracy_only,word_lambda0.1_actions4,False,$DATA_DIR/P2_10_20260911T122423Z/results/large/arc/train_predictions_word.npz,,"[1110, 0, 7, 2]",0.0,0.0,0.0,0.0,1029.0,0.9195710455764075,1119.0,0.0,8.0,0.0,8.0,0.0,0.0,1029.0,0.9195710455764075,1119.0,0.0,8.0,0.0,8.0,0.0,0.0,1029.0,0.9195710455764075,1119.0,0.0,8.0,0.0,8.0,0.0,0.0,,,,
full,large,arc,train,1119,old_scoring,False,train_in_sample_diagnostic,accuracy_only,word_lambda0.3_actions4,False,$DATA_DIR/P2_10_20260911T122423Z/results/large/arc/train_predictions_word.npz,,"[1117, 0, 1, 1]",0.0,0.0,0.0,0.0,1023.0,0.9142091152815014,1119.0,0.0,2.0,0.0,2.0,0.0,0.0,1023.0,0.9142091152815014,1119.0,0.0,2.0,0.0,2.0,0.0,0.0,1023.0,0.9142091152815014,1119.0,0.0,2.0,0.0,2.0,0.0,0.0,,,,
full,large,arc,train,1119,old_scoring,False,train_in_sample_diagnostic,accuracy_only,word_lambda1_actions4,False,$DATA_DIR/P2_10_20260911T122423Z/results/large/arc/train_predictions_word.npz,,"[1119, 0, 0, 0]",0.0,0.0,0.0,0.0,1021.0,0.9124218051831993,1119.0,0.0,0.0,0.0,0.0,0.0,0.0,1021.0,0.9124218051831993,1119.0,0.0,0.0,0.0,0.0,0.0,0.0,1021.0,0.9124218051831993,1119.0,0.0,0.0,0.0,0.0,0.0,0.0,,,,
full,large,arc,train,1119,old_scoring,False,train_in_sample_diagnostic,accuracy_only,word_lambda3_actions4,False,$DATA_DIR/P2_10_20260911T122423Z/results/large/arc/train_predictions_word.npz,,"[1119, 0, 0, 0]",0.0,0.0,0.0,0.0,1021.0,0.9124218051831993,1119.0,0.0,0.0,0.0,0.0,0.0,0.0,1021.0,0.9124218051831993,1119.0,0.0,0.0,0.0,0.0,0.0,0.0,1021.0,0.9124218051831993,1119.0,0.0,0.0,0.0,0.0,0.0,0.0,,,,
full,large,arc,train,1119,old_scoring,False,train_in_sample_diagnostic,accuracy_only,semantic_lambda0_actions3,False,$DATA_DIR/P2_10_20260911T122423Z/results/large/arc/train_predictions_semantic.npz,,"[72, 1047, 0, 0]",0.0,0.0,0.0,0.0,1043.0,0.9320822162645219,1119.0,0.0,28.0,6.0,37.0,3.0,0.0,1043.0,0.9320822162645219,1119.0,0.0,28.0,6.0,37.0,3.0,0.0,1043.0,0.9320822162645219,1119.0,0.0,28.0,6.0,37.0,3.0,0.0,,,,
full,large,arc,train,1119,old_scoring,False,train_in_sample_diagnostic,accuracy_only,semantic_lambda0.01_actions3,False,$DATA_DIR/P2_10_20260911T122423Z/results/large/arc/train_predictions_semantic.npz,,"[1012, 105, 2, 0]",0.0,0.0,0.0,0.0,1037.0,0.9267202859696158,1119.0,0.0,16.0,0.0,18.0,2.0,0.0,1037.0,0.9267202859696158,1119.0,0.0,16.0,0.0,18.0,2.0,0.0,1037.0,0.9267202859696158,1119.0,0.0,16.0,0.0,18.0,2.0,0.0,,,,
full,large,arc,train,1119,old_scoring,False,train_in_sample_diagnostic,accuracy_only,semantic_lambda0.03_actions3,False,$DATA_DIR/P2_10_20260911T122423Z/results/large/arc/train_predictions_semantic.npz,,"[1116, 1, 2, 0]",0.0,0.0,0.0,0.0,1024.0,0.9151027703306523,1119.0,0.0,3.0,0.0,3.0,0.0,0.0,1024.0,0.9151027703306523,1119.0,0.0,3.0,0.0,3.0,0.0,0.0,1024.0,0.9151027703306523,1119.0,0.0,3.0,0.0,3.0,0.0,0.0,,,,
full,large,arc,train,1119,old_scoring,False,train_in_sample_diagnostic,accuracy_only,semantic_lambda0.1_actions3,False,$DATA_DIR/P2_10_20260911T122423Z/results/large/arc/train_predictions_semantic.npz,,"[1118, 0, 1, 0]",0.0,0.0,0.0,0.0,1022.0,0.9133154602323503,1119.0,0.0,1.0,0.0,1.0,0.0,0.0,1022.0,0.9133154602323503,1119.0,0.0,1.0,0.0,1.0,0.0,0.0,1022.0,0.9133154602323503,1119.0,0.0,1.0,0.0,1.0,0.0,0.0,,,,
full,large,arc,train,1119,old_scoring,False,train_in_sample_diagnostic,accuracy_only,semantic_lambda0.3_actions3,False,$DATA_DIR/P2_10_20260911T122423Z/results/large/arc/train_predictions_semantic.npz,,"[1119, 0, 0, 0]",0.0,0.0,0.0,0.0,1021.0,0.9124218051831993,1119.0,0.0,0.0,0.0,0.0,0.0,0.0,1021.0,0.9124218051831993,1119.0,0.0,0.0,0.0,0.0,0.0,0.0,1021.0,0.9124218051831993,1119.0,0.0,0.0,0.0,0.0,0.0,0.0,,,,
full,large,arc,train,1119,old_scoring,False,train_in_sample_diagnostic,accuracy_only,semantic_lambda1_actions3,False,$DATA_DIR/P2_10_20260911T122423Z/results/large/arc/train_predictions_semantic.npz,,"[1119, 0, 0, 0]",0.0,0.0,0.0,0.0,1021.0,0.9124218051831993,1119.0,0.0,0.0,0.0,0.0,0.0,0.0,1021.0,0.9124218051831993,1119.0,0.0,0.0,0.0,0.0,0.0,0.0,1021.0,0.9124218051831993,1119.0,0.0,0.0,0.0,0.0,0.0,0.0,,,,
full,large,arc,train,1119,old_scoring,False,train_in_sample_diagnostic,accuracy_only,semantic_lambda3_actions3,False,$DATA_DIR/P2_10_20260911T122423Z/results/large/arc/train_predictions_semantic.npz,,"[1119, 0, 0, 0]",0.0,0.0,0.0,0.0,1021.0,0.9124218051831993,1119.0,0.0,0.0,0.0,0.0,0.0,0.0,1021.0,0.9124218051831993,1119.0,0.0,0.0,0.0,0.0,0.0,0.0,1021.0,0.9124218051831993,1119.0,0.0,0.0,0.0,0.0,0.0,0.0,,,,
full,large,arc,train,1119,old_scoring,False,train_in_sample_diagnostic,accuracy_only,semantic_lambda0_actions4,False,$DATA_DIR/P2_10_20260911T122423Z/results/large/arc/train_predictions_semantic.npz,,"[60, 1046, 0, 13]",0.0,0.0,0.0,0.0,1043.0,0.9320822162645219,1119.0,0.0,28.0,6.0,37.0,3.0,0.0,1043.0,0.9320822162645219,1119.0,0.0,28.0,6.0,37.0,3.0,0.0,1043.0,0.9320822162645219,1119.0,0.0,28.0,6.0,37.0,3.0,0.0,,,,
full,large,arc,train,1119,old_scoring,False,train_in_sample_diagnostic,accuracy_only,semantic_lambda0.01_actions4,False,$DATA_DIR/P2_10_20260911T122423Z/results/large/arc/train_predictions_semantic.npz,,"[954, 100, 2, 63]",0.0,0.0,0.0,0.0,1038.0,0.9276139410187667,1118.0,1.0,17.0,0.0,20.0,3.0,1.0,1038.0,0.9276139410187667,1118.0,1.0,17.0,0.0,20.0,3.0,1.0,1038.0,0.9276139410187667,1118.0,1.0,17.0,0.0,20.0,3.0,1.0,,,,
full,large,arc,train,1119,old_scoring,False,train_in_sample_diagnostic,accuracy_only,semantic_lambda0.03_actions4,False,$DATA_DIR/P2_10_20260911T122423Z/results/large/arc/train_predictions_semantic.npz,,"[1100, 1, 2, 16]",0.0,0.0,0.0,0.0,1025.0,0.9159964253798034,1119.0,0.0,4.0,0.0,4.0,0.0,0.0,1025.0,0.9159964253798034,1119.0,0.0,4.0,0.0,4.0,0.0,0.0,1025.0,0.9159964253798034,1119.0,0.0,4.0,0.0,4.0,0.0,0.0,,,,
full,large,arc,train,1119,old_scoring,False,train_in_sample_diagnostic,accuracy_only,semantic_lambda0.1_actions4,False,$DATA_DIR/P2_10_20260911T122423Z/results/large/arc/train_predictions_semantic.npz,,"[1118, 0, 1, 0]",0.0,0.0,0.0,0.0,1022.0,0.9133154602323503,1119.0,0.0,1.0,0.0,1.0,0.0,0.0,1022.0,0.9133154602323503,1119.0,0.0,1.0,0.0,1.0,0.0,0.0,1022.0,0.9133154602323503,1119.0,0.0,1.0,0.0,1.0,0.0,0.0,,,,
full,large,arc,train,1119,old_scoring,False,train_in_sample_diagnostic,accuracy_only,semantic_lambda0.3_actions4,False,$DATA_DIR/P2_10_20260911T122423Z/results/large/arc/train_predictions_semantic.npz,,"[1119, 0, 0, 0]",0.0,0.0,0.0,0.0,1021.0,0.9124218051831993,1119.0,0.0,0.0,0.0,0.0,0.0,0.0,1021.0,0.9124218051831993,1119.0,0.0,0.0,0.0,0.0,0.0,0.0,1021.0,0.9124218051831993,1119.0,0.0,0.0,0.0,0.0,0.0,0.0,,,,
full,large,arc,train,1119,old_scoring,False,train_in_sample_diagnostic,accuracy_only,semantic_lambda1_actions4,False,$DATA_DIR/P2_10_20260911T122423Z/results/large/arc/train_predictions_semantic.npz,,"[1119, 0, 0, 0]",0.0,0.0,0.0,0.0,1021.0,0.9124218051831993,1119.0,0.0,0.0,0.0,0.0,0.0,0.0,1021.0,0.9124218051831993,1119.0,0.0,0.0,0.0,0.0,0.0,0.0,1021.0,0.9124218051831993,1119.0,0.0,0.0,0.0,0.0,0.0,0.0,,,,
full,large,arc,train,1119,old_scoring,False,train_in_sample_diagnostic,accuracy_only,semantic_lambda3_actions4,False,$DATA_DIR/P2_10_20260911T122423Z/results/large/arc/train_predictions_semantic.npz,,"[1119, 0, 0, 0]",0.0,0.0,0.0,0.0,1021.0,0.9124218051831993,1119.0,0.0,0.0,0.0,0.0,0.0,0.0,1021.0,0.9124218051831993,1119.0,0.0,0.0,0.0,0.0,0.0,0.0,1021.0,0.9124218051831993,1119.0,0.0,0.0,0.0,0.0,0.0,0.0,,,,
full,large,arc,train,1119,old_scoring,False,train_in_sample_diagnostic,accuracy_only,train_frozen_mixture,False,$DATA_DIR/P2_10_20260911T122423Z/results/large/arc/train_mixture_receipt.json,"[0.9440197330402827, 0.05598026695971725, 0.0, 0.0]",,0.0,0.0,0.0,0.0,1021.8397040043958,0.9131722109065199,1119.0,0.0,1.567447474872083,0.7277434704763243,2.463131746227559,0.16794080087915175,0.0,1021.8397040043958,0.9131722109065199,1119.0,0.0,1.567447474872083,0.7277434704763243,2.463131746227559,0.16794080087915175,0.0,1021.8397040043958,0.9131722109065199,1119.0,0.0,1.567447474872083,0.7277434704763243,2.463131746227559,0.16794080087915175,0.0,,,,
panel,large,arc,train,256,old_scoring,False,train_in_sample_diagnostic,original_P2_10_same_job,R,False,fixed_action,,"[256, 0, 0, 0]",0.0,0.0,0.0,0.0,237.0,0.92578125,256.0,0.0,0.0,0.0,0.0,0.0,0.0,237.0,0.92578125,256.0,0.0,0.0,0.0,0.0,0.0,0.0,237.0,0.92578125,256.0,0.0,0.0,0.0,0.0,0.0,0.0,266.9407253203125,282.6167455,290.33882425,0.0
panel,large,arc,train,256,old_scoring,False,train_in_sample_diagnostic,original_P2_10_same_job,T,False,fixed_action,,"[0, 256, 0, 0]",0.0,0.0,0.0,0.0,240.0,0.9375,256.0,0.0,5.0,2.0,7.0,0.0,0.0,240.0,0.9375,256.0,0.0,5.0,2.0,7.0,0.0,0.0,240.0,0.9375,256.0,0.0,5.0,2.0,7.0,0.0,0.0,1027.675318667969,1025.7932234999998,1313.9004405,0.0
panel,large,arc,train,256,old_scoring,False,train_in_sample_diagnostic,original_P2_10_same_job,C,False,fixed_action,,"[0, 0, 256, 0]",12.0,0.0,0.0,0.0,224.0,0.875,242.0,14.0,4.0,17.0,24.0,3.0,14.0,236.0,0.921875,256.0,0.0,4.0,5.0,10.0,1.0,0.0,236.0,0.921875,256.0,0.0,4.0,5.0,10.0,1.0,0.0,425.3822844179688,378.8927125,712.60541375,0.0
panel,large,arc,train,256,old_scoring,False,train_in_sample_diagnostic,original_P2_10_same_job,A,False,fixed_action,,"[0, 0, 0, 256]",0.0,0.0,0.0,0.0,235.0,0.91796875,256.0,0.0,0.0,2.0,2.0,0.0,0.0,235.0,0.91796875,255.0,1.0,0.0,2.0,2.0,0.0,1.0,235.0,0.91796875,255.0,1.0,0.0,2.0,2.0,0.0,1.0,306.96571616015626,305.4884995,312.29603925,0.0
panel,large,arc,train,256,old_scoring,False,train_in_sample_diagnostic,original_P2_10_same_job,word_lambda0_actions3,False,$DATA_DIR/P2_10_20260911T122423Z/results/large/arc/train_predictions_word.npz,,"[24, 231, 1, 0]",0.0,0.0,0.0,0.0,243.0,0.94921875,256.0,0.0,6.0,0.0,6.0,0.0,0.0,243.0,0.94921875,256.0,0.0,6.0,0.0,6.0,0.0,0.0,243.0,0.94921875,256.0,0.0,6.0,0.0,6.0,0.0,0.0,963.5915583046874,1012.5850475,1314.84532,0.9579690937500001
panel,large,arc,train,256,old_scoring,False,train_in_sample_diagnostic,original_P2_10_same_job,word_lambda0.01_actions3,False,$DATA_DIR/P2_10_20260911T122423Z/results/large/arc/train_predictions_word.npz,,"[238, 16, 2, 0]",0.0,0.0,0.0,0.0,244.0,0.953125,256.0,0.0,7.0,0.0,7.0,0.0,0.0,244.0,0.953125,256.0,0.0,7.0,0.0,7.0,0.0,0.0,244.0,0.953125,256.0,0.0,7.0,0.0,7.0,0.0,0.0,308.8983080078125,283.8168905,720.9342145,0.9579690937500001
panel,large,arc,train,256,old_scoring,False,train_in_sample_diagnostic,original_P2_10_same_job,word_lambda0.03_actions3,False,$DATA_DIR/P2_10_20260911T122423Z/results/large/arc/train_predictions_word.npz,,"[250, 3, 3, 0]",0.0,0.0,0.0,0.0,243.0,0.94921875,256.0,0.0,6.0,0.0,6.0,0.0,0.0,243.0,0.94921875,256.0,0.0,6.0,0.0,6.0,0.0,0.0,243.0,0.94921875,256.0,0.0,6.0,0.0,6.0,0.0,0.0,276.37052373437496,283.54722499999997,291.52977975,0.9579690937500001
panel,large,arc,train,256,old_scoring,False,train_in_sample_diagnostic,original_P2_10_same_job,word_lambda0.1_actions3,False,$DATA_DIR/P2_10_20260911T122423Z/results/large/arc/train_predictions_word.npz,,"[254, 0, 2, 0]",0.0,0.0,0.0,0.0,239.0,0.93359375,256.0,0.0,2.0,0.0,2.0,0.0,0.0,239.0,0.93359375,256.0,0.0,2.0,0.0,2.0,0.0,0.0,239.0,0.93359375,256.0,0.0,2.0,0.0,2.0,0.0,0.0,268.18683344140624,283.51949049999996,291.325665,0.9579690937500001
panel,large,arc,train,256,old_scoring,False,train_in_sample_diagnostic,original_P2_10_same_job,word_lambda0.3_actions3,False,$DATA_DIR/P2_10_20260911T122423Z/results/large/arc/train_predictions_word.npz,,"[255, 0, 1, 0]",0.0,0.0,0.0,0.0,238.0,0.9296875,256.0,0.0,1.0,0.0,1.0,0.0,0.0,238.0,0.9296875,256.0,0.0,1.0,0.0,1.0,0.0,0.0,238.0,0.9296875,256.0,0.0,1.0,0.0,1.0,0.0,0.0,267.81083405078124,283.51949049999996,291.28407225,0.9579690937500001
panel,large,arc,train,256,old_scoring,False,train_in_sample_diagnostic,original_P2_10_same_job,word_lambda1_actions3,False,$DATA_DIR/P2_10_20260911T122423Z/results/large/arc/train_predictions_word.npz,,"[256, 0, 0, 0]",0.0,0.0,0.0,0.0,237.0,0.92578125,256.0,0.0,0.0,0.0,0.0,0.0,0.0,237.0,0.92578125,256.0,0.0,0.0,0.0,0.0,0.0,0.0,237.0,0.92578125,256.0,0.0,0.0,0.0,0.0,0.0,0.0,267.8986944140625,283.5388615,291.28407225,0.9579690937500001
panel,large,arc,train,256,old_scoring,False,train_in_sample_diagnostic,original_P2_10_same_job,word_lambda3_actions3,False,$DATA_DIR/P2_10_20260911T122423Z/results/large/arc/train_predictions_word.npz,,"[256, 0, 0, 0]",0.0,0.0,0.0,0.0,237.0,0.92578125,256.0,0.0,0.0,0.0,0.0,0.0,0.0,237.0,0.92578125,256.0,0.0,0.0,0.0,0.0,0.0,0.0,237.0,0.92578125,256.0,0.0,0.0,0.0,0.0,0.0,0.0,267.8986944140625,283.5388615,291.28407225,0.9579690937500001
panel,large,arc,train,256,old_scoring,False,train_in_sample_diagnostic,original_P2_10_same_job,word_lambda0_actions4,False,$DATA_DIR/P2_10_20260911T122423Z/results/large/arc/train_predictions_word.npz,,"[23, 231, 1, 1]",0.0,0.0,0.0,0.0,243.0,0.94921875,256.0,0.0,6.0,0.0,6.0,0.0,0.0,243.0,0.94921875,256.0,0.0,6.0,0.0,6.0,0.0,0.0,243.0,0.94921875,256.0,0.0,6.0,0.0,6.0,0.0,0.0,963.7202046210937,1012.6227545,1314.89005175,0.99704159765625
panel,large,arc,train,256,old_scoring,False,train_in_sample_diagnostic,original_P2_10_same_job,word_lambda0.01_actions4,True,$DATA_DIR/P2_10_20260911T122423Z/results/large/arc/train_predictions_word.npz,,"[233, 16, 2, 5]",0.0,0.0,0.0,0.0,244.0,0.953125,256.0,0.0,7.0,0.0,7.0,0.0,0.0,244.0,0.953125,256.0,0.0,7.0,0.0,7.0,0.0,0.0,244.0,0.953125,256.0,0.0,7.0,0.0,7.0,0.0,0.0,309.5268509414062,283.8963955,720.9599935,0.99704159765625
panel,large,arc,train,256,old_scoring,False,train_in_sample_diagnostic,original_P2_10_same_job,word_lambda0.03_actions4,False,$DATA_DIR/P2_10_20260911T122423Z/results/large/arc/train_predictions_word.npz,,"[250, 3, 3, 0]",0.0,0.0,0.0,0.0,243.0,0.94921875,256.0,0.0,6.0,0.0,6.0,0.0,0.0,243.0,0.94921875,256.0,0.0,6.0,0.0,6.0,0.0,0.0,243.0,0.94921875,256.0,0.0,6.0,0.0,6.0,0.0,0.0,276.4095962382812,283.5865905,291.568989,0.99704159765625
panel,large,arc,train,256,old_scoring,False,train_in_sample_diagnostic,original_P2_10_same_job,word_lambda0.1_actions4,False,$DATA_DIR/P2_10_20260911T122423Z/results/large/arc/train_predictions_word.npz,,"[254, 0, 2, 0]",0.0,0.0,0.0,0.0,239.0,0.93359375,256.0,0.0,2.0,0.0,2.0,0.0,0.0,239.0,0.93359375,256.0,0.0,2.0,0.0,2.0,0.0,0.0,239.0,0.93359375,256.0,0.0,2.0,0.0,2.0,0.0,0.0,268.2259059453125,283.5658585,291.36326024999994,0.99704159765625
panel,large,arc,train,256,old_scoring,False,train_in_sample_diagnostic,original_P2_10_same_job,word_lambda0.3_actions4,False,$DATA_DIR/P2_10_20260911T122423Z/results/large/arc/train_predictions_word.npz,,"[255, 0, 1, 0]",0.0,0.0,0.0,0.0,238.0,0.9296875,256.0,0.0,1.0,0.0,1.0,0.0,0.0,238.0,0.9296875,256.0,0.0,1.0,0.0,1.0,0.0,0.0,238.0,0.9296875,256.0,0.0,1.0,0.0,1.0,0.0,0.0,267.8499065546875,283.5658585,291.33357075,0.99704159765625
panel,large,arc,train,256,old_scoring,False,train_in_sample_diagnostic,original_P2_10_same_job,word_lambda1_actions4,False,$DATA_DIR/P2_10_20260911T122423Z/results/large/arc/train_predictions_word.npz,,"[256, 0, 0, 0]",0.0,0.0,0.0,0.0,237.0,0.92578125,256.0,0.0,0.0,0.0,0.0,0.0,0.0,237.0,0.92578125,256.0,0.0,0.0,0.0,0.0,0.0,0.0,237.0,0.92578125,256.0,0.0,0.0,0.0,0.0,0.0,0.0,267.9377669179687,283.5865905,291.33357075,0.99704159765625
panel,large,arc,train,256,old_scoring,False,train_in_sample_diagnostic,original_P2_10_same_job,word_lambda3_actions4,False,$DATA_DIR/P2_10_20260911T122423Z/results/large/arc/train_predictions_word.npz,,"[256, 0, 0, 0]",0.0,0.0,0.0,0.0,237.0,0.92578125,256.0,0.0,0.0,0.0,0.0,0.0,0.0,237.0,0.92578125,256.0,0.0,0.0,0.0,0.0,0.0,0.0,237.0,0.92578125,256.0,0.0,0.0,0.0,0.0,0.0,0.0,267.9377669179687,283.5865905,291.33357075,0.99704159765625
panel,large,arc,train,256,old_scoring,False,train_in_sample_diagnostic,original_P2_10_same_job,semantic_lambda0_actions3,False,$DATA_DIR/P2_10_20260911T122423Z/results/large/arc/train_predictions_semantic.npz,,"[16, 240, 0, 0]",0.0,0.0,0.0,0.0,240.0,0.9375,256.0,0.0,5.0,2.0,7.0,0.0,0.0,240.0,0.9375,256.0,0.0,5.0,2.0,7.0,0.0,0.0,240.0,0.9375,256.0,0.0,5.0,2.0,7.0,0.0,0.0,1003.4620683828125,1037.76035,1333.0513895000001,27.990059867187497
panel,large,arc,train,256,old_scoring,False,train_in_sample_diagnostic,original_P2_10_same_job,semantic_lambda0.01_actions3,False,$DATA_DIR/P2_10_20260911T122423Z/results/large/arc/train_predictions_semantic.npz,,"[236, 19, 1, 0]",0.0,0.0,0.0,0.0,242.0,0.9453125,256.0,0.0,5.0,0.0,5.0,0.0,0.0,242.0,0.9453125,256.0,0.0,5.0,0.0,5.0,0.0,0.0,242.0,0.9453125,256.0,0.0,5.0,0.0,5.0,0.0,0.0,349.00747161328127,310.96318399999996,984.9791292499999,27.990059867187497
panel,large,arc,train,256,old_scoring,False,train_in_sample_diagnostic,original_P2_10_same_job,semantic_lambda0.03_actions3,False,$DATA_DIR/P2_10_20260911T122423Z/results/large/arc/train_predictions_semantic.npz,,"[255, 0, 1, 0]",0.0,0.0,0.0,0.0,238.0,0.9296875,256.0,0.0,1.0,0.0,1.0,0.0,0.0,238.0,0.9296875,256.0,0.0,1.0,0.0,1.0,0.0,0.0,238.0,0.9296875,256.0,0.0,1.0,0.0,1.0,0.0,0.0,294.84292482421876,310.52734599999997,318.44674975,27.990059867187497
panel,large,arc,train,256,old_scoring,False,train_in_sample_diagnostic,original_P2_10_same_job,semantic_lambda0.1_actions3,False,$DATA_DIR/P2_10_20260911T122423Z/results/large/arc/train_predictions_semantic.npz,,"[255, 0, 1, 0]",0.0,0.0,0.0,0.0,238.0,0.9296875,256.0,0.0,1.0,0.0,1.0,0.0,0.0,238.0,0.9296875,256.0,0.0,1.0,0.0,1.0,0.0,0.0,238.0,0.9296875,256.0,0.0,1.0,0.0,1.0,0.0,0.0,294.84292482421876,310.52734599999997,318.44674975,27.990059867187497
panel,large,arc,train,256,old_scoring,False,train_in_sample_diagnostic,original_P2_10_same_job,semantic_lambda0.3_actions3,False,$DATA_DIR/P2_10_20260911T122423Z/results/large/arc/train_predictions_semantic.npz,,"[256, 0, 0, 0]",0.0,0.0,0.0,0.0,237.0,0.92578125,256.0,0.0,0.0,0.0,0.0,0.0,0.0,237.0,0.92578125,256.0,0.0,0.0,0.0,0.0,0.0,0.0,237.0,0.92578125,256.0,0.0,0.0,0.0,0.0,0.0,0.0,294.93078518749996,310.60314900000003,318.44674975,27.990059867187497
panel,large,arc,train,256,old_scoring,False,train_in_sample_diagnostic,original_P2_10_same_job,semantic_lambda1_actions3,False,$DATA_DIR/P2_10_20260911T122423Z/results/large/arc/train_predictions_semantic.npz,,"[256, 0, 0, 0]",0.0,0.0,0.0,0.0,237.0,0.92578125,256.0,0.0,0.0,0.0,0.0,0.0,0.0,237.0,0.92578125,256.0,0.0,0.0,0.0,0.0,0.0,0.0,237.0,0.92578125,256.0,0.0,0.0,0.0,0.0,0.0,0.0,294.93078518749996,310.60314900000003,318.44674975,27.990059867187497
panel,large,arc,train,256,old_scoring,False,train_in_sample_diagnostic,original_P2_10_same_job,semantic_lambda3_actions3,False,$DATA_DIR/P2_10_20260911T122423Z/results/large/arc/train_predictions_semantic.npz,,"[256, 0, 0, 0]",0.0,0.0,0.0,0.0,237.0,0.92578125,256.0,0.0,0.0,0.0,0.0,0.0,0.0,237.0,0.92578125,256.0,0.0,0.0,0.0,0.0,0.0,0.0,237.0,0.92578125,256.0,0.0,0.0,0.0,0.0,0.0,0.0,294.93078518749996,310.60314900000003,318.44674975,27.990059867187497
panel,large,arc,train,256,old_scoring,False,train_in_sample_diagnostic,original_P2_10_same_job,semantic_lambda0_actions4,False,$DATA_DIR/P2_10_20260911T122423Z/results/large/arc/train_predictions_semantic.npz,,"[14, 239, 0, 3]",0.0,0.0,0.0,0.0,240.0,0.9375,256.0,0.0,5.0,2.0,7.0,0.0,0.0,240.0,0.9375,256.0,0.0,5.0,2.0,7.0,0.0,0.0,240.0,0.9375,256.0,0.0,5.0,2.0,7.0,0.0,0.0,1001.015086078125,1037.747356,1333.00689975,27.873347656249997
panel,large,arc,train,256,old_scoring,False,train_in_sample_diagnostic,original_P2_10_same_job,semantic_lambda0.01_actions4,False,$DATA_DIR/P2_10_20260911T122423Z/results/large/arc/train_predictions_semantic.npz,,"[223, 17, 1, 15]",0.0,0.0,0.0,0.0,242.0,0.9453125,256.0,0.0,5.0,0.0,5.0,0.0,0.0,242.0,0.9453125,256.0,0.0,5.0,0.0,5.0,0.0,0.0,242.0,0.9453125,256.0,0.0,5.0,0.0,5.0,0.0,0.0,344.90953579296877,310.887219,912.01552225,27.873347656249997
panel,large,arc,train,256,old_scoring,False,train_in_sample_diagnostic,original_P2_10_same_job,semantic_lambda0.03_actions4,False,$DATA_DIR/P2_10_20260911T122423Z/results/large/arc/train_predictions_semantic.npz,,"[251, 0, 1, 4]",0.0,0.0,0.0,0.0,238.0,0.9296875,256.0,0.0,1.0,0.0,1.0,0.0,0.0,238.0,0.9296875,256.0,0.0,1.0,0.0,1.0,0.0,0.0,238.0,0.9296875,256.0,0.0,1.0,0.0,1.0,0.0,0.0,295.0701472539062,310.43042249999996,318.402515,27.873347656249997
panel,large,arc,train,256,old_scoring,False,train_in_sample_diagnostic,original_P2_10_same_job,semantic_lambda0.1_actions4,False,$DATA_DIR/P2_10_20260911T122423Z/results/large/arc/train_predictions_semantic.npz,,"[255, 0, 1, 0]",0.0,0.0,0.0,0.0,238.0,0.9296875,256.0,0.0,1.0,0.0,1.0,0.0,0.0,238.0,0.9296875,256.0,0.0,1.0,0.0,1.0,0.0,0.0,238.0,0.9296875,256.0,0.0,1.0,0.0,1.0,0.0,0.0,294.7262126132812,310.43042249999996,318.24891875000003,27.873347656249997
panel,large,arc,train,256,old_scoring,False,train_in_sample_diagnostic,original_P2_10_same_job,semantic_lambda0.3_actions4,False,$DATA_DIR/P2_10_20260911T122423Z/results/large/arc/train_predictions_semantic.npz,,"[256, 0, 0, 0]",0.0,0.0,0.0,0.0,237.0,0.92578125,256.0,0.0,0.0,0.0,0.0,0.0,0.0,237.0,0.92578125,256.0,0.0,0.0,0.0,0.0,0.0,0.0,237.0,0.92578125,256.0,0.0,0.0,0.0,0.0,0.0,0.0,294.81407297656244,310.5464515,318.24891875000003,27.873347656249997
panel,large,arc,train,256,old_scoring,False,train_in_sample_diagnostic,original_P2_10_same_job,semantic_lambda1_actions4,False,$DATA_DIR/P2_10_20260911T122423Z/results/large/arc/train_predictions_semantic.npz,,"[256, 0, 0, 0]",0.0,0.0,0.0,0.0,237.0,0.92578125,256.0,0.0,0.0,0.0,0.0,0.0,0.0,237.0,0.92578125,256.0,0.0,0.0,0.0,0.0,0.0,0.0,237.0,0.92578125,256.0,0.0,0.0,0.0,0.0,0.0,0.0,294.81407297656244,310.5464515,318.24891875000003,27.873347656249997
panel,large,arc,train,256,old_scoring,False,train_in_sample_diagnostic,original_P2_10_same_job,semantic_lambda3_actions4,False,$DATA_DIR/P2_10_20260911T122423Z/results/large/arc/train_predictions_semantic.npz,,"[256, 0, 0, 0]",0.0,0.0,0.0,0.0,237.0,0.92578125,256.0,0.0,0.0,0.0,0.0,0.0,0.0,237.0,0.92578125,256.0,0.0,0.0,0.0,0.0,0.0,0.0,237.0,0.92578125,256.0,0.0,0.0,0.0,0.0,0.0,0.0,294.81407297656244,310.5464515,318.24891875000003,27.873347656249997
panel,large,arc,train,256,old_scoring,False,train_in_sample_diagnostic,original_P2_10_same_job,train_frozen_mixture,False,$DATA_DIR/P2_10_20260911T122423Z/results/large/arc/train_mixture_receipt.json,"[0.9440197330402827, 0.05598026695971725, 0.0, 0.0]",,0.0,0.0,0.0,0.0,237.16794080087914,0.9264372687534341,256.0000000000001,0.0,0.27990133479858625,0.1119605339194345,0.39186186871802076,0.0,0.0,237.16794080087914,0.9264372687534341,256.0000000000001,0.0,0.27990133479858625,0.1119605339194345,0.39186186871802076,0.0,0.0,237.16794080087914,0.9264372687534341,256.0000000000001,0.0,0.27990133479858625,0.1119605339194345,0.39186186871802076,0.0,0.0,309.5268509414063,315.3026250873867,339.89506637175566,0.0
full,large,arc,validation,299,old_scoring,False,previously_exposed_development,accuracy_only,R,False,fixed_action,,"[299, 0, 0, 0]",0.0,0.0,0.0,0.0,268.0,0.8963210702341137,299.0,0.0,0.0,0.0,0.0,0.0,0.0,268.0,0.8963210702341137,299.0,0.0,0.0,0.0,0.0,0.0,0.0,268.0,0.8963210702341137,299.0,0.0,0.0,0.0,0.0,0.0,0.0,,,,
full,large,arc,validation,299,old_scoring,False,previously_exposed_development,accuracy_only,T,False,fixed_action,,"[0, 299, 0, 0]",0.0,0.0,0.0,0.0,274.0,0.9163879598662207,299.0,0.0,10.0,4.0,15.0,1.0,0.0,274.0,0.9163879598662207,299.0,0.0,10.0,4.0,15.0,1.0,0.0,274.0,0.9163879598662207,299.0,0.0,10.0,4.0,15.0,1.0,0.0,,,,
full,large,arc,validation,299,old_scoring,False,previously_exposed_development,accuracy_only,C,False,fixed_action,,"[0, 0, 299, 0]",11.0,0.0,0.0,0.0,255.0,0.8528428093645485,287.0,12.0,4.0,17.0,23.0,2.0,12.0,266.0,0.8896321070234113,299.0,0.0,4.0,6.0,12.0,2.0,0.0,266.0,0.8896321070234113,299.0,0.0,4.0,6.0,12.0,2.0,0.0,,,,
full,large,arc,validation,299,old_scoring,False,previously_exposed_development,accuracy_only,A,False,fixed_action,,"[0, 0, 0, 299]",0.0,0.0,0.0,0.0,269.0,0.8996655518394648,299.0,0.0,1.0,0.0,1.0,0.0,0.0,269.0,0.8996655518394648,299.0,0.0,1.0,0.0,1.0,0.0,0.0,269.0,0.8996655518394648,299.0,0.0,1.0,0.0,1.0,0.0,0.0,,,,
full,large,arc,validation,299,old_scoring,False,previously_exposed_development,accuracy_only,word_lambda0_actions3,False,$DATA_DIR/P2_10_20260911T122423Z/results/large/arc/dev_predictions_word.npz,,"[20, 279, 0, 0]",0.0,0.0,0.0,0.0,275.0,0.919732441471572,299.0,0.0,10.0,3.0,14.0,1.0,0.0,275.0,0.919732441471572,299.0,0.0,10.0,3.0,14.0,1.0,0.0,275.0,0.919732441471572,299.0,0.0,10.0,3.0,14.0,1.0,0.0,,,,
full,large,arc,validation,299,old_scoring,False,previously_exposed_development,accuracy_only,word_lambda0.01_actions3,False,$DATA_DIR/P2_10_20260911T122423Z/results/large/arc/dev_predictions_word.npz,,"[271, 28, 0, 0]",0.0,0.0,0.0,0.0,269.0,0.8996655518394648,299.0,0.0,1.0,0.0,1.0,0.0,0.0,269.0,0.8996655518394648,299.0,0.0,1.0,0.0,1.0,0.0,0.0,269.0,0.8996655518394648,299.0,0.0,1.0,0.0,1.0,0.0,0.0,,,,
full,large,arc,validation,299,old_scoring,False,previously_exposed_development,accuracy_only,word_lambda0.03_actions3,False,$DATA_DIR/P2_10_20260911T122423Z/results/large/arc/dev_predictions_word.npz,,"[299, 0, 0, 0]",0.0,0.0,0.0,0.0,268.0,0.8963210702341137,299.0,0.0,0.0,0.0,0.0,0.0,0.0,268.0,0.8963210702341137,299.0,0.0,0.0,0.0,0.0,0.0,0.0,268.0,0.8963210702341137,299.0,0.0,0.0,0.0,0.0,0.0,0.0,,,,
full,large,arc,validation,299,old_scoring,False,previously_exposed_development,accuracy_only,word_lambda0.1_actions3,False,$DATA_DIR/P2_10_20260911T122423Z/results/large/arc/dev_predictions_word.npz,,"[299, 0, 0, 0]",0.0,0.0,0.0,0.0,268.0,0.8963210702341137,299.0,0.0,0.0,0.0,0.0,0.0,0.0,268.0,0.8963210702341137,299.0,0.0,0.0,0.0,0.0,0.0,0.0,268.0,0.8963210702341137,299.0,0.0,0.0,0.0,0.0,0.0,0.0,,,,
full,large,arc,validation,299,old_scoring,False,previously_exposed_development,accuracy_only,word_lambda0.3_actions3,False,$DATA_DIR/P2_10_20260911T122423Z/results/large/arc/dev_predictions_word.npz,,"[299, 0, 0, 0]",0.0,0.0,0.0,0.0,268.0,0.8963210702341137,299.0,0.0,0.0,0.0,0.0,0.0,0.0,268.0,0.8963210702341137,299.0,0.0,0.0,0.0,0.0,0.0,0.0,268.0,0.8963210702341137,299.0,0.0,0.0,0.0,0.0,0.0,0.0,,,,
full,large,arc,validation,299,old_scoring,False,previously_exposed_development,accuracy_only,word_lambda1_actions3,False,$DATA_DIR/P2_10_20260911T122423Z/results/large/arc/dev_predictions_word.npz,,"[299, 0, 0, 0]",0.0,0.0,0.0,0.0,268.0,0.8963210702341137,299.0,0.0,0.0,0.0,0.0,0.0,0.0,268.0,0.8963210702341137,299.0,0.0,0.0,0.0,0.0,0.0,0.0,268.0,0.8963210702341137,299.0,0.0,0.0,0.0,0.0,0.0,0.0,,,,
full,large,arc,validation,299,old_scoring,False,previously_exposed_development,accuracy_only,word_lambda3_actions3,False,$DATA_DIR/P2_10_20260911T122423Z/results/large/arc/dev_predictions_word.npz,,"[299, 0, 0, 0]",0.0,0.0,0.0,0.0,268.0,0.8963210702341137,299.0,0.0,0.0,0.0,0.0,0.0,0.0,268.0,0.8963210702341137,299.0,0.0,0.0,0.0,0.0,0.0,0.0,268.0,0.8963210702341137,299.0,0.0,0.0,0.0,0.0,0.0,0.0,,,,
full,large,arc,validation,299,old_scoring,False,previously_exposed_development,accuracy_only,word_lambda0_actions4,False,$DATA_DIR/P2_10_20260911T122423Z/results/large/arc/dev_predictions_word.npz,,"[15, 279, 0, 5]",0.0,0.0,0.0,0.0,275.0,0.919732441471572,299.0,0.0,10.0,3.0,14.0,1.0,0.0,275.0,0.919732441471572,299.0,0.0,10.0,3.0,14.0,1.0,0.0,275.0,0.919732441471572,299.0,0.0,10.0,3.0,14.0,1.0,0.0,,,,
full,large,arc,validation,299,old_scoring,False,previously_exposed_development,accuracy_only,word_lambda0.01_actions4,True,$DATA_DIR/P2_10_20260911T122423Z/results/large/arc/dev_predictions_word.npz,,"[258, 28, 0, 13]",0.0,0.0,0.0,0.0,269.0,0.8996655518394648,299.0,0.0,1.0,0.0,1.0,0.0,0.0,269.0,0.8996655518394648,299.0,0.0,1.0,0.0,1.0,0.0,0.0,269.0,0.8996655518394648,299.0,0.0,1.0,0.0,1.0,0.0,0.0,,,,
full,large,arc,validation,299,old_scoring,False,previously_exposed_development,accuracy_only,word_lambda0.03_actions4,False,$DATA_DIR/P2_10_20260911T122423Z/results/large/arc/dev_predictions_word.npz,,"[293, 0, 0, 6]",0.0,0.0,0.0,0.0,268.0,0.8963210702341137,299.0,0.0,0.0,0.0,0.0,0.0,0.0,268.0,0.8963210702341137,299.0,0.0,0.0,0.0,0.0,0.0,0.0,268.0,0.8963210702341137,299.0,0.0,0.0,0.0,0.0,0.0,0.0,,,,
full,large,arc,validation,299,old_scoring,False,previously_exposed_development,accuracy_only,word_lambda0.1_actions4,False,$DATA_DIR/P2_10_20260911T122423Z/results/large/arc/dev_predictions_word.npz,,"[299, 0, 0, 0]",0.0,0.0,0.0,0.0,268.0,0.8963210702341137,299.0,0.0,0.0,0.0,0.0,0.0,0.0,268.0,0.8963210702341137,299.0,0.0,0.0,0.0,0.0,0.0,0.0,268.0,0.8963210702341137,299.0,0.0,0.0,0.0,0.0,0.0,0.0,,,,
full,large,arc,validation,299,old_scoring,False,previously_exposed_development,accuracy_only,word_lambda0.3_actions4,False,$DATA_DIR/P2_10_20260911T122423Z/results/large/arc/dev_predictions_word.npz,,"[299, 0, 0, 0]",0.0,0.0,0.0,0.0,268.0,0.8963210702341137,299.0,0.0,0.0,0.0,0.0,0.0,0.0,268.0,0.8963210702341137,299.0,0.0,0.0,0.0,0.0,0.0,0.0,268.0,0.8963210702341137,299.0,0.0,0.0,0.0,0.0,0.0,0.0,,,,
full,large,arc,validation,299,old_scoring,False,previously_exposed_development,accuracy_only,word_lambda1_actions4,False,$DATA_DIR/P2_10_20260911T122423Z/results/large/arc/dev_predictions_word.npz,,"[299, 0, 0, 0]",0.0,0.0,0.0,0.0,268.0,0.8963210702341137,299.0,0.0,0.0,0.0,0.0,0.0,0.0,268.0,0.8963210702341137,299.0,0.0,0.0,0.0,0.0,0.0,0.0,268.0,0.8963210702341137,299.0,0.0,0.0,0.0,0.0,0.0,0.0,,,,
full,large,arc,validation,299,old_scoring,False,previously_exposed_development,accuracy_only,word_lambda3_actions4,False,$DATA_DIR/P2_10_20260911T122423Z/results/large/arc/dev_predictions_word.npz,,"[299, 0, 0, 0]",0.0,0.0,0.0,0.0,268.0,0.8963210702341137,299.0,0.0,0.0,0.0,0.0,0.0,0.0,268.0,0.8963210702341137,299.0,0.0,0.0,0.0,0.0,0.0,0.0,268.0,0.8963210702341137,299.0,0.0,0.0,0.0,0.0,0.0,0.0,,,,
full,large,arc,validation,299,old_scoring,False,previously_exposed_development,accuracy_only,semantic_lambda0_actions3,False,$DATA_DIR/P2_10_20260911T122423Z/results/large/arc/dev_predictions_semantic.npz,,"[21, 276, 2, 0]",0.0,0.0,0.0,0.0,273.0,0.9130434782608695,299.0,0.0,9.0,4.0,14.0,1.0,0.0,273.0,0.9130434782608695,299.0,0.0,9.0,4.0,14.0,1.0,0.0,273.0,0.9130434782608695,299.0,0.0,9.0,4.0,14.0,1.0,0.0,,,,
full,large,arc,validation,299,old_scoring,False,previously_exposed_development,accuracy_only,semantic_lambda0.01_actions3,False,$DATA_DIR/P2_10_20260911T122423Z/results/large/arc/dev_predictions_semantic.npz,,"[260, 35, 4, 0]",0.0,0.0,0.0,0.0,269.0,0.8996655518394648,299.0,0.0,2.0,1.0,3.0,0.0,0.0,269.0,0.8996655518394648,299.0,0.0,2.0,1.0,3.0,0.0,0.0,269.0,0.8996655518394648,299.0,0.0,2.0,1.0,3.0,0.0,0.0,,,,
full,large,arc,validation,299,old_scoring,False,previously_exposed_development,accuracy_only,semantic_lambda0.03_actions3,False,$DATA_DIR/P2_10_20260911T122423Z/results/large/arc/dev_predictions_semantic.npz,,"[298, 0, 1, 0]",0.0,0.0,0.0,0.0,268.0,0.8963210702341137,299.0,0.0,0.0,0.0,0.0,0.0,0.0,268.0,0.8963210702341137,299.0,0.0,0.0,0.0,0.0,0.0,0.0,268.0,0.8963210702341137,299.0,0.0,0.0,0.0,0.0,0.0,0.0,,,,
full,large,arc,validation,299,old_scoring,False,previously_exposed_development,accuracy_only,semantic_lambda0.1_actions3,False,$DATA_DIR/P2_10_20260911T122423Z/results/large/arc/dev_predictions_semantic.npz,,"[299, 0, 0, 0]",0.0,0.0,0.0,0.0,268.0,0.8963210702341137,299.0,0.0,0.0,0.0,0.0,0.0,0.0,268.0,0.8963210702341137,299.0,0.0,0.0,0.0,0.0,0.0,0.0,268.0,0.8963210702341137,299.0,0.0,0.0,0.0,0.0,0.0,0.0,,,,
full,large,arc,validation,299,old_scoring,False,previously_exposed_development,accuracy_only,semantic_lambda0.3_actions3,False,$DATA_DIR/P2_10_20260911T122423Z/results/large/arc/dev_predictions_semantic.npz,,"[299, 0, 0, 0]",0.0,0.0,0.0,0.0,268.0,0.8963210702341137,299.0,0.0,0.0,0.0,0.0,0.0,0.0,268.0,0.8963210702341137,299.0,0.0,0.0,0.0,0.0,0.0,0.0,268.0,0.8963210702341137,299.0,0.0,0.0,0.0,0.0,0.0,0.0,,,,
full,large,arc,validation,299,old_scoring,False,previously_exposed_development,accuracy_only,semantic_lambda1_actions3,False,$DATA_DIR/P2_10_20260911T122423Z/results/large/arc/dev_predictions_semantic.npz,,"[299, 0, 0, 0]",0.0,0.0,0.0,0.0,268.0,0.8963210702341137,299.0,0.0,0.0,0.0,0.0,0.0,0.0,268.0,0.8963210702341137,299.0,0.0,0.0,0.0,0.0,0.0,0.0,268.0,0.8963210702341137,299.0,0.0,0.0,0.0,0.0,0.0,0.0,,,,
full,large,arc,validation,299,old_scoring,False,previously_exposed_development,accuracy_only,semantic_lambda3_actions3,False,$DATA_DIR/P2_10_20260911T122423Z/results/large/arc/dev_predictions_semantic.npz,,"[299, 0, 0, 0]",0.0,0.0,0.0,0.0,268.0,0.8963210702341137,299.0,0.0,0.0,0.0,0.0,0.0,0.0,268.0,0.8963210702341137,299.0,0.0,0.0,0.0,0.0,0.0,0.0,268.0,0.8963210702341137,299.0,0.0,0.0,0.0,0.0,0.0,0.0,,,,
full,large,arc,validation,299,old_scoring,False,previously_exposed_development,accuracy_only,semantic_lambda0_actions4,False,$DATA_DIR/P2_10_20260911T122423Z/results/large/arc/dev_predictions_semantic.npz,,"[19, 275, 2, 3]",0.0,0.0,0.0,0.0,273.0,0.9130434782608695,299.0,0.0,9.0,4.0,14.0,1.0,0.0,273.0,0.9130434782608695,299.0,0.0,9.0,4.0,14.0,1.0,0.0,273.0,0.9130434782608695,299.0,0.0,9.0,4.0,14.0,1.0,0.0,,,,
full,large,arc,validation,299,old_scoring,False,previously_exposed_development,accuracy_only,semantic_lambda0.01_actions4,False,$DATA_DIR/P2_10_20260911T122423Z/results/large/arc/dev_predictions_semantic.npz,,"[245, 34, 4, 16]",0.0,0.0,0.0,0.0,269.0,0.8996655518394648,299.0,0.0,2.0,1.0,3.0,0.0,0.0,269.0,0.8996655518394648,299.0,0.0,2.0,1.0,3.0,0.0,0.0,269.0,0.8996655518394648,299.0,0.0,2.0,1.0,3.0,0.0,0.0,,,,
full,large,arc,validation,299,old_scoring,False,previously_exposed_development,accuracy_only,semantic_lambda0.03_actions4,False,$DATA_DIR/P2_10_20260911T122423Z/results/large/arc/dev_predictions_semantic.npz,,"[294, 0, 1, 4]",0.0,0.0,0.0,0.0,268.0,0.8963210702341137,299.0,0.0,0.0,0.0,0.0,0.0,0.0,268.0,0.8963210702341137,299.0,0.0,0.0,0.0,0.0,0.0,0.0,268.0,0.8963210702341137,299.0,0.0,0.0,0.0,0.0,0.0,0.0,,,,
full,large,arc,validation,299,old_scoring,False,previously_exposed_development,accuracy_only,semantic_lambda0.1_actions4,False,$DATA_DIR/P2_10_20260911T122423Z/results/large/arc/dev_predictions_semantic.npz,,"[299, 0, 0, 0]",0.0,0.0,0.0,0.0,268.0,0.8963210702341137,299.0,0.0,0.0,0.0,0.0,0.0,0.0,268.0,0.8963210702341137,299.0,0.0,0.0,0.0,0.0,0.0,0.0,268.0,0.8963210702341137,299.0,0.0,0.0,0.0,0.0,0.0,0.0,,,,
full,large,arc,validation,299,old_scoring,False,previously_exposed_development,accuracy_only,semantic_lambda0.3_actions4,False,$DATA_DIR/P2_10_20260911T122423Z/results/large/arc/dev_predictions_semantic.npz,,"[299, 0, 0, 0]",0.0,0.0,0.0,0.0,268.0,0.8963210702341137,299.0,0.0,0.0,0.0,0.0,0.0,0.0,268.0,0.8963210702341137,299.0,0.0,0.0,0.0,0.0,0.0,0.0,268.0,0.8963210702341137,299.0,0.0,0.0,0.0,0.0,0.0,0.0,,,,
full,large,arc,validation,299,old_scoring,False,previously_exposed_development,accuracy_only,semantic_lambda1_actions4,False,$DATA_DIR/P2_10_20260911T122423Z/results/large/arc/dev_predictions_semantic.npz,,"[299, 0, 0, 0]",0.0,0.0,0.0,0.0,268.0,0.8963210702341137,299.0,0.0,0.0,0.0,0.0,0.0,0.0,268.0,0.8963210702341137,299.0,0.0,0.0,0.0,0.0,0.0,0.0,268.0,0.8963210702341137,299.0,0.0,0.0,0.0,0.0,0.0,0.0,,,,
full,large,arc,validation,299,old_scoring,False,previously_exposed_development,accuracy_only,semantic_lambda3_actions4,False,$DATA_DIR/P2_10_20260911T122423Z/results/large/arc/dev_predictions_semantic.npz,,"[299, 0, 0, 0]",0.0,0.0,0.0,0.0,268.0,0.8963210702341137,299.0,0.0,0.0,0.0,0.0,0.0,0.0,268.0,0.8963210702341137,299.0,0.0,0.0,0.0,0.0,0.0,0.0,268.0,0.8963210702341137,299.0,0.0,0.0,0.0,0.0,0.0,0.0,,,,
full,large,arc,validation,299,old_scoring,False,previously_exposed_development,accuracy_only,train_frozen_mixture,False,$DATA_DIR/P2_10_20260911T122423Z/results/large/arc/train_mixture_receipt.json,"[0.9440197330402827, 0.05598026695971725, 0.0, 0.0]",,0.0,0.0,0.0,0.0,268.3358816017583,0.8974444200727701,299.0,0.0,0.5598026695971725,0.223921067838869,0.8397040043957588,0.05598026695971725,0.0,268.3358816017583,0.8974444200727701,299.0,0.0,0.5598026695971725,0.223921067838869,0.8397040043957588,0.05598026695971725,0.0,268.3358816017583,0.8974444200727701,299.0,0.0,0.5598026695971725,0.223921067838869,0.8397040043957588,0.05598026695971725,0.0,,,,
panel,large,arc,validation,128,old_scoring,False,previously_exposed_development,original_P2_10_same_job,R,False,fixed_action,,"[128, 0, 0, 0]",0.0,0.0,0.0,0.0,115.0,0.8984375,128.0,0.0,0.0,0.0,0.0,0.0,0.0,115.0,0.8984375,128.0,0.0,0.0,0.0,0.0,0.0,0.0,115.0,0.8984375,128.0,0.0,0.0,0.0,0.0,0.0,0.0,266.6171222734375,248.049779,288.28270695,0.0
panel,large,arc,validation,128,old_scoring,False,previously_exposed_development,original_P2_10_same_job,T,False,fixed_action,,"[0, 128, 0, 0]",0.0,0.0,0.0,0.0,117.0,0.9140625,128.0,0.0,4.0,2.0,7.0,1.0,0.0,117.0,0.9140625,128.0,0.0,4.0,2.0,7.0,1.0,0.0,117.0,0.9140625,128.0,0.0,4.0,2.0,7.0,1.0,0.0,1060.6606055078125,1051.5832110000001,1349.4358724499991,0.0
panel,large,arc,validation,128,old_scoring,False,previously_exposed_development,original_P2_10_same_job,C,False,fixed_action,,"[0, 0, 128, 0]",5.0,0.0,0.0,0.0,109.0,0.8515625,122.0,6.0,3.0,9.0,13.0,1.0,6.0,114.0,0.890625,128.0,0.0,3.0,4.0,8.0,1.0,0.0,114.0,0.890625,128.0,0.0,3.0,4.0,8.0,1.0,0.0,422.5938222109375,382.12356850000003,706.6758634,0.0
panel,large,arc,validation,128,old_scoring,False,previously_exposed_development,original_P2_10_same_job,A,False,fixed_action,,"[0, 0, 0, 128]",0.0,0.0,0.0,0.0,115.0,0.8984375,128.0,0.0,0.0,0.0,0.0,0.0,0.0,115.0,0.8984375,128.0,0.0,0.0,0.0,0.0,0.0,0.0,115.0,0.8984375,128.0,0.0,0.0,0.0,0.0,0.0,0.0,297.05600934375,308.6657735,310.9999161,0.0
panel,large,arc,validation,128,old_scoring,False,previously_exposed_development,original_P2_10_same_job,word_lambda0_actions3,False,$DATA_DIR/P2_10_20260911T122423Z/results/large/arc/dev_predictions_word.npz,,"[9, 119, 0, 0]",0.0,0.0,0.0,0.0,118.0,0.921875,128.0,0.0,4.0,1.0,6.0,1.0,0.0,118.0,0.921875,128.0,0.0,4.0,1.0,6.0,1.0,0.0,118.0,0.921875,128.0,0.0,4.0,1.0,6.0,1.0,0.0,997.87405396875,1027.225154,1291.5279173499998,1.2380402031249997
panel,large,arc,validation,128,old_scoring,False,previously_exposed_development,original_P2_10_same_job,word_lambda0.01_actions3,False,$DATA_DIR/P2_10_20260911T122423Z/results/large/arc/dev_predictions_word.npz,,"[121, 7, 0, 0]",0.0,0.0,0.0,0.0,115.0,0.8984375,128.0,0.0,0.0,0.0,0.0,0.0,0.0,115.0,0.8984375,128.0,0.0,0.0,0.0,0.0,0.0,0.0,115.0,0.8984375,128.0,0.0,0.0,0.0,0.0,0.0,0.0,305.76945285937506,287.23932349999995,566.9639683999964,1.2380402031249997
panel,large,arc,validation,128,old_scoring,False,previously_exposed_development,original_P2_10_same_job,word_lambda0.03_actions3,False,$DATA_DIR/P2_10_20260911T122423Z/results/large/arc/dev_predictions_word.npz,,"[128, 0, 0, 0]",0.0,0.0,0.0,0.0,115.0,0.8984375,128.0,0.0,0.0,0.0,0.0,0.0,0.0,115.0,0.8984375,128.0,0.0,0.0,0.0,0.0,0.0,0.0,115.0,0.8984375,128.0,0.0,0.0,0.0,0.0,0.0,0.0,267.8551624765625,249.273019,289.58452259999996,1.2380402031249997
panel,large,arc,validation,128,old_scoring,False,previously_exposed_development,original_P2_10_same_job,word_lambda0.1_actions3,False,$DATA_DIR/P2_10_20260911T122423Z/results/large/arc/dev_predictions_word.npz,,"[128, 0, 0, 0]",0.0,0.0,0.0,0.0,115.0,0.8984375,128.0,0.0,0.0,0.0,0.0,0.0,0.0,115.0,0.8984375,128.0,0.0,0.0,0.0,0.0,0.0,0.0,115.0,0.8984375,128.0,0.0,0.0,0.0,0.0,0.0,0.0,267.8551624765625,249.273019,289.58452259999996,1.2380402031249997
panel,large,arc,validation,128,old_scoring,False,previously_exposed_development,original_P2_10_same_job,word_lambda0.3_actions3,False,$DATA_DIR/P2_10_20260911T122423Z/results/large/arc/dev_predictions_word.npz,,"[128, 0, 0, 0]",0.0,0.0,0.0,0.0,115.0,0.8984375,128.0,0.0,0.0,0.0,0.0,0.0,0.0,115.0,0.8984375,128.0,0.0,0.0,0.0,0.0,0.0,0.0,115.0,0.8984375,128.0,0.0,0.0,0.0,0.0,0.0,0.0,267.8551624765625,249.273019,289.58452259999996,1.2380402031249997
panel,large,arc,validation,128,old_scoring,False,previously_exposed_development,original_P2_10_same_job,word_lambda1_actions3,False,$DATA_DIR/P2_10_20260911T122423Z/results/large/arc/dev_predictions_word.npz,,"[128, 0, 0, 0]",0.0,0.0,0.0,0.0,115.0,0.8984375,128.0,0.0,0.0,0.0,0.0,0.0,0.0,115.0,0.8984375,128.0,0.0,0.0,0.0,0.0,0.0,0.0,115.0,0.8984375,128.0,0.0,0.0,0.0,0.0,0.0,0.0,267.8551624765625,249.273019,289.58452259999996,1.2380402031249997
panel,large,arc,validation,128,old_scoring,False,previously_exposed_development,original_P2_10_same_job,word_lambda3_actions3,False,$DATA_DIR/P2_10_20260911T122423Z/results/large/arc/dev_predictions_word.npz,,"[128, 0, 0, 0]",0.0,0.0,0.0,0.0,115.0,0.8984375,128.0,0.0,0.0,0.0,0.0,0.0,0.0,115.0,0.8984375,128.0,0.0,0.0,0.0,0.0,0.0,0.0,115.0,0.8984375,128.0,0.0,0.0,0.0,0.0,0.0,0.0,267.8551624765625,249.273019,289.58452259999996,1.2380402031249997
panel,large,arc,validation,128,old_scoring,False,previously_exposed_development,original_P2_10_same_job,word_lambda0_actions4,False,$DATA_DIR/P2_10_20260911T122423Z/results/large/arc/dev_predictions_word.npz,,"[7, 119, 0, 2]",0.0,0.0,0.0,0.0,118.0,0.921875,128.0,0.0,4.0,1.0,6.0,1.0,0.0,118.0,0.921875,128.0,0.0,4.0,1.0,6.0,1.0,0.0,118.0,0.921875,128.0,0.0,4.0,1.0,6.0,1.0,0.0,997.991731375,1026.9972835,1291.23888135,1.0157270546875
panel,large,arc,validation,128,old_scoring,False,previously_exposed_development,original_P2_10_same_job,word_lambda0.01_actions4,True,$DATA_DIR/P2_10_20260911T122423Z/results/large/arc/dev_predictions_word.npz,,"[117, 7, 0, 4]",0.0,0.0,0.0,0.0,115.0,0.8984375,128.0,0.0,0.0,0.0,0.0,0.0,0.0,115.0,0.8984375,128.0,0.0,0.0,0.0,0.0,0.0,0.0,115.0,0.8984375,128.0,0.0,0.0,0.0,0.0,0.0,0.0,306.559253328125,287.0512185,573.8986730499965,1.0157270546875
panel,large,arc,validation,128,old_scoring,False,previously_exposed_development,original_P2_10_same_job,word_lambda0.03_actions4,False,$DATA_DIR/P2_10_20260911T122423Z/results/large/arc/dev_predictions_word.npz,,"[127, 0, 0, 1]",0.0,0.0,0.0,0.0,115.0,0.8984375,128.0,0.0,0.0,0.0,0.0,0.0,0.0,115.0,0.8984375,128.0,0.0,0.0,0.0,0.0,0.0,0.0,115.0,0.8984375,128.0,0.0,0.0,0.0,0.0,0.0,0.0,268.1251030546875,267.94516450000003,289.3400148,1.0157270546875
panel,large,arc,validation,128,old_scoring,False,previously_exposed_development,original_P2_10_same_job,word_lambda0.1_actions4,False,$DATA_DIR/P2_10_20260911T122423Z/results/large/arc/dev_predictions_word.npz,,"[128, 0, 0, 0]",0.0,0.0,0.0,0.0,115.0,0.8984375,128.0,0.0,0.0,0.0,0.0,0.0,0.0,115.0,0.8984375,128.0,0.0,0.0,0.0,0.0,0.0,0.0,115.0,0.8984375,128.0,0.0,0.0,0.0,0.0,0.0,0.0,267.632849328125,249.0470525,289.2844505,1.0157270546875
panel,large,arc,validation,128,old_scoring,False,previously_exposed_development,original_P2_10_same_job,word_lambda0.3_actions4,False,$DATA_DIR/P2_10_20260911T122423Z/results/large/arc/dev_predictions_word.npz,,"[128, 0, 0, 0]",0.0,0.0,0.0,0.0,115.0,0.8984375,128.0,0.0,0.0,0.0,0.0,0.0,0.0,115.0,0.8984375,128.0,0.0,0.0,0.0,0.0,0.0,0.0,115.0,0.8984375,128.0,0.0,0.0,0.0,0.0,0.0,0.0,267.632849328125,249.0470525,289.2844505,1.0157270546875
panel,large,arc,validation,128,old_scoring,False,previously_exposed_development,original_P2_10_same_job,word_lambda1_actions4,False,$DATA_DIR/P2_10_20260911T122423Z/results/large/arc/dev_predictions_word.npz,,"[128, 0, 0, 0]",0.0,0.0,0.0,0.0,115.0,0.8984375,128.0,0.0,0.0,0.0,0.0,0.0,0.0,115.0,0.8984375,128.0,0.0,0.0,0.0,0.0,0.0,0.0,115.0,0.8984375,128.0,0.0,0.0,0.0,0.0,0.0,0.0,267.632849328125,249.0470525,289.2844505,1.0157270546875
panel,large,arc,validation,128,old_scoring,False,previously_exposed_development,original_P2_10_same_job,word_lambda3_actions4,False,$DATA_DIR/P2_10_20260911T122423Z/results/large/arc/dev_predictions_word.npz,,"[128, 0, 0, 0]",0.0,0.0,0.0,0.0,115.0,0.8984375,128.0,0.0,0.0,0.0,0.0,0.0,0.0,115.0,0.8984375,128.0,0.0,0.0,0.0,0.0,0.0,0.0,115.0,0.8984375,128.0,0.0,0.0,0.0,0.0,0.0,0.0,267.632849328125,249.0470525,289.2844505,1.0157270546875
panel,large,arc,validation,128,old_scoring,False,previously_exposed_development,original_P2_10_same_job,semantic_lambda0_actions3,False,$DATA_DIR/P2_10_20260911T122423Z/results/large/arc/dev_predictions_semantic.npz,,"[9, 118, 1, 0]",0.0,0.0,0.0,0.0,116.0,0.90625,128.0,0.0,3.0,2.0,6.0,1.0,0.0,116.0,0.90625,128.0,0.0,3.0,2.0,6.0,1.0,0.0,116.0,0.90625,128.0,0.0,3.0,2.0,6.0,1.0,0.0,1014.5484943515626,1049.8244325,1307.8468916000002,28.5156890625
panel,large,arc,validation,128,old_scoring,False,previously_exposed_development,original_P2_10_same_job,semantic_lambda0.01_actions3,False,$DATA_DIR/P2_10_20260911T122423Z/results/large/arc/dev_predictions_semantic.npz,,"[112, 14, 2, 0]",0.0,0.0,0.0,0.0,114.0,0.890625,128.0,0.0,0.0,1.0,1.0,0.0,0.0,114.0,0.890625,128.0,0.0,0.0,1.0,1.0,0.0,0.0,114.0,0.890625,128.0,0.0,0.0,1.0,1.0,0.0,0.0,383.48105348437497,315.013598,1087.8054104499997,28.5156890625
panel,large,arc,validation,128,old_scoring,False,previously_exposed_development,original_P2_10_same_job,semantic_lambda0.03_actions3,False,$DATA_DIR/P2_10_20260911T122423Z/results/large/arc/dev_predictions_semantic.npz,,"[128, 0, 0, 0]",0.0,0.0,0.0,0.0,115.0,0.8984375,128.0,0.0,0.0,0.0,0.0,0.0,0.0,115.0,0.8984375,128.0,0.0,0.0,0.0,0.0,0.0,0.0,115.0,0.8984375,128.0,0.0,0.0,0.0,0.0,0.0,0.0,295.1328113359375,276.6419185,316.9467647,28.5156890625
panel,large,arc,validation,128,old_scoring,False,previously_exposed_development,original_P2_10_same_job,semantic_lambda0.1_actions3,False,$DATA_DIR/P2_10_20260911T122423Z/results/large/arc/dev_predictions_semantic.npz,,"[128, 0, 0, 0]",0.0,0.0,0.0,0.0,115.0,0.8984375,128.0,0.0,0.0,0.0,0.0,0.0,0.0,115.0,0.8984375,128.0,0.0,0.0,0.0,0.0,0.0,0.0,115.0,0.8984375,128.0,0.0,0.0,0.0,0.0,0.0,0.0,295.1328113359375,276.6419185,316.9467647,28.5156890625
panel,large,arc,validation,128,old_scoring,False,previously_exposed_development,original_P2_10_same_job,semantic_lambda0.3_actions3,False,$DATA_DIR/P2_10_20260911T122423Z/results/large/arc/dev_predictions_semantic.npz,,"[128, 0, 0, 0]",0.0,0.0,0.0,0.0,115.0,0.8984375,128.0,0.0,0.0,0.0,0.0,0.0,0.0,115.0,0.8984375,128.0,0.0,0.0,0.0,0.0,0.0,0.0,115.0,0.8984375,128.0,0.0,0.0,0.0,0.0,0.0,0.0,295.1328113359375,276.6419185,316.9467647,28.5156890625
panel,large,arc,validation,128,old_scoring,False,previously_exposed_development,original_P2_10_same_job,semantic_lambda1_actions3,False,$DATA_DIR/P2_10_20260911T122423Z/results/large/arc/dev_predictions_semantic.npz,,"[128, 0, 0, 0]",0.0,0.0,0.0,0.0,115.0,0.8984375,128.0,0.0,0.0,0.0,0.0,0.0,0.0,115.0,0.8984375,128.0,0.0,0.0,0.0,0.0,0.0,0.0,115.0,0.8984375,128.0,0.0,0.0,0.0,0.0,0.0,0.0,295.1328113359375,276.6419185,316.9467647,28.5156890625
panel,large,arc,validation,128,old_scoring,False,previously_exposed_development,original_P2_10_same_job,semantic_lambda3_actions3,False,$DATA_DIR/P2_10_20260911T122423Z/results/large/arc/dev_predictions_semantic.npz,,"[128, 0, 0, 0]",0.0,0.0,0.0,0.0,115.0,0.8984375,128.0,0.0,0.0,0.0,0.0,0.0,0.0,115.0,0.8984375,128.0,0.0,0.0,0.0,0.0,0.0,0.0,115.0,0.8984375,128.0,0.0,0.0,0.0,0.0,0.0,0.0,295.1328113359375,276.6419185,316.9467647,28.5156890625
panel,large,arc,validation,128,old_scoring,False,previously_exposed_development,original_P2_10_same_job,semantic_lambda0_actions4,False,$DATA_DIR/P2_10_20260911T122423Z/results/large/arc/dev_predictions_semantic.npz,,"[9, 117, 1, 1]",0.0,0.0,0.0,0.0,116.0,0.90625,128.0,0.0,3.0,2.0,6.0,1.0,0.0,116.0,0.90625,128.0,0.0,3.0,2.0,6.0,1.0,0.0,116.0,0.90625,128.0,0.0,3.0,2.0,6.0,1.0,0.0,1009.4619643203125,1048.774225,1307.20362635,27.9675514453125
panel,large,arc,validation,128,old_scoring,False,previously_exposed_development,original_P2_10_same_job,semantic_lambda0.01_actions4,False,$DATA_DIR/P2_10_20260911T122423Z/results/large/arc/dev_predictions_semantic.npz,,"[107, 14, 2, 5]",0.0,0.0,0.0,0.0,114.0,0.890625,128.0,0.0,0.0,1.0,1.0,0.0,0.0,114.0,0.890625,128.0,0.0,0.0,1.0,1.0,0.0,0.0,114.0,0.890625,128.0,0.0,0.0,1.0,1.0,0.0,0.0,383.782403484375,314.547828,1087.3894546999998,27.9675514453125
panel,large,arc,validation,128,old_scoring,False,previously_exposed_development,original_P2_10_same_job,semantic_lambda0.03_actions4,False,$DATA_DIR/P2_10_20260911T122423Z/results/large/arc/dev_predictions_semantic.npz,,"[126, 0, 0, 2]",0.0,0.0,0.0,0.0,115.0,0.8984375,128.0,0.0,0.0,0.0,0.0,0.0,0.0,115.0,0.8984375,128.0,0.0,0.0,0.0,0.0,0.0,0.0,115.0,0.8984375,128.0,0.0,0.0,0.0,0.0,0.0,0.0,295.2569072578125,294.97008100000005,316.41737635,27.9675514453125
panel,large,arc,validation,128,old_scoring,False,previously_exposed_development,original_P2_10_same_job,semantic_lambda0.1_actions4,False,$DATA_DIR/P2_10_20260911T122423Z/results/large/arc/dev_predictions_semantic.npz,,"[128, 0, 0, 0]",0.0,0.0,0.0,0.0,115.0,0.8984375,128.0,0.0,0.0,0.0,0.0,0.0,0.0,115.0,0.8984375,128.0,0.0,0.0,0.0,0.0,0.0,0.0,115.0,0.8984375,128.0,0.0,0.0,0.0,0.0,0.0,0.0,294.58467371874997,276.049544,316.26297144999995,27.9675514453125
panel,large,arc,validation,128,old_scoring,False,previously_exposed_development,original_P2_10_same_job,semantic_lambda0.3_actions4,False,$DATA_DIR/P2_10_20260911T122423Z/results/large/arc/dev_predictions_semantic.npz,,"[128, 0, 0, 0]",0.0,0.0,0.0,0.0,115.0,0.8984375,128.0,0.0,0.0,0.0,0.0,0.0,0.0,115.0,0.8984375,128.0,0.0,0.0,0.0,0.0,0.0,0.0,115.0,0.8984375,128.0,0.0,0.0,0.0,0.0,0.0,0.0,294.58467371874997,276.049544,316.26297144999995,27.9675514453125
panel,large,arc,validation,128,old_scoring,False,previously_exposed_development,original_P2_10_same_job,semantic_lambda1_actions4,False,$DATA_DIR/P2_10_20260911T122423Z/results/large/arc/dev_predictions_semantic.npz,,"[128, 0, 0, 0]",0.0,0.0,0.0,0.0,115.0,0.8984375,128.0,0.0,0.0,0.0,0.0,0.0,0.0,115.0,0.8984375,128.0,0.0,0.0,0.0,0.0,0.0,0.0,115.0,0.8984375,128.0,0.0,0.0,0.0,0.0,0.0,0.0,294.58467371874997,276.049544,316.26297144999995,27.9675514453125
panel,large,arc,validation,128,old_scoring,False,previously_exposed_development,original_P2_10_same_job,semantic_lambda3_actions4,False,$DATA_DIR/P2_10_20260911T122423Z/results/large/arc/dev_predictions_semantic.npz,,"[128, 0, 0, 0]",0.0,0.0,0.0,0.0,115.0,0.8984375,128.0,0.0,0.0,0.0,0.0,0.0,0.0,115.0,0.8984375,128.0,0.0,0.0,0.0,0.0,0.0,0.0,115.0,0.8984375,128.0,0.0,0.0,0.0,0.0,0.0,0.0,294.58467371874997,276.049544,316.26297144999995,27.9675514453125
panel,large,arc,validation,128,old_scoring,False,previously_exposed_development,original_P2_10_same_job,train_frozen_mixture,False,$DATA_DIR/P2_10_20260911T122423Z/results/large/arc/train_mixture_receipt.json,"[0.9440197330402827, 0.05598026695971725, 0.0, 0.0]",,0.0,0.0,0.0,0.0,115.11196053391943,0.8993121916712455,128.00000000000006,0.0,0.223921067838869,0.1119605339194345,0.39186186871802076,0.05598026695971725,0.0,115.11196053391943,0.8993121916712455,128.00000000000006,0.0,0.223921067838869,0.1119605339194345,0.39186186871802076,0.05598026695971725,0.0,115.11196053391943,0.8993121916712455,128.00000000000006,0.0,0.223921067838869,0.1119605339194345,0.39186186871802076,0.05598026695971725,0.0,311.06788844252156,311.9797849770417,340.9269037483014,0.0
full,small,obqa,train,3466,old_scoring,False,train_in_sample_diagnostic,accuracy_only,R,False,fixed_action,,"[3466, 0, 0, 0]",0.0,0.0,0.0,0.0,1365.0,0.3938257357184074,3307.0,159.0,0.0,0.0,0.0,0.0,0.0,1365.0,0.3938257357184074,3307.0,159.0,0.0,0.0,0.0,0.0,0.0,1365.0,0.3938257357184074,3307.0,159.0,0.0,0.0,0.0,0.0,0.0,,,,
full,small,obqa,train,3466,old_scoring,False,train_in_sample_diagnostic,accuracy_only,T,False,fixed_action,,"[0, 3466, 0, 0]",0.0,0.0,0.0,0.0,1612.0,0.46508944027697635,3257.0,209.0,632.0,385.0,1575.0,558.0,280.0,1612.0,0.46508944027697635,3257.0,209.0,632.0,385.0,1575.0,558.0,280.0,1612.0,0.46508944027697635,3257.0,209.0,632.0,385.0,1575.0,558.0,280.0,,,,
full,small,obqa,train,3466,old_scoring,False,train_in_sample_diagnostic,accuracy_only,C,False,fixed_action,,"[0, 0, 3466, 0]",2.0,0.0,1.0,0.0,1802.0,0.5199076745527986,3461.0,5.0,762.0,325.0,1640.0,553.0,164.0,1803.0,0.520196191575303,3463.0,3.0,761.0,323.0,1637.0,553.0,160.0,1804.0,0.5204847085978073,3465.0,1.0,762.0,323.0,1638.0,553.0,160.0,,,,
full,small,obqa,train,3466,old_scoring,False,train_in_sample_diagnostic,accuracy_only,A,False,fixed_action,,"[0, 0, 0, 3466]",0.0,0.0,0.0,0.0,1345.0,0.38805539526832084,3131.0,335.0,33.0,53.0,240.0,154.0,182.0,1345.0,0.38805539526832084,3131.0,335.0,33.0,53.0,240.0,154.0,182.0,1345.0,0.38805539526832084,3131.0,335.0,33.0,53.0,240.0,154.0,182.0,,,,
full,small,obqa,train,3466,old_scoring,False,train_in_sample_diagnostic,accuracy_only,word_lambda0_actions3,False,$DATA_DIR/P2_10_20260911T122423Z/results/small/obqa/train_predictions_word.npz,,"[224, 916, 2326, 0]",0.0,0.0,0.0,0.0,2344.0,0.6762839007501442,3441.0,25.0,1018.0,39.0,1488.0,431.0,170.0,2344.0,0.6762839007501442,3441.0,25.0,1018.0,39.0,1488.0,431.0,170.0,2344.0,0.6762839007501442,3441.0,25.0,1018.0,39.0,1488.0,431.0,170.0,,,,
full,small,obqa,train,3466,old_scoring,False,train_in_sample_diagnostic,accuracy_only,word_lambda0.01_actions3,False,$DATA_DIR/P2_10_20260911T122423Z/results/small/obqa/train_predictions_word.npz,,"[244, 768, 2454, 0]",0.0,0.0,0.0,0.0,2341.0,0.6754183496826313,3447.0,19.0,1014.0,38.0,1481.0,429.0,170.0,2341.0,0.6754183496826313,3447.0,19.0,1014.0,38.0,1481.0,429.0,170.0,2341.0,0.6754183496826313,3447.0,19.0,1014.0,38.0,1481.0,429.0,170.0,,,,
full,small,obqa,train,3466,old_scoring,False,train_in_sample_diagnostic,accuracy_only,word_lambda0.03_actions3,False,$DATA_DIR/P2_10_20260911T122423Z/results/small/obqa/train_predictions_word.npz,,"[287, 555, 2624, 0]",0.0,0.0,0.0,0.0,2324.0,0.6705135603000577,3454.0,12.0,1000.0,41.0,1475.0,434.0,165.0,2324.0,0.6705135603000577,3454.0,12.0,1000.0,41.0,1475.0,434.0,165.0,2324.0,0.6705135603000577,3454.0,12.0,1000.0,41.0,1475.0,434.0,165.0,,,,
full,small,obqa,train,3466,old_scoring,False,train_in_sample_diagnostic,accuracy_only,word_lambda0.1_actions3,False,$DATA_DIR/P2_10_20260911T122423Z/results/small/obqa/train_predictions_word.npz,,"[443, 161, 2862, 0]",0.0,0.0,1.0,0.0,2222.0,0.6410848240046163,3460.0,6.0,897.0,40.0,1406.0,469.0,157.0,2221.0,0.640796306982112,3460.0,6.0,896.0,40.0,1405.0,469.0,155.0,2222.0,0.6410848240046163,3461.0,5.0,897.0,40.0,1406.0,469.0,156.0,,,,
full,small,obqa,train,3466,old_scoring,False,train_in_sample_diagnostic,accuracy_only,word_lambda0.3_actions3,False,$DATA_DIR/P2_10_20260911T122423Z/results/small/obqa/train_predictions_word.npz,,"[754, 0, 2712, 0]",0.0,0.0,1.0,0.0,2107.0,0.6079053664166186,3451.0,15.0,762.0,20.0,1223.0,441.0,146.0,2106.0,0.6076168493941142,3451.0,15.0,761.0,20.0,1222.0,441.0,144.0,2107.0,0.6079053664166186,3452.0,14.0,762.0,20.0,1223.0,441.0,145.0,,,,
full,small,obqa,train,3466,old_scoring,False,train_in_sample_diagnostic,accuracy_only,word_lambda1_actions3,False,$DATA_DIR/P2_10_20260911T122423Z/results/small/obqa/train_predictions_word.npz,,"[2130, 0, 1336, 0]",0.0,0.0,1.0,0.0,2050.0,0.5914598961338718,3400.0,66.0,688.0,3.0,840.0,149.0,93.0,2049.0,0.5911713791113675,3399.0,67.0,687.0,3.0,839.0,149.0,92.0,2050.0,0.5914598961338718,3400.0,66.0,688.0,3.0,840.0,149.0,93.0,,,,
full,small,obqa,train,3466,old_scoring,False,train_in_sample_diagnostic,accuracy_only,word_lambda3_actions3,False,$DATA_DIR/P2_10_20260911T122423Z/results/small/obqa/train_predictions_word.npz,,"[3322, 0, 144, 0]",0.0,0.0,0.0,0.0,1446.0,0.4171956145412579,3317.0,149.0,83.0,2.0,98.0,13.0,10.0,1446.0,0.4171956145412579,3317.0,149.0,83.0,2.0,98.0,13.0,10.0,1446.0,0.4171956145412579,3317.0,149.0,83.0,2.0,98.0,13.0,10.0,,,,
full,small,obqa,train,3466,old_scoring,False,train_in_sample_diagnostic,accuracy_only,word_lambda0_actions4,False,$DATA_DIR/P2_10_20260911T122423Z/results/small/obqa/train_predictions_word.npz,,"[169, 908, 2312, 77]",0.0,0.0,0.0,0.0,2351.0,0.6783035199076746,3440.0,26.0,1021.0,35.0,1484.0,428.0,171.0,2351.0,0.6783035199076746,3440.0,26.0,1021.0,35.0,1484.0,428.0,171.0,2351.0,0.6783035199076746,3440.0,26.0,1021.0,35.0,1484.0,428.0,171.0,,,,
full,small,obqa,train,3466,old_scoring,False,train_in_sample_diagnostic,accuracy_only,word_lambda0.01_actions4,True,$DATA_DIR/P2_10_20260911T122423Z/results/small/obqa/train_predictions_word.npz,,"[185, 760, 2440, 81]",0.0,0.0,0.0,0.0,2348.0,0.6774379688401616,3446.0,20.0,1017.0,34.0,1477.0,426.0,171.0,2348.0,0.6774379688401616,3446.0,20.0,1017.0,34.0,1477.0,426.0,171.0,2348.0,0.6774379688401616,3446.0,20.0,1017.0,34.0,1477.0,426.0,171.0,,,,
full,small,obqa,train,3466,old_scoring,False,train_in_sample_diagnostic,accuracy_only,word_lambda0.03_actions4,False,$DATA_DIR/P2_10_20260911T122423Z/results/small/obqa/train_predictions_word.npz,,"[216, 548, 2607, 95]",0.0,0.0,0.0,0.0,2331.0,0.672533179457588,3453.0,13.0,1003.0,37.0,1471.0,431.0,166.0,2331.0,0.672533179457588,3453.0,13.0,1003.0,37.0,1471.0,431.0,166.0,2331.0,0.672533179457588,3453.0,13.0,1003.0,37.0,1471.0,431.0,166.0,,,,
full,small,obqa,train,3466,old_scoring,False,train_in_sample_diagnostic,accuracy_only,word_lambda0.1_actions4,False,$DATA_DIR/P2_10_20260911T122423Z/results/small/obqa/train_predictions_word.npz,,"[349, 160, 2844, 113]",0.0,0.0,1.0,0.0,2230.0,0.6433929601846509,3457.0,9.0,902.0,37.0,1406.0,467.0,160.0,2229.0,0.6431044431621465,3457.0,9.0,901.0,37.0,1405.0,467.0,158.0,2230.0,0.6433929601846509,3458.0,8.0,902.0,37.0,1406.0,467.0,159.0,,,,
full,small,obqa,train,3466,old_scoring,False,train_in_sample_diagnostic,accuracy_only,word_lambda0.3_actions4,False,$DATA_DIR/P2_10_20260911T122423Z/results/small/obqa/train_predictions_word.npz,,"[697, 0, 2697, 72]",0.0,0.0,1.0,0.0,2112.0,0.6093479515291402,3450.0,16.0,767.0,20.0,1221.0,434.0,147.0,2111.0,0.6090594345066359,3450.0,16.0,766.0,20.0,1220.0,434.0,145.0,2112.0,0.6093479515291402,3451.0,15.0,767.0,20.0,1221.0,434.0,146.0,,,,
full,small,obqa,train,3466,old_scoring,False,train_in_sample_diagnostic,accuracy_only,word_lambda1_actions4,False,$DATA_DIR/P2_10_20260911T122423Z/results/small/obqa/train_predictions_word.npz,,"[2116, 0, 1328, 22]",0.0,0.0,1.0,0.0,2057.0,0.5934795152914022,3400.0,66.0,695.0,3.0,848.0,150.0,93.0,2056.0,0.5931909982688979,3399.0,67.0,694.0,3.0,847.0,150.0,92.0,2057.0,0.5934795152914022,3400.0,66.0,695.0,3.0,848.0,150.0,93.0,,,,
full,small,obqa,train,3466,old_scoring,False,train_in_sample_diagnostic,accuracy_only,word_lambda3_actions4,False,$DATA_DIR/P2_10_20260911T122423Z/results/small/obqa/train_predictions_word.npz,,"[3298, 0, 143, 25]",0.0,0.0,0.0,0.0,1460.0,0.4212348528563185,3317.0,149.0,97.0,2.0,112.0,13.0,10.0,1460.0,0.4212348528563185,3317.0,149.0,97.0,2.0,112.0,13.0,10.0,1460.0,0.4212348528563185,3317.0,149.0,97.0,2.0,112.0,13.0,10.0,,,,
full,small,obqa,train,3466,old_scoring,False,train_in_sample_diagnostic,accuracy_only,semantic_lambda0_actions3,False,$DATA_DIR/P2_10_20260911T122423Z/results/small/obqa/train_predictions_semantic.npz,,"[40, 703, 2723, 0]",1.0,0.0,0.0,0.0,1956.0,0.5643392960184651,3449.0,17.0,858.0,267.0,1646.0,521.0,174.0,1957.0,0.5646278130409694,3450.0,16.0,858.0,266.0,1645.0,521.0,173.0,1957.0,0.5646278130409694,3451.0,15.0,858.0,266.0,1645.0,521.0,172.0,,,,
full,small,obqa,train,3466,old_scoring,False,train_in_sample_diagnostic,accuracy_only,semantic_lambda0.01_actions3,False,$DATA_DIR/P2_10_20260911T122423Z/results/small/obqa/train_predictions_semantic.npz,,"[53, 528, 2885, 0]",1.0,0.0,0.0,0.0,1938.0,0.5591459896133872,3452.0,14.0,845.0,272.0,1635.0,518.0,169.0,1939.0,0.5594345066358916,3453.0,13.0,845.0,271.0,1634.0,518.0,168.0,1939.0,0.5594345066358916,3454.0,12.0,845.0,271.0,1634.0,518.0,167.0,,,,
full,small,obqa,train,3466,old_scoring,False,train_in_sample_diagnostic,accuracy_only,semantic_lambda0.03_actions3,False,$DATA_DIR/P2_10_20260911T122423Z/results/small/obqa/train_predictions_semantic.npz,,"[80, 321, 3065, 0]",1.0,0.0,0.0,0.0,1909.0,0.5507789959607616,3458.0,8.0,823.0,279.0,1614.0,512.0,163.0,1910.0,0.5510675129832661,3459.0,7.0,823.0,278.0,1613.0,512.0,162.0,1910.0,0.5510675129832661,3460.0,6.0,823.0,278.0,1613.0,512.0,161.0,,,,
full,small,obqa,train,3466,old_scoring,False,train_in_sample_diagnostic,accuracy_only,semantic_lambda0.1_actions3,False,$DATA_DIR/P2_10_20260911T122423Z/results/small/obqa/train_predictions_semantic.npz,,"[179, 11, 3276, 0]",1.0,0.0,1.0,0.0,1843.0,0.5317368724754761,3460.0,6.0,759.0,281.0,1565.0,525.0,161.0,1843.0,0.5317368724754761,3461.0,5.0,758.0,280.0,1563.0,525.0,158.0,1844.0,0.5320253894979804,3463.0,3.0,759.0,280.0,1564.0,525.0,158.0,,,,
full,small,obqa,train,3466,old_scoring,False,train_in_sample_diagnostic,accuracy_only,semantic_lambda0.3_actions3,False,$DATA_DIR/P2_10_20260911T122423Z/results/small/obqa/train_predictions_semantic.npz,,"[437, 0, 3029, 0]",0.0,0.0,1.0,0.0,1865.0,0.5380842469705712,3460.0,6.0,735.0,235.0,1461.0,491.0,157.0,1864.0,0.5377957299480669,3459.0,7.0,734.0,235.0,1460.0,491.0,156.0,1865.0,0.5380842469705712,3461.0,5.0,735.0,235.0,1461.0,491.0,156.0,,,,
full,small,obqa,train,3466,old_scoring,False,train_in_sample_diagnostic,accuracy_only,semantic_lambda1_actions3,False,$DATA_DIR/P2_10_20260911T122423Z/results/small/obqa/train_predictions_semantic.npz,,"[2106, 0, 1360, 0]",0.0,0.0,0.0,0.0,1738.0,0.5014425851125216,3417.0,49.0,443.0,70.0,731.0,218.0,110.0,1738.0,0.5014425851125216,3416.0,50.0,443.0,70.0,731.0,218.0,111.0,1738.0,0.5014425851125216,3417.0,49.0,443.0,70.0,731.0,218.0,110.0,,,,
full,small,obqa,train,3466,old_scoring,False,train_in_sample_diagnostic,accuracy_only,semantic_lambda3_actions3,False,$DATA_DIR/P2_10_20260911T122423Z/results/small/obqa/train_predictions_semantic.npz,,"[3310, 0, 156, 0]",0.0,0.0,0.0,0.0,1404.0,0.40507789959607615,3327.0,139.0,50.0,11.0,89.0,28.0,20.0,1404.0,0.40507789959607615,3327.0,139.0,50.0,11.0,89.0,28.0,20.0,1404.0,0.40507789959607615,3327.0,139.0,50.0,11.0,89.0,28.0,20.0,,,,
full,small,obqa,train,3466,old_scoring,False,train_in_sample_diagnostic,accuracy_only,semantic_lambda0_actions4,False,$DATA_DIR/P2_10_20260911T122423Z/results/small/obqa/train_predictions_semantic.npz,,"[33, 701, 2706, 26]",1.0,0.0,0.0,0.0,1958.0,0.5649163300634737,3449.0,17.0,856.0,263.0,1636.0,517.0,174.0,1959.0,0.5652048470859781,3450.0,16.0,856.0,262.0,1635.0,517.0,173.0,1959.0,0.5652048470859781,3451.0,15.0,856.0,262.0,1635.0,517.0,172.0,,,,
full,small,obqa,train,3466,old_scoring,False,train_in_sample_diagnostic,accuracy_only,semantic_lambda0.01_actions4,False,$DATA_DIR/P2_10_20260911T122423Z/results/small/obqa/train_predictions_semantic.npz,,"[43, 526, 2866, 31]",1.0,0.0,0.0,0.0,1940.0,0.5597230236583959,3452.0,14.0,842.0,267.0,1623.0,514.0,169.0,1941.0,0.5600115406809002,3453.0,13.0,842.0,266.0,1622.0,514.0,168.0,1941.0,0.5600115406809002,3454.0,12.0,842.0,266.0,1622.0,514.0,167.0,,,,
full,small,obqa,train,3466,old_scoring,False,train_in_sample_diagnostic,accuracy_only,semantic_lambda0.03_actions4,False,$DATA_DIR/P2_10_20260911T122423Z/results/small/obqa/train_predictions_semantic.npz,,"[64, 318, 3042, 42]",1.0,0.0,0.0,0.0,1912.0,0.5516445470282747,3457.0,9.0,820.0,273.0,1602.0,509.0,164.0,1913.0,0.551933064050779,3458.0,8.0,820.0,272.0,1601.0,509.0,163.0,1913.0,0.551933064050779,3459.0,7.0,820.0,272.0,1601.0,509.0,162.0,,,,
full,small,obqa,train,3466,old_scoring,False,train_in_sample_diagnostic,accuracy_only,semantic_lambda0.1_actions4,False,$DATA_DIR/P2_10_20260911T122423Z/results/small/obqa/train_predictions_semantic.npz,,"[141, 10, 3248, 67]",1.0,0.0,1.0,0.0,1850.0,0.5337564916330063,3459.0,7.0,760.0,275.0,1557.0,522.0,162.0,1850.0,0.5337564916330063,3460.0,6.0,759.0,274.0,1555.0,522.0,159.0,1851.0,0.5340450086555106,3462.0,4.0,760.0,274.0,1556.0,522.0,159.0,,,,
full,small,obqa,train,3466,old_scoring,False,train_in_sample_diagnostic,accuracy_only,semantic_lambda0.3_actions4,False,$DATA_DIR/P2_10_20260911T122423Z/results/small/obqa/train_predictions_semantic.npz,,"[399, 0, 3010, 57]",0.0,0.0,1.0,0.0,1872.0,0.5401038661281016,3460.0,6.0,738.0,231.0,1457.0,488.0,157.0,1871.0,0.5398153491055973,3459.0,7.0,737.0,231.0,1456.0,488.0,156.0,1872.0,0.5401038661281016,3461.0,5.0,738.0,231.0,1457.0,488.0,156.0,,,,
full,small,obqa,train,3466,old_scoring,False,train_in_sample_diagnostic,accuracy_only,semantic_lambda1_actions4,False,$DATA_DIR/P2_10_20260911T122423Z/results/small/obqa/train_predictions_semantic.npz,,"[2073, 0, 1354, 39]",0.0,0.0,0.0,0.0,1742.0,0.502596653202539,3418.0,48.0,446.0,69.0,733.0,218.0,111.0,1742.0,0.502596653202539,3417.0,49.0,446.0,69.0,733.0,218.0,112.0,1742.0,0.502596653202539,3418.0,48.0,446.0,69.0,733.0,218.0,111.0,,,,
full,small,obqa,train,3466,old_scoring,False,train_in_sample_diagnostic,accuracy_only,semantic_lambda3_actions4,False,$DATA_DIR/P2_10_20260911T122423Z/results/small/obqa/train_predictions_semantic.npz,,"[3305, 0, 156, 5]",0.0,0.0,0.0,0.0,1404.0,0.40507789959607615,3327.0,139.0,50.0,11.0,89.0,28.0,20.0,1404.0,0.40507789959607615,3327.0,139.0,50.0,11.0,89.0,28.0,20.0,1404.0,0.40507789959607615,3327.0,139.0,50.0,11.0,89.0,28.0,20.0,,,,
full,small,obqa,train,3466,old_scoring,False,train_in_sample_diagnostic,accuracy_only,train_frozen_mixture,False,$DATA_DIR/P2_10_20260911T122423Z/results/small/obqa/train_mixture_receipt.json,"[0.0, 0.2656829168043691, 0.7343170831956309, 0.0]",,1.4686341663912619,0.0,0.7343170831956309,0.0,1751.5202458071699,0.5053434061763329,3406.8006849719086,59.1993150280913,727.461220815432,340.94097500826217,1622.730610407716,554.3284145840219,194.81921834930682,1752.2545628903656,0.5055552691547506,3408.2693191382996,57.73068086170003,726.7269037322365,339.4723408418709,1620.5276591581292,554.3284145840219,191.8819500165243,1752.988879973561,0.5057671321331683,3409.737953304691,56.26204669530877,727.461220815432,339.4723408418709,1621.2619762413246,554.3284145840219,191.8819500165243,,,,
panel,small,obqa,train,256,old_scoring,False,train_in_sample_diagnostic,original_P2_10_same_job,R,False,fixed_action,,"[256, 0, 0, 0]",0.0,0.0,0.0,0.0,102.0,0.3984375,248.0,8.0,0.0,0.0,0.0,0.0,0.0,102.0,0.3984375,248.0,8.0,0.0,0.0,0.0,0.0,0.0,102.0,0.3984375,248.0,8.0,0.0,0.0,0.0,0.0,0.0,319.45334146875,316.309087,445.8393735,0.0
panel,small,obqa,train,256,old_scoring,False,train_in_sample_diagnostic,original_P2_10_same_job,T,False,fixed_action,,"[0, 256, 0, 0]",0.0,0.0,0.0,0.0,133.0,0.51953125,248.0,8.0,53.0,22.0,107.0,32.0,16.0,133.0,0.51953125,248.0,8.0,53.0,22.0,107.0,32.0,16.0,133.0,0.51953125,248.0,8.0,53.0,22.0,107.0,32.0,16.0,883.9399844453125,674.502944,1902.4656115,0.0
panel,small,obqa,train,256,old_scoring,False,train_in_sample_diagnostic,original_P2_10_same_job,C,False,fixed_action,,"[0, 0, 256, 0]",0.0,0.0,0.0,0.0,131.0,0.51171875,256.0,0.0,58.0,29.0,128.0,41.0,8.0,131.0,0.51171875,256.0,0.0,58.0,29.0,128.0,41.0,8.0,131.0,0.51171875,256.0,0.0,58.0,29.0,128.0,41.0,8.0,371.69484338671873,335.709225,537.26979175,0.0
panel,small,obqa,train,256,old_scoring,False,train_in_sample_diagnostic,original_P2_10_same_job,A,False,fixed_action,,"[0, 0, 0, 256]",0.0,0.0,0.0,0.0,102.0,0.3984375,240.0,16.0,3.0,3.0,13.0,7.0,8.0,102.0,0.3984375,240.0,16.0,3.0,3.0,13.0,7.0,8.0,102.0,0.3984375,240.0,16.0,3.0,3.0,13.0,7.0,8.0,336.294621296875,335.197188,463.997444,0.0
panel,small,obqa,train,256,old_scoring,False,train_in_sample_diagnostic,original_P2_10_same_job,word_lambda0_actions3,False,$DATA_DIR/P2_10_20260911T122423Z/results/small/obqa/train_predictions_word.npz,,"[19, 67, 170, 0]",0.0,0.0,0.0,0.0,181.0,0.70703125,253.0,3.0,80.0,1.0,113.0,32.0,11.0,181.0,0.70703125,253.0,3.0,80.0,1.0,113.0,32.0,11.0,181.0,0.70703125,253.0,3.0,80.0,1.0,113.0,32.0,11.0,527.0046889921875,339.0811435,1216.5777215,0.95892737109375
panel,small,obqa,train,256,old_scoring,False,train_in_sample_diagnostic,original_P2_10_same_job,word_lambda0.01_actions3,False,$DATA_DIR/P2_10_20260911T122423Z/results/small/obqa/train_predictions_word.npz,,"[20, 57, 179, 0]",0.0,0.0,0.0,0.0,181.0,0.70703125,254.0,2.0,80.0,1.0,111.0,30.0,10.0,181.0,0.70703125,254.0,2.0,80.0,1.0,111.0,30.0,10.0,181.0,0.70703125,254.0,2.0,80.0,1.0,111.0,30.0,10.0,508.3705759882813,337.85737500000005,1082.290297,0.95892737109375
panel,small,obqa,train,256,old_scoring,False,train_in_sample_diagnostic,original_P2_10_same_job,word_lambda0.03_actions3,False,$DATA_DIR/P2_10_20260911T122423Z/results/small/obqa/train_predictions_word.npz,,"[22, 39, 195, 0]",0.0,0.0,0.0,0.0,176.0,0.6875,256.0,0.0,76.0,2.0,110.0,32.0,8.0,176.0,0.6875,256.0,0.0,76.0,2.0,110.0,32.0,8.0,176.0,0.6875,256.0,0.0,76.0,2.0,110.0,32.0,8.0,441.1803718046875,337.3503485,843.40121575,0.95892737109375
panel,small,obqa,train,256,old_scoring,False,train_in_sample_diagnostic,original_P2_10_same_job,word_lambda0.1_actions3,False,$DATA_DIR/P2_10_20260911T122423Z/results/small/obqa/train_predictions_word.npz,,"[31, 13, 212, 0]",0.0,0.0,0.0,0.0,167.0,0.65234375,256.0,0.0,67.0,2.0,106.0,37.0,8.0,167.0,0.65234375,256.0,0.0,67.0,2.0,106.0,37.0,8.0,167.0,0.65234375,256.0,0.0,67.0,2.0,106.0,37.0,8.0,374.36358632812505,336.50633350000004,594.6832840000001,0.95892737109375
panel,small,obqa,train,256,old_scoring,False,train_in_sample_diagnostic,original_P2_10_same_job,word_lambda0.3_actions3,False,$DATA_DIR/P2_10_20260911T122423Z/results/small/obqa/train_predictions_word.npz,,"[60, 0, 196, 0]",0.0,0.0,0.0,0.0,158.0,0.6171875,255.0,1.0,58.0,2.0,92.0,32.0,7.0,158.0,0.6171875,255.0,1.0,58.0,2.0,92.0,32.0,7.0,158.0,0.6171875,255.0,1.0,58.0,2.0,92.0,32.0,7.0,348.7697532460937,334.5708755,495.15408025,0.95892737109375
panel,small,obqa,train,256,old_scoring,False,train_in_sample_diagnostic,original_P2_10_same_job,word_lambda1_actions3,False,$DATA_DIR/P2_10_20260911T122423Z/results/small/obqa/train_predictions_word.npz,,"[142, 0, 114, 0]",0.0,0.0,0.0,0.0,138.0,0.5390625,252.0,4.0,38.0,2.0,55.0,15.0,4.0,138.0,0.5390625,252.0,4.0,38.0,2.0,55.0,15.0,4.0,138.0,0.5390625,252.0,4.0,38.0,2.0,55.0,15.0,4.0,316.60430953515623,322.141878,406.324715,0.95892737109375
panel,small,obqa,train,256,old_scoring,False,train_in_sample_diagnostic,original_P2_10_same_job,word_lambda3_actions3,False,$DATA_DIR/P2_10_20260911T122423Z/results/small/obqa/train_predictions_word.npz,,"[204, 0, 52, 0]",0.0,0.0,0.0,0.0,113.0,0.44140625,249.0,7.0,13.0,2.0,21.0,6.0,1.0,113.0,0.44140625,249.0,7.0,13.0,2.0,21.0,6.0,1.0,113.0,0.44140625,249.0,7.0,13.0,2.0,21.0,6.0,1.0,308.0118101054688,317.03472250000004,386.82453575,0.95892737109375
panel,small,obqa,train,256,old_scoring,False,train_in_sample_diagnostic,original_P2_10_same_job,word_lambda0_actions4,False,$DATA_DIR/P2_10_20260911T122423Z/results/small/obqa/train_predictions_word.npz,,"[10, 67, 170, 9]",0.0,0.0,0.0,0.0,181.0,0.70703125,253.0,3.0,80.0,1.0,113.0,32.0,11.0,181.0,0.70703125,253.0,3.0,80.0,1.0,113.0,32.0,11.0,181.0,0.70703125,253.0,3.0,80.0,1.0,113.0,32.0,11.0,527.417922140625,339.0990175,1216.6177175000003,0.9883087578125
panel,small,obqa,train,256,old_scoring,False,train_in_sample_diagnostic,original_P2_10_same_job,word_lambda0.01_actions4,True,$DATA_DIR/P2_10_20260911T122423Z/results/small/obqa/train_predictions_word.npz,,"[11, 56, 179, 10]",0.0,0.0,0.0,0.0,181.0,0.70703125,254.0,2.0,80.0,1.0,111.0,30.0,10.0,181.0,0.70703125,254.0,2.0,80.0,1.0,111.0,30.0,10.0,181.0,0.70703125,254.0,2.0,80.0,1.0,111.0,30.0,10.0,507.78962658203125,337.8640335,1082.3207225,0.9883087578125
panel,small,obqa,train,256,old_scoring,False,train_in_sample_diagnostic,original_P2_10_same_job,word_lambda0.03_actions4,False,$DATA_DIR/P2_10_20260911T122423Z/results/small/obqa/train_predictions_word.npz,,"[15, 39, 195, 7]",0.0,0.0,0.0,0.0,176.0,0.6875,256.0,0.0,76.0,2.0,110.0,32.0,8.0,176.0,0.6875,256.0,0.0,76.0,2.0,110.0,32.0,8.0,176.0,0.6875,256.0,0.0,76.0,2.0,110.0,32.0,8.0,440.8165748945313,337.31482300000005,843.43973625,0.9883087578125
panel,small,obqa,train,256,old_scoring,False,train_in_sample_diagnostic,original_P2_10_same_job,word_lambda0.1_actions4,False,$DATA_DIR/P2_10_20260911T122423Z/results/small/obqa/train_predictions_word.npz,,"[23, 13, 212, 8]",0.0,0.0,0.0,0.0,167.0,0.65234375,256.0,0.0,67.0,2.0,106.0,37.0,8.0,167.0,0.65234375,256.0,0.0,67.0,2.0,106.0,37.0,8.0,167.0,0.65234375,256.0,0.0,67.0,2.0,106.0,37.0,8.0,374.08948665624996,336.548713,594.70575725,0.9883087578125
panel,small,obqa,train,256,old_scoring,False,train_in_sample_diagnostic,original_P2_10_same_job,word_lambda0.3_actions4,False,$DATA_DIR/P2_10_20260911T122423Z/results/small/obqa/train_predictions_word.npz,,"[55, 0, 193, 8]",0.0,0.0,0.0,0.0,158.0,0.6171875,255.0,1.0,58.0,2.0,90.0,30.0,7.0,158.0,0.6171875,255.0,1.0,58.0,2.0,90.0,30.0,7.0,158.0,0.6171875,255.0,1.0,58.0,2.0,90.0,30.0,7.0,346.844879515625,334.49585,472.13698999999997,0.9883087578125
panel,small,obqa,train,256,old_scoring,False,train_in_sample_diagnostic,original_P2_10_same_job,word_lambda1_actions4,False,$DATA_DIR/P2_10_20260911T122423Z/results/small/obqa/train_predictions_word.npz,,"[137, 0, 114, 5]",0.0,0.0,0.0,0.0,139.0,0.54296875,252.0,4.0,39.0,2.0,56.0,15.0,4.0,139.0,0.54296875,252.0,4.0,39.0,2.0,56.0,15.0,4.0,139.0,0.54296875,252.0,4.0,39.0,2.0,56.0,15.0,4.0,315.87161119531254,321.758475,398.97461224999995,0.9883087578125
panel,small,obqa,train,256,old_scoring,False,train_in_sample_diagnostic,original_P2_10_same_job,word_lambda3_actions4,False,$DATA_DIR/P2_10_20260911T122423Z/results/small/obqa/train_predictions_word.npz,,"[200, 0, 51, 5]",0.0,0.0,0.0,0.0,112.0,0.4375,249.0,7.0,12.0,2.0,20.0,6.0,1.0,112.0,0.4375,249.0,7.0,12.0,2.0,20.0,6.0,1.0,112.0,0.4375,249.0,7.0,12.0,2.0,20.0,6.0,1.0,306.8443819062501,316.600598,385.836979,0.9883087578125
panel,small,obqa,train,256,old_scoring,False,train_in_sample_diagnostic,original_P2_10_same_job,semantic_lambda0_actions3,False,$DATA_DIR/P2_10_20260911T122423Z/results/small/obqa/train_predictions_semantic.npz,,"[4, 57, 195, 0]",0.0,0.0,0.0,0.0,144.0,0.5625,256.0,0.0,64.0,22.0,125.0,39.0,8.0,144.0,0.5625,256.0,0.0,64.0,22.0,125.0,39.0,8.0,144.0,0.5625,256.0,0.0,64.0,22.0,125.0,39.0,8.0,520.7991195156251,365.705026,1093.01821525,29.4158408828125
panel,small,obqa,train,256,old_scoring,False,train_in_sample_diagnostic,original_P2_10_same_job,semantic_lambda0.01_actions3,False,$DATA_DIR/P2_10_20260911T122423Z/results/small/obqa/train_predictions_semantic.npz,,"[5, 44, 207, 0]",0.0,0.0,0.0,0.0,141.0,0.55078125,256.0,0.0,62.0,23.0,125.0,40.0,8.0,141.0,0.55078125,256.0,0.0,62.0,23.0,125.0,40.0,8.0,141.0,0.55078125,256.0,0.0,62.0,23.0,125.0,40.0,8.0,481.3562148203125,365.18745150000007,874.4813170000001,29.4158408828125
panel,small,obqa,train,256,old_scoring,False,train_in_sample_diagnostic,original_P2_10_same_job,semantic_lambda0.03_actions3,False,$DATA_DIR/P2_10_20260911T122423Z/results/small/obqa/train_predictions_semantic.npz,,"[8, 26, 222, 0]",0.0,0.0,0.0,0.0,137.0,0.53515625,256.0,0.0,59.0,24.0,124.0,41.0,8.0,137.0,0.53515625,256.0,0.0,59.0,24.0,124.0,41.0,8.0,137.0,0.53515625,256.0,0.0,59.0,24.0,124.0,41.0,8.0,441.34752860546877,364.8218255,779.9898495,29.4158408828125
panel,small,obqa,train,256,old_scoring,False,train_in_sample_diagnostic,original_P2_10_same_job,semantic_lambda0.1_actions3,False,$DATA_DIR/P2_10_20260911T122423Z/results/small/obqa/train_predictions_semantic.npz,,"[13, 2, 241, 0]",0.0,0.0,0.0,0.0,134.0,0.5234375,256.0,0.0,57.0,25.0,122.0,40.0,8.0,134.0,0.5234375,256.0,0.0,57.0,25.0,122.0,40.0,8.0,134.0,0.5234375,256.0,0.0,57.0,25.0,122.0,40.0,8.0,398.8589574296875,363.803096,612.495713,29.4158408828125
panel,small,obqa,train,256,old_scoring,False,train_in_sample_diagnostic,original_P2_10_same_job,semantic_lambda0.3_actions3,False,$DATA_DIR/P2_10_20260911T122423Z/results/small/obqa/train_predictions_semantic.npz,,"[27, 0, 229, 0]",0.0,0.0,0.0,0.0,135.0,0.52734375,256.0,0.0,57.0,24.0,116.0,35.0,8.0,135.0,0.52734375,256.0,0.0,57.0,24.0,116.0,35.0,8.0,135.0,0.52734375,256.0,0.0,57.0,24.0,116.0,35.0,8.0,393.55331832031254,362.8710815,565.356332,29.4158408828125
panel,small,obqa,train,256,old_scoring,False,train_in_sample_diagnostic,original_P2_10_same_job,semantic_lambda1_actions3,False,$DATA_DIR/P2_10_20260911T122423Z/results/small/obqa/train_predictions_semantic.npz,,"[164, 0, 92, 0]",0.0,0.0,0.0,0.0,118.0,0.4609375,252.0,4.0,22.0,6.0,44.0,16.0,4.0,118.0,0.4609375,252.0,4.0,22.0,6.0,44.0,16.0,4.0,118.0,0.4609375,252.0,4.0,22.0,6.0,44.0,16.0,4.0,348.43054321875,348.892677,441.07551475,29.4158408828125
panel,small,obqa,train,256,old_scoring,False,train_in_sample_diagnostic,original_P2_10_same_job,semantic_lambda3_actions3,False,$DATA_DIR/P2_10_20260911T122423Z/results/small/obqa/train_predictions_semantic.npz,,"[237, 0, 19, 0]",0.0,0.0,0.0,0.0,104.0,0.40625,248.0,8.0,4.0,2.0,10.0,4.0,0.0,104.0,0.40625,248.0,8.0,4.0,2.0,10.0,4.0,0.0,104.0,0.40625,248.0,8.0,4.0,2.0,10.0,4.0,0.0,343.15311433984374,344.5310945,451.72767849999997,29.4158408828125
panel,small,obqa,train,256,old_scoring,False,train_in_sample_diagnostic,original_P2_10_same_job,semantic_lambda0_actions4,False,$DATA_DIR/P2_10_20260911T122423Z/results/small/obqa/train_predictions_semantic.npz,,"[3, 56, 194, 3]",0.0,0.0,0.0,0.0,143.0,0.55859375,256.0,0.0,63.0,22.0,124.0,39.0,8.0,143.0,0.55859375,256.0,0.0,63.0,22.0,124.0,39.0,8.0,143.0,0.55859375,256.0,0.0,63.0,22.0,124.0,39.0,8.0,518.3600694453125,365.4659085,1093.3267700000001,28.20972175
panel,small,obqa,train,256,old_scoring,False,train_in_sample_diagnostic,original_P2_10_same_job,semantic_lambda0.01_actions4,False,$DATA_DIR/P2_10_20260911T122423Z/results/small/obqa/train_predictions_semantic.npz,,"[4, 43, 206, 3]",0.0,0.0,0.0,0.0,140.0,0.546875,256.0,0.0,61.0,23.0,124.0,40.0,8.0,140.0,0.546875,256.0,0.0,61.0,23.0,124.0,40.0,8.0,140.0,0.546875,256.0,0.0,61.0,23.0,124.0,40.0,8.0,478.91716475,365.034084,874.5632007500001,28.20972175
panel,small,obqa,train,256,old_scoring,False,train_in_sample_diagnostic,original_P2_10_same_job,semantic_lambda0.03_actions4,False,$DATA_DIR/P2_10_20260911T122423Z/results/small/obqa/train_predictions_semantic.npz,,"[4, 26, 221, 5]",0.0,0.0,0.0,0.0,137.0,0.53515625,255.0,1.0,59.0,24.0,125.0,42.0,9.0,137.0,0.53515625,255.0,1.0,59.0,24.0,125.0,42.0,9.0,137.0,0.53515625,255.0,1.0,59.0,24.0,125.0,42.0,9.0,440.44146680078126,364.786017,779.4629925,28.20972175
panel,small,obqa,train,256,old_scoring,False,train_in_sample_diagnostic,original_P2_10_same_job,semantic_lambda0.1_actions4,False,$DATA_DIR/P2_10_20260911T122423Z/results/small/obqa/train_predictions_semantic.npz,,"[9, 2, 240, 5]",0.0,0.0,0.0,0.0,134.0,0.5234375,255.0,1.0,57.0,25.0,123.0,41.0,9.0,134.0,0.5234375,255.0,1.0,57.0,25.0,123.0,41.0,9.0,134.0,0.5234375,255.0,1.0,57.0,25.0,123.0,41.0,9.0,397.83040609375,363.856982,580.1160622499999,28.20972175
panel,small,obqa,train,256,old_scoring,False,train_in_sample_diagnostic,original_P2_10_same_job,semantic_lambda0.3_actions4,False,$DATA_DIR/P2_10_20260911T122423Z/results/small/obqa/train_predictions_semantic.npz,,"[23, 0, 229, 4]",0.0,0.0,0.0,0.0,135.0,0.52734375,256.0,0.0,57.0,24.0,116.0,35.0,8.0,135.0,0.52734375,256.0,0.0,57.0,24.0,116.0,35.0,8.0,135.0,0.52734375,256.0,0.0,57.0,24.0,116.0,35.0,8.0,392.6341789648437,362.85155199999997,548.8031892500001,28.20972175
panel,small,obqa,train,256,old_scoring,False,train_in_sample_diagnostic,original_P2_10_same_job,semantic_lambda1_actions4,False,$DATA_DIR/P2_10_20260911T122423Z/results/small/obqa/train_predictions_semantic.npz,,"[162, 0, 90, 4]",0.0,0.0,0.0,0.0,119.0,0.46484375,252.0,4.0,22.0,5.0,43.0,16.0,4.0,119.0,0.46484375,252.0,4.0,22.0,5.0,43.0,16.0,4.0,119.0,0.46484375,252.0,4.0,22.0,5.0,43.0,16.0,4.0,347.14631349609374,348.812596,438.5292305,28.20972175
panel,small,obqa,train,256,old_scoring,False,train_in_sample_diagnostic,original_P2_10_same_job,semantic_lambda3_actions4,False,$DATA_DIR/P2_10_20260911T122423Z/results/small/obqa/train_predictions_semantic.npz,,"[235, 0, 19, 2]",0.0,0.0,0.0,0.0,104.0,0.40625,248.0,8.0,4.0,2.0,10.0,4.0,0.0,104.0,0.40625,248.0,8.0,4.0,2.0,10.0,4.0,0.0,104.0,0.40625,248.0,8.0,4.0,2.0,10.0,4.0,0.0,340.9675602851562,344.2732335,442.55503174999996,28.20972175
panel,small,obqa,train,256,old_scoring,False,train_in_sample_diagnostic,original_P2_10_same_job,train_frozen_mixture,False,$DATA_DIR/P2_10_20260911T122423Z/results/small/obqa/train_mixture_receipt.json,"[0.0, 0.2656829168043691, 0.7343170831956309, 0.0]",,0.0,0.0,0.0,0.0,131.53136583360873,0.5137943977875341,253.87453666556507,2.125463334434953,56.67158541597816,27.14021958236942,122.42065874710823,38.60885374876068,10.125463334434954,131.53136583360873,0.5137943977875341,253.87453666556507,2.125463334434953,56.67158541597816,27.14021958236942,122.42065874710823,38.60885374876068,10.125463334434954,131.53136583360873,0.5137943977875341,253.87453666556507,2.125463334434953,56.67158541597816,27.14021958236942,122.42065874710823,38.60885374876068,10.125463334434954,507.7896265820315,442.6458413970299,812.9122983782077,0.0
full,small,obqa,dev,742,old_scoring,False,previously_exposed_development,accuracy_only,R,False,fixed_action,,"[742, 0, 0, 0]",0.0,0.0,0.0,0.0,285.0,0.38409703504043125,717.0,25.0,0.0,0.0,0.0,0.0,0.0,285.0,0.38409703504043125,717.0,25.0,0.0,0.0,0.0,0.0,0.0,285.0,0.38409703504043125,717.0,25.0,0.0,0.0,0.0,0.0,0.0,,,,
full,small,obqa,dev,742,old_scoring,False,previously_exposed_development,accuracy_only,T,False,fixed_action,,"[0, 742, 0, 0]",0.0,0.0,0.0,0.0,346.0,0.46630727762803237,704.0,38.0,136.0,75.0,339.0,128.0,51.0,346.0,0.46630727762803237,704.0,38.0,136.0,75.0,339.0,128.0,51.0,346.0,0.46630727762803237,704.0,38.0,136.0,75.0,339.0,128.0,51.0,,,,
full,small,obqa,dev,742,old_scoring,False,previously_exposed_development,accuracy_only,C,False,fixed_action,,"[0, 0, 742, 0]",1.0,0.0,0.0,0.0,365.0,0.4919137466307278,741.0,1.0,147.0,67.0,351.0,137.0,26.0,366.0,0.49326145552560646,742.0,0.0,147.0,66.0,350.0,137.0,25.0,366.0,0.49326145552560646,742.0,0.0,147.0,66.0,350.0,137.0,25.0,,,,
full,small,obqa,dev,742,old_scoring,False,previously_exposed_development,accuracy_only,A,False,fixed_action,,"[0, 0, 0, 742]",0.0,0.0,0.0,0.0,284.0,0.38274932614555257,679.0,63.0,16.0,17.0,60.0,27.0,40.0,284.0,0.38274932614555257,679.0,63.0,16.0,17.0,60.0,27.0,40.0,284.0,0.38274932614555257,679.0,63.0,16.0,17.0,60.0,27.0,40.0,,,,
full,small,obqa,dev,742,old_scoring,False,previously_exposed_development,accuracy_only,word_lambda0_actions3,False,$DATA_DIR/P2_10_20260911T122423Z/results/small/obqa/dev_predictions_word.npz,,"[21, 171, 550, 0]",1.0,0.0,0.0,0.0,361.0,0.4865229110512129,734.0,8.0,144.0,68.0,347.0,135.0,29.0,362.0,0.48787061994609165,735.0,7.0,144.0,67.0,346.0,135.0,28.0,362.0,0.48787061994609165,735.0,7.0,144.0,67.0,346.0,135.0,28.0,,,,
full,small,obqa,dev,742,old_scoring,False,previously_exposed_development,accuracy_only,word_lambda0.01_actions3,False,$DATA_DIR/P2_10_20260911T122423Z/results/small/obqa/dev_predictions_word.npz,,"[23, 141, 578, 0]",1.0,0.0,0.0,0.0,360.0,0.48517520215633425,735.0,7.0,144.0,69.0,344.0,131.0,28.0,361.0,0.4865229110512129,736.0,6.0,144.0,68.0,343.0,131.0,27.0,361.0,0.4865229110512129,736.0,6.0,144.0,68.0,343.0,131.0,27.0,,,,
full,small,obqa,dev,742,old_scoring,False,previously_exposed_development,accuracy_only,word_lambda0.03_actions3,False,$DATA_DIR/P2_10_20260911T122423Z/results/small/obqa/dev_predictions_word.npz,,"[37, 83, 622, 0]",1.0,0.0,0.0,0.0,359.0,0.4838274932614555,737.0,5.0,143.0,69.0,343.0,131.0,26.0,360.0,0.48517520215633425,738.0,4.0,143.0,68.0,342.0,131.0,25.0,360.0,0.48517520215633425,738.0,4.0,143.0,68.0,342.0,131.0,25.0,,,,
full,small,obqa,dev,742,old_scoring,False,previously_exposed_development,accuracy_only,word_lambda0.1_actions3,False,$DATA_DIR/P2_10_20260911T122423Z/results/small/obqa/dev_predictions_word.npz,,"[62, 13, 667, 0]",1.0,0.0,0.0,0.0,362.0,0.48787061994609165,739.0,3.0,141.0,64.0,330.0,125.0,24.0,363.0,0.48921832884097033,740.0,2.0,141.0,63.0,329.0,125.0,23.0,363.0,0.48921832884097033,740.0,2.0,141.0,63.0,329.0,125.0,23.0,,,,
full,small,obqa,dev,742,old_scoring,False,previously_exposed_development,accuracy_only,word_lambda0.3_actions3,False,$DATA_DIR/P2_10_20260911T122423Z/results/small/obqa/dev_predictions_word.npz,,"[129, 0, 613, 0]",1.0,0.0,0.0,0.0,352.0,0.4743935309973046,734.0,8.0,125.0,58.0,294.0,111.0,19.0,353.0,0.4757412398921833,735.0,7.0,125.0,57.0,293.0,111.0,18.0,353.0,0.4757412398921833,735.0,7.0,125.0,57.0,293.0,111.0,18.0,,,,
full,small,obqa,dev,742,old_scoring,False,previously_exposed_development,accuracy_only,word_lambda1_actions3,False,$DATA_DIR/P2_10_20260911T122423Z/results/small/obqa/dev_predictions_word.npz,,"[443, 0, 299, 0]",1.0,0.0,0.0,0.0,317.0,0.4272237196765499,724.0,18.0,64.0,32.0,151.0,55.0,9.0,318.0,0.42857142857142855,725.0,17.0,64.0,31.0,150.0,55.0,8.0,318.0,0.42857142857142855,725.0,17.0,64.0,31.0,150.0,55.0,8.0,,,,
full,small,obqa,dev,742,old_scoring,False,previously_exposed_development,accuracy_only,word_lambda3_actions3,False,$DATA_DIR/P2_10_20260911T122423Z/results/small/obqa/dev_predictions_word.npz,,"[717, 0, 25, 0]",0.0,0.0,0.0,0.0,289.0,0.3894878706199461,718.0,24.0,6.0,2.0,12.0,4.0,1.0,289.0,0.3894878706199461,718.0,24.0,6.0,2.0,12.0,4.0,1.0,289.0,0.3894878706199461,718.0,24.0,6.0,2.0,12.0,4.0,1.0,,,,
full,small,obqa,dev,742,old_scoring,False,previously_exposed_development,accuracy_only,word_lambda0_actions4,False,$DATA_DIR/P2_10_20260911T122423Z/results/small/obqa/dev_predictions_word.npz,,"[18, 169, 549, 6]",1.0,0.0,0.0,0.0,360.0,0.48517520215633425,734.0,8.0,143.0,68.0,346.0,135.0,29.0,361.0,0.4865229110512129,735.0,7.0,143.0,67.0,345.0,135.0,28.0,361.0,0.4865229110512129,735.0,7.0,143.0,67.0,345.0,135.0,28.0,,,,
full,small,obqa,dev,742,old_scoring,False,previously_exposed_development,accuracy_only,word_lambda0.01_actions4,True,$DATA_DIR/P2_10_20260911T122423Z/results/small/obqa/dev_predictions_word.npz,,"[18, 138, 577, 9]",1.0,0.0,0.0,0.0,361.0,0.4865229110512129,735.0,7.0,144.0,68.0,343.0,131.0,28.0,362.0,0.48787061994609165,736.0,6.0,144.0,67.0,342.0,131.0,27.0,362.0,0.48787061994609165,736.0,6.0,144.0,67.0,342.0,131.0,27.0,,,,
full,small,obqa,dev,742,old_scoring,False,previously_exposed_development,accuracy_only,word_lambda0.03_actions4,False,$DATA_DIR/P2_10_20260911T122423Z/results/small/obqa/dev_predictions_word.npz,,"[29, 83, 621, 9]",1.0,0.0,0.0,0.0,359.0,0.4838274932614555,737.0,5.0,143.0,69.0,343.0,131.0,26.0,360.0,0.48517520215633425,738.0,4.0,143.0,68.0,342.0,131.0,25.0,360.0,0.48517520215633425,738.0,4.0,143.0,68.0,342.0,131.0,25.0,,,,
full,small,obqa,dev,742,old_scoring,False,previously_exposed_development,accuracy_only,word_lambda0.1_actions4,False,$DATA_DIR/P2_10_20260911T122423Z/results/small/obqa/dev_predictions_word.npz,,"[51, 13, 663, 15]",1.0,0.0,0.0,0.0,361.0,0.4865229110512129,739.0,3.0,140.0,64.0,328.0,124.0,24.0,362.0,0.48787061994609165,740.0,2.0,140.0,63.0,327.0,124.0,23.0,362.0,0.48787061994609165,740.0,2.0,140.0,63.0,327.0,124.0,23.0,,,,
full,small,obqa,dev,742,old_scoring,False,previously_exposed_development,accuracy_only,word_lambda0.3_actions4,False,$DATA_DIR/P2_10_20260911T122423Z/results/small/obqa/dev_predictions_word.npz,,"[120, 0, 612, 10]",1.0,0.0,0.0,0.0,351.0,0.47304582210242585,734.0,8.0,124.0,58.0,293.0,111.0,19.0,352.0,0.4743935309973046,735.0,7.0,124.0,57.0,292.0,111.0,18.0,352.0,0.4743935309973046,735.0,7.0,124.0,57.0,292.0,111.0,18.0,,,,
full,small,obqa,dev,742,old_scoring,False,previously_exposed_development,accuracy_only,word_lambda1_actions4,False,$DATA_DIR/P2_10_20260911T122423Z/results/small/obqa/dev_predictions_word.npz,,"[442, 0, 299, 1]",1.0,0.0,0.0,0.0,317.0,0.4272237196765499,724.0,18.0,64.0,32.0,151.0,55.0,9.0,318.0,0.42857142857142855,725.0,17.0,64.0,31.0,150.0,55.0,8.0,318.0,0.42857142857142855,725.0,17.0,64.0,31.0,150.0,55.0,8.0,,,,
full,small,obqa,dev,742,old_scoring,False,previously_exposed_development,accuracy_only,word_lambda3_actions4,False,$DATA_DIR/P2_10_20260911T122423Z/results/small/obqa/dev_predictions_word.npz,,"[716, 0, 25, 1]",0.0,0.0,0.0,0.0,289.0,0.3894878706199461,718.0,24.0,6.0,2.0,12.0,4.0,1.0,289.0,0.3894878706199461,718.0,24.0,6.0,2.0,12.0,4.0,1.0,289.0,0.3894878706199461,718.0,24.0,6.0,2.0,12.0,4.0,1.0,,,,
full,small,obqa,dev,742,old_scoring,False,previously_exposed_development,accuracy_only,semantic_lambda0_actions3,False,$DATA_DIR/P2_10_20260911T122423Z/results/small/obqa/dev_predictions_semantic.npz,,"[5, 153, 584, 0]",0.0,0.0,0.0,0.0,360.0,0.48517520215633425,740.0,2.0,145.0,70.0,350.0,135.0,27.0,360.0,0.48517520215633425,740.0,2.0,145.0,70.0,350.0,135.0,27.0,360.0,0.48517520215633425,740.0,2.0,145.0,70.0,350.0,135.0,27.0,,,,
full,small,obqa,dev,742,old_scoring,False,previously_exposed_development,accuracy_only,semantic_lambda0.01_actions3,False,$DATA_DIR/P2_10_20260911T122423Z/results/small/obqa/dev_predictions_semantic.npz,,"[8, 124, 610, 0]",0.0,0.0,0.0,0.0,361.0,0.4865229110512129,741.0,1.0,144.0,68.0,346.0,134.0,26.0,361.0,0.4865229110512129,741.0,1.0,144.0,68.0,346.0,134.0,26.0,361.0,0.4865229110512129,741.0,1.0,144.0,68.0,346.0,134.0,26.0,,,,
full,small,obqa,dev,742,old_scoring,False,previously_exposed_development,accuracy_only,semantic_lambda0.03_actions3,False,$DATA_DIR/P2_10_20260911T122423Z/results/small/obqa/dev_predictions_semantic.npz,,"[10, 79, 653, 0]",0.0,0.0,0.0,0.0,359.0,0.4838274932614555,741.0,1.0,141.0,67.0,344.0,136.0,26.0,359.0,0.4838274932614555,741.0,1.0,141.0,67.0,344.0,136.0,26.0,359.0,0.4838274932614555,741.0,1.0,141.0,67.0,344.0,136.0,26.0,,,,
full,small,obqa,dev,742,old_scoring,False,previously_exposed_development,accuracy_only,semantic_lambda0.1_actions3,False,$DATA_DIR/P2_10_20260911T122423Z/results/small/obqa/dev_predictions_semantic.npz,,"[32, 6, 704, 0]",0.0,0.0,0.0,0.0,361.0,0.4865229110512129,742.0,0.0,140.0,64.0,334.0,130.0,25.0,361.0,0.4865229110512129,742.0,0.0,140.0,64.0,334.0,130.0,25.0,361.0,0.4865229110512129,742.0,0.0,140.0,64.0,334.0,130.0,25.0,,,,
full,small,obqa,dev,742,old_scoring,False,previously_exposed_development,accuracy_only,semantic_lambda0.3_actions3,False,$DATA_DIR/P2_10_20260911T122423Z/results/small/obqa/dev_predictions_semantic.npz,,"[79, 0, 663, 0]",0.0,0.0,0.0,0.0,355.0,0.4784366576819407,740.0,2.0,127.0,57.0,306.0,122.0,23.0,355.0,0.4784366576819407,740.0,2.0,127.0,57.0,306.0,122.0,23.0,355.0,0.4784366576819407,740.0,2.0,127.0,57.0,306.0,122.0,23.0,,,,
full,small,obqa,dev,742,old_scoring,False,previously_exposed_development,accuracy_only,semantic_lambda1_actions3,False,$DATA_DIR/P2_10_20260911T122423Z/results/small/obqa/dev_predictions_semantic.npz,,"[446, 0, 296, 0]",0.0,0.0,0.0,0.0,319.0,0.4299191374663073,731.0,11.0,62.0,28.0,149.0,59.0,14.0,319.0,0.4299191374663073,731.0,11.0,62.0,28.0,149.0,59.0,14.0,319.0,0.4299191374663073,731.0,11.0,62.0,28.0,149.0,59.0,14.0,,,,
full,small,obqa,dev,742,old_scoring,False,previously_exposed_development,accuracy_only,semantic_lambda3_actions3,False,$DATA_DIR/P2_10_20260911T122423Z/results/small/obqa/dev_predictions_semantic.npz,,"[703, 0, 39, 0]",0.0,0.0,0.0,0.0,292.0,0.3935309973045822,720.0,22.0,8.0,1.0,17.0,8.0,3.0,292.0,0.3935309973045822,720.0,22.0,8.0,1.0,17.0,8.0,3.0,292.0,0.3935309973045822,720.0,22.0,8.0,1.0,17.0,8.0,3.0,,,,
full,small,obqa,dev,742,old_scoring,False,previously_exposed_development,accuracy_only,semantic_lambda0_actions4,False,$DATA_DIR/P2_10_20260911T122423Z/results/small/obqa/dev_predictions_semantic.npz,,"[4, 153, 582, 3]",0.0,0.0,0.0,0.0,359.0,0.4838274932614555,740.0,2.0,144.0,70.0,348.0,134.0,27.0,359.0,0.4838274932614555,740.0,2.0,144.0,70.0,348.0,134.0,27.0,359.0,0.4838274932614555,740.0,2.0,144.0,70.0,348.0,134.0,27.0,,,,
full,small,obqa,dev,742,old_scoring,False,previously_exposed_development,accuracy_only,semantic_lambda0.01_actions4,False,$DATA_DIR/P2_10_20260911T122423Z/results/small/obqa/dev_predictions_semantic.npz,,"[6, 124, 609, 3]",0.0,0.0,0.0,0.0,360.0,0.48517520215633425,741.0,1.0,143.0,68.0,345.0,134.0,26.0,360.0,0.48517520215633425,741.0,1.0,143.0,68.0,345.0,134.0,26.0,360.0,0.48517520215633425,741.0,1.0,143.0,68.0,345.0,134.0,26.0,,,,
full,small,obqa,dev,742,old_scoring,False,previously_exposed_development,accuracy_only,semantic_lambda0.03_actions4,False,$DATA_DIR/P2_10_20260911T122423Z/results/small/obqa/dev_predictions_semantic.npz,,"[8, 79, 652, 3]",0.0,0.0,0.0,0.0,358.0,0.48247978436657685,741.0,1.0,140.0,67.0,343.0,136.0,26.0,358.0,0.48247978436657685,741.0,1.0,140.0,67.0,343.0,136.0,26.0,358.0,0.48247978436657685,741.0,1.0,140.0,67.0,343.0,136.0,26.0,,,,
full,small,obqa,dev,742,old_scoring,False,previously_exposed_development,accuracy_only,semantic_lambda0.1_actions4,False,$DATA_DIR/P2_10_20260911T122423Z/results/small/obqa/dev_predictions_semantic.npz,,"[24, 6, 702, 10]",0.0,0.0,0.0,0.0,361.0,0.4865229110512129,741.0,1.0,139.0,63.0,333.0,131.0,26.0,361.0,0.4865229110512129,741.0,1.0,139.0,63.0,333.0,131.0,26.0,361.0,0.4865229110512129,741.0,1.0,139.0,63.0,333.0,131.0,26.0,,,,
full,small,obqa,dev,742,old_scoring,False,previously_exposed_development,accuracy_only,semantic_lambda0.3_actions4,False,$DATA_DIR/P2_10_20260911T122423Z/results/small/obqa/dev_predictions_semantic.npz,,"[72, 0, 661, 9]",0.0,0.0,0.0,0.0,355.0,0.4784366576819407,740.0,2.0,127.0,57.0,306.0,122.0,23.0,355.0,0.4784366576819407,740.0,2.0,127.0,57.0,306.0,122.0,23.0,355.0,0.4784366576819407,740.0,2.0,127.0,57.0,306.0,122.0,23.0,,,,
full,small,obqa,dev,742,old_scoring,False,previously_exposed_development,accuracy_only,semantic_lambda1_actions4,False,$DATA_DIR/P2_10_20260911T122423Z/results/small/obqa/dev_predictions_semantic.npz,,"[442, 0, 296, 4]",0.0,0.0,0.0,0.0,319.0,0.4299191374663073,731.0,11.0,62.0,28.0,149.0,59.0,14.0,319.0,0.4299191374663073,731.0,11.0,62.0,28.0,149.0,59.0,14.0,319.0,0.4299191374663073,731.0,11.0,62.0,28.0,149.0,59.0,14.0,,,,
full,small,obqa,dev,742,old_scoring,False,previously_exposed_development,accuracy_only,semantic_lambda3_actions4,False,$DATA_DIR/P2_10_20260911T122423Z/results/small/obqa/dev_predictions_semantic.npz,,"[703, 0, 39, 0]",0.0,0.0,0.0,0.0,292.0,0.3935309973045822,720.0,22.0,8.0,1.0,17.0,8.0,3.0,292.0,0.3935309973045822,720.0,22.0,8.0,1.0,17.0,8.0,3.0,292.0,0.3935309973045822,720.0,22.0,8.0,1.0,17.0,8.0,3.0,,,,
full,small,obqa,dev,742,old_scoring,False,previously_exposed_development,accuracy_only,train_frozen_mixture,False,$DATA_DIR/P2_10_20260911T122423Z/results/small/obqa/train_mixture_receipt.json,"[0.0, 0.2656829168043691, 0.7343170831956309, 0.0]",,0.7343170831956309,0.0,0.0,0.0,359.95202458071697,0.48511054525703096,731.1697320782383,10.830267921761656,144.07748791515195,69.12546333443495,347.81180499834755,134.60885374876068,32.64207292010923,360.68634166391263,0.48610019092171514,731.9040491614339,10.095950838566026,144.07748791515195,68.39114625123932,347.0774879151519,134.60885374876068,31.9077558369136,360.68634166391263,0.48610019092171514,731.9040491614339,10.095950838566026,144.07748791515195,68.39114625123932,347.0774879151519,134.60885374876068,31.9077558369136,,,,
panel,small,obqa,dev,128,old_scoring,False,previously_exposed_development,original_P2_10_same_job,R,False,fixed_action,,"[128, 0, 0, 0]",0.0,0.0,0.0,0.0,56.0,0.4375,124.0,4.0,0.0,0.0,0.0,0.0,0.0,56.0,0.4375,124.0,4.0,0.0,0.0,0.0,0.0,0.0,56.0,0.4375,124.0,4.0,0.0,0.0,0.0,0.0,0.0,295.2237855390625,280.493698,424.9323773999998,0.0
panel,small,obqa,dev,128,old_scoring,False,previously_exposed_development,original_P2_10_same_job,T,False,fixed_action,,"[0, 128, 0, 0]",0.0,0.0,0.0,0.0,66.0,0.515625,124.0,4.0,21.0,11.0,49.0,17.0,8.0,66.0,0.515625,124.0,4.0,21.0,11.0,49.0,17.0,8.0,66.0,0.515625,124.0,4.0,21.0,11.0,49.0,17.0,8.0,899.4116217734374,701.589211,1948.9506294999992,0.0
panel,small,obqa,dev,128,old_scoring,False,previously_exposed_development,original_P2_10_same_job,C,False,fixed_action,,"[0, 0, 128, 0]",0.0,0.0,0.0,0.0,66.0,0.515625,128.0,0.0,22.0,12.0,58.0,24.0,4.0,66.0,0.515625,128.0,0.0,22.0,12.0,58.0,24.0,4.0,66.0,0.515625,128.0,0.0,22.0,12.0,58.0,24.0,4.0,361.868204640625,327.438151,528.4538958499998,0.0
panel,small,obqa,dev,128,old_scoring,False,previously_exposed_development,original_P2_10_same_job,A,False,fixed_action,,"[0, 0, 0, 128]",0.0,0.0,0.0,0.0,54.0,0.421875,118.0,10.0,1.0,3.0,7.0,3.0,6.0,54.0,0.421875,118.0,10.0,1.0,3.0,7.0,3.0,6.0,54.0,0.421875,118.0,10.0,1.0,3.0,7.0,3.0,6.0,312.516828953125,299.04453,425.89541625,0.0
panel,small,obqa,dev,128,old_scoring,False,previously_exposed_development,original_P2_10_same_job,word_lambda0_actions3,False,$DATA_DIR/P2_10_20260911T122423Z/results/small/obqa/dev_predictions_word.npz,,"[2, 30, 96, 0]",0.0,0.0,0.0,0.0,69.0,0.5390625,128.0,0.0,23.0,10.0,53.0,20.0,4.0,69.0,0.5390625,128.0,0.0,23.0,10.0,53.0,20.0,4.0,69.0,0.5390625,128.0,0.0,23.0,10.0,53.0,20.0,4.0,496.5618256640625,330.879914,993.5600734999997,1.2591687265625
panel,small,obqa,dev,128,old_scoring,False,previously_exposed_development,original_P2_10_same_job,word_lambda0.01_actions3,False,$DATA_DIR/P2_10_20260911T122423Z/results/small/obqa/dev_predictions_word.npz,,"[3, 24, 101, 0]",0.0,0.0,0.0,0.0,66.0,0.515625,128.0,0.0,21.0,11.0,53.0,21.0,4.0,66.0,0.515625,128.0,0.0,21.0,11.0,53.0,21.0,4.0,66.0,0.515625,128.0,0.0,21.0,11.0,53.0,21.0,4.0,460.8185164140625,330.2471905,931.922385749999,1.2591687265625
panel,small,obqa,dev,128,old_scoring,False,previously_exposed_development,original_P2_10_same_job,word_lambda0.03_actions3,False,$DATA_DIR/P2_10_20260911T122423Z/results/small/obqa/dev_predictions_word.npz,,"[6, 13, 109, 0]",0.0,0.0,0.0,0.0,67.0,0.5234375,128.0,0.0,23.0,12.0,58.0,23.0,4.0,67.0,0.5234375,128.0,0.0,23.0,12.0,58.0,23.0,4.0,67.0,0.5234375,128.0,0.0,23.0,12.0,58.0,23.0,4.0,426.8599994609375,328.7630105,813.9481951499994,1.2591687265625
panel,small,obqa,dev,128,old_scoring,False,previously_exposed_development,original_P2_10_same_job,word_lambda0.1_actions3,False,$DATA_DIR/P2_10_20260911T122423Z/results/small/obqa/dev_predictions_word.npz,,"[9, 2, 117, 0]",0.0,0.0,0.0,0.0,66.0,0.515625,128.0,0.0,21.0,11.0,55.0,23.0,4.0,66.0,0.515625,128.0,0.0,21.0,11.0,55.0,23.0,4.0,66.0,0.515625,128.0,0.0,21.0,11.0,55.0,23.0,4.0,375.50859196093745,328.4914455,542.8476313,1.2591687265625
panel,small,obqa,dev,128,old_scoring,False,previously_exposed_development,original_P2_10_same_job,word_lambda0.3_actions3,False,$DATA_DIR/P2_10_20260911T122423Z/results/small/obqa/dev_predictions_word.npz,,"[17, 0, 111, 0]",0.0,0.0,0.0,0.0,66.0,0.515625,128.0,0.0,19.0,9.0,49.0,21.0,4.0,66.0,0.515625,128.0,0.0,19.0,9.0,49.0,21.0,4.0,66.0,0.515625,128.0,0.0,19.0,9.0,49.0,21.0,4.0,355.60100465625,328.4914455,523.1190639499998,1.2591687265625
panel,small,obqa,dev,128,old_scoring,False,previously_exposed_development,original_P2_10_same_job,word_lambda1_actions3,False,$DATA_DIR/P2_10_20260911T122423Z/results/small/obqa/dev_predictions_word.npz,,"[79, 0, 49, 0]",0.0,0.0,0.0,0.0,58.0,0.453125,124.0,4.0,5.0,3.0,16.0,8.0,0.0,58.0,0.453125,124.0,4.0,5.0,3.0,16.0,8.0,0.0,58.0,0.453125,124.0,4.0,5.0,3.0,16.0,8.0,0.0,323.51146277343753,327.516303,449.34874349999984,1.2591687265625
panel,small,obqa,dev,128,old_scoring,False,previously_exposed_development,original_P2_10_same_job,word_lambda3_actions3,False,$DATA_DIR/P2_10_20260911T122423Z/results/small/obqa/dev_predictions_word.npz,,"[126, 0, 2, 0]",0.0,0.0,0.0,0.0,56.0,0.4375,124.0,4.0,0.0,0.0,0.0,0.0,0.0,56.0,0.4375,124.0,4.0,0.0,0.0,0.0,0.0,0.0,56.0,0.4375,124.0,4.0,0.0,0.0,0.0,0.0,0.0,297.2012912578125,281.6911285,427.73679334999974,1.2591687265625
panel,small,obqa,dev,128,old_scoring,False,previously_exposed_development,original_P2_10_same_job,word_lambda0_actions4,False,$DATA_DIR/P2_10_20260911T122423Z/results/small/obqa/dev_predictions_word.npz,,"[2, 29, 96, 1]",0.0,0.0,0.0,0.0,69.0,0.5390625,128.0,0.0,23.0,10.0,53.0,20.0,4.0,69.0,0.5390625,128.0,0.0,23.0,10.0,53.0,20.0,4.0,69.0,0.5390625,128.0,0.0,23.0,10.0,53.0,20.0,4.0,494.6554826875,330.4882035,993.2122877499997,1.0108318281250002
panel,small,obqa,dev,128,old_scoring,False,previously_exposed_development,original_P2_10_same_job,word_lambda0.01_actions4,True,$DATA_DIR/P2_10_20260911T122423Z/results/small/obqa/dev_predictions_word.npz,,"[2, 23, 101, 2]",0.0,0.0,0.0,0.0,66.0,0.515625,128.0,0.0,21.0,11.0,53.0,21.0,4.0,66.0,0.515625,128.0,0.0,21.0,11.0,53.0,21.0,4.0,66.0,0.515625,128.0,0.0,21.0,11.0,53.0,21.0,4.0,457.2890492890625,329.7322295,931.662929599999,1.0108318281250002
panel,small,obqa,dev,128,old_scoring,False,previously_exposed_development,original_P2_10_same_job,word_lambda0.03_actions4,False,$DATA_DIR/P2_10_20260911T122423Z/results/small/obqa/dev_predictions_word.npz,,"[4, 13, 109, 2]",0.0,0.0,0.0,0.0,67.0,0.5234375,128.0,0.0,23.0,12.0,58.0,23.0,4.0,67.0,0.5234375,128.0,0.0,23.0,12.0,58.0,23.0,4.0,67.0,0.5234375,128.0,0.0,23.0,12.0,58.0,23.0,4.0,426.89689046875003,328.522062,813.7542024499994,1.0108318281250002
panel,small,obqa,dev,128,old_scoring,False,previously_exposed_development,original_P2_10_same_job,word_lambda0.1_actions4,False,$DATA_DIR/P2_10_20260911T122423Z/results/small/obqa/dev_predictions_word.npz,,"[6, 2, 116, 4]",0.0,0.0,0.0,0.0,65.0,0.5078125,128.0,0.0,20.0,11.0,54.0,23.0,4.0,65.0,0.5078125,128.0,0.0,20.0,11.0,54.0,23.0,4.0,65.0,0.5078125,128.0,0.0,20.0,11.0,54.0,23.0,4.0,375.7116907109375,328.22545249999996,542.6800139999999,1.0108318281250002
panel,small,obqa,dev,128,old_scoring,False,previously_exposed_development,original_P2_10_same_job,word_lambda0.3_actions4,False,$DATA_DIR/P2_10_20260911T122423Z/results/small/obqa/dev_predictions_word.npz,,"[13, 0, 111, 4]",0.0,0.0,0.0,0.0,66.0,0.515625,128.0,0.0,19.0,9.0,49.0,21.0,4.0,66.0,0.515625,128.0,0.0,19.0,9.0,49.0,21.0,4.0,66.0,0.515625,128.0,0.0,19.0,9.0,49.0,21.0,4.0,355.922664859375,328.22545249999996,522.8714519999999,1.0108318281250002
panel,small,obqa,dev,128,old_scoring,False,previously_exposed_development,original_P2_10_same_job,word_lambda1_actions4,False,$DATA_DIR/P2_10_20260911T122423Z/results/small/obqa/dev_predictions_word.npz,,"[79, 0, 49, 0]",0.0,0.0,0.0,0.0,58.0,0.453125,124.0,4.0,5.0,3.0,16.0,8.0,0.0,58.0,0.453125,124.0,4.0,5.0,3.0,16.0,8.0,0.0,58.0,0.453125,124.0,4.0,5.0,3.0,16.0,8.0,0.0,323.263125875,327.214153,449.13475004999987,1.0108318281250002
panel,small,obqa,dev,128,old_scoring,False,previously_exposed_development,original_P2_10_same_job,word_lambda3_actions4,False,$DATA_DIR/P2_10_20260911T122423Z/results/small/obqa/dev_predictions_word.npz,,"[126, 0, 2, 0]",0.0,0.0,0.0,0.0,56.0,0.4375,124.0,4.0,0.0,0.0,0.0,0.0,0.0,56.0,0.4375,124.0,4.0,0.0,0.0,0.0,0.0,0.0,56.0,0.4375,124.0,4.0,0.0,0.0,0.0,0.0,0.0,296.952954359375,281.5032235,427.52368489999975,1.0108318281250002
panel,small,obqa,dev,128,old_scoring,False,previously_exposed_development,original_P2_10_same_job,semantic_lambda0_actions3,False,$DATA_DIR/P2_10_20260911T122423Z/results/small/obqa/dev_predictions_semantic.npz,,"[1, 29, 98, 0]",0.0,0.0,0.0,0.0,62.0,0.484375,128.0,0.0,20.0,14.0,57.0,23.0,4.0,62.0,0.484375,128.0,0.0,20.0,14.0,57.0,23.0,4.0,62.0,0.484375,128.0,0.0,20.0,14.0,57.0,23.0,4.0,500.0129459765625,358.025582,954.0198227499989,28.809913625
panel,small,obqa,dev,128,old_scoring,False,previously_exposed_development,original_P2_10_same_job,semantic_lambda0.01_actions3,False,$DATA_DIR/P2_10_20260911T122423Z/results/small/obqa/dev_predictions_semantic.npz,,"[2, 25, 101, 0]",0.0,0.0,0.0,0.0,61.0,0.4765625,128.0,0.0,18.0,13.0,54.0,23.0,4.0,61.0,0.4765625,128.0,0.0,18.0,13.0,54.0,23.0,4.0,61.0,0.4765625,128.0,0.0,18.0,13.0,54.0,23.0,4.0,479.421563984375,357.6317825,839.9779893999994,28.809913625
panel,small,obqa,dev,128,old_scoring,False,previously_exposed_development,original_P2_10_same_job,semantic_lambda0.03_actions3,False,$DATA_DIR/P2_10_20260911T122423Z/results/small/obqa/dev_predictions_semantic.npz,,"[2, 16, 110, 0]",0.0,0.0,0.0,0.0,63.0,0.4921875,128.0,0.0,19.0,12.0,54.0,23.0,4.0,63.0,0.4921875,128.0,0.0,19.0,12.0,54.0,23.0,4.0,63.0,0.4921875,128.0,0.0,19.0,12.0,54.0,23.0,4.0,447.9345969765625,356.7698835,751.4913994,28.809913625
panel,small,obqa,dev,128,old_scoring,False,previously_exposed_development,original_P2_10_same_job,semantic_lambda0.1_actions3,False,$DATA_DIR/P2_10_20260911T122423Z/results/small/obqa/dev_predictions_semantic.npz,,"[5, 1, 122, 0]",0.0,0.0,0.0,0.0,67.0,0.5234375,128.0,0.0,22.0,11.0,56.0,23.0,4.0,67.0,0.5234375,128.0,0.0,22.0,11.0,56.0,23.0,4.0,67.0,0.5234375,128.0,0.0,22.0,11.0,56.0,23.0,4.0,387.39732519531253,356.0758035,557.2663239499998,28.809913625
panel,small,obqa,dev,128,old_scoring,False,previously_exposed_development,original_P2_10_same_job,semantic_lambda0.3_actions3,False,$DATA_DIR/P2_10_20260911T122423Z/results/small/obqa/dev_predictions_semantic.npz,,"[13, 0, 115, 0]",0.0,0.0,0.0,0.0,65.0,0.5078125,126.0,2.0,18.0,9.0,49.0,22.0,2.0,65.0,0.5078125,126.0,2.0,18.0,9.0,49.0,22.0,2.0,65.0,0.5078125,126.0,2.0,18.0,9.0,49.0,22.0,2.0,384.8153440859375,356.029052,547.8108632499996,28.809913625
panel,small,obqa,dev,128,old_scoring,False,previously_exposed_development,original_P2_10_same_job,semantic_lambda1_actions3,False,$DATA_DIR/P2_10_20260911T122423Z/results/small/obqa/dev_predictions_semantic.npz,,"[82, 0, 46, 0]",0.0,0.0,0.0,0.0,59.0,0.4609375,124.0,4.0,7.0,4.0,20.0,9.0,0.0,59.0,0.4609375,124.0,4.0,7.0,4.0,20.0,9.0,0.0,59.0,0.4609375,124.0,4.0,7.0,4.0,20.0,9.0,0.0,344.66668867968747,353.9433325,473.2551838499999,28.809913625
panel,small,obqa,dev,128,old_scoring,False,previously_exposed_development,original_P2_10_same_job,semantic_lambda3_actions3,False,$DATA_DIR/P2_10_20260911T122423Z/results/small/obqa/dev_predictions_semantic.npz,,"[124, 0, 4, 0]",0.0,0.0,0.0,0.0,57.0,0.4453125,124.0,4.0,1.0,0.0,1.0,0.0,0.0,57.0,0.4453125,124.0,4.0,1.0,0.0,1.0,0.0,0.0,57.0,0.4453125,124.0,4.0,1.0,0.0,1.0,0.0,0.0,326.4617156171875,309.809821,453.8741859499998,28.809913625
panel,small,obqa,dev,128,old_scoring,False,previously_exposed_development,original_P2_10_same_job,semantic_lambda0_actions4,False,$DATA_DIR/P2_10_20260911T122423Z/results/small/obqa/dev_predictions_semantic.npz,,"[1, 29, 97, 1]",0.0,0.0,0.0,0.0,62.0,0.484375,128.0,0.0,20.0,14.0,56.0,22.0,4.0,62.0,0.484375,128.0,0.0,20.0,14.0,56.0,22.0,4.0,62.0,0.484375,128.0,0.0,20.0,14.0,56.0,22.0,4.0,498.9360710234375,357.23393599999997,953.5766600499988,28.1884076328125
panel,small,obqa,dev,128,old_scoring,False,previously_exposed_development,original_P2_10_same_job,semantic_lambda0.01_actions4,False,$DATA_DIR/P2_10_20260911T122423Z/results/small/obqa/dev_predictions_semantic.npz,,"[1, 25, 101, 1]",0.0,0.0,0.0,0.0,61.0,0.4765625,128.0,0.0,18.0,13.0,54.0,23.0,4.0,61.0,0.4765625,128.0,0.0,18.0,13.0,54.0,23.0,4.0,61.0,0.4765625,128.0,0.0,18.0,13.0,54.0,23.0,4.0,478.975497625,357.02230799999995,839.5231292499993,28.1884076328125
panel,small,obqa,dev,128,old_scoring,False,previously_exposed_development,original_P2_10_same_job,semantic_lambda0.03_actions4,False,$DATA_DIR/P2_10_20260911T122423Z/results/small/obqa/dev_predictions_semantic.npz,,"[1, 16, 110, 1]",0.0,0.0,0.0,0.0,63.0,0.4921875,128.0,0.0,19.0,12.0,54.0,23.0,4.0,63.0,0.4921875,128.0,0.0,19.0,12.0,54.0,23.0,4.0,63.0,0.4921875,128.0,0.0,19.0,12.0,54.0,23.0,4.0,447.4885306171875,355.9816695,750.9974384499999,28.1884076328125
panel,small,obqa,dev,128,old_scoring,False,previously_exposed_development,original_P2_10_same_job,semantic_lambda0.1_actions4,False,$DATA_DIR/P2_10_20260911T122423Z/results/small/obqa/dev_predictions_semantic.npz,,"[4, 1, 121, 2]",0.0,0.0,0.0,0.0,66.0,0.515625,128.0,0.0,21.0,11.0,55.0,23.0,4.0,66.0,0.515625,128.0,0.0,21.0,11.0,55.0,23.0,4.0,66.0,0.515625,128.0,0.0,21.0,11.0,55.0,23.0,4.0,386.51045156250007,355.4551645,556.5979374499998,28.1884076328125
panel,small,obqa,dev,128,old_scoring,False,previously_exposed_development,original_P2_10_same_job,semantic_lambda0.3_actions4,False,$DATA_DIR/P2_10_20260911T122423Z/results/small/obqa/dev_predictions_semantic.npz,,"[12, 0, 115, 1]",0.0,0.0,0.0,0.0,65.0,0.5078125,126.0,2.0,18.0,9.0,49.0,22.0,2.0,65.0,0.5078125,126.0,2.0,18.0,9.0,49.0,22.0,2.0,65.0,0.5078125,126.0,2.0,18.0,9.0,49.0,22.0,2.0,384.32932614843753,355.4551645,547.2111222499996,28.1884076328125
panel,small,obqa,dev,128,old_scoring,False,previously_exposed_development,original_P2_10_same_job,semantic_lambda1_actions4,False,$DATA_DIR/P2_10_20260911T122423Z/results/small/obqa/dev_predictions_semantic.npz,,"[81, 0, 46, 1]",0.0,0.0,0.0,0.0,59.0,0.4609375,124.0,4.0,7.0,4.0,20.0,9.0,0.0,59.0,0.4609375,124.0,4.0,7.0,4.0,20.0,9.0,0.0,59.0,0.4609375,124.0,4.0,7.0,4.0,20.0,9.0,0.0,344.17093311718753,353.411192,472.7301423499999,28.1884076328125
panel,small,obqa,dev,128,old_scoring,False,previously_exposed_development,original_P2_10_same_job,semantic_lambda3_actions4,False,$DATA_DIR/P2_10_20260911T122423Z/results/small/obqa/dev_predictions_semantic.npz,,"[124, 0, 4, 0]",0.0,0.0,0.0,0.0,57.0,0.4453125,124.0,4.0,1.0,0.0,1.0,0.0,0.0,57.0,0.4453125,124.0,4.0,1.0,0.0,1.0,0.0,0.0,57.0,0.4453125,124.0,4.0,1.0,0.0,1.0,0.0,0.0,325.840209625,309.0869265,453.1273185999998,28.1884076328125
panel,small,obqa,dev,128,old_scoring,False,previously_exposed_development,original_P2_10_same_job,train_frozen_mixture,False,$DATA_DIR/P2_10_20260911T122423Z/results/small/obqa/train_mixture_receipt.json,"[0.0, 0.2656829168043691, 0.7343170831956309, 0.0]",,0.0,0.0,0.0,0.0,66.0,0.515625,126.93726833278252,1.0627316672174765,21.734317083195634,11.73431708319563,55.60885374876068,22.14021958236942,5.062731667217477,66.0,0.515625,126.93726833278252,1.0627316672174765,21.734317083195634,11.73431708319563,55.60885374876068,22.14021958236942,5.062731667217477,66.0,0.515625,126.93726833278252,1.0627316672174765,21.734317083195634,11.73431708319563,55.60885374876068,22.14021958236942,5.062731667217477,504.6843076134583,439.31117295363305,802.5564056529918,0.0
full,small,arc,train,1119,old_scoring,False,train_in_sample_diagnostic,accuracy_only,R,False,fixed_action,,"[1119, 0, 0, 0]",0.0,0.0,0.0,0.0,424.0,0.37890974084003576,1010.0,109.0,0.0,0.0,0.0,0.0,0.0,424.0,0.37890974084003576,1010.0,109.0,0.0,0.0,0.0,0.0,0.0,424.0,0.37890974084003576,1010.0,109.0,0.0,0.0,0.0,0.0,0.0,,,,
full,small,arc,train,1119,old_scoring,False,train_in_sample_diagnostic,accuracy_only,T,False,fixed_action,,"[0, 1119, 0, 0]",0.0,0.0,0.0,0.0,530.0,0.4736371760500447,992.0,127.0,243.0,137.0,578.0,198.0,156.0,530.0,0.4736371760500447,992.0,127.0,243.0,137.0,578.0,198.0,156.0,530.0,0.4736371760500447,992.0,127.0,243.0,137.0,578.0,198.0,156.0,,,,
full,small,arc,train,1119,old_scoring,False,train_in_sample_diagnostic,accuracy_only,C,False,fixed_action,,"[0, 0, 1119, 0]",4.0,0.0,2.0,0.0,667.0,0.5960679177837355,1106.0,13.0,326.0,83.0,618.0,209.0,118.0,669.0,0.5978552278820375,1111.0,8.0,328.0,83.0,617.0,206.0,113.0,671.0,0.5996425379803396,1113.0,6.0,328.0,81.0,615.0,206.0,111.0,,,,
full,small,arc,train,1119,old_scoring,False,train_in_sample_diagnostic,accuracy_only,A,False,fixed_action,,"[0, 0, 0, 1119]",0.0,0.0,0.0,0.0,412.0,0.3681858802502234,913.0,206.0,19.0,31.0,140.0,90.0,109.0,412.0,0.3681858802502234,913.0,206.0,19.0,31.0,140.0,90.0,109.0,412.0,0.3681858802502234,913.0,206.0,19.0,31.0,140.0,90.0,109.0,,,,
full,small,arc,train,1119,old_scoring,False,train_in_sample_diagnostic,accuracy_only,word_lambda0_actions3,False,$DATA_DIR/P2_10_20260911T122423Z/results/small/arc/train_predictions_word.npz,,"[29, 166, 924, 0]",0.0,0.0,2.0,0.0,816.0,0.7292225201072386,1113.0,6.0,418.0,26.0,597.0,153.0,113.0,814.0,0.7274352100089365,1113.0,6.0,418.0,28.0,598.0,152.0,113.0,816.0,0.7292225201072386,1115.0,4.0,418.0,26.0,596.0,152.0,111.0,,,,
full,small,arc,train,1119,old_scoring,False,train_in_sample_diagnostic,accuracy_only,word_lambda0.01_actions3,False,$DATA_DIR/P2_10_20260911T122423Z/results/small/arc/train_predictions_word.npz,,"[32, 132, 955, 0]",1.0,0.0,2.0,0.0,811.0,0.7247542448614834,1114.0,5.0,413.0,26.0,599.0,160.0,112.0,810.0,0.7238605898123325,1115.0,4.0,414.0,28.0,600.0,158.0,111.0,812.0,0.7256478999106345,1117.0,2.0,414.0,26.0,598.0,158.0,109.0,,,,
full,small,arc,train,1119,old_scoring,False,train_in_sample_diagnostic,accuracy_only,word_lambda0.03_actions3,False,$DATA_DIR/P2_10_20260911T122423Z/results/small/arc/train_predictions_word.npz,,"[41, 84, 994, 0]",2.0,0.0,2.0,0.0,786.0,0.7024128686327078,1113.0,6.0,391.0,29.0,593.0,173.0,113.0,786.0,0.7024128686327078,1115.0,4.0,393.0,31.0,594.0,170.0,111.0,788.0,0.7042001787310098,1117.0,2.0,393.0,29.0,592.0,170.0,109.0,,,,
full,small,arc,train,1119,old_scoring,False,train_in_sample_diagnostic,accuracy_only,word_lambda0.1_actions3,False,$DATA_DIR/P2_10_20260911T122423Z/results/small/arc/train_predictions_word.npz,,"[56, 1, 1062, 0]",2.0,0.0,2.0,0.0,720.0,0.6434316353887399,1111.0,8.0,326.0,30.0,565.0,209.0,113.0,720.0,0.6434316353887399,1113.0,6.0,328.0,32.0,566.0,206.0,111.0,722.0,0.645218945487042,1115.0,4.0,328.0,30.0,564.0,206.0,109.0,,,,
full,small,arc,train,1119,old_scoring,False,train_in_sample_diagnostic,accuracy_only,word_lambda0.3_actions3,False,$DATA_DIR/P2_10_20260911T122423Z/results/small/arc/train_predictions_word.npz,,"[125, 0, 994, 0]",2.0,0.0,1.0,0.0,736.0,0.6577301161751564,1108.0,11.0,326.0,14.0,531.0,191.0,108.0,737.0,0.6586237712243074,1111.0,8.0,328.0,15.0,531.0,188.0,105.0,738.0,0.6595174262734584,1112.0,7.0,328.0,14.0,530.0,188.0,104.0,,,,
full,small,arc,train,1119,old_scoring,False,train_in_sample_diagnostic,accuracy_only,word_lambda1_actions3,False,$DATA_DIR/P2_10_20260911T122423Z/results/small/arc/train_predictions_word.npz,,"[687, 0, 432, 0]",1.0,0.0,0.0,0.0,688.0,0.6148346738159071,1075.0,44.0,269.0,5.0,329.0,55.0,69.0,689.0,0.6157283288650581,1077.0,42.0,270.0,5.0,329.0,54.0,67.0,689.0,0.6157283288650581,1077.0,42.0,270.0,5.0,329.0,54.0,67.0,,,,
full,small,arc,train,1119,old_scoring,False,train_in_sample_diagnostic,accuracy_only,word_lambda3_actions3,False,$DATA_DIR/P2_10_20260911T122423Z/results/small/arc/train_predictions_word.npz,,"[1045, 0, 74, 0]",1.0,0.0,0.0,0.0,450.0,0.40214477211796246,1012.0,107.0,30.0,4.0,44.0,10.0,4.0,451.0,0.40303842716711347,1013.0,106.0,31.0,4.0,44.0,9.0,3.0,451.0,0.40303842716711347,1013.0,106.0,31.0,4.0,44.0,9.0,3.0,,,,
full,small,arc,train,1119,old_scoring,False,train_in_sample_diagnostic,accuracy_only,word_lambda0_actions4,False,$DATA_DIR/P2_10_20260911T122423Z/results/small/arc/train_predictions_word.npz,,"[24, 165, 923, 7]",0.0,0.0,2.0,0.0,816.0,0.7292225201072386,1113.0,6.0,418.0,26.0,597.0,153.0,113.0,814.0,0.7274352100089365,1113.0,6.0,418.0,28.0,598.0,152.0,113.0,816.0,0.7292225201072386,1115.0,4.0,418.0,26.0,596.0,152.0,111.0,,,,
full,small,arc,train,1119,old_scoring,False,train_in_sample_diagnostic,accuracy_only,word_lambda0.01_actions4,True,$DATA_DIR/P2_10_20260911T122423Z/results/small/arc/train_predictions_word.npz,,"[26, 131, 953, 9]",1.0,0.0,2.0,0.0,812.0,0.7256478999106345,1114.0,5.0,413.0,25.0,598.0,160.0,112.0,811.0,0.7247542448614834,1115.0,4.0,414.0,27.0,599.0,158.0,111.0,813.0,0.7265415549597856,1117.0,2.0,414.0,25.0,597.0,158.0,109.0,,,,
full,small,arc,train,1119,old_scoring,False,train_in_sample_diagnostic,accuracy_only,word_lambda0.03_actions4,False,$DATA_DIR/P2_10_20260911T122423Z/results/small/arc/train_predictions_word.npz,,"[32, 81, 989, 17]",2.0,0.0,2.0,0.0,790.0,0.7059874888293118,1113.0,6.0,392.0,26.0,590.0,172.0,113.0,790.0,0.7059874888293118,1115.0,4.0,394.0,28.0,591.0,169.0,111.0,792.0,0.707774798927614,1117.0,2.0,394.0,26.0,589.0,169.0,109.0,,,,
full,small,arc,train,1119,old_scoring,False,train_in_sample_diagnostic,accuracy_only,word_lambda0.1_actions4,False,$DATA_DIR/P2_10_20260911T122423Z/results/small/arc/train_predictions_word.npz,,"[42, 1, 1056, 20]",2.0,0.0,2.0,0.0,725.0,0.647899910634495,1111.0,8.0,328.0,27.0,562.0,207.0,113.0,725.0,0.647899910634495,1113.0,6.0,330.0,29.0,563.0,204.0,111.0,727.0,0.6496872207327972,1115.0,4.0,330.0,27.0,561.0,204.0,109.0,,,,
full,small,arc,train,1119,old_scoring,False,train_in_sample_diagnostic,accuracy_only,word_lambda0.3_actions4,False,$DATA_DIR/P2_10_20260911T122423Z/results/small/arc/train_predictions_word.npz,,"[105, 0, 988, 26]",2.0,0.0,1.0,0.0,738.0,0.6595174262734584,1106.0,13.0,328.0,14.0,530.0,188.0,108.0,739.0,0.6604110813226095,1109.0,10.0,330.0,15.0,530.0,185.0,105.0,740.0,0.6613047363717605,1110.0,9.0,330.0,14.0,529.0,185.0,104.0,,,,
full,small,arc,train,1119,old_scoring,False,train_in_sample_diagnostic,accuracy_only,word_lambda1_actions4,False,$DATA_DIR/P2_10_20260911T122423Z/results/small/arc/train_predictions_word.npz,,"[520, 0, 386, 213]",1.0,0.0,0.0,0.0,681.0,0.6085790884718498,1049.0,70.0,267.0,10.0,343.0,66.0,93.0,682.0,0.6094727435210009,1050.0,69.0,268.0,10.0,343.0,65.0,92.0,682.0,0.6094727435210009,1050.0,69.0,268.0,10.0,343.0,65.0,92.0,,,,
full,small,arc,train,1119,old_scoring,False,train_in_sample_diagnostic,accuracy_only,word_lambda3_actions4,False,$DATA_DIR/P2_10_20260911T122423Z/results/small/arc/train_predictions_word.npz,,"[726, 0, 61, 332]",1.0,0.0,0.0,0.0,448.0,0.40035746201966044,969.0,150.0,37.0,13.0,103.0,53.0,57.0,449.0,0.40125111706881145,970.0,149.0,38.0,13.0,103.0,52.0,56.0,449.0,0.40125111706881145,970.0,149.0,38.0,13.0,103.0,52.0,56.0,,,,
full,small,arc,train,1119,old_scoring,False,train_in_sample_diagnostic,accuracy_only,semantic_lambda0_actions3,False,$DATA_DIR/P2_10_20260911T122423Z/results/small/arc/train_predictions_semantic.npz,,"[5, 91, 1023, 0]",4.0,0.0,1.0,0.0,697.0,0.6228775692582663,1105.0,14.0,349.0,76.0,622.0,197.0,121.0,700.0,0.6255585344057194,1111.0,8.0,351.0,75.0,620.0,194.0,115.0,701.0,0.6264521894548705,1112.0,7.0,351.0,74.0,619.0,194.0,114.0,,,,
full,small,arc,train,1119,old_scoring,False,train_in_sample_diagnostic,accuracy_only,semantic_lambda0.01_actions3,False,$DATA_DIR/P2_10_20260911T122423Z/results/small/arc/train_predictions_semantic.npz,,"[5, 67, 1047, 0]",4.0,0.0,1.0,0.0,690.0,0.6166219839142091,1104.0,15.0,344.0,78.0,624.0,202.0,122.0,693.0,0.6193029490616622,1110.0,9.0,346.0,77.0,622.0,199.0,116.0,694.0,0.6201966041108132,1111.0,8.0,346.0,76.0,621.0,199.0,115.0,,,,
full,small,arc,train,1119,old_scoring,False,train_in_sample_diagnostic,accuracy_only,semantic_lambda0.03_actions3,False,$DATA_DIR/P2_10_20260911T122423Z/results/small/arc/train_predictions_semantic.npz,,"[6, 24, 1089, 0]",4.0,0.0,2.0,0.0,679.0,0.6067917783735478,1105.0,14.0,332.0,77.0,616.0,207.0,121.0,681.0,0.6085790884718498,1110.0,9.0,334.0,77.0,615.0,204.0,116.0,683.0,0.610366398570152,1112.0,7.0,334.0,75.0,613.0,204.0,114.0,,,,
full,small,arc,train,1119,old_scoring,False,train_in_sample_diagnostic,accuracy_only,semantic_lambda0.1_actions3,False,$DATA_DIR/P2_10_20260911T122423Z/results/small/arc/train_predictions_semantic.npz,,"[12, 0, 1107, 0]",4.0,0.0,2.0,0.0,672.0,0.6005361930294906,1105.0,14.0,326.0,78.0,612.0,208.0,117.0,674.0,0.6023235031277927,1110.0,9.0,328.0,78.0,611.0,205.0,112.0,676.0,0.6041108132260947,1112.0,7.0,328.0,76.0,609.0,205.0,110.0,,,,
full,small,arc,train,1119,old_scoring,False,train_in_sample_diagnostic,accuracy_only,semantic_lambda0.3_actions3,False,$DATA_DIR/P2_10_20260911T122423Z/results/small/arc/train_predictions_semantic.npz,,"[46, 0, 1073, 0]",3.0,0.0,2.0,0.0,677.0,0.6050044682752458,1106.0,13.0,326.0,73.0,599.0,200.0,116.0,678.0,0.6058981233243967,1110.0,9.0,328.0,74.0,599.0,197.0,112.0,680.0,0.6076854334226989,1112.0,7.0,328.0,72.0,597.0,197.0,110.0,,,,
full,small,arc,train,1119,old_scoring,False,train_in_sample_diagnostic,accuracy_only,semantic_lambda1_actions3,False,$DATA_DIR/P2_10_20260911T122423Z/results/small/arc/train_predictions_semantic.npz,,"[786, 0, 333, 0]",1.0,0.0,1.0,0.0,535.0,0.47810545129579984,1038.0,81.0,128.0,17.0,203.0,58.0,34.0,535.0,0.47810545129579984,1040.0,79.0,129.0,18.0,204.0,57.0,32.0,536.0,0.47899910634495085,1041.0,78.0,129.0,17.0,203.0,57.0,31.0,,,,
full,small,arc,train,1119,old_scoring,False,train_in_sample_diagnostic,accuracy_only,semantic_lambda3_actions3,False,$DATA_DIR/P2_10_20260911T122423Z/results/small/arc/train_predictions_semantic.npz,,"[1077, 0, 42, 0]",0.0,0.0,1.0,0.0,434.0,0.387846291331546,1011.0,108.0,13.0,3.0,25.0,9.0,1.0,433.0,0.386952636282395,1010.0,109.0,13.0,4.0,26.0,9.0,2.0,434.0,0.387846291331546,1011.0,108.0,13.0,3.0,25.0,9.0,1.0,,,,
full,small,arc,train,1119,old_scoring,False,train_in_sample_diagnostic,accuracy_only,semantic_lambda0_actions4,False,$DATA_DIR/P2_10_20260911T122423Z/results/small/arc/train_predictions_semantic.npz,,"[5, 91, 1023, 0]",4.0,0.0,1.0,0.0,697.0,0.6228775692582663,1105.0,14.0,349.0,76.0,622.0,197.0,121.0,700.0,0.6255585344057194,1111.0,8.0,351.0,75.0,620.0,194.0,115.0,701.0,0.6264521894548705,1112.0,7.0,351.0,74.0,619.0,194.0,114.0,,,,
full,small,arc,train,1119,old_scoring,False,train_in_sample_diagnostic,accuracy_only,semantic_lambda0.01_actions4,False,$DATA_DIR/P2_10_20260911T122423Z/results/small/arc/train_predictions_semantic.npz,,"[5, 67, 1047, 0]",4.0,0.0,1.0,0.0,690.0,0.6166219839142091,1104.0,15.0,344.0,78.0,624.0,202.0,122.0,693.0,0.6193029490616622,1110.0,9.0,346.0,77.0,622.0,199.0,116.0,694.0,0.6201966041108132,1111.0,8.0,346.0,76.0,621.0,199.0,115.0,,,,
full,small,arc,train,1119,old_scoring,False,train_in_sample_diagnostic,accuracy_only,semantic_lambda0.03_actions4,False,$DATA_DIR/P2_10_20260911T122423Z/results/small/arc/train_predictions_semantic.npz,,"[6, 24, 1089, 0]",4.0,0.0,2.0,0.0,679.0,0.6067917783735478,1105.0,14.0,332.0,77.0,616.0,207.0,121.0,681.0,0.6085790884718498,1110.0,9.0,334.0,77.0,615.0,204.0,116.0,683.0,0.610366398570152,1112.0,7.0,334.0,75.0,613.0,204.0,114.0,,,,
full,small,arc,train,1119,old_scoring,False,train_in_sample_diagnostic,accuracy_only,semantic_lambda0.1_actions4,False,$DATA_DIR/P2_10_20260911T122423Z/results/small/arc/train_predictions_semantic.npz,,"[11, 0, 1107, 1]",4.0,0.0,2.0,0.0,672.0,0.6005361930294906,1105.0,14.0,326.0,78.0,612.0,208.0,117.0,674.0,0.6023235031277927,1110.0,9.0,328.0,78.0,611.0,205.0,112.0,676.0,0.6041108132260947,1112.0,7.0,328.0,76.0,609.0,205.0,110.0,,,,
full,small,arc,train,1119,old_scoring,False,train_in_sample_diagnostic,accuracy_only,semantic_lambda0.3_actions4,False,$DATA_DIR/P2_10_20260911T122423Z/results/small/arc/train_predictions_semantic.npz,,"[39, 0, 1068, 12]",3.0,0.0,1.0,0.0,677.0,0.6050044682752458,1104.0,15.0,326.0,73.0,598.0,199.0,118.0,679.0,0.6067917783735478,1109.0,10.0,328.0,73.0,597.0,196.0,113.0,680.0,0.6076854334226989,1110.0,9.0,328.0,72.0,596.0,196.0,112.0,,,,
full,small,arc,train,1119,old_scoring,False,train_in_sample_diagnostic,accuracy_only,semantic_lambda1_actions4,False,$DATA_DIR/P2_10_20260911T122423Z/results/small/arc/train_predictions_semantic.npz,,"[628, 0, 267, 224]",1.0,0.0,1.0,0.0,515.0,0.46023235031277926,1020.0,99.0,112.0,21.0,190.0,57.0,46.0,515.0,0.46023235031277926,1021.0,98.0,113.0,22.0,191.0,56.0,45.0,516.0,0.46112600536193027,1022.0,97.0,113.0,21.0,190.0,56.0,44.0,,,,
full,small,arc,train,1119,old_scoring,False,train_in_sample_diagnostic,accuracy_only,semantic_lambda3_actions4,False,$DATA_DIR/P2_10_20260911T122423Z/results/small/arc/train_predictions_semantic.npz,,"[726, 0, 27, 366]",0.0,0.0,1.0,0.0,424.0,0.37890974084003576,978.0,141.0,17.0,17.0,69.0,35.0,40.0,423.0,0.3780160857908847,977.0,142.0,17.0,18.0,70.0,35.0,41.0,424.0,0.37890974084003576,978.0,141.0,17.0,17.0,69.0,35.0,40.0,,,,
full,small,arc,train,1119,old_scoring,False,train_in_sample_diagnostic,accuracy_only,train_frozen_mixture,False,$DATA_DIR/P2_10_20260911T122423Z/results/small/arc/train_mixture_receipt.json,"[0.0, 0.0, 1.0, 0.0]",,4.0,0.0,2.0,0.0,667.0,0.5960679177837355,1106.0,13.0,326.0,83.0,618.0,209.0,118.0,669.0,0.5978552278820375,1111.0,8.0,328.0,83.0,617.0,206.0,113.0,671.0,0.5996425379803396,1113.0,6.0,328.0,81.0,615.0,206.0,111.0,,,,
panel,small,arc,train,256,old_scoring,False,train_in_sample_diagnostic,original_P2_10_same_job,R,False,fixed_action,,"[256, 0, 0, 0]",0.0,0.0,0.0,0.0,96.0,0.375,236.0,20.0,0.0,0.0,0.0,0.0,0.0,96.0,0.375,236.0,20.0,0.0,0.0,0.0,0.0,0.0,96.0,0.375,236.0,20.0,0.0,0.0,0.0,0.0,0.0,341.14639092187497,316.298139,538.6613997500001,0.0
panel,small,arc,train,256,old_scoring,False,train_in_sample_diagnostic,original_P2_10_same_job,T,False,fixed_action,,"[0, 256, 0, 0]",0.0,0.0,0.0,0.0,121.0,0.47265625,230.0,26.0,55.0,30.0,131.0,46.0,30.0,121.0,0.47265625,230.0,26.0,55.0,30.0,131.0,46.0,30.0,121.0,0.47265625,230.0,26.0,55.0,30.0,131.0,46.0,30.0,1252.9101385273439,976.1050675,2822.64399425,0.0
panel,small,arc,train,256,old_scoring,False,train_in_sample_diagnostic,original_P2_10_same_job,C,False,fixed_action,,"[0, 0, 256, 0]",2.0,0.0,1.0,0.0,155.0,0.60546875,253.0,3.0,73.0,14.0,132.0,45.0,21.0,156.0,0.609375,254.0,2.0,74.0,14.0,132.0,44.0,20.0,157.0,0.61328125,255.0,1.0,74.0,13.0,131.0,44.0,19.0,432.07658104296877,361.997405,686.4649105000001,0.0
panel,small,arc,train,256,old_scoring,False,train_in_sample_diagnostic,original_P2_10_same_job,A,False,fixed_action,,"[0, 0, 0, 256]",0.0,0.0,0.0,0.0,88.0,0.34375,207.0,49.0,2.0,10.0,37.0,25.0,29.0,88.0,0.34375,207.0,49.0,2.0,10.0,37.0,25.0,29.0,88.0,0.34375,207.0,49.0,2.0,10.0,37.0,25.0,29.0,353.18274490625004,337.121345,533.42932925,0.0
panel,small,arc,train,256,old_scoring,False,train_in_sample_diagnostic,original_P2_10_same_job,word_lambda0_actions3,False,$DATA_DIR/P2_10_20260911T122423Z/results/small/arc/train_predictions_word.npz,,"[6, 33, 217, 0]",0.0,0.0,1.0,0.0,186.0,0.7265625,255.0,1.0,92.0,2.0,128.0,34.0,19.0,185.0,0.72265625,254.0,2.0,92.0,3.0,129.0,34.0,20.0,186.0,0.7265625,255.0,1.0,92.0,2.0,128.0,34.0,19.0,601.7717778476563,395.4470345,1608.6617245,0.98720158203125
panel,small,arc,train,256,old_scoring,False,train_in_sample_diagnostic,original_P2_10_same_job,word_lambda0.01_actions3,False,$DATA_DIR/P2_10_20260911T122423Z/results/small/arc/train_predictions_word.npz,,"[6, 27, 223, 0]",1.0,0.0,1.0,0.0,183.0,0.71484375,254.0,2.0,89.0,2.0,129.0,38.0,20.0,183.0,0.71484375,254.0,2.0,90.0,3.0,130.0,37.0,20.0,184.0,0.71875,255.0,1.0,90.0,2.0,129.0,37.0,19.0,568.1541736484374,394.860299,1347.72734575,0.98720158203125
panel,small,arc,train,256,old_scoring,False,train_in_sample_diagnostic,original_P2_10_same_job,word_lambda0.03_actions3,False,$DATA_DIR/P2_10_20260911T122423Z/results/small/arc/train_predictions_word.npz,,"[6, 16, 234, 0]",1.0,0.0,1.0,0.0,177.0,0.69140625,254.0,2.0,85.0,4.0,129.0,40.0,20.0,177.0,0.69140625,254.0,2.0,86.0,5.0,130.0,39.0,20.0,178.0,0.6953125,255.0,1.0,86.0,4.0,129.0,39.0,19.0,519.0051992890625,389.740462,976.2412952500001,0.98720158203125
panel,small,arc,train,256,old_scoring,False,train_in_sample_diagnostic,original_P2_10_same_job,word_lambda0.1_actions3,False,$DATA_DIR/P2_10_20260911T122423Z/results/small/arc/train_predictions_word.npz,,"[10, 0, 246, 0]",1.0,0.0,1.0,0.0,164.0,0.640625,254.0,2.0,73.0,5.0,123.0,45.0,20.0,164.0,0.640625,254.0,2.0,74.0,6.0,124.0,44.0,20.0,165.0,0.64453125,255.0,1.0,74.0,5.0,123.0,44.0,19.0,429.0918512929687,339.40824799999996,681.2371237499999,0.98720158203125
panel,small,arc,train,256,old_scoring,False,train_in_sample_diagnostic,original_P2_10_same_job,word_lambda0.3_actions3,False,$DATA_DIR/P2_10_20260911T122423Z/results/small/arc/train_predictions_word.npz,,"[27, 0, 229, 0]",1.0,0.0,0.0,0.0,166.0,0.6484375,251.0,5.0,73.0,3.0,113.0,37.0,17.0,167.0,0.65234375,252.0,4.0,74.0,3.0,113.0,36.0,16.0,167.0,0.65234375,252.0,4.0,74.0,3.0,113.0,36.0,16.0,406.99937464843754,335.9287015,656.5711615,0.98720158203125
panel,small,arc,train,256,old_scoring,False,train_in_sample_diagnostic,original_P2_10_same_job,word_lambda1_actions3,False,$DATA_DIR/P2_10_20260911T122423Z/results/small/arc/train_predictions_word.npz,,"[142, 0, 114, 0]",1.0,0.0,0.0,0.0,140.0,0.546875,243.0,13.0,47.0,3.0,64.0,14.0,9.0,141.0,0.55078125,244.0,12.0,48.0,3.0,64.0,13.0,8.0,141.0,0.55078125,244.0,12.0,48.0,3.0,64.0,13.0,8.0,331.065765453125,331.5892605,520.5231685,0.98720158203125
panel,small,arc,train,256,old_scoring,False,train_in_sample_diagnostic,original_P2_10_same_job,word_lambda3_actions3,False,$DATA_DIR/P2_10_20260911T122423Z/results/small/arc/train_predictions_word.npz,,"[202, 0, 54, 0]",1.0,0.0,0.0,0.0,111.0,0.43359375,237.0,19.0,18.0,3.0,30.0,9.0,3.0,112.0,0.4375,238.0,18.0,19.0,3.0,30.0,8.0,2.0,112.0,0.4375,238.0,18.0,19.0,3.0,30.0,8.0,2.0,318.81529844531246,317.248473,476.752687,0.98720158203125
panel,small,arc,train,256,old_scoring,False,train_in_sample_diagnostic,original_P2_10_same_job,word_lambda0_actions4,False,$DATA_DIR/P2_10_20260911T122423Z/results/small/arc/train_predictions_word.npz,,"[4, 33, 217, 2]",0.0,0.0,1.0,0.0,186.0,0.7265625,255.0,1.0,92.0,2.0,128.0,34.0,19.0,185.0,0.72265625,254.0,2.0,92.0,3.0,129.0,34.0,20.0,186.0,0.7265625,255.0,1.0,92.0,2.0,128.0,34.0,19.0,601.941570484375,395.4834085,1608.68897825,1.0129745390625
panel,small,arc,train,256,old_scoring,False,train_in_sample_diagnostic,original_P2_10_same_job,word_lambda0.01_actions4,True,$DATA_DIR/P2_10_20260911T122423Z/results/small/arc/train_predictions_word.npz,,"[4, 27, 223, 2]",1.0,0.0,1.0,0.0,183.0,0.71484375,254.0,2.0,89.0,2.0,129.0,38.0,20.0,183.0,0.71484375,254.0,2.0,90.0,3.0,130.0,37.0,20.0,184.0,0.71875,255.0,1.0,90.0,2.0,129.0,37.0,19.0,568.3239662851563,394.8867835,1347.74821725,1.0129745390625
panel,small,arc,train,256,old_scoring,False,train_in_sample_diagnostic,original_P2_10_same_job,word_lambda0.03_actions4,False,$DATA_DIR/P2_10_20260911T122423Z/results/small/arc/train_predictions_word.npz,,"[4, 16, 232, 4]",1.0,0.0,1.0,0.0,179.0,0.69921875,254.0,2.0,85.0,2.0,127.0,40.0,20.0,179.0,0.69921875,254.0,2.0,86.0,3.0,128.0,39.0,20.0,180.0,0.703125,255.0,1.0,86.0,2.0,127.0,39.0,19.0,520.2938385039063,390.671602,976.26458575,1.0129745390625
panel,small,arc,train,256,old_scoring,False,train_in_sample_diagnostic,original_P2_10_same_job,word_lambda0.1_actions4,False,$DATA_DIR/P2_10_20260911T122423Z/results/small/arc/train_predictions_word.npz,,"[8, 0, 245, 3]",1.0,0.0,1.0,0.0,165.0,0.64453125,254.0,2.0,73.0,4.0,122.0,45.0,20.0,165.0,0.64453125,254.0,2.0,74.0,5.0,123.0,44.0,20.0,166.0,0.6484375,255.0,1.0,74.0,4.0,122.0,44.0,19.0,429.03341881250003,339.42675799999995,681.241895,1.0129745390625
panel,small,arc,train,256,old_scoring,False,train_in_sample_diagnostic,original_P2_10_same_job,word_lambda0.3_actions4,False,$DATA_DIR/P2_10_20260911T122423Z/results/small/arc/train_predictions_word.npz,,"[25, 0, 226, 5]",1.0,0.0,0.0,0.0,166.0,0.6484375,249.0,7.0,73.0,3.0,112.0,36.0,17.0,167.0,0.65234375,250.0,6.0,74.0,3.0,112.0,35.0,16.0,167.0,0.65234375,250.0,6.0,74.0,3.0,112.0,35.0,16.0,401.8305096679687,335.788741,656.58875975,1.0129745390625
panel,small,arc,train,256,old_scoring,False,train_in_sample_diagnostic,original_P2_10_same_job,word_lambda1_actions4,False,$DATA_DIR/P2_10_20260911T122423Z/results/small/arc/train_predictions_word.npz,,"[130, 0, 104, 22]",1.0,0.0,0.0,0.0,133.0,0.51953125,232.0,24.0,46.0,9.0,75.0,20.0,20.0,134.0,0.5234375,233.0,23.0,47.0,9.0,75.0,19.0,19.0,134.0,0.5234375,233.0,23.0,47.0,9.0,75.0,19.0,19.0,319.54889421875,330.6876055,494.76235025,1.0129745390625
panel,small,arc,train,256,old_scoring,False,train_in_sample_diagnostic,original_P2_10_same_job,word_lambda3_actions4,False,$DATA_DIR/P2_10_20260911T122423Z/results/small/arc/train_predictions_word.npz,,"[173, 0, 47, 36]",1.0,0.0,0.0,0.0,101.0,0.39453125,220.0,36.0,15.0,10.0,44.0,19.0,20.0,102.0,0.3984375,221.0,35.0,16.0,10.0,44.0,18.0,19.0,102.0,0.3984375,221.0,35.0,16.0,10.0,44.0,18.0,19.0,309.11054957812496,316.34417299999996,451.24594900000005,1.0129745390625
panel,small,arc,train,256,old_scoring,False,train_in_sample_diagnostic,original_P2_10_same_job,semantic_lambda0_actions3,False,$DATA_DIR/P2_10_20260911T122423Z/results/small/arc/train_predictions_semantic.npz,,"[0, 22, 234, 0]",2.0,0.0,1.0,0.0,161.0,0.62890625,252.0,4.0,80.0,15.0,140.0,45.0,22.0,162.0,0.6328125,253.0,3.0,81.0,15.0,140.0,44.0,21.0,163.0,0.63671875,254.0,2.0,81.0,14.0,139.0,44.0,20.0,610.8718982890624,423.80231749999996,1713.2544185,28.197265105468748
panel,small,arc,train,256,old_scoring,False,train_in_sample_diagnostic,original_P2_10_same_job,semantic_lambda0.01_actions3,False,$DATA_DIR/P2_10_20260911T122423Z/results/small/arc/train_predictions_semantic.npz,,"[0, 16, 240, 0]",2.0,0.0,1.0,0.0,161.0,0.62890625,252.0,4.0,80.0,15.0,139.0,44.0,22.0,162.0,0.6328125,253.0,3.0,81.0,15.0,139.0,43.0,21.0,163.0,0.63671875,254.0,2.0,81.0,14.0,138.0,43.0,20.0,587.7313623789063,421.793472,1057.0292582499999,28.197265105468748
panel,small,arc,train,256,old_scoring,False,train_in_sample_diagnostic,original_P2_10_same_job,semantic_lambda0.03_actions3,False,$DATA_DIR/P2_10_20260911T122423Z/results/small/arc/train_predictions_semantic.npz,,"[0, 6, 250, 0]",2.0,0.0,1.0,0.0,157.0,0.61328125,252.0,4.0,75.0,14.0,134.0,45.0,22.0,158.0,0.6171875,253.0,3.0,76.0,14.0,134.0,44.0,21.0,159.0,0.62109375,254.0,2.0,76.0,13.0,133.0,44.0,20.0,486.8085176640625,415.8114975,769.3025665,28.197265105468748
panel,small,arc,train,256,old_scoring,False,train_in_sample_diagnostic,original_P2_10_same_job,semantic_lambda0.1_actions3,False,$DATA_DIR/P2_10_20260911T122423Z/results/small/arc/train_predictions_semantic.npz,,"[1, 0, 255, 0]",2.0,0.0,1.0,0.0,155.0,0.60546875,252.0,4.0,73.0,14.0,131.0,44.0,20.0,156.0,0.609375,253.0,3.0,74.0,14.0,131.0,43.0,19.0,157.0,0.61328125,254.0,2.0,74.0,13.0,130.0,43.0,18.0,459.49494606640627,389.43414800000005,714.6307835,28.197265105468748
panel,small,arc,train,256,old_scoring,False,train_in_sample_diagnostic,original_P2_10_same_job,semantic_lambda0.3_actions3,False,$DATA_DIR/P2_10_20260911T122423Z/results/small/arc/train_predictions_semantic.npz,,"[13, 0, 243, 0]",2.0,0.0,1.0,0.0,155.0,0.60546875,252.0,4.0,73.0,14.0,127.0,40.0,20.0,156.0,0.609375,253.0,3.0,74.0,14.0,127.0,39.0,19.0,157.0,0.61328125,254.0,2.0,74.0,13.0,126.0,39.0,18.0,452.66224614453125,363.6991825,707.316237,28.197265105468748
panel,small,arc,train,256,old_scoring,False,train_in_sample_diagnostic,original_P2_10_same_job,semantic_lambda1_actions3,False,$DATA_DIR/P2_10_20260911T122423Z/results/small/arc/train_predictions_semantic.npz,,"[181, 0, 75, 0]",1.0,0.0,0.0,0.0,116.0,0.453125,236.0,20.0,24.0,4.0,39.0,11.0,2.0,117.0,0.45703125,237.0,19.0,25.0,4.0,39.0,10.0,1.0,117.0,0.45703125,237.0,19.0,25.0,4.0,39.0,10.0,1.0,362.570044765625,356.4984235,548.8421055,28.197265105468748
panel,small,arc,train,256,old_scoring,False,train_in_sample_diagnostic,original_P2_10_same_job,semantic_lambda3_actions3,False,$DATA_DIR/P2_10_20260911T122423Z/results/small/arc/train_predictions_semantic.npz,,"[239, 0, 17, 0]",0.0,0.0,0.0,0.0,99.0,0.38671875,236.0,20.0,4.0,1.0,10.0,5.0,0.0,99.0,0.38671875,236.0,20.0,4.0,1.0,10.0,5.0,0.0,99.0,0.38671875,236.0,20.0,4.0,1.0,10.0,5.0,0.0,360.848550703125,344.547548,543.9914172499999,28.197265105468748
panel,small,arc,train,256,old_scoring,False,train_in_sample_diagnostic,original_P2_10_same_job,semantic_lambda0_actions4,False,$DATA_DIR/P2_10_20260911T122423Z/results/small/arc/train_predictions_semantic.npz,,"[0, 22, 234, 0]",2.0,0.0,1.0,0.0,161.0,0.62890625,252.0,4.0,80.0,15.0,140.0,45.0,22.0,162.0,0.6328125,253.0,3.0,81.0,15.0,140.0,44.0,21.0,163.0,0.63671875,254.0,2.0,81.0,14.0,139.0,44.0,20.0,610.6975445039063,423.6637705,1713.0769827499998,28.022911320312502
panel,small,arc,train,256,old_scoring,False,train_in_sample_diagnostic,original_P2_10_same_job,semantic_lambda0.01_actions4,False,$DATA_DIR/P2_10_20260911T122423Z/results/small/arc/train_predictions_semantic.npz,,"[0, 16, 240, 0]",2.0,0.0,1.0,0.0,161.0,0.62890625,252.0,4.0,80.0,15.0,139.0,44.0,22.0,162.0,0.6328125,253.0,3.0,81.0,15.0,139.0,43.0,21.0,163.0,0.63671875,254.0,2.0,81.0,14.0,138.0,43.0,20.0,587.55700859375,421.788492,1056.76457125,28.022911320312502
panel,small,arc,train,256,old_scoring,False,train_in_sample_diagnostic,original_P2_10_same_job,semantic_lambda0.03_actions4,False,$DATA_DIR/P2_10_20260911T122423Z/results/small/arc/train_predictions_semantic.npz,,"[0, 6, 250, 0]",2.0,0.0,1.0,0.0,157.0,0.61328125,252.0,4.0,75.0,14.0,134.0,45.0,22.0,158.0,0.6171875,253.0,3.0,76.0,14.0,134.0,44.0,21.0,159.0,0.62109375,254.0,2.0,76.0,13.0,133.0,44.0,20.0,486.63416387890624,415.668067,769.1623125,28.022911320312502
panel,small,arc,train,256,old_scoring,False,train_in_sample_diagnostic,original_P2_10_same_job,semantic_lambda0.1_actions4,False,$DATA_DIR/P2_10_20260911T122423Z/results/small/arc/train_predictions_semantic.npz,,"[1, 0, 255, 0]",2.0,0.0,1.0,0.0,155.0,0.60546875,252.0,4.0,73.0,14.0,131.0,44.0,20.0,156.0,0.609375,253.0,3.0,74.0,14.0,131.0,43.0,19.0,157.0,0.61328125,254.0,2.0,74.0,13.0,130.0,43.0,18.0,459.32059228125,389.1047195,714.546855,28.022911320312502
panel,small,arc,train,256,old_scoring,False,train_in_sample_diagnostic,original_P2_10_same_job,semantic_lambda0.3_actions4,False,$DATA_DIR/P2_10_20260911T122423Z/results/small/arc/train_predictions_semantic.npz,,"[12, 0, 242, 2]",2.0,0.0,0.0,0.0,154.0,0.6015625,251.0,5.0,73.0,15.0,128.0,40.0,21.0,156.0,0.609375,253.0,3.0,74.0,14.0,127.0,39.0,19.0,156.0,0.609375,253.0,3.0,74.0,14.0,127.0,39.0,19.0,450.3691477265625,363.56307100000004,706.7586815,28.022911320312502
panel,small,arc,train,256,old_scoring,False,train_in_sample_diagnostic,original_P2_10_same_job,semantic_lambda1_actions4,False,$DATA_DIR/P2_10_20260911T122423Z/results/small/arc/train_predictions_semantic.npz,,"[151, 0, 66, 39]",1.0,0.0,0.0,0.0,110.0,0.4296875,229.0,27.0,23.0,9.0,44.0,12.0,9.0,111.0,0.43359375,230.0,26.0,24.0,9.0,44.0,11.0,8.0,111.0,0.43359375,230.0,26.0,24.0,9.0,44.0,11.0,8.0,355.1673264453125,351.744227,544.934185,28.022911320312502
panel,small,arc,train,256,old_scoring,False,train_in_sample_diagnostic,original_P2_10_same_job,semantic_lambda3_actions4,False,$DATA_DIR/P2_10_20260911T122423Z/results/small/arc/train_predictions_semantic.npz,,"[169, 0, 12, 75]",0.0,0.0,0.0,0.0,91.0,0.35546875,221.0,35.0,2.0,7.0,23.0,14.0,15.0,91.0,0.35546875,221.0,35.0,2.0,7.0,23.0,14.0,15.0,91.0,0.35546875,221.0,35.0,2.0,7.0,23.0,14.0,15.0,357.041033109375,345.10999749999996,541.21636525,28.022911320312502
panel,small,arc,train,256,old_scoring,False,train_in_sample_diagnostic,original_P2_10_same_job,train_frozen_mixture,False,$DATA_DIR/P2_10_20260911T122423Z/results/small/arc/train_mixture_receipt.json,"[0.0, 0.0, 1.0, 0.0]",,2.0,0.0,1.0,0.0,155.0,0.60546875,253.0,3.0,73.0,14.0,132.0,45.0,21.0,156.0,0.609375,254.0,2.0,74.0,14.0,132.0,44.0,20.0,157.0,0.61328125,255.0,1.0,74.0,13.0,131.0,44.0,19.0,432.07658104296877,361.997405,686.4649105000001,0.0
full,small,arc,validation,299,old_scoring,False,previously_exposed_development,accuracy_only,R,False,fixed_action,,"[299, 0, 0, 0]",0.0,0.0,0.0,0.0,110.0,0.36789297658862874,267.0,32.0,0.0,0.0,0.0,0.0,0.0,110.0,0.36789297658862874,267.0,32.0,0.0,0.0,0.0,0.0,0.0,110.0,0.36789297658862874,267.0,32.0,0.0,0.0,0.0,0.0,0.0,,,,
full,small,arc,validation,299,old_scoring,False,previously_exposed_development,accuracy_only,T,False,fixed_action,,"[0, 299, 0, 0]",0.0,0.0,0.0,0.0,126.0,0.4214046822742475,278.0,21.0,55.0,39.0,145.0,51.0,33.0,126.0,0.4214046822742475,278.0,21.0,55.0,39.0,145.0,51.0,33.0,126.0,0.4214046822742475,278.0,21.0,55.0,39.0,145.0,51.0,33.0,,,,
full,small,arc,validation,299,old_scoring,False,previously_exposed_development,accuracy_only,C,False,fixed_action,,"[0, 0, 299, 0]",0.0,0.0,0.0,0.0,155.0,0.5183946488294314,293.0,6.0,69.0,24.0,161.0,68.0,34.0,155.0,0.5183946488294314,294.0,5.0,69.0,24.0,160.0,67.0,33.0,155.0,0.5183946488294314,294.0,5.0,69.0,24.0,160.0,67.0,33.0,,,,
full,small,arc,validation,299,old_scoring,False,previously_exposed_development,accuracy_only,A,False,fixed_action,,"[0, 0, 0, 299]",0.0,0.0,0.0,0.0,110.0,0.36789297658862874,241.0,58.0,8.0,8.0,38.0,22.0,30.0,110.0,0.36789297658862874,241.0,58.0,8.0,8.0,38.0,22.0,30.0,110.0,0.36789297658862874,241.0,58.0,8.0,8.0,38.0,22.0,30.0,,,,
full,small,arc,validation,299,old_scoring,False,previously_exposed_development,accuracy_only,word_lambda0_actions3,False,$DATA_DIR/P2_10_20260911T122423Z/results/small/arc/dev_predictions_word.npz,,"[1, 16, 282, 0]",0.0,0.0,0.0,0.0,152.0,0.5083612040133779,294.0,5.0,69.0,27.0,164.0,68.0,35.0,152.0,0.5083612040133779,295.0,4.0,69.0,27.0,163.0,67.0,34.0,152.0,0.5083612040133779,295.0,4.0,69.0,27.0,163.0,67.0,34.0,,,,
full,small,arc,validation,299,old_scoring,False,previously_exposed_development,accuracy_only,word_lambda0.01_actions3,False,$DATA_DIR/P2_10_20260911T122423Z/results/small/arc/dev_predictions_word.npz,,"[1, 8, 290, 0]",0.0,0.0,0.0,0.0,153.0,0.5117056856187291,293.0,6.0,68.0,25.0,162.0,69.0,34.0,153.0,0.5117056856187291,294.0,5.0,68.0,25.0,161.0,68.0,33.0,153.0,0.5117056856187291,294.0,5.0,68.0,25.0,161.0,68.0,33.0,,,,
full,small,arc,validation,299,old_scoring,False,previously_exposed_development,accuracy_only,word_lambda0.03_actions3,False,$DATA_DIR/P2_10_20260911T122423Z/results/small/arc/dev_predictions_word.npz,,"[1, 5, 293, 0]",0.0,0.0,0.0,0.0,154.0,0.5150501672240803,293.0,6.0,68.0,24.0,161.0,69.0,34.0,154.0,0.5150501672240803,294.0,5.0,68.0,24.0,160.0,68.0,33.0,154.0,0.5150501672240803,294.0,5.0,68.0,24.0,160.0,68.0,33.0,,,,
full,small,arc,validation,299,old_scoring,False,previously_exposed_development,accuracy_only,word_lambda0.1_actions3,False,$DATA_DIR/P2_10_20260911T122423Z/results/small/arc/dev_predictions_word.npz,,"[4, 0, 295, 0]",0.0,0.0,0.0,0.0,154.0,0.5150501672240803,293.0,6.0,68.0,24.0,159.0,67.0,34.0,154.0,0.5150501672240803,294.0,5.0,68.0,24.0,158.0,66.0,33.0,154.0,0.5150501672240803,294.0,5.0,68.0,24.0,158.0,66.0,33.0,,,,
full,small,arc,validation,299,old_scoring,False,previously_exposed_development,accuracy_only,word_lambda0.3_actions3,False,$DATA_DIR/P2_10_20260911T122423Z/results/small/arc/dev_predictions_word.npz,,"[13, 0, 286, 0]",0.0,0.0,0.0,0.0,152.0,0.5083612040133779,293.0,6.0,65.0,23.0,154.0,66.0,34.0,152.0,0.5083612040133779,294.0,5.0,65.0,23.0,153.0,65.0,33.0,152.0,0.5083612040133779,294.0,5.0,65.0,23.0,153.0,65.0,33.0,,,,
full,small,arc,validation,299,old_scoring,False,previously_exposed_development,accuracy_only,word_lambda1_actions3,False,$DATA_DIR/P2_10_20260911T122423Z/results/small/arc/dev_predictions_word.npz,,"[179, 0, 120, 0]",0.0,0.0,0.0,0.0,131.0,0.43812709030100333,278.0,21.0,28.0,7.0,62.0,27.0,13.0,131.0,0.43812709030100333,278.0,21.0,28.0,7.0,62.0,27.0,13.0,131.0,0.43812709030100333,278.0,21.0,28.0,7.0,62.0,27.0,13.0,,,,
full,small,arc,validation,299,old_scoring,False,previously_exposed_development,accuracy_only,word_lambda3_actions3,False,$DATA_DIR/P2_10_20260911T122423Z/results/small/arc/dev_predictions_word.npz,,"[285, 0, 14, 0]",0.0,0.0,0.0,0.0,116.0,0.3879598662207358,267.0,32.0,6.0,0.0,7.0,1.0,0.0,116.0,0.3879598662207358,267.0,32.0,6.0,0.0,7.0,1.0,0.0,116.0,0.3879598662207358,267.0,32.0,6.0,0.0,7.0,1.0,0.0,,,,
full,small,arc,validation,299,old_scoring,False,previously_exposed_development,accuracy_only,word_lambda0_actions4,False,$DATA_DIR/P2_10_20260911T122423Z/results/small/arc/dev_predictions_word.npz,,"[0, 16, 282, 1]",0.0,0.0,0.0,0.0,152.0,0.5083612040133779,294.0,5.0,69.0,27.0,164.0,68.0,35.0,152.0,0.5083612040133779,295.0,4.0,69.0,27.0,163.0,67.0,34.0,152.0,0.5083612040133779,295.0,4.0,69.0,27.0,163.0,67.0,34.0,,,,
full,small,arc,validation,299,old_scoring,False,previously_exposed_development,accuracy_only,word_lambda0.01_actions4,True,$DATA_DIR/P2_10_20260911T122423Z/results/small/arc/dev_predictions_word.npz,,"[0, 8, 290, 1]",0.0,0.0,0.0,0.0,153.0,0.5117056856187291,293.0,6.0,68.0,25.0,162.0,69.0,34.0,153.0,0.5117056856187291,294.0,5.0,68.0,25.0,161.0,68.0,33.0,153.0,0.5117056856187291,294.0,5.0,68.0,25.0,161.0,68.0,33.0,,,,
full,small,arc,validation,299,old_scoring,False,previously_exposed_development,accuracy_only,word_lambda0.03_actions4,False,$DATA_DIR/P2_10_20260911T122423Z/results/small/arc/dev_predictions_word.npz,,"[1, 5, 293, 0]",0.0,0.0,0.0,0.0,154.0,0.5150501672240803,293.0,6.0,68.0,24.0,161.0,69.0,34.0,154.0,0.5150501672240803,294.0,5.0,68.0,24.0,160.0,68.0,33.0,154.0,0.5150501672240803,294.0,5.0,68.0,24.0,160.0,68.0,33.0,,,,
full,small,arc,validation,299,old_scoring,False,previously_exposed_development,accuracy_only,word_lambda0.1_actions4,False,$DATA_DIR/P2_10_20260911T122423Z/results/small/arc/dev_predictions_word.npz,,"[4, 0, 295, 0]",0.0,0.0,0.0,0.0,154.0,0.5150501672240803,293.0,6.0,68.0,24.0,159.0,67.0,34.0,154.0,0.5150501672240803,294.0,5.0,68.0,24.0,158.0,66.0,33.0,154.0,0.5150501672240803,294.0,5.0,68.0,24.0,158.0,66.0,33.0,,,,
full,small,arc,validation,299,old_scoring,False,previously_exposed_development,accuracy_only,word_lambda0.3_actions4,False,$DATA_DIR/P2_10_20260911T122423Z/results/small/arc/dev_predictions_word.npz,,"[12, 0, 285, 2]",0.0,0.0,0.0,0.0,153.0,0.5117056856187291,293.0,6.0,65.0,22.0,153.0,66.0,34.0,153.0,0.5117056856187291,294.0,5.0,65.0,22.0,152.0,65.0,33.0,153.0,0.5117056856187291,294.0,5.0,65.0,22.0,152.0,65.0,33.0,,,,
full,small,arc,validation,299,old_scoring,False,previously_exposed_development,accuracy_only,word_lambda1_actions4,False,$DATA_DIR/P2_10_20260911T122423Z/results/small/arc/dev_predictions_word.npz,,"[118, 0, 100, 81]",0.0,0.0,0.0,0.0,128.0,0.4280936454849498,268.0,31.0,26.0,8.0,62.0,28.0,17.0,128.0,0.4280936454849498,268.0,31.0,26.0,8.0,62.0,28.0,17.0,128.0,0.4280936454849498,268.0,31.0,26.0,8.0,62.0,28.0,17.0,,,,
full,small,arc,validation,299,old_scoring,False,previously_exposed_development,accuracy_only,word_lambda3_actions4,False,$DATA_DIR/P2_10_20260911T122423Z/results/small/arc/dev_predictions_word.npz,,"[160, 0, 11, 128]",0.0,0.0,0.0,0.0,117.0,0.391304347826087,259.0,40.0,9.0,2.0,21.0,10.0,10.0,117.0,0.391304347826087,259.0,40.0,9.0,2.0,21.0,10.0,10.0,117.0,0.391304347826087,259.0,40.0,9.0,2.0,21.0,10.0,10.0,,,,
full,small,arc,validation,299,old_scoring,False,previously_exposed_development,accuracy_only,semantic_lambda0_actions3,False,$DATA_DIR/P2_10_20260911T122423Z/results/small/arc/dev_predictions_semantic.npz,,"[0, 17, 282, 0]",0.0,0.0,0.0,0.0,151.0,0.5050167224080268,292.0,7.0,69.0,28.0,164.0,67.0,33.0,151.0,0.5050167224080268,293.0,6.0,69.0,28.0,163.0,66.0,32.0,151.0,0.5050167224080268,293.0,6.0,69.0,28.0,163.0,66.0,32.0,,,,
full,small,arc,validation,299,old_scoring,False,previously_exposed_development,accuracy_only,semantic_lambda0.01_actions3,False,$DATA_DIR/P2_10_20260911T122423Z/results/small/arc/dev_predictions_semantic.npz,,"[0, 11, 288, 0]",0.0,0.0,0.0,0.0,152.0,0.5083612040133779,292.0,7.0,69.0,27.0,163.0,67.0,33.0,152.0,0.5083612040133779,293.0,6.0,69.0,27.0,162.0,66.0,32.0,152.0,0.5083612040133779,293.0,6.0,69.0,27.0,162.0,66.0,32.0,,,,
full,small,arc,validation,299,old_scoring,False,previously_exposed_development,accuracy_only,semantic_lambda0.03_actions3,False,$DATA_DIR/P2_10_20260911T122423Z/results/small/arc/dev_predictions_semantic.npz,,"[0, 4, 295, 0]",0.0,0.0,0.0,0.0,155.0,0.5183946488294314,293.0,6.0,71.0,26.0,163.0,66.0,34.0,155.0,0.5183946488294314,294.0,5.0,71.0,26.0,162.0,65.0,33.0,155.0,0.5183946488294314,294.0,5.0,71.0,26.0,162.0,65.0,33.0,,,,
full,small,arc,validation,299,old_scoring,False,previously_exposed_development,accuracy_only,semantic_lambda0.1_actions3,False,$DATA_DIR/P2_10_20260911T122423Z/results/small/arc/dev_predictions_semantic.npz,,"[2, 0, 297, 0]",0.0,0.0,0.0,0.0,155.0,0.5183946488294314,293.0,6.0,69.0,24.0,161.0,68.0,34.0,155.0,0.5183946488294314,294.0,5.0,69.0,24.0,160.0,67.0,33.0,155.0,0.5183946488294314,294.0,5.0,69.0,24.0,160.0,67.0,33.0,,,,
full,small,arc,validation,299,old_scoring,False,previously_exposed_development,accuracy_only,semantic_lambda0.3_actions3,False,$DATA_DIR/P2_10_20260911T122423Z/results/small/arc/dev_predictions_semantic.npz,,"[8, 0, 291, 0]",0.0,0.0,0.0,0.0,155.0,0.5183946488294314,293.0,6.0,69.0,24.0,161.0,68.0,34.0,155.0,0.5183946488294314,294.0,5.0,69.0,24.0,160.0,67.0,33.0,155.0,0.5183946488294314,294.0,5.0,69.0,24.0,160.0,67.0,33.0,,,,
full,small,arc,validation,299,old_scoring,False,previously_exposed_development,accuracy_only,semantic_lambda1_actions3,False,$DATA_DIR/P2_10_20260911T122423Z/results/small/arc/dev_predictions_semantic.npz,,"[190, 0, 109, 0]",0.0,0.0,0.0,0.0,127.0,0.42474916387959866,272.0,27.0,25.0,8.0,57.0,24.0,9.0,127.0,0.42474916387959866,273.0,26.0,25.0,8.0,56.0,23.0,8.0,127.0,0.42474916387959866,273.0,26.0,25.0,8.0,56.0,23.0,8.0,,,,
full,small,arc,validation,299,old_scoring,False,previously_exposed_development,accuracy_only,semantic_lambda3_actions3,False,$DATA_DIR/P2_10_20260911T122423Z/results/small/arc/dev_predictions_semantic.npz,,"[289, 0, 10, 0]",0.0,0.0,0.0,0.0,114.0,0.38127090301003347,267.0,32.0,4.0,0.0,4.0,0.0,0.0,114.0,0.38127090301003347,267.0,32.0,4.0,0.0,4.0,0.0,0.0,114.0,0.38127090301003347,267.0,32.0,4.0,0.0,4.0,0.0,0.0,,,,
full,small,arc,validation,299,old_scoring,False,previously_exposed_development,accuracy_only,semantic_lambda0_actions4,False,$DATA_DIR/P2_10_20260911T122423Z/results/small/arc/dev_predictions_semantic.npz,,"[0, 17, 282, 0]",0.0,0.0,0.0,0.0,151.0,0.5050167224080268,292.0,7.0,69.0,28.0,164.0,67.0,33.0,151.0,0.5050167224080268,293.0,6.0,69.0,28.0,163.0,66.0,32.0,151.0,0.5050167224080268,293.0,6.0,69.0,28.0,163.0,66.0,32.0,,,,
full,small,arc,validation,299,old_scoring,False,previously_exposed_development,accuracy_only,semantic_lambda0.01_actions4,False,$DATA_DIR/P2_10_20260911T122423Z/results/small/arc/dev_predictions_semantic.npz,,"[0, 11, 288, 0]",0.0,0.0,0.0,0.0,152.0,0.5083612040133779,292.0,7.0,69.0,27.0,163.0,67.0,33.0,152.0,0.5083612040133779,293.0,6.0,69.0,27.0,162.0,66.0,32.0,152.0,0.5083612040133779,293.0,6.0,69.0,27.0,162.0,66.0,32.0,,,,
full,small,arc,validation,299,old_scoring,False,previously_exposed_development,accuracy_only,semantic_lambda0.03_actions4,False,$DATA_DIR/P2_10_20260911T122423Z/results/small/arc/dev_predictions_semantic.npz,,"[0, 4, 294, 1]",0.0,0.0,0.0,0.0,155.0,0.5183946488294314,293.0,6.0,71.0,26.0,163.0,66.0,34.0,155.0,0.5183946488294314,294.0,5.0,71.0,26.0,162.0,65.0,33.0,155.0,0.5183946488294314,294.0,5.0,71.0,26.0,162.0,65.0,33.0,,,,
full,small,arc,validation,299,old_scoring,False,previously_exposed_development,accuracy_only,semantic_lambda0.1_actions4,False,$DATA_DIR/P2_10_20260911T122423Z/results/small/arc/dev_predictions_semantic.npz,,"[2, 0, 296, 1]",0.0,0.0,0.0,0.0,155.0,0.5183946488294314,293.0,6.0,69.0,24.0,161.0,68.0,34.0,155.0,0.5183946488294314,294.0,5.0,69.0,24.0,160.0,67.0,33.0,155.0,0.5183946488294314,294.0,5.0,69.0,24.0,160.0,67.0,33.0,,,,
full,small,arc,validation,299,old_scoring,False,previously_exposed_development,accuracy_only,semantic_lambda0.3_actions4,False,$DATA_DIR/P2_10_20260911T122423Z/results/small/arc/dev_predictions_semantic.npz,,"[8, 0, 289, 2]",0.0,0.0,0.0,0.0,154.0,0.5150501672240803,293.0,6.0,68.0,24.0,160.0,68.0,34.0,154.0,0.5150501672240803,294.0,5.0,68.0,24.0,159.0,67.0,33.0,154.0,0.5150501672240803,294.0,5.0,68.0,24.0,159.0,67.0,33.0,,,,
full,small,arc,validation,299,old_scoring,False,previously_exposed_development,accuracy_only,semantic_lambda1_actions4,False,$DATA_DIR/P2_10_20260911T122423Z/results/small/arc/dev_predictions_semantic.npz,,"[146, 0, 82, 71]",0.0,0.0,0.0,0.0,122.0,0.4080267558528428,263.0,36.0,21.0,9.0,57.0,27.0,16.0,122.0,0.4080267558528428,264.0,35.0,21.0,9.0,56.0,26.0,15.0,122.0,0.4080267558528428,264.0,35.0,21.0,9.0,56.0,26.0,15.0,,,,
full,small,arc,validation,299,old_scoring,False,previously_exposed_development,accuracy_only,semantic_lambda3_actions4,False,$DATA_DIR/P2_10_20260911T122423Z/results/small/arc/dev_predictions_semantic.npz,,"[179, 0, 3, 117]",0.0,0.0,0.0,0.0,111.0,0.3712374581939799,256.0,43.0,5.0,4.0,20.0,11.0,15.0,111.0,0.3712374581939799,256.0,43.0,5.0,4.0,20.0,11.0,15.0,111.0,0.3712374581939799,256.0,43.0,5.0,4.0,20.0,11.0,15.0,,,,
full,small,arc,validation,299,old_scoring,False,previously_exposed_development,accuracy_only,train_frozen_mixture,False,$DATA_DIR/P2_10_20260911T122423Z/results/small/arc/train_mixture_receipt.json,"[0.0, 0.0, 1.0, 0.0]",,0.0,0.0,0.0,0.0,155.0,0.5183946488294314,293.0,6.0,69.0,24.0,161.0,68.0,34.0,155.0,0.5183946488294314,294.0,5.0,69.0,24.0,160.0,67.0,33.0,155.0,0.5183946488294314,294.0,5.0,69.0,24.0,160.0,67.0,33.0,,,,
panel,small,arc,validation,128,old_scoring,False,previously_exposed_development,original_P2_10_same_job,R,False,fixed_action,,"[128, 0, 0, 0]",0.0,0.0,0.0,0.0,48.0,0.375,111.0,17.0,0.0,0.0,0.0,0.0,0.0,48.0,0.375,111.0,17.0,0.0,0.0,0.0,0.0,0.0,48.0,0.375,111.0,17.0,0.0,0.0,0.0,0.0,0.0,340.99512340625,314.95068200000003,501.3856034,0.0
panel,small,arc,validation,128,old_scoring,False,previously_exposed_development,original_P2_10_same_job,T,False,fixed_action,,"[0, 128, 0, 0]",0.0,0.0,0.0,0.0,51.0,0.3984375,120.0,8.0,18.0,15.0,63.0,30.0,19.0,51.0,0.3984375,120.0,8.0,18.0,15.0,63.0,30.0,19.0,51.0,0.3984375,120.0,8.0,18.0,15.0,63.0,30.0,19.0,1204.8778762031252,997.7487335000001,2565.690798099997,0.0
panel,small,arc,validation,128,old_scoring,False,previously_exposed_development,original_P2_10_same_job,C,False,fixed_action,,"[0, 0, 128, 0]",0.0,0.0,0.0,0.0,62.0,0.484375,123.0,5.0,27.0,13.0,70.0,30.0,18.0,62.0,0.484375,123.0,5.0,27.0,13.0,70.0,30.0,18.0,62.0,0.484375,123.0,5.0,27.0,13.0,70.0,30.0,18.0,440.064044171875,360.3104505,732.5367853,0.0
panel,small,arc,validation,128,old_scoring,False,previously_exposed_development,original_P2_10_same_job,A,False,fixed_action,,"[0, 0, 0, 128]",0.0,0.0,0.0,0.0,49.0,0.3828125,103.0,25.0,4.0,3.0,15.0,8.0,12.0,49.0,0.3828125,103.0,25.0,4.0,3.0,15.0,8.0,12.0,49.0,0.3828125,103.0,25.0,4.0,3.0,15.0,8.0,12.0,348.11612971093746,333.14802,521.31108845,0.0
panel,small,arc,validation,128,old_scoring,False,previously_exposed_development,original_P2_10_same_job,word_lambda0_actions3,False,$DATA_DIR/P2_10_20260911T122423Z/results/small/arc/dev_predictions_word.npz,,"[0, 10, 118, 0]",0.0,0.0,0.0,0.0,61.0,0.4765625,124.0,4.0,28.0,15.0,72.0,29.0,19.0,61.0,0.4765625,124.0,4.0,28.0,15.0,72.0,29.0,19.0,61.0,0.4765625,124.0,4.0,28.0,15.0,72.0,29.0,19.0,509.7568739609376,421.318737,998.7293296999998,1.2580624921874999
panel,small,arc,validation,128,old_scoring,False,previously_exposed_development,original_P2_10_same_job,word_lambda0.01_actions3,False,$DATA_DIR/P2_10_20260911T122423Z/results/small/arc/dev_predictions_word.npz,,"[0, 3, 125, 0]",0.0,0.0,0.0,0.0,61.0,0.4765625,123.0,5.0,27.0,14.0,71.0,30.0,18.0,61.0,0.4765625,123.0,5.0,27.0,14.0,71.0,30.0,18.0,61.0,0.4765625,123.0,5.0,27.0,14.0,71.0,30.0,18.0,457.57753223437504,391.0144065,789.3306458999997,1.2580624921874999
panel,small,arc,validation,128,old_scoring,False,previously_exposed_development,original_P2_10_same_job,word_lambda0.03_actions3,False,$DATA_DIR/P2_10_20260911T122423Z/results/small/arc/dev_predictions_word.npz,,"[0, 1, 127, 0]",0.0,0.0,0.0,0.0,62.0,0.484375,123.0,5.0,27.0,13.0,70.0,30.0,18.0,62.0,0.484375,123.0,5.0,27.0,13.0,70.0,30.0,18.0,62.0,0.484375,123.0,5.0,27.0,13.0,70.0,30.0,18.0,445.6948168828125,375.69312750000006,754.7699570499997,1.2580624921874999
panel,small,arc,validation,128,old_scoring,False,previously_exposed_development,original_P2_10_same_job,word_lambda0.1_actions3,False,$DATA_DIR/P2_10_20260911T122423Z/results/small/arc/dev_predictions_word.npz,,"[1, 0, 127, 0]",0.0,0.0,0.0,0.0,62.0,0.484375,123.0,5.0,27.0,13.0,70.0,30.0,18.0,62.0,0.484375,123.0,5.0,27.0,13.0,70.0,30.0,18.0,62.0,0.484375,123.0,5.0,27.0,13.0,70.0,30.0,18.0,441.6774621171875,369.2841085,733.7819751,1.2580624921874999
panel,small,arc,validation,128,old_scoring,False,previously_exposed_development,original_P2_10_same_job,word_lambda0.3_actions3,False,$DATA_DIR/P2_10_20260911T122423Z/results/small/arc/dev_predictions_word.npz,,"[4, 0, 124, 0]",0.0,0.0,0.0,0.0,63.0,0.4921875,123.0,5.0,27.0,12.0,69.0,30.0,18.0,63.0,0.4921875,123.0,5.0,27.0,12.0,69.0,30.0,18.0,63.0,0.4921875,123.0,5.0,27.0,12.0,69.0,30.0,18.0,440.5921985625,369.2841085,733.7819751,1.2580624921874999
panel,small,arc,validation,128,old_scoring,False,previously_exposed_development,original_P2_10_same_job,word_lambda1_actions3,False,$DATA_DIR/P2_10_20260911T122423Z/results/small/arc/dev_predictions_word.npz,,"[75, 0, 53, 0]",0.0,0.0,0.0,0.0,56.0,0.4375,115.0,13.0,12.0,4.0,30.0,14.0,6.0,56.0,0.4375,115.0,13.0,12.0,4.0,30.0,14.0,6.0,56.0,0.4375,115.0,13.0,12.0,4.0,30.0,14.0,6.0,374.0140633046875,332.324485,610.6042616,1.2580624921874999
panel,small,arc,validation,128,old_scoring,False,previously_exposed_development,original_P2_10_same_job,word_lambda3_actions3,False,$DATA_DIR/P2_10_20260911T122423Z/results/small/arc/dev_predictions_word.npz,,"[124, 0, 4, 0]",0.0,0.0,0.0,0.0,50.0,0.390625,111.0,17.0,2.0,0.0,2.0,0.0,0.0,50.0,0.390625,111.0,17.0,2.0,0.0,2.0,0.0,0.0,50.0,0.390625,111.0,17.0,2.0,0.0,2.0,0.0,0.0,340.78566795312497,316.26105400000006,502.7306504,1.2580624921874999
panel,small,arc,validation,128,old_scoring,False,previously_exposed_development,original_P2_10_same_job,word_lambda0_actions4,False,$DATA_DIR/P2_10_20260911T122423Z/results/small/arc/dev_predictions_word.npz,,"[0, 10, 118, 0]",0.0,0.0,0.0,0.0,61.0,0.4765625,124.0,4.0,28.0,15.0,72.0,29.0,19.0,61.0,0.4765625,124.0,4.0,28.0,15.0,72.0,29.0,19.0,61.0,0.4765625,124.0,4.0,28.0,15.0,72.0,29.0,19.0,509.5240396875,421.099733,998.4948448499997,1.02522821875
panel,small,arc,validation,128,old_scoring,False,previously_exposed_development,original_P2_10_same_job,word_lambda0.01_actions4,True,$DATA_DIR/P2_10_20260911T122423Z/results/small/arc/dev_predictions_word.npz,,"[0, 3, 125, 0]",0.0,0.0,0.0,0.0,61.0,0.4765625,123.0,5.0,27.0,14.0,71.0,30.0,18.0,61.0,0.4765625,123.0,5.0,27.0,14.0,71.0,30.0,18.0,61.0,0.4765625,123.0,5.0,27.0,14.0,71.0,30.0,18.0,457.34469796093754,390.442281,789.0201801499998,1.02522821875
panel,small,arc,validation,128,old_scoring,False,previously_exposed_development,original_P2_10_same_job,word_lambda0.03_actions4,False,$DATA_DIR/P2_10_20260911T122423Z/results/small/arc/dev_predictions_word.npz,,"[0, 1, 127, 0]",0.0,0.0,0.0,0.0,62.0,0.484375,123.0,5.0,27.0,13.0,70.0,30.0,18.0,62.0,0.484375,123.0,5.0,27.0,13.0,70.0,30.0,18.0,62.0,0.484375,123.0,5.0,27.0,13.0,70.0,30.0,18.0,445.461982609375,375.4791735,754.5711239999997,1.02522821875
panel,small,arc,validation,128,old_scoring,False,previously_exposed_development,original_P2_10_same_job,word_lambda0.1_actions4,False,$DATA_DIR/P2_10_20260911T122423Z/results/small/arc/dev_predictions_word.npz,,"[1, 0, 127, 0]",0.0,0.0,0.0,0.0,62.0,0.484375,123.0,5.0,27.0,13.0,70.0,30.0,18.0,62.0,0.484375,123.0,5.0,27.0,13.0,70.0,30.0,18.0,62.0,0.484375,123.0,5.0,27.0,13.0,70.0,30.0,18.0,441.44462784375,369.058222,733.5971666,1.02522821875
panel,small,arc,validation,128,old_scoring,False,previously_exposed_development,original_P2_10_same_job,word_lambda0.3_actions4,False,$DATA_DIR/P2_10_20260911T122423Z/results/small/arc/dev_predictions_word.npz,,"[3, 0, 124, 1]",0.0,0.0,0.0,0.0,63.0,0.4921875,123.0,5.0,27.0,12.0,69.0,30.0,18.0,63.0,0.4921875,123.0,5.0,27.0,12.0,69.0,30.0,18.0,63.0,0.4921875,123.0,5.0,27.0,12.0,69.0,30.0,18.0,440.4977968671875,369.058222,733.5971666,1.02522821875
panel,small,arc,validation,128,old_scoring,False,previously_exposed_development,original_P2_10_same_job,word_lambda1_actions4,False,$DATA_DIR/P2_10_20260911T122423Z/results/small/arc/dev_predictions_word.npz,,"[44, 0, 42, 42]",0.0,0.0,0.0,0.0,54.0,0.421875,112.0,16.0,10.0,4.0,27.0,13.0,7.0,54.0,0.421875,112.0,16.0,10.0,4.0,27.0,13.0,7.0,54.0,0.421875,112.0,16.0,10.0,4.0,27.0,13.0,7.0,366.6348565468751,333.1470335,610.3901139999999,1.02522821875
panel,small,arc,validation,128,old_scoring,False,previously_exposed_development,original_P2_10_same_job,word_lambda3_actions4,False,$DATA_DIR/P2_10_20260911T122423Z/results/small/arc/dev_predictions_word.npz,,"[59, 0, 4, 65]",0.0,0.0,0.0,0.0,53.0,0.4140625,109.0,19.0,5.0,0.0,9.0,4.0,4.0,53.0,0.4140625,109.0,19.0,5.0,0.0,9.0,4.0,4.0,53.0,0.4140625,109.0,19.0,5.0,0.0,9.0,4.0,4.0,348.736256984375,333.54513899999995,521.2508097,1.02522821875
panel,small,arc,validation,128,old_scoring,False,previously_exposed_development,original_P2_10_same_job,semantic_lambda0_actions3,False,$DATA_DIR/P2_10_20260911T122423Z/results/small/arc/dev_predictions_semantic.npz,,"[0, 5, 123, 0]",0.0,0.0,0.0,0.0,61.0,0.4765625,122.0,6.0,27.0,14.0,70.0,29.0,17.0,61.0,0.4765625,122.0,6.0,27.0,14.0,70.0,29.0,17.0,61.0,0.4765625,122.0,6.0,27.0,14.0,70.0,29.0,17.0,523.3991293984375,419.86581750000005,864.0814699499996,28.7505122734375
panel,small,arc,validation,128,old_scoring,False,previously_exposed_development,original_P2_10_same_job,semantic_lambda0.01_actions3,False,$DATA_DIR/P2_10_20260911T122423Z/results/small/arc/dev_predictions_semantic.npz,,"[0, 3, 125, 0]",0.0,0.0,0.0,0.0,61.0,0.4765625,122.0,6.0,27.0,14.0,70.0,29.0,17.0,61.0,0.4765625,122.0,6.0,27.0,14.0,70.0,29.0,17.0,61.0,0.4765625,122.0,6.0,27.0,14.0,70.0,29.0,17.0,478.52353442187496,417.46184600000004,794.5014471999999,28.7505122734375
panel,small,arc,validation,128,old_scoring,False,previously_exposed_development,original_P2_10_same_job,semantic_lambda0.03_actions3,False,$DATA_DIR/P2_10_20260911T122423Z/results/small/arc/dev_predictions_semantic.npz,,"[0, 1, 127, 0]",0.0,0.0,0.0,0.0,61.0,0.4765625,123.0,5.0,27.0,14.0,71.0,30.0,18.0,61.0,0.4765625,123.0,5.0,27.0,14.0,71.0,30.0,18.0,61.0,0.4765625,123.0,5.0,27.0,14.0,71.0,30.0,18.0,472.50096621875,403.19628950000003,782.2314391999997,28.7505122734375
panel,small,arc,validation,128,old_scoring,False,previously_exposed_development,original_P2_10_same_job,semantic_lambda0.1_actions3,False,$DATA_DIR/P2_10_20260911T122423Z/results/small/arc/dev_predictions_semantic.npz,,"[0, 0, 128, 0]",0.0,0.0,0.0,0.0,62.0,0.484375,123.0,5.0,27.0,13.0,70.0,30.0,18.0,62.0,0.484375,123.0,5.0,27.0,13.0,70.0,30.0,18.0,62.0,0.484375,123.0,5.0,27.0,13.0,70.0,30.0,18.0,468.8145564453125,389.073047,761.3196789,28.7505122734375
panel,small,arc,validation,128,old_scoring,False,previously_exposed_development,original_P2_10_same_job,semantic_lambda0.3_actions3,False,$DATA_DIR/P2_10_20260911T122423Z/results/small/arc/dev_predictions_semantic.npz,,"[5, 0, 123, 0]",0.0,0.0,0.0,0.0,62.0,0.484375,123.0,5.0,27.0,13.0,70.0,30.0,18.0,62.0,0.484375,123.0,5.0,27.0,13.0,70.0,30.0,18.0,62.0,0.484375,123.0,5.0,27.0,13.0,70.0,30.0,18.0,466.2579456328125,387.674711,761.3196789,28.7505122734375
panel,small,arc,validation,128,old_scoring,False,previously_exposed_development,original_P2_10_same_job,semantic_lambda1_actions3,False,$DATA_DIR/P2_10_20260911T122423Z/results/small/arc/dev_predictions_semantic.npz,,"[82, 0, 46, 0]",0.0,0.0,0.0,0.0,52.0,0.40625,111.0,17.0,9.0,5.0,26.0,12.0,2.0,52.0,0.40625,111.0,17.0,9.0,5.0,26.0,12.0,2.0,52.0,0.40625,111.0,17.0,9.0,5.0,26.0,12.0,2.0,392.81711574999997,358.7718165,616.5938526499998,28.7505122734375
panel,small,arc,validation,128,old_scoring,False,previously_exposed_development,original_P2_10_same_job,semantic_lambda3_actions3,False,$DATA_DIR/P2_10_20260911T122423Z/results/small/arc/dev_predictions_semantic.npz,,"[127, 0, 1, 0]",0.0,0.0,0.0,0.0,48.0,0.375,111.0,17.0,0.0,0.0,0.0,0.0,0.0,48.0,0.375,111.0,17.0,0.0,0.0,0.0,0.0,0.0,48.0,0.375,111.0,17.0,0.0,0.0,0.0,0.0,0.0,368.6769457890625,343.7040415,529.892398,28.7505122734375
panel,small,arc,validation,128,old_scoring,False,previously_exposed_development,original_P2_10_same_job,semantic_lambda0_actions4,False,$DATA_DIR/P2_10_20260911T122423Z/results/small/arc/dev_predictions_semantic.npz,,"[0, 5, 123, 0]",0.0,0.0,0.0,0.0,61.0,0.4765625,122.0,6.0,27.0,14.0,70.0,29.0,17.0,61.0,0.4765625,122.0,6.0,27.0,14.0,70.0,29.0,17.0,61.0,0.4765625,122.0,6.0,27.0,14.0,70.0,29.0,17.0,522.8210677499999,418.97253600000005,863.5869134999996,28.172450625000003
panel,small,arc,validation,128,old_scoring,False,previously_exposed_development,original_P2_10_same_job,semantic_lambda0.01_actions4,False,$DATA_DIR/P2_10_20260911T122423Z/results/small/arc/dev_predictions_semantic.npz,,"[0, 3, 125, 0]",0.0,0.0,0.0,0.0,61.0,0.4765625,122.0,6.0,27.0,14.0,70.0,29.0,17.0,61.0,0.4765625,122.0,6.0,27.0,14.0,70.0,29.0,17.0,61.0,0.4765625,122.0,6.0,27.0,14.0,70.0,29.0,17.0,477.9454727734375,416.485407,793.1776921999999,28.172450625000003
panel,small,arc,validation,128,old_scoring,False,previously_exposed_development,original_P2_10_same_job,semantic_lambda0.03_actions4,False,$DATA_DIR/P2_10_20260911T122423Z/results/small/arc/dev_predictions_semantic.npz,,"[0, 1, 126, 1]",0.0,0.0,0.0,0.0,61.0,0.4765625,123.0,5.0,27.0,14.0,71.0,30.0,18.0,61.0,0.4765625,123.0,5.0,27.0,14.0,71.0,30.0,18.0,61.0,0.4765625,123.0,5.0,27.0,14.0,71.0,30.0,18.0,472.18192354687505,403.623309,781.7154483999997,28.172450625000003
panel,small,arc,validation,128,old_scoring,False,previously_exposed_development,original_P2_10_same_job,semantic_lambda0.1_actions4,False,$DATA_DIR/P2_10_20260911T122423Z/results/small/arc/dev_predictions_semantic.npz,,"[0, 0, 127, 1]",0.0,0.0,0.0,0.0,62.0,0.484375,123.0,5.0,27.0,13.0,70.0,30.0,18.0,62.0,0.484375,123.0,5.0,27.0,13.0,70.0,30.0,18.0,62.0,0.484375,123.0,5.0,27.0,13.0,70.0,30.0,18.0,468.49551377343755,390.02285600000005,760.90201235,28.172450625000003
panel,small,arc,validation,128,old_scoring,False,previously_exposed_development,original_P2_10_same_job,semantic_lambda0.3_actions4,False,$DATA_DIR/P2_10_20260911T122423Z/results/small/arc/dev_predictions_semantic.npz,,"[5, 0, 122, 1]",0.0,0.0,0.0,0.0,61.0,0.4765625,123.0,5.0,26.0,13.0,69.0,30.0,18.0,61.0,0.4765625,123.0,5.0,26.0,13.0,69.0,30.0,18.0,61.0,0.4765625,123.0,5.0,26.0,13.0,69.0,30.0,18.0,464.97930809375,373.804074,760.90201235,28.172450625000003
panel,small,arc,validation,128,old_scoring,False,previously_exposed_development,original_P2_10_same_job,semantic_lambda1_actions4,False,$DATA_DIR/P2_10_20260911T122423Z/results/small/arc/dev_predictions_semantic.npz,,"[62, 0, 37, 29]",0.0,0.0,0.0,0.0,52.0,0.40625,110.0,18.0,10.0,6.0,28.0,12.0,5.0,52.0,0.40625,110.0,18.0,10.0,6.0,28.0,12.0,5.0,52.0,0.40625,110.0,18.0,10.0,6.0,28.0,12.0,5.0,389.9662952421875,358.664488,624.2601918499997,28.172450625000003
panel,small,arc,validation,128,old_scoring,False,previously_exposed_development,original_P2_10_same_job,semantic_lambda3_actions4,False,$DATA_DIR/P2_10_20260911T122423Z/results/small/arc/dev_predictions_semantic.npz,,"[81, 0, 1, 46]",0.0,0.0,0.0,0.0,49.0,0.3828125,108.0,20.0,3.0,2.0,9.0,4.0,7.0,49.0,0.3828125,108.0,20.0,3.0,2.0,9.0,4.0,7.0,49.0,0.3828125,108.0,20.0,3.0,2.0,9.0,4.0,7.0,365.9370508828125,359.9956585,530.1542548,28.172450625000003
panel,small,arc,validation,128,old_scoring,False,previously_exposed_development,original_P2_10_same_job,train_frozen_mixture,False,$DATA_DIR/P2_10_20260911T122423Z/results/small/arc/train_mixture_receipt.json,"[0.0, 0.0, 1.0, 0.0]",,0.0,0.0,0.0,0.0,62.0,0.484375,123.0,5.0,27.0,13.0,70.0,30.0,18.0,62.0,0.484375,123.0,5.0,27.0,13.0,70.0,30.0,18.0,62.0,0.484375,123.0,5.0,27.0,13.0,70.0,30.0,18.0,440.064044171875,360.3104505,732.5367853,0.0
